-- 0320_regulated_nuprc_upstream_oil_seed.sql
-- NUPRC Licensed Upstream Oil & Gas Operators (PPL, PML, PEL license holders)
-- Source: https://www.nuprc.gov.ng/licenses/ (PDF filename list, 2026-04-22)
-- Retrieved: 2026-04-22
-- Total: 37 named operators seeded (32 PPL, 4 PML, 1 PEL)
-- Additional: 79 license-number-only entries exist on NUPRC page but have no company names (not seeded)
-- Regulator: Nigerian Upstream Petroleum Regulatory Commission (NUPRC)

INSERT OR IGNORE INTO seed_runs (id, source_id, run_label, run_state, started_at, completed_at, total_input_rows, total_inserted_rows, total_rejected_rows, notes) VALUES
  ('seed_run_s07_nuprc_oil_20260422', 'seed_source_nuprc_licenses_20260422', 'S07 NUPRC Upstream Oil Operators 2026-04-22', 'completed', unixepoch(), unixepoch(), 116, 37, 79, 'NUPRC upstream oil operators: 37 named (32 PPL, 4 PML, 1 PEL). Extracted from PDF filenames on nuprc.gov.ng/licenses/. 79 license-number-only entries without company names (not seeded).');

INSERT OR IGNORE INTO seed_sources (id, source_label, source_type, owner_organisation, access_method, canonical_url, publication_date, retrieval_date, freshness_status, license_notes, row_count, notes) VALUES
  ('seed_source_nuprc_licenses_20260422', 'NUPRC Petroleum Licence Register', 'official_register', 'Nigerian Upstream Petroleum Regulatory Commission (NUPRC)', 'html_link_scrape', 'https://www.nuprc.gov.ng/licenses/', '2026-04-22', '2026-04-22', 'current', 'Public NUPRC website.', 116, 'Company names extracted from PDF document filenames on the NUPRC licenses page. PPL/PML/PEL license types. Some entries are license-number-only (e.g. PPL-NO.-265) and lack company names.');

INSERT OR IGNORE INTO seed_raw_artifacts (id, seed_run_id, source_id, artifact_type, file_path, content_hash, row_count, schema_json, extraction_script, status) VALUES
  ('seed_artifact_s07_nuprc_oil_raw_20260422', 'seed_run_s07_nuprc_oil_20260422', 'seed_source_nuprc_licenses_20260422', 'raw', 'infra/db/seed/sources/s07_nuprc_oil_operators_raw_20260422.json', 'be3ad4ac90d1f70f29f5b3d53f00edb9b079f3797f2b49e0b385b46801d4076c', 116, '{"columns":["key","lic_type","lic_num","name","link"]}', 'python3 infra/db/seed/scripts/extract_s07_nuprc.py', 'captured');

INSERT OR IGNORE INTO organizations (id, tenant_id, organization_type, legal_name, display_name, registration_number, status, verification_state, created_at, updated_at) VALUES
  ('org_s07_nuprc_92c948a83968cd9ab0d55505', 'tenant_platform_seed', 'formal_registered', 'TGS Petrodata', 'Tgs Petrodata', NULL, 'active', 'seeded', unixepoch(), unixepoch()),
  ('org_s07_nuprc_de75275b946b198190c71fae', 'tenant_platform_seed', 'formal_registered', 'Ashgrove Ep', 'Ashgrove EP', NULL, 'active', 'seeded', unixepoch(), unixepoch()),
  ('org_s07_nuprc_8b914199b6f5f38aadb12f42', 'tenant_platform_seed', 'formal_registered', 'Nnpc Total', 'Nnpc Total', NULL, 'active', 'seeded', unixepoch(), unixepoch()),
  ('org_s07_nuprc_d5fe12bafcb73278105f4cf0', 'tenant_platform_seed', 'formal_registered', 'NNPC TOTAL contract', 'Nnpc Total Contract', NULL, 'active', 'seeded', unixepoch(), unixepoch()),
  ('org_s07_nuprc_d82da5ea1da5c9c15aeba189', 'tenant_platform_seed', 'formal_registered', 'Nnpc Total', 'Nnpc Total', NULL, 'active', 'seeded', unixepoch(), unixepoch()),
  ('org_s07_nuprc_af6e728ab631612b96f279ee', 'tenant_platform_seed', 'formal_registered', 'suntrust oil company nig ld', 'Suntrust Oil Company NIG Ld', NULL, 'active', 'seeded', unixepoch(), unixepoch()),
  ('org_s07_nuprc_b6b41eaf4dd0ddf227833eeb', 'tenant_platform_seed', 'formal_registered', '7 waves petroleum', '7 Waves Petroleum', NULL, 'active', 'seeded', unixepoch(), unixepoch()),
  ('org_s07_nuprc_3d92aee83bce67cfe47a2f87', 'tenant_platform_seed', 'formal_registered', 'Terra energy resources', 'Terra Energy Resources', NULL, 'active', 'seeded', unixepoch(), unixepoch()),
  ('org_s07_nuprc_5c6822e47bc8948ae601ab54', 'tenant_platform_seed', 'formal_registered', 'Energia Limited', 'Energia Limited', NULL, 'active', 'seeded', unixepoch(), unixepoch()),
  ('org_s07_nuprc_46ae88a383d98a421f02e4fc', 'tenant_platform_seed', 'formal_registered', 'Matrix Energy', 'Matrix Energy', NULL, 'active', 'seeded', unixepoch(), unixepoch()),
  ('org_s07_nuprc_348dddfb44460e427c38a590', 'tenant_platform_seed', 'formal_registered', 'Kalm Marine', 'Kalm Marine', NULL, 'active', 'seeded', unixepoch(), unixepoch()),
  ('org_s07_nuprc_201f9eb514d8d4b5efb99eb5', 'tenant_platform_seed', 'formal_registered', 'Seistech Energy Ltd', 'Seistech Energy LTD', NULL, 'active', 'seeded', unixepoch(), unixepoch()),
  ('org_s07_nuprc_555ae588debd3cf4acda676b', 'tenant_platform_seed', 'formal_registered', 'Max Upstream Ltd', 'Max Upstream LTD', NULL, 'active', 'seeded', unixepoch(), unixepoch()),
  ('org_s07_nuprc_b7f964a56e4a5a2a4cb5c3cd', 'tenant_platform_seed', 'formal_registered', 'Bridgesite Nigeria Limited', 'Bridgesite Nigeria Limited', NULL, 'active', 'seeded', unixepoch(), unixepoch()),
  ('org_s07_nuprc_04b62ccd75bde22c7dbd1b4d', 'tenant_platform_seed', 'formal_registered', 'Nuway Oaklane Limited', 'Nuway Oaklane Limited', NULL, 'active', 'seeded', unixepoch(), unixepoch()),
  ('org_s07_nuprc_19787f01de1c4218e75a9f80', 'tenant_platform_seed', 'formal_registered', 'Transnational Energy Limited', 'Transnational Energy Limited', NULL, 'active', 'seeded', unixepoch(), unixepoch()),
  ('org_s07_nuprc_da2cf6db7f1acdbad01e2cbb', 'tenant_platform_seed', 'formal_registered', 'Shepherdhill', 'Shepherdhill', NULL, 'active', 'seeded', unixepoch(), unixepoch()),
  ('org_s07_nuprc_92ab1a12706222667cfad634', 'tenant_platform_seed', 'formal_registered', 'PPL NO. 223 Upd', 'Ppl No. 223 Upd', NULL, 'active', 'seeded', unixepoch(), unixepoch()),
  ('org_s07_nuprc_9201f1380897264ad645151b', 'tenant_platform_seed', 'formal_registered', 'PPL NO. 226 Upd', 'Ppl No. 226 Upd', NULL, 'active', 'seeded', unixepoch(), unixepoch()),
  ('org_s07_nuprc_3e634abfc369d1db56ec0acd', 'tenant_platform_seed', 'formal_registered', 'Sigmund Oil', 'Sigmund Oil', NULL, 'active', 'seeded', unixepoch(), unixepoch()),
  ('org_s07_nuprc_5024291f3126ded2084d1f4b', 'tenant_platform_seed', 'formal_registered', 'PPL NO. 230 Upd', 'Ppl No. 230 Upd', NULL, 'active', 'seeded', unixepoch(), unixepoch()),
  ('org_s07_nuprc_6171ed8d98dc60a1b4c2165c', 'tenant_platform_seed', 'formal_registered', 'Harara Energy', 'Harara Energy', NULL, 'active', 'seeded', unixepoch(), unixepoch()),
  ('org_s07_nuprc_79943b3f5c48b53f4a3bc9e6', 'tenant_platform_seed', 'formal_registered', 'Dutchess energy limited', 'Dutchess Energy Limited', NULL, 'active', 'seeded', unixepoch(), unixepoch()),
  ('org_s07_nuprc_d5fb9d4a0f500624ac228398', 'tenant_platform_seed', 'formal_registered', 'Mmb Petroleum Chemical', 'Mmb Petroleum Chemical', NULL, 'active', 'seeded', unixepoch(), unixepoch()),
  ('org_s07_nuprc_3c376901e98ae5eac88a5239', 'tenant_platform_seed', 'formal_registered', 'Transit oil', 'Transit Oil', NULL, 'active', 'seeded', unixepoch(), unixepoch()),
  ('org_s07_nuprc_31f23c646d2ab9fe24abf073', 'tenant_platform_seed', 'formal_registered', 'Torxen Energy Resources', 'Torxen Energy Resources', NULL, 'active', 'seeded', unixepoch(), unixepoch()),
  ('org_s07_nuprc_70231ccd72e260d013f67ec3', 'tenant_platform_seed', 'formal_registered', 'Accord Petroleum', 'Accord Petroleum', NULL, 'active', 'seeded', unixepoch(), unixepoch()),
  ('org_s07_nuprc_e8f26992317d10c14268924f', 'tenant_platform_seed', 'formal_registered', 'Tulcan Ep', 'Tulcan EP', NULL, 'active', 'seeded', unixepoch(), unixepoch()),
  ('org_s07_nuprc_298725ba3ca067dab91f23ec', 'tenant_platform_seed', 'formal_registered', 'A.A Rano', 'A.a Rano', NULL, 'active', 'seeded', unixepoch(), unixepoch()),
  ('org_s07_nuprc_2efe834a70d344577d69e711', 'tenant_platform_seed', 'formal_registered', 'Faceato petroleum', 'Faceato Petroleum', NULL, 'active', 'seeded', unixepoch(), unixepoch()),
  ('org_s07_nuprc_877147147a45c06c471909e7', 'tenant_platform_seed', 'formal_registered', 'Pioneer Global Resource', 'Pioneer Global Resource', NULL, 'active', 'seeded', unixepoch(), unixepoch()),
  ('org_s07_nuprc_e29708bac4a8dab73fa57caf', 'tenant_platform_seed', 'formal_registered', 'Wadata Group Limited', 'Wadata Group Limited', NULL, 'active', 'seeded', unixepoch(), unixepoch()),
  ('org_s07_nuprc_6ab7567017c3c804093b228f', 'tenant_platform_seed', 'formal_registered', 'Mmb Petroleum And Chemical Comp', 'Mmb Petroleum And Chemical Comp', NULL, 'active', 'seeded', unixepoch(), unixepoch()),
  ('org_s07_nuprc_f2c419434eb1499159fc2b97', 'tenant_platform_seed', 'formal_registered', 'Casiva Limited', 'Casiva Limited', NULL, 'active', 'seeded', unixepoch(), unixepoch()),
  ('org_s07_nuprc_f50b1747a90c91676586c418', 'tenant_platform_seed', 'formal_registered', 'Petraco Oil Contract', 'Petraco Oil Contract', NULL, 'active', 'seeded', unixepoch(), unixepoch()),
  ('org_s07_nuprc_46453080f871a1e91a712e6f', 'tenant_platform_seed', 'formal_registered', 'Bluefin Energy Limited', 'Bluefin Energy Limited', NULL, 'active', 'seeded', unixepoch(), unixepoch()),
  ('org_s07_nuprc_4e00a56c70fa4d0b46d4df54', 'tenant_platform_seed', 'formal_registered', 'Nnpc', 'Nnpc', NULL, 'active', 'seeded', unixepoch(), unixepoch());

INSERT OR IGNORE INTO profiles (id, tenant_id, workspace_id, subject_type, subject_id, vertical_slug, primary_place_id, display_name, claim_state, visibility, created_at, updated_at) VALUES
  ('prof_s07_nuprc_92c948a83968cd9ab0d55505', 'tenant_platform_seed', 'workspace_platform_seed_discovery', 'organization', 'org_s07_nuprc_92c948a83968cd9ab0d55505', 'oil-gas-upstream', 'place_nigeria_001', 'Tgs Petrodata', 'seeded', 'public', unixepoch(), unixepoch()),
  ('prof_s07_nuprc_de75275b946b198190c71fae', 'tenant_platform_seed', 'workspace_platform_seed_discovery', 'organization', 'org_s07_nuprc_de75275b946b198190c71fae', 'oil-gas-upstream', 'place_nigeria_001', 'Ashgrove EP', 'seeded', 'public', unixepoch(), unixepoch()),
  ('prof_s07_nuprc_8b914199b6f5f38aadb12f42', 'tenant_platform_seed', 'workspace_platform_seed_discovery', 'organization', 'org_s07_nuprc_8b914199b6f5f38aadb12f42', 'oil-gas-upstream', 'place_nigeria_001', 'Nnpc Total', 'seeded', 'public', unixepoch(), unixepoch()),
  ('prof_s07_nuprc_d5fe12bafcb73278105f4cf0', 'tenant_platform_seed', 'workspace_platform_seed_discovery', 'organization', 'org_s07_nuprc_d5fe12bafcb73278105f4cf0', 'oil-gas-upstream', 'place_nigeria_001', 'Nnpc Total Contract', 'seeded', 'public', unixepoch(), unixepoch()),
  ('prof_s07_nuprc_d82da5ea1da5c9c15aeba189', 'tenant_platform_seed', 'workspace_platform_seed_discovery', 'organization', 'org_s07_nuprc_d82da5ea1da5c9c15aeba189', 'oil-gas-upstream', 'place_nigeria_001', 'Nnpc Total', 'seeded', 'public', unixepoch(), unixepoch()),
  ('prof_s07_nuprc_af6e728ab631612b96f279ee', 'tenant_platform_seed', 'workspace_platform_seed_discovery', 'organization', 'org_s07_nuprc_af6e728ab631612b96f279ee', 'oil-gas-upstream', 'place_nigeria_001', 'Suntrust Oil Company NIG Ld', 'seeded', 'public', unixepoch(), unixepoch()),
  ('prof_s07_nuprc_b6b41eaf4dd0ddf227833eeb', 'tenant_platform_seed', 'workspace_platform_seed_discovery', 'organization', 'org_s07_nuprc_b6b41eaf4dd0ddf227833eeb', 'oil-gas-upstream', 'place_nigeria_001', '7 Waves Petroleum', 'seeded', 'public', unixepoch(), unixepoch()),
  ('prof_s07_nuprc_3d92aee83bce67cfe47a2f87', 'tenant_platform_seed', 'workspace_platform_seed_discovery', 'organization', 'org_s07_nuprc_3d92aee83bce67cfe47a2f87', 'oil-gas-upstream', 'place_nigeria_001', 'Terra Energy Resources', 'seeded', 'public', unixepoch(), unixepoch()),
  ('prof_s07_nuprc_5c6822e47bc8948ae601ab54', 'tenant_platform_seed', 'workspace_platform_seed_discovery', 'organization', 'org_s07_nuprc_5c6822e47bc8948ae601ab54', 'oil-gas-upstream', 'place_nigeria_001', 'Energia Limited', 'seeded', 'public', unixepoch(), unixepoch()),
  ('prof_s07_nuprc_46ae88a383d98a421f02e4fc', 'tenant_platform_seed', 'workspace_platform_seed_discovery', 'organization', 'org_s07_nuprc_46ae88a383d98a421f02e4fc', 'oil-gas-upstream', 'place_nigeria_001', 'Matrix Energy', 'seeded', 'public', unixepoch(), unixepoch()),
  ('prof_s07_nuprc_348dddfb44460e427c38a590', 'tenant_platform_seed', 'workspace_platform_seed_discovery', 'organization', 'org_s07_nuprc_348dddfb44460e427c38a590', 'oil-gas-upstream', 'place_nigeria_001', 'Kalm Marine', 'seeded', 'public', unixepoch(), unixepoch()),
  ('prof_s07_nuprc_201f9eb514d8d4b5efb99eb5', 'tenant_platform_seed', 'workspace_platform_seed_discovery', 'organization', 'org_s07_nuprc_201f9eb514d8d4b5efb99eb5', 'oil-gas-upstream', 'place_nigeria_001', 'Seistech Energy LTD', 'seeded', 'public', unixepoch(), unixepoch()),
  ('prof_s07_nuprc_555ae588debd3cf4acda676b', 'tenant_platform_seed', 'workspace_platform_seed_discovery', 'organization', 'org_s07_nuprc_555ae588debd3cf4acda676b', 'oil-gas-upstream', 'place_nigeria_001', 'Max Upstream LTD', 'seeded', 'public', unixepoch(), unixepoch()),
  ('prof_s07_nuprc_b7f964a56e4a5a2a4cb5c3cd', 'tenant_platform_seed', 'workspace_platform_seed_discovery', 'organization', 'org_s07_nuprc_b7f964a56e4a5a2a4cb5c3cd', 'oil-gas-upstream', 'place_nigeria_001', 'Bridgesite Nigeria Limited', 'seeded', 'public', unixepoch(), unixepoch()),
  ('prof_s07_nuprc_04b62ccd75bde22c7dbd1b4d', 'tenant_platform_seed', 'workspace_platform_seed_discovery', 'organization', 'org_s07_nuprc_04b62ccd75bde22c7dbd1b4d', 'oil-gas-upstream', 'place_nigeria_001', 'Nuway Oaklane Limited', 'seeded', 'public', unixepoch(), unixepoch()),
  ('prof_s07_nuprc_19787f01de1c4218e75a9f80', 'tenant_platform_seed', 'workspace_platform_seed_discovery', 'organization', 'org_s07_nuprc_19787f01de1c4218e75a9f80', 'oil-gas-upstream', 'place_nigeria_001', 'Transnational Energy Limited', 'seeded', 'public', unixepoch(), unixepoch()),
  ('prof_s07_nuprc_da2cf6db7f1acdbad01e2cbb', 'tenant_platform_seed', 'workspace_platform_seed_discovery', 'organization', 'org_s07_nuprc_da2cf6db7f1acdbad01e2cbb', 'oil-gas-upstream', 'place_nigeria_001', 'Shepherdhill', 'seeded', 'public', unixepoch(), unixepoch()),
  ('prof_s07_nuprc_92ab1a12706222667cfad634', 'tenant_platform_seed', 'workspace_platform_seed_discovery', 'organization', 'org_s07_nuprc_92ab1a12706222667cfad634', 'oil-gas-upstream', 'place_nigeria_001', 'Ppl No. 223 Upd', 'seeded', 'public', unixepoch(), unixepoch()),
  ('prof_s07_nuprc_9201f1380897264ad645151b', 'tenant_platform_seed', 'workspace_platform_seed_discovery', 'organization', 'org_s07_nuprc_9201f1380897264ad645151b', 'oil-gas-upstream', 'place_nigeria_001', 'Ppl No. 226 Upd', 'seeded', 'public', unixepoch(), unixepoch()),
  ('prof_s07_nuprc_3e634abfc369d1db56ec0acd', 'tenant_platform_seed', 'workspace_platform_seed_discovery', 'organization', 'org_s07_nuprc_3e634abfc369d1db56ec0acd', 'oil-gas-upstream', 'place_nigeria_001', 'Sigmund Oil', 'seeded', 'public', unixepoch(), unixepoch()),
  ('prof_s07_nuprc_5024291f3126ded2084d1f4b', 'tenant_platform_seed', 'workspace_platform_seed_discovery', 'organization', 'org_s07_nuprc_5024291f3126ded2084d1f4b', 'oil-gas-upstream', 'place_nigeria_001', 'Ppl No. 230 Upd', 'seeded', 'public', unixepoch(), unixepoch()),
  ('prof_s07_nuprc_6171ed8d98dc60a1b4c2165c', 'tenant_platform_seed', 'workspace_platform_seed_discovery', 'organization', 'org_s07_nuprc_6171ed8d98dc60a1b4c2165c', 'oil-gas-upstream', 'place_nigeria_001', 'Harara Energy', 'seeded', 'public', unixepoch(), unixepoch()),
  ('prof_s07_nuprc_79943b3f5c48b53f4a3bc9e6', 'tenant_platform_seed', 'workspace_platform_seed_discovery', 'organization', 'org_s07_nuprc_79943b3f5c48b53f4a3bc9e6', 'oil-gas-upstream', 'place_nigeria_001', 'Dutchess Energy Limited', 'seeded', 'public', unixepoch(), unixepoch()),
  ('prof_s07_nuprc_d5fb9d4a0f500624ac228398', 'tenant_platform_seed', 'workspace_platform_seed_discovery', 'organization', 'org_s07_nuprc_d5fb9d4a0f500624ac228398', 'oil-gas-upstream', 'place_nigeria_001', 'Mmb Petroleum Chemical', 'seeded', 'public', unixepoch(), unixepoch()),
  ('prof_s07_nuprc_3c376901e98ae5eac88a5239', 'tenant_platform_seed', 'workspace_platform_seed_discovery', 'organization', 'org_s07_nuprc_3c376901e98ae5eac88a5239', 'oil-gas-upstream', 'place_nigeria_001', 'Transit Oil', 'seeded', 'public', unixepoch(), unixepoch()),
  ('prof_s07_nuprc_31f23c646d2ab9fe24abf073', 'tenant_platform_seed', 'workspace_platform_seed_discovery', 'organization', 'org_s07_nuprc_31f23c646d2ab9fe24abf073', 'oil-gas-upstream', 'place_nigeria_001', 'Torxen Energy Resources', 'seeded', 'public', unixepoch(), unixepoch()),
  ('prof_s07_nuprc_70231ccd72e260d013f67ec3', 'tenant_platform_seed', 'workspace_platform_seed_discovery', 'organization', 'org_s07_nuprc_70231ccd72e260d013f67ec3', 'oil-gas-upstream', 'place_nigeria_001', 'Accord Petroleum', 'seeded', 'public', unixepoch(), unixepoch()),
  ('prof_s07_nuprc_e8f26992317d10c14268924f', 'tenant_platform_seed', 'workspace_platform_seed_discovery', 'organization', 'org_s07_nuprc_e8f26992317d10c14268924f', 'oil-gas-upstream', 'place_nigeria_001', 'Tulcan EP', 'seeded', 'public', unixepoch(), unixepoch()),
  ('prof_s07_nuprc_298725ba3ca067dab91f23ec', 'tenant_platform_seed', 'workspace_platform_seed_discovery', 'organization', 'org_s07_nuprc_298725ba3ca067dab91f23ec', 'oil-gas-upstream', 'place_nigeria_001', 'A.a Rano', 'seeded', 'public', unixepoch(), unixepoch()),
  ('prof_s07_nuprc_2efe834a70d344577d69e711', 'tenant_platform_seed', 'workspace_platform_seed_discovery', 'organization', 'org_s07_nuprc_2efe834a70d344577d69e711', 'oil-gas-upstream', 'place_nigeria_001', 'Faceato Petroleum', 'seeded', 'public', unixepoch(), unixepoch()),
  ('prof_s07_nuprc_877147147a45c06c471909e7', 'tenant_platform_seed', 'workspace_platform_seed_discovery', 'organization', 'org_s07_nuprc_877147147a45c06c471909e7', 'oil-gas-upstream', 'place_nigeria_001', 'Pioneer Global Resource', 'seeded', 'public', unixepoch(), unixepoch()),
  ('prof_s07_nuprc_e29708bac4a8dab73fa57caf', 'tenant_platform_seed', 'workspace_platform_seed_discovery', 'organization', 'org_s07_nuprc_e29708bac4a8dab73fa57caf', 'oil-gas-upstream', 'place_nigeria_001', 'Wadata Group Limited', 'seeded', 'public', unixepoch(), unixepoch()),
  ('prof_s07_nuprc_6ab7567017c3c804093b228f', 'tenant_platform_seed', 'workspace_platform_seed_discovery', 'organization', 'org_s07_nuprc_6ab7567017c3c804093b228f', 'oil-gas-upstream', 'place_nigeria_001', 'Mmb Petroleum And Chemical Comp', 'seeded', 'public', unixepoch(), unixepoch()),
  ('prof_s07_nuprc_f2c419434eb1499159fc2b97', 'tenant_platform_seed', 'workspace_platform_seed_discovery', 'organization', 'org_s07_nuprc_f2c419434eb1499159fc2b97', 'oil-gas-upstream', 'place_nigeria_001', 'Casiva Limited', 'seeded', 'public', unixepoch(), unixepoch()),
  ('prof_s07_nuprc_f50b1747a90c91676586c418', 'tenant_platform_seed', 'workspace_platform_seed_discovery', 'organization', 'org_s07_nuprc_f50b1747a90c91676586c418', 'oil-gas-upstream', 'place_nigeria_001', 'Petraco Oil Contract', 'seeded', 'public', unixepoch(), unixepoch()),
  ('prof_s07_nuprc_46453080f871a1e91a712e6f', 'tenant_platform_seed', 'workspace_platform_seed_discovery', 'organization', 'org_s07_nuprc_46453080f871a1e91a712e6f', 'oil-gas-upstream', 'place_nigeria_001', 'Bluefin Energy Limited', 'seeded', 'public', unixepoch(), unixepoch()),
  ('prof_s07_nuprc_4e00a56c70fa4d0b46d4df54', 'tenant_platform_seed', 'workspace_platform_seed_discovery', 'organization', 'org_s07_nuprc_4e00a56c70fa4d0b46d4df54', 'oil-gas-upstream', 'place_nigeria_001', 'Nnpc', 'seeded', 'public', unixepoch(), unixepoch());

INSERT OR IGNORE INTO search_entries (id, entity_type, entity_id, profile_id, tenant_id, display_name, keywords, primary_place_id, ancestry_path, created_at, updated_at) VALUES
  ('srch_s07_nuprc_92c948a83968cd9ab0d55505', 'organization', 'org_s07_nuprc_92c948a83968cd9ab0d55505', 'prof_s07_nuprc_92c948a83968cd9ab0d55505', 'tenant_platform_seed', 'Tgs Petrodata', '1 gas nigeria nuprc oil pel petrodata petroleum tgs petrodata upstream', 'place_nigeria_001', 'place_zone_none/place_nigeria_001', unixepoch(), unixepoch()),
  ('srch_s07_nuprc_de75275b946b198190c71fae', 'organization', 'org_s07_nuprc_de75275b946b198190c71fae', 'prof_s07_nuprc_de75275b946b198190c71fae', 'tenant_platform_seed', 'Ashgrove EP', '1 ashgrove ashgrove ep gas nigeria nuprc oil petroleum pml upstream', 'place_nigeria_001', 'place_zone_none/place_nigeria_001', unixepoch(), unixepoch()),
  ('srch_s07_nuprc_8b914199b6f5f38aadb12f42', 'organization', 'org_s07_nuprc_8b914199b6f5f38aadb12f42', 'prof_s07_nuprc_8b914199b6f5f38aadb12f42', 'tenant_platform_seed', 'Nnpc Total', '2 gas nigeria nnpc nnpc total nuprc oil petroleum pml total upstream', 'place_nigeria_001', 'place_zone_none/place_nigeria_001', unixepoch(), unixepoch()),
  ('srch_s07_nuprc_d5fe12bafcb73278105f4cf0', 'organization', 'org_s07_nuprc_d5fe12bafcb73278105f4cf0', 'prof_s07_nuprc_d5fe12bafcb73278105f4cf0', 'tenant_platform_seed', 'Nnpc Total Contract', '3 contract gas nigeria nnpc nnpc total contract nuprc oil petroleum pml total upstream', 'place_nigeria_001', 'place_zone_none/place_nigeria_001', unixepoch(), unixepoch()),
  ('srch_s07_nuprc_d82da5ea1da5c9c15aeba189', 'organization', 'org_s07_nuprc_d82da5ea1da5c9c15aeba189', 'prof_s07_nuprc_d82da5ea1da5c9c15aeba189', 'tenant_platform_seed', 'Nnpc Total', '4 gas nigeria nnpc nnpc total nuprc oil petroleum pml total upstream', 'place_nigeria_001', 'place_zone_none/place_nigeria_001', unixepoch(), unixepoch()),
  ('srch_s07_nuprc_af6e728ab631612b96f279ee', 'organization', 'org_s07_nuprc_af6e728ab631612b96f279ee', 'prof_s07_nuprc_af6e728ab631612b96f279ee', 'tenant_platform_seed', 'Suntrust Oil Company NIG Ld', '202 company gas nigeria nuprc oil petroleum ppl suntrust suntrust oil company nig ld upstream', 'place_nigeria_001', 'place_zone_none/place_nigeria_001', unixepoch(), unixepoch()),
  ('srch_s07_nuprc_b6b41eaf4dd0ddf227833eeb', 'organization', 'org_s07_nuprc_b6b41eaf4dd0ddf227833eeb', 'prof_s07_nuprc_b6b41eaf4dd0ddf227833eeb', 'tenant_platform_seed', '7 Waves Petroleum', '205 7 waves petroleum gas nigeria nuprc oil petroleum ppl upstream waves', 'place_nigeria_001', 'place_zone_none/place_nigeria_001', unixepoch(), unixepoch()),
  ('srch_s07_nuprc_3d92aee83bce67cfe47a2f87', 'organization', 'org_s07_nuprc_3d92aee83bce67cfe47a2f87', 'prof_s07_nuprc_3d92aee83bce67cfe47a2f87', 'tenant_platform_seed', 'Terra Energy Resources', '206 energy gas nigeria nuprc oil petroleum ppl resources terra terra energy resources upstream', 'place_nigeria_001', 'place_zone_none/place_nigeria_001', unixepoch(), unixepoch()),
  ('srch_s07_nuprc_5c6822e47bc8948ae601ab54', 'organization', 'org_s07_nuprc_5c6822e47bc8948ae601ab54', 'prof_s07_nuprc_5c6822e47bc8948ae601ab54', 'tenant_platform_seed', 'Energia Limited', '210 energia energia limited gas limited nigeria nuprc oil petroleum ppl upstream', 'place_nigeria_001', 'place_zone_none/place_nigeria_001', unixepoch(), unixepoch()),
  ('srch_s07_nuprc_46ae88a383d98a421f02e4fc', 'organization', 'org_s07_nuprc_46ae88a383d98a421f02e4fc', 'prof_s07_nuprc_46ae88a383d98a421f02e4fc', 'tenant_platform_seed', 'Matrix Energy', '211 energy gas matrix matrix energy nigeria nuprc oil petroleum ppl upstream', 'place_nigeria_001', 'place_zone_none/place_nigeria_001', unixepoch(), unixepoch()),
  ('srch_s07_nuprc_348dddfb44460e427c38a590', 'organization', 'org_s07_nuprc_348dddfb44460e427c38a590', 'prof_s07_nuprc_348dddfb44460e427c38a590', 'tenant_platform_seed', 'Kalm Marine', '213 gas kalm kalm marine marine nigeria nuprc oil petroleum ppl upstream', 'place_nigeria_001', 'place_zone_none/place_nigeria_001', unixepoch(), unixepoch()),
  ('srch_s07_nuprc_201f9eb514d8d4b5efb99eb5', 'organization', 'org_s07_nuprc_201f9eb514d8d4b5efb99eb5', 'prof_s07_nuprc_201f9eb514d8d4b5efb99eb5', 'tenant_platform_seed', 'Seistech Energy LTD', '214 energy gas nigeria nuprc oil petroleum ppl seistech seistech energy ltd upstream', 'place_nigeria_001', 'place_zone_none/place_nigeria_001', unixepoch(), unixepoch()),
  ('srch_s07_nuprc_555ae588debd3cf4acda676b', 'organization', 'org_s07_nuprc_555ae588debd3cf4acda676b', 'prof_s07_nuprc_555ae588debd3cf4acda676b', 'tenant_platform_seed', 'Max Upstream LTD', '215 gas max upstream ltd nigeria nuprc oil petroleum ppl upstream', 'place_nigeria_001', 'place_zone_none/place_nigeria_001', unixepoch(), unixepoch()),
  ('srch_s07_nuprc_b7f964a56e4a5a2a4cb5c3cd', 'organization', 'org_s07_nuprc_b7f964a56e4a5a2a4cb5c3cd', 'prof_s07_nuprc_b7f964a56e4a5a2a4cb5c3cd', 'tenant_platform_seed', 'Bridgesite Nigeria Limited', '216 bridgesite bridgesite nigeria limited gas limited nigeria nuprc oil petroleum ppl upstream', 'place_nigeria_001', 'place_zone_none/place_nigeria_001', unixepoch(), unixepoch()),
  ('srch_s07_nuprc_04b62ccd75bde22c7dbd1b4d', 'organization', 'org_s07_nuprc_04b62ccd75bde22c7dbd1b4d', 'prof_s07_nuprc_04b62ccd75bde22c7dbd1b4d', 'tenant_platform_seed', 'Nuway Oaklane Limited', '219 gas limited nigeria nuprc nuway nuway oaklane limited oaklane oil petroleum ppl upstream', 'place_nigeria_001', 'place_zone_none/place_nigeria_001', unixepoch(), unixepoch()),
  ('srch_s07_nuprc_19787f01de1c4218e75a9f80', 'organization', 'org_s07_nuprc_19787f01de1c4218e75a9f80', 'prof_s07_nuprc_19787f01de1c4218e75a9f80', 'tenant_platform_seed', 'Transnational Energy Limited', '221 energy gas limited nigeria nuprc oil petroleum ppl transnational transnational energy limited upstream', 'place_nigeria_001', 'place_zone_none/place_nigeria_001', unixepoch(), unixepoch()),
  ('srch_s07_nuprc_da2cf6db7f1acdbad01e2cbb', 'organization', 'org_s07_nuprc_da2cf6db7f1acdbad01e2cbb', 'prof_s07_nuprc_da2cf6db7f1acdbad01e2cbb', 'tenant_platform_seed', 'Shepherdhill', '222 gas nigeria nuprc oil petroleum ppl shepherdhill upstream', 'place_nigeria_001', 'place_zone_none/place_nigeria_001', unixepoch(), unixepoch()),
  ('srch_s07_nuprc_92ab1a12706222667cfad634', 'organization', 'org_s07_nuprc_92ab1a12706222667cfad634', 'prof_s07_nuprc_92ab1a12706222667cfad634', 'tenant_platform_seed', 'Ppl No. 223 Upd', '223 gas nigeria nuprc oil petroleum ppl ppl no. 223 upd upstream', 'place_nigeria_001', 'place_zone_none/place_nigeria_001', unixepoch(), unixepoch()),
  ('srch_s07_nuprc_9201f1380897264ad645151b', 'organization', 'org_s07_nuprc_9201f1380897264ad645151b', 'prof_s07_nuprc_9201f1380897264ad645151b', 'tenant_platform_seed', 'Ppl No. 226 Upd', '226 gas nigeria nuprc oil petroleum ppl ppl no. 226 upd upstream', 'place_nigeria_001', 'place_zone_none/place_nigeria_001', unixepoch(), unixepoch()),
  ('srch_s07_nuprc_3e634abfc369d1db56ec0acd', 'organization', 'org_s07_nuprc_3e634abfc369d1db56ec0acd', 'prof_s07_nuprc_3e634abfc369d1db56ec0acd', 'tenant_platform_seed', 'Sigmund Oil', '228 gas nigeria nuprc oil petroleum ppl sigmund sigmund oil upstream', 'place_nigeria_001', 'place_zone_none/place_nigeria_001', unixepoch(), unixepoch()),
  ('srch_s07_nuprc_5024291f3126ded2084d1f4b', 'organization', 'org_s07_nuprc_5024291f3126ded2084d1f4b', 'prof_s07_nuprc_5024291f3126ded2084d1f4b', 'tenant_platform_seed', 'Ppl No. 230 Upd', '230 gas nigeria nuprc oil petroleum ppl ppl no. 230 upd upstream', 'place_nigeria_001', 'place_zone_none/place_nigeria_001', unixepoch(), unixepoch()),
  ('srch_s07_nuprc_6171ed8d98dc60a1b4c2165c', 'organization', 'org_s07_nuprc_6171ed8d98dc60a1b4c2165c', 'prof_s07_nuprc_6171ed8d98dc60a1b4c2165c', 'tenant_platform_seed', 'Harara Energy', '234 energy gas harara harara energy nigeria nuprc oil petroleum ppl upstream', 'place_nigeria_001', 'place_zone_none/place_nigeria_001', unixepoch(), unixepoch()),
  ('srch_s07_nuprc_79943b3f5c48b53f4a3bc9e6', 'organization', 'org_s07_nuprc_79943b3f5c48b53f4a3bc9e6', 'prof_s07_nuprc_79943b3f5c48b53f4a3bc9e6', 'tenant_platform_seed', 'Dutchess Energy Limited', '237 dutchess dutchess energy limited energy gas limited nigeria nuprc oil petroleum ppl upstream', 'place_nigeria_001', 'place_zone_none/place_nigeria_001', unixepoch(), unixepoch()),
  ('srch_s07_nuprc_d5fb9d4a0f500624ac228398', 'organization', 'org_s07_nuprc_d5fb9d4a0f500624ac228398', 'prof_s07_nuprc_d5fb9d4a0f500624ac228398', 'tenant_platform_seed', 'Mmb Petroleum Chemical', '239 chemical gas mmb petroleum chemical nigeria nuprc oil petroleum ppl upstream', 'place_nigeria_001', 'place_zone_none/place_nigeria_001', unixepoch(), unixepoch()),
  ('srch_s07_nuprc_3c376901e98ae5eac88a5239', 'organization', 'org_s07_nuprc_3c376901e98ae5eac88a5239', 'prof_s07_nuprc_3c376901e98ae5eac88a5239', 'tenant_platform_seed', 'Transit Oil', '240 gas nigeria nuprc oil petroleum ppl transit transit oil upstream', 'place_nigeria_001', 'place_zone_none/place_nigeria_001', unixepoch(), unixepoch()),
  ('srch_s07_nuprc_31f23c646d2ab9fe24abf073', 'organization', 'org_s07_nuprc_31f23c646d2ab9fe24abf073', 'prof_s07_nuprc_31f23c646d2ab9fe24abf073', 'tenant_platform_seed', 'Torxen Energy Resources', '241 energy gas nigeria nuprc oil petroleum ppl resources torxen torxen energy resources upstream', 'place_nigeria_001', 'place_zone_none/place_nigeria_001', unixepoch(), unixepoch()),
  ('srch_s07_nuprc_70231ccd72e260d013f67ec3', 'organization', 'org_s07_nuprc_70231ccd72e260d013f67ec3', 'prof_s07_nuprc_70231ccd72e260d013f67ec3', 'tenant_platform_seed', 'Accord Petroleum', '242 accord accord petroleum gas nigeria nuprc oil petroleum ppl upstream', 'place_nigeria_001', 'place_zone_none/place_nigeria_001', unixepoch(), unixepoch()),
  ('srch_s07_nuprc_e8f26992317d10c14268924f', 'organization', 'org_s07_nuprc_e8f26992317d10c14268924f', 'prof_s07_nuprc_e8f26992317d10c14268924f', 'tenant_platform_seed', 'Tulcan EP', '244 gas nigeria nuprc oil petroleum ppl tulcan tulcan ep upstream', 'place_nigeria_001', 'place_zone_none/place_nigeria_001', unixepoch(), unixepoch()),
  ('srch_s07_nuprc_298725ba3ca067dab91f23ec', 'organization', 'org_s07_nuprc_298725ba3ca067dab91f23ec', 'prof_s07_nuprc_298725ba3ca067dab91f23ec', 'tenant_platform_seed', 'A.a Rano', '245 a.a rano gas nigeria nuprc oil petroleum ppl rano upstream', 'place_nigeria_001', 'place_zone_none/place_nigeria_001', unixepoch(), unixepoch()),
  ('srch_s07_nuprc_2efe834a70d344577d69e711', 'organization', 'org_s07_nuprc_2efe834a70d344577d69e711', 'prof_s07_nuprc_2efe834a70d344577d69e711', 'tenant_platform_seed', 'Faceato Petroleum', '246 faceato faceato petroleum gas nigeria nuprc oil petroleum ppl upstream', 'place_nigeria_001', 'place_zone_none/place_nigeria_001', unixepoch(), unixepoch()),
  ('srch_s07_nuprc_877147147a45c06c471909e7', 'organization', 'org_s07_nuprc_877147147a45c06c471909e7', 'prof_s07_nuprc_877147147a45c06c471909e7', 'tenant_platform_seed', 'Pioneer Global Resource', '249 gas global nigeria nuprc oil petroleum pioneer pioneer global resource ppl resource upstream', 'place_nigeria_001', 'place_zone_none/place_nigeria_001', unixepoch(), unixepoch()),
  ('srch_s07_nuprc_e29708bac4a8dab73fa57caf', 'organization', 'org_s07_nuprc_e29708bac4a8dab73fa57caf', 'prof_s07_nuprc_e29708bac4a8dab73fa57caf', 'tenant_platform_seed', 'Wadata Group Limited', '251 gas group limited nigeria nuprc oil petroleum ppl upstream wadata wadata group limited', 'place_nigeria_001', 'place_zone_none/place_nigeria_001', unixepoch(), unixepoch()),
  ('srch_s07_nuprc_6ab7567017c3c804093b228f', 'organization', 'org_s07_nuprc_6ab7567017c3c804093b228f', 'prof_s07_nuprc_6ab7567017c3c804093b228f', 'tenant_platform_seed', 'Mmb Petroleum And Chemical Comp', '252 chemical comp gas mmb petroleum and chemical comp nigeria nuprc oil petroleum ppl upstream', 'place_nigeria_001', 'place_zone_none/place_nigeria_001', unixepoch(), unixepoch()),
  ('srch_s07_nuprc_f2c419434eb1499159fc2b97', 'organization', 'org_s07_nuprc_f2c419434eb1499159fc2b97', 'prof_s07_nuprc_f2c419434eb1499159fc2b97', 'tenant_platform_seed', 'Casiva Limited', '253 casiva casiva limited gas limited nigeria nuprc oil petroleum ppl upstream', 'place_nigeria_001', 'place_zone_none/place_nigeria_001', unixepoch(), unixepoch()),
  ('srch_s07_nuprc_f50b1747a90c91676586c418', 'organization', 'org_s07_nuprc_f50b1747a90c91676586c418', 'prof_s07_nuprc_f50b1747a90c91676586c418', 'tenant_platform_seed', 'Petraco Oil Contract', '254 contract gas nigeria nuprc oil petraco petraco oil contract petroleum ppl upstream', 'place_nigeria_001', 'place_zone_none/place_nigeria_001', unixepoch(), unixepoch()),
  ('srch_s07_nuprc_46453080f871a1e91a712e6f', 'organization', 'org_s07_nuprc_46453080f871a1e91a712e6f', 'prof_s07_nuprc_46453080f871a1e91a712e6f', 'tenant_platform_seed', 'Bluefin Energy Limited', '255 bluefin bluefin energy limited energy gas limited nigeria nuprc oil petroleum ppl upstream', 'place_nigeria_001', 'place_zone_none/place_nigeria_001', unixepoch(), unixepoch()),
  ('srch_s07_nuprc_4e00a56c70fa4d0b46d4df54', 'organization', 'org_s07_nuprc_4e00a56c70fa4d0b46d4df54', 'prof_s07_nuprc_4e00a56c70fa4d0b46d4df54', 'tenant_platform_seed', 'Nnpc', '261 gas nigeria nnpc nuprc oil petroleum ppl upstream', 'place_nigeria_001', 'place_zone_none/place_nigeria_001', unixepoch(), unixepoch());

INSERT OR IGNORE INTO seed_place_resolutions (id, seed_run_id, source_record_id, entity_type, entity_id, ward_id, lga_id, resolved_place_id, resolution_level, resolution_method, resolution_notes, created_at) VALUES
  ('seed_place_s07_nuprc_92c948a83968cd9ab0d55505', 'seed_run_s07_nuprc_oil_20260422', 'nuprc_pel_1', 'organization', 'org_s07_nuprc_92c948a83968cd9ab0d55505', NULL, NULL, 'place_nigeria_001', 'country', 'country_fallback', 'NUPRC license page does not expose state/LGA; resolved to Nigeria country-level.', unixepoch()),
  ('seed_place_s07_nuprc_de75275b946b198190c71fae', 'seed_run_s07_nuprc_oil_20260422', 'nuprc_pml_1', 'organization', 'org_s07_nuprc_de75275b946b198190c71fae', NULL, NULL, 'place_nigeria_001', 'country', 'country_fallback', 'NUPRC license page does not expose state/LGA; resolved to Nigeria country-level.', unixepoch()),
  ('seed_place_s07_nuprc_8b914199b6f5f38aadb12f42', 'seed_run_s07_nuprc_oil_20260422', 'nuprc_pml_2', 'organization', 'org_s07_nuprc_8b914199b6f5f38aadb12f42', NULL, NULL, 'place_nigeria_001', 'country', 'country_fallback', 'NUPRC license page does not expose state/LGA; resolved to Nigeria country-level.', unixepoch()),
  ('seed_place_s07_nuprc_d5fe12bafcb73278105f4cf0', 'seed_run_s07_nuprc_oil_20260422', 'nuprc_pml_3', 'organization', 'org_s07_nuprc_d5fe12bafcb73278105f4cf0', NULL, NULL, 'place_nigeria_001', 'country', 'country_fallback', 'NUPRC license page does not expose state/LGA; resolved to Nigeria country-level.', unixepoch()),
  ('seed_place_s07_nuprc_d82da5ea1da5c9c15aeba189', 'seed_run_s07_nuprc_oil_20260422', 'nuprc_pml_4', 'organization', 'org_s07_nuprc_d82da5ea1da5c9c15aeba189', NULL, NULL, 'place_nigeria_001', 'country', 'country_fallback', 'NUPRC license page does not expose state/LGA; resolved to Nigeria country-level.', unixepoch()),
  ('seed_place_s07_nuprc_af6e728ab631612b96f279ee', 'seed_run_s07_nuprc_oil_20260422', 'nuprc_ppl_202', 'organization', 'org_s07_nuprc_af6e728ab631612b96f279ee', NULL, NULL, 'place_nigeria_001', 'country', 'country_fallback', 'NUPRC license page does not expose state/LGA; resolved to Nigeria country-level.', unixepoch()),
  ('seed_place_s07_nuprc_b6b41eaf4dd0ddf227833eeb', 'seed_run_s07_nuprc_oil_20260422', 'nuprc_ppl_205', 'organization', 'org_s07_nuprc_b6b41eaf4dd0ddf227833eeb', NULL, NULL, 'place_nigeria_001', 'country', 'country_fallback', 'NUPRC license page does not expose state/LGA; resolved to Nigeria country-level.', unixepoch()),
  ('seed_place_s07_nuprc_3d92aee83bce67cfe47a2f87', 'seed_run_s07_nuprc_oil_20260422', 'nuprc_ppl_206', 'organization', 'org_s07_nuprc_3d92aee83bce67cfe47a2f87', NULL, NULL, 'place_nigeria_001', 'country', 'country_fallback', 'NUPRC license page does not expose state/LGA; resolved to Nigeria country-level.', unixepoch()),
  ('seed_place_s07_nuprc_5c6822e47bc8948ae601ab54', 'seed_run_s07_nuprc_oil_20260422', 'nuprc_ppl_210', 'organization', 'org_s07_nuprc_5c6822e47bc8948ae601ab54', NULL, NULL, 'place_nigeria_001', 'country', 'country_fallback', 'NUPRC license page does not expose state/LGA; resolved to Nigeria country-level.', unixepoch()),
  ('seed_place_s07_nuprc_46ae88a383d98a421f02e4fc', 'seed_run_s07_nuprc_oil_20260422', 'nuprc_ppl_211', 'organization', 'org_s07_nuprc_46ae88a383d98a421f02e4fc', NULL, NULL, 'place_nigeria_001', 'country', 'country_fallback', 'NUPRC license page does not expose state/LGA; resolved to Nigeria country-level.', unixepoch()),
  ('seed_place_s07_nuprc_348dddfb44460e427c38a590', 'seed_run_s07_nuprc_oil_20260422', 'nuprc_ppl_213', 'organization', 'org_s07_nuprc_348dddfb44460e427c38a590', NULL, NULL, 'place_nigeria_001', 'country', 'country_fallback', 'NUPRC license page does not expose state/LGA; resolved to Nigeria country-level.', unixepoch()),
  ('seed_place_s07_nuprc_201f9eb514d8d4b5efb99eb5', 'seed_run_s07_nuprc_oil_20260422', 'nuprc_ppl_214', 'organization', 'org_s07_nuprc_201f9eb514d8d4b5efb99eb5', NULL, NULL, 'place_nigeria_001', 'country', 'country_fallback', 'NUPRC license page does not expose state/LGA; resolved to Nigeria country-level.', unixepoch()),
  ('seed_place_s07_nuprc_555ae588debd3cf4acda676b', 'seed_run_s07_nuprc_oil_20260422', 'nuprc_ppl_215', 'organization', 'org_s07_nuprc_555ae588debd3cf4acda676b', NULL, NULL, 'place_nigeria_001', 'country', 'country_fallback', 'NUPRC license page does not expose state/LGA; resolved to Nigeria country-level.', unixepoch()),
  ('seed_place_s07_nuprc_b7f964a56e4a5a2a4cb5c3cd', 'seed_run_s07_nuprc_oil_20260422', 'nuprc_ppl_216', 'organization', 'org_s07_nuprc_b7f964a56e4a5a2a4cb5c3cd', NULL, NULL, 'place_nigeria_001', 'country', 'country_fallback', 'NUPRC license page does not expose state/LGA; resolved to Nigeria country-level.', unixepoch()),
  ('seed_place_s07_nuprc_04b62ccd75bde22c7dbd1b4d', 'seed_run_s07_nuprc_oil_20260422', 'nuprc_ppl_219', 'organization', 'org_s07_nuprc_04b62ccd75bde22c7dbd1b4d', NULL, NULL, 'place_nigeria_001', 'country', 'country_fallback', 'NUPRC license page does not expose state/LGA; resolved to Nigeria country-level.', unixepoch()),
  ('seed_place_s07_nuprc_19787f01de1c4218e75a9f80', 'seed_run_s07_nuprc_oil_20260422', 'nuprc_ppl_221', 'organization', 'org_s07_nuprc_19787f01de1c4218e75a9f80', NULL, NULL, 'place_nigeria_001', 'country', 'country_fallback', 'NUPRC license page does not expose state/LGA; resolved to Nigeria country-level.', unixepoch()),
  ('seed_place_s07_nuprc_da2cf6db7f1acdbad01e2cbb', 'seed_run_s07_nuprc_oil_20260422', 'nuprc_ppl_222', 'organization', 'org_s07_nuprc_da2cf6db7f1acdbad01e2cbb', NULL, NULL, 'place_nigeria_001', 'country', 'country_fallback', 'NUPRC license page does not expose state/LGA; resolved to Nigeria country-level.', unixepoch()),
  ('seed_place_s07_nuprc_92ab1a12706222667cfad634', 'seed_run_s07_nuprc_oil_20260422', 'nuprc_ppl_223', 'organization', 'org_s07_nuprc_92ab1a12706222667cfad634', NULL, NULL, 'place_nigeria_001', 'country', 'country_fallback', 'NUPRC license page does not expose state/LGA; resolved to Nigeria country-level.', unixepoch()),
  ('seed_place_s07_nuprc_9201f1380897264ad645151b', 'seed_run_s07_nuprc_oil_20260422', 'nuprc_ppl_226', 'organization', 'org_s07_nuprc_9201f1380897264ad645151b', NULL, NULL, 'place_nigeria_001', 'country', 'country_fallback', 'NUPRC license page does not expose state/LGA; resolved to Nigeria country-level.', unixepoch()),
  ('seed_place_s07_nuprc_3e634abfc369d1db56ec0acd', 'seed_run_s07_nuprc_oil_20260422', 'nuprc_ppl_228', 'organization', 'org_s07_nuprc_3e634abfc369d1db56ec0acd', NULL, NULL, 'place_nigeria_001', 'country', 'country_fallback', 'NUPRC license page does not expose state/LGA; resolved to Nigeria country-level.', unixepoch()),
  ('seed_place_s07_nuprc_5024291f3126ded2084d1f4b', 'seed_run_s07_nuprc_oil_20260422', 'nuprc_ppl_230', 'organization', 'org_s07_nuprc_5024291f3126ded2084d1f4b', NULL, NULL, 'place_nigeria_001', 'country', 'country_fallback', 'NUPRC license page does not expose state/LGA; resolved to Nigeria country-level.', unixepoch()),
  ('seed_place_s07_nuprc_6171ed8d98dc60a1b4c2165c', 'seed_run_s07_nuprc_oil_20260422', 'nuprc_ppl_234', 'organization', 'org_s07_nuprc_6171ed8d98dc60a1b4c2165c', NULL, NULL, 'place_nigeria_001', 'country', 'country_fallback', 'NUPRC license page does not expose state/LGA; resolved to Nigeria country-level.', unixepoch()),
  ('seed_place_s07_nuprc_79943b3f5c48b53f4a3bc9e6', 'seed_run_s07_nuprc_oil_20260422', 'nuprc_ppl_237', 'organization', 'org_s07_nuprc_79943b3f5c48b53f4a3bc9e6', NULL, NULL, 'place_nigeria_001', 'country', 'country_fallback', 'NUPRC license page does not expose state/LGA; resolved to Nigeria country-level.', unixepoch()),
  ('seed_place_s07_nuprc_d5fb9d4a0f500624ac228398', 'seed_run_s07_nuprc_oil_20260422', 'nuprc_ppl_239', 'organization', 'org_s07_nuprc_d5fb9d4a0f500624ac228398', NULL, NULL, 'place_nigeria_001', 'country', 'country_fallback', 'NUPRC license page does not expose state/LGA; resolved to Nigeria country-level.', unixepoch()),
  ('seed_place_s07_nuprc_3c376901e98ae5eac88a5239', 'seed_run_s07_nuprc_oil_20260422', 'nuprc_ppl_240', 'organization', 'org_s07_nuprc_3c376901e98ae5eac88a5239', NULL, NULL, 'place_nigeria_001', 'country', 'country_fallback', 'NUPRC license page does not expose state/LGA; resolved to Nigeria country-level.', unixepoch()),
  ('seed_place_s07_nuprc_31f23c646d2ab9fe24abf073', 'seed_run_s07_nuprc_oil_20260422', 'nuprc_ppl_241', 'organization', 'org_s07_nuprc_31f23c646d2ab9fe24abf073', NULL, NULL, 'place_nigeria_001', 'country', 'country_fallback', 'NUPRC license page does not expose state/LGA; resolved to Nigeria country-level.', unixepoch()),
  ('seed_place_s07_nuprc_70231ccd72e260d013f67ec3', 'seed_run_s07_nuprc_oil_20260422', 'nuprc_ppl_242', 'organization', 'org_s07_nuprc_70231ccd72e260d013f67ec3', NULL, NULL, 'place_nigeria_001', 'country', 'country_fallback', 'NUPRC license page does not expose state/LGA; resolved to Nigeria country-level.', unixepoch()),
  ('seed_place_s07_nuprc_e8f26992317d10c14268924f', 'seed_run_s07_nuprc_oil_20260422', 'nuprc_ppl_244', 'organization', 'org_s07_nuprc_e8f26992317d10c14268924f', NULL, NULL, 'place_nigeria_001', 'country', 'country_fallback', 'NUPRC license page does not expose state/LGA; resolved to Nigeria country-level.', unixepoch()),
  ('seed_place_s07_nuprc_298725ba3ca067dab91f23ec', 'seed_run_s07_nuprc_oil_20260422', 'nuprc_ppl_245', 'organization', 'org_s07_nuprc_298725ba3ca067dab91f23ec', NULL, NULL, 'place_nigeria_001', 'country', 'country_fallback', 'NUPRC license page does not expose state/LGA; resolved to Nigeria country-level.', unixepoch()),
  ('seed_place_s07_nuprc_2efe834a70d344577d69e711', 'seed_run_s07_nuprc_oil_20260422', 'nuprc_ppl_246', 'organization', 'org_s07_nuprc_2efe834a70d344577d69e711', NULL, NULL, 'place_nigeria_001', 'country', 'country_fallback', 'NUPRC license page does not expose state/LGA; resolved to Nigeria country-level.', unixepoch()),
  ('seed_place_s07_nuprc_877147147a45c06c471909e7', 'seed_run_s07_nuprc_oil_20260422', 'nuprc_ppl_249', 'organization', 'org_s07_nuprc_877147147a45c06c471909e7', NULL, NULL, 'place_nigeria_001', 'country', 'country_fallback', 'NUPRC license page does not expose state/LGA; resolved to Nigeria country-level.', unixepoch()),
  ('seed_place_s07_nuprc_e29708bac4a8dab73fa57caf', 'seed_run_s07_nuprc_oil_20260422', 'nuprc_ppl_251', 'organization', 'org_s07_nuprc_e29708bac4a8dab73fa57caf', NULL, NULL, 'place_nigeria_001', 'country', 'country_fallback', 'NUPRC license page does not expose state/LGA; resolved to Nigeria country-level.', unixepoch()),
  ('seed_place_s07_nuprc_6ab7567017c3c804093b228f', 'seed_run_s07_nuprc_oil_20260422', 'nuprc_ppl_252', 'organization', 'org_s07_nuprc_6ab7567017c3c804093b228f', NULL, NULL, 'place_nigeria_001', 'country', 'country_fallback', 'NUPRC license page does not expose state/LGA; resolved to Nigeria country-level.', unixepoch()),
  ('seed_place_s07_nuprc_f2c419434eb1499159fc2b97', 'seed_run_s07_nuprc_oil_20260422', 'nuprc_ppl_253', 'organization', 'org_s07_nuprc_f2c419434eb1499159fc2b97', NULL, NULL, 'place_nigeria_001', 'country', 'country_fallback', 'NUPRC license page does not expose state/LGA; resolved to Nigeria country-level.', unixepoch()),
  ('seed_place_s07_nuprc_f50b1747a90c91676586c418', 'seed_run_s07_nuprc_oil_20260422', 'nuprc_ppl_254', 'organization', 'org_s07_nuprc_f50b1747a90c91676586c418', NULL, NULL, 'place_nigeria_001', 'country', 'country_fallback', 'NUPRC license page does not expose state/LGA; resolved to Nigeria country-level.', unixepoch()),
  ('seed_place_s07_nuprc_46453080f871a1e91a712e6f', 'seed_run_s07_nuprc_oil_20260422', 'nuprc_ppl_255', 'organization', 'org_s07_nuprc_46453080f871a1e91a712e6f', NULL, NULL, 'place_nigeria_001', 'country', 'country_fallback', 'NUPRC license page does not expose state/LGA; resolved to Nigeria country-level.', unixepoch()),
  ('seed_place_s07_nuprc_4e00a56c70fa4d0b46d4df54', 'seed_run_s07_nuprc_oil_20260422', 'nuprc_ppl_261', 'organization', 'org_s07_nuprc_4e00a56c70fa4d0b46d4df54', NULL, NULL, 'place_nigeria_001', 'country', 'country_fallback', 'NUPRC license page does not expose state/LGA; resolved to Nigeria country-level.', unixepoch());

INSERT OR IGNORE INTO seed_entity_sources (id, entity_id, entity_type, source_id, source_record_id, source_type, source_label, source_display_name, confidence_level, publication_date, retrieval_date, freshness_status, superseded_by_id, created_at) VALUES
  ('seed_entsrc_s07_nuprc_92c948a83968cd9ab0d55505', 'org_s07_nuprc_92c948a83968cd9ab0d55505', 'organization', 'seed_source_nuprc_licenses_20260422', 'nuprc_pel_1', 'official_register', 'NUPRC Petroleum Licence Register', 'Tgs Petrodata', 'source_verified', '2026-04-22', '2026-04-22', 'current', NULL, unixepoch()),
  ('seed_entsrc_s07_nuprc_de75275b946b198190c71fae', 'org_s07_nuprc_de75275b946b198190c71fae', 'organization', 'seed_source_nuprc_licenses_20260422', 'nuprc_pml_1', 'official_register', 'NUPRC Petroleum Licence Register', 'Ashgrove EP', 'source_verified', '2026-04-22', '2026-04-22', 'current', NULL, unixepoch()),
  ('seed_entsrc_s07_nuprc_8b914199b6f5f38aadb12f42', 'org_s07_nuprc_8b914199b6f5f38aadb12f42', 'organization', 'seed_source_nuprc_licenses_20260422', 'nuprc_pml_2', 'official_register', 'NUPRC Petroleum Licence Register', 'Nnpc Total', 'source_verified', '2026-04-22', '2026-04-22', 'current', NULL, unixepoch()),
  ('seed_entsrc_s07_nuprc_d5fe12bafcb73278105f4cf0', 'org_s07_nuprc_d5fe12bafcb73278105f4cf0', 'organization', 'seed_source_nuprc_licenses_20260422', 'nuprc_pml_3', 'official_register', 'NUPRC Petroleum Licence Register', 'Nnpc Total Contract', 'source_verified', '2026-04-22', '2026-04-22', 'current', NULL, unixepoch()),
  ('seed_entsrc_s07_nuprc_d82da5ea1da5c9c15aeba189', 'org_s07_nuprc_d82da5ea1da5c9c15aeba189', 'organization', 'seed_source_nuprc_licenses_20260422', 'nuprc_pml_4', 'official_register', 'NUPRC Petroleum Licence Register', 'Nnpc Total', 'source_verified', '2026-04-22', '2026-04-22', 'current', NULL, unixepoch()),
  ('seed_entsrc_s07_nuprc_af6e728ab631612b96f279ee', 'org_s07_nuprc_af6e728ab631612b96f279ee', 'organization', 'seed_source_nuprc_licenses_20260422', 'nuprc_ppl_202', 'official_register', 'NUPRC Petroleum Licence Register', 'Suntrust Oil Company NIG Ld', 'source_verified', '2026-04-22', '2026-04-22', 'current', NULL, unixepoch()),
  ('seed_entsrc_s07_nuprc_b6b41eaf4dd0ddf227833eeb', 'org_s07_nuprc_b6b41eaf4dd0ddf227833eeb', 'organization', 'seed_source_nuprc_licenses_20260422', 'nuprc_ppl_205', 'official_register', 'NUPRC Petroleum Licence Register', '7 Waves Petroleum', 'source_verified', '2026-04-22', '2026-04-22', 'current', NULL, unixepoch()),
  ('seed_entsrc_s07_nuprc_3d92aee83bce67cfe47a2f87', 'org_s07_nuprc_3d92aee83bce67cfe47a2f87', 'organization', 'seed_source_nuprc_licenses_20260422', 'nuprc_ppl_206', 'official_register', 'NUPRC Petroleum Licence Register', 'Terra Energy Resources', 'source_verified', '2026-04-22', '2026-04-22', 'current', NULL, unixepoch()),
  ('seed_entsrc_s07_nuprc_5c6822e47bc8948ae601ab54', 'org_s07_nuprc_5c6822e47bc8948ae601ab54', 'organization', 'seed_source_nuprc_licenses_20260422', 'nuprc_ppl_210', 'official_register', 'NUPRC Petroleum Licence Register', 'Energia Limited', 'source_verified', '2026-04-22', '2026-04-22', 'current', NULL, unixepoch()),
  ('seed_entsrc_s07_nuprc_46ae88a383d98a421f02e4fc', 'org_s07_nuprc_46ae88a383d98a421f02e4fc', 'organization', 'seed_source_nuprc_licenses_20260422', 'nuprc_ppl_211', 'official_register', 'NUPRC Petroleum Licence Register', 'Matrix Energy', 'source_verified', '2026-04-22', '2026-04-22', 'current', NULL, unixepoch()),
  ('seed_entsrc_s07_nuprc_348dddfb44460e427c38a590', 'org_s07_nuprc_348dddfb44460e427c38a590', 'organization', 'seed_source_nuprc_licenses_20260422', 'nuprc_ppl_213', 'official_register', 'NUPRC Petroleum Licence Register', 'Kalm Marine', 'source_verified', '2026-04-22', '2026-04-22', 'current', NULL, unixepoch()),
  ('seed_entsrc_s07_nuprc_201f9eb514d8d4b5efb99eb5', 'org_s07_nuprc_201f9eb514d8d4b5efb99eb5', 'organization', 'seed_source_nuprc_licenses_20260422', 'nuprc_ppl_214', 'official_register', 'NUPRC Petroleum Licence Register', 'Seistech Energy LTD', 'source_verified', '2026-04-22', '2026-04-22', 'current', NULL, unixepoch()),
  ('seed_entsrc_s07_nuprc_555ae588debd3cf4acda676b', 'org_s07_nuprc_555ae588debd3cf4acda676b', 'organization', 'seed_source_nuprc_licenses_20260422', 'nuprc_ppl_215', 'official_register', 'NUPRC Petroleum Licence Register', 'Max Upstream LTD', 'source_verified', '2026-04-22', '2026-04-22', 'current', NULL, unixepoch()),
  ('seed_entsrc_s07_nuprc_b7f964a56e4a5a2a4cb5c3cd', 'org_s07_nuprc_b7f964a56e4a5a2a4cb5c3cd', 'organization', 'seed_source_nuprc_licenses_20260422', 'nuprc_ppl_216', 'official_register', 'NUPRC Petroleum Licence Register', 'Bridgesite Nigeria Limited', 'source_verified', '2026-04-22', '2026-04-22', 'current', NULL, unixepoch()),
  ('seed_entsrc_s07_nuprc_04b62ccd75bde22c7dbd1b4d', 'org_s07_nuprc_04b62ccd75bde22c7dbd1b4d', 'organization', 'seed_source_nuprc_licenses_20260422', 'nuprc_ppl_219', 'official_register', 'NUPRC Petroleum Licence Register', 'Nuway Oaklane Limited', 'source_verified', '2026-04-22', '2026-04-22', 'current', NULL, unixepoch()),
  ('seed_entsrc_s07_nuprc_19787f01de1c4218e75a9f80', 'org_s07_nuprc_19787f01de1c4218e75a9f80', 'organization', 'seed_source_nuprc_licenses_20260422', 'nuprc_ppl_221', 'official_register', 'NUPRC Petroleum Licence Register', 'Transnational Energy Limited', 'source_verified', '2026-04-22', '2026-04-22', 'current', NULL, unixepoch()),
  ('seed_entsrc_s07_nuprc_da2cf6db7f1acdbad01e2cbb', 'org_s07_nuprc_da2cf6db7f1acdbad01e2cbb', 'organization', 'seed_source_nuprc_licenses_20260422', 'nuprc_ppl_222', 'official_register', 'NUPRC Petroleum Licence Register', 'Shepherdhill', 'source_verified', '2026-04-22', '2026-04-22', 'current', NULL, unixepoch()),
  ('seed_entsrc_s07_nuprc_92ab1a12706222667cfad634', 'org_s07_nuprc_92ab1a12706222667cfad634', 'organization', 'seed_source_nuprc_licenses_20260422', 'nuprc_ppl_223', 'official_register', 'NUPRC Petroleum Licence Register', 'Ppl No. 223 Upd', 'source_verified', '2026-04-22', '2026-04-22', 'current', NULL, unixepoch()),
  ('seed_entsrc_s07_nuprc_9201f1380897264ad645151b', 'org_s07_nuprc_9201f1380897264ad645151b', 'organization', 'seed_source_nuprc_licenses_20260422', 'nuprc_ppl_226', 'official_register', 'NUPRC Petroleum Licence Register', 'Ppl No. 226 Upd', 'source_verified', '2026-04-22', '2026-04-22', 'current', NULL, unixepoch()),
  ('seed_entsrc_s07_nuprc_3e634abfc369d1db56ec0acd', 'org_s07_nuprc_3e634abfc369d1db56ec0acd', 'organization', 'seed_source_nuprc_licenses_20260422', 'nuprc_ppl_228', 'official_register', 'NUPRC Petroleum Licence Register', 'Sigmund Oil', 'source_verified', '2026-04-22', '2026-04-22', 'current', NULL, unixepoch()),
  ('seed_entsrc_s07_nuprc_5024291f3126ded2084d1f4b', 'org_s07_nuprc_5024291f3126ded2084d1f4b', 'organization', 'seed_source_nuprc_licenses_20260422', 'nuprc_ppl_230', 'official_register', 'NUPRC Petroleum Licence Register', 'Ppl No. 230 Upd', 'source_verified', '2026-04-22', '2026-04-22', 'current', NULL, unixepoch()),
  ('seed_entsrc_s07_nuprc_6171ed8d98dc60a1b4c2165c', 'org_s07_nuprc_6171ed8d98dc60a1b4c2165c', 'organization', 'seed_source_nuprc_licenses_20260422', 'nuprc_ppl_234', 'official_register', 'NUPRC Petroleum Licence Register', 'Harara Energy', 'source_verified', '2026-04-22', '2026-04-22', 'current', NULL, unixepoch()),
  ('seed_entsrc_s07_nuprc_79943b3f5c48b53f4a3bc9e6', 'org_s07_nuprc_79943b3f5c48b53f4a3bc9e6', 'organization', 'seed_source_nuprc_licenses_20260422', 'nuprc_ppl_237', 'official_register', 'NUPRC Petroleum Licence Register', 'Dutchess Energy Limited', 'source_verified', '2026-04-22', '2026-04-22', 'current', NULL, unixepoch()),
  ('seed_entsrc_s07_nuprc_d5fb9d4a0f500624ac228398', 'org_s07_nuprc_d5fb9d4a0f500624ac228398', 'organization', 'seed_source_nuprc_licenses_20260422', 'nuprc_ppl_239', 'official_register', 'NUPRC Petroleum Licence Register', 'Mmb Petroleum Chemical', 'source_verified', '2026-04-22', '2026-04-22', 'current', NULL, unixepoch()),
  ('seed_entsrc_s07_nuprc_3c376901e98ae5eac88a5239', 'org_s07_nuprc_3c376901e98ae5eac88a5239', 'organization', 'seed_source_nuprc_licenses_20260422', 'nuprc_ppl_240', 'official_register', 'NUPRC Petroleum Licence Register', 'Transit Oil', 'source_verified', '2026-04-22', '2026-04-22', 'current', NULL, unixepoch()),
  ('seed_entsrc_s07_nuprc_31f23c646d2ab9fe24abf073', 'org_s07_nuprc_31f23c646d2ab9fe24abf073', 'organization', 'seed_source_nuprc_licenses_20260422', 'nuprc_ppl_241', 'official_register', 'NUPRC Petroleum Licence Register', 'Torxen Energy Resources', 'source_verified', '2026-04-22', '2026-04-22', 'current', NULL, unixepoch()),
  ('seed_entsrc_s07_nuprc_70231ccd72e260d013f67ec3', 'org_s07_nuprc_70231ccd72e260d013f67ec3', 'organization', 'seed_source_nuprc_licenses_20260422', 'nuprc_ppl_242', 'official_register', 'NUPRC Petroleum Licence Register', 'Accord Petroleum', 'source_verified', '2026-04-22', '2026-04-22', 'current', NULL, unixepoch()),
  ('seed_entsrc_s07_nuprc_e8f26992317d10c14268924f', 'org_s07_nuprc_e8f26992317d10c14268924f', 'organization', 'seed_source_nuprc_licenses_20260422', 'nuprc_ppl_244', 'official_register', 'NUPRC Petroleum Licence Register', 'Tulcan EP', 'source_verified', '2026-04-22', '2026-04-22', 'current', NULL, unixepoch()),
  ('seed_entsrc_s07_nuprc_298725ba3ca067dab91f23ec', 'org_s07_nuprc_298725ba3ca067dab91f23ec', 'organization', 'seed_source_nuprc_licenses_20260422', 'nuprc_ppl_245', 'official_register', 'NUPRC Petroleum Licence Register', 'A.a Rano', 'source_verified', '2026-04-22', '2026-04-22', 'current', NULL, unixepoch()),
  ('seed_entsrc_s07_nuprc_2efe834a70d344577d69e711', 'org_s07_nuprc_2efe834a70d344577d69e711', 'organization', 'seed_source_nuprc_licenses_20260422', 'nuprc_ppl_246', 'official_register', 'NUPRC Petroleum Licence Register', 'Faceato Petroleum', 'source_verified', '2026-04-22', '2026-04-22', 'current', NULL, unixepoch()),
  ('seed_entsrc_s07_nuprc_877147147a45c06c471909e7', 'org_s07_nuprc_877147147a45c06c471909e7', 'organization', 'seed_source_nuprc_licenses_20260422', 'nuprc_ppl_249', 'official_register', 'NUPRC Petroleum Licence Register', 'Pioneer Global Resource', 'source_verified', '2026-04-22', '2026-04-22', 'current', NULL, unixepoch()),
  ('seed_entsrc_s07_nuprc_e29708bac4a8dab73fa57caf', 'org_s07_nuprc_e29708bac4a8dab73fa57caf', 'organization', 'seed_source_nuprc_licenses_20260422', 'nuprc_ppl_251', 'official_register', 'NUPRC Petroleum Licence Register', 'Wadata Group Limited', 'source_verified', '2026-04-22', '2026-04-22', 'current', NULL, unixepoch()),
  ('seed_entsrc_s07_nuprc_6ab7567017c3c804093b228f', 'org_s07_nuprc_6ab7567017c3c804093b228f', 'organization', 'seed_source_nuprc_licenses_20260422', 'nuprc_ppl_252', 'official_register', 'NUPRC Petroleum Licence Register', 'Mmb Petroleum And Chemical Comp', 'source_verified', '2026-04-22', '2026-04-22', 'current', NULL, unixepoch()),
  ('seed_entsrc_s07_nuprc_f2c419434eb1499159fc2b97', 'org_s07_nuprc_f2c419434eb1499159fc2b97', 'organization', 'seed_source_nuprc_licenses_20260422', 'nuprc_ppl_253', 'official_register', 'NUPRC Petroleum Licence Register', 'Casiva Limited', 'source_verified', '2026-04-22', '2026-04-22', 'current', NULL, unixepoch()),
  ('seed_entsrc_s07_nuprc_f50b1747a90c91676586c418', 'org_s07_nuprc_f50b1747a90c91676586c418', 'organization', 'seed_source_nuprc_licenses_20260422', 'nuprc_ppl_254', 'official_register', 'NUPRC Petroleum Licence Register', 'Petraco Oil Contract', 'source_verified', '2026-04-22', '2026-04-22', 'current', NULL, unixepoch()),
  ('seed_entsrc_s07_nuprc_46453080f871a1e91a712e6f', 'org_s07_nuprc_46453080f871a1e91a712e6f', 'organization', 'seed_source_nuprc_licenses_20260422', 'nuprc_ppl_255', 'official_register', 'NUPRC Petroleum Licence Register', 'Bluefin Energy Limited', 'source_verified', '2026-04-22', '2026-04-22', 'current', NULL, unixepoch()),
  ('seed_entsrc_s07_nuprc_4e00a56c70fa4d0b46d4df54', 'org_s07_nuprc_4e00a56c70fa4d0b46d4df54', 'organization', 'seed_source_nuprc_licenses_20260422', 'nuprc_ppl_261', 'official_register', 'NUPRC Petroleum Licence Register', 'Nnpc', 'source_verified', '2026-04-22', '2026-04-22', 'current', NULL, unixepoch());

INSERT OR IGNORE INTO seed_ingestion_records (id, seed_run_id, source_id, artifact_id, row_number, source_record_id, source_record_hash, target_entity_type, target_entity_id, target_profile_id, vertical_slug, primary_place_id, raw_json, normalized_json, record_status, error_json) VALUES
  ('seed_ingest_s07_nuprc_92c948a83968cd9ab0d55505', 'seed_run_s07_nuprc_oil_20260422', 'seed_source_nuprc_licenses_20260422', 'seed_artifact_s07_nuprc_oil_raw_20260422', NULL, 'nuprc_pel_1', '4f18251ceeb729609658ce70', 'organization', 'org_s07_nuprc_92c948a83968cd9ab0d55505', 'prof_s07_nuprc_92c948a83968cd9ab0d55505', 'oil-gas-upstream', 'place_nigeria_001', '{}', '{"name": "TGS Petrodata", "lic_type": "PEL", "lic_num": "1", "lic_key": "PEL-1"}', 'inserted', '{}'),
  ('seed_ingest_s07_nuprc_de75275b946b198190c71fae', 'seed_run_s07_nuprc_oil_20260422', 'seed_source_nuprc_licenses_20260422', 'seed_artifact_s07_nuprc_oil_raw_20260422', NULL, 'nuprc_pml_1', 'c6ec0a68c8cbdb124505c26e', 'organization', 'org_s07_nuprc_de75275b946b198190c71fae', 'prof_s07_nuprc_de75275b946b198190c71fae', 'oil-gas-upstream', 'place_nigeria_001', '{}', '{"name": "Ashgrove Ep", "lic_type": "PML", "lic_num": "1", "lic_key": "PML-1"}', 'inserted', '{}'),
  ('seed_ingest_s07_nuprc_8b914199b6f5f38aadb12f42', 'seed_run_s07_nuprc_oil_20260422', 'seed_source_nuprc_licenses_20260422', 'seed_artifact_s07_nuprc_oil_raw_20260422', NULL, 'nuprc_pml_2', 'ce112ad8eb1cf129e079e412', 'organization', 'org_s07_nuprc_8b914199b6f5f38aadb12f42', 'prof_s07_nuprc_8b914199b6f5f38aadb12f42', 'oil-gas-upstream', 'place_nigeria_001', '{}', '{"name": "Nnpc Total", "lic_type": "PML", "lic_num": "2", "lic_key": "PML-2"}', 'inserted', '{}'),
  ('seed_ingest_s07_nuprc_d5fe12bafcb73278105f4cf0', 'seed_run_s07_nuprc_oil_20260422', 'seed_source_nuprc_licenses_20260422', 'seed_artifact_s07_nuprc_oil_raw_20260422', NULL, 'nuprc_pml_3', '68f8ed1d327301569fbf52c1', 'organization', 'org_s07_nuprc_d5fe12bafcb73278105f4cf0', 'prof_s07_nuprc_d5fe12bafcb73278105f4cf0', 'oil-gas-upstream', 'place_nigeria_001', '{}', '{"name": "NNPC TOTAL contract", "lic_type": "PML", "lic_num": "3", "lic_key": "PML-3"}', 'inserted', '{}'),
  ('seed_ingest_s07_nuprc_d82da5ea1da5c9c15aeba189', 'seed_run_s07_nuprc_oil_20260422', 'seed_source_nuprc_licenses_20260422', 'seed_artifact_s07_nuprc_oil_raw_20260422', NULL, 'nuprc_pml_4', 'ce112ad8eb1cf129e079e412', 'organization', 'org_s07_nuprc_d82da5ea1da5c9c15aeba189', 'prof_s07_nuprc_d82da5ea1da5c9c15aeba189', 'oil-gas-upstream', 'place_nigeria_001', '{}', '{"name": "Nnpc Total", "lic_type": "PML", "lic_num": "4", "lic_key": "PML-4"}', 'inserted', '{}'),
  ('seed_ingest_s07_nuprc_af6e728ab631612b96f279ee', 'seed_run_s07_nuprc_oil_20260422', 'seed_source_nuprc_licenses_20260422', 'seed_artifact_s07_nuprc_oil_raw_20260422', NULL, 'nuprc_ppl_202', '82c204c449c3758273126c32', 'organization', 'org_s07_nuprc_af6e728ab631612b96f279ee', 'prof_s07_nuprc_af6e728ab631612b96f279ee', 'oil-gas-upstream', 'place_nigeria_001', '{}', '{"name": "suntrust oil company nig ld", "lic_type": "PPL", "lic_num": "202", "lic_key": "PPL-202"}', 'inserted', '{}'),
  ('seed_ingest_s07_nuprc_b6b41eaf4dd0ddf227833eeb', 'seed_run_s07_nuprc_oil_20260422', 'seed_source_nuprc_licenses_20260422', 'seed_artifact_s07_nuprc_oil_raw_20260422', NULL, 'nuprc_ppl_205', '1b99c60adc65dd8cacd3642c', 'organization', 'org_s07_nuprc_b6b41eaf4dd0ddf227833eeb', 'prof_s07_nuprc_b6b41eaf4dd0ddf227833eeb', 'oil-gas-upstream', 'place_nigeria_001', '{}', '{"name": "7 waves petroleum", "lic_type": "PPL", "lic_num": "205", "lic_key": "PPL-205"}', 'inserted', '{}'),
  ('seed_ingest_s07_nuprc_3d92aee83bce67cfe47a2f87', 'seed_run_s07_nuprc_oil_20260422', 'seed_source_nuprc_licenses_20260422', 'seed_artifact_s07_nuprc_oil_raw_20260422', NULL, 'nuprc_ppl_206', '72591d16785c1882e01f2336', 'organization', 'org_s07_nuprc_3d92aee83bce67cfe47a2f87', 'prof_s07_nuprc_3d92aee83bce67cfe47a2f87', 'oil-gas-upstream', 'place_nigeria_001', '{}', '{"name": "Terra energy resources", "lic_type": "PPL", "lic_num": "206", "lic_key": "PPL-206"}', 'inserted', '{}'),
  ('seed_ingest_s07_nuprc_5c6822e47bc8948ae601ab54', 'seed_run_s07_nuprc_oil_20260422', 'seed_source_nuprc_licenses_20260422', 'seed_artifact_s07_nuprc_oil_raw_20260422', NULL, 'nuprc_ppl_210', '90a86090370f031e81a26d6f', 'organization', 'org_s07_nuprc_5c6822e47bc8948ae601ab54', 'prof_s07_nuprc_5c6822e47bc8948ae601ab54', 'oil-gas-upstream', 'place_nigeria_001', '{}', '{"name": "Energia Limited", "lic_type": "PPL", "lic_num": "210", "lic_key": "PPL-210"}', 'inserted', '{}'),
  ('seed_ingest_s07_nuprc_46ae88a383d98a421f02e4fc', 'seed_run_s07_nuprc_oil_20260422', 'seed_source_nuprc_licenses_20260422', 'seed_artifact_s07_nuprc_oil_raw_20260422', NULL, 'nuprc_ppl_211', 'e988b9e034e53eb36b8758f6', 'organization', 'org_s07_nuprc_46ae88a383d98a421f02e4fc', 'prof_s07_nuprc_46ae88a383d98a421f02e4fc', 'oil-gas-upstream', 'place_nigeria_001', '{}', '{"name": "Matrix Energy", "lic_type": "PPL", "lic_num": "211", "lic_key": "PPL-211"}', 'inserted', '{}'),
  ('seed_ingest_s07_nuprc_348dddfb44460e427c38a590', 'seed_run_s07_nuprc_oil_20260422', 'seed_source_nuprc_licenses_20260422', 'seed_artifact_s07_nuprc_oil_raw_20260422', NULL, 'nuprc_ppl_213', '9abea41cb3c2da2bc27a09ce', 'organization', 'org_s07_nuprc_348dddfb44460e427c38a590', 'prof_s07_nuprc_348dddfb44460e427c38a590', 'oil-gas-upstream', 'place_nigeria_001', '{}', '{"name": "Kalm Marine", "lic_type": "PPL", "lic_num": "213", "lic_key": "PPL-213"}', 'inserted', '{}'),
  ('seed_ingest_s07_nuprc_201f9eb514d8d4b5efb99eb5', 'seed_run_s07_nuprc_oil_20260422', 'seed_source_nuprc_licenses_20260422', 'seed_artifact_s07_nuprc_oil_raw_20260422', NULL, 'nuprc_ppl_214', '47f228e98ffd906c870384b6', 'organization', 'org_s07_nuprc_201f9eb514d8d4b5efb99eb5', 'prof_s07_nuprc_201f9eb514d8d4b5efb99eb5', 'oil-gas-upstream', 'place_nigeria_001', '{}', '{"name": "Seistech Energy Ltd", "lic_type": "PPL", "lic_num": "214", "lic_key": "PPL-214"}', 'inserted', '{}'),
  ('seed_ingest_s07_nuprc_555ae588debd3cf4acda676b', 'seed_run_s07_nuprc_oil_20260422', 'seed_source_nuprc_licenses_20260422', 'seed_artifact_s07_nuprc_oil_raw_20260422', NULL, 'nuprc_ppl_215', '30097dd85844e8e3f703152e', 'organization', 'org_s07_nuprc_555ae588debd3cf4acda676b', 'prof_s07_nuprc_555ae588debd3cf4acda676b', 'oil-gas-upstream', 'place_nigeria_001', '{}', '{"name": "Max Upstream Ltd", "lic_type": "PPL", "lic_num": "215", "lic_key": "PPL-215"}', 'inserted', '{}'),
  ('seed_ingest_s07_nuprc_b7f964a56e4a5a2a4cb5c3cd', 'seed_run_s07_nuprc_oil_20260422', 'seed_source_nuprc_licenses_20260422', 'seed_artifact_s07_nuprc_oil_raw_20260422', NULL, 'nuprc_ppl_216', '239252aac9c991ff1e77075b', 'organization', 'org_s07_nuprc_b7f964a56e4a5a2a4cb5c3cd', 'prof_s07_nuprc_b7f964a56e4a5a2a4cb5c3cd', 'oil-gas-upstream', 'place_nigeria_001', '{}', '{"name": "Bridgesite Nigeria Limited", "lic_type": "PPL", "lic_num": "216", "lic_key": "PPL-216"}', 'inserted', '{}'),
  ('seed_ingest_s07_nuprc_04b62ccd75bde22c7dbd1b4d', 'seed_run_s07_nuprc_oil_20260422', 'seed_source_nuprc_licenses_20260422', 'seed_artifact_s07_nuprc_oil_raw_20260422', NULL, 'nuprc_ppl_219', 'dd191326a2eb03d26de84622', 'organization', 'org_s07_nuprc_04b62ccd75bde22c7dbd1b4d', 'prof_s07_nuprc_04b62ccd75bde22c7dbd1b4d', 'oil-gas-upstream', 'place_nigeria_001', '{}', '{"name": "Nuway Oaklane Limited", "lic_type": "PPL", "lic_num": "219", "lic_key": "PPL-219"}', 'inserted', '{}'),
  ('seed_ingest_s07_nuprc_19787f01de1c4218e75a9f80', 'seed_run_s07_nuprc_oil_20260422', 'seed_source_nuprc_licenses_20260422', 'seed_artifact_s07_nuprc_oil_raw_20260422', NULL, 'nuprc_ppl_221', 'c4d8c233018a88374feed0a9', 'organization', 'org_s07_nuprc_19787f01de1c4218e75a9f80', 'prof_s07_nuprc_19787f01de1c4218e75a9f80', 'oil-gas-upstream', 'place_nigeria_001', '{}', '{"name": "Transnational Energy Limited", "lic_type": "PPL", "lic_num": "221", "lic_key": "PPL-221"}', 'inserted', '{}'),
  ('seed_ingest_s07_nuprc_da2cf6db7f1acdbad01e2cbb', 'seed_run_s07_nuprc_oil_20260422', 'seed_source_nuprc_licenses_20260422', 'seed_artifact_s07_nuprc_oil_raw_20260422', NULL, 'nuprc_ppl_222', '3c65e083fefa13326a491fbe', 'organization', 'org_s07_nuprc_da2cf6db7f1acdbad01e2cbb', 'prof_s07_nuprc_da2cf6db7f1acdbad01e2cbb', 'oil-gas-upstream', 'place_nigeria_001', '{}', '{"name": "Shepherdhill", "lic_type": "PPL", "lic_num": "222", "lic_key": "PPL-222"}', 'inserted', '{}'),
  ('seed_ingest_s07_nuprc_92ab1a12706222667cfad634', 'seed_run_s07_nuprc_oil_20260422', 'seed_source_nuprc_licenses_20260422', 'seed_artifact_s07_nuprc_oil_raw_20260422', NULL, 'nuprc_ppl_223', 'b0c6d8ae447ebe528cc03647', 'organization', 'org_s07_nuprc_92ab1a12706222667cfad634', 'prof_s07_nuprc_92ab1a12706222667cfad634', 'oil-gas-upstream', 'place_nigeria_001', '{}', '{"name": "PPL NO. 223 Upd", "lic_type": "PPL", "lic_num": "223", "lic_key": "PPL-223"}', 'inserted', '{}'),
  ('seed_ingest_s07_nuprc_9201f1380897264ad645151b', 'seed_run_s07_nuprc_oil_20260422', 'seed_source_nuprc_licenses_20260422', 'seed_artifact_s07_nuprc_oil_raw_20260422', NULL, 'nuprc_ppl_226', '4deb24383445b2e17dbc7379', 'organization', 'org_s07_nuprc_9201f1380897264ad645151b', 'prof_s07_nuprc_9201f1380897264ad645151b', 'oil-gas-upstream', 'place_nigeria_001', '{}', '{"name": "PPL NO. 226 Upd", "lic_type": "PPL", "lic_num": "226", "lic_key": "PPL-226"}', 'inserted', '{}'),
  ('seed_ingest_s07_nuprc_3e634abfc369d1db56ec0acd', 'seed_run_s07_nuprc_oil_20260422', 'seed_source_nuprc_licenses_20260422', 'seed_artifact_s07_nuprc_oil_raw_20260422', NULL, 'nuprc_ppl_228', '747b384c18ec2d088a7c79ae', 'organization', 'org_s07_nuprc_3e634abfc369d1db56ec0acd', 'prof_s07_nuprc_3e634abfc369d1db56ec0acd', 'oil-gas-upstream', 'place_nigeria_001', '{}', '{"name": "Sigmund Oil", "lic_type": "PPL", "lic_num": "228", "lic_key": "PPL-228"}', 'inserted', '{}'),
  ('seed_ingest_s07_nuprc_5024291f3126ded2084d1f4b', 'seed_run_s07_nuprc_oil_20260422', 'seed_source_nuprc_licenses_20260422', 'seed_artifact_s07_nuprc_oil_raw_20260422', NULL, 'nuprc_ppl_230', '7a6b3b8de93fd16d3f0e5fae', 'organization', 'org_s07_nuprc_5024291f3126ded2084d1f4b', 'prof_s07_nuprc_5024291f3126ded2084d1f4b', 'oil-gas-upstream', 'place_nigeria_001', '{}', '{"name": "PPL NO. 230 Upd", "lic_type": "PPL", "lic_num": "230", "lic_key": "PPL-230"}', 'inserted', '{}'),
  ('seed_ingest_s07_nuprc_6171ed8d98dc60a1b4c2165c', 'seed_run_s07_nuprc_oil_20260422', 'seed_source_nuprc_licenses_20260422', 'seed_artifact_s07_nuprc_oil_raw_20260422', NULL, 'nuprc_ppl_234', '5d8a342a37891cf558f54794', 'organization', 'org_s07_nuprc_6171ed8d98dc60a1b4c2165c', 'prof_s07_nuprc_6171ed8d98dc60a1b4c2165c', 'oil-gas-upstream', 'place_nigeria_001', '{}', '{"name": "Harara Energy", "lic_type": "PPL", "lic_num": "234", "lic_key": "PPL-234"}', 'inserted', '{}'),
  ('seed_ingest_s07_nuprc_79943b3f5c48b53f4a3bc9e6', 'seed_run_s07_nuprc_oil_20260422', 'seed_source_nuprc_licenses_20260422', 'seed_artifact_s07_nuprc_oil_raw_20260422', NULL, 'nuprc_ppl_237', '27687571a3dbdab46273074c', 'organization', 'org_s07_nuprc_79943b3f5c48b53f4a3bc9e6', 'prof_s07_nuprc_79943b3f5c48b53f4a3bc9e6', 'oil-gas-upstream', 'place_nigeria_001', '{}', '{"name": "Dutchess energy limited", "lic_type": "PPL", "lic_num": "237", "lic_key": "PPL-237"}', 'inserted', '{}'),
  ('seed_ingest_s07_nuprc_d5fb9d4a0f500624ac228398', 'seed_run_s07_nuprc_oil_20260422', 'seed_source_nuprc_licenses_20260422', 'seed_artifact_s07_nuprc_oil_raw_20260422', NULL, 'nuprc_ppl_239', '23124de5a34819eaf2db99f9', 'organization', 'org_s07_nuprc_d5fb9d4a0f500624ac228398', 'prof_s07_nuprc_d5fb9d4a0f500624ac228398', 'oil-gas-upstream', 'place_nigeria_001', '{}', '{"name": "Mmb Petroleum Chemical", "lic_type": "PPL", "lic_num": "239", "lic_key": "PPL-239"}', 'inserted', '{}'),
  ('seed_ingest_s07_nuprc_3c376901e98ae5eac88a5239', 'seed_run_s07_nuprc_oil_20260422', 'seed_source_nuprc_licenses_20260422', 'seed_artifact_s07_nuprc_oil_raw_20260422', NULL, 'nuprc_ppl_240', '4edb03c0f2e8992e5fdebf9b', 'organization', 'org_s07_nuprc_3c376901e98ae5eac88a5239', 'prof_s07_nuprc_3c376901e98ae5eac88a5239', 'oil-gas-upstream', 'place_nigeria_001', '{}', '{"name": "Transit oil", "lic_type": "PPL", "lic_num": "240", "lic_key": "PPL-240"}', 'inserted', '{}'),
  ('seed_ingest_s07_nuprc_31f23c646d2ab9fe24abf073', 'seed_run_s07_nuprc_oil_20260422', 'seed_source_nuprc_licenses_20260422', 'seed_artifact_s07_nuprc_oil_raw_20260422', NULL, 'nuprc_ppl_241', '8eb5cf9dbcd3b120669c8e41', 'organization', 'org_s07_nuprc_31f23c646d2ab9fe24abf073', 'prof_s07_nuprc_31f23c646d2ab9fe24abf073', 'oil-gas-upstream', 'place_nigeria_001', '{}', '{"name": "Torxen Energy Resources", "lic_type": "PPL", "lic_num": "241", "lic_key": "PPL-241"}', 'inserted', '{}'),
  ('seed_ingest_s07_nuprc_70231ccd72e260d013f67ec3', 'seed_run_s07_nuprc_oil_20260422', 'seed_source_nuprc_licenses_20260422', 'seed_artifact_s07_nuprc_oil_raw_20260422', NULL, 'nuprc_ppl_242', '566159fdb022feaeb92e37a7', 'organization', 'org_s07_nuprc_70231ccd72e260d013f67ec3', 'prof_s07_nuprc_70231ccd72e260d013f67ec3', 'oil-gas-upstream', 'place_nigeria_001', '{}', '{"name": "Accord Petroleum", "lic_type": "PPL", "lic_num": "242", "lic_key": "PPL-242"}', 'inserted', '{}'),
  ('seed_ingest_s07_nuprc_e8f26992317d10c14268924f', 'seed_run_s07_nuprc_oil_20260422', 'seed_source_nuprc_licenses_20260422', 'seed_artifact_s07_nuprc_oil_raw_20260422', NULL, 'nuprc_ppl_244', '5bb8cc0d3069cbc47a84c698', 'organization', 'org_s07_nuprc_e8f26992317d10c14268924f', 'prof_s07_nuprc_e8f26992317d10c14268924f', 'oil-gas-upstream', 'place_nigeria_001', '{}', '{"name": "Tulcan Ep", "lic_type": "PPL", "lic_num": "244", "lic_key": "PPL-244"}', 'inserted', '{}'),
  ('seed_ingest_s07_nuprc_298725ba3ca067dab91f23ec', 'seed_run_s07_nuprc_oil_20260422', 'seed_source_nuprc_licenses_20260422', 'seed_artifact_s07_nuprc_oil_raw_20260422', NULL, 'nuprc_ppl_245', '1bd761fae7253824f59f22dc', 'organization', 'org_s07_nuprc_298725ba3ca067dab91f23ec', 'prof_s07_nuprc_298725ba3ca067dab91f23ec', 'oil-gas-upstream', 'place_nigeria_001', '{}', '{"name": "A.A Rano", "lic_type": "PPL", "lic_num": "245", "lic_key": "PPL-245"}', 'inserted', '{}'),
  ('seed_ingest_s07_nuprc_2efe834a70d344577d69e711', 'seed_run_s07_nuprc_oil_20260422', 'seed_source_nuprc_licenses_20260422', 'seed_artifact_s07_nuprc_oil_raw_20260422', NULL, 'nuprc_ppl_246', '1932380dd2ca6705574eb4c4', 'organization', 'org_s07_nuprc_2efe834a70d344577d69e711', 'prof_s07_nuprc_2efe834a70d344577d69e711', 'oil-gas-upstream', 'place_nigeria_001', '{}', '{"name": "Faceato petroleum", "lic_type": "PPL", "lic_num": "246", "lic_key": "PPL-246"}', 'inserted', '{}'),
  ('seed_ingest_s07_nuprc_877147147a45c06c471909e7', 'seed_run_s07_nuprc_oil_20260422', 'seed_source_nuprc_licenses_20260422', 'seed_artifact_s07_nuprc_oil_raw_20260422', NULL, 'nuprc_ppl_249', '59d39d94ae98ab6a660e4fbb', 'organization', 'org_s07_nuprc_877147147a45c06c471909e7', 'prof_s07_nuprc_877147147a45c06c471909e7', 'oil-gas-upstream', 'place_nigeria_001', '{}', '{"name": "Pioneer Global Resource", "lic_type": "PPL", "lic_num": "249", "lic_key": "PPL-249"}', 'inserted', '{}'),
  ('seed_ingest_s07_nuprc_e29708bac4a8dab73fa57caf', 'seed_run_s07_nuprc_oil_20260422', 'seed_source_nuprc_licenses_20260422', 'seed_artifact_s07_nuprc_oil_raw_20260422', NULL, 'nuprc_ppl_251', '0c0494a1983ab0c28ac70af7', 'organization', 'org_s07_nuprc_e29708bac4a8dab73fa57caf', 'prof_s07_nuprc_e29708bac4a8dab73fa57caf', 'oil-gas-upstream', 'place_nigeria_001', '{}', '{"name": "Wadata Group Limited", "lic_type": "PPL", "lic_num": "251", "lic_key": "PPL-251"}', 'inserted', '{}'),
  ('seed_ingest_s07_nuprc_6ab7567017c3c804093b228f', 'seed_run_s07_nuprc_oil_20260422', 'seed_source_nuprc_licenses_20260422', 'seed_artifact_s07_nuprc_oil_raw_20260422', NULL, 'nuprc_ppl_252', '1270d23685d2d77a339abe5d', 'organization', 'org_s07_nuprc_6ab7567017c3c804093b228f', 'prof_s07_nuprc_6ab7567017c3c804093b228f', 'oil-gas-upstream', 'place_nigeria_001', '{}', '{"name": "Mmb Petroleum And Chemical Comp", "lic_type": "PPL", "lic_num": "252", "lic_key": "PPL-252"}', 'inserted', '{}'),
  ('seed_ingest_s07_nuprc_f2c419434eb1499159fc2b97', 'seed_run_s07_nuprc_oil_20260422', 'seed_source_nuprc_licenses_20260422', 'seed_artifact_s07_nuprc_oil_raw_20260422', NULL, 'nuprc_ppl_253', '8f3aa826365ef8eba23793b6', 'organization', 'org_s07_nuprc_f2c419434eb1499159fc2b97', 'prof_s07_nuprc_f2c419434eb1499159fc2b97', 'oil-gas-upstream', 'place_nigeria_001', '{}', '{"name": "Casiva Limited", "lic_type": "PPL", "lic_num": "253", "lic_key": "PPL-253"}', 'inserted', '{}'),
  ('seed_ingest_s07_nuprc_f50b1747a90c91676586c418', 'seed_run_s07_nuprc_oil_20260422', 'seed_source_nuprc_licenses_20260422', 'seed_artifact_s07_nuprc_oil_raw_20260422', NULL, 'nuprc_ppl_254', '9af7183a27b47cca21a7364d', 'organization', 'org_s07_nuprc_f50b1747a90c91676586c418', 'prof_s07_nuprc_f50b1747a90c91676586c418', 'oil-gas-upstream', 'place_nigeria_001', '{}', '{"name": "Petraco Oil Contract", "lic_type": "PPL", "lic_num": "254", "lic_key": "PPL-254"}', 'inserted', '{}'),
  ('seed_ingest_s07_nuprc_46453080f871a1e91a712e6f', 'seed_run_s07_nuprc_oil_20260422', 'seed_source_nuprc_licenses_20260422', 'seed_artifact_s07_nuprc_oil_raw_20260422', NULL, 'nuprc_ppl_255', '914b33b03554e0dc907f2e0d', 'organization', 'org_s07_nuprc_46453080f871a1e91a712e6f', 'prof_s07_nuprc_46453080f871a1e91a712e6f', 'oil-gas-upstream', 'place_nigeria_001', '{}', '{"name": "Bluefin Energy Limited", "lic_type": "PPL", "lic_num": "255", "lic_key": "PPL-255"}', 'inserted', '{}'),
  ('seed_ingest_s07_nuprc_4e00a56c70fa4d0b46d4df54', 'seed_run_s07_nuprc_oil_20260422', 'seed_source_nuprc_licenses_20260422', 'seed_artifact_s07_nuprc_oil_raw_20260422', NULL, 'nuprc_ppl_261', 'c4890c1c549d2a410f046812', 'organization', 'org_s07_nuprc_4e00a56c70fa4d0b46d4df54', 'prof_s07_nuprc_4e00a56c70fa4d0b46d4df54', 'oil-gas-upstream', 'place_nigeria_001', '{}', '{"name": "Nnpc", "lic_type": "PPL", "lic_num": "261", "lic_key": "PPL-261"}', 'inserted', '{}');

INSERT OR IGNORE INTO seed_identity_map (id, source_id, source_record_id, entity_type, entity_id, mapping_state, created_at) VALUES
  ('seed_idmap_s07_nuprc_92c948a83968cd9ab0d55505', 'seed_source_nuprc_licenses_20260422', 'nuprc_pel_1', 'organization', 'org_s07_nuprc_92c948a83968cd9ab0d55505', 'stable', unixepoch()),
  ('seed_idmap_s07_nuprc_de75275b946b198190c71fae', 'seed_source_nuprc_licenses_20260422', 'nuprc_pml_1', 'organization', 'org_s07_nuprc_de75275b946b198190c71fae', 'stable', unixepoch()),
  ('seed_idmap_s07_nuprc_8b914199b6f5f38aadb12f42', 'seed_source_nuprc_licenses_20260422', 'nuprc_pml_2', 'organization', 'org_s07_nuprc_8b914199b6f5f38aadb12f42', 'stable', unixepoch()),
  ('seed_idmap_s07_nuprc_d5fe12bafcb73278105f4cf0', 'seed_source_nuprc_licenses_20260422', 'nuprc_pml_3', 'organization', 'org_s07_nuprc_d5fe12bafcb73278105f4cf0', 'stable', unixepoch()),
  ('seed_idmap_s07_nuprc_d82da5ea1da5c9c15aeba189', 'seed_source_nuprc_licenses_20260422', 'nuprc_pml_4', 'organization', 'org_s07_nuprc_d82da5ea1da5c9c15aeba189', 'stable', unixepoch()),
  ('seed_idmap_s07_nuprc_af6e728ab631612b96f279ee', 'seed_source_nuprc_licenses_20260422', 'nuprc_ppl_202', 'organization', 'org_s07_nuprc_af6e728ab631612b96f279ee', 'stable', unixepoch()),
  ('seed_idmap_s07_nuprc_b6b41eaf4dd0ddf227833eeb', 'seed_source_nuprc_licenses_20260422', 'nuprc_ppl_205', 'organization', 'org_s07_nuprc_b6b41eaf4dd0ddf227833eeb', 'stable', unixepoch()),
  ('seed_idmap_s07_nuprc_3d92aee83bce67cfe47a2f87', 'seed_source_nuprc_licenses_20260422', 'nuprc_ppl_206', 'organization', 'org_s07_nuprc_3d92aee83bce67cfe47a2f87', 'stable', unixepoch()),
  ('seed_idmap_s07_nuprc_5c6822e47bc8948ae601ab54', 'seed_source_nuprc_licenses_20260422', 'nuprc_ppl_210', 'organization', 'org_s07_nuprc_5c6822e47bc8948ae601ab54', 'stable', unixepoch()),
  ('seed_idmap_s07_nuprc_46ae88a383d98a421f02e4fc', 'seed_source_nuprc_licenses_20260422', 'nuprc_ppl_211', 'organization', 'org_s07_nuprc_46ae88a383d98a421f02e4fc', 'stable', unixepoch()),
  ('seed_idmap_s07_nuprc_348dddfb44460e427c38a590', 'seed_source_nuprc_licenses_20260422', 'nuprc_ppl_213', 'organization', 'org_s07_nuprc_348dddfb44460e427c38a590', 'stable', unixepoch()),
  ('seed_idmap_s07_nuprc_201f9eb514d8d4b5efb99eb5', 'seed_source_nuprc_licenses_20260422', 'nuprc_ppl_214', 'organization', 'org_s07_nuprc_201f9eb514d8d4b5efb99eb5', 'stable', unixepoch()),
  ('seed_idmap_s07_nuprc_555ae588debd3cf4acda676b', 'seed_source_nuprc_licenses_20260422', 'nuprc_ppl_215', 'organization', 'org_s07_nuprc_555ae588debd3cf4acda676b', 'stable', unixepoch()),
  ('seed_idmap_s07_nuprc_b7f964a56e4a5a2a4cb5c3cd', 'seed_source_nuprc_licenses_20260422', 'nuprc_ppl_216', 'organization', 'org_s07_nuprc_b7f964a56e4a5a2a4cb5c3cd', 'stable', unixepoch()),
  ('seed_idmap_s07_nuprc_04b62ccd75bde22c7dbd1b4d', 'seed_source_nuprc_licenses_20260422', 'nuprc_ppl_219', 'organization', 'org_s07_nuprc_04b62ccd75bde22c7dbd1b4d', 'stable', unixepoch()),
  ('seed_idmap_s07_nuprc_19787f01de1c4218e75a9f80', 'seed_source_nuprc_licenses_20260422', 'nuprc_ppl_221', 'organization', 'org_s07_nuprc_19787f01de1c4218e75a9f80', 'stable', unixepoch()),
  ('seed_idmap_s07_nuprc_da2cf6db7f1acdbad01e2cbb', 'seed_source_nuprc_licenses_20260422', 'nuprc_ppl_222', 'organization', 'org_s07_nuprc_da2cf6db7f1acdbad01e2cbb', 'stable', unixepoch()),
  ('seed_idmap_s07_nuprc_92ab1a12706222667cfad634', 'seed_source_nuprc_licenses_20260422', 'nuprc_ppl_223', 'organization', 'org_s07_nuprc_92ab1a12706222667cfad634', 'stable', unixepoch()),
  ('seed_idmap_s07_nuprc_9201f1380897264ad645151b', 'seed_source_nuprc_licenses_20260422', 'nuprc_ppl_226', 'organization', 'org_s07_nuprc_9201f1380897264ad645151b', 'stable', unixepoch()),
  ('seed_idmap_s07_nuprc_3e634abfc369d1db56ec0acd', 'seed_source_nuprc_licenses_20260422', 'nuprc_ppl_228', 'organization', 'org_s07_nuprc_3e634abfc369d1db56ec0acd', 'stable', unixepoch()),
  ('seed_idmap_s07_nuprc_5024291f3126ded2084d1f4b', 'seed_source_nuprc_licenses_20260422', 'nuprc_ppl_230', 'organization', 'org_s07_nuprc_5024291f3126ded2084d1f4b', 'stable', unixepoch()),
  ('seed_idmap_s07_nuprc_6171ed8d98dc60a1b4c2165c', 'seed_source_nuprc_licenses_20260422', 'nuprc_ppl_234', 'organization', 'org_s07_nuprc_6171ed8d98dc60a1b4c2165c', 'stable', unixepoch()),
  ('seed_idmap_s07_nuprc_79943b3f5c48b53f4a3bc9e6', 'seed_source_nuprc_licenses_20260422', 'nuprc_ppl_237', 'organization', 'org_s07_nuprc_79943b3f5c48b53f4a3bc9e6', 'stable', unixepoch()),
  ('seed_idmap_s07_nuprc_d5fb9d4a0f500624ac228398', 'seed_source_nuprc_licenses_20260422', 'nuprc_ppl_239', 'organization', 'org_s07_nuprc_d5fb9d4a0f500624ac228398', 'stable', unixepoch()),
  ('seed_idmap_s07_nuprc_3c376901e98ae5eac88a5239', 'seed_source_nuprc_licenses_20260422', 'nuprc_ppl_240', 'organization', 'org_s07_nuprc_3c376901e98ae5eac88a5239', 'stable', unixepoch()),
  ('seed_idmap_s07_nuprc_31f23c646d2ab9fe24abf073', 'seed_source_nuprc_licenses_20260422', 'nuprc_ppl_241', 'organization', 'org_s07_nuprc_31f23c646d2ab9fe24abf073', 'stable', unixepoch()),
  ('seed_idmap_s07_nuprc_70231ccd72e260d013f67ec3', 'seed_source_nuprc_licenses_20260422', 'nuprc_ppl_242', 'organization', 'org_s07_nuprc_70231ccd72e260d013f67ec3', 'stable', unixepoch()),
  ('seed_idmap_s07_nuprc_e8f26992317d10c14268924f', 'seed_source_nuprc_licenses_20260422', 'nuprc_ppl_244', 'organization', 'org_s07_nuprc_e8f26992317d10c14268924f', 'stable', unixepoch()),
  ('seed_idmap_s07_nuprc_298725ba3ca067dab91f23ec', 'seed_source_nuprc_licenses_20260422', 'nuprc_ppl_245', 'organization', 'org_s07_nuprc_298725ba3ca067dab91f23ec', 'stable', unixepoch()),
  ('seed_idmap_s07_nuprc_2efe834a70d344577d69e711', 'seed_source_nuprc_licenses_20260422', 'nuprc_ppl_246', 'organization', 'org_s07_nuprc_2efe834a70d344577d69e711', 'stable', unixepoch()),
  ('seed_idmap_s07_nuprc_877147147a45c06c471909e7', 'seed_source_nuprc_licenses_20260422', 'nuprc_ppl_249', 'organization', 'org_s07_nuprc_877147147a45c06c471909e7', 'stable', unixepoch()),
  ('seed_idmap_s07_nuprc_e29708bac4a8dab73fa57caf', 'seed_source_nuprc_licenses_20260422', 'nuprc_ppl_251', 'organization', 'org_s07_nuprc_e29708bac4a8dab73fa57caf', 'stable', unixepoch()),
  ('seed_idmap_s07_nuprc_6ab7567017c3c804093b228f', 'seed_source_nuprc_licenses_20260422', 'nuprc_ppl_252', 'organization', 'org_s07_nuprc_6ab7567017c3c804093b228f', 'stable', unixepoch()),
  ('seed_idmap_s07_nuprc_f2c419434eb1499159fc2b97', 'seed_source_nuprc_licenses_20260422', 'nuprc_ppl_253', 'organization', 'org_s07_nuprc_f2c419434eb1499159fc2b97', 'stable', unixepoch()),
  ('seed_idmap_s07_nuprc_f50b1747a90c91676586c418', 'seed_source_nuprc_licenses_20260422', 'nuprc_ppl_254', 'organization', 'org_s07_nuprc_f50b1747a90c91676586c418', 'stable', unixepoch()),
  ('seed_idmap_s07_nuprc_46453080f871a1e91a712e6f', 'seed_source_nuprc_licenses_20260422', 'nuprc_ppl_255', 'organization', 'org_s07_nuprc_46453080f871a1e91a712e6f', 'stable', unixepoch()),
  ('seed_idmap_s07_nuprc_4e00a56c70fa4d0b46d4df54', 'seed_source_nuprc_licenses_20260422', 'nuprc_ppl_261', 'organization', 'org_s07_nuprc_4e00a56c70fa4d0b46d4df54', 'stable', unixepoch());

INSERT OR IGNORE INTO seed_dedupe_decisions (id, seed_run_id, source_id, source_record_id, decision, merged_into_id, decision_reason, target_entity_id, target_entity_type, decided_at) VALUES
  ('seed_dedup_s07_nuprc_92c948a83968cd9ab0d55505', 'seed_run_s07_nuprc_oil_20260422', 'seed_source_nuprc_licenses_20260422', 'nuprc_pel_1', 'accept', NULL, 'NUPRC official register; unique by license key and company name.', 'org_s07_nuprc_92c948a83968cd9ab0d55505', 'organization', unixepoch()),
  ('seed_dedup_s07_nuprc_de75275b946b198190c71fae', 'seed_run_s07_nuprc_oil_20260422', 'seed_source_nuprc_licenses_20260422', 'nuprc_pml_1', 'accept', NULL, 'NUPRC official register; unique by license key and company name.', 'org_s07_nuprc_de75275b946b198190c71fae', 'organization', unixepoch()),
  ('seed_dedup_s07_nuprc_8b914199b6f5f38aadb12f42', 'seed_run_s07_nuprc_oil_20260422', 'seed_source_nuprc_licenses_20260422', 'nuprc_pml_2', 'accept', NULL, 'NUPRC official register; unique by license key and company name.', 'org_s07_nuprc_8b914199b6f5f38aadb12f42', 'organization', unixepoch()),
  ('seed_dedup_s07_nuprc_d5fe12bafcb73278105f4cf0', 'seed_run_s07_nuprc_oil_20260422', 'seed_source_nuprc_licenses_20260422', 'nuprc_pml_3', 'accept', NULL, 'NUPRC official register; unique by license key and company name.', 'org_s07_nuprc_d5fe12bafcb73278105f4cf0', 'organization', unixepoch()),
  ('seed_dedup_s07_nuprc_d82da5ea1da5c9c15aeba189', 'seed_run_s07_nuprc_oil_20260422', 'seed_source_nuprc_licenses_20260422', 'nuprc_pml_4', 'accept', NULL, 'NUPRC official register; unique by license key and company name.', 'org_s07_nuprc_d82da5ea1da5c9c15aeba189', 'organization', unixepoch()),
  ('seed_dedup_s07_nuprc_af6e728ab631612b96f279ee', 'seed_run_s07_nuprc_oil_20260422', 'seed_source_nuprc_licenses_20260422', 'nuprc_ppl_202', 'accept', NULL, 'NUPRC official register; unique by license key and company name.', 'org_s07_nuprc_af6e728ab631612b96f279ee', 'organization', unixepoch()),
  ('seed_dedup_s07_nuprc_b6b41eaf4dd0ddf227833eeb', 'seed_run_s07_nuprc_oil_20260422', 'seed_source_nuprc_licenses_20260422', 'nuprc_ppl_205', 'accept', NULL, 'NUPRC official register; unique by license key and company name.', 'org_s07_nuprc_b6b41eaf4dd0ddf227833eeb', 'organization', unixepoch()),
  ('seed_dedup_s07_nuprc_3d92aee83bce67cfe47a2f87', 'seed_run_s07_nuprc_oil_20260422', 'seed_source_nuprc_licenses_20260422', 'nuprc_ppl_206', 'accept', NULL, 'NUPRC official register; unique by license key and company name.', 'org_s07_nuprc_3d92aee83bce67cfe47a2f87', 'organization', unixepoch()),
  ('seed_dedup_s07_nuprc_5c6822e47bc8948ae601ab54', 'seed_run_s07_nuprc_oil_20260422', 'seed_source_nuprc_licenses_20260422', 'nuprc_ppl_210', 'accept', NULL, 'NUPRC official register; unique by license key and company name.', 'org_s07_nuprc_5c6822e47bc8948ae601ab54', 'organization', unixepoch()),
  ('seed_dedup_s07_nuprc_46ae88a383d98a421f02e4fc', 'seed_run_s07_nuprc_oil_20260422', 'seed_source_nuprc_licenses_20260422', 'nuprc_ppl_211', 'accept', NULL, 'NUPRC official register; unique by license key and company name.', 'org_s07_nuprc_46ae88a383d98a421f02e4fc', 'organization', unixepoch()),
  ('seed_dedup_s07_nuprc_348dddfb44460e427c38a590', 'seed_run_s07_nuprc_oil_20260422', 'seed_source_nuprc_licenses_20260422', 'nuprc_ppl_213', 'accept', NULL, 'NUPRC official register; unique by license key and company name.', 'org_s07_nuprc_348dddfb44460e427c38a590', 'organization', unixepoch()),
  ('seed_dedup_s07_nuprc_201f9eb514d8d4b5efb99eb5', 'seed_run_s07_nuprc_oil_20260422', 'seed_source_nuprc_licenses_20260422', 'nuprc_ppl_214', 'accept', NULL, 'NUPRC official register; unique by license key and company name.', 'org_s07_nuprc_201f9eb514d8d4b5efb99eb5', 'organization', unixepoch()),
  ('seed_dedup_s07_nuprc_555ae588debd3cf4acda676b', 'seed_run_s07_nuprc_oil_20260422', 'seed_source_nuprc_licenses_20260422', 'nuprc_ppl_215', 'accept', NULL, 'NUPRC official register; unique by license key and company name.', 'org_s07_nuprc_555ae588debd3cf4acda676b', 'organization', unixepoch()),
  ('seed_dedup_s07_nuprc_b7f964a56e4a5a2a4cb5c3cd', 'seed_run_s07_nuprc_oil_20260422', 'seed_source_nuprc_licenses_20260422', 'nuprc_ppl_216', 'accept', NULL, 'NUPRC official register; unique by license key and company name.', 'org_s07_nuprc_b7f964a56e4a5a2a4cb5c3cd', 'organization', unixepoch()),
  ('seed_dedup_s07_nuprc_04b62ccd75bde22c7dbd1b4d', 'seed_run_s07_nuprc_oil_20260422', 'seed_source_nuprc_licenses_20260422', 'nuprc_ppl_219', 'accept', NULL, 'NUPRC official register; unique by license key and company name.', 'org_s07_nuprc_04b62ccd75bde22c7dbd1b4d', 'organization', unixepoch()),
  ('seed_dedup_s07_nuprc_19787f01de1c4218e75a9f80', 'seed_run_s07_nuprc_oil_20260422', 'seed_source_nuprc_licenses_20260422', 'nuprc_ppl_221', 'accept', NULL, 'NUPRC official register; unique by license key and company name.', 'org_s07_nuprc_19787f01de1c4218e75a9f80', 'organization', unixepoch()),
  ('seed_dedup_s07_nuprc_da2cf6db7f1acdbad01e2cbb', 'seed_run_s07_nuprc_oil_20260422', 'seed_source_nuprc_licenses_20260422', 'nuprc_ppl_222', 'accept', NULL, 'NUPRC official register; unique by license key and company name.', 'org_s07_nuprc_da2cf6db7f1acdbad01e2cbb', 'organization', unixepoch()),
  ('seed_dedup_s07_nuprc_92ab1a12706222667cfad634', 'seed_run_s07_nuprc_oil_20260422', 'seed_source_nuprc_licenses_20260422', 'nuprc_ppl_223', 'accept', NULL, 'NUPRC official register; unique by license key and company name.', 'org_s07_nuprc_92ab1a12706222667cfad634', 'organization', unixepoch()),
  ('seed_dedup_s07_nuprc_9201f1380897264ad645151b', 'seed_run_s07_nuprc_oil_20260422', 'seed_source_nuprc_licenses_20260422', 'nuprc_ppl_226', 'accept', NULL, 'NUPRC official register; unique by license key and company name.', 'org_s07_nuprc_9201f1380897264ad645151b', 'organization', unixepoch()),
  ('seed_dedup_s07_nuprc_3e634abfc369d1db56ec0acd', 'seed_run_s07_nuprc_oil_20260422', 'seed_source_nuprc_licenses_20260422', 'nuprc_ppl_228', 'accept', NULL, 'NUPRC official register; unique by license key and company name.', 'org_s07_nuprc_3e634abfc369d1db56ec0acd', 'organization', unixepoch()),
  ('seed_dedup_s07_nuprc_5024291f3126ded2084d1f4b', 'seed_run_s07_nuprc_oil_20260422', 'seed_source_nuprc_licenses_20260422', 'nuprc_ppl_230', 'accept', NULL, 'NUPRC official register; unique by license key and company name.', 'org_s07_nuprc_5024291f3126ded2084d1f4b', 'organization', unixepoch()),
  ('seed_dedup_s07_nuprc_6171ed8d98dc60a1b4c2165c', 'seed_run_s07_nuprc_oil_20260422', 'seed_source_nuprc_licenses_20260422', 'nuprc_ppl_234', 'accept', NULL, 'NUPRC official register; unique by license key and company name.', 'org_s07_nuprc_6171ed8d98dc60a1b4c2165c', 'organization', unixepoch()),
  ('seed_dedup_s07_nuprc_79943b3f5c48b53f4a3bc9e6', 'seed_run_s07_nuprc_oil_20260422', 'seed_source_nuprc_licenses_20260422', 'nuprc_ppl_237', 'accept', NULL, 'NUPRC official register; unique by license key and company name.', 'org_s07_nuprc_79943b3f5c48b53f4a3bc9e6', 'organization', unixepoch()),
  ('seed_dedup_s07_nuprc_d5fb9d4a0f500624ac228398', 'seed_run_s07_nuprc_oil_20260422', 'seed_source_nuprc_licenses_20260422', 'nuprc_ppl_239', 'accept', NULL, 'NUPRC official register; unique by license key and company name.', 'org_s07_nuprc_d5fb9d4a0f500624ac228398', 'organization', unixepoch()),
  ('seed_dedup_s07_nuprc_3c376901e98ae5eac88a5239', 'seed_run_s07_nuprc_oil_20260422', 'seed_source_nuprc_licenses_20260422', 'nuprc_ppl_240', 'accept', NULL, 'NUPRC official register; unique by license key and company name.', 'org_s07_nuprc_3c376901e98ae5eac88a5239', 'organization', unixepoch()),
  ('seed_dedup_s07_nuprc_31f23c646d2ab9fe24abf073', 'seed_run_s07_nuprc_oil_20260422', 'seed_source_nuprc_licenses_20260422', 'nuprc_ppl_241', 'accept', NULL, 'NUPRC official register; unique by license key and company name.', 'org_s07_nuprc_31f23c646d2ab9fe24abf073', 'organization', unixepoch()),
  ('seed_dedup_s07_nuprc_70231ccd72e260d013f67ec3', 'seed_run_s07_nuprc_oil_20260422', 'seed_source_nuprc_licenses_20260422', 'nuprc_ppl_242', 'accept', NULL, 'NUPRC official register; unique by license key and company name.', 'org_s07_nuprc_70231ccd72e260d013f67ec3', 'organization', unixepoch()),
  ('seed_dedup_s07_nuprc_e8f26992317d10c14268924f', 'seed_run_s07_nuprc_oil_20260422', 'seed_source_nuprc_licenses_20260422', 'nuprc_ppl_244', 'accept', NULL, 'NUPRC official register; unique by license key and company name.', 'org_s07_nuprc_e8f26992317d10c14268924f', 'organization', unixepoch()),
  ('seed_dedup_s07_nuprc_298725ba3ca067dab91f23ec', 'seed_run_s07_nuprc_oil_20260422', 'seed_source_nuprc_licenses_20260422', 'nuprc_ppl_245', 'accept', NULL, 'NUPRC official register; unique by license key and company name.', 'org_s07_nuprc_298725ba3ca067dab91f23ec', 'organization', unixepoch()),
  ('seed_dedup_s07_nuprc_2efe834a70d344577d69e711', 'seed_run_s07_nuprc_oil_20260422', 'seed_source_nuprc_licenses_20260422', 'nuprc_ppl_246', 'accept', NULL, 'NUPRC official register; unique by license key and company name.', 'org_s07_nuprc_2efe834a70d344577d69e711', 'organization', unixepoch()),
  ('seed_dedup_s07_nuprc_877147147a45c06c471909e7', 'seed_run_s07_nuprc_oil_20260422', 'seed_source_nuprc_licenses_20260422', 'nuprc_ppl_249', 'accept', NULL, 'NUPRC official register; unique by license key and company name.', 'org_s07_nuprc_877147147a45c06c471909e7', 'organization', unixepoch()),
  ('seed_dedup_s07_nuprc_e29708bac4a8dab73fa57caf', 'seed_run_s07_nuprc_oil_20260422', 'seed_source_nuprc_licenses_20260422', 'nuprc_ppl_251', 'accept', NULL, 'NUPRC official register; unique by license key and company name.', 'org_s07_nuprc_e29708bac4a8dab73fa57caf', 'organization', unixepoch()),
  ('seed_dedup_s07_nuprc_6ab7567017c3c804093b228f', 'seed_run_s07_nuprc_oil_20260422', 'seed_source_nuprc_licenses_20260422', 'nuprc_ppl_252', 'accept', NULL, 'NUPRC official register; unique by license key and company name.', 'org_s07_nuprc_6ab7567017c3c804093b228f', 'organization', unixepoch()),
  ('seed_dedup_s07_nuprc_f2c419434eb1499159fc2b97', 'seed_run_s07_nuprc_oil_20260422', 'seed_source_nuprc_licenses_20260422', 'nuprc_ppl_253', 'accept', NULL, 'NUPRC official register; unique by license key and company name.', 'org_s07_nuprc_f2c419434eb1499159fc2b97', 'organization', unixepoch()),
  ('seed_dedup_s07_nuprc_f50b1747a90c91676586c418', 'seed_run_s07_nuprc_oil_20260422', 'seed_source_nuprc_licenses_20260422', 'nuprc_ppl_254', 'accept', NULL, 'NUPRC official register; unique by license key and company name.', 'org_s07_nuprc_f50b1747a90c91676586c418', 'organization', unixepoch()),
  ('seed_dedup_s07_nuprc_46453080f871a1e91a712e6f', 'seed_run_s07_nuprc_oil_20260422', 'seed_source_nuprc_licenses_20260422', 'nuprc_ppl_255', 'accept', NULL, 'NUPRC official register; unique by license key and company name.', 'org_s07_nuprc_46453080f871a1e91a712e6f', 'organization', unixepoch()),
  ('seed_dedup_s07_nuprc_4e00a56c70fa4d0b46d4df54', 'seed_run_s07_nuprc_oil_20260422', 'seed_source_nuprc_licenses_20260422', 'nuprc_ppl_261', 'accept', NULL, 'NUPRC official register; unique by license key and company name.', 'org_s07_nuprc_4e00a56c70fa4d0b46d4df54', 'organization', unixepoch());

INSERT OR IGNORE INTO seed_search_rebuild_jobs (id, seed_run_id, status, entity_count, created_at) VALUES
  ('ssrj_s07_nuprc_oil_20260422', 'seed_run_s07_nuprc_oil_20260422', 'pending', 37, unixepoch());
