-- 0363_s14_osm_faith_transport_area_seed.sql
-- S14 OSM Nigeria area-based query — faith_transport (n=14)
-- Source: OpenStreetMap Overpass API admin_level=4 area queries | Retrieved: 2026-04-22
-- States covered: jigawa, sokoto, taraba
-- ODbL licensed — https://www.openstreetmap.org/copyright

INSERT OR IGNORE INTO seed_runs (id,source_id,run_label,run_state,started_at,completed_at,total_input_rows,total_inserted_rows,total_rejected_rows,notes) VALUES
  ('seed_run_s14_osm_faith_transport_ng_20260422','seed_source_osm_ng_faith_transport_area_20260422','S14 OSM Nigeria faith_transport area 2026-04-22','completed',unixepoch(),unixepoch(),14,14,0,'OSM area admin_level=4 query 2026-04-22 faith_transport');

INSERT OR IGNORE INTO seed_sources (id,source_label,source_type,owner_organisation,access_method,canonical_url,publication_date,retrieval_date,freshness_status,license_notes,row_count,notes) VALUES
  ('seed_source_osm_ng_faith_transport_area_20260422','OpenStreetMap Nigeria faith_transport','public_data','OpenStreetMap contributors','overpass_api','https://overpass-api.de/api/interpreter','2026-04-22','2026-04-22','snapshot','ODbL',14,'OSM admin_level=4 area query Nigeria faith_transport 2026-04-22');

INSERT OR IGNORE INTO seed_raw_artifacts (id,seed_run_id,source_id,artifact_type,file_path,content_hash,row_count,schema_json,extraction_script,status) VALUES
  ('seed_artifact_s14_osm_faith_transport_ng_20260422','seed_run_s14_osm_faith_transport_ng_20260422','seed_source_osm_ng_faith_transport_area_20260422','raw','infra/db/seed/sources/s14_osm_benue_faith_transport_ng_20260422.json','s14_area_multi_state',14,'{"columns":["osm_id","name","lat","lon","amenity","tags","state"]}','overpass area query + python filter','captured');

INSERT OR IGNORE INTO organizations (id,tenant_id,organization_type,legal_name,display_name,registration_number,status,verification_state,created_at,updated_at) VALUES
  ('org_s14_osm_3273a20f315bc679bf69159b','tenant_platform_seed','community','Teshegwa Mosque','Teshegwa Mosque',NULL,'active','seeded',unixepoch(),unixepoch()),
  ('org_s14_osm_7cbb53bd4c310f8f55c64158','tenant_platform_seed','community','Mosque','Mosque',NULL,'active','seeded',unixepoch(),unixepoch()),
  ('org_s14_osm_b70b58686e3458a8f9470908','tenant_platform_seed','community','Babura Central Mosque','Babura Central Mosque',NULL,'active','seeded',unixepoch(),unixepoch()),
  ('org_s14_osm_abe4157fc4cd52246db5f3f4','tenant_platform_seed','community','Cross Country Motor Park','Cross Country Motor Park',NULL,'active','seeded',unixepoch(),unixepoch()),
  ('org_s14_osm_ff174945ebeac45cd45a4333','tenant_platform_seed','community','Masallacin Nana Aisha','Masallacin Nana Aisha',NULL,'active','seeded',unixepoch(),unixepoch()),
  ('org_s14_osm_5af6c537d6b21ca8de3764d2','tenant_platform_seed','community','Mountain of Fire & Miracles church','Mountain of Fire & Miracles church',NULL,'active','seeded',unixepoch(),unixepoch()),
  ('org_s14_osm_e9bdbea0b6a4c740d7b75da9','tenant_platform_seed','community','Living Faith Church Sokoto','Living Faith Church Sokoto',NULL,'active','seeded',unixepoch(),unixepoch()),
  ('org_s14_osm_2cf9632f56129ebdd5704f51','tenant_platform_seed','community','Magagindoke Mosque','Magagindoke Mosque',NULL,'active','seeded',unixepoch(),unixepoch()),
  ('org_s14_osm_340f1a5ed6ec85e86d7a64d0','tenant_platform_seed','community','Abdulfatah Juma''at mosque','Abdulfatah Juma''at mosque',NULL,'active','seeded',unixepoch(),unixepoch()),
  ('org_s14_osm_8daeefa5d0a3fbfdcdb3331b','tenant_platform_seed','community','Our Lady Queen Of Peace Catholic Cathedral','Our Lady Queen Of Peace Catholic Cathedral',NULL,'active','seeded',unixepoch(),unixepoch()),
  ('org_s14_osm_baaee4c1fa9f955433a354f1','tenant_platform_seed','community','St. Peter`s Catholic Church','St. Peter`s Catholic Church',NULL,'active','seeded',unixepoch(),unixepoch()),
  ('org_s14_osm_e9f26d07b1910856eb630327','tenant_platform_seed','community','United Methodist Church Nukkai, Jalingo','United Methodist Church Nukkai, Jalingo',NULL,'active','seeded',unixepoch(),unixepoch()),
  ('org_s14_osm_b751be2e9d83d9bee9a61e6c','tenant_platform_seed','community','ECWA (Evangelical Church Winning All) Church No. 5','ECWA (Evangelical Church Winning All) Church No. 5',NULL,'active','seeded',unixepoch(),unixepoch()),
  ('org_s14_osm_581ecb8026243aafc1efb224','tenant_platform_seed','community','HEKAN Church (United Church of Christ in Nations - Hadaddiyar Ekklisiyar Kristi a Nahiyya) Jalingo','HEKAN Church (United Church of Christ in Nations - Hadaddiyar Ekklisiyar Kristi a Nahiyya) Jalingo',NULL,'active','seeded',unixepoch(),unixepoch());

INSERT OR IGNORE INTO profiles (id,tenant_id,workspace_id,subject_type,subject_id,vertical_slug,primary_place_id,display_name,claim_state,visibility,created_at,updated_at) VALUES
  ('prof_s14_osm_3273a20f315bc679bf69159b','tenant_platform_seed','workspace_platform_seed_discovery','organization','org_s14_osm_3273a20f315bc679bf69159b','mosque','place_state_jigawa','Teshegwa Mosque','seeded','public',unixepoch(),unixepoch()),
  ('prof_s14_osm_7cbb53bd4c310f8f55c64158','tenant_platform_seed','workspace_platform_seed_discovery','organization','org_s14_osm_7cbb53bd4c310f8f55c64158','mosque','place_state_jigawa','Mosque','seeded','public',unixepoch(),unixepoch()),
  ('prof_s14_osm_b70b58686e3458a8f9470908','tenant_platform_seed','workspace_platform_seed_discovery','organization','org_s14_osm_b70b58686e3458a8f9470908','mosque','place_state_jigawa','Babura Central Mosque','seeded','public',unixepoch(),unixepoch()),
  ('prof_s14_osm_abe4157fc4cd52246db5f3f4','tenant_platform_seed','workspace_platform_seed_discovery','organization','org_s14_osm_abe4157fc4cd52246db5f3f4','bus_terminal','place_state_sokoto','Cross Country Motor Park','seeded','public',unixepoch(),unixepoch()),
  ('prof_s14_osm_ff174945ebeac45cd45a4333','tenant_platform_seed','workspace_platform_seed_discovery','organization','org_s14_osm_ff174945ebeac45cd45a4333','mosque','place_state_sokoto','Masallacin Nana Aisha','seeded','public',unixepoch(),unixepoch()),
  ('prof_s14_osm_5af6c537d6b21ca8de3764d2','tenant_platform_seed','workspace_platform_seed_discovery','organization','org_s14_osm_5af6c537d6b21ca8de3764d2','church','place_state_sokoto','Mountain of Fire & Miracles church','seeded','public',unixepoch(),unixepoch()),
  ('prof_s14_osm_e9bdbea0b6a4c740d7b75da9','tenant_platform_seed','workspace_platform_seed_discovery','organization','org_s14_osm_e9bdbea0b6a4c740d7b75da9','church','place_state_sokoto','Living Faith Church Sokoto','seeded','public',unixepoch(),unixepoch()),
  ('prof_s14_osm_2cf9632f56129ebdd5704f51','tenant_platform_seed','workspace_platform_seed_discovery','organization','org_s14_osm_2cf9632f56129ebdd5704f51','mosque','place_state_sokoto','Magagindoke Mosque','seeded','public',unixepoch(),unixepoch()),
  ('prof_s14_osm_340f1a5ed6ec85e86d7a64d0','tenant_platform_seed','workspace_platform_seed_discovery','organization','org_s14_osm_340f1a5ed6ec85e86d7a64d0','mosque','place_state_sokoto','Abdulfatah Juma''at mosque','seeded','public',unixepoch(),unixepoch()),
  ('prof_s14_osm_8daeefa5d0a3fbfdcdb3331b','tenant_platform_seed','workspace_platform_seed_discovery','organization','org_s14_osm_8daeefa5d0a3fbfdcdb3331b','church','place_state_taraba','Our Lady Queen Of Peace Catholic Cathedral','seeded','public',unixepoch(),unixepoch()),
  ('prof_s14_osm_baaee4c1fa9f955433a354f1','tenant_platform_seed','workspace_platform_seed_discovery','organization','org_s14_osm_baaee4c1fa9f955433a354f1','church','place_state_taraba','St. Peter`s Catholic Church','seeded','public',unixepoch(),unixepoch()),
  ('prof_s14_osm_e9f26d07b1910856eb630327','tenant_platform_seed','workspace_platform_seed_discovery','organization','org_s14_osm_e9f26d07b1910856eb630327','church','place_state_taraba','United Methodist Church Nukkai, Jalingo','seeded','public',unixepoch(),unixepoch()),
  ('prof_s14_osm_b751be2e9d83d9bee9a61e6c','tenant_platform_seed','workspace_platform_seed_discovery','organization','org_s14_osm_b751be2e9d83d9bee9a61e6c','church','place_state_taraba','ECWA (Evangelical Church Winning All) Church No. 5','seeded','public',unixepoch(),unixepoch()),
  ('prof_s14_osm_581ecb8026243aafc1efb224','tenant_platform_seed','workspace_platform_seed_discovery','organization','org_s14_osm_581ecb8026243aafc1efb224','church','place_state_taraba','HEKAN Church (United Church of Christ in Nations - Hadaddiyar Ekklisiyar Kristi a Nahiyya) Jalingo','seeded','public',unixepoch(),unixepoch());

INSERT OR IGNORE INTO search_entries (id,entity_type,entity_id,profile_id,tenant_id,display_name,keywords,primary_place_id,ancestry_path,created_at,updated_at) VALUES
  ('srch_s14_osm_3273a20f315bc679bf69159b','organization','org_s14_osm_3273a20f315bc679bf69159b','prof_s14_osm_3273a20f315bc679bf69159b','tenant_platform_seed','Teshegwa Mosque','Teshegwa Mosque mosque jigawa','place_state_jigawa','["place_nigeria_001","place_state_jigawa"]',unixepoch(),unixepoch()),
  ('srch_s14_osm_7cbb53bd4c310f8f55c64158','organization','org_s14_osm_7cbb53bd4c310f8f55c64158','prof_s14_osm_7cbb53bd4c310f8f55c64158','tenant_platform_seed','Mosque','Mosque mosque jigawa','place_state_jigawa','["place_nigeria_001","place_state_jigawa"]',unixepoch(),unixepoch()),
  ('srch_s14_osm_b70b58686e3458a8f9470908','organization','org_s14_osm_b70b58686e3458a8f9470908','prof_s14_osm_b70b58686e3458a8f9470908','tenant_platform_seed','Babura Central Mosque','Babura Central Mosque mosque jigawa','place_state_jigawa','["place_nigeria_001","place_state_jigawa"]',unixepoch(),unixepoch()),
  ('srch_s14_osm_abe4157fc4cd52246db5f3f4','organization','org_s14_osm_abe4157fc4cd52246db5f3f4','prof_s14_osm_abe4157fc4cd52246db5f3f4','tenant_platform_seed','Cross Country Motor Park','Cross Country Motor Park bus_terminal sokoto','place_state_sokoto','["place_nigeria_001","place_state_sokoto"]',unixepoch(),unixepoch()),
  ('srch_s14_osm_ff174945ebeac45cd45a4333','organization','org_s14_osm_ff174945ebeac45cd45a4333','prof_s14_osm_ff174945ebeac45cd45a4333','tenant_platform_seed','Masallacin Nana Aisha','Masallacin Nana Aisha mosque sokoto','place_state_sokoto','["place_nigeria_001","place_state_sokoto"]',unixepoch(),unixepoch()),
  ('srch_s14_osm_5af6c537d6b21ca8de3764d2','organization','org_s14_osm_5af6c537d6b21ca8de3764d2','prof_s14_osm_5af6c537d6b21ca8de3764d2','tenant_platform_seed','Mountain of Fire & Miracles church','Mountain of Fire & Miracles church church sokoto','place_state_sokoto','["place_nigeria_001","place_state_sokoto"]',unixepoch(),unixepoch()),
  ('srch_s14_osm_e9bdbea0b6a4c740d7b75da9','organization','org_s14_osm_e9bdbea0b6a4c740d7b75da9','prof_s14_osm_e9bdbea0b6a4c740d7b75da9','tenant_platform_seed','Living Faith Church Sokoto','Living Faith Church Sokoto church sokoto','place_state_sokoto','["place_nigeria_001","place_state_sokoto"]',unixepoch(),unixepoch()),
  ('srch_s14_osm_2cf9632f56129ebdd5704f51','organization','org_s14_osm_2cf9632f56129ebdd5704f51','prof_s14_osm_2cf9632f56129ebdd5704f51','tenant_platform_seed','Magagindoke Mosque','Magagindoke Mosque mosque sokoto','place_state_sokoto','["place_nigeria_001","place_state_sokoto"]',unixepoch(),unixepoch()),
  ('srch_s14_osm_340f1a5ed6ec85e86d7a64d0','organization','org_s14_osm_340f1a5ed6ec85e86d7a64d0','prof_s14_osm_340f1a5ed6ec85e86d7a64d0','tenant_platform_seed','Abdulfatah Juma''at mosque','Abdulfatah Juma''at mosque mosque sokoto','place_state_sokoto','["place_nigeria_001","place_state_sokoto"]',unixepoch(),unixepoch()),
  ('srch_s14_osm_8daeefa5d0a3fbfdcdb3331b','organization','org_s14_osm_8daeefa5d0a3fbfdcdb3331b','prof_s14_osm_8daeefa5d0a3fbfdcdb3331b','tenant_platform_seed','Our Lady Queen Of Peace Catholic Cathedral','Our Lady Queen Of Peace Catholic Cathedral church taraba','place_state_taraba','["place_nigeria_001","place_state_taraba"]',unixepoch(),unixepoch()),
  ('srch_s14_osm_baaee4c1fa9f955433a354f1','organization','org_s14_osm_baaee4c1fa9f955433a354f1','prof_s14_osm_baaee4c1fa9f955433a354f1','tenant_platform_seed','St. Peter`s Catholic Church','St. Peter`s Catholic Church church taraba','place_state_taraba','["place_nigeria_001","place_state_taraba"]',unixepoch(),unixepoch()),
  ('srch_s14_osm_e9f26d07b1910856eb630327','organization','org_s14_osm_e9f26d07b1910856eb630327','prof_s14_osm_e9f26d07b1910856eb630327','tenant_platform_seed','United Methodist Church Nukkai, Jalingo','United Methodist Church Nukkai, Jalingo church taraba','place_state_taraba','["place_nigeria_001","place_state_taraba"]',unixepoch(),unixepoch()),
  ('srch_s14_osm_b751be2e9d83d9bee9a61e6c','organization','org_s14_osm_b751be2e9d83d9bee9a61e6c','prof_s14_osm_b751be2e9d83d9bee9a61e6c','tenant_platform_seed','ECWA (Evangelical Church Winning All) Church No. 5','ECWA (Evangelical Church Winning All) Church No. 5 church taraba','place_state_taraba','["place_nigeria_001","place_state_taraba"]',unixepoch(),unixepoch()),
  ('srch_s14_osm_581ecb8026243aafc1efb224','organization','org_s14_osm_581ecb8026243aafc1efb224','prof_s14_osm_581ecb8026243aafc1efb224','tenant_platform_seed','HEKAN Church (United Church of Christ in Nations - Hadaddiyar Ekklisiyar Kristi a Nahiyya) Jalingo','HEKAN Church (United Church of Christ in Nations - Hadaddiyar Ekklisiyar Kristi a Nahiyya) Jalingo church taraba','place_state_taraba','["place_nigeria_001","place_state_taraba"]',unixepoch(),unixepoch());

INSERT OR IGNORE INTO seed_identity_map (id,source_id,source_record_id,entity_type,entity_id,mapping_state,created_at) VALUES
  ('smap_s14_osm_3273a20f315bc679bf69159b','seed_source_osm_ng_faith_transport_area_20260422','osm_node_11203507110','organization','org_s14_osm_3273a20f315bc679bf69159b','stable',unixepoch()),
  ('smap_s14_osm_7cbb53bd4c310f8f55c64158','seed_source_osm_ng_faith_transport_area_20260422','osm_way_441116458','organization','org_s14_osm_7cbb53bd4c310f8f55c64158','stable',unixepoch()),
  ('smap_s14_osm_b70b58686e3458a8f9470908','seed_source_osm_ng_faith_transport_area_20260422','osm_way_890180070','organization','org_s14_osm_b70b58686e3458a8f9470908','stable',unixepoch()),
  ('smap_s14_osm_abe4157fc4cd52246db5f3f4','seed_source_osm_ng_faith_transport_area_20260422','osm_node_3249091263','organization','org_s14_osm_abe4157fc4cd52246db5f3f4','stable',unixepoch()),
  ('smap_s14_osm_ff174945ebeac45cd45a4333','seed_source_osm_ng_faith_transport_area_20260422','osm_node_4701329422','organization','org_s14_osm_ff174945ebeac45cd45a4333','stable',unixepoch()),
  ('smap_s14_osm_5af6c537d6b21ca8de3764d2','seed_source_osm_ng_faith_transport_area_20260422','osm_node_5836592708','organization','org_s14_osm_5af6c537d6b21ca8de3764d2','stable',unixepoch()),
  ('smap_s14_osm_e9bdbea0b6a4c740d7b75da9','seed_source_osm_ng_faith_transport_area_20260422','osm_node_8194319229','organization','org_s14_osm_e9bdbea0b6a4c740d7b75da9','stable',unixepoch()),
  ('smap_s14_osm_2cf9632f56129ebdd5704f51','seed_source_osm_ng_faith_transport_area_20260422','osm_node_9170229710','organization','org_s14_osm_2cf9632f56129ebdd5704f51','stable',unixepoch()),
  ('smap_s14_osm_340f1a5ed6ec85e86d7a64d0','seed_source_osm_ng_faith_transport_area_20260422','osm_node_9170239337','organization','org_s14_osm_340f1a5ed6ec85e86d7a64d0','stable',unixepoch()),
  ('smap_s14_osm_8daeefa5d0a3fbfdcdb3331b','seed_source_osm_ng_faith_transport_area_20260422','osm_way_1226922973','organization','org_s14_osm_8daeefa5d0a3fbfdcdb3331b','stable',unixepoch()),
  ('smap_s14_osm_baaee4c1fa9f955433a354f1','seed_source_osm_ng_faith_transport_area_20260422','osm_way_1304154373','organization','org_s14_osm_baaee4c1fa9f955433a354f1','stable',unixepoch()),
  ('smap_s14_osm_e9f26d07b1910856eb630327','seed_source_osm_ng_faith_transport_area_20260422','osm_way_1304154377','organization','org_s14_osm_e9f26d07b1910856eb630327','stable',unixepoch()),
  ('smap_s14_osm_b751be2e9d83d9bee9a61e6c','seed_source_osm_ng_faith_transport_area_20260422','osm_way_1304919124','organization','org_s14_osm_b751be2e9d83d9bee9a61e6c','stable',unixepoch()),
  ('smap_s14_osm_581ecb8026243aafc1efb224','seed_source_osm_ng_faith_transport_area_20260422','osm_way_1304919126','organization','org_s14_osm_581ecb8026243aafc1efb224','stable',unixepoch());

INSERT OR IGNORE INTO seed_entity_sources (id,entity_id,entity_type,source_id,source_record_id,source_type,source_label,source_display_name,confidence_level,publication_date,retrieval_date,freshness_status,superseded_by_id,created_at) VALUES
  ('esrc_s14_osm_3273a20f315bc679bf69159b','org_s14_osm_3273a20f315bc679bf69159b','organization','seed_source_osm_ng_faith_transport_area_20260422','osm_node_11203507110','public_data','OpenStreetMap Nigeria area','Teshegwa Mosque','public_high_confidence','2026-04-22','2026-04-22','snapshot',NULL,unixepoch()),
  ('esrc_s14_osm_7cbb53bd4c310f8f55c64158','org_s14_osm_7cbb53bd4c310f8f55c64158','organization','seed_source_osm_ng_faith_transport_area_20260422','osm_way_441116458','public_data','OpenStreetMap Nigeria area','Mosque','public_high_confidence','2026-04-22','2026-04-22','snapshot',NULL,unixepoch()),
  ('esrc_s14_osm_b70b58686e3458a8f9470908','org_s14_osm_b70b58686e3458a8f9470908','organization','seed_source_osm_ng_faith_transport_area_20260422','osm_way_890180070','public_data','OpenStreetMap Nigeria area','Babura Central Mosque','public_high_confidence','2026-04-22','2026-04-22','snapshot',NULL,unixepoch()),
  ('esrc_s14_osm_abe4157fc4cd52246db5f3f4','org_s14_osm_abe4157fc4cd52246db5f3f4','organization','seed_source_osm_ng_faith_transport_area_20260422','osm_node_3249091263','public_data','OpenStreetMap Nigeria area','Cross Country Motor Park','public_high_confidence','2026-04-22','2026-04-22','snapshot',NULL,unixepoch()),
  ('esrc_s14_osm_ff174945ebeac45cd45a4333','org_s14_osm_ff174945ebeac45cd45a4333','organization','seed_source_osm_ng_faith_transport_area_20260422','osm_node_4701329422','public_data','OpenStreetMap Nigeria area','Masallacin Nana Aisha','public_high_confidence','2026-04-22','2026-04-22','snapshot',NULL,unixepoch()),
  ('esrc_s14_osm_5af6c537d6b21ca8de3764d2','org_s14_osm_5af6c537d6b21ca8de3764d2','organization','seed_source_osm_ng_faith_transport_area_20260422','osm_node_5836592708','public_data','OpenStreetMap Nigeria area','Mountain of Fire & Miracles church','public_high_confidence','2026-04-22','2026-04-22','snapshot',NULL,unixepoch()),
  ('esrc_s14_osm_e9bdbea0b6a4c740d7b75da9','org_s14_osm_e9bdbea0b6a4c740d7b75da9','organization','seed_source_osm_ng_faith_transport_area_20260422','osm_node_8194319229','public_data','OpenStreetMap Nigeria area','Living Faith Church Sokoto','public_high_confidence','2026-04-22','2026-04-22','snapshot',NULL,unixepoch()),
  ('esrc_s14_osm_2cf9632f56129ebdd5704f51','org_s14_osm_2cf9632f56129ebdd5704f51','organization','seed_source_osm_ng_faith_transport_area_20260422','osm_node_9170229710','public_data','OpenStreetMap Nigeria area','Magagindoke Mosque','public_high_confidence','2026-04-22','2026-04-22','snapshot',NULL,unixepoch()),
  ('esrc_s14_osm_340f1a5ed6ec85e86d7a64d0','org_s14_osm_340f1a5ed6ec85e86d7a64d0','organization','seed_source_osm_ng_faith_transport_area_20260422','osm_node_9170239337','public_data','OpenStreetMap Nigeria area','Abdulfatah Juma''at mosque','public_high_confidence','2026-04-22','2026-04-22','snapshot',NULL,unixepoch()),
  ('esrc_s14_osm_8daeefa5d0a3fbfdcdb3331b','org_s14_osm_8daeefa5d0a3fbfdcdb3331b','organization','seed_source_osm_ng_faith_transport_area_20260422','osm_way_1226922973','public_data','OpenStreetMap Nigeria area','Our Lady Queen Of Peace Catholic Cathedral','public_high_confidence','2026-04-22','2026-04-22','snapshot',NULL,unixepoch()),
  ('esrc_s14_osm_baaee4c1fa9f955433a354f1','org_s14_osm_baaee4c1fa9f955433a354f1','organization','seed_source_osm_ng_faith_transport_area_20260422','osm_way_1304154373','public_data','OpenStreetMap Nigeria area','St. Peter`s Catholic Church','public_high_confidence','2026-04-22','2026-04-22','snapshot',NULL,unixepoch()),
  ('esrc_s14_osm_e9f26d07b1910856eb630327','org_s14_osm_e9f26d07b1910856eb630327','organization','seed_source_osm_ng_faith_transport_area_20260422','osm_way_1304154377','public_data','OpenStreetMap Nigeria area','United Methodist Church Nukkai, Jalingo','public_high_confidence','2026-04-22','2026-04-22','snapshot',NULL,unixepoch()),
  ('esrc_s14_osm_b751be2e9d83d9bee9a61e6c','org_s14_osm_b751be2e9d83d9bee9a61e6c','organization','seed_source_osm_ng_faith_transport_area_20260422','osm_way_1304919124','public_data','OpenStreetMap Nigeria area','ECWA (Evangelical Church Winning All) Church No. 5','public_high_confidence','2026-04-22','2026-04-22','snapshot',NULL,unixepoch()),
  ('esrc_s14_osm_581ecb8026243aafc1efb224','org_s14_osm_581ecb8026243aafc1efb224','organization','seed_source_osm_ng_faith_transport_area_20260422','osm_way_1304919126','public_data','OpenStreetMap Nigeria area','HEKAN Church (United Church of Christ in Nations - Hadaddiyar Ekklisiyar Kristi a Nahiyya) Jalingo','public_high_confidence','2026-04-22','2026-04-22','snapshot',NULL,unixepoch());
