-- ============================================================
-- Migration 0536: Markets & Plazas Deep Extraction — Batch 2
-- Generated: 2026-05-02 | Records: 283
-- Source: OpenStreetMap Nigeria (Overpass API deep extraction 2026-05-02)
-- OSM data © OpenStreetMap contributors, ODbL licence
-- Idempotent: all inserts use INSERT OR IGNORE
-- ============================================================
PRAGMA journal_mode=WAL;
PRAGMA synchronous=NORMAL;
BEGIN TRANSACTION;
INSERT OR IGNORE INTO seed_sources (id,label,source_type,url,confidence_tier,notes) VALUES ('seed_source_osm_market_ng_s16b_20260502','OpenStreetMap Nigeria — Markets & Plazas Deep Extraction — Batch 2','osm_extract','https://overpass-api.de','seeded','OpenStreetMap ODbL licensed data — Overpass deep extraction 2026-05-02');
INSERT OR IGNORE INTO seed_runs (id,label,phase,status,started_at,completed_at) VALUES ('seed_run_s16_market_batch2_20260502','S16 OSM Nigeria Markets & Plazas (deep) — Batch 2 2026-05-02','S16','completed',unixepoch(),unixepoch());
INSERT OR IGNORE INTO seed_raw_artifacts (id,seed_run_id,artifact_type,file_path,content_hash,row_count,notes) VALUES ('seed_artifact_s16_market_batch2_20260502','seed_run_s16_market_batch2_20260502','normalized','infra/db/seed/sources',NULL,283,'Auto-generated from Overpass API deep extraction 2026-05-02');

-- 1. JSS junction gbagba ilorin, Oko Erin, Nigeria
INSERT OR IGNORE INTO organizations (id,tenant_id,organization_type,legal_name,display_name,registration_number,status,verification_state,created_at,updated_at) VALUES ('org_s16_market_74a32abdb3d1949b','tenant_platform_seed','shopping_mall','JSS junction gbagba ilorin, Oko Erin, Nigeria','JSS junction gbagba ilorin, Oko Erin, Nigeria',NULL,'active','seeded',unixepoch(),unixepoch());
INSERT OR IGNORE INTO profiles (id,subject_id,subject_type,primary_place_id,tenant_id,workspace_id,display_name,created_at,updated_at) VALUES ('prof_s16_market_74a32abdb3d1949b','org_s16_market_74a32abdb3d1949b','organization','place_nigeria_001','tenant_platform_seed','workspace_platform_seed_discovery','JSS junction gbagba ilorin, Oko Erin, Nigeria',unixepoch(),unixepoch());
INSERT OR IGNORE INTO search_entries (id,profile_id,display_name,keywords,ancestry_path,vertical,created_at,updated_at) VALUES ('se_s16_market_74a32abdb3d1949b','prof_s16_market_74a32abdb3d1949b','JSS junction gbagba ilorin, Oko Erin, Nigeria','jss junction gbagba ilorin, oko erin, nigeria shopping_mall market marketplace plaza mall trading centre nigeria','place_nigeria_001','commerce',unixepoch(),unixepoch());
INSERT OR IGNORE INTO seed_ingestion_records (id,seed_run_id,entity_type,entity_id,source_id,status) VALUES ('ir_s16_market_74a32abdb3d1949b','seed_run_s16_market_batch2_20260502','organization','org_s16_market_74a32abdb3d1949b','seed_source_osm_market_ng_s16b_20260502','ingested');
INSERT OR IGNORE INTO seed_entity_sources (id,seed_run_id,entity_type,entity_id,source_id,confidence_tier) VALUES ('es_s16_market_74a32abdb3d1949b','seed_run_s16_market_batch2_20260502','organization','org_s16_market_74a32abdb3d1949b','seed_source_osm_market_ng_s16b_20260502','seeded');
INSERT OR IGNORE INTO seed_enrichment (id,seed_run_id,entity_type,entity_id,enrichment_type,enrichment_json) VALUES ('enr_s16_market_74a32abdb3d1949b','seed_run_s16_market_batch2_20260502','organization','org_s16_market_74a32abdb3d1949b','seed_source_osm_market_ng_s16b_20260502','{"osm_id": "13048286666", "osm_type": "node", "amenity": "", "shop": "mall", "addr_state": "", "addr_lga": "", "operator": "", "opening_hours": ""}');

-- 2. JMK Plaza, Ibrahim Taiwo Road, Ilorin, Nigeria
INSERT OR IGNORE INTO organizations (id,tenant_id,organization_type,legal_name,display_name,registration_number,status,verification_state,created_at,updated_at) VALUES ('org_s16_market_0df7798410be67a5','tenant_platform_seed','market','JMK Plaza, Ibrahim Taiwo Road, Ilorin, Nigeria','JMK Plaza, Ibrahim Taiwo Road, Ilorin, Nigeria',NULL,'active','seeded',unixepoch(),unixepoch());
INSERT OR IGNORE INTO profiles (id,subject_id,subject_type,primary_place_id,tenant_id,workspace_id,display_name,created_at,updated_at) VALUES ('prof_s16_market_0df7798410be67a5','org_s16_market_0df7798410be67a5','organization','place_nigeria_001','tenant_platform_seed','workspace_platform_seed_discovery','JMK Plaza, Ibrahim Taiwo Road, Ilorin, Nigeria',unixepoch(),unixepoch());
INSERT OR IGNORE INTO search_entries (id,profile_id,display_name,keywords,ancestry_path,vertical,created_at,updated_at) VALUES ('se_s16_market_0df7798410be67a5','prof_s16_market_0df7798410be67a5','JMK Plaza, Ibrahim Taiwo Road, Ilorin, Nigeria','jmk plaza, ibrahim taiwo road, ilorin, nigeria market market marketplace plaza mall trading centre nigeria','place_nigeria_001','commerce',unixepoch(),unixepoch());
INSERT OR IGNORE INTO seed_ingestion_records (id,seed_run_id,entity_type,entity_id,source_id,status) VALUES ('ir_s16_market_0df7798410be67a5','seed_run_s16_market_batch2_20260502','organization','org_s16_market_0df7798410be67a5','seed_source_osm_market_ng_s16b_20260502','ingested');
INSERT OR IGNORE INTO seed_entity_sources (id,seed_run_id,entity_type,entity_id,source_id,confidence_tier) VALUES ('es_s16_market_0df7798410be67a5','seed_run_s16_market_batch2_20260502','organization','org_s16_market_0df7798410be67a5','seed_source_osm_market_ng_s16b_20260502','seeded');
INSERT OR IGNORE INTO seed_enrichment (id,seed_run_id,entity_type,entity_id,enrichment_type,enrichment_json) VALUES ('enr_s16_market_0df7798410be67a5','seed_run_s16_market_batch2_20260502','organization','org_s16_market_0df7798410be67a5','seed_source_osm_market_ng_s16b_20260502','{"osm_id": "13048286669", "osm_type": "node", "amenity": "", "shop": "yes", "addr_state": "", "addr_lga": "", "operator": "", "opening_hours": ""}');

-- 3. ITA AJIA Shopping Complex, Oko Erin, Nigeria
INSERT OR IGNORE INTO organizations (id,tenant_id,organization_type,legal_name,display_name,registration_number,status,verification_state,created_at,updated_at) VALUES ('org_s16_market_cd19de4cf4bfc445','tenant_platform_seed','shopping_mall','ITA AJIA Shopping Complex, Oko Erin, Nigeria','ITA AJIA Shopping Complex, Oko Erin, Nigeria',NULL,'active','seeded',unixepoch(),unixepoch());
INSERT OR IGNORE INTO profiles (id,subject_id,subject_type,primary_place_id,tenant_id,workspace_id,display_name,created_at,updated_at) VALUES ('prof_s16_market_cd19de4cf4bfc445','org_s16_market_cd19de4cf4bfc445','organization','place_nigeria_001','tenant_platform_seed','workspace_platform_seed_discovery','ITA AJIA Shopping Complex, Oko Erin, Nigeria',unixepoch(),unixepoch());
INSERT OR IGNORE INTO search_entries (id,profile_id,display_name,keywords,ancestry_path,vertical,created_at,updated_at) VALUES ('se_s16_market_cd19de4cf4bfc445','prof_s16_market_cd19de4cf4bfc445','ITA AJIA Shopping Complex, Oko Erin, Nigeria','ita ajia shopping complex, oko erin, nigeria shopping_mall market marketplace plaza mall trading centre nigeria','place_nigeria_001','commerce',unixepoch(),unixepoch());
INSERT OR IGNORE INTO seed_ingestion_records (id,seed_run_id,entity_type,entity_id,source_id,status) VALUES ('ir_s16_market_cd19de4cf4bfc445','seed_run_s16_market_batch2_20260502','organization','org_s16_market_cd19de4cf4bfc445','seed_source_osm_market_ng_s16b_20260502','ingested');
INSERT OR IGNORE INTO seed_entity_sources (id,seed_run_id,entity_type,entity_id,source_id,confidence_tier) VALUES ('es_s16_market_cd19de4cf4bfc445','seed_run_s16_market_batch2_20260502','organization','org_s16_market_cd19de4cf4bfc445','seed_source_osm_market_ng_s16b_20260502','seeded');
INSERT OR IGNORE INTO seed_enrichment (id,seed_run_id,entity_type,entity_id,enrichment_type,enrichment_json) VALUES ('enr_s16_market_cd19de4cf4bfc445','seed_run_s16_market_batch2_20260502','organization','org_s16_market_cd19de4cf4bfc445','seed_source_osm_market_ng_s16b_20260502','{"osm_id": "13048286674", "osm_type": "node", "amenity": "", "shop": "mall", "addr_state": "", "addr_lga": "", "operator": "", "opening_hours": ""}');

-- 4. Femtech Electromall, Fate Road, Ilorin, Nigeria
INSERT OR IGNORE INTO organizations (id,tenant_id,organization_type,legal_name,display_name,registration_number,status,verification_state,created_at,updated_at) VALUES ('org_s16_market_d2142e57ec54bf90','tenant_platform_seed','shopping_mall','Femtech Electromall, Fate Road, Ilorin, Nigeria','Femtech Electromall, Fate Road, Ilorin, Nigeria',NULL,'active','seeded',unixepoch(),unixepoch());
INSERT OR IGNORE INTO profiles (id,subject_id,subject_type,primary_place_id,tenant_id,workspace_id,display_name,created_at,updated_at) VALUES ('prof_s16_market_d2142e57ec54bf90','org_s16_market_d2142e57ec54bf90','organization','place_nigeria_001','tenant_platform_seed','workspace_platform_seed_discovery','Femtech Electromall, Fate Road, Ilorin, Nigeria',unixepoch(),unixepoch());
INSERT OR IGNORE INTO search_entries (id,profile_id,display_name,keywords,ancestry_path,vertical,created_at,updated_at) VALUES ('se_s16_market_d2142e57ec54bf90','prof_s16_market_d2142e57ec54bf90','Femtech Electromall, Fate Road, Ilorin, Nigeria','femtech electromall, fate road, ilorin, nigeria shopping_mall market marketplace plaza mall trading centre nigeria','place_nigeria_001','commerce',unixepoch(),unixepoch());
INSERT OR IGNORE INTO seed_ingestion_records (id,seed_run_id,entity_type,entity_id,source_id,status) VALUES ('ir_s16_market_d2142e57ec54bf90','seed_run_s16_market_batch2_20260502','organization','org_s16_market_d2142e57ec54bf90','seed_source_osm_market_ng_s16b_20260502','ingested');
INSERT OR IGNORE INTO seed_entity_sources (id,seed_run_id,entity_type,entity_id,source_id,confidence_tier) VALUES ('es_s16_market_d2142e57ec54bf90','seed_run_s16_market_batch2_20260502','organization','org_s16_market_d2142e57ec54bf90','seed_source_osm_market_ng_s16b_20260502','seeded');
INSERT OR IGNORE INTO seed_enrichment (id,seed_run_id,entity_type,entity_id,enrichment_type,enrichment_json) VALUES ('enr_s16_market_d2142e57ec54bf90','seed_run_s16_market_batch2_20260502','organization','org_s16_market_d2142e57ec54bf90','seed_source_osm_market_ng_s16b_20260502','{"osm_id": "13048286709", "osm_type": "node", "amenity": "", "shop": "mall", "addr_state": "", "addr_lga": "", "operator": "", "opening_hours": ""}');

-- 5. Fate Road, Oko Erin, Nigeria
INSERT OR IGNORE INTO organizations (id,tenant_id,organization_type,legal_name,display_name,registration_number,status,verification_state,created_at,updated_at) VALUES ('org_s16_market_e1168fee2b69ed06','tenant_platform_seed','shopping_mall','Fate Road, Oko Erin, Nigeria','Fate Road, Oko Erin, Nigeria',NULL,'active','seeded',unixepoch(),unixepoch());
INSERT OR IGNORE INTO profiles (id,subject_id,subject_type,primary_place_id,tenant_id,workspace_id,display_name,created_at,updated_at) VALUES ('prof_s16_market_e1168fee2b69ed06','org_s16_market_e1168fee2b69ed06','organization','place_nigeria_001','tenant_platform_seed','workspace_platform_seed_discovery','Fate Road, Oko Erin, Nigeria',unixepoch(),unixepoch());
INSERT OR IGNORE INTO search_entries (id,profile_id,display_name,keywords,ancestry_path,vertical,created_at,updated_at) VALUES ('se_s16_market_e1168fee2b69ed06','prof_s16_market_e1168fee2b69ed06','Fate Road, Oko Erin, Nigeria','fate road, oko erin, nigeria shopping_mall market marketplace plaza mall trading centre nigeria','place_nigeria_001','commerce',unixepoch(),unixepoch());
INSERT OR IGNORE INTO seed_ingestion_records (id,seed_run_id,entity_type,entity_id,source_id,status) VALUES ('ir_s16_market_e1168fee2b69ed06','seed_run_s16_market_batch2_20260502','organization','org_s16_market_e1168fee2b69ed06','seed_source_osm_market_ng_s16b_20260502','ingested');
INSERT OR IGNORE INTO seed_entity_sources (id,seed_run_id,entity_type,entity_id,source_id,confidence_tier) VALUES ('es_s16_market_e1168fee2b69ed06','seed_run_s16_market_batch2_20260502','organization','org_s16_market_e1168fee2b69ed06','seed_source_osm_market_ng_s16b_20260502','seeded');
INSERT OR IGNORE INTO seed_enrichment (id,seed_run_id,entity_type,entity_id,enrichment_type,enrichment_json) VALUES ('enr_s16_market_e1168fee2b69ed06','seed_run_s16_market_batch2_20260502','organization','org_s16_market_e1168fee2b69ed06','seed_source_osm_market_ng_s16b_20260502','{"osm_id": "13048286710", "osm_type": "node", "amenity": "", "shop": "mall", "addr_state": "", "addr_lga": "", "operator": "", "opening_hours": ""}');

-- 6. Emirate Mall Ilorin, Airforce base street, off Lagos-Ogbomosho road, Ilorin, Nigeria
INSERT OR IGNORE INTO organizations (id,tenant_id,organization_type,legal_name,display_name,registration_number,status,verification_state,created_at,updated_at) VALUES ('org_s16_market_cda799613a1cdc46','tenant_platform_seed','shopping_mall','Emirate Mall Ilorin, Airforce base street, off Lagos-Ogbomosho road, Ilorin, Nigeria','Emirate Mall Ilorin, Airforce base street, off Lagos-Ogbomosho road, Ilorin, Nigeria',NULL,'active','seeded',unixepoch(),unixepoch());
INSERT OR IGNORE INTO profiles (id,subject_id,subject_type,primary_place_id,tenant_id,workspace_id,display_name,created_at,updated_at) VALUES ('prof_s16_market_cda799613a1cdc46','org_s16_market_cda799613a1cdc46','organization','place_nigeria_001','tenant_platform_seed','workspace_platform_seed_discovery','Emirate Mall Ilorin, Airforce base street, off Lagos-Ogbomosho road, Ilorin, Nigeria',unixepoch(),unixepoch());
INSERT OR IGNORE INTO search_entries (id,profile_id,display_name,keywords,ancestry_path,vertical,created_at,updated_at) VALUES ('se_s16_market_cda799613a1cdc46','prof_s16_market_cda799613a1cdc46','Emirate Mall Ilorin, Airforce base street, off Lagos-Ogbomosho road, Ilorin, Nigeria','emirate mall ilorin, airforce base street, off lagos-ogbomosho road, ilorin, nigeria shopping_mall market marketplace plaza mall trading centre nigeria','place_nigeria_001','commerce',unixepoch(),unixepoch());
INSERT OR IGNORE INTO seed_ingestion_records (id,seed_run_id,entity_type,entity_id,source_id,status) VALUES ('ir_s16_market_cda799613a1cdc46','seed_run_s16_market_batch2_20260502','organization','org_s16_market_cda799613a1cdc46','seed_source_osm_market_ng_s16b_20260502','ingested');
INSERT OR IGNORE INTO seed_entity_sources (id,seed_run_id,entity_type,entity_id,source_id,confidence_tier) VALUES ('es_s16_market_cda799613a1cdc46','seed_run_s16_market_batch2_20260502','organization','org_s16_market_cda799613a1cdc46','seed_source_osm_market_ng_s16b_20260502','seeded');
INSERT OR IGNORE INTO seed_enrichment (id,seed_run_id,entity_type,entity_id,enrichment_type,enrichment_json) VALUES ('enr_s16_market_cda799613a1cdc46','seed_run_s16_market_batch2_20260502','organization','org_s16_market_cda799613a1cdc46','seed_source_osm_market_ng_s16b_20260502','{"osm_id": "13048286713", "osm_type": "node", "amenity": "", "shop": "mall", "addr_state": "", "addr_lga": "", "operator": "", "opening_hours": ""}');

-- 7. Charis Shopping Complex, Post Office, Ilorin, Nigeria
INSERT OR IGNORE INTO organizations (id,tenant_id,organization_type,legal_name,display_name,registration_number,status,verification_state,created_at,updated_at) VALUES ('org_s16_market_40db9e1a0e0ec336','tenant_platform_seed','shopping_mall','Charis Shopping Complex, Post Office, Ilorin, Nigeria','Charis Shopping Complex, Post Office, Ilorin, Nigeria',NULL,'active','seeded',unixepoch(),unixepoch());
INSERT OR IGNORE INTO profiles (id,subject_id,subject_type,primary_place_id,tenant_id,workspace_id,display_name,created_at,updated_at) VALUES ('prof_s16_market_40db9e1a0e0ec336','org_s16_market_40db9e1a0e0ec336','organization','place_nigeria_001','tenant_platform_seed','workspace_platform_seed_discovery','Charis Shopping Complex, Post Office, Ilorin, Nigeria',unixepoch(),unixepoch());
INSERT OR IGNORE INTO search_entries (id,profile_id,display_name,keywords,ancestry_path,vertical,created_at,updated_at) VALUES ('se_s16_market_40db9e1a0e0ec336','prof_s16_market_40db9e1a0e0ec336','Charis Shopping Complex, Post Office, Ilorin, Nigeria','charis shopping complex, post office, ilorin, nigeria shopping_mall market marketplace plaza mall trading centre nigeria','place_nigeria_001','commerce',unixepoch(),unixepoch());
INSERT OR IGNORE INTO seed_ingestion_records (id,seed_run_id,entity_type,entity_id,source_id,status) VALUES ('ir_s16_market_40db9e1a0e0ec336','seed_run_s16_market_batch2_20260502','organization','org_s16_market_40db9e1a0e0ec336','seed_source_osm_market_ng_s16b_20260502','ingested');
INSERT OR IGNORE INTO seed_entity_sources (id,seed_run_id,entity_type,entity_id,source_id,confidence_tier) VALUES ('es_s16_market_40db9e1a0e0ec336','seed_run_s16_market_batch2_20260502','organization','org_s16_market_40db9e1a0e0ec336','seed_source_osm_market_ng_s16b_20260502','seeded');
INSERT OR IGNORE INTO seed_enrichment (id,seed_run_id,entity_type,entity_id,enrichment_type,enrichment_json) VALUES ('enr_s16_market_40db9e1a0e0ec336','seed_run_s16_market_batch2_20260502','organization','org_s16_market_40db9e1a0e0ec336','seed_source_osm_market_ng_s16b_20260502','{"osm_id": "13048286735", "osm_type": "node", "amenity": "", "shop": "mall", "addr_state": "", "addr_lga": "", "operator": "", "opening_hours": ""}');

-- 8. Ace Supermarket, Unity Road, Ilorin, Nigeria
INSERT OR IGNORE INTO organizations (id,tenant_id,organization_type,legal_name,display_name,registration_number,status,verification_state,created_at,updated_at) VALUES ('org_s16_market_d9cef5a6b29dc01a','tenant_platform_seed','market','Ace Supermarket, Unity Road, Ilorin, Nigeria','Ace Supermarket, Unity Road, Ilorin, Nigeria',NULL,'active','seeded',unixepoch(),unixepoch());
INSERT OR IGNORE INTO profiles (id,subject_id,subject_type,primary_place_id,tenant_id,workspace_id,display_name,created_at,updated_at) VALUES ('prof_s16_market_d9cef5a6b29dc01a','org_s16_market_d9cef5a6b29dc01a','organization','place_nigeria_001','tenant_platform_seed','workspace_platform_seed_discovery','Ace Supermarket, Unity Road, Ilorin, Nigeria',unixepoch(),unixepoch());
INSERT OR IGNORE INTO search_entries (id,profile_id,display_name,keywords,ancestry_path,vertical,created_at,updated_at) VALUES ('se_s16_market_d9cef5a6b29dc01a','prof_s16_market_d9cef5a6b29dc01a','Ace Supermarket, Unity Road, Ilorin, Nigeria','ace supermarket, unity road, ilorin, nigeria market market marketplace plaza mall trading centre nigeria','place_nigeria_001','commerce',unixepoch(),unixepoch());
INSERT OR IGNORE INTO seed_ingestion_records (id,seed_run_id,entity_type,entity_id,source_id,status) VALUES ('ir_s16_market_d9cef5a6b29dc01a','seed_run_s16_market_batch2_20260502','organization','org_s16_market_d9cef5a6b29dc01a','seed_source_osm_market_ng_s16b_20260502','ingested');
INSERT OR IGNORE INTO seed_entity_sources (id,seed_run_id,entity_type,entity_id,source_id,confidence_tier) VALUES ('es_s16_market_d9cef5a6b29dc01a','seed_run_s16_market_batch2_20260502','organization','org_s16_market_d9cef5a6b29dc01a','seed_source_osm_market_ng_s16b_20260502','seeded');
INSERT OR IGNORE INTO seed_enrichment (id,seed_run_id,entity_type,entity_id,enrichment_type,enrichment_json) VALUES ('enr_s16_market_d9cef5a6b29dc01a','seed_run_s16_market_batch2_20260502','organization','org_s16_market_d9cef5a6b29dc01a','seed_source_osm_market_ng_s16b_20260502','{"osm_id": "13048286777", "osm_type": "node", "amenity": "", "shop": "supermarket", "addr_state": "", "addr_lga": "", "operator": "", "opening_hours": ""}');

-- 9. Nd Super-Market. Adewole, Ilorin
INSERT OR IGNORE INTO organizations (id,tenant_id,organization_type,legal_name,display_name,registration_number,status,verification_state,created_at,updated_at) VALUES ('org_s16_market_b6588bf9eec396f5','tenant_platform_seed','market','Nd Super-Market. Adewole, Ilorin','Nd Super-Market. Adewole, Ilorin',NULL,'active','seeded',unixepoch(),unixepoch());
INSERT OR IGNORE INTO profiles (id,subject_id,subject_type,primary_place_id,tenant_id,workspace_id,display_name,created_at,updated_at) VALUES ('prof_s16_market_b6588bf9eec396f5','org_s16_market_b6588bf9eec396f5','organization','place_nigeria_001','tenant_platform_seed','workspace_platform_seed_discovery','Nd Super-Market. Adewole, Ilorin',unixepoch(),unixepoch());
INSERT OR IGNORE INTO search_entries (id,profile_id,display_name,keywords,ancestry_path,vertical,created_at,updated_at) VALUES ('se_s16_market_b6588bf9eec396f5','prof_s16_market_b6588bf9eec396f5','Nd Super-Market. Adewole, Ilorin','nd super-market. adewole, ilorin market market marketplace plaza mall trading centre nigeria','place_nigeria_001','commerce',unixepoch(),unixepoch());
INSERT OR IGNORE INTO seed_ingestion_records (id,seed_run_id,entity_type,entity_id,source_id,status) VALUES ('ir_s16_market_b6588bf9eec396f5','seed_run_s16_market_batch2_20260502','organization','org_s16_market_b6588bf9eec396f5','seed_source_osm_market_ng_s16b_20260502','ingested');
INSERT OR IGNORE INTO seed_entity_sources (id,seed_run_id,entity_type,entity_id,source_id,confidence_tier) VALUES ('es_s16_market_b6588bf9eec396f5','seed_run_s16_market_batch2_20260502','organization','org_s16_market_b6588bf9eec396f5','seed_source_osm_market_ng_s16b_20260502','seeded');
INSERT OR IGNORE INTO seed_enrichment (id,seed_run_id,entity_type,entity_id,enrichment_type,enrichment_json) VALUES ('enr_s16_market_b6588bf9eec396f5','seed_run_s16_market_batch2_20260502','organization','org_s16_market_b6588bf9eec396f5','seed_source_osm_market_ng_s16b_20260502','{"osm_id": "13062065151", "osm_type": "node", "amenity": "", "shop": "supermarket", "addr_state": "", "addr_lga": "", "operator": "", "opening_hours": ""}');

-- 10. Jifatu
INSERT OR IGNORE INTO organizations (id,tenant_id,organization_type,legal_name,display_name,registration_number,status,verification_state,created_at,updated_at) VALUES ('org_s16_market_4a3aba1f63a16366','tenant_platform_seed','shopping_mall','Jifatu','Jifatu',NULL,'active','seeded',unixepoch(),unixepoch());
INSERT OR IGNORE INTO profiles (id,subject_id,subject_type,primary_place_id,tenant_id,workspace_id,display_name,created_at,updated_at) VALUES ('prof_s16_market_4a3aba1f63a16366','org_s16_market_4a3aba1f63a16366','organization','place_nigeria_001','tenant_platform_seed','workspace_platform_seed_discovery','Jifatu',unixepoch(),unixepoch());
INSERT OR IGNORE INTO search_entries (id,profile_id,display_name,keywords,ancestry_path,vertical,created_at,updated_at) VALUES ('se_s16_market_4a3aba1f63a16366','prof_s16_market_4a3aba1f63a16366','Jifatu','jifatu shopping_mall market marketplace plaza mall trading centre nigeria','place_nigeria_001','commerce',unixepoch(),unixepoch());
INSERT OR IGNORE INTO seed_ingestion_records (id,seed_run_id,entity_type,entity_id,source_id,status) VALUES ('ir_s16_market_4a3aba1f63a16366','seed_run_s16_market_batch2_20260502','organization','org_s16_market_4a3aba1f63a16366','seed_source_osm_market_ng_s16b_20260502','ingested');
INSERT OR IGNORE INTO seed_entity_sources (id,seed_run_id,entity_type,entity_id,source_id,confidence_tier) VALUES ('es_s16_market_4a3aba1f63a16366','seed_run_s16_market_batch2_20260502','organization','org_s16_market_4a3aba1f63a16366','seed_source_osm_market_ng_s16b_20260502','seeded');
INSERT OR IGNORE INTO seed_enrichment (id,seed_run_id,entity_type,entity_id,enrichment_type,enrichment_json) VALUES ('enr_s16_market_4a3aba1f63a16366','seed_run_s16_market_batch2_20260502','organization','org_s16_market_4a3aba1f63a16366','seed_source_osm_market_ng_s16b_20260502','{"osm_id": "13098850642", "osm_type": "node", "amenity": "", "shop": "mall", "addr_state": "", "addr_lga": "", "operator": "", "opening_hours": ""}');

-- 11. Shoprite Mall
INSERT OR IGNORE INTO organizations (id,tenant_id,organization_type,legal_name,display_name,registration_number,status,verification_state,created_at,updated_at) VALUES ('org_s16_market_57d7694b8454ab92','tenant_platform_seed','shopping_mall','Shoprite Mall','Shoprite Mall',NULL,'active','seeded',unixepoch(),unixepoch());
INSERT OR IGNORE INTO profiles (id,subject_id,subject_type,primary_place_id,tenant_id,workspace_id,display_name,created_at,updated_at) VALUES ('prof_s16_market_57d7694b8454ab92','org_s16_market_57d7694b8454ab92','organization','place_nigeria_001','tenant_platform_seed','workspace_platform_seed_discovery','Shoprite Mall',unixepoch(),unixepoch());
INSERT OR IGNORE INTO search_entries (id,profile_id,display_name,keywords,ancestry_path,vertical,created_at,updated_at) VALUES ('se_s16_market_57d7694b8454ab92','prof_s16_market_57d7694b8454ab92','Shoprite Mall','shoprite mall shopping_mall market marketplace plaza mall trading centre nigeria','place_nigeria_001','commerce',unixepoch(),unixepoch());
INSERT OR IGNORE INTO seed_ingestion_records (id,seed_run_id,entity_type,entity_id,source_id,status) VALUES ('ir_s16_market_57d7694b8454ab92','seed_run_s16_market_batch2_20260502','organization','org_s16_market_57d7694b8454ab92','seed_source_osm_market_ng_s16b_20260502','ingested');
INSERT OR IGNORE INTO seed_entity_sources (id,seed_run_id,entity_type,entity_id,source_id,confidence_tier) VALUES ('es_s16_market_57d7694b8454ab92','seed_run_s16_market_batch2_20260502','organization','org_s16_market_57d7694b8454ab92','seed_source_osm_market_ng_s16b_20260502','seeded');
INSERT OR IGNORE INTO seed_enrichment (id,seed_run_id,entity_type,entity_id,enrichment_type,enrichment_json) VALUES ('enr_s16_market_57d7694b8454ab92','seed_run_s16_market_batch2_20260502','organization','org_s16_market_57d7694b8454ab92','seed_source_osm_market_ng_s16b_20260502','{"osm_id": "13171397012", "osm_type": "node", "amenity": "", "shop": "mall", "addr_state": "", "addr_lga": "", "operator": "", "opening_hours": ""}');

-- 12. Destiny Supermarket
INSERT OR IGNORE INTO organizations (id,tenant_id,organization_type,legal_name,display_name,registration_number,status,verification_state,created_at,updated_at) VALUES ('org_s16_market_f76e608a5939c98f','tenant_platform_seed','market','Destiny Supermarket','Destiny Supermarket',NULL,'active','seeded',unixepoch(),unixepoch());
INSERT OR IGNORE INTO profiles (id,subject_id,subject_type,primary_place_id,tenant_id,workspace_id,display_name,created_at,updated_at) VALUES ('prof_s16_market_f76e608a5939c98f','org_s16_market_f76e608a5939c98f','organization','place_nigeria_001','tenant_platform_seed','workspace_platform_seed_discovery','Destiny Supermarket',unixepoch(),unixepoch());
INSERT OR IGNORE INTO search_entries (id,profile_id,display_name,keywords,ancestry_path,vertical,created_at,updated_at) VALUES ('se_s16_market_f76e608a5939c98f','prof_s16_market_f76e608a5939c98f','Destiny Supermarket','destiny supermarket market market marketplace plaza mall trading centre nigeria','place_nigeria_001','commerce',unixepoch(),unixepoch());
INSERT OR IGNORE INTO seed_ingestion_records (id,seed_run_id,entity_type,entity_id,source_id,status) VALUES ('ir_s16_market_f76e608a5939c98f','seed_run_s16_market_batch2_20260502','organization','org_s16_market_f76e608a5939c98f','seed_source_osm_market_ng_s16b_20260502','ingested');
INSERT OR IGNORE INTO seed_entity_sources (id,seed_run_id,entity_type,entity_id,source_id,confidence_tier) VALUES ('es_s16_market_f76e608a5939c98f','seed_run_s16_market_batch2_20260502','organization','org_s16_market_f76e608a5939c98f','seed_source_osm_market_ng_s16b_20260502','seeded');
INSERT OR IGNORE INTO seed_enrichment (id,seed_run_id,entity_type,entity_id,enrichment_type,enrichment_json) VALUES ('enr_s16_market_f76e608a5939c98f','seed_run_s16_market_batch2_20260502','organization','org_s16_market_f76e608a5939c98f','seed_source_osm_market_ng_s16b_20260502','{"osm_id": "13432551145", "osm_type": "node", "amenity": "", "shop": "supermarket", "addr_state": "", "addr_lga": "", "operator": "", "opening_hours": ""}');

-- 13. Greenwich Supermarket
INSERT OR IGNORE INTO organizations (id,tenant_id,organization_type,legal_name,display_name,registration_number,status,verification_state,created_at,updated_at) VALUES ('org_s16_market_2a9b8a56c75d0e09','tenant_platform_seed','market','Greenwich Supermarket','Greenwich Supermarket',NULL,'active','seeded',unixepoch(),unixepoch());
INSERT OR IGNORE INTO profiles (id,subject_id,subject_type,primary_place_id,tenant_id,workspace_id,display_name,created_at,updated_at) VALUES ('prof_s16_market_2a9b8a56c75d0e09','org_s16_market_2a9b8a56c75d0e09','organization','place_nigeria_001','tenant_platform_seed','workspace_platform_seed_discovery','Greenwich Supermarket',unixepoch(),unixepoch());
INSERT OR IGNORE INTO search_entries (id,profile_id,display_name,keywords,ancestry_path,vertical,created_at,updated_at) VALUES ('se_s16_market_2a9b8a56c75d0e09','prof_s16_market_2a9b8a56c75d0e09','Greenwich Supermarket','greenwich supermarket market market marketplace plaza mall trading centre nigeria','place_nigeria_001','commerce',unixepoch(),unixepoch());
INSERT OR IGNORE INTO seed_ingestion_records (id,seed_run_id,entity_type,entity_id,source_id,status) VALUES ('ir_s16_market_2a9b8a56c75d0e09','seed_run_s16_market_batch2_20260502','organization','org_s16_market_2a9b8a56c75d0e09','seed_source_osm_market_ng_s16b_20260502','ingested');
INSERT OR IGNORE INTO seed_entity_sources (id,seed_run_id,entity_type,entity_id,source_id,confidence_tier) VALUES ('es_s16_market_2a9b8a56c75d0e09','seed_run_s16_market_batch2_20260502','organization','org_s16_market_2a9b8a56c75d0e09','seed_source_osm_market_ng_s16b_20260502','seeded');
INSERT OR IGNORE INTO seed_enrichment (id,seed_run_id,entity_type,entity_id,enrichment_type,enrichment_json) VALUES ('enr_s16_market_2a9b8a56c75d0e09','seed_run_s16_market_batch2_20260502','organization','org_s16_market_2a9b8a56c75d0e09','seed_source_osm_market_ng_s16b_20260502','{"osm_id": "13442806419", "osm_type": "node", "amenity": "", "shop": "supermarket", "addr_state": "", "addr_lga": "", "operator": "", "opening_hours": ""}');

-- 14. Chechinya Market
INSERT OR IGNORE INTO organizations (id,tenant_id,organization_type,legal_name,display_name,registration_number,status,verification_state,created_at,updated_at) VALUES ('org_s16_market_1b1e7a83dd9b95bc','tenant_platform_seed','market','Chechinya Market','Chechinya Market',NULL,'active','seeded',unixepoch(),unixepoch());
INSERT OR IGNORE INTO profiles (id,subject_id,subject_type,primary_place_id,tenant_id,workspace_id,display_name,created_at,updated_at) VALUES ('prof_s16_market_1b1e7a83dd9b95bc','org_s16_market_1b1e7a83dd9b95bc','organization','place_nigeria_001','tenant_platform_seed','workspace_platform_seed_discovery','Chechinya Market',unixepoch(),unixepoch());
INSERT OR IGNORE INTO search_entries (id,profile_id,display_name,keywords,ancestry_path,vertical,created_at,updated_at) VALUES ('se_s16_market_1b1e7a83dd9b95bc','prof_s16_market_1b1e7a83dd9b95bc','Chechinya Market','chechinya market market market marketplace plaza mall trading centre nigeria','place_nigeria_001','commerce',unixepoch(),unixepoch());
INSERT OR IGNORE INTO seed_ingestion_records (id,seed_run_id,entity_type,entity_id,source_id,status) VALUES ('ir_s16_market_1b1e7a83dd9b95bc','seed_run_s16_market_batch2_20260502','organization','org_s16_market_1b1e7a83dd9b95bc','seed_source_osm_market_ng_s16b_20260502','ingested');
INSERT OR IGNORE INTO seed_entity_sources (id,seed_run_id,entity_type,entity_id,source_id,confidence_tier) VALUES ('es_s16_market_1b1e7a83dd9b95bc','seed_run_s16_market_batch2_20260502','organization','org_s16_market_1b1e7a83dd9b95bc','seed_source_osm_market_ng_s16b_20260502','seeded');
INSERT OR IGNORE INTO seed_enrichment (id,seed_run_id,entity_type,entity_id,enrichment_type,enrichment_json) VALUES ('enr_s16_market_1b1e7a83dd9b95bc','seed_run_s16_market_batch2_20260502','organization','org_s16_market_1b1e7a83dd9b95bc','seed_source_osm_market_ng_s16b_20260502','{"osm_id": "38977423", "osm_type": "way", "amenity": "marketplace", "shop": "", "addr_state": "", "addr_lga": "", "operator": "", "opening_hours": ""}');

-- 15. Osawaru Mega Plaza
INSERT OR IGNORE INTO organizations (id,tenant_id,organization_type,legal_name,display_name,registration_number,status,verification_state,created_at,updated_at) VALUES ('org_s16_market_ac770b6fb3bb39c9','tenant_platform_seed','shopping_mall','Osawaru Mega Plaza','Osawaru Mega Plaza',NULL,'active','seeded',unixepoch(),unixepoch());
INSERT OR IGNORE INTO profiles (id,subject_id,subject_type,primary_place_id,tenant_id,workspace_id,display_name,created_at,updated_at) VALUES ('prof_s16_market_ac770b6fb3bb39c9','org_s16_market_ac770b6fb3bb39c9','organization','place_nigeria_001','tenant_platform_seed','workspace_platform_seed_discovery','Osawaru Mega Plaza',unixepoch(),unixepoch());
INSERT OR IGNORE INTO search_entries (id,profile_id,display_name,keywords,ancestry_path,vertical,created_at,updated_at) VALUES ('se_s16_market_ac770b6fb3bb39c9','prof_s16_market_ac770b6fb3bb39c9','Osawaru Mega Plaza','osawaru mega plaza shopping_mall market marketplace plaza mall trading centre nigeria','place_nigeria_001','commerce',unixepoch(),unixepoch());
INSERT OR IGNORE INTO seed_ingestion_records (id,seed_run_id,entity_type,entity_id,source_id,status) VALUES ('ir_s16_market_ac770b6fb3bb39c9','seed_run_s16_market_batch2_20260502','organization','org_s16_market_ac770b6fb3bb39c9','seed_source_osm_market_ng_s16b_20260502','ingested');
INSERT OR IGNORE INTO seed_entity_sources (id,seed_run_id,entity_type,entity_id,source_id,confidence_tier) VALUES ('es_s16_market_ac770b6fb3bb39c9','seed_run_s16_market_batch2_20260502','organization','org_s16_market_ac770b6fb3bb39c9','seed_source_osm_market_ng_s16b_20260502','seeded');
INSERT OR IGNORE INTO seed_enrichment (id,seed_run_id,entity_type,entity_id,enrichment_type,enrichment_json) VALUES ('enr_s16_market_ac770b6fb3bb39c9','seed_run_s16_market_batch2_20260502','organization','org_s16_market_ac770b6fb3bb39c9','seed_source_osm_market_ng_s16b_20260502','{"osm_id": "44618871", "osm_type": "way", "amenity": "", "shop": "mall", "addr_state": "", "addr_lga": "", "operator": "", "opening_hours": ""}');

-- 16. Yanga Market
INSERT OR IGNORE INTO organizations (id,tenant_id,organization_type,legal_name,display_name,registration_number,status,verification_state,created_at,updated_at) VALUES ('org_s16_market_16d2a545c2fc479c','tenant_platform_seed','market','Yanga Market','Yanga Market',NULL,'active','seeded',unixepoch(),unixepoch());
INSERT OR IGNORE INTO profiles (id,subject_id,subject_type,primary_place_id,tenant_id,workspace_id,display_name,created_at,updated_at) VALUES ('prof_s16_market_16d2a545c2fc479c','org_s16_market_16d2a545c2fc479c','organization','place_nigeria_001','tenant_platform_seed','workspace_platform_seed_discovery','Yanga Market',unixepoch(),unixepoch());
INSERT OR IGNORE INTO search_entries (id,profile_id,display_name,keywords,ancestry_path,vertical,created_at,updated_at) VALUES ('se_s16_market_16d2a545c2fc479c','prof_s16_market_16d2a545c2fc479c','Yanga Market','yanga market market market marketplace plaza mall trading centre nigeria','place_nigeria_001','commerce',unixepoch(),unixepoch());
INSERT OR IGNORE INTO seed_ingestion_records (id,seed_run_id,entity_type,entity_id,source_id,status) VALUES ('ir_s16_market_16d2a545c2fc479c','seed_run_s16_market_batch2_20260502','organization','org_s16_market_16d2a545c2fc479c','seed_source_osm_market_ng_s16b_20260502','ingested');
INSERT OR IGNORE INTO seed_entity_sources (id,seed_run_id,entity_type,entity_id,source_id,confidence_tier) VALUES ('es_s16_market_16d2a545c2fc479c','seed_run_s16_market_batch2_20260502','organization','org_s16_market_16d2a545c2fc479c','seed_source_osm_market_ng_s16b_20260502','seeded');
INSERT OR IGNORE INTO seed_enrichment (id,seed_run_id,entity_type,entity_id,enrichment_type,enrichment_json) VALUES ('enr_s16_market_16d2a545c2fc479c','seed_run_s16_market_batch2_20260502','organization','org_s16_market_16d2a545c2fc479c','seed_source_osm_market_ng_s16b_20260502','{"osm_id": "44618872", "osm_type": "way", "amenity": "marketplace", "shop": "", "addr_state": "", "addr_lga": "", "operator": "", "opening_hours": ""}');

-- 17. Uwa Shopping Plaza
INSERT OR IGNORE INTO organizations (id,tenant_id,organization_type,legal_name,display_name,registration_number,status,verification_state,created_at,updated_at) VALUES ('org_s16_market_5cc33fbb4791f5d4','tenant_platform_seed','shopping_mall','Uwa Shopping Plaza','Uwa Shopping Plaza',NULL,'active','seeded',unixepoch(),unixepoch());
INSERT OR IGNORE INTO profiles (id,subject_id,subject_type,primary_place_id,tenant_id,workspace_id,display_name,created_at,updated_at) VALUES ('prof_s16_market_5cc33fbb4791f5d4','org_s16_market_5cc33fbb4791f5d4','organization','place_nigeria_001','tenant_platform_seed','workspace_platform_seed_discovery','Uwa Shopping Plaza',unixepoch(),unixepoch());
INSERT OR IGNORE INTO search_entries (id,profile_id,display_name,keywords,ancestry_path,vertical,created_at,updated_at) VALUES ('se_s16_market_5cc33fbb4791f5d4','prof_s16_market_5cc33fbb4791f5d4','Uwa Shopping Plaza','uwa shopping plaza shopping_mall market marketplace plaza mall trading centre nigeria','place_nigeria_001','commerce',unixepoch(),unixepoch());
INSERT OR IGNORE INTO seed_ingestion_records (id,seed_run_id,entity_type,entity_id,source_id,status) VALUES ('ir_s16_market_5cc33fbb4791f5d4','seed_run_s16_market_batch2_20260502','organization','org_s16_market_5cc33fbb4791f5d4','seed_source_osm_market_ng_s16b_20260502','ingested');
INSERT OR IGNORE INTO seed_entity_sources (id,seed_run_id,entity_type,entity_id,source_id,confidence_tier) VALUES ('es_s16_market_5cc33fbb4791f5d4','seed_run_s16_market_batch2_20260502','organization','org_s16_market_5cc33fbb4791f5d4','seed_source_osm_market_ng_s16b_20260502','seeded');
INSERT OR IGNORE INTO seed_enrichment (id,seed_run_id,entity_type,entity_id,enrichment_type,enrichment_json) VALUES ('enr_s16_market_5cc33fbb4791f5d4','seed_run_s16_market_batch2_20260502','organization','org_s16_market_5cc33fbb4791f5d4','seed_source_osm_market_ng_s16b_20260502','{"osm_id": "44923972", "osm_type": "way", "amenity": "", "shop": "mall", "addr_state": "", "addr_lga": "", "operator": "", "opening_hours": ""}');

-- 18. Crown Supermarket
INSERT OR IGNORE INTO organizations (id,tenant_id,organization_type,legal_name,display_name,registration_number,status,verification_state,created_at,updated_at) VALUES ('org_s16_market_045eab1b5323ed16','tenant_platform_seed','market','Crown Supermarket','Crown Supermarket',NULL,'active','seeded',unixepoch(),unixepoch());
INSERT OR IGNORE INTO profiles (id,subject_id,subject_type,primary_place_id,tenant_id,workspace_id,display_name,created_at,updated_at) VALUES ('prof_s16_market_045eab1b5323ed16','org_s16_market_045eab1b5323ed16','organization','place_nigeria_001','tenant_platform_seed','workspace_platform_seed_discovery','Crown Supermarket',unixepoch(),unixepoch());
INSERT OR IGNORE INTO search_entries (id,profile_id,display_name,keywords,ancestry_path,vertical,created_at,updated_at) VALUES ('se_s16_market_045eab1b5323ed16','prof_s16_market_045eab1b5323ed16','Crown Supermarket','crown supermarket market market marketplace plaza mall trading centre nigeria','place_nigeria_001','commerce',unixepoch(),unixepoch());
INSERT OR IGNORE INTO seed_ingestion_records (id,seed_run_id,entity_type,entity_id,source_id,status) VALUES ('ir_s16_market_045eab1b5323ed16','seed_run_s16_market_batch2_20260502','organization','org_s16_market_045eab1b5323ed16','seed_source_osm_market_ng_s16b_20260502','ingested');
INSERT OR IGNORE INTO seed_entity_sources (id,seed_run_id,entity_type,entity_id,source_id,confidence_tier) VALUES ('es_s16_market_045eab1b5323ed16','seed_run_s16_market_batch2_20260502','organization','org_s16_market_045eab1b5323ed16','seed_source_osm_market_ng_s16b_20260502','seeded');
INSERT OR IGNORE INTO seed_enrichment (id,seed_run_id,entity_type,entity_id,enrichment_type,enrichment_json) VALUES ('enr_s16_market_045eab1b5323ed16','seed_run_s16_market_batch2_20260502','organization','org_s16_market_045eab1b5323ed16','seed_source_osm_market_ng_s16b_20260502','{"osm_id": "47145059", "osm_type": "way", "amenity": "", "shop": "supermarket", "addr_state": "", "addr_lga": "", "operator": "", "opening_hours": ""}');

-- 19. Gbagi New International Market
INSERT OR IGNORE INTO organizations (id,tenant_id,organization_type,legal_name,display_name,registration_number,status,verification_state,created_at,updated_at) VALUES ('org_s16_market_d3580052c4c9712a','tenant_platform_seed','market','Gbagi New International Market','Gbagi New International Market',NULL,'active','seeded',unixepoch(),unixepoch());
INSERT OR IGNORE INTO profiles (id,subject_id,subject_type,primary_place_id,tenant_id,workspace_id,display_name,created_at,updated_at) VALUES ('prof_s16_market_d3580052c4c9712a','org_s16_market_d3580052c4c9712a','organization','place_nigeria_001','tenant_platform_seed','workspace_platform_seed_discovery','Gbagi New International Market',unixepoch(),unixepoch());
INSERT OR IGNORE INTO search_entries (id,profile_id,display_name,keywords,ancestry_path,vertical,created_at,updated_at) VALUES ('se_s16_market_d3580052c4c9712a','prof_s16_market_d3580052c4c9712a','Gbagi New International Market','gbagi new international market market market marketplace plaza mall trading centre nigeria','place_nigeria_001','commerce',unixepoch(),unixepoch());
INSERT OR IGNORE INTO seed_ingestion_records (id,seed_run_id,entity_type,entity_id,source_id,status) VALUES ('ir_s16_market_d3580052c4c9712a','seed_run_s16_market_batch2_20260502','organization','org_s16_market_d3580052c4c9712a','seed_source_osm_market_ng_s16b_20260502','ingested');
INSERT OR IGNORE INTO seed_entity_sources (id,seed_run_id,entity_type,entity_id,source_id,confidence_tier) VALUES ('es_s16_market_d3580052c4c9712a','seed_run_s16_market_batch2_20260502','organization','org_s16_market_d3580052c4c9712a','seed_source_osm_market_ng_s16b_20260502','seeded');
INSERT OR IGNORE INTO seed_enrichment (id,seed_run_id,entity_type,entity_id,enrichment_type,enrichment_json) VALUES ('enr_s16_market_d3580052c4c9712a','seed_run_s16_market_batch2_20260502','organization','org_s16_market_d3580052c4c9712a','seed_source_osm_market_ng_s16b_20260502','{"osm_id": "82466578", "osm_type": "way", "amenity": "marketplace", "shop": "", "addr_state": "", "addr_lga": "", "operator": "", "opening_hours": ""}');

-- 20. Shopping Mall (Phone village)
INSERT OR IGNORE INTO organizations (id,tenant_id,organization_type,legal_name,display_name,registration_number,status,verification_state,created_at,updated_at) VALUES ('org_s16_market_80c10afa153e49d5','tenant_platform_seed','shopping_mall','Shopping Mall (Phone village)','Shopping Mall (Phone village)',NULL,'active','seeded',unixepoch(),unixepoch());
INSERT OR IGNORE INTO profiles (id,subject_id,subject_type,primary_place_id,tenant_id,workspace_id,display_name,created_at,updated_at) VALUES ('prof_s16_market_80c10afa153e49d5','org_s16_market_80c10afa153e49d5','organization','place_nigeria_001','tenant_platform_seed','workspace_platform_seed_discovery','Shopping Mall (Phone village)',unixepoch(),unixepoch());
INSERT OR IGNORE INTO search_entries (id,profile_id,display_name,keywords,ancestry_path,vertical,created_at,updated_at) VALUES ('se_s16_market_80c10afa153e49d5','prof_s16_market_80c10afa153e49d5','Shopping Mall (Phone village)','shopping mall (phone village) shopping_mall market marketplace plaza mall trading centre nigeria','place_nigeria_001','commerce',unixepoch(),unixepoch());
INSERT OR IGNORE INTO seed_ingestion_records (id,seed_run_id,entity_type,entity_id,source_id,status) VALUES ('ir_s16_market_80c10afa153e49d5','seed_run_s16_market_batch2_20260502','organization','org_s16_market_80c10afa153e49d5','seed_source_osm_market_ng_s16b_20260502','ingested');
INSERT OR IGNORE INTO seed_entity_sources (id,seed_run_id,entity_type,entity_id,source_id,confidence_tier) VALUES ('es_s16_market_80c10afa153e49d5','seed_run_s16_market_batch2_20260502','organization','org_s16_market_80c10afa153e49d5','seed_source_osm_market_ng_s16b_20260502','seeded');
INSERT OR IGNORE INTO seed_enrichment (id,seed_run_id,entity_type,entity_id,enrichment_type,enrichment_json) VALUES ('enr_s16_market_80c10afa153e49d5','seed_run_s16_market_batch2_20260502','organization','org_s16_market_80c10afa153e49d5','seed_source_osm_market_ng_s16b_20260502','{"osm_id": "84172448", "osm_type": "way", "amenity": "", "shop": "mall", "addr_state": "", "addr_lga": "", "operator": "", "opening_hours": ""}');

-- 21. Osasco Shopping Mall
INSERT OR IGNORE INTO organizations (id,tenant_id,organization_type,legal_name,display_name,registration_number,status,verification_state,created_at,updated_at) VALUES ('org_s16_market_931cc73efa3a7530','tenant_platform_seed','shopping_mall','Osasco Shopping Mall','Osasco Shopping Mall',NULL,'active','seeded',unixepoch(),unixepoch());
INSERT OR IGNORE INTO profiles (id,subject_id,subject_type,primary_place_id,tenant_id,workspace_id,display_name,created_at,updated_at) VALUES ('prof_s16_market_931cc73efa3a7530','org_s16_market_931cc73efa3a7530','organization','place_nigeria_001','tenant_platform_seed','workspace_platform_seed_discovery','Osasco Shopping Mall',unixepoch(),unixepoch());
INSERT OR IGNORE INTO search_entries (id,profile_id,display_name,keywords,ancestry_path,vertical,created_at,updated_at) VALUES ('se_s16_market_931cc73efa3a7530','prof_s16_market_931cc73efa3a7530','Osasco Shopping Mall','osasco shopping mall shopping_mall market marketplace plaza mall trading centre nigeria','place_nigeria_001','commerce',unixepoch(),unixepoch());
INSERT OR IGNORE INTO seed_ingestion_records (id,seed_run_id,entity_type,entity_id,source_id,status) VALUES ('ir_s16_market_931cc73efa3a7530','seed_run_s16_market_batch2_20260502','organization','org_s16_market_931cc73efa3a7530','seed_source_osm_market_ng_s16b_20260502','ingested');
INSERT OR IGNORE INTO seed_entity_sources (id,seed_run_id,entity_type,entity_id,source_id,confidence_tier) VALUES ('es_s16_market_931cc73efa3a7530','seed_run_s16_market_batch2_20260502','organization','org_s16_market_931cc73efa3a7530','seed_source_osm_market_ng_s16b_20260502','seeded');
INSERT OR IGNORE INTO seed_enrichment (id,seed_run_id,entity_type,entity_id,enrichment_type,enrichment_json) VALUES ('enr_s16_market_931cc73efa3a7530','seed_run_s16_market_batch2_20260502','organization','org_s16_market_931cc73efa3a7530','seed_source_osm_market_ng_s16b_20260502','{"osm_id": "84396951", "osm_type": "way", "amenity": "", "shop": "mall", "addr_state": "", "addr_lga": "", "operator": "", "opening_hours": ""}');

-- 22. Ekiwa Market
INSERT OR IGNORE INTO organizations (id,tenant_id,organization_type,legal_name,display_name,registration_number,status,verification_state,created_at,updated_at) VALUES ('org_s16_market_e081235605717a79','tenant_platform_seed','market','Ekiwa Market','Ekiwa Market',NULL,'active','seeded',unixepoch(),unixepoch());
INSERT OR IGNORE INTO profiles (id,subject_id,subject_type,primary_place_id,tenant_id,workspace_id,display_name,created_at,updated_at) VALUES ('prof_s16_market_e081235605717a79','org_s16_market_e081235605717a79','organization','place_nigeria_001','tenant_platform_seed','workspace_platform_seed_discovery','Ekiwa Market',unixepoch(),unixepoch());
INSERT OR IGNORE INTO search_entries (id,profile_id,display_name,keywords,ancestry_path,vertical,created_at,updated_at) VALUES ('se_s16_market_e081235605717a79','prof_s16_market_e081235605717a79','Ekiwa Market','ekiwa market market market marketplace plaza mall trading centre nigeria','place_nigeria_001','commerce',unixepoch(),unixepoch());
INSERT OR IGNORE INTO seed_ingestion_records (id,seed_run_id,entity_type,entity_id,source_id,status) VALUES ('ir_s16_market_e081235605717a79','seed_run_s16_market_batch2_20260502','organization','org_s16_market_e081235605717a79','seed_source_osm_market_ng_s16b_20260502','ingested');
INSERT OR IGNORE INTO seed_entity_sources (id,seed_run_id,entity_type,entity_id,source_id,confidence_tier) VALUES ('es_s16_market_e081235605717a79','seed_run_s16_market_batch2_20260502','organization','org_s16_market_e081235605717a79','seed_source_osm_market_ng_s16b_20260502','seeded');
INSERT OR IGNORE INTO seed_enrichment (id,seed_run_id,entity_type,entity_id,enrichment_type,enrichment_json) VALUES ('enr_s16_market_e081235605717a79','seed_run_s16_market_batch2_20260502','organization','org_s16_market_e081235605717a79','seed_source_osm_market_ng_s16b_20260502','{"osm_id": "84480348", "osm_type": "way", "amenity": "marketplace", "shop": "", "addr_state": "", "addr_lga": "", "operator": "", "opening_hours": ""}');

-- 23. Uwa Spare Part Market
INSERT OR IGNORE INTO organizations (id,tenant_id,organization_type,legal_name,display_name,registration_number,status,verification_state,created_at,updated_at) VALUES ('org_s16_market_c34c66bae895e590','tenant_platform_seed','market','Uwa Spare Part Market','Uwa Spare Part Market',NULL,'active','seeded',unixepoch(),unixepoch());
INSERT OR IGNORE INTO profiles (id,subject_id,subject_type,primary_place_id,tenant_id,workspace_id,display_name,created_at,updated_at) VALUES ('prof_s16_market_c34c66bae895e590','org_s16_market_c34c66bae895e590','organization','place_nigeria_001','tenant_platform_seed','workspace_platform_seed_discovery','Uwa Spare Part Market',unixepoch(),unixepoch());
INSERT OR IGNORE INTO search_entries (id,profile_id,display_name,keywords,ancestry_path,vertical,created_at,updated_at) VALUES ('se_s16_market_c34c66bae895e590','prof_s16_market_c34c66bae895e590','Uwa Spare Part Market','uwa spare part market market market marketplace plaza mall trading centre nigeria','place_nigeria_001','commerce',unixepoch(),unixepoch());
INSERT OR IGNORE INTO seed_ingestion_records (id,seed_run_id,entity_type,entity_id,source_id,status) VALUES ('ir_s16_market_c34c66bae895e590','seed_run_s16_market_batch2_20260502','organization','org_s16_market_c34c66bae895e590','seed_source_osm_market_ng_s16b_20260502','ingested');
INSERT OR IGNORE INTO seed_entity_sources (id,seed_run_id,entity_type,entity_id,source_id,confidence_tier) VALUES ('es_s16_market_c34c66bae895e590','seed_run_s16_market_batch2_20260502','organization','org_s16_market_c34c66bae895e590','seed_source_osm_market_ng_s16b_20260502','seeded');
INSERT OR IGNORE INTO seed_enrichment (id,seed_run_id,entity_type,entity_id,enrichment_type,enrichment_json) VALUES ('enr_s16_market_c34c66bae895e590','seed_run_s16_market_batch2_20260502','organization','org_s16_market_c34c66bae895e590','seed_source_osm_market_ng_s16b_20260502','{"osm_id": "84480381", "osm_type": "way", "amenity": "", "shop": "car_repair", "addr_state": "", "addr_lga": "", "operator": "", "opening_hours": ""}');

-- 24. Abi Shopping Mall
INSERT OR IGNORE INTO organizations (id,tenant_id,organization_type,legal_name,display_name,registration_number,status,verification_state,created_at,updated_at) VALUES ('org_s16_market_3056a3a41eabbb1c','tenant_platform_seed','shopping_mall','Abi Shopping Mall','Abi Shopping Mall',NULL,'active','seeded',unixepoch(),unixepoch());
INSERT OR IGNORE INTO profiles (id,subject_id,subject_type,primary_place_id,tenant_id,workspace_id,display_name,created_at,updated_at) VALUES ('prof_s16_market_3056a3a41eabbb1c','org_s16_market_3056a3a41eabbb1c','organization','place_nigeria_001','tenant_platform_seed','workspace_platform_seed_discovery','Abi Shopping Mall',unixepoch(),unixepoch());
INSERT OR IGNORE INTO search_entries (id,profile_id,display_name,keywords,ancestry_path,vertical,created_at,updated_at) VALUES ('se_s16_market_3056a3a41eabbb1c','prof_s16_market_3056a3a41eabbb1c','Abi Shopping Mall','abi shopping mall shopping_mall market marketplace plaza mall trading centre nigeria','place_nigeria_001','commerce',unixepoch(),unixepoch());
INSERT OR IGNORE INTO seed_ingestion_records (id,seed_run_id,entity_type,entity_id,source_id,status) VALUES ('ir_s16_market_3056a3a41eabbb1c','seed_run_s16_market_batch2_20260502','organization','org_s16_market_3056a3a41eabbb1c','seed_source_osm_market_ng_s16b_20260502','ingested');
INSERT OR IGNORE INTO seed_entity_sources (id,seed_run_id,entity_type,entity_id,source_id,confidence_tier) VALUES ('es_s16_market_3056a3a41eabbb1c','seed_run_s16_market_batch2_20260502','organization','org_s16_market_3056a3a41eabbb1c','seed_source_osm_market_ng_s16b_20260502','seeded');
INSERT OR IGNORE INTO seed_enrichment (id,seed_run_id,entity_type,entity_id,enrichment_type,enrichment_json) VALUES ('enr_s16_market_3056a3a41eabbb1c','seed_run_s16_market_batch2_20260502','organization','org_s16_market_3056a3a41eabbb1c','seed_source_osm_market_ng_s16b_20260502','{"osm_id": "85516038", "osm_type": "way", "amenity": "", "shop": "mall", "addr_state": "", "addr_lga": "", "operator": "", "opening_hours": ""}');

-- 25. Sherryville
INSERT OR IGNORE INTO organizations (id,tenant_id,organization_type,legal_name,display_name,registration_number,status,verification_state,created_at,updated_at) VALUES ('org_s16_market_f3944764cb2b26b5','tenant_platform_seed','shopping_mall','Sherryville','Sherryville',NULL,'active','seeded',unixepoch(),unixepoch());
INSERT OR IGNORE INTO profiles (id,subject_id,subject_type,primary_place_id,tenant_id,workspace_id,display_name,created_at,updated_at) VALUES ('prof_s16_market_f3944764cb2b26b5','org_s16_market_f3944764cb2b26b5','organization','place_nigeria_001','tenant_platform_seed','workspace_platform_seed_discovery','Sherryville',unixepoch(),unixepoch());
INSERT OR IGNORE INTO search_entries (id,profile_id,display_name,keywords,ancestry_path,vertical,created_at,updated_at) VALUES ('se_s16_market_f3944764cb2b26b5','prof_s16_market_f3944764cb2b26b5','Sherryville','sherryville shopping_mall market marketplace plaza mall trading centre nigeria','place_nigeria_001','commerce',unixepoch(),unixepoch());
INSERT OR IGNORE INTO seed_ingestion_records (id,seed_run_id,entity_type,entity_id,source_id,status) VALUES ('ir_s16_market_f3944764cb2b26b5','seed_run_s16_market_batch2_20260502','organization','org_s16_market_f3944764cb2b26b5','seed_source_osm_market_ng_s16b_20260502','ingested');
INSERT OR IGNORE INTO seed_entity_sources (id,seed_run_id,entity_type,entity_id,source_id,confidence_tier) VALUES ('es_s16_market_f3944764cb2b26b5','seed_run_s16_market_batch2_20260502','organization','org_s16_market_f3944764cb2b26b5','seed_source_osm_market_ng_s16b_20260502','seeded');
INSERT OR IGNORE INTO seed_enrichment (id,seed_run_id,entity_type,entity_id,enrichment_type,enrichment_json) VALUES ('enr_s16_market_f3944764cb2b26b5','seed_run_s16_market_batch2_20260502','organization','org_s16_market_f3944764cb2b26b5','seed_source_osm_market_ng_s16b_20260502','{"osm_id": "131672299", "osm_type": "way", "amenity": "", "shop": "mall", "addr_state": "", "addr_lga": "", "operator": "", "opening_hours": ""}');

-- 26. FCT Farmers Market
INSERT OR IGNORE INTO organizations (id,tenant_id,organization_type,legal_name,display_name,registration_number,status,verification_state,created_at,updated_at) VALUES ('org_s16_market_61d5d1c78ab74d29','tenant_platform_seed','market','FCT Farmers Market','FCT Farmers Market',NULL,'active','seeded',unixepoch(),unixepoch());
INSERT OR IGNORE INTO profiles (id,subject_id,subject_type,primary_place_id,tenant_id,workspace_id,display_name,created_at,updated_at) VALUES ('prof_s16_market_61d5d1c78ab74d29','org_s16_market_61d5d1c78ab74d29','organization','place_nigeria_001','tenant_platform_seed','workspace_platform_seed_discovery','FCT Farmers Market',unixepoch(),unixepoch());
INSERT OR IGNORE INTO search_entries (id,profile_id,display_name,keywords,ancestry_path,vertical,created_at,updated_at) VALUES ('se_s16_market_61d5d1c78ab74d29','prof_s16_market_61d5d1c78ab74d29','FCT Farmers Market','fct farmers market market market marketplace plaza mall trading centre nigeria','place_nigeria_001','commerce',unixepoch(),unixepoch());
INSERT OR IGNORE INTO seed_ingestion_records (id,seed_run_id,entity_type,entity_id,source_id,status) VALUES ('ir_s16_market_61d5d1c78ab74d29','seed_run_s16_market_batch2_20260502','organization','org_s16_market_61d5d1c78ab74d29','seed_source_osm_market_ng_s16b_20260502','ingested');
INSERT OR IGNORE INTO seed_entity_sources (id,seed_run_id,entity_type,entity_id,source_id,confidence_tier) VALUES ('es_s16_market_61d5d1c78ab74d29','seed_run_s16_market_batch2_20260502','organization','org_s16_market_61d5d1c78ab74d29','seed_source_osm_market_ng_s16b_20260502','seeded');
INSERT OR IGNORE INTO seed_enrichment (id,seed_run_id,entity_type,entity_id,enrichment_type,enrichment_json) VALUES ('enr_s16_market_61d5d1c78ab74d29','seed_run_s16_market_batch2_20260502','organization','org_s16_market_61d5d1c78ab74d29','seed_source_osm_market_ng_s16b_20260502','{"osm_id": "176918838", "osm_type": "way", "amenity": "marketplace", "shop": "", "addr_state": "", "addr_lga": "", "operator": "", "opening_hours": ""}');

-- 27. MKK Plaza
INSERT OR IGNORE INTO organizations (id,tenant_id,organization_type,legal_name,display_name,registration_number,status,verification_state,created_at,updated_at) VALUES ('org_s16_market_0266a5cce7f2733b','tenant_platform_seed','shopping_mall','MKK Plaza','MKK Plaza',NULL,'active','seeded',unixepoch(),unixepoch());
INSERT OR IGNORE INTO profiles (id,subject_id,subject_type,primary_place_id,tenant_id,workspace_id,display_name,created_at,updated_at) VALUES ('prof_s16_market_0266a5cce7f2733b','org_s16_market_0266a5cce7f2733b','organization','place_nigeria_001','tenant_platform_seed','workspace_platform_seed_discovery','MKK Plaza',unixepoch(),unixepoch());
INSERT OR IGNORE INTO search_entries (id,profile_id,display_name,keywords,ancestry_path,vertical,created_at,updated_at) VALUES ('se_s16_market_0266a5cce7f2733b','prof_s16_market_0266a5cce7f2733b','MKK Plaza','mkk plaza shopping_mall abuja market marketplace plaza mall trading centre nigeria','place_nigeria_001','commerce',unixepoch(),unixepoch());
INSERT OR IGNORE INTO seed_ingestion_records (id,seed_run_id,entity_type,entity_id,source_id,status) VALUES ('ir_s16_market_0266a5cce7f2733b','seed_run_s16_market_batch2_20260502','organization','org_s16_market_0266a5cce7f2733b','seed_source_osm_market_ng_s16b_20260502','ingested');
INSERT OR IGNORE INTO seed_entity_sources (id,seed_run_id,entity_type,entity_id,source_id,confidence_tier) VALUES ('es_s16_market_0266a5cce7f2733b','seed_run_s16_market_batch2_20260502','organization','org_s16_market_0266a5cce7f2733b','seed_source_osm_market_ng_s16b_20260502','seeded');
INSERT OR IGNORE INTO seed_enrichment (id,seed_run_id,entity_type,entity_id,enrichment_type,enrichment_json) VALUES ('enr_s16_market_0266a5cce7f2733b','seed_run_s16_market_batch2_20260502','organization','org_s16_market_0266a5cce7f2733b','seed_source_osm_market_ng_s16b_20260502','{"osm_id": "176918852", "osm_type": "way", "amenity": "", "shop": "mall", "addr_state": "", "addr_lga": "Abuja", "operator": "", "opening_hours": ""}');

-- 28. Abuja Shopping Complex
INSERT OR IGNORE INTO organizations (id,tenant_id,organization_type,legal_name,display_name,registration_number,status,verification_state,created_at,updated_at) VALUES ('org_s16_market_b6173d1a6a01c352','tenant_platform_seed','shopping_mall','Abuja Shopping Complex','Abuja Shopping Complex',NULL,'active','seeded',unixepoch(),unixepoch());
INSERT OR IGNORE INTO profiles (id,subject_id,subject_type,primary_place_id,tenant_id,workspace_id,display_name,created_at,updated_at) VALUES ('prof_s16_market_b6173d1a6a01c352','org_s16_market_b6173d1a6a01c352','organization','place_nigeria_001','tenant_platform_seed','workspace_platform_seed_discovery','Abuja Shopping Complex',unixepoch(),unixepoch());
INSERT OR IGNORE INTO search_entries (id,profile_id,display_name,keywords,ancestry_path,vertical,created_at,updated_at) VALUES ('se_s16_market_b6173d1a6a01c352','prof_s16_market_b6173d1a6a01c352','Abuja Shopping Complex','abuja shopping complex shopping_mall market marketplace plaza mall trading centre nigeria','place_nigeria_001','commerce',unixepoch(),unixepoch());
INSERT OR IGNORE INTO seed_ingestion_records (id,seed_run_id,entity_type,entity_id,source_id,status) VALUES ('ir_s16_market_b6173d1a6a01c352','seed_run_s16_market_batch2_20260502','organization','org_s16_market_b6173d1a6a01c352','seed_source_osm_market_ng_s16b_20260502','ingested');
INSERT OR IGNORE INTO seed_entity_sources (id,seed_run_id,entity_type,entity_id,source_id,confidence_tier) VALUES ('es_s16_market_b6173d1a6a01c352','seed_run_s16_market_batch2_20260502','organization','org_s16_market_b6173d1a6a01c352','seed_source_osm_market_ng_s16b_20260502','seeded');
INSERT OR IGNORE INTO seed_enrichment (id,seed_run_id,entity_type,entity_id,enrichment_type,enrichment_json) VALUES ('enr_s16_market_b6173d1a6a01c352','seed_run_s16_market_batch2_20260502','organization','org_s16_market_b6173d1a6a01c352','seed_source_osm_market_ng_s16b_20260502','{"osm_id": "181653525", "osm_type": "way", "amenity": "", "shop": "mall", "addr_state": "", "addr_lga": "", "operator": "", "opening_hours": ""}');

-- 29. Legends Supermarket
INSERT OR IGNORE INTO organizations (id,tenant_id,organization_type,legal_name,display_name,registration_number,status,verification_state,created_at,updated_at) VALUES ('org_s16_market_1865cc6932f228fc','tenant_platform_seed','market','Legends Supermarket','Legends Supermarket',NULL,'active','seeded',unixepoch(),unixepoch());
INSERT OR IGNORE INTO profiles (id,subject_id,subject_type,primary_place_id,tenant_id,workspace_id,display_name,created_at,updated_at) VALUES ('prof_s16_market_1865cc6932f228fc','org_s16_market_1865cc6932f228fc','organization','place_nigeria_001','tenant_platform_seed','workspace_platform_seed_discovery','Legends Supermarket',unixepoch(),unixepoch());
INSERT OR IGNORE INTO search_entries (id,profile_id,display_name,keywords,ancestry_path,vertical,created_at,updated_at) VALUES ('se_s16_market_1865cc6932f228fc','prof_s16_market_1865cc6932f228fc','Legends Supermarket','legends supermarket market market marketplace plaza mall trading centre nigeria','place_nigeria_001','commerce',unixepoch(),unixepoch());
INSERT OR IGNORE INTO seed_ingestion_records (id,seed_run_id,entity_type,entity_id,source_id,status) VALUES ('ir_s16_market_1865cc6932f228fc','seed_run_s16_market_batch2_20260502','organization','org_s16_market_1865cc6932f228fc','seed_source_osm_market_ng_s16b_20260502','ingested');
INSERT OR IGNORE INTO seed_entity_sources (id,seed_run_id,entity_type,entity_id,source_id,confidence_tier) VALUES ('es_s16_market_1865cc6932f228fc','seed_run_s16_market_batch2_20260502','organization','org_s16_market_1865cc6932f228fc','seed_source_osm_market_ng_s16b_20260502','seeded');
INSERT OR IGNORE INTO seed_enrichment (id,seed_run_id,entity_type,entity_id,enrichment_type,enrichment_json) VALUES ('enr_s16_market_1865cc6932f228fc','seed_run_s16_market_batch2_20260502','organization','org_s16_market_1865cc6932f228fc','seed_source_osm_market_ng_s16b_20260502','{"osm_id": "182162677", "osm_type": "way", "amenity": "", "shop": "supermarket", "addr_state": "", "addr_lga": "", "operator": "", "opening_hours": ""}');

-- 30. Landmark Plaza
INSERT OR IGNORE INTO organizations (id,tenant_id,organization_type,legal_name,display_name,registration_number,status,verification_state,created_at,updated_at) VALUES ('org_s16_market_6394c7c5945897c5','tenant_platform_seed','shopping_mall','Landmark Plaza','Landmark Plaza',NULL,'active','seeded',unixepoch(),unixepoch());
INSERT OR IGNORE INTO profiles (id,subject_id,subject_type,primary_place_id,tenant_id,workspace_id,display_name,created_at,updated_at) VALUES ('prof_s16_market_6394c7c5945897c5','org_s16_market_6394c7c5945897c5','organization','place_nigeria_001','tenant_platform_seed','workspace_platform_seed_discovery','Landmark Plaza',unixepoch(),unixepoch());
INSERT OR IGNORE INTO search_entries (id,profile_id,display_name,keywords,ancestry_path,vertical,created_at,updated_at) VALUES ('se_s16_market_6394c7c5945897c5','prof_s16_market_6394c7c5945897c5','Landmark Plaza','landmark plaza shopping_mall market marketplace plaza mall trading centre nigeria','place_nigeria_001','commerce',unixepoch(),unixepoch());
INSERT OR IGNORE INTO seed_ingestion_records (id,seed_run_id,entity_type,entity_id,source_id,status) VALUES ('ir_s16_market_6394c7c5945897c5','seed_run_s16_market_batch2_20260502','organization','org_s16_market_6394c7c5945897c5','seed_source_osm_market_ng_s16b_20260502','ingested');
INSERT OR IGNORE INTO seed_entity_sources (id,seed_run_id,entity_type,entity_id,source_id,confidence_tier) VALUES ('es_s16_market_6394c7c5945897c5','seed_run_s16_market_batch2_20260502','organization','org_s16_market_6394c7c5945897c5','seed_source_osm_market_ng_s16b_20260502','seeded');
INSERT OR IGNORE INTO seed_enrichment (id,seed_run_id,entity_type,entity_id,enrichment_type,enrichment_json) VALUES ('enr_s16_market_6394c7c5945897c5','seed_run_s16_market_batch2_20260502','organization','org_s16_market_6394c7c5945897c5','seed_source_osm_market_ng_s16b_20260502','{"osm_id": "183435074", "osm_type": "way", "amenity": "", "shop": "mall", "addr_state": "", "addr_lga": "", "operator": "", "opening_hours": ""}');

-- 31. Oko Market Road
INSERT OR IGNORE INTO organizations (id,tenant_id,organization_type,legal_name,display_name,registration_number,status,verification_state,created_at,updated_at) VALUES ('org_s16_market_c177079a927e7de5','tenant_platform_seed','market','Oko Market Road','Oko Market Road',NULL,'active','seeded',unixepoch(),unixepoch());
INSERT OR IGNORE INTO profiles (id,subject_id,subject_type,primary_place_id,tenant_id,workspace_id,display_name,created_at,updated_at) VALUES ('prof_s16_market_c177079a927e7de5','org_s16_market_c177079a927e7de5','organization','place_nigeria_001','tenant_platform_seed','workspace_platform_seed_discovery','Oko Market Road',unixepoch(),unixepoch());
INSERT OR IGNORE INTO search_entries (id,profile_id,display_name,keywords,ancestry_path,vertical,created_at,updated_at) VALUES ('se_s16_market_c177079a927e7de5','prof_s16_market_c177079a927e7de5','Oko Market Road','oko market road market market marketplace plaza mall trading centre nigeria','place_nigeria_001','commerce',unixepoch(),unixepoch());
INSERT OR IGNORE INTO seed_ingestion_records (id,seed_run_id,entity_type,entity_id,source_id,status) VALUES ('ir_s16_market_c177079a927e7de5','seed_run_s16_market_batch2_20260502','organization','org_s16_market_c177079a927e7de5','seed_source_osm_market_ng_s16b_20260502','ingested');
INSERT OR IGNORE INTO seed_entity_sources (id,seed_run_id,entity_type,entity_id,source_id,confidence_tier) VALUES ('es_s16_market_c177079a927e7de5','seed_run_s16_market_batch2_20260502','organization','org_s16_market_c177079a927e7de5','seed_source_osm_market_ng_s16b_20260502','seeded');
INSERT OR IGNORE INTO seed_enrichment (id,seed_run_id,entity_type,entity_id,enrichment_type,enrichment_json) VALUES ('enr_s16_market_c177079a927e7de5','seed_run_s16_market_batch2_20260502','organization','org_s16_market_c177079a927e7de5','seed_source_osm_market_ng_s16b_20260502','{"osm_id": "206119753", "osm_type": "way", "amenity": "marketplace", "shop": "", "addr_state": "", "addr_lga": "", "operator": "", "opening_hours": ""}');

-- 32. Bata Market
INSERT OR IGNORE INTO organizations (id,tenant_id,organization_type,legal_name,display_name,registration_number,status,verification_state,created_at,updated_at) VALUES ('org_s16_market_497a670cd564c18f','tenant_platform_seed','market','Bata Market','Bata Market',NULL,'active','seeded',unixepoch(),unixepoch());
INSERT OR IGNORE INTO profiles (id,subject_id,subject_type,primary_place_id,tenant_id,workspace_id,display_name,created_at,updated_at) VALUES ('prof_s16_market_497a670cd564c18f','org_s16_market_497a670cd564c18f','organization','place_nigeria_001','tenant_platform_seed','workspace_platform_seed_discovery','Bata Market',unixepoch(),unixepoch());
INSERT OR IGNORE INTO search_entries (id,profile_id,display_name,keywords,ancestry_path,vertical,created_at,updated_at) VALUES ('se_s16_market_497a670cd564c18f','prof_s16_market_497a670cd564c18f','Bata Market','bata market market market marketplace plaza mall trading centre nigeria','place_nigeria_001','commerce',unixepoch(),unixepoch());
INSERT OR IGNORE INTO seed_ingestion_records (id,seed_run_id,entity_type,entity_id,source_id,status) VALUES ('ir_s16_market_497a670cd564c18f','seed_run_s16_market_batch2_20260502','organization','org_s16_market_497a670cd564c18f','seed_source_osm_market_ng_s16b_20260502','ingested');
INSERT OR IGNORE INTO seed_entity_sources (id,seed_run_id,entity_type,entity_id,source_id,confidence_tier) VALUES ('es_s16_market_497a670cd564c18f','seed_run_s16_market_batch2_20260502','organization','org_s16_market_497a670cd564c18f','seed_source_osm_market_ng_s16b_20260502','seeded');
INSERT OR IGNORE INTO seed_enrichment (id,seed_run_id,entity_type,entity_id,enrichment_type,enrichment_json) VALUES ('enr_s16_market_497a670cd564c18f','seed_run_s16_market_batch2_20260502','organization','org_s16_market_497a670cd564c18f','seed_source_osm_market_ng_s16b_20260502','{"osm_id": "207548968", "osm_type": "way", "amenity": "marketplace", "shop": "", "addr_state": "", "addr_lga": "", "operator": "", "opening_hours": ""}');

-- 33. Shopping Time
INSERT OR IGNORE INTO organizations (id,tenant_id,organization_type,legal_name,display_name,registration_number,status,verification_state,created_at,updated_at) VALUES ('org_s16_market_af63d144fdea6a5e','tenant_platform_seed','shopping_mall','Shopping Time','Shopping Time',NULL,'active','seeded',unixepoch(),unixepoch());
INSERT OR IGNORE INTO profiles (id,subject_id,subject_type,primary_place_id,tenant_id,workspace_id,display_name,created_at,updated_at) VALUES ('prof_s16_market_af63d144fdea6a5e','org_s16_market_af63d144fdea6a5e','organization','place_nigeria_001','tenant_platform_seed','workspace_platform_seed_discovery','Shopping Time',unixepoch(),unixepoch());
INSERT OR IGNORE INTO search_entries (id,profile_id,display_name,keywords,ancestry_path,vertical,created_at,updated_at) VALUES ('se_s16_market_af63d144fdea6a5e','prof_s16_market_af63d144fdea6a5e','Shopping Time','shopping time shopping_mall market marketplace plaza mall trading centre nigeria','place_nigeria_001','commerce',unixepoch(),unixepoch());
INSERT OR IGNORE INTO seed_ingestion_records (id,seed_run_id,entity_type,entity_id,source_id,status) VALUES ('ir_s16_market_af63d144fdea6a5e','seed_run_s16_market_batch2_20260502','organization','org_s16_market_af63d144fdea6a5e','seed_source_osm_market_ng_s16b_20260502','ingested');
INSERT OR IGNORE INTO seed_entity_sources (id,seed_run_id,entity_type,entity_id,source_id,confidence_tier) VALUES ('es_s16_market_af63d144fdea6a5e','seed_run_s16_market_batch2_20260502','organization','org_s16_market_af63d144fdea6a5e','seed_source_osm_market_ng_s16b_20260502','seeded');
INSERT OR IGNORE INTO seed_enrichment (id,seed_run_id,entity_type,entity_id,enrichment_type,enrichment_json) VALUES ('enr_s16_market_af63d144fdea6a5e','seed_run_s16_market_batch2_20260502','organization','org_s16_market_af63d144fdea6a5e','seed_source_osm_market_ng_s16b_20260502','{"osm_id": "207553171", "osm_type": "way", "amenity": "", "shop": "mall", "addr_state": "", "addr_lga": "", "operator": "", "opening_hours": ""}');

-- 34. Wuse Shopping Plaza
INSERT OR IGNORE INTO organizations (id,tenant_id,organization_type,legal_name,display_name,registration_number,status,verification_state,created_at,updated_at) VALUES ('org_s16_market_8b2aee411233f2b5','tenant_platform_seed','shopping_mall','Wuse Shopping Plaza','Wuse Shopping Plaza',NULL,'active','seeded',unixepoch(),unixepoch());
INSERT OR IGNORE INTO profiles (id,subject_id,subject_type,primary_place_id,tenant_id,workspace_id,display_name,created_at,updated_at) VALUES ('prof_s16_market_8b2aee411233f2b5','org_s16_market_8b2aee411233f2b5','organization','place_nigeria_001','tenant_platform_seed','workspace_platform_seed_discovery','Wuse Shopping Plaza',unixepoch(),unixepoch());
INSERT OR IGNORE INTO search_entries (id,profile_id,display_name,keywords,ancestry_path,vertical,created_at,updated_at) VALUES ('se_s16_market_8b2aee411233f2b5','prof_s16_market_8b2aee411233f2b5','Wuse Shopping Plaza','wuse shopping plaza shopping_mall market marketplace plaza mall trading centre nigeria','place_nigeria_001','commerce',unixepoch(),unixepoch());
INSERT OR IGNORE INTO seed_ingestion_records (id,seed_run_id,entity_type,entity_id,source_id,status) VALUES ('ir_s16_market_8b2aee411233f2b5','seed_run_s16_market_batch2_20260502','organization','org_s16_market_8b2aee411233f2b5','seed_source_osm_market_ng_s16b_20260502','ingested');
INSERT OR IGNORE INTO seed_entity_sources (id,seed_run_id,entity_type,entity_id,source_id,confidence_tier) VALUES ('es_s16_market_8b2aee411233f2b5','seed_run_s16_market_batch2_20260502','organization','org_s16_market_8b2aee411233f2b5','seed_source_osm_market_ng_s16b_20260502','seeded');
INSERT OR IGNORE INTO seed_enrichment (id,seed_run_id,entity_type,entity_id,enrichment_type,enrichment_json) VALUES ('enr_s16_market_8b2aee411233f2b5','seed_run_s16_market_batch2_20260502','organization','org_s16_market_8b2aee411233f2b5','seed_source_osm_market_ng_s16b_20260502','{"osm_id": "211556830", "osm_type": "way", "amenity": "", "shop": "mall", "addr_state": "", "addr_lga": "", "operator": "", "opening_hours": ""}');

-- 35. Silverbird Cinemas & Shopping Centre
INSERT OR IGNORE INTO organizations (id,tenant_id,organization_type,legal_name,display_name,registration_number,status,verification_state,created_at,updated_at) VALUES ('org_s16_market_6f6a8bf74e00fc86','tenant_platform_seed','shopping_mall','Silverbird Cinemas & Shopping Centre','Silverbird Cinemas & Shopping Centre',NULL,'active','seeded',unixepoch(),unixepoch());
INSERT OR IGNORE INTO profiles (id,subject_id,subject_type,primary_place_id,tenant_id,workspace_id,display_name,created_at,updated_at) VALUES ('prof_s16_market_6f6a8bf74e00fc86','org_s16_market_6f6a8bf74e00fc86','organization','place_nigeria_001','tenant_platform_seed','workspace_platform_seed_discovery','Silverbird Cinemas & Shopping Centre',unixepoch(),unixepoch());
INSERT OR IGNORE INTO search_entries (id,profile_id,display_name,keywords,ancestry_path,vertical,created_at,updated_at) VALUES ('se_s16_market_6f6a8bf74e00fc86','prof_s16_market_6f6a8bf74e00fc86','Silverbird Cinemas & Shopping Centre','silverbird cinemas & shopping centre shopping_mall market marketplace plaza mall trading centre nigeria','place_nigeria_001','commerce',unixepoch(),unixepoch());
INSERT OR IGNORE INTO seed_ingestion_records (id,seed_run_id,entity_type,entity_id,source_id,status) VALUES ('ir_s16_market_6f6a8bf74e00fc86','seed_run_s16_market_batch2_20260502','organization','org_s16_market_6f6a8bf74e00fc86','seed_source_osm_market_ng_s16b_20260502','ingested');
INSERT OR IGNORE INTO seed_entity_sources (id,seed_run_id,entity_type,entity_id,source_id,confidence_tier) VALUES ('es_s16_market_6f6a8bf74e00fc86','seed_run_s16_market_batch2_20260502','organization','org_s16_market_6f6a8bf74e00fc86','seed_source_osm_market_ng_s16b_20260502','seeded');
INSERT OR IGNORE INTO seed_enrichment (id,seed_run_id,entity_type,entity_id,enrichment_type,enrichment_json) VALUES ('enr_s16_market_6f6a8bf74e00fc86','seed_run_s16_market_batch2_20260502','organization','org_s16_market_6f6a8bf74e00fc86','seed_source_osm_market_ng_s16b_20260502','{"osm_id": "212189426", "osm_type": "way", "amenity": "", "shop": "mall", "addr_state": "", "addr_lga": "", "operator": "", "opening_hours": ""}');

-- 36. Park 'N' Shop
INSERT OR IGNORE INTO organizations (id,tenant_id,organization_type,legal_name,display_name,registration_number,status,verification_state,created_at,updated_at) VALUES ('org_s16_market_779dcadce5ef048d','tenant_platform_seed','shopping_mall','Park ''N'' Shop','Park ''N'' Shop',NULL,'active','seeded',unixepoch(),unixepoch());
INSERT OR IGNORE INTO profiles (id,subject_id,subject_type,primary_place_id,tenant_id,workspace_id,display_name,created_at,updated_at) VALUES ('prof_s16_market_779dcadce5ef048d','org_s16_market_779dcadce5ef048d','organization','place_nigeria_001','tenant_platform_seed','workspace_platform_seed_discovery','Park ''N'' Shop',unixepoch(),unixepoch());
INSERT OR IGNORE INTO search_entries (id,profile_id,display_name,keywords,ancestry_path,vertical,created_at,updated_at) VALUES ('se_s16_market_779dcadce5ef048d','prof_s16_market_779dcadce5ef048d','Park ''N'' Shop','park ''n'' shop shopping_mall market marketplace plaza mall trading centre nigeria','place_nigeria_001','commerce',unixepoch(),unixepoch());
INSERT OR IGNORE INTO seed_ingestion_records (id,seed_run_id,entity_type,entity_id,source_id,status) VALUES ('ir_s16_market_779dcadce5ef048d','seed_run_s16_market_batch2_20260502','organization','org_s16_market_779dcadce5ef048d','seed_source_osm_market_ng_s16b_20260502','ingested');
INSERT OR IGNORE INTO seed_entity_sources (id,seed_run_id,entity_type,entity_id,source_id,confidence_tier) VALUES ('es_s16_market_779dcadce5ef048d','seed_run_s16_market_batch2_20260502','organization','org_s16_market_779dcadce5ef048d','seed_source_osm_market_ng_s16b_20260502','seeded');
INSERT OR IGNORE INTO seed_enrichment (id,seed_run_id,entity_type,entity_id,enrichment_type,enrichment_json) VALUES ('enr_s16_market_779dcadce5ef048d','seed_run_s16_market_batch2_20260502','organization','org_s16_market_779dcadce5ef048d','seed_source_osm_market_ng_s16b_20260502','{"osm_id": "218599847", "osm_type": "way", "amenity": "", "shop": "mall", "addr_state": "", "addr_lga": "", "operator": "", "opening_hours": ""}');

-- 37. Angwan Rukuba Park
INSERT OR IGNORE INTO organizations (id,tenant_id,organization_type,legal_name,display_name,registration_number,status,verification_state,created_at,updated_at) VALUES ('org_s16_market_3e4d34fc461a7996','tenant_platform_seed','market','Angwan Rukuba Park','Angwan Rukuba Park',NULL,'active','seeded',unixepoch(),unixepoch());
INSERT OR IGNORE INTO profiles (id,subject_id,subject_type,primary_place_id,tenant_id,workspace_id,display_name,created_at,updated_at) VALUES ('prof_s16_market_3e4d34fc461a7996','org_s16_market_3e4d34fc461a7996','organization','place_nigeria_001','tenant_platform_seed','workspace_platform_seed_discovery','Angwan Rukuba Park',unixepoch(),unixepoch());
INSERT OR IGNORE INTO search_entries (id,profile_id,display_name,keywords,ancestry_path,vertical,created_at,updated_at) VALUES ('se_s16_market_3e4d34fc461a7996','prof_s16_market_3e4d34fc461a7996','Angwan Rukuba Park','angwan rukuba park market market marketplace plaza mall trading centre nigeria','place_nigeria_001','commerce',unixepoch(),unixepoch());
INSERT OR IGNORE INTO seed_ingestion_records (id,seed_run_id,entity_type,entity_id,source_id,status) VALUES ('ir_s16_market_3e4d34fc461a7996','seed_run_s16_market_batch2_20260502','organization','org_s16_market_3e4d34fc461a7996','seed_source_osm_market_ng_s16b_20260502','ingested');
INSERT OR IGNORE INTO seed_entity_sources (id,seed_run_id,entity_type,entity_id,source_id,confidence_tier) VALUES ('es_s16_market_3e4d34fc461a7996','seed_run_s16_market_batch2_20260502','organization','org_s16_market_3e4d34fc461a7996','seed_source_osm_market_ng_s16b_20260502','seeded');
INSERT OR IGNORE INTO seed_enrichment (id,seed_run_id,entity_type,entity_id,enrichment_type,enrichment_json) VALUES ('enr_s16_market_3e4d34fc461a7996','seed_run_s16_market_batch2_20260502','organization','org_s16_market_3e4d34fc461a7996','seed_source_osm_market_ng_s16b_20260502','{"osm_id": "221862569", "osm_type": "way", "amenity": "marketplace", "shop": "", "addr_state": "", "addr_lga": "", "operator": "", "opening_hours": ""}');

-- 38. Oliha market
INSERT OR IGNORE INTO organizations (id,tenant_id,organization_type,legal_name,display_name,registration_number,status,verification_state,created_at,updated_at) VALUES ('org_s16_market_d7892cc15a2d9f83','tenant_platform_seed','market','Oliha market','Oliha market',NULL,'active','seeded',unixepoch(),unixepoch());
INSERT OR IGNORE INTO profiles (id,subject_id,subject_type,primary_place_id,tenant_id,workspace_id,display_name,created_at,updated_at) VALUES ('prof_s16_market_d7892cc15a2d9f83','org_s16_market_d7892cc15a2d9f83','organization','place_nigeria_001','tenant_platform_seed','workspace_platform_seed_discovery','Oliha market',unixepoch(),unixepoch());
INSERT OR IGNORE INTO search_entries (id,profile_id,display_name,keywords,ancestry_path,vertical,created_at,updated_at) VALUES ('se_s16_market_d7892cc15a2d9f83','prof_s16_market_d7892cc15a2d9f83','Oliha market','oliha market market market marketplace plaza mall trading centre nigeria','place_nigeria_001','commerce',unixepoch(),unixepoch());
INSERT OR IGNORE INTO seed_ingestion_records (id,seed_run_id,entity_type,entity_id,source_id,status) VALUES ('ir_s16_market_d7892cc15a2d9f83','seed_run_s16_market_batch2_20260502','organization','org_s16_market_d7892cc15a2d9f83','seed_source_osm_market_ng_s16b_20260502','ingested');
INSERT OR IGNORE INTO seed_entity_sources (id,seed_run_id,entity_type,entity_id,source_id,confidence_tier) VALUES ('es_s16_market_d7892cc15a2d9f83','seed_run_s16_market_batch2_20260502','organization','org_s16_market_d7892cc15a2d9f83','seed_source_osm_market_ng_s16b_20260502','seeded');
INSERT OR IGNORE INTO seed_enrichment (id,seed_run_id,entity_type,entity_id,enrichment_type,enrichment_json) VALUES ('enr_s16_market_d7892cc15a2d9f83','seed_run_s16_market_batch2_20260502','organization','org_s16_market_d7892cc15a2d9f83','seed_source_osm_market_ng_s16b_20260502','{"osm_id": "225690922", "osm_type": "way", "amenity": "marketplace", "shop": "", "addr_state": "", "addr_lga": "", "operator": "", "opening_hours": ""}');

-- 39. wood market
INSERT OR IGNORE INTO organizations (id,tenant_id,organization_type,legal_name,display_name,registration_number,status,verification_state,created_at,updated_at) VALUES ('org_s16_market_129c67e712b9b155','tenant_platform_seed','market','wood market','wood market',NULL,'active','seeded',unixepoch(),unixepoch());
INSERT OR IGNORE INTO profiles (id,subject_id,subject_type,primary_place_id,tenant_id,workspace_id,display_name,created_at,updated_at) VALUES ('prof_s16_market_129c67e712b9b155','org_s16_market_129c67e712b9b155','organization','place_nigeria_001','tenant_platform_seed','workspace_platform_seed_discovery','wood market',unixepoch(),unixepoch());
INSERT OR IGNORE INTO search_entries (id,profile_id,display_name,keywords,ancestry_path,vertical,created_at,updated_at) VALUES ('se_s16_market_129c67e712b9b155','prof_s16_market_129c67e712b9b155','wood market','wood market market market marketplace plaza mall trading centre nigeria','place_nigeria_001','commerce',unixepoch(),unixepoch());
INSERT OR IGNORE INTO seed_ingestion_records (id,seed_run_id,entity_type,entity_id,source_id,status) VALUES ('ir_s16_market_129c67e712b9b155','seed_run_s16_market_batch2_20260502','organization','org_s16_market_129c67e712b9b155','seed_source_osm_market_ng_s16b_20260502','ingested');
INSERT OR IGNORE INTO seed_entity_sources (id,seed_run_id,entity_type,entity_id,source_id,confidence_tier) VALUES ('es_s16_market_129c67e712b9b155','seed_run_s16_market_batch2_20260502','organization','org_s16_market_129c67e712b9b155','seed_source_osm_market_ng_s16b_20260502','seeded');
INSERT OR IGNORE INTO seed_enrichment (id,seed_run_id,entity_type,entity_id,enrichment_type,enrichment_json) VALUES ('enr_s16_market_129c67e712b9b155','seed_run_s16_market_batch2_20260502','organization','org_s16_market_129c67e712b9b155','seed_source_osm_market_ng_s16b_20260502','{"osm_id": "225786238", "osm_type": "way", "amenity": "marketplace", "shop": "", "addr_state": "", "addr_lga": "", "operator": "", "opening_hours": ""}');

-- 40. Okuku Market
INSERT OR IGNORE INTO organizations (id,tenant_id,organization_type,legal_name,display_name,registration_number,status,verification_state,created_at,updated_at) VALUES ('org_s16_market_1d621e13f4dc597e','tenant_platform_seed','market','Okuku Market','Okuku Market',NULL,'active','seeded',unixepoch(),unixepoch());
INSERT OR IGNORE INTO profiles (id,subject_id,subject_type,primary_place_id,tenant_id,workspace_id,display_name,created_at,updated_at) VALUES ('prof_s16_market_1d621e13f4dc597e','org_s16_market_1d621e13f4dc597e','organization','place_nigeria_001','tenant_platform_seed','workspace_platform_seed_discovery','Okuku Market',unixepoch(),unixepoch());
INSERT OR IGNORE INTO search_entries (id,profile_id,display_name,keywords,ancestry_path,vertical,created_at,updated_at) VALUES ('se_s16_market_1d621e13f4dc597e','prof_s16_market_1d621e13f4dc597e','Okuku Market','okuku market market market marketplace plaza mall trading centre nigeria','place_nigeria_001','commerce',unixepoch(),unixepoch());
INSERT OR IGNORE INTO seed_ingestion_records (id,seed_run_id,entity_type,entity_id,source_id,status) VALUES ('ir_s16_market_1d621e13f4dc597e','seed_run_s16_market_batch2_20260502','organization','org_s16_market_1d621e13f4dc597e','seed_source_osm_market_ng_s16b_20260502','ingested');
INSERT OR IGNORE INTO seed_entity_sources (id,seed_run_id,entity_type,entity_id,source_id,confidence_tier) VALUES ('es_s16_market_1d621e13f4dc597e','seed_run_s16_market_batch2_20260502','organization','org_s16_market_1d621e13f4dc597e','seed_source_osm_market_ng_s16b_20260502','seeded');
INSERT OR IGNORE INTO seed_enrichment (id,seed_run_id,entity_type,entity_id,enrichment_type,enrichment_json) VALUES ('enr_s16_market_1d621e13f4dc597e','seed_run_s16_market_batch2_20260502','organization','org_s16_market_1d621e13f4dc597e','seed_source_osm_market_ng_s16b_20260502','{"osm_id": "247219322", "osm_type": "way", "amenity": "marketplace", "shop": "", "addr_state": "", "addr_lga": "", "operator": "", "opening_hours": ""}');

-- 41. Town Market
INSERT OR IGNORE INTO organizations (id,tenant_id,organization_type,legal_name,display_name,registration_number,status,verification_state,created_at,updated_at) VALUES ('org_s16_market_38e04589a2d6a477','tenant_platform_seed','market','Town Market','Town Market',NULL,'active','seeded',unixepoch(),unixepoch());
INSERT OR IGNORE INTO profiles (id,subject_id,subject_type,primary_place_id,tenant_id,workspace_id,display_name,created_at,updated_at) VALUES ('prof_s16_market_38e04589a2d6a477','org_s16_market_38e04589a2d6a477','organization','place_nigeria_001','tenant_platform_seed','workspace_platform_seed_discovery','Town Market',unixepoch(),unixepoch());
INSERT OR IGNORE INTO search_entries (id,profile_id,display_name,keywords,ancestry_path,vertical,created_at,updated_at) VALUES ('se_s16_market_38e04589a2d6a477','prof_s16_market_38e04589a2d6a477','Town Market','town market market market marketplace plaza mall trading centre nigeria','place_nigeria_001','commerce',unixepoch(),unixepoch());
INSERT OR IGNORE INTO seed_ingestion_records (id,seed_run_id,entity_type,entity_id,source_id,status) VALUES ('ir_s16_market_38e04589a2d6a477','seed_run_s16_market_batch2_20260502','organization','org_s16_market_38e04589a2d6a477','seed_source_osm_market_ng_s16b_20260502','ingested');
INSERT OR IGNORE INTO seed_entity_sources (id,seed_run_id,entity_type,entity_id,source_id,confidence_tier) VALUES ('es_s16_market_38e04589a2d6a477','seed_run_s16_market_batch2_20260502','organization','org_s16_market_38e04589a2d6a477','seed_source_osm_market_ng_s16b_20260502','seeded');
INSERT OR IGNORE INTO seed_enrichment (id,seed_run_id,entity_type,entity_id,enrichment_type,enrichment_json) VALUES ('enr_s16_market_38e04589a2d6a477','seed_run_s16_market_batch2_20260502','organization','org_s16_market_38e04589a2d6a477','seed_source_osm_market_ng_s16b_20260502','{"osm_id": "247227232", "osm_type": "way", "amenity": "marketplace", "shop": "", "addr_state": "", "addr_lga": "", "operator": "", "opening_hours": ""}');

-- 42. Ebute Ero Market
INSERT OR IGNORE INTO organizations (id,tenant_id,organization_type,legal_name,display_name,registration_number,status,verification_state,created_at,updated_at) VALUES ('org_s16_market_2edeb96430343a8e','tenant_platform_seed','market','Ebute Ero Market','Ebute Ero Market',NULL,'active','seeded',unixepoch(),unixepoch());
INSERT OR IGNORE INTO profiles (id,subject_id,subject_type,primary_place_id,tenant_id,workspace_id,display_name,created_at,updated_at) VALUES ('prof_s16_market_2edeb96430343a8e','org_s16_market_2edeb96430343a8e','organization','place_nigeria_001','tenant_platform_seed','workspace_platform_seed_discovery','Ebute Ero Market',unixepoch(),unixepoch());
INSERT OR IGNORE INTO search_entries (id,profile_id,display_name,keywords,ancestry_path,vertical,created_at,updated_at) VALUES ('se_s16_market_2edeb96430343a8e','prof_s16_market_2edeb96430343a8e','Ebute Ero Market','ebute ero market market market marketplace plaza mall trading centre nigeria','place_nigeria_001','commerce',unixepoch(),unixepoch());
INSERT OR IGNORE INTO seed_ingestion_records (id,seed_run_id,entity_type,entity_id,source_id,status) VALUES ('ir_s16_market_2edeb96430343a8e','seed_run_s16_market_batch2_20260502','organization','org_s16_market_2edeb96430343a8e','seed_source_osm_market_ng_s16b_20260502','ingested');
INSERT OR IGNORE INTO seed_entity_sources (id,seed_run_id,entity_type,entity_id,source_id,confidence_tier) VALUES ('es_s16_market_2edeb96430343a8e','seed_run_s16_market_batch2_20260502','organization','org_s16_market_2edeb96430343a8e','seed_source_osm_market_ng_s16b_20260502','seeded');
INSERT OR IGNORE INTO seed_enrichment (id,seed_run_id,entity_type,entity_id,enrichment_type,enrichment_json) VALUES ('enr_s16_market_2edeb96430343a8e','seed_run_s16_market_batch2_20260502','organization','org_s16_market_2edeb96430343a8e','seed_source_osm_market_ng_s16b_20260502','{"osm_id": "247241474", "osm_type": "way", "amenity": "marketplace", "shop": "", "addr_state": "", "addr_lga": "", "operator": "", "opening_hours": ""}');

-- 43. Jankara Market
INSERT OR IGNORE INTO organizations (id,tenant_id,organization_type,legal_name,display_name,registration_number,status,verification_state,created_at,updated_at) VALUES ('org_s16_market_e7d4d9d8b3f0bce0','tenant_platform_seed','market','Jankara Market','Jankara Market',NULL,'active','seeded',unixepoch(),unixepoch());
INSERT OR IGNORE INTO profiles (id,subject_id,subject_type,primary_place_id,tenant_id,workspace_id,display_name,created_at,updated_at) VALUES ('prof_s16_market_e7d4d9d8b3f0bce0','org_s16_market_e7d4d9d8b3f0bce0','organization','place_nigeria_001','tenant_platform_seed','workspace_platform_seed_discovery','Jankara Market',unixepoch(),unixepoch());
INSERT OR IGNORE INTO search_entries (id,profile_id,display_name,keywords,ancestry_path,vertical,created_at,updated_at) VALUES ('se_s16_market_e7d4d9d8b3f0bce0','prof_s16_market_e7d4d9d8b3f0bce0','Jankara Market','jankara market market market marketplace plaza mall trading centre nigeria','place_nigeria_001','commerce',unixepoch(),unixepoch());
INSERT OR IGNORE INTO seed_ingestion_records (id,seed_run_id,entity_type,entity_id,source_id,status) VALUES ('ir_s16_market_e7d4d9d8b3f0bce0','seed_run_s16_market_batch2_20260502','organization','org_s16_market_e7d4d9d8b3f0bce0','seed_source_osm_market_ng_s16b_20260502','ingested');
INSERT OR IGNORE INTO seed_entity_sources (id,seed_run_id,entity_type,entity_id,source_id,confidence_tier) VALUES ('es_s16_market_e7d4d9d8b3f0bce0','seed_run_s16_market_batch2_20260502','organization','org_s16_market_e7d4d9d8b3f0bce0','seed_source_osm_market_ng_s16b_20260502','seeded');
INSERT OR IGNORE INTO seed_enrichment (id,seed_run_id,entity_type,entity_id,enrichment_type,enrichment_json) VALUES ('enr_s16_market_e7d4d9d8b3f0bce0','seed_run_s16_market_batch2_20260502','organization','org_s16_market_e7d4d9d8b3f0bce0','seed_source_osm_market_ng_s16b_20260502','{"osm_id": "247241475", "osm_type": "way", "amenity": "marketplace", "shop": "", "addr_state": "", "addr_lga": "", "operator": "", "opening_hours": ""}');

-- 44. Monday Market
INSERT OR IGNORE INTO organizations (id,tenant_id,organization_type,legal_name,display_name,registration_number,status,verification_state,created_at,updated_at) VALUES ('org_s16_market_9d60ab5c28cb2347','tenant_platform_seed','market','Monday Market','Monday Market',NULL,'active','seeded',unixepoch(),unixepoch());
INSERT OR IGNORE INTO profiles (id,subject_id,subject_type,primary_place_id,tenant_id,workspace_id,display_name,created_at,updated_at) VALUES ('prof_s16_market_9d60ab5c28cb2347','org_s16_market_9d60ab5c28cb2347','organization','place_nigeria_001','tenant_platform_seed','workspace_platform_seed_discovery','Monday Market',unixepoch(),unixepoch());
INSERT OR IGNORE INTO search_entries (id,profile_id,display_name,keywords,ancestry_path,vertical,created_at,updated_at) VALUES ('se_s16_market_9d60ab5c28cb2347','prof_s16_market_9d60ab5c28cb2347','Monday Market','monday market market market marketplace plaza mall trading centre nigeria','place_nigeria_001','commerce',unixepoch(),unixepoch());
INSERT OR IGNORE INTO seed_ingestion_records (id,seed_run_id,entity_type,entity_id,source_id,status) VALUES ('ir_s16_market_9d60ab5c28cb2347','seed_run_s16_market_batch2_20260502','organization','org_s16_market_9d60ab5c28cb2347','seed_source_osm_market_ng_s16b_20260502','ingested');
INSERT OR IGNORE INTO seed_entity_sources (id,seed_run_id,entity_type,entity_id,source_id,confidence_tier) VALUES ('es_s16_market_9d60ab5c28cb2347','seed_run_s16_market_batch2_20260502','organization','org_s16_market_9d60ab5c28cb2347','seed_source_osm_market_ng_s16b_20260502','seeded');
INSERT OR IGNORE INTO seed_enrichment (id,seed_run_id,entity_type,entity_id,enrichment_type,enrichment_json) VALUES ('enr_s16_market_9d60ab5c28cb2347','seed_run_s16_market_batch2_20260502','organization','org_s16_market_9d60ab5c28cb2347','seed_source_osm_market_ng_s16b_20260502','{"osm_id": "264960853", "osm_type": "way", "amenity": "", "shop": "", "addr_state": "", "addr_lga": "", "operator": "", "opening_hours": ""}');

-- 45. Central Market
INSERT OR IGNORE INTO organizations (id,tenant_id,organization_type,legal_name,display_name,registration_number,status,verification_state,created_at,updated_at) VALUES ('org_s16_market_5263437ad4c6b280','tenant_platform_seed','market','Central Market','Central Market',NULL,'active','seeded',unixepoch(),unixepoch());
INSERT OR IGNORE INTO profiles (id,subject_id,subject_type,primary_place_id,tenant_id,workspace_id,display_name,created_at,updated_at) VALUES ('prof_s16_market_5263437ad4c6b280','org_s16_market_5263437ad4c6b280','organization','place_nigeria_001','tenant_platform_seed','workspace_platform_seed_discovery','Central Market',unixepoch(),unixepoch());
INSERT OR IGNORE INTO search_entries (id,profile_id,display_name,keywords,ancestry_path,vertical,created_at,updated_at) VALUES ('se_s16_market_5263437ad4c6b280','prof_s16_market_5263437ad4c6b280','Central Market','central market market market marketplace plaza mall trading centre nigeria','place_nigeria_001','commerce',unixepoch(),unixepoch());
INSERT OR IGNORE INTO seed_ingestion_records (id,seed_run_id,entity_type,entity_id,source_id,status) VALUES ('ir_s16_market_5263437ad4c6b280','seed_run_s16_market_batch2_20260502','organization','org_s16_market_5263437ad4c6b280','seed_source_osm_market_ng_s16b_20260502','ingested');
INSERT OR IGNORE INTO seed_entity_sources (id,seed_run_id,entity_type,entity_id,source_id,confidence_tier) VALUES ('es_s16_market_5263437ad4c6b280','seed_run_s16_market_batch2_20260502','organization','org_s16_market_5263437ad4c6b280','seed_source_osm_market_ng_s16b_20260502','seeded');
INSERT OR IGNORE INTO seed_enrichment (id,seed_run_id,entity_type,entity_id,enrichment_type,enrichment_json) VALUES ('enr_s16_market_5263437ad4c6b280','seed_run_s16_market_batch2_20260502','organization','org_s16_market_5263437ad4c6b280','seed_source_osm_market_ng_s16b_20260502','{"osm_id": "282586704", "osm_type": "way", "amenity": "marketplace", "shop": "", "addr_state": "", "addr_lga": "", "operator": "", "opening_hours": ""}');

-- 46. Kasuwar Wambai
INSERT OR IGNORE INTO organizations (id,tenant_id,organization_type,legal_name,display_name,registration_number,status,verification_state,created_at,updated_at) VALUES ('org_s16_market_225da763f2531245','tenant_platform_seed','market','Kasuwar Wambai','Kasuwar Wambai',NULL,'active','seeded',unixepoch(),unixepoch());
INSERT OR IGNORE INTO profiles (id,subject_id,subject_type,primary_place_id,tenant_id,workspace_id,display_name,created_at,updated_at) VALUES ('prof_s16_market_225da763f2531245','org_s16_market_225da763f2531245','organization','place_nigeria_001','tenant_platform_seed','workspace_platform_seed_discovery','Kasuwar Wambai',unixepoch(),unixepoch());
INSERT OR IGNORE INTO search_entries (id,profile_id,display_name,keywords,ancestry_path,vertical,created_at,updated_at) VALUES ('se_s16_market_225da763f2531245','prof_s16_market_225da763f2531245','Kasuwar Wambai','kasuwar wambai market market marketplace plaza mall trading centre nigeria','place_nigeria_001','commerce',unixepoch(),unixepoch());
INSERT OR IGNORE INTO seed_ingestion_records (id,seed_run_id,entity_type,entity_id,source_id,status) VALUES ('ir_s16_market_225da763f2531245','seed_run_s16_market_batch2_20260502','organization','org_s16_market_225da763f2531245','seed_source_osm_market_ng_s16b_20260502','ingested');
INSERT OR IGNORE INTO seed_entity_sources (id,seed_run_id,entity_type,entity_id,source_id,confidence_tier) VALUES ('es_s16_market_225da763f2531245','seed_run_s16_market_batch2_20260502','organization','org_s16_market_225da763f2531245','seed_source_osm_market_ng_s16b_20260502','seeded');
INSERT OR IGNORE INTO seed_enrichment (id,seed_run_id,entity_type,entity_id,enrichment_type,enrichment_json) VALUES ('enr_s16_market_225da763f2531245','seed_run_s16_market_batch2_20260502','organization','org_s16_market_225da763f2531245','seed_source_osm_market_ng_s16b_20260502','{"osm_id": "282825794", "osm_type": "way", "amenity": "", "shop": "", "addr_state": "", "addr_lga": "", "operator": "", "opening_hours": ""}');

-- 47. Sahad Stores
INSERT OR IGNORE INTO organizations (id,tenant_id,organization_type,legal_name,display_name,registration_number,status,verification_state,created_at,updated_at) VALUES ('org_s16_market_8819bfd776251c56','tenant_platform_seed','shopping_mall','Sahad Stores','Sahad Stores',NULL,'active','seeded',unixepoch(),unixepoch());
INSERT OR IGNORE INTO profiles (id,subject_id,subject_type,primary_place_id,tenant_id,workspace_id,display_name,created_at,updated_at) VALUES ('prof_s16_market_8819bfd776251c56','org_s16_market_8819bfd776251c56','organization','place_nigeria_001','tenant_platform_seed','workspace_platform_seed_discovery','Sahad Stores',unixepoch(),unixepoch());
INSERT OR IGNORE INTO search_entries (id,profile_id,display_name,keywords,ancestry_path,vertical,created_at,updated_at) VALUES ('se_s16_market_8819bfd776251c56','prof_s16_market_8819bfd776251c56','Sahad Stores','sahad stores shopping_mall kano market marketplace plaza mall trading centre nigeria','place_nigeria_001','commerce',unixepoch(),unixepoch());
INSERT OR IGNORE INTO seed_ingestion_records (id,seed_run_id,entity_type,entity_id,source_id,status) VALUES ('ir_s16_market_8819bfd776251c56','seed_run_s16_market_batch2_20260502','organization','org_s16_market_8819bfd776251c56','seed_source_osm_market_ng_s16b_20260502','ingested');
INSERT OR IGNORE INTO seed_entity_sources (id,seed_run_id,entity_type,entity_id,source_id,confidence_tier) VALUES ('es_s16_market_8819bfd776251c56','seed_run_s16_market_batch2_20260502','organization','org_s16_market_8819bfd776251c56','seed_source_osm_market_ng_s16b_20260502','seeded');
INSERT OR IGNORE INTO seed_enrichment (id,seed_run_id,entity_type,entity_id,enrichment_type,enrichment_json) VALUES ('enr_s16_market_8819bfd776251c56','seed_run_s16_market_batch2_20260502','organization','org_s16_market_8819bfd776251c56','seed_source_osm_market_ng_s16b_20260502','{"osm_id": "283109888", "osm_type": "way", "amenity": "", "shop": "mall", "addr_state": "", "addr_lga": "Kano", "operator": "Sahad", "opening_hours": ""}');

-- 48. Wuse Market
INSERT OR IGNORE INTO organizations (id,tenant_id,organization_type,legal_name,display_name,registration_number,status,verification_state,created_at,updated_at) VALUES ('org_s16_market_19b6f92e273dfbe3','tenant_platform_seed','market','Wuse Market','Wuse Market',NULL,'active','seeded',unixepoch(),unixepoch());
INSERT OR IGNORE INTO profiles (id,subject_id,subject_type,primary_place_id,tenant_id,workspace_id,display_name,created_at,updated_at) VALUES ('prof_s16_market_19b6f92e273dfbe3','org_s16_market_19b6f92e273dfbe3','organization','place_nigeria_001','tenant_platform_seed','workspace_platform_seed_discovery','Wuse Market',unixepoch(),unixepoch());
INSERT OR IGNORE INTO search_entries (id,profile_id,display_name,keywords,ancestry_path,vertical,created_at,updated_at) VALUES ('se_s16_market_19b6f92e273dfbe3','prof_s16_market_19b6f92e273dfbe3','Wuse Market','wuse market market market marketplace plaza mall trading centre nigeria','place_nigeria_001','commerce',unixepoch(),unixepoch());
INSERT OR IGNORE INTO seed_ingestion_records (id,seed_run_id,entity_type,entity_id,source_id,status) VALUES ('ir_s16_market_19b6f92e273dfbe3','seed_run_s16_market_batch2_20260502','organization','org_s16_market_19b6f92e273dfbe3','seed_source_osm_market_ng_s16b_20260502','ingested');
INSERT OR IGNORE INTO seed_entity_sources (id,seed_run_id,entity_type,entity_id,source_id,confidence_tier) VALUES ('es_s16_market_19b6f92e273dfbe3','seed_run_s16_market_batch2_20260502','organization','org_s16_market_19b6f92e273dfbe3','seed_source_osm_market_ng_s16b_20260502','seeded');
INSERT OR IGNORE INTO seed_enrichment (id,seed_run_id,entity_type,entity_id,enrichment_type,enrichment_json) VALUES ('enr_s16_market_19b6f92e273dfbe3','seed_run_s16_market_batch2_20260502','organization','org_s16_market_19b6f92e273dfbe3','seed_source_osm_market_ng_s16b_20260502','{"osm_id": "299203155", "osm_type": "way", "amenity": "marketplace", "shop": "", "addr_state": "", "addr_lga": "", "operator": "", "opening_hours": ""}');

-- 49. Money Exchange
INSERT OR IGNORE INTO organizations (id,tenant_id,organization_type,legal_name,display_name,registration_number,status,verification_state,created_at,updated_at) VALUES ('org_s16_market_b6193dfa2a96ac20','tenant_platform_seed','market','Money Exchange','Money Exchange',NULL,'active','seeded',unixepoch(),unixepoch());
INSERT OR IGNORE INTO profiles (id,subject_id,subject_type,primary_place_id,tenant_id,workspace_id,display_name,created_at,updated_at) VALUES ('prof_s16_market_b6193dfa2a96ac20','org_s16_market_b6193dfa2a96ac20','organization','place_nigeria_001','tenant_platform_seed','workspace_platform_seed_discovery','Money Exchange',unixepoch(),unixepoch());
INSERT OR IGNORE INTO search_entries (id,profile_id,display_name,keywords,ancestry_path,vertical,created_at,updated_at) VALUES ('se_s16_market_b6193dfa2a96ac20','prof_s16_market_b6193dfa2a96ac20','Money Exchange','money exchange market market marketplace plaza mall trading centre nigeria','place_nigeria_001','commerce',unixepoch(),unixepoch());
INSERT OR IGNORE INTO seed_ingestion_records (id,seed_run_id,entity_type,entity_id,source_id,status) VALUES ('ir_s16_market_b6193dfa2a96ac20','seed_run_s16_market_batch2_20260502','organization','org_s16_market_b6193dfa2a96ac20','seed_source_osm_market_ng_s16b_20260502','ingested');
INSERT OR IGNORE INTO seed_entity_sources (id,seed_run_id,entity_type,entity_id,source_id,confidence_tier) VALUES ('es_s16_market_b6193dfa2a96ac20','seed_run_s16_market_batch2_20260502','organization','org_s16_market_b6193dfa2a96ac20','seed_source_osm_market_ng_s16b_20260502','seeded');
INSERT OR IGNORE INTO seed_enrichment (id,seed_run_id,entity_type,entity_id,enrichment_type,enrichment_json) VALUES ('enr_s16_market_b6193dfa2a96ac20','seed_run_s16_market_batch2_20260502','organization','org_s16_market_b6193dfa2a96ac20','seed_source_osm_market_ng_s16b_20260502','{"osm_id": "299278094", "osm_type": "way", "amenity": "", "shop": "", "addr_state": "", "addr_lga": "", "operator": "", "opening_hours": ""}');

-- 50. Art & Craft Market
INSERT OR IGNORE INTO organizations (id,tenant_id,organization_type,legal_name,display_name,registration_number,status,verification_state,created_at,updated_at) VALUES ('org_s16_market_82f99dd25ada480d','tenant_platform_seed','market','Art & Craft Market','Art & Craft Market',NULL,'active','seeded',unixepoch(),unixepoch());
INSERT OR IGNORE INTO profiles (id,subject_id,subject_type,primary_place_id,tenant_id,workspace_id,display_name,created_at,updated_at) VALUES ('prof_s16_market_82f99dd25ada480d','org_s16_market_82f99dd25ada480d','organization','place_nigeria_001','tenant_platform_seed','workspace_platform_seed_discovery','Art & Craft Market',unixepoch(),unixepoch());
INSERT OR IGNORE INTO search_entries (id,profile_id,display_name,keywords,ancestry_path,vertical,created_at,updated_at) VALUES ('se_s16_market_82f99dd25ada480d','prof_s16_market_82f99dd25ada480d','Art & Craft Market','art & craft market market market marketplace plaza mall trading centre nigeria','place_nigeria_001','commerce',unixepoch(),unixepoch());
INSERT OR IGNORE INTO seed_ingestion_records (id,seed_run_id,entity_type,entity_id,source_id,status) VALUES ('ir_s16_market_82f99dd25ada480d','seed_run_s16_market_batch2_20260502','organization','org_s16_market_82f99dd25ada480d','seed_source_osm_market_ng_s16b_20260502','ingested');
INSERT OR IGNORE INTO seed_entity_sources (id,seed_run_id,entity_type,entity_id,source_id,confidence_tier) VALUES ('es_s16_market_82f99dd25ada480d','seed_run_s16_market_batch2_20260502','organization','org_s16_market_82f99dd25ada480d','seed_source_osm_market_ng_s16b_20260502','seeded');
INSERT OR IGNORE INTO seed_enrichment (id,seed_run_id,entity_type,entity_id,enrichment_type,enrichment_json) VALUES ('enr_s16_market_82f99dd25ada480d','seed_run_s16_market_batch2_20260502','organization','org_s16_market_82f99dd25ada480d','seed_source_osm_market_ng_s16b_20260502','{"osm_id": "300924631", "osm_type": "way", "amenity": "marketplace", "shop": "", "addr_state": "", "addr_lga": "", "operator": "", "opening_hours": ""}');

-- 51. Ceddi Plaza
INSERT OR IGNORE INTO organizations (id,tenant_id,organization_type,legal_name,display_name,registration_number,status,verification_state,created_at,updated_at) VALUES ('org_s16_market_5e6fcc16c422d38a','tenant_platform_seed','shopping_mall','Ceddi Plaza','Ceddi Plaza',NULL,'active','seeded',unixepoch(),unixepoch());
INSERT OR IGNORE INTO profiles (id,subject_id,subject_type,primary_place_id,tenant_id,workspace_id,display_name,created_at,updated_at) VALUES ('prof_s16_market_5e6fcc16c422d38a','org_s16_market_5e6fcc16c422d38a','organization','place_nigeria_001','tenant_platform_seed','workspace_platform_seed_discovery','Ceddi Plaza',unixepoch(),unixepoch());
INSERT OR IGNORE INTO search_entries (id,profile_id,display_name,keywords,ancestry_path,vertical,created_at,updated_at) VALUES ('se_s16_market_5e6fcc16c422d38a','prof_s16_market_5e6fcc16c422d38a','Ceddi Plaza','ceddi plaza shopping_mall abuja market marketplace plaza mall trading centre nigeria','place_nigeria_001','commerce',unixepoch(),unixepoch());
INSERT OR IGNORE INTO seed_ingestion_records (id,seed_run_id,entity_type,entity_id,source_id,status) VALUES ('ir_s16_market_5e6fcc16c422d38a','seed_run_s16_market_batch2_20260502','organization','org_s16_market_5e6fcc16c422d38a','seed_source_osm_market_ng_s16b_20260502','ingested');
INSERT OR IGNORE INTO seed_entity_sources (id,seed_run_id,entity_type,entity_id,source_id,confidence_tier) VALUES ('es_s16_market_5e6fcc16c422d38a','seed_run_s16_market_batch2_20260502','organization','org_s16_market_5e6fcc16c422d38a','seed_source_osm_market_ng_s16b_20260502','seeded');
INSERT OR IGNORE INTO seed_enrichment (id,seed_run_id,entity_type,entity_id,enrichment_type,enrichment_json) VALUES ('enr_s16_market_5e6fcc16c422d38a','seed_run_s16_market_batch2_20260502','organization','org_s16_market_5e6fcc16c422d38a','seed_source_osm_market_ng_s16b_20260502','{"osm_id": "302294835", "osm_type": "way", "amenity": "", "shop": "mall", "addr_state": "", "addr_lga": "Abuja", "operator": "", "opening_hours": ""}');

-- 52. Kasuwar Azare (Azare Market)
INSERT OR IGNORE INTO organizations (id,tenant_id,organization_type,legal_name,display_name,registration_number,status,verification_state,created_at,updated_at) VALUES ('org_s16_market_f3fe36c4da7c46eb','tenant_platform_seed','market','Kasuwar Azare (Azare Market)','Kasuwar Azare (Azare Market)',NULL,'active','seeded',unixepoch(),unixepoch());
INSERT OR IGNORE INTO profiles (id,subject_id,subject_type,primary_place_id,tenant_id,workspace_id,display_name,created_at,updated_at) VALUES ('prof_s16_market_f3fe36c4da7c46eb','org_s16_market_f3fe36c4da7c46eb','organization','place_nigeria_001','tenant_platform_seed','workspace_platform_seed_discovery','Kasuwar Azare (Azare Market)',unixepoch(),unixepoch());
INSERT OR IGNORE INTO search_entries (id,profile_id,display_name,keywords,ancestry_path,vertical,created_at,updated_at) VALUES ('se_s16_market_f3fe36c4da7c46eb','prof_s16_market_f3fe36c4da7c46eb','Kasuwar Azare (Azare Market)','kasuwar azare (azare market) market market marketplace plaza mall trading centre nigeria','place_nigeria_001','commerce',unixepoch(),unixepoch());
INSERT OR IGNORE INTO seed_ingestion_records (id,seed_run_id,entity_type,entity_id,source_id,status) VALUES ('ir_s16_market_f3fe36c4da7c46eb','seed_run_s16_market_batch2_20260502','organization','org_s16_market_f3fe36c4da7c46eb','seed_source_osm_market_ng_s16b_20260502','ingested');
INSERT OR IGNORE INTO seed_entity_sources (id,seed_run_id,entity_type,entity_id,source_id,confidence_tier) VALUES ('es_s16_market_f3fe36c4da7c46eb','seed_run_s16_market_batch2_20260502','organization','org_s16_market_f3fe36c4da7c46eb','seed_source_osm_market_ng_s16b_20260502','seeded');
INSERT OR IGNORE INTO seed_enrichment (id,seed_run_id,entity_type,entity_id,enrichment_type,enrichment_json) VALUES ('enr_s16_market_f3fe36c4da7c46eb','seed_run_s16_market_batch2_20260502','organization','org_s16_market_f3fe36c4da7c46eb','seed_source_osm_market_ng_s16b_20260502','{"osm_id": "308873482", "osm_type": "way", "amenity": "", "shop": "", "addr_state": "", "addr_lga": "", "operator": "", "opening_hours": ""}');

-- 53. Doro Baga Market
INSERT OR IGNORE INTO organizations (id,tenant_id,organization_type,legal_name,display_name,registration_number,status,verification_state,created_at,updated_at) VALUES ('org_s16_market_b55abc1e199865f5','tenant_platform_seed','market','Doro Baga Market','Doro Baga Market',NULL,'active','seeded',unixepoch(),unixepoch());
INSERT OR IGNORE INTO profiles (id,subject_id,subject_type,primary_place_id,tenant_id,workspace_id,display_name,created_at,updated_at) VALUES ('prof_s16_market_b55abc1e199865f5','org_s16_market_b55abc1e199865f5','organization','place_nigeria_001','tenant_platform_seed','workspace_platform_seed_discovery','Doro Baga Market',unixepoch(),unixepoch());
INSERT OR IGNORE INTO search_entries (id,profile_id,display_name,keywords,ancestry_path,vertical,created_at,updated_at) VALUES ('se_s16_market_b55abc1e199865f5','prof_s16_market_b55abc1e199865f5','Doro Baga Market','doro baga market market market marketplace plaza mall trading centre nigeria','place_nigeria_001','commerce',unixepoch(),unixepoch());
INSERT OR IGNORE INTO seed_ingestion_records (id,seed_run_id,entity_type,entity_id,source_id,status) VALUES ('ir_s16_market_b55abc1e199865f5','seed_run_s16_market_batch2_20260502','organization','org_s16_market_b55abc1e199865f5','seed_source_osm_market_ng_s16b_20260502','ingested');
INSERT OR IGNORE INTO seed_entity_sources (id,seed_run_id,entity_type,entity_id,source_id,confidence_tier) VALUES ('es_s16_market_b55abc1e199865f5','seed_run_s16_market_batch2_20260502','organization','org_s16_market_b55abc1e199865f5','seed_source_osm_market_ng_s16b_20260502','seeded');
INSERT OR IGNORE INTO seed_enrichment (id,seed_run_id,entity_type,entity_id,enrichment_type,enrichment_json) VALUES ('enr_s16_market_b55abc1e199865f5','seed_run_s16_market_batch2_20260502','organization','org_s16_market_b55abc1e199865f5','seed_source_osm_market_ng_s16b_20260502','{"osm_id": "322553824", "osm_type": "way", "amenity": "marketplace", "shop": "", "addr_state": "", "addr_lga": "", "operator": "", "opening_hours": ""}');

-- 54. Marché Gamboru
INSERT OR IGNORE INTO organizations (id,tenant_id,organization_type,legal_name,display_name,registration_number,status,verification_state,created_at,updated_at) VALUES ('org_s16_market_266ed4c15aa97d8a','tenant_platform_seed','market','Marché Gamboru','Marché Gamboru',NULL,'active','seeded',unixepoch(),unixepoch());
INSERT OR IGNORE INTO profiles (id,subject_id,subject_type,primary_place_id,tenant_id,workspace_id,display_name,created_at,updated_at) VALUES ('prof_s16_market_266ed4c15aa97d8a','org_s16_market_266ed4c15aa97d8a','organization','place_nigeria_001','tenant_platform_seed','workspace_platform_seed_discovery','Marché Gamboru',unixepoch(),unixepoch());
INSERT OR IGNORE INTO search_entries (id,profile_id,display_name,keywords,ancestry_path,vertical,created_at,updated_at) VALUES ('se_s16_market_266ed4c15aa97d8a','prof_s16_market_266ed4c15aa97d8a','Marché Gamboru','marché gamboru market market marketplace plaza mall trading centre nigeria','place_nigeria_001','commerce',unixepoch(),unixepoch());
INSERT OR IGNORE INTO seed_ingestion_records (id,seed_run_id,entity_type,entity_id,source_id,status) VALUES ('ir_s16_market_266ed4c15aa97d8a','seed_run_s16_market_batch2_20260502','organization','org_s16_market_266ed4c15aa97d8a','seed_source_osm_market_ng_s16b_20260502','ingested');
INSERT OR IGNORE INTO seed_entity_sources (id,seed_run_id,entity_type,entity_id,source_id,confidence_tier) VALUES ('es_s16_market_266ed4c15aa97d8a','seed_run_s16_market_batch2_20260502','organization','org_s16_market_266ed4c15aa97d8a','seed_source_osm_market_ng_s16b_20260502','seeded');
INSERT OR IGNORE INTO seed_enrichment (id,seed_run_id,entity_type,entity_id,enrichment_type,enrichment_json) VALUES ('enr_s16_market_266ed4c15aa97d8a','seed_run_s16_market_batch2_20260502','organization','org_s16_market_266ed4c15aa97d8a','seed_source_osm_market_ng_s16b_20260502','{"osm_id": "328838607", "osm_type": "way", "amenity": "", "shop": "", "addr_state": "", "addr_lga": "", "operator": "", "opening_hours": ""}');

-- 55. Ajegunle Market
INSERT OR IGNORE INTO organizations (id,tenant_id,organization_type,legal_name,display_name,registration_number,status,verification_state,created_at,updated_at) VALUES ('org_s16_market_e7fba2698a9968b3','tenant_platform_seed','market','Ajegunle Market','Ajegunle Market',NULL,'active','seeded',unixepoch(),unixepoch());
INSERT OR IGNORE INTO profiles (id,subject_id,subject_type,primary_place_id,tenant_id,workspace_id,display_name,created_at,updated_at) VALUES ('prof_s16_market_e7fba2698a9968b3','org_s16_market_e7fba2698a9968b3','organization','place_nigeria_001','tenant_platform_seed','workspace_platform_seed_discovery','Ajegunle Market',unixepoch(),unixepoch());
INSERT OR IGNORE INTO search_entries (id,profile_id,display_name,keywords,ancestry_path,vertical,created_at,updated_at) VALUES ('se_s16_market_e7fba2698a9968b3','prof_s16_market_e7fba2698a9968b3','Ajegunle Market','ajegunle market market osogbo market marketplace plaza mall trading centre nigeria','place_nigeria_001','commerce',unixepoch(),unixepoch());
INSERT OR IGNORE INTO seed_ingestion_records (id,seed_run_id,entity_type,entity_id,source_id,status) VALUES ('ir_s16_market_e7fba2698a9968b3','seed_run_s16_market_batch2_20260502','organization','org_s16_market_e7fba2698a9968b3','seed_source_osm_market_ng_s16b_20260502','ingested');
INSERT OR IGNORE INTO seed_entity_sources (id,seed_run_id,entity_type,entity_id,source_id,confidence_tier) VALUES ('es_s16_market_e7fba2698a9968b3','seed_run_s16_market_batch2_20260502','organization','org_s16_market_e7fba2698a9968b3','seed_source_osm_market_ng_s16b_20260502','seeded');
INSERT OR IGNORE INTO seed_enrichment (id,seed_run_id,entity_type,entity_id,enrichment_type,enrichment_json) VALUES ('enr_s16_market_e7fba2698a9968b3','seed_run_s16_market_batch2_20260502','organization','org_s16_market_e7fba2698a9968b3','seed_source_osm_market_ng_s16b_20260502','{"osm_id": "332060886", "osm_type": "way", "amenity": "", "shop": "car_parts", "addr_state": "", "addr_lga": "Osogbo", "operator": "", "opening_hours": ""}');

-- 56. Ubani Modern Market
INSERT OR IGNORE INTO organizations (id,tenant_id,organization_type,legal_name,display_name,registration_number,status,verification_state,created_at,updated_at) VALUES ('org_s16_market_c85c44bbee029bd1','tenant_platform_seed','market','Ubani Modern Market','Ubani Modern Market',NULL,'active','seeded',unixepoch(),unixepoch());
INSERT OR IGNORE INTO profiles (id,subject_id,subject_type,primary_place_id,tenant_id,workspace_id,display_name,created_at,updated_at) VALUES ('prof_s16_market_c85c44bbee029bd1','org_s16_market_c85c44bbee029bd1','organization','place_nigeria_001','tenant_platform_seed','workspace_platform_seed_discovery','Ubani Modern Market',unixepoch(),unixepoch());
INSERT OR IGNORE INTO search_entries (id,profile_id,display_name,keywords,ancestry_path,vertical,created_at,updated_at) VALUES ('se_s16_market_c85c44bbee029bd1','prof_s16_market_c85c44bbee029bd1','Ubani Modern Market','ubani modern market market market marketplace plaza mall trading centre nigeria','place_nigeria_001','commerce',unixepoch(),unixepoch());
INSERT OR IGNORE INTO seed_ingestion_records (id,seed_run_id,entity_type,entity_id,source_id,status) VALUES ('ir_s16_market_c85c44bbee029bd1','seed_run_s16_market_batch2_20260502','organization','org_s16_market_c85c44bbee029bd1','seed_source_osm_market_ng_s16b_20260502','ingested');
INSERT OR IGNORE INTO seed_entity_sources (id,seed_run_id,entity_type,entity_id,source_id,confidence_tier) VALUES ('es_s16_market_c85c44bbee029bd1','seed_run_s16_market_batch2_20260502','organization','org_s16_market_c85c44bbee029bd1','seed_source_osm_market_ng_s16b_20260502','seeded');
INSERT OR IGNORE INTO seed_enrichment (id,seed_run_id,entity_type,entity_id,enrichment_type,enrichment_json) VALUES ('enr_s16_market_c85c44bbee029bd1','seed_run_s16_market_batch2_20260502','organization','org_s16_market_c85c44bbee029bd1','seed_source_osm_market_ng_s16b_20260502','{"osm_id": "333811770", "osm_type": "way", "amenity": "marketplace", "shop": "", "addr_state": "", "addr_lga": "", "operator": "", "opening_hours": ""}');

-- 57. Epe Fish Market
INSERT OR IGNORE INTO organizations (id,tenant_id,organization_type,legal_name,display_name,registration_number,status,verification_state,created_at,updated_at) VALUES ('org_s16_market_4db708fe8d1adf76','tenant_platform_seed','market','Epe Fish Market','Epe Fish Market',NULL,'active','seeded',unixepoch(),unixepoch());
INSERT OR IGNORE INTO profiles (id,subject_id,subject_type,primary_place_id,tenant_id,workspace_id,display_name,created_at,updated_at) VALUES ('prof_s16_market_4db708fe8d1adf76','org_s16_market_4db708fe8d1adf76','organization','place_nigeria_001','tenant_platform_seed','workspace_platform_seed_discovery','Epe Fish Market',unixepoch(),unixepoch());
INSERT OR IGNORE INTO search_entries (id,profile_id,display_name,keywords,ancestry_path,vertical,created_at,updated_at) VALUES ('se_s16_market_4db708fe8d1adf76','prof_s16_market_4db708fe8d1adf76','Epe Fish Market','epe fish market market market marketplace plaza mall trading centre nigeria','place_nigeria_001','commerce',unixepoch(),unixepoch());
INSERT OR IGNORE INTO seed_ingestion_records (id,seed_run_id,entity_type,entity_id,source_id,status) VALUES ('ir_s16_market_4db708fe8d1adf76','seed_run_s16_market_batch2_20260502','organization','org_s16_market_4db708fe8d1adf76','seed_source_osm_market_ng_s16b_20260502','ingested');
INSERT OR IGNORE INTO seed_entity_sources (id,seed_run_id,entity_type,entity_id,source_id,confidence_tier) VALUES ('es_s16_market_4db708fe8d1adf76','seed_run_s16_market_batch2_20260502','organization','org_s16_market_4db708fe8d1adf76','seed_source_osm_market_ng_s16b_20260502','seeded');
INSERT OR IGNORE INTO seed_enrichment (id,seed_run_id,entity_type,entity_id,enrichment_type,enrichment_json) VALUES ('enr_s16_market_4db708fe8d1adf76','seed_run_s16_market_batch2_20260502','organization','org_s16_market_4db708fe8d1adf76','seed_source_osm_market_ng_s16b_20260502','{"osm_id": "361511051", "osm_type": "way", "amenity": "marketplace", "shop": "", "addr_state": "", "addr_lga": "", "operator": "", "opening_hours": ""}');

-- 58. A Whitespace
INSERT OR IGNORE INTO organizations (id,tenant_id,organization_type,legal_name,display_name,registration_number,status,verification_state,created_at,updated_at) VALUES ('org_s16_market_68d460d582f459d9','tenant_platform_seed','market','A Whitespace','A Whitespace',NULL,'active','seeded',unixepoch(),unixepoch());
INSERT OR IGNORE INTO profiles (id,subject_id,subject_type,primary_place_id,tenant_id,workspace_id,display_name,created_at,updated_at) VALUES ('prof_s16_market_68d460d582f459d9','org_s16_market_68d460d582f459d9','organization','place_nigeria_001','tenant_platform_seed','workspace_platform_seed_discovery','A Whitespace',unixepoch(),unixepoch());
INSERT OR IGNORE INTO search_entries (id,profile_id,display_name,keywords,ancestry_path,vertical,created_at,updated_at) VALUES ('se_s16_market_68d460d582f459d9','prof_s16_market_68d460d582f459d9','A Whitespace','a whitespace market lagaos market marketplace plaza mall trading centre nigeria','place_nigeria_001','commerce',unixepoch(),unixepoch());
INSERT OR IGNORE INTO seed_ingestion_records (id,seed_run_id,entity_type,entity_id,source_id,status) VALUES ('ir_s16_market_68d460d582f459d9','seed_run_s16_market_batch2_20260502','organization','org_s16_market_68d460d582f459d9','seed_source_osm_market_ng_s16b_20260502','ingested');
INSERT OR IGNORE INTO seed_entity_sources (id,seed_run_id,entity_type,entity_id,source_id,confidence_tier) VALUES ('es_s16_market_68d460d582f459d9','seed_run_s16_market_batch2_20260502','organization','org_s16_market_68d460d582f459d9','seed_source_osm_market_ng_s16b_20260502','seeded');
INSERT OR IGNORE INTO seed_enrichment (id,seed_run_id,entity_type,entity_id,enrichment_type,enrichment_json) VALUES ('enr_s16_market_68d460d582f459d9','seed_run_s16_market_batch2_20260502','organization','org_s16_market_68d460d582f459d9','seed_source_osm_market_ng_s16b_20260502','{"osm_id": "363796137", "osm_type": "way", "amenity": "", "shop": "", "addr_state": "", "addr_lga": "Lagaos", "operator": "A Whitespace Creative Agency", "opening_hours": ""}');

-- 59. Black Market
INSERT OR IGNORE INTO organizations (id,tenant_id,organization_type,legal_name,display_name,registration_number,status,verification_state,created_at,updated_at) VALUES ('org_s16_market_1b4da811fac6e22f','tenant_platform_seed','department_store','Black Market','Black Market',NULL,'active','seeded',unixepoch(),unixepoch());
INSERT OR IGNORE INTO profiles (id,subject_id,subject_type,primary_place_id,tenant_id,workspace_id,display_name,created_at,updated_at) VALUES ('prof_s16_market_1b4da811fac6e22f','org_s16_market_1b4da811fac6e22f','organization','place_nigeria_001','tenant_platform_seed','workspace_platform_seed_discovery','Black Market',unixepoch(),unixepoch());
INSERT OR IGNORE INTO search_entries (id,profile_id,display_name,keywords,ancestry_path,vertical,created_at,updated_at) VALUES ('se_s16_market_1b4da811fac6e22f','prof_s16_market_1b4da811fac6e22f','Black Market','black market department_store market marketplace plaza mall trading centre nigeria','place_nigeria_001','commerce',unixepoch(),unixepoch());
INSERT OR IGNORE INTO seed_ingestion_records (id,seed_run_id,entity_type,entity_id,source_id,status) VALUES ('ir_s16_market_1b4da811fac6e22f','seed_run_s16_market_batch2_20260502','organization','org_s16_market_1b4da811fac6e22f','seed_source_osm_market_ng_s16b_20260502','ingested');
INSERT OR IGNORE INTO seed_entity_sources (id,seed_run_id,entity_type,entity_id,source_id,confidence_tier) VALUES ('es_s16_market_1b4da811fac6e22f','seed_run_s16_market_batch2_20260502','organization','org_s16_market_1b4da811fac6e22f','seed_source_osm_market_ng_s16b_20260502','seeded');
INSERT OR IGNORE INTO seed_enrichment (id,seed_run_id,entity_type,entity_id,enrichment_type,enrichment_json) VALUES ('enr_s16_market_1b4da811fac6e22f','seed_run_s16_market_batch2_20260502','organization','org_s16_market_1b4da811fac6e22f','seed_source_osm_market_ng_s16b_20260502','{"osm_id": "364506883", "osm_type": "way", "amenity": "", "shop": "department_store", "addr_state": "", "addr_lga": "", "operator": "University", "opening_hours": "24/7"}');

-- 60. Ayegbaju International Modern Market
INSERT OR IGNORE INTO organizations (id,tenant_id,organization_type,legal_name,display_name,registration_number,status,verification_state,created_at,updated_at) VALUES ('org_s16_market_550e7a8918fff6a4','tenant_platform_seed','market','Ayegbaju International Modern Market','Ayegbaju International Modern Market',NULL,'active','seeded',unixepoch(),unixepoch());
INSERT OR IGNORE INTO profiles (id,subject_id,subject_type,primary_place_id,tenant_id,workspace_id,display_name,created_at,updated_at) VALUES ('prof_s16_market_550e7a8918fff6a4','org_s16_market_550e7a8918fff6a4','organization','place_nigeria_001','tenant_platform_seed','workspace_platform_seed_discovery','Ayegbaju International Modern Market',unixepoch(),unixepoch());
INSERT OR IGNORE INTO search_entries (id,profile_id,display_name,keywords,ancestry_path,vertical,created_at,updated_at) VALUES ('se_s16_market_550e7a8918fff6a4','prof_s16_market_550e7a8918fff6a4','Ayegbaju International Modern Market','ayegbaju international modern market market osogbo market marketplace plaza mall trading centre nigeria','place_nigeria_001','commerce',unixepoch(),unixepoch());
INSERT OR IGNORE INTO seed_ingestion_records (id,seed_run_id,entity_type,entity_id,source_id,status) VALUES ('ir_s16_market_550e7a8918fff6a4','seed_run_s16_market_batch2_20260502','organization','org_s16_market_550e7a8918fff6a4','seed_source_osm_market_ng_s16b_20260502','ingested');
INSERT OR IGNORE INTO seed_entity_sources (id,seed_run_id,entity_type,entity_id,source_id,confidence_tier) VALUES ('es_s16_market_550e7a8918fff6a4','seed_run_s16_market_batch2_20260502','organization','org_s16_market_550e7a8918fff6a4','seed_source_osm_market_ng_s16b_20260502','seeded');
INSERT OR IGNORE INTO seed_enrichment (id,seed_run_id,entity_type,entity_id,enrichment_type,enrichment_json) VALUES ('enr_s16_market_550e7a8918fff6a4','seed_run_s16_market_batch2_20260502','organization','org_s16_market_550e7a8918fff6a4','seed_source_osm_market_ng_s16b_20260502','{"osm_id": "378297555", "osm_type": "way", "amenity": "marketplace", "shop": "", "addr_state": "", "addr_lga": "Osogbo", "operator": "", "opening_hours": "06:30-18:30"}');

-- 61. Betsay Shopping Mall
INSERT OR IGNORE INTO organizations (id,tenant_id,organization_type,legal_name,display_name,registration_number,status,verification_state,created_at,updated_at) VALUES ('org_s16_market_b5a2fa1954e3767f','tenant_platform_seed','shopping_mall','Betsay Shopping Mall','Betsay Shopping Mall',NULL,'active','seeded',unixepoch(),unixepoch());
INSERT OR IGNORE INTO profiles (id,subject_id,subject_type,primary_place_id,tenant_id,workspace_id,display_name,created_at,updated_at) VALUES ('prof_s16_market_b5a2fa1954e3767f','org_s16_market_b5a2fa1954e3767f','organization','place_nigeria_001','tenant_platform_seed','workspace_platform_seed_discovery','Betsay Shopping Mall',unixepoch(),unixepoch());
INSERT OR IGNORE INTO search_entries (id,profile_id,display_name,keywords,ancestry_path,vertical,created_at,updated_at) VALUES ('se_s16_market_b5a2fa1954e3767f','prof_s16_market_b5a2fa1954e3767f','Betsay Shopping Mall','betsay shopping mall shopping_mall osogbo market marketplace plaza mall trading centre nigeria','place_nigeria_001','commerce',unixepoch(),unixepoch());
INSERT OR IGNORE INTO seed_ingestion_records (id,seed_run_id,entity_type,entity_id,source_id,status) VALUES ('ir_s16_market_b5a2fa1954e3767f','seed_run_s16_market_batch2_20260502','organization','org_s16_market_b5a2fa1954e3767f','seed_source_osm_market_ng_s16b_20260502','ingested');
INSERT OR IGNORE INTO seed_entity_sources (id,seed_run_id,entity_type,entity_id,source_id,confidence_tier) VALUES ('es_s16_market_b5a2fa1954e3767f','seed_run_s16_market_batch2_20260502','organization','org_s16_market_b5a2fa1954e3767f','seed_source_osm_market_ng_s16b_20260502','seeded');
INSERT OR IGNORE INTO seed_enrichment (id,seed_run_id,entity_type,entity_id,enrichment_type,enrichment_json) VALUES ('enr_s16_market_b5a2fa1954e3767f','seed_run_s16_market_batch2_20260502','organization','org_s16_market_b5a2fa1954e3767f','seed_source_osm_market_ng_s16b_20260502','{"osm_id": "378869329", "osm_type": "way", "amenity": "", "shop": "mall", "addr_state": "", "addr_lga": "Osogbo", "operator": "", "opening_hours": ""}');

-- 62. Treasure Plaza
INSERT OR IGNORE INTO organizations (id,tenant_id,organization_type,legal_name,display_name,registration_number,status,verification_state,created_at,updated_at) VALUES ('org_s16_market_0661854b5b3b0ff1','tenant_platform_seed','shopping_mall','Treasure Plaza','Treasure Plaza',NULL,'active','seeded',unixepoch(),unixepoch());
INSERT OR IGNORE INTO profiles (id,subject_id,subject_type,primary_place_id,tenant_id,workspace_id,display_name,created_at,updated_at) VALUES ('prof_s16_market_0661854b5b3b0ff1','org_s16_market_0661854b5b3b0ff1','organization','place_nigeria_001','tenant_platform_seed','workspace_platform_seed_discovery','Treasure Plaza',unixepoch(),unixepoch());
INSERT OR IGNORE INTO search_entries (id,profile_id,display_name,keywords,ancestry_path,vertical,created_at,updated_at) VALUES ('se_s16_market_0661854b5b3b0ff1','prof_s16_market_0661854b5b3b0ff1','Treasure Plaza','treasure plaza shopping_mall osogbo market marketplace plaza mall trading centre nigeria','place_nigeria_001','commerce',unixepoch(),unixepoch());
INSERT OR IGNORE INTO seed_ingestion_records (id,seed_run_id,entity_type,entity_id,source_id,status) VALUES ('ir_s16_market_0661854b5b3b0ff1','seed_run_s16_market_batch2_20260502','organization','org_s16_market_0661854b5b3b0ff1','seed_source_osm_market_ng_s16b_20260502','ingested');
INSERT OR IGNORE INTO seed_entity_sources (id,seed_run_id,entity_type,entity_id,source_id,confidence_tier) VALUES ('es_s16_market_0661854b5b3b0ff1','seed_run_s16_market_batch2_20260502','organization','org_s16_market_0661854b5b3b0ff1','seed_source_osm_market_ng_s16b_20260502','seeded');
INSERT OR IGNORE INTO seed_enrichment (id,seed_run_id,entity_type,entity_id,enrichment_type,enrichment_json) VALUES ('enr_s16_market_0661854b5b3b0ff1','seed_run_s16_market_batch2_20260502','organization','org_s16_market_0661854b5b3b0ff1','seed_source_osm_market_ng_s16b_20260502','{"osm_id": "378869330", "osm_type": "way", "amenity": "", "shop": "mall", "addr_state": "", "addr_lga": "Osogbo", "operator": "", "opening_hours": ""}');

-- 63. Olatundun Shopping Plaza
INSERT OR IGNORE INTO organizations (id,tenant_id,organization_type,legal_name,display_name,registration_number,status,verification_state,created_at,updated_at) VALUES ('org_s16_market_3517e77de34725a0','tenant_platform_seed','shopping_mall','Olatundun Shopping Plaza','Olatundun Shopping Plaza',NULL,'active','seeded',unixepoch(),unixepoch());
INSERT OR IGNORE INTO profiles (id,subject_id,subject_type,primary_place_id,tenant_id,workspace_id,display_name,created_at,updated_at) VALUES ('prof_s16_market_3517e77de34725a0','org_s16_market_3517e77de34725a0','organization','place_nigeria_001','tenant_platform_seed','workspace_platform_seed_discovery','Olatundun Shopping Plaza',unixepoch(),unixepoch());
INSERT OR IGNORE INTO search_entries (id,profile_id,display_name,keywords,ancestry_path,vertical,created_at,updated_at) VALUES ('se_s16_market_3517e77de34725a0','prof_s16_market_3517e77de34725a0','Olatundun Shopping Plaza','olatundun shopping plaza shopping_mall osogbo market marketplace plaza mall trading centre nigeria','place_nigeria_001','commerce',unixepoch(),unixepoch());
INSERT OR IGNORE INTO seed_ingestion_records (id,seed_run_id,entity_type,entity_id,source_id,status) VALUES ('ir_s16_market_3517e77de34725a0','seed_run_s16_market_batch2_20260502','organization','org_s16_market_3517e77de34725a0','seed_source_osm_market_ng_s16b_20260502','ingested');
INSERT OR IGNORE INTO seed_entity_sources (id,seed_run_id,entity_type,entity_id,source_id,confidence_tier) VALUES ('es_s16_market_3517e77de34725a0','seed_run_s16_market_batch2_20260502','organization','org_s16_market_3517e77de34725a0','seed_source_osm_market_ng_s16b_20260502','seeded');
INSERT OR IGNORE INTO seed_enrichment (id,seed_run_id,entity_type,entity_id,enrichment_type,enrichment_json) VALUES ('enr_s16_market_3517e77de34725a0','seed_run_s16_market_batch2_20260502','organization','org_s16_market_3517e77de34725a0','seed_source_osm_market_ng_s16b_20260502','{"osm_id": "378869335", "osm_type": "way", "amenity": "", "shop": "mall", "addr_state": "", "addr_lga": "Osogbo", "operator": "", "opening_hours": ""}');

-- 64. Oba Oyewole Shopping Plaza
INSERT OR IGNORE INTO organizations (id,tenant_id,organization_type,legal_name,display_name,registration_number,status,verification_state,created_at,updated_at) VALUES ('org_s16_market_335ad289513f3eb0','tenant_platform_seed','shopping_mall','Oba Oyewole Shopping Plaza','Oba Oyewole Shopping Plaza',NULL,'active','seeded',unixepoch(),unixepoch());
INSERT OR IGNORE INTO profiles (id,subject_id,subject_type,primary_place_id,tenant_id,workspace_id,display_name,created_at,updated_at) VALUES ('prof_s16_market_335ad289513f3eb0','org_s16_market_335ad289513f3eb0','organization','place_nigeria_001','tenant_platform_seed','workspace_platform_seed_discovery','Oba Oyewole Shopping Plaza',unixepoch(),unixepoch());
INSERT OR IGNORE INTO search_entries (id,profile_id,display_name,keywords,ancestry_path,vertical,created_at,updated_at) VALUES ('se_s16_market_335ad289513f3eb0','prof_s16_market_335ad289513f3eb0','Oba Oyewole Shopping Plaza','oba oyewole shopping plaza shopping_mall osogbo market marketplace plaza mall trading centre nigeria','place_nigeria_001','commerce',unixepoch(),unixepoch());
INSERT OR IGNORE INTO seed_ingestion_records (id,seed_run_id,entity_type,entity_id,source_id,status) VALUES ('ir_s16_market_335ad289513f3eb0','seed_run_s16_market_batch2_20260502','organization','org_s16_market_335ad289513f3eb0','seed_source_osm_market_ng_s16b_20260502','ingested');
INSERT OR IGNORE INTO seed_entity_sources (id,seed_run_id,entity_type,entity_id,source_id,confidence_tier) VALUES ('es_s16_market_335ad289513f3eb0','seed_run_s16_market_batch2_20260502','organization','org_s16_market_335ad289513f3eb0','seed_source_osm_market_ng_s16b_20260502','seeded');
INSERT OR IGNORE INTO seed_enrichment (id,seed_run_id,entity_type,entity_id,enrichment_type,enrichment_json) VALUES ('enr_s16_market_335ad289513f3eb0','seed_run_s16_market_batch2_20260502','organization','org_s16_market_335ad289513f3eb0','seed_source_osm_market_ng_s16b_20260502','{"osm_id": "378869339", "osm_type": "way", "amenity": "", "shop": "mall", "addr_state": "", "addr_lga": "Osogbo", "operator": "", "opening_hours": ""}');

-- 65. Boorepo Supermarket
INSERT OR IGNORE INTO organizations (id,tenant_id,organization_type,legal_name,display_name,registration_number,status,verification_state,created_at,updated_at) VALUES ('org_s16_market_6ef2088c8e2f0b23','tenant_platform_seed','market','Boorepo Supermarket','Boorepo Supermarket',NULL,'active','seeded',unixepoch(),unixepoch());
INSERT OR IGNORE INTO profiles (id,subject_id,subject_type,primary_place_id,tenant_id,workspace_id,display_name,created_at,updated_at) VALUES ('prof_s16_market_6ef2088c8e2f0b23','org_s16_market_6ef2088c8e2f0b23','organization','place_nigeria_001','tenant_platform_seed','workspace_platform_seed_discovery','Boorepo Supermarket',unixepoch(),unixepoch());
INSERT OR IGNORE INTO search_entries (id,profile_id,display_name,keywords,ancestry_path,vertical,created_at,updated_at) VALUES ('se_s16_market_6ef2088c8e2f0b23','prof_s16_market_6ef2088c8e2f0b23','Boorepo Supermarket','boorepo supermarket market osogbo market marketplace plaza mall trading centre nigeria','place_nigeria_001','commerce',unixepoch(),unixepoch());
INSERT OR IGNORE INTO seed_ingestion_records (id,seed_run_id,entity_type,entity_id,source_id,status) VALUES ('ir_s16_market_6ef2088c8e2f0b23','seed_run_s16_market_batch2_20260502','organization','org_s16_market_6ef2088c8e2f0b23','seed_source_osm_market_ng_s16b_20260502','ingested');
INSERT OR IGNORE INTO seed_entity_sources (id,seed_run_id,entity_type,entity_id,source_id,confidence_tier) VALUES ('es_s16_market_6ef2088c8e2f0b23','seed_run_s16_market_batch2_20260502','organization','org_s16_market_6ef2088c8e2f0b23','seed_source_osm_market_ng_s16b_20260502','seeded');
INSERT OR IGNORE INTO seed_enrichment (id,seed_run_id,entity_type,entity_id,enrichment_type,enrichment_json) VALUES ('enr_s16_market_6ef2088c8e2f0b23','seed_run_s16_market_batch2_20260502','organization','org_s16_market_6ef2088c8e2f0b23','seed_source_osm_market_ng_s16b_20260502','{"osm_id": "378869342", "osm_type": "way", "amenity": "", "shop": "supermarket", "addr_state": "", "addr_lga": "Osogbo", "operator": "", "opening_hours": ""}');

-- 66. Afor Market Urualla
INSERT OR IGNORE INTO organizations (id,tenant_id,organization_type,legal_name,display_name,registration_number,status,verification_state,created_at,updated_at) VALUES ('org_s16_market_d6ef5ab2e12c58bd','tenant_platform_seed','market','Afor Market Urualla','Afor Market Urualla',NULL,'active','seeded',unixepoch(),unixepoch());
INSERT OR IGNORE INTO profiles (id,subject_id,subject_type,primary_place_id,tenant_id,workspace_id,display_name,created_at,updated_at) VALUES ('prof_s16_market_d6ef5ab2e12c58bd','org_s16_market_d6ef5ab2e12c58bd','organization','place_nigeria_001','tenant_platform_seed','workspace_platform_seed_discovery','Afor Market Urualla',unixepoch(),unixepoch());
INSERT OR IGNORE INTO search_entries (id,profile_id,display_name,keywords,ancestry_path,vertical,created_at,updated_at) VALUES ('se_s16_market_d6ef5ab2e12c58bd','prof_s16_market_d6ef5ab2e12c58bd','Afor Market Urualla','afor market urualla market market marketplace plaza mall trading centre nigeria','place_nigeria_001','commerce',unixepoch(),unixepoch());
INSERT OR IGNORE INTO seed_ingestion_records (id,seed_run_id,entity_type,entity_id,source_id,status) VALUES ('ir_s16_market_d6ef5ab2e12c58bd','seed_run_s16_market_batch2_20260502','organization','org_s16_market_d6ef5ab2e12c58bd','seed_source_osm_market_ng_s16b_20260502','ingested');
INSERT OR IGNORE INTO seed_entity_sources (id,seed_run_id,entity_type,entity_id,source_id,confidence_tier) VALUES ('es_s16_market_d6ef5ab2e12c58bd','seed_run_s16_market_batch2_20260502','organization','org_s16_market_d6ef5ab2e12c58bd','seed_source_osm_market_ng_s16b_20260502','seeded');
INSERT OR IGNORE INTO seed_enrichment (id,seed_run_id,entity_type,entity_id,enrichment_type,enrichment_json) VALUES ('enr_s16_market_d6ef5ab2e12c58bd','seed_run_s16_market_batch2_20260502','organization','org_s16_market_d6ef5ab2e12c58bd','seed_source_osm_market_ng_s16b_20260502','{"osm_id": "383109258", "osm_type": "way", "amenity": "marketplace", "shop": "", "addr_state": "", "addr_lga": "", "operator": "", "opening_hours": ""}');

-- 67. Orie Akokwa
INSERT OR IGNORE INTO organizations (id,tenant_id,organization_type,legal_name,display_name,registration_number,status,verification_state,created_at,updated_at) VALUES ('org_s16_market_8ebf2a4e04eebf65','tenant_platform_seed','market','Orie Akokwa','Orie Akokwa',NULL,'active','seeded',unixepoch(),unixepoch());
INSERT OR IGNORE INTO profiles (id,subject_id,subject_type,primary_place_id,tenant_id,workspace_id,display_name,created_at,updated_at) VALUES ('prof_s16_market_8ebf2a4e04eebf65','org_s16_market_8ebf2a4e04eebf65','organization','place_nigeria_001','tenant_platform_seed','workspace_platform_seed_discovery','Orie Akokwa',unixepoch(),unixepoch());
INSERT OR IGNORE INTO search_entries (id,profile_id,display_name,keywords,ancestry_path,vertical,created_at,updated_at) VALUES ('se_s16_market_8ebf2a4e04eebf65','prof_s16_market_8ebf2a4e04eebf65','Orie Akokwa','orie akokwa market akokwa market marketplace plaza mall trading centre nigeria','place_nigeria_001','commerce',unixepoch(),unixepoch());
INSERT OR IGNORE INTO seed_ingestion_records (id,seed_run_id,entity_type,entity_id,source_id,status) VALUES ('ir_s16_market_8ebf2a4e04eebf65','seed_run_s16_market_batch2_20260502','organization','org_s16_market_8ebf2a4e04eebf65','seed_source_osm_market_ng_s16b_20260502','ingested');
INSERT OR IGNORE INTO seed_entity_sources (id,seed_run_id,entity_type,entity_id,source_id,confidence_tier) VALUES ('es_s16_market_8ebf2a4e04eebf65','seed_run_s16_market_batch2_20260502','organization','org_s16_market_8ebf2a4e04eebf65','seed_source_osm_market_ng_s16b_20260502','seeded');
INSERT OR IGNORE INTO seed_enrichment (id,seed_run_id,entity_type,entity_id,enrichment_type,enrichment_json) VALUES ('enr_s16_market_8ebf2a4e04eebf65','seed_run_s16_market_batch2_20260502','organization','org_s16_market_8ebf2a4e04eebf65','seed_source_osm_market_ng_s16b_20260502','{"osm_id": "383134433", "osm_type": "way", "amenity": "marketplace", "shop": "", "addr_state": "", "addr_lga": "Akokwa", "operator": "", "opening_hours": ""}');

-- 68. Goodies Supermarket
INSERT OR IGNORE INTO organizations (id,tenant_id,organization_type,legal_name,display_name,registration_number,status,verification_state,created_at,updated_at) VALUES ('org_s16_market_d5405c5fd9704fb2','tenant_platform_seed','market','Goodies Supermarket','Goodies Supermarket',NULL,'active','seeded',unixepoch(),unixepoch());
INSERT OR IGNORE INTO profiles (id,subject_id,subject_type,primary_place_id,tenant_id,workspace_id,display_name,created_at,updated_at) VALUES ('prof_s16_market_d5405c5fd9704fb2','org_s16_market_d5405c5fd9704fb2','organization','place_nigeria_001','tenant_platform_seed','workspace_platform_seed_discovery','Goodies Supermarket',unixepoch(),unixepoch());
INSERT OR IGNORE INTO search_entries (id,profile_id,display_name,keywords,ancestry_path,vertical,created_at,updated_at) VALUES ('se_s16_market_d5405c5fd9704fb2','prof_s16_market_d5405c5fd9704fb2','Goodies Supermarket','goodies supermarket market lagaos market marketplace plaza mall trading centre nigeria','place_nigeria_001','commerce',unixepoch(),unixepoch());
INSERT OR IGNORE INTO seed_ingestion_records (id,seed_run_id,entity_type,entity_id,source_id,status) VALUES ('ir_s16_market_d5405c5fd9704fb2','seed_run_s16_market_batch2_20260502','organization','org_s16_market_d5405c5fd9704fb2','seed_source_osm_market_ng_s16b_20260502','ingested');
INSERT OR IGNORE INTO seed_entity_sources (id,seed_run_id,entity_type,entity_id,source_id,confidence_tier) VALUES ('es_s16_market_d5405c5fd9704fb2','seed_run_s16_market_batch2_20260502','organization','org_s16_market_d5405c5fd9704fb2','seed_source_osm_market_ng_s16b_20260502','seeded');
INSERT OR IGNORE INTO seed_enrichment (id,seed_run_id,entity_type,entity_id,enrichment_type,enrichment_json) VALUES ('enr_s16_market_d5405c5fd9704fb2','seed_run_s16_market_batch2_20260502','organization','org_s16_market_d5405c5fd9704fb2','seed_source_osm_market_ng_s16b_20260502','{"osm_id": "415803709", "osm_type": "way", "amenity": "", "shop": "supermarket", "addr_state": "", "addr_lga": "Lagaos", "operator": "", "opening_hours": ""}');

-- 69. Kara Market
INSERT OR IGNORE INTO organizations (id,tenant_id,organization_type,legal_name,display_name,registration_number,status,verification_state,created_at,updated_at) VALUES ('org_s16_market_134f75faecdff481','tenant_platform_seed','market','Kara Market','Kara Market',NULL,'active','seeded',unixepoch(),unixepoch());
INSERT OR IGNORE INTO profiles (id,subject_id,subject_type,primary_place_id,tenant_id,workspace_id,display_name,created_at,updated_at) VALUES ('prof_s16_market_134f75faecdff481','org_s16_market_134f75faecdff481','organization','place_nigeria_001','tenant_platform_seed','workspace_platform_seed_discovery','Kara Market',unixepoch(),unixepoch());
INSERT OR IGNORE INTO search_entries (id,profile_id,display_name,keywords,ancestry_path,vertical,created_at,updated_at) VALUES ('se_s16_market_134f75faecdff481','prof_s16_market_134f75faecdff481','Kara Market','kara market market mariga market marketplace plaza mall trading centre nigeria','place_nigeria_001','commerce',unixepoch(),unixepoch());
INSERT OR IGNORE INTO seed_ingestion_records (id,seed_run_id,entity_type,entity_id,source_id,status) VALUES ('ir_s16_market_134f75faecdff481','seed_run_s16_market_batch2_20260502','organization','org_s16_market_134f75faecdff481','seed_source_osm_market_ng_s16b_20260502','ingested');
INSERT OR IGNORE INTO seed_entity_sources (id,seed_run_id,entity_type,entity_id,source_id,confidence_tier) VALUES ('es_s16_market_134f75faecdff481','seed_run_s16_market_batch2_20260502','organization','org_s16_market_134f75faecdff481','seed_source_osm_market_ng_s16b_20260502','seeded');
INSERT OR IGNORE INTO seed_enrichment (id,seed_run_id,entity_type,entity_id,enrichment_type,enrichment_json) VALUES ('enr_s16_market_134f75faecdff481','seed_run_s16_market_batch2_20260502','organization','org_s16_market_134f75faecdff481','seed_source_osm_market_ng_s16b_20260502','{"osm_id": "455105336", "osm_type": "way", "amenity": "marketplace", "shop": "", "addr_state": "", "addr_lga": "MARIGA", "operator": "", "opening_hours": "Sa 07:00-20:00"}');

-- 70. New Timber Market
INSERT OR IGNORE INTO organizations (id,tenant_id,organization_type,legal_name,display_name,registration_number,status,verification_state,created_at,updated_at) VALUES ('org_s16_market_009a4b2ba6ac0c8f','tenant_platform_seed','market','New Timber Market','New Timber Market',NULL,'active','seeded',unixepoch(),unixepoch());
INSERT OR IGNORE INTO profiles (id,subject_id,subject_type,primary_place_id,tenant_id,workspace_id,display_name,created_at,updated_at) VALUES ('prof_s16_market_009a4b2ba6ac0c8f','org_s16_market_009a4b2ba6ac0c8f','organization','place_nigeria_001','tenant_platform_seed','workspace_platform_seed_discovery','New Timber Market',unixepoch(),unixepoch());
INSERT OR IGNORE INTO search_entries (id,profile_id,display_name,keywords,ancestry_path,vertical,created_at,updated_at) VALUES ('se_s16_market_009a4b2ba6ac0c8f','prof_s16_market_009a4b2ba6ac0c8f','New Timber Market','new timber market market market marketplace plaza mall trading centre nigeria','place_nigeria_001','commerce',unixepoch(),unixepoch());
INSERT OR IGNORE INTO seed_ingestion_records (id,seed_run_id,entity_type,entity_id,source_id,status) VALUES ('ir_s16_market_009a4b2ba6ac0c8f','seed_run_s16_market_batch2_20260502','organization','org_s16_market_009a4b2ba6ac0c8f','seed_source_osm_market_ng_s16b_20260502','ingested');
INSERT OR IGNORE INTO seed_entity_sources (id,seed_run_id,entity_type,entity_id,source_id,confidence_tier) VALUES ('es_s16_market_009a4b2ba6ac0c8f','seed_run_s16_market_batch2_20260502','organization','org_s16_market_009a4b2ba6ac0c8f','seed_source_osm_market_ng_s16b_20260502','seeded');
INSERT OR IGNORE INTO seed_enrichment (id,seed_run_id,entity_type,entity_id,enrichment_type,enrichment_json) VALUES ('enr_s16_market_009a4b2ba6ac0c8f','seed_run_s16_market_batch2_20260502','organization','org_s16_market_009a4b2ba6ac0c8f','seed_source_osm_market_ng_s16b_20260502','{"osm_id": "484946279", "osm_type": "way", "amenity": "marketplace", "shop": "", "addr_state": "", "addr_lga": "", "operator": "", "opening_hours": ""}');

-- 71. Sabo Market
INSERT OR IGNORE INTO organizations (id,tenant_id,organization_type,legal_name,display_name,registration_number,status,verification_state,created_at,updated_at) VALUES ('org_s16_market_ef68998787fc8bf9','tenant_platform_seed','market','Sabo Market','Sabo Market',NULL,'active','seeded',unixepoch(),unixepoch());
INSERT OR IGNORE INTO profiles (id,subject_id,subject_type,primary_place_id,tenant_id,workspace_id,display_name,created_at,updated_at) VALUES ('prof_s16_market_ef68998787fc8bf9','org_s16_market_ef68998787fc8bf9','organization','place_nigeria_001','tenant_platform_seed','workspace_platform_seed_discovery','Sabo Market',unixepoch(),unixepoch());
INSERT OR IGNORE INTO search_entries (id,profile_id,display_name,keywords,ancestry_path,vertical,created_at,updated_at) VALUES ('se_s16_market_ef68998787fc8bf9','prof_s16_market_ef68998787fc8bf9','Sabo Market','sabo market market market marketplace plaza mall trading centre nigeria','place_nigeria_001','commerce',unixepoch(),unixepoch());
INSERT OR IGNORE INTO seed_ingestion_records (id,seed_run_id,entity_type,entity_id,source_id,status) VALUES ('ir_s16_market_ef68998787fc8bf9','seed_run_s16_market_batch2_20260502','organization','org_s16_market_ef68998787fc8bf9','seed_source_osm_market_ng_s16b_20260502','ingested');
INSERT OR IGNORE INTO seed_entity_sources (id,seed_run_id,entity_type,entity_id,source_id,confidence_tier) VALUES ('es_s16_market_ef68998787fc8bf9','seed_run_s16_market_batch2_20260502','organization','org_s16_market_ef68998787fc8bf9','seed_source_osm_market_ng_s16b_20260502','seeded');
INSERT OR IGNORE INTO seed_enrichment (id,seed_run_id,entity_type,entity_id,enrichment_type,enrichment_json) VALUES ('enr_s16_market_ef68998787fc8bf9','seed_run_s16_market_batch2_20260502','organization','org_s16_market_ef68998787fc8bf9','seed_source_osm_market_ng_s16b_20260502','{"osm_id": "487196142", "osm_type": "way", "amenity": "marketplace", "shop": "", "addr_state": "", "addr_lga": "", "operator": "", "opening_hours": ""}');

-- 72. Unguwan Rimi Market
INSERT OR IGNORE INTO organizations (id,tenant_id,organization_type,legal_name,display_name,registration_number,status,verification_state,created_at,updated_at) VALUES ('org_s16_market_567a20ab41cb9d9f','tenant_platform_seed','market','Unguwan Rimi Market','Unguwan Rimi Market',NULL,'active','seeded',unixepoch(),unixepoch());
INSERT OR IGNORE INTO profiles (id,subject_id,subject_type,primary_place_id,tenant_id,workspace_id,display_name,created_at,updated_at) VALUES ('prof_s16_market_567a20ab41cb9d9f','org_s16_market_567a20ab41cb9d9f','organization','place_nigeria_001','tenant_platform_seed','workspace_platform_seed_discovery','Unguwan Rimi Market',unixepoch(),unixepoch());
INSERT OR IGNORE INTO search_entries (id,profile_id,display_name,keywords,ancestry_path,vertical,created_at,updated_at) VALUES ('se_s16_market_567a20ab41cb9d9f','prof_s16_market_567a20ab41cb9d9f','Unguwan Rimi Market','unguwan rimi market market market marketplace plaza mall trading centre nigeria','place_nigeria_001','commerce',unixepoch(),unixepoch());
INSERT OR IGNORE INTO seed_ingestion_records (id,seed_run_id,entity_type,entity_id,source_id,status) VALUES ('ir_s16_market_567a20ab41cb9d9f','seed_run_s16_market_batch2_20260502','organization','org_s16_market_567a20ab41cb9d9f','seed_source_osm_market_ng_s16b_20260502','ingested');
INSERT OR IGNORE INTO seed_entity_sources (id,seed_run_id,entity_type,entity_id,source_id,confidence_tier) VALUES ('es_s16_market_567a20ab41cb9d9f','seed_run_s16_market_batch2_20260502','organization','org_s16_market_567a20ab41cb9d9f','seed_source_osm_market_ng_s16b_20260502','seeded');
INSERT OR IGNORE INTO seed_enrichment (id,seed_run_id,entity_type,entity_id,enrichment_type,enrichment_json) VALUES ('enr_s16_market_567a20ab41cb9d9f','seed_run_s16_market_batch2_20260502','organization','org_s16_market_567a20ab41cb9d9f','seed_source_osm_market_ng_s16b_20260502','{"osm_id": "487208406", "osm_type": "way", "amenity": "marketplace", "shop": "", "addr_state": "", "addr_lga": "", "operator": "", "opening_hours": ""}');

-- 73. Rumuokoro Motor Park
INSERT OR IGNORE INTO organizations (id,tenant_id,organization_type,legal_name,display_name,registration_number,status,verification_state,created_at,updated_at) VALUES ('org_s16_market_e11cbff795c265ba','tenant_platform_seed','market','Rumuokoro Motor Park','Rumuokoro Motor Park',NULL,'active','seeded',unixepoch(),unixepoch());
INSERT OR IGNORE INTO profiles (id,subject_id,subject_type,primary_place_id,tenant_id,workspace_id,display_name,created_at,updated_at) VALUES ('prof_s16_market_e11cbff795c265ba','org_s16_market_e11cbff795c265ba','organization','place_nigeria_001','tenant_platform_seed','workspace_platform_seed_discovery','Rumuokoro Motor Park',unixepoch(),unixepoch());
INSERT OR IGNORE INTO search_entries (id,profile_id,display_name,keywords,ancestry_path,vertical,created_at,updated_at) VALUES ('se_s16_market_e11cbff795c265ba','prof_s16_market_e11cbff795c265ba','Rumuokoro Motor Park','rumuokoro motor park market market marketplace plaza mall trading centre nigeria','place_nigeria_001','commerce',unixepoch(),unixepoch());
INSERT OR IGNORE INTO seed_ingestion_records (id,seed_run_id,entity_type,entity_id,source_id,status) VALUES ('ir_s16_market_e11cbff795c265ba','seed_run_s16_market_batch2_20260502','organization','org_s16_market_e11cbff795c265ba','seed_source_osm_market_ng_s16b_20260502','ingested');
INSERT OR IGNORE INTO seed_entity_sources (id,seed_run_id,entity_type,entity_id,source_id,confidence_tier) VALUES ('es_s16_market_e11cbff795c265ba','seed_run_s16_market_batch2_20260502','organization','org_s16_market_e11cbff795c265ba','seed_source_osm_market_ng_s16b_20260502','seeded');
INSERT OR IGNORE INTO seed_enrichment (id,seed_run_id,entity_type,entity_id,enrichment_type,enrichment_json) VALUES ('enr_s16_market_e11cbff795c265ba','seed_run_s16_market_batch2_20260502','organization','org_s16_market_e11cbff795c265ba','seed_source_osm_market_ng_s16b_20260502','{"osm_id": "492551511", "osm_type": "way", "amenity": "", "shop": "car", "addr_state": "", "addr_lga": "", "operator": "", "opening_hours": ""}');

-- 74. Rumuomasi Market
INSERT OR IGNORE INTO organizations (id,tenant_id,organization_type,legal_name,display_name,registration_number,status,verification_state,created_at,updated_at) VALUES ('org_s16_market_f340110338debc70','tenant_platform_seed','market','Rumuomasi Market','Rumuomasi Market',NULL,'active','seeded',unixepoch(),unixepoch());
INSERT OR IGNORE INTO profiles (id,subject_id,subject_type,primary_place_id,tenant_id,workspace_id,display_name,created_at,updated_at) VALUES ('prof_s16_market_f340110338debc70','org_s16_market_f340110338debc70','organization','place_nigeria_001','tenant_platform_seed','workspace_platform_seed_discovery','Rumuomasi Market',unixepoch(),unixepoch());
INSERT OR IGNORE INTO search_entries (id,profile_id,display_name,keywords,ancestry_path,vertical,created_at,updated_at) VALUES ('se_s16_market_f340110338debc70','prof_s16_market_f340110338debc70','Rumuomasi Market','rumuomasi market market market marketplace plaza mall trading centre nigeria','place_nigeria_001','commerce',unixepoch(),unixepoch());
INSERT OR IGNORE INTO seed_ingestion_records (id,seed_run_id,entity_type,entity_id,source_id,status) VALUES ('ir_s16_market_f340110338debc70','seed_run_s16_market_batch2_20260502','organization','org_s16_market_f340110338debc70','seed_source_osm_market_ng_s16b_20260502','ingested');
INSERT OR IGNORE INTO seed_entity_sources (id,seed_run_id,entity_type,entity_id,source_id,confidence_tier) VALUES ('es_s16_market_f340110338debc70','seed_run_s16_market_batch2_20260502','organization','org_s16_market_f340110338debc70','seed_source_osm_market_ng_s16b_20260502','seeded');
INSERT OR IGNORE INTO seed_enrichment (id,seed_run_id,entity_type,entity_id,enrichment_type,enrichment_json) VALUES ('enr_s16_market_f340110338debc70','seed_run_s16_market_batch2_20260502','organization','org_s16_market_f340110338debc70','seed_source_osm_market_ng_s16b_20260502','{"osm_id": "495476660", "osm_type": "way", "amenity": "marketplace", "shop": "", "addr_state": "", "addr_lga": "", "operator": "", "opening_hours": "sunrise-sunset"}');

-- 75. Estate market
INSERT OR IGNORE INTO organizations (id,tenant_id,organization_type,legal_name,display_name,registration_number,status,verification_state,created_at,updated_at) VALUES ('org_s16_market_cef9fd6eb7659877','tenant_platform_seed','market','Estate market','Estate market',NULL,'active','seeded',unixepoch(),unixepoch());
INSERT OR IGNORE INTO profiles (id,subject_id,subject_type,primary_place_id,tenant_id,workspace_id,display_name,created_at,updated_at) VALUES ('prof_s16_market_cef9fd6eb7659877','org_s16_market_cef9fd6eb7659877','organization','place_nigeria_001','tenant_platform_seed','workspace_platform_seed_discovery','Estate market',unixepoch(),unixepoch());
INSERT OR IGNORE INTO search_entries (id,profile_id,display_name,keywords,ancestry_path,vertical,created_at,updated_at) VALUES ('se_s16_market_cef9fd6eb7659877','prof_s16_market_cef9fd6eb7659877','Estate market','estate market market market marketplace plaza mall trading centre nigeria','place_nigeria_001','commerce',unixepoch(),unixepoch());
INSERT OR IGNORE INTO seed_ingestion_records (id,seed_run_id,entity_type,entity_id,source_id,status) VALUES ('ir_s16_market_cef9fd6eb7659877','seed_run_s16_market_batch2_20260502','organization','org_s16_market_cef9fd6eb7659877','seed_source_osm_market_ng_s16b_20260502','ingested');
INSERT OR IGNORE INTO seed_entity_sources (id,seed_run_id,entity_type,entity_id,source_id,confidence_tier) VALUES ('es_s16_market_cef9fd6eb7659877','seed_run_s16_market_batch2_20260502','organization','org_s16_market_cef9fd6eb7659877','seed_source_osm_market_ng_s16b_20260502','seeded');
INSERT OR IGNORE INTO seed_enrichment (id,seed_run_id,entity_type,entity_id,enrichment_type,enrichment_json) VALUES ('enr_s16_market_cef9fd6eb7659877','seed_run_s16_market_batch2_20260502','organization','org_s16_market_cef9fd6eb7659877','seed_source_osm_market_ng_s16b_20260502','{"osm_id": "499895756", "osm_type": "way", "amenity": "marketplace", "shop": "", "addr_state": "", "addr_lga": "", "operator": "", "opening_hours": ""}');

-- 76. Coorperate Plaza
INSERT OR IGNORE INTO organizations (id,tenant_id,organization_type,legal_name,display_name,registration_number,status,verification_state,created_at,updated_at) VALUES ('org_s16_market_cd45a43b42984579','tenant_platform_seed','shopping_mall','Coorperate Plaza','Coorperate Plaza',NULL,'active','seeded',unixepoch(),unixepoch());
INSERT OR IGNORE INTO profiles (id,subject_id,subject_type,primary_place_id,tenant_id,workspace_id,display_name,created_at,updated_at) VALUES ('prof_s16_market_cd45a43b42984579','org_s16_market_cd45a43b42984579','organization','place_nigeria_001','tenant_platform_seed','workspace_platform_seed_discovery','Coorperate Plaza',unixepoch(),unixepoch());
INSERT OR IGNORE INTO search_entries (id,profile_id,display_name,keywords,ancestry_path,vertical,created_at,updated_at) VALUES ('se_s16_market_cd45a43b42984579','prof_s16_market_cd45a43b42984579','Coorperate Plaza','coorperate plaza shopping_mall market marketplace plaza mall trading centre nigeria','place_nigeria_001','commerce',unixepoch(),unixepoch());
INSERT OR IGNORE INTO seed_ingestion_records (id,seed_run_id,entity_type,entity_id,source_id,status) VALUES ('ir_s16_market_cd45a43b42984579','seed_run_s16_market_batch2_20260502','organization','org_s16_market_cd45a43b42984579','seed_source_osm_market_ng_s16b_20260502','ingested');
INSERT OR IGNORE INTO seed_entity_sources (id,seed_run_id,entity_type,entity_id,source_id,confidence_tier) VALUES ('es_s16_market_cd45a43b42984579','seed_run_s16_market_batch2_20260502','organization','org_s16_market_cd45a43b42984579','seed_source_osm_market_ng_s16b_20260502','seeded');
INSERT OR IGNORE INTO seed_enrichment (id,seed_run_id,entity_type,entity_id,enrichment_type,enrichment_json) VALUES ('enr_s16_market_cd45a43b42984579','seed_run_s16_market_batch2_20260502','organization','org_s16_market_cd45a43b42984579','seed_source_osm_market_ng_s16b_20260502','{"osm_id": "500109317", "osm_type": "way", "amenity": "", "shop": "mall", "addr_state": "", "addr_lga": "", "operator": "", "opening_hours": ""}');

-- 77. Alkali Stores
INSERT OR IGNORE INTO organizations (id,tenant_id,organization_type,legal_name,display_name,registration_number,status,verification_state,created_at,updated_at) VALUES ('org_s16_market_f097f49b9079dd8b','tenant_platform_seed','department_store','Alkali Stores','Alkali Stores',NULL,'active','seeded',unixepoch(),unixepoch());
INSERT OR IGNORE INTO profiles (id,subject_id,subject_type,primary_place_id,tenant_id,workspace_id,display_name,created_at,updated_at) VALUES ('prof_s16_market_f097f49b9079dd8b','org_s16_market_f097f49b9079dd8b','organization','place_nigeria_001','tenant_platform_seed','workspace_platform_seed_discovery','Alkali Stores',unixepoch(),unixepoch());
INSERT OR IGNORE INTO search_entries (id,profile_id,display_name,keywords,ancestry_path,vertical,created_at,updated_at) VALUES ('se_s16_market_f097f49b9079dd8b','prof_s16_market_f097f49b9079dd8b','Alkali Stores','alkali stores department_store market marketplace plaza mall trading centre nigeria','place_nigeria_001','commerce',unixepoch(),unixepoch());
INSERT OR IGNORE INTO seed_ingestion_records (id,seed_run_id,entity_type,entity_id,source_id,status) VALUES ('ir_s16_market_f097f49b9079dd8b','seed_run_s16_market_batch2_20260502','organization','org_s16_market_f097f49b9079dd8b','seed_source_osm_market_ng_s16b_20260502','ingested');
INSERT OR IGNORE INTO seed_entity_sources (id,seed_run_id,entity_type,entity_id,source_id,confidence_tier) VALUES ('es_s16_market_f097f49b9079dd8b','seed_run_s16_market_batch2_20260502','organization','org_s16_market_f097f49b9079dd8b','seed_source_osm_market_ng_s16b_20260502','seeded');
INSERT OR IGNORE INTO seed_enrichment (id,seed_run_id,entity_type,entity_id,enrichment_type,enrichment_json) VALUES ('enr_s16_market_f097f49b9079dd8b','seed_run_s16_market_batch2_20260502','organization','org_s16_market_f097f49b9079dd8b','seed_source_osm_market_ng_s16b_20260502','{"osm_id": "500134886", "osm_type": "way", "amenity": "", "shop": "department_store", "addr_state": "", "addr_lga": "", "operator": "", "opening_hours": ""}');

-- 78. Polo Park Mall
INSERT OR IGNORE INTO organizations (id,tenant_id,organization_type,legal_name,display_name,registration_number,status,verification_state,created_at,updated_at) VALUES ('org_s16_market_6606cc0d949e74f6','tenant_platform_seed','shopping_mall','Polo Park Mall','Polo Park Mall',NULL,'active','seeded',unixepoch(),unixepoch());
INSERT OR IGNORE INTO profiles (id,subject_id,subject_type,primary_place_id,tenant_id,workspace_id,display_name,created_at,updated_at) VALUES ('prof_s16_market_6606cc0d949e74f6','org_s16_market_6606cc0d949e74f6','organization','place_nigeria_001','tenant_platform_seed','workspace_platform_seed_discovery','Polo Park Mall',unixepoch(),unixepoch());
INSERT OR IGNORE INTO search_entries (id,profile_id,display_name,keywords,ancestry_path,vertical,created_at,updated_at) VALUES ('se_s16_market_6606cc0d949e74f6','prof_s16_market_6606cc0d949e74f6','Polo Park Mall','polo park mall shopping_mall market marketplace plaza mall trading centre nigeria','place_nigeria_001','commerce',unixepoch(),unixepoch());
INSERT OR IGNORE INTO seed_ingestion_records (id,seed_run_id,entity_type,entity_id,source_id,status) VALUES ('ir_s16_market_6606cc0d949e74f6','seed_run_s16_market_batch2_20260502','organization','org_s16_market_6606cc0d949e74f6','seed_source_osm_market_ng_s16b_20260502','ingested');
INSERT OR IGNORE INTO seed_entity_sources (id,seed_run_id,entity_type,entity_id,source_id,confidence_tier) VALUES ('es_s16_market_6606cc0d949e74f6','seed_run_s16_market_batch2_20260502','organization','org_s16_market_6606cc0d949e74f6','seed_source_osm_market_ng_s16b_20260502','seeded');
INSERT OR IGNORE INTO seed_enrichment (id,seed_run_id,entity_type,entity_id,enrichment_type,enrichment_json) VALUES ('enr_s16_market_6606cc0d949e74f6','seed_run_s16_market_batch2_20260502','organization','org_s16_market_6606cc0d949e74f6','seed_source_osm_market_ng_s16b_20260502','{"osm_id": "518124114", "osm_type": "way", "amenity": "", "shop": "mall", "addr_state": "", "addr_lga": "", "operator": "", "opening_hours": ""}');

-- 79. mama Ejima Shop
INSERT OR IGNORE INTO organizations (id,tenant_id,organization_type,legal_name,display_name,registration_number,status,verification_state,created_at,updated_at) VALUES ('org_s16_market_031dcecb45b4cd18','tenant_platform_seed','market','mama Ejima Shop','mama Ejima Shop',NULL,'active','seeded',unixepoch(),unixepoch());
INSERT OR IGNORE INTO profiles (id,subject_id,subject_type,primary_place_id,tenant_id,workspace_id,display_name,created_at,updated_at) VALUES ('prof_s16_market_031dcecb45b4cd18','org_s16_market_031dcecb45b4cd18','organization','place_nigeria_001','tenant_platform_seed','workspace_platform_seed_discovery','mama Ejima Shop',unixepoch(),unixepoch());
INSERT OR IGNORE INTO search_entries (id,profile_id,display_name,keywords,ancestry_path,vertical,created_at,updated_at) VALUES ('se_s16_market_031dcecb45b4cd18','prof_s16_market_031dcecb45b4cd18','mama Ejima Shop','mama ejima shop market market marketplace plaza mall trading centre nigeria','place_nigeria_001','commerce',unixepoch(),unixepoch());
INSERT OR IGNORE INTO seed_ingestion_records (id,seed_run_id,entity_type,entity_id,source_id,status) VALUES ('ir_s16_market_031dcecb45b4cd18','seed_run_s16_market_batch2_20260502','organization','org_s16_market_031dcecb45b4cd18','seed_source_osm_market_ng_s16b_20260502','ingested');
INSERT OR IGNORE INTO seed_entity_sources (id,seed_run_id,entity_type,entity_id,source_id,confidence_tier) VALUES ('es_s16_market_031dcecb45b4cd18','seed_run_s16_market_batch2_20260502','organization','org_s16_market_031dcecb45b4cd18','seed_source_osm_market_ng_s16b_20260502','seeded');
INSERT OR IGNORE INTO seed_enrichment (id,seed_run_id,entity_type,entity_id,enrichment_type,enrichment_json) VALUES ('enr_s16_market_031dcecb45b4cd18','seed_run_s16_market_batch2_20260502','organization','org_s16_market_031dcecb45b4cd18','seed_source_osm_market_ng_s16b_20260502','{"osm_id": "521566785", "osm_type": "way", "amenity": "", "shop": "", "addr_state": "", "addr_lga": "", "operator": "", "opening_hours": ""}');

-- 80. Provision shop
INSERT OR IGNORE INTO organizations (id,tenant_id,organization_type,legal_name,display_name,registration_number,status,verification_state,created_at,updated_at) VALUES ('org_s16_market_e9afd3f2989060d8','tenant_platform_seed','market','Provision shop','Provision shop',NULL,'active','seeded',unixepoch(),unixepoch());
INSERT OR IGNORE INTO profiles (id,subject_id,subject_type,primary_place_id,tenant_id,workspace_id,display_name,created_at,updated_at) VALUES ('prof_s16_market_e9afd3f2989060d8','org_s16_market_e9afd3f2989060d8','organization','place_nigeria_001','tenant_platform_seed','workspace_platform_seed_discovery','Provision shop',unixepoch(),unixepoch());
INSERT OR IGNORE INTO search_entries (id,profile_id,display_name,keywords,ancestry_path,vertical,created_at,updated_at) VALUES ('se_s16_market_e9afd3f2989060d8','prof_s16_market_e9afd3f2989060d8','Provision shop','provision shop market market marketplace plaza mall trading centre nigeria','place_nigeria_001','commerce',unixepoch(),unixepoch());
INSERT OR IGNORE INTO seed_ingestion_records (id,seed_run_id,entity_type,entity_id,source_id,status) VALUES ('ir_s16_market_e9afd3f2989060d8','seed_run_s16_market_batch2_20260502','organization','org_s16_market_e9afd3f2989060d8','seed_source_osm_market_ng_s16b_20260502','ingested');
INSERT OR IGNORE INTO seed_entity_sources (id,seed_run_id,entity_type,entity_id,source_id,confidence_tier) VALUES ('es_s16_market_e9afd3f2989060d8','seed_run_s16_market_batch2_20260502','organization','org_s16_market_e9afd3f2989060d8','seed_source_osm_market_ng_s16b_20260502','seeded');
INSERT OR IGNORE INTO seed_enrichment (id,seed_run_id,entity_type,entity_id,enrichment_type,enrichment_json) VALUES ('enr_s16_market_e9afd3f2989060d8','seed_run_s16_market_batch2_20260502','organization','org_s16_market_e9afd3f2989060d8','seed_source_osm_market_ng_s16b_20260502','{"osm_id": "529672261", "osm_type": "way", "amenity": "", "shop": "", "addr_state": "", "addr_lga": "", "operator": "", "opening_hours": ""}');

-- 81. Novare Lekki Mall
INSERT OR IGNORE INTO organizations (id,tenant_id,organization_type,legal_name,display_name,registration_number,status,verification_state,created_at,updated_at) VALUES ('org_s16_market_9fcc6638374c51b9','tenant_platform_seed','shopping_mall','Novare Lekki Mall','Novare Lekki Mall',NULL,'active','seeded',unixepoch(),unixepoch());
INSERT OR IGNORE INTO profiles (id,subject_id,subject_type,primary_place_id,tenant_id,workspace_id,display_name,created_at,updated_at) VALUES ('prof_s16_market_9fcc6638374c51b9','org_s16_market_9fcc6638374c51b9','organization','place_nigeria_001','tenant_platform_seed','workspace_platform_seed_discovery','Novare Lekki Mall',unixepoch(),unixepoch());
INSERT OR IGNORE INTO search_entries (id,profile_id,display_name,keywords,ancestry_path,vertical,created_at,updated_at) VALUES ('se_s16_market_9fcc6638374c51b9','prof_s16_market_9fcc6638374c51b9','Novare Lekki Mall','novare lekki mall shopping_mall market marketplace plaza mall trading centre nigeria','place_nigeria_001','commerce',unixepoch(),unixepoch());
INSERT OR IGNORE INTO seed_ingestion_records (id,seed_run_id,entity_type,entity_id,source_id,status) VALUES ('ir_s16_market_9fcc6638374c51b9','seed_run_s16_market_batch2_20260502','organization','org_s16_market_9fcc6638374c51b9','seed_source_osm_market_ng_s16b_20260502','ingested');
INSERT OR IGNORE INTO seed_entity_sources (id,seed_run_id,entity_type,entity_id,source_id,confidence_tier) VALUES ('es_s16_market_9fcc6638374c51b9','seed_run_s16_market_batch2_20260502','organization','org_s16_market_9fcc6638374c51b9','seed_source_osm_market_ng_s16b_20260502','seeded');
INSERT OR IGNORE INTO seed_enrichment (id,seed_run_id,entity_type,entity_id,enrichment_type,enrichment_json) VALUES ('enr_s16_market_9fcc6638374c51b9','seed_run_s16_market_batch2_20260502','organization','org_s16_market_9fcc6638374c51b9','seed_source_osm_market_ng_s16b_20260502','{"osm_id": "542661178", "osm_type": "way", "amenity": "", "shop": "mall", "addr_state": "", "addr_lga": "", "operator": "", "opening_hours": ""}');

-- 82. Aaron's Lekki Mall
INSERT OR IGNORE INTO organizations (id,tenant_id,organization_type,legal_name,display_name,registration_number,status,verification_state,created_at,updated_at) VALUES ('org_s16_market_5eea7927f21b8cc4','tenant_platform_seed','market','Aaron''s Lekki Mall','Aaron''s Lekki Mall',NULL,'active','seeded',unixepoch(),unixepoch());
INSERT OR IGNORE INTO profiles (id,subject_id,subject_type,primary_place_id,tenant_id,workspace_id,display_name,created_at,updated_at) VALUES ('prof_s16_market_5eea7927f21b8cc4','org_s16_market_5eea7927f21b8cc4','organization','place_nigeria_001','tenant_platform_seed','workspace_platform_seed_discovery','Aaron''s Lekki Mall',unixepoch(),unixepoch());
INSERT OR IGNORE INTO search_entries (id,profile_id,display_name,keywords,ancestry_path,vertical,created_at,updated_at) VALUES ('se_s16_market_5eea7927f21b8cc4','prof_s16_market_5eea7927f21b8cc4','Aaron''s Lekki Mall','aaron''s lekki mall market lagos market marketplace plaza mall trading centre nigeria','place_nigeria_001','commerce',unixepoch(),unixepoch());
INSERT OR IGNORE INTO seed_ingestion_records (id,seed_run_id,entity_type,entity_id,source_id,status) VALUES ('ir_s16_market_5eea7927f21b8cc4','seed_run_s16_market_batch2_20260502','organization','org_s16_market_5eea7927f21b8cc4','seed_source_osm_market_ng_s16b_20260502','ingested');
INSERT OR IGNORE INTO seed_entity_sources (id,seed_run_id,entity_type,entity_id,source_id,confidence_tier) VALUES ('es_s16_market_5eea7927f21b8cc4','seed_run_s16_market_batch2_20260502','organization','org_s16_market_5eea7927f21b8cc4','seed_source_osm_market_ng_s16b_20260502','seeded');
INSERT OR IGNORE INTO seed_enrichment (id,seed_run_id,entity_type,entity_id,enrichment_type,enrichment_json) VALUES ('enr_s16_market_5eea7927f21b8cc4','seed_run_s16_market_batch2_20260502','organization','org_s16_market_5eea7927f21b8cc4','seed_source_osm_market_ng_s16b_20260502','{"osm_id": "555290526", "osm_type": "way", "amenity": "", "shop": "", "addr_state": "", "addr_lga": "Lagos", "operator": "", "opening_hours": ""}');

-- 83. The Lagoon
INSERT OR IGNORE INTO organizations (id,tenant_id,organization_type,legal_name,display_name,registration_number,status,verification_state,created_at,updated_at) VALUES ('org_s16_market_47a62ba137a755e5','tenant_platform_seed','market','The Lagoon','The Lagoon',NULL,'active','seeded',unixepoch(),unixepoch());
INSERT OR IGNORE INTO profiles (id,subject_id,subject_type,primary_place_id,tenant_id,workspace_id,display_name,created_at,updated_at) VALUES ('prof_s16_market_47a62ba137a755e5','org_s16_market_47a62ba137a755e5','organization','place_nigeria_001','tenant_platform_seed','workspace_platform_seed_discovery','The Lagoon',unixepoch(),unixepoch());
INSERT OR IGNORE INTO search_entries (id,profile_id,display_name,keywords,ancestry_path,vertical,created_at,updated_at) VALUES ('se_s16_market_47a62ba137a755e5','prof_s16_market_47a62ba137a755e5','The Lagoon','the lagoon market market marketplace plaza mall trading centre nigeria','place_nigeria_001','commerce',unixepoch(),unixepoch());
INSERT OR IGNORE INTO seed_ingestion_records (id,seed_run_id,entity_type,entity_id,source_id,status) VALUES ('ir_s16_market_47a62ba137a755e5','seed_run_s16_market_batch2_20260502','organization','org_s16_market_47a62ba137a755e5','seed_source_osm_market_ng_s16b_20260502','ingested');
INSERT OR IGNORE INTO seed_entity_sources (id,seed_run_id,entity_type,entity_id,source_id,confidence_tier) VALUES ('es_s16_market_47a62ba137a755e5','seed_run_s16_market_batch2_20260502','organization','org_s16_market_47a62ba137a755e5','seed_source_osm_market_ng_s16b_20260502','seeded');
INSERT OR IGNORE INTO seed_enrichment (id,seed_run_id,entity_type,entity_id,enrichment_type,enrichment_json) VALUES ('enr_s16_market_47a62ba137a755e5','seed_run_s16_market_batch2_20260502','organization','org_s16_market_47a62ba137a755e5','seed_source_osm_market_ng_s16b_20260502','{"osm_id": "568364448", "osm_type": "way", "amenity": "", "shop": "", "addr_state": "", "addr_lga": "", "operator": "", "opening_hours": ""}');

-- 84. Prince Ebeano Supermarket Lekki
INSERT OR IGNORE INTO organizations (id,tenant_id,organization_type,legal_name,display_name,registration_number,status,verification_state,created_at,updated_at) VALUES ('org_s16_market_79c7719c691309d4','tenant_platform_seed','market','Prince Ebeano Supermarket Lekki','Prince Ebeano Supermarket Lekki',NULL,'active','seeded',unixepoch(),unixepoch());
INSERT OR IGNORE INTO profiles (id,subject_id,subject_type,primary_place_id,tenant_id,workspace_id,display_name,created_at,updated_at) VALUES ('prof_s16_market_79c7719c691309d4','org_s16_market_79c7719c691309d4','organization','place_nigeria_001','tenant_platform_seed','workspace_platform_seed_discovery','Prince Ebeano Supermarket Lekki',unixepoch(),unixepoch());
INSERT OR IGNORE INTO search_entries (id,profile_id,display_name,keywords,ancestry_path,vertical,created_at,updated_at) VALUES ('se_s16_market_79c7719c691309d4','prof_s16_market_79c7719c691309d4','Prince Ebeano Supermarket Lekki','prince ebeano supermarket lekki market lagos market marketplace plaza mall trading centre nigeria','place_nigeria_001','commerce',unixepoch(),unixepoch());
INSERT OR IGNORE INTO seed_ingestion_records (id,seed_run_id,entity_type,entity_id,source_id,status) VALUES ('ir_s16_market_79c7719c691309d4','seed_run_s16_market_batch2_20260502','organization','org_s16_market_79c7719c691309d4','seed_source_osm_market_ng_s16b_20260502','ingested');
INSERT OR IGNORE INTO seed_entity_sources (id,seed_run_id,entity_type,entity_id,source_id,confidence_tier) VALUES ('es_s16_market_79c7719c691309d4','seed_run_s16_market_batch2_20260502','organization','org_s16_market_79c7719c691309d4','seed_source_osm_market_ng_s16b_20260502','seeded');
INSERT OR IGNORE INTO seed_enrichment (id,seed_run_id,entity_type,entity_id,enrichment_type,enrichment_json) VALUES ('enr_s16_market_79c7719c691309d4','seed_run_s16_market_batch2_20260502','organization','org_s16_market_79c7719c691309d4','seed_source_osm_market_ng_s16b_20260502','{"osm_id": "568364468", "osm_type": "way", "amenity": "", "shop": "", "addr_state": "", "addr_lga": "Lagos", "operator": "", "opening_hours": ""}');

-- 85. Cinnamon Garden Outlet Mall
INSERT OR IGNORE INTO organizations (id,tenant_id,organization_type,legal_name,display_name,registration_number,status,verification_state,created_at,updated_at) VALUES ('org_s16_market_722db3f0554ad4d5','tenant_platform_seed','market','Cinnamon Garden Outlet Mall','Cinnamon Garden Outlet Mall',NULL,'active','seeded',unixepoch(),unixepoch());
INSERT OR IGNORE INTO profiles (id,subject_id,subject_type,primary_place_id,tenant_id,workspace_id,display_name,created_at,updated_at) VALUES ('prof_s16_market_722db3f0554ad4d5','org_s16_market_722db3f0554ad4d5','organization','place_nigeria_001','tenant_platform_seed','workspace_platform_seed_discovery','Cinnamon Garden Outlet Mall',unixepoch(),unixepoch());
INSERT OR IGNORE INTO search_entries (id,profile_id,display_name,keywords,ancestry_path,vertical,created_at,updated_at) VALUES ('se_s16_market_722db3f0554ad4d5','prof_s16_market_722db3f0554ad4d5','Cinnamon Garden Outlet Mall','cinnamon garden outlet mall market market marketplace plaza mall trading centre nigeria','place_nigeria_001','commerce',unixepoch(),unixepoch());
INSERT OR IGNORE INTO seed_ingestion_records (id,seed_run_id,entity_type,entity_id,source_id,status) VALUES ('ir_s16_market_722db3f0554ad4d5','seed_run_s16_market_batch2_20260502','organization','org_s16_market_722db3f0554ad4d5','seed_source_osm_market_ng_s16b_20260502','ingested');
INSERT OR IGNORE INTO seed_entity_sources (id,seed_run_id,entity_type,entity_id,source_id,confidence_tier) VALUES ('es_s16_market_722db3f0554ad4d5','seed_run_s16_market_batch2_20260502','organization','org_s16_market_722db3f0554ad4d5','seed_source_osm_market_ng_s16b_20260502','seeded');
INSERT OR IGNORE INTO seed_enrichment (id,seed_run_id,entity_type,entity_id,enrichment_type,enrichment_json) VALUES ('enr_s16_market_722db3f0554ad4d5','seed_run_s16_market_batch2_20260502','organization','org_s16_market_722db3f0554ad4d5','seed_source_osm_market_ng_s16b_20260502','{"osm_id": "568364470", "osm_type": "way", "amenity": "", "shop": "", "addr_state": "", "addr_lga": "", "operator": "", "opening_hours": ""}');

-- 86. Brasas'r Place
INSERT OR IGNORE INTO organizations (id,tenant_id,organization_type,legal_name,display_name,registration_number,status,verification_state,created_at,updated_at) VALUES ('org_s16_market_769f581a74dfbf94','tenant_platform_seed','market','Brasas''r Place','Brasas''r Place',NULL,'active','seeded',unixepoch(),unixepoch());
INSERT OR IGNORE INTO profiles (id,subject_id,subject_type,primary_place_id,tenant_id,workspace_id,display_name,created_at,updated_at) VALUES ('prof_s16_market_769f581a74dfbf94','org_s16_market_769f581a74dfbf94','organization','place_nigeria_001','tenant_platform_seed','workspace_platform_seed_discovery','Brasas''r Place',unixepoch(),unixepoch());
INSERT OR IGNORE INTO search_entries (id,profile_id,display_name,keywords,ancestry_path,vertical,created_at,updated_at) VALUES ('se_s16_market_769f581a74dfbf94','prof_s16_market_769f581a74dfbf94','Brasas''r Place','brasas''r place market market marketplace plaza mall trading centre nigeria','place_nigeria_001','commerce',unixepoch(),unixepoch());
INSERT OR IGNORE INTO seed_ingestion_records (id,seed_run_id,entity_type,entity_id,source_id,status) VALUES ('ir_s16_market_769f581a74dfbf94','seed_run_s16_market_batch2_20260502','organization','org_s16_market_769f581a74dfbf94','seed_source_osm_market_ng_s16b_20260502','ingested');
INSERT OR IGNORE INTO seed_entity_sources (id,seed_run_id,entity_type,entity_id,source_id,confidence_tier) VALUES ('es_s16_market_769f581a74dfbf94','seed_run_s16_market_batch2_20260502','organization','org_s16_market_769f581a74dfbf94','seed_source_osm_market_ng_s16b_20260502','seeded');
INSERT OR IGNORE INTO seed_enrichment (id,seed_run_id,entity_type,entity_id,enrichment_type,enrichment_json) VALUES ('enr_s16_market_769f581a74dfbf94','seed_run_s16_market_batch2_20260502','organization','org_s16_market_769f581a74dfbf94','seed_source_osm_market_ng_s16b_20260502','{"osm_id": "568364473", "osm_type": "way", "amenity": "", "shop": "", "addr_state": "", "addr_lga": "", "operator": "", "opening_hours": ""}');

-- 87. Twin Waters Entertainment Centre
INSERT OR IGNORE INTO organizations (id,tenant_id,organization_type,legal_name,display_name,registration_number,status,verification_state,created_at,updated_at) VALUES ('org_s16_market_87aa5980be4776cc','tenant_platform_seed','market','Twin Waters Entertainment Centre','Twin Waters Entertainment Centre',NULL,'active','seeded',unixepoch(),unixepoch());
INSERT OR IGNORE INTO profiles (id,subject_id,subject_type,primary_place_id,tenant_id,workspace_id,display_name,created_at,updated_at) VALUES ('prof_s16_market_87aa5980be4776cc','org_s16_market_87aa5980be4776cc','organization','place_nigeria_001','tenant_platform_seed','workspace_platform_seed_discovery','Twin Waters Entertainment Centre',unixepoch(),unixepoch());
INSERT OR IGNORE INTO search_entries (id,profile_id,display_name,keywords,ancestry_path,vertical,created_at,updated_at) VALUES ('se_s16_market_87aa5980be4776cc','prof_s16_market_87aa5980be4776cc','Twin Waters Entertainment Centre','twin waters entertainment centre market lagos market marketplace plaza mall trading centre nigeria','place_nigeria_001','commerce',unixepoch(),unixepoch());
INSERT OR IGNORE INTO seed_ingestion_records (id,seed_run_id,entity_type,entity_id,source_id,status) VALUES ('ir_s16_market_87aa5980be4776cc','seed_run_s16_market_batch2_20260502','organization','org_s16_market_87aa5980be4776cc','seed_source_osm_market_ng_s16b_20260502','ingested');
INSERT OR IGNORE INTO seed_entity_sources (id,seed_run_id,entity_type,entity_id,source_id,confidence_tier) VALUES ('es_s16_market_87aa5980be4776cc','seed_run_s16_market_batch2_20260502','organization','org_s16_market_87aa5980be4776cc','seed_source_osm_market_ng_s16b_20260502','seeded');
INSERT OR IGNORE INTO seed_enrichment (id,seed_run_id,entity_type,entity_id,enrichment_type,enrichment_json) VALUES ('enr_s16_market_87aa5980be4776cc','seed_run_s16_market_batch2_20260502','organization','org_s16_market_87aa5980be4776cc','seed_source_osm_market_ng_s16b_20260502','{"osm_id": "568364499", "osm_type": "way", "amenity": "", "shop": "", "addr_state": "", "addr_lga": "Lagos", "operator": "", "opening_hours": ""}');

-- 88. Landmark House
INSERT OR IGNORE INTO organizations (id,tenant_id,organization_type,legal_name,display_name,registration_number,status,verification_state,created_at,updated_at) VALUES ('org_s16_market_4225c7434fdc61e8','tenant_platform_seed','market','Landmark House','Landmark House',NULL,'active','seeded',unixepoch(),unixepoch());
INSERT OR IGNORE INTO profiles (id,subject_id,subject_type,primary_place_id,tenant_id,workspace_id,display_name,created_at,updated_at) VALUES ('prof_s16_market_4225c7434fdc61e8','org_s16_market_4225c7434fdc61e8','organization','place_nigeria_001','tenant_platform_seed','workspace_platform_seed_discovery','Landmark House',unixepoch(),unixepoch());
INSERT OR IGNORE INTO search_entries (id,profile_id,display_name,keywords,ancestry_path,vertical,created_at,updated_at) VALUES ('se_s16_market_4225c7434fdc61e8','prof_s16_market_4225c7434fdc61e8','Landmark House','landmark house market ikeja market marketplace plaza mall trading centre nigeria','place_nigeria_001','commerce',unixepoch(),unixepoch());
INSERT OR IGNORE INTO seed_ingestion_records (id,seed_run_id,entity_type,entity_id,source_id,status) VALUES ('ir_s16_market_4225c7434fdc61e8','seed_run_s16_market_batch2_20260502','organization','org_s16_market_4225c7434fdc61e8','seed_source_osm_market_ng_s16b_20260502','ingested');
INSERT OR IGNORE INTO seed_entity_sources (id,seed_run_id,entity_type,entity_id,source_id,confidence_tier) VALUES ('es_s16_market_4225c7434fdc61e8','seed_run_s16_market_batch2_20260502','organization','org_s16_market_4225c7434fdc61e8','seed_source_osm_market_ng_s16b_20260502','seeded');
INSERT OR IGNORE INTO seed_enrichment (id,seed_run_id,entity_type,entity_id,enrichment_type,enrichment_json) VALUES ('enr_s16_market_4225c7434fdc61e8','seed_run_s16_market_batch2_20260502','organization','org_s16_market_4225c7434fdc61e8','seed_source_osm_market_ng_s16b_20260502','{"osm_id": "568367626", "osm_type": "way", "amenity": "", "shop": "", "addr_state": "", "addr_lga": "Ikeja", "operator": "", "opening_hours": ""}');

-- 89. Ademola Shopping Mall Ikeja
INSERT OR IGNORE INTO organizations (id,tenant_id,organization_type,legal_name,display_name,registration_number,status,verification_state,created_at,updated_at) VALUES ('org_s16_market_10510314e2ca712f','tenant_platform_seed','market','Ademola Shopping Mall Ikeja','Ademola Shopping Mall Ikeja',NULL,'active','seeded',unixepoch(),unixepoch());
INSERT OR IGNORE INTO profiles (id,subject_id,subject_type,primary_place_id,tenant_id,workspace_id,display_name,created_at,updated_at) VALUES ('prof_s16_market_10510314e2ca712f','org_s16_market_10510314e2ca712f','organization','place_nigeria_001','tenant_platform_seed','workspace_platform_seed_discovery','Ademola Shopping Mall Ikeja',unixepoch(),unixepoch());
INSERT OR IGNORE INTO search_entries (id,profile_id,display_name,keywords,ancestry_path,vertical,created_at,updated_at) VALUES ('se_s16_market_10510314e2ca712f','prof_s16_market_10510314e2ca712f','Ademola Shopping Mall Ikeja','ademola shopping mall ikeja market market marketplace plaza mall trading centre nigeria','place_nigeria_001','commerce',unixepoch(),unixepoch());
INSERT OR IGNORE INTO seed_ingestion_records (id,seed_run_id,entity_type,entity_id,source_id,status) VALUES ('ir_s16_market_10510314e2ca712f','seed_run_s16_market_batch2_20260502','organization','org_s16_market_10510314e2ca712f','seed_source_osm_market_ng_s16b_20260502','ingested');
INSERT OR IGNORE INTO seed_entity_sources (id,seed_run_id,entity_type,entity_id,source_id,confidence_tier) VALUES ('es_s16_market_10510314e2ca712f','seed_run_s16_market_batch2_20260502','organization','org_s16_market_10510314e2ca712f','seed_source_osm_market_ng_s16b_20260502','seeded');
INSERT OR IGNORE INTO seed_enrichment (id,seed_run_id,entity_type,entity_id,enrichment_type,enrichment_json) VALUES ('enr_s16_market_10510314e2ca712f','seed_run_s16_market_batch2_20260502','organization','org_s16_market_10510314e2ca712f','seed_source_osm_market_ng_s16b_20260502','{"osm_id": "568367627", "osm_type": "way", "amenity": "", "shop": "", "addr_state": "", "addr_lga": "", "operator": "", "opening_hours": ""}');

-- 90. Opic Plaza
INSERT OR IGNORE INTO organizations (id,tenant_id,organization_type,legal_name,display_name,registration_number,status,verification_state,created_at,updated_at) VALUES ('org_s16_market_b9010bbea5e710d2','tenant_platform_seed','market','Opic Plaza','Opic Plaza',NULL,'active','seeded',unixepoch(),unixepoch());
INSERT OR IGNORE INTO profiles (id,subject_id,subject_type,primary_place_id,tenant_id,workspace_id,display_name,created_at,updated_at) VALUES ('prof_s16_market_b9010bbea5e710d2','org_s16_market_b9010bbea5e710d2','organization','place_nigeria_001','tenant_platform_seed','workspace_platform_seed_discovery','Opic Plaza',unixepoch(),unixepoch());
INSERT OR IGNORE INTO search_entries (id,profile_id,display_name,keywords,ancestry_path,vertical,created_at,updated_at) VALUES ('se_s16_market_b9010bbea5e710d2','prof_s16_market_b9010bbea5e710d2','Opic Plaza','opic plaza market market marketplace plaza mall trading centre nigeria','place_nigeria_001','commerce',unixepoch(),unixepoch());
INSERT OR IGNORE INTO seed_ingestion_records (id,seed_run_id,entity_type,entity_id,source_id,status) VALUES ('ir_s16_market_b9010bbea5e710d2','seed_run_s16_market_batch2_20260502','organization','org_s16_market_b9010bbea5e710d2','seed_source_osm_market_ng_s16b_20260502','ingested');
INSERT OR IGNORE INTO seed_entity_sources (id,seed_run_id,entity_type,entity_id,source_id,confidence_tier) VALUES ('es_s16_market_b9010bbea5e710d2','seed_run_s16_market_batch2_20260502','organization','org_s16_market_b9010bbea5e710d2','seed_source_osm_market_ng_s16b_20260502','seeded');
INSERT OR IGNORE INTO seed_enrichment (id,seed_run_id,entity_type,entity_id,enrichment_type,enrichment_json) VALUES ('enr_s16_market_b9010bbea5e710d2','seed_run_s16_market_batch2_20260502','organization','org_s16_market_b9010bbea5e710d2','seed_source_osm_market_ng_s16b_20260502','{"osm_id": "568367631", "osm_type": "way", "amenity": "", "shop": "", "addr_state": "", "addr_lga": "", "operator": "", "opening_hours": ""}');

-- 91. Ikeja City Mall
INSERT OR IGNORE INTO organizations (id,tenant_id,organization_type,legal_name,display_name,registration_number,status,verification_state,created_at,updated_at) VALUES ('org_s16_market_e60048b9020ab377','tenant_platform_seed','market','Ikeja City Mall','Ikeja City Mall',NULL,'active','seeded',unixepoch(),unixepoch());
INSERT OR IGNORE INTO profiles (id,subject_id,subject_type,primary_place_id,tenant_id,workspace_id,display_name,created_at,updated_at) VALUES ('prof_s16_market_e60048b9020ab377','org_s16_market_e60048b9020ab377','organization','place_nigeria_001','tenant_platform_seed','workspace_platform_seed_discovery','Ikeja City Mall',unixepoch(),unixepoch());
INSERT OR IGNORE INTO search_entries (id,profile_id,display_name,keywords,ancestry_path,vertical,created_at,updated_at) VALUES ('se_s16_market_e60048b9020ab377','prof_s16_market_e60048b9020ab377','Ikeja City Mall','ikeja city mall market ikeja market marketplace plaza mall trading centre nigeria','place_nigeria_001','commerce',unixepoch(),unixepoch());
INSERT OR IGNORE INTO seed_ingestion_records (id,seed_run_id,entity_type,entity_id,source_id,status) VALUES ('ir_s16_market_e60048b9020ab377','seed_run_s16_market_batch2_20260502','organization','org_s16_market_e60048b9020ab377','seed_source_osm_market_ng_s16b_20260502','ingested');
INSERT OR IGNORE INTO seed_entity_sources (id,seed_run_id,entity_type,entity_id,source_id,confidence_tier) VALUES ('es_s16_market_e60048b9020ab377','seed_run_s16_market_batch2_20260502','organization','org_s16_market_e60048b9020ab377','seed_source_osm_market_ng_s16b_20260502','seeded');
INSERT OR IGNORE INTO seed_enrichment (id,seed_run_id,entity_type,entity_id,enrichment_type,enrichment_json) VALUES ('enr_s16_market_e60048b9020ab377','seed_run_s16_market_batch2_20260502','organization','org_s16_market_e60048b9020ab377','seed_source_osm_market_ng_s16b_20260502','{"osm_id": "568367632", "osm_type": "way", "amenity": "", "shop": "", "addr_state": "", "addr_lga": "Ikeja", "operator": "", "opening_hours": "Mo-Su 09:00-21:00"}');

-- 92. Trocadero Square
INSERT OR IGNORE INTO organizations (id,tenant_id,organization_type,legal_name,display_name,registration_number,status,verification_state,created_at,updated_at) VALUES ('org_s16_market_a2e33c8094c3f450','tenant_platform_seed','shopping_mall','Trocadero Square','Trocadero Square',NULL,'active','seeded',unixepoch(),unixepoch());
INSERT OR IGNORE INTO profiles (id,subject_id,subject_type,primary_place_id,tenant_id,workspace_id,display_name,created_at,updated_at) VALUES ('prof_s16_market_a2e33c8094c3f450','org_s16_market_a2e33c8094c3f450','organization','place_nigeria_001','tenant_platform_seed','workspace_platform_seed_discovery','Trocadero Square',unixepoch(),unixepoch());
INSERT OR IGNORE INTO search_entries (id,profile_id,display_name,keywords,ancestry_path,vertical,created_at,updated_at) VALUES ('se_s16_market_a2e33c8094c3f450','prof_s16_market_a2e33c8094c3f450','Trocadero Square','trocadero square shopping_mall market marketplace plaza mall trading centre nigeria','place_nigeria_001','commerce',unixepoch(),unixepoch());
INSERT OR IGNORE INTO seed_ingestion_records (id,seed_run_id,entity_type,entity_id,source_id,status) VALUES ('ir_s16_market_a2e33c8094c3f450','seed_run_s16_market_batch2_20260502','organization','org_s16_market_a2e33c8094c3f450','seed_source_osm_market_ng_s16b_20260502','ingested');
INSERT OR IGNORE INTO seed_entity_sources (id,seed_run_id,entity_type,entity_id,source_id,confidence_tier) VALUES ('es_s16_market_a2e33c8094c3f450','seed_run_s16_market_batch2_20260502','organization','org_s16_market_a2e33c8094c3f450','seed_source_osm_market_ng_s16b_20260502','seeded');
INSERT OR IGNORE INTO seed_enrichment (id,seed_run_id,entity_type,entity_id,enrichment_type,enrichment_json) VALUES ('enr_s16_market_a2e33c8094c3f450','seed_run_s16_market_batch2_20260502','organization','org_s16_market_a2e33c8094c3f450','seed_source_osm_market_ng_s16b_20260502','{"osm_id": "570496234", "osm_type": "way", "amenity": "", "shop": "mall", "addr_state": "", "addr_lga": "", "operator": "", "opening_hours": ""}');

-- 93. Circle Mall
INSERT OR IGNORE INTO organizations (id,tenant_id,organization_type,legal_name,display_name,registration_number,status,verification_state,created_at,updated_at) VALUES ('org_s16_market_a5fad810c78b00fb','tenant_platform_seed','market','Circle Mall','Circle Mall',NULL,'active','seeded',unixepoch(),unixepoch());
INSERT OR IGNORE INTO profiles (id,subject_id,subject_type,primary_place_id,tenant_id,workspace_id,display_name,created_at,updated_at) VALUES ('prof_s16_market_a5fad810c78b00fb','org_s16_market_a5fad810c78b00fb','organization','place_nigeria_001','tenant_platform_seed','workspace_platform_seed_discovery','Circle Mall',unixepoch(),unixepoch());
INSERT OR IGNORE INTO search_entries (id,profile_id,display_name,keywords,ancestry_path,vertical,created_at,updated_at) VALUES ('se_s16_market_a5fad810c78b00fb','prof_s16_market_a5fad810c78b00fb','Circle Mall','circle mall market lagos market marketplace plaza mall trading centre nigeria','place_nigeria_001','commerce',unixepoch(),unixepoch());
INSERT OR IGNORE INTO seed_ingestion_records (id,seed_run_id,entity_type,entity_id,source_id,status) VALUES ('ir_s16_market_a5fad810c78b00fb','seed_run_s16_market_batch2_20260502','organization','org_s16_market_a5fad810c78b00fb','seed_source_osm_market_ng_s16b_20260502','ingested');
INSERT OR IGNORE INTO seed_entity_sources (id,seed_run_id,entity_type,entity_id,source_id,confidence_tier) VALUES ('es_s16_market_a5fad810c78b00fb','seed_run_s16_market_batch2_20260502','organization','org_s16_market_a5fad810c78b00fb','seed_source_osm_market_ng_s16b_20260502','seeded');
INSERT OR IGNORE INTO seed_enrichment (id,seed_run_id,entity_type,entity_id,enrichment_type,enrichment_json) VALUES ('enr_s16_market_a5fad810c78b00fb','seed_run_s16_market_batch2_20260502','organization','org_s16_market_a5fad810c78b00fb','seed_source_osm_market_ng_s16b_20260502','{"osm_id": "570559587", "osm_type": "way", "amenity": "", "shop": "", "addr_state": "", "addr_lga": "Lagos", "operator": "", "opening_hours": ""}');

-- 94. Afor Igwe Market
INSERT OR IGNORE INTO organizations (id,tenant_id,organization_type,legal_name,display_name,registration_number,status,verification_state,created_at,updated_at) VALUES ('org_s16_market_9125a45413ca8369','tenant_platform_seed','market','Afor Igwe Market','Afor Igwe Market',NULL,'active','seeded',unixepoch(),unixepoch());
INSERT OR IGNORE INTO profiles (id,subject_id,subject_type,primary_place_id,tenant_id,workspace_id,display_name,created_at,updated_at) VALUES ('prof_s16_market_9125a45413ca8369','org_s16_market_9125a45413ca8369','organization','place_nigeria_001','tenant_platform_seed','workspace_platform_seed_discovery','Afor Igwe Market',unixepoch(),unixepoch());
INSERT OR IGNORE INTO search_entries (id,profile_id,display_name,keywords,ancestry_path,vertical,created_at,updated_at) VALUES ('se_s16_market_9125a45413ca8369','prof_s16_market_9125a45413ca8369','Afor Igwe Market','afor igwe market market market marketplace plaza mall trading centre nigeria','place_nigeria_001','commerce',unixepoch(),unixepoch());
INSERT OR IGNORE INTO seed_ingestion_records (id,seed_run_id,entity_type,entity_id,source_id,status) VALUES ('ir_s16_market_9125a45413ca8369','seed_run_s16_market_batch2_20260502','organization','org_s16_market_9125a45413ca8369','seed_source_osm_market_ng_s16b_20260502','ingested');
INSERT OR IGNORE INTO seed_entity_sources (id,seed_run_id,entity_type,entity_id,source_id,confidence_tier) VALUES ('es_s16_market_9125a45413ca8369','seed_run_s16_market_batch2_20260502','organization','org_s16_market_9125a45413ca8369','seed_source_osm_market_ng_s16b_20260502','seeded');
INSERT OR IGNORE INTO seed_enrichment (id,seed_run_id,entity_type,entity_id,enrichment_type,enrichment_json) VALUES ('enr_s16_market_9125a45413ca8369','seed_run_s16_market_batch2_20260502','organization','org_s16_market_9125a45413ca8369','seed_source_osm_market_ng_s16b_20260502','{"osm_id": "585991755", "osm_type": "way", "amenity": "marketplace", "shop": "", "addr_state": "", "addr_lga": "", "operator": "", "opening_hours": ""}');

-- 95. Nkwo Okija
INSERT OR IGNORE INTO organizations (id,tenant_id,organization_type,legal_name,display_name,registration_number,status,verification_state,created_at,updated_at) VALUES ('org_s16_market_19c0857d9b04bf85','tenant_platform_seed','market','Nkwo Okija','Nkwo Okija',NULL,'active','seeded',unixepoch(),unixepoch());
INSERT OR IGNORE INTO profiles (id,subject_id,subject_type,primary_place_id,tenant_id,workspace_id,display_name,created_at,updated_at) VALUES ('prof_s16_market_19c0857d9b04bf85','org_s16_market_19c0857d9b04bf85','organization','place_nigeria_001','tenant_platform_seed','workspace_platform_seed_discovery','Nkwo Okija',unixepoch(),unixepoch());
INSERT OR IGNORE INTO search_entries (id,profile_id,display_name,keywords,ancestry_path,vertical,created_at,updated_at) VALUES ('se_s16_market_19c0857d9b04bf85','prof_s16_market_19c0857d9b04bf85','Nkwo Okija','nkwo okija market market marketplace plaza mall trading centre nigeria','place_nigeria_001','commerce',unixepoch(),unixepoch());
INSERT OR IGNORE INTO seed_ingestion_records (id,seed_run_id,entity_type,entity_id,source_id,status) VALUES ('ir_s16_market_19c0857d9b04bf85','seed_run_s16_market_batch2_20260502','organization','org_s16_market_19c0857d9b04bf85','seed_source_osm_market_ng_s16b_20260502','ingested');
INSERT OR IGNORE INTO seed_entity_sources (id,seed_run_id,entity_type,entity_id,source_id,confidence_tier) VALUES ('es_s16_market_19c0857d9b04bf85','seed_run_s16_market_batch2_20260502','organization','org_s16_market_19c0857d9b04bf85','seed_source_osm_market_ng_s16b_20260502','seeded');
INSERT OR IGNORE INTO seed_enrichment (id,seed_run_id,entity_type,entity_id,enrichment_type,enrichment_json) VALUES ('enr_s16_market_19c0857d9b04bf85','seed_run_s16_market_batch2_20260502','organization','org_s16_market_19c0857d9b04bf85','seed_source_osm_market_ng_s16b_20260502','{"osm_id": "585991760", "osm_type": "way", "amenity": "marketplace", "shop": "", "addr_state": "", "addr_lga": "", "operator": "", "opening_hours": ""}');

-- 96. Nkwogbe Ihiala
INSERT OR IGNORE INTO organizations (id,tenant_id,organization_type,legal_name,display_name,registration_number,status,verification_state,created_at,updated_at) VALUES ('org_s16_market_b9497732fbadf7b5','tenant_platform_seed','market','Nkwogbe Ihiala','Nkwogbe Ihiala',NULL,'active','seeded',unixepoch(),unixepoch());
INSERT OR IGNORE INTO profiles (id,subject_id,subject_type,primary_place_id,tenant_id,workspace_id,display_name,created_at,updated_at) VALUES ('prof_s16_market_b9497732fbadf7b5','org_s16_market_b9497732fbadf7b5','organization','place_nigeria_001','tenant_platform_seed','workspace_platform_seed_discovery','Nkwogbe Ihiala',unixepoch(),unixepoch());
INSERT OR IGNORE INTO search_entries (id,profile_id,display_name,keywords,ancestry_path,vertical,created_at,updated_at) VALUES ('se_s16_market_b9497732fbadf7b5','prof_s16_market_b9497732fbadf7b5','Nkwogbe Ihiala','nkwogbe ihiala market market marketplace plaza mall trading centre nigeria','place_nigeria_001','commerce',unixepoch(),unixepoch());
INSERT OR IGNORE INTO seed_ingestion_records (id,seed_run_id,entity_type,entity_id,source_id,status) VALUES ('ir_s16_market_b9497732fbadf7b5','seed_run_s16_market_batch2_20260502','organization','org_s16_market_b9497732fbadf7b5','seed_source_osm_market_ng_s16b_20260502','ingested');
INSERT OR IGNORE INTO seed_entity_sources (id,seed_run_id,entity_type,entity_id,source_id,confidence_tier) VALUES ('es_s16_market_b9497732fbadf7b5','seed_run_s16_market_batch2_20260502','organization','org_s16_market_b9497732fbadf7b5','seed_source_osm_market_ng_s16b_20260502','seeded');
INSERT OR IGNORE INTO seed_enrichment (id,seed_run_id,entity_type,entity_id,enrichment_type,enrichment_json) VALUES ('enr_s16_market_b9497732fbadf7b5','seed_run_s16_market_batch2_20260502','organization','org_s16_market_b9497732fbadf7b5','seed_source_osm_market_ng_s16b_20260502','{"osm_id": "585993616", "osm_type": "way", "amenity": "marketplace", "shop": "", "addr_state": "", "addr_lga": "", "operator": "", "opening_hours": ""}');

-- 97. Prince Ebeano Supermarket Maroko
INSERT OR IGNORE INTO organizations (id,tenant_id,organization_type,legal_name,display_name,registration_number,status,verification_state,created_at,updated_at) VALUES ('org_s16_market_a902564207f4238a','tenant_platform_seed','market','Prince Ebeano Supermarket Maroko','Prince Ebeano Supermarket Maroko',NULL,'active','seeded',unixepoch(),unixepoch());
INSERT OR IGNORE INTO profiles (id,subject_id,subject_type,primary_place_id,tenant_id,workspace_id,display_name,created_at,updated_at) VALUES ('prof_s16_market_a902564207f4238a','org_s16_market_a902564207f4238a','organization','place_nigeria_001','tenant_platform_seed','workspace_platform_seed_discovery','Prince Ebeano Supermarket Maroko',unixepoch(),unixepoch());
INSERT OR IGNORE INTO search_entries (id,profile_id,display_name,keywords,ancestry_path,vertical,created_at,updated_at) VALUES ('se_s16_market_a902564207f4238a','prof_s16_market_a902564207f4238a','Prince Ebeano Supermarket Maroko','prince ebeano supermarket maroko market lagos market marketplace plaza mall trading centre nigeria','place_nigeria_001','commerce',unixepoch(),unixepoch());
INSERT OR IGNORE INTO seed_ingestion_records (id,seed_run_id,entity_type,entity_id,source_id,status) VALUES ('ir_s16_market_a902564207f4238a','seed_run_s16_market_batch2_20260502','organization','org_s16_market_a902564207f4238a','seed_source_osm_market_ng_s16b_20260502','ingested');
INSERT OR IGNORE INTO seed_entity_sources (id,seed_run_id,entity_type,entity_id,source_id,confidence_tier) VALUES ('es_s16_market_a902564207f4238a','seed_run_s16_market_batch2_20260502','organization','org_s16_market_a902564207f4238a','seed_source_osm_market_ng_s16b_20260502','seeded');
INSERT OR IGNORE INTO seed_enrichment (id,seed_run_id,entity_type,entity_id,enrichment_type,enrichment_json) VALUES ('enr_s16_market_a902564207f4238a','seed_run_s16_market_batch2_20260502','organization','org_s16_market_a902564207f4238a','seed_source_osm_market_ng_s16b_20260502','{"osm_id": "591782047", "osm_type": "way", "amenity": "", "shop": "", "addr_state": "", "addr_lga": "Lagos", "operator": "", "opening_hours": ""}');

-- 98. Prince Ebeano Supermarket
INSERT OR IGNORE INTO organizations (id,tenant_id,organization_type,legal_name,display_name,registration_number,status,verification_state,created_at,updated_at) VALUES ('org_s16_market_8b68c5488c13d63a','tenant_platform_seed','market','Prince Ebeano Supermarket','Prince Ebeano Supermarket',NULL,'active','seeded',unixepoch(),unixepoch());
INSERT OR IGNORE INTO profiles (id,subject_id,subject_type,primary_place_id,tenant_id,workspace_id,display_name,created_at,updated_at) VALUES ('prof_s16_market_8b68c5488c13d63a','org_s16_market_8b68c5488c13d63a','organization','place_nigeria_001','tenant_platform_seed','workspace_platform_seed_discovery','Prince Ebeano Supermarket',unixepoch(),unixepoch());
INSERT OR IGNORE INTO search_entries (id,profile_id,display_name,keywords,ancestry_path,vertical,created_at,updated_at) VALUES ('se_s16_market_8b68c5488c13d63a','prof_s16_market_8b68c5488c13d63a','Prince Ebeano Supermarket','prince ebeano supermarket market lagos market marketplace plaza mall trading centre nigeria','place_nigeria_001','commerce',unixepoch(),unixepoch());
INSERT OR IGNORE INTO seed_ingestion_records (id,seed_run_id,entity_type,entity_id,source_id,status) VALUES ('ir_s16_market_8b68c5488c13d63a','seed_run_s16_market_batch2_20260502','organization','org_s16_market_8b68c5488c13d63a','seed_source_osm_market_ng_s16b_20260502','ingested');
INSERT OR IGNORE INTO seed_entity_sources (id,seed_run_id,entity_type,entity_id,source_id,confidence_tier) VALUES ('es_s16_market_8b68c5488c13d63a','seed_run_s16_market_batch2_20260502','organization','org_s16_market_8b68c5488c13d63a','seed_source_osm_market_ng_s16b_20260502','seeded');
INSERT OR IGNORE INTO seed_enrichment (id,seed_run_id,entity_type,entity_id,enrichment_type,enrichment_json) VALUES ('enr_s16_market_8b68c5488c13d63a','seed_run_s16_market_batch2_20260502','organization','org_s16_market_8b68c5488c13d63a','seed_source_osm_market_ng_s16b_20260502','{"osm_id": "591782048", "osm_type": "way", "amenity": "", "shop": "", "addr_state": "", "addr_lga": "Lagos", "operator": "", "opening_hours": ""}');

-- 99. 1004 Shopping Complex
INSERT OR IGNORE INTO organizations (id,tenant_id,organization_type,legal_name,display_name,registration_number,status,verification_state,created_at,updated_at) VALUES ('org_s16_market_aafa505f356a9005','tenant_platform_seed','market','1004 Shopping Complex','1004 Shopping Complex',NULL,'active','seeded',unixepoch(),unixepoch());
INSERT OR IGNORE INTO profiles (id,subject_id,subject_type,primary_place_id,tenant_id,workspace_id,display_name,created_at,updated_at) VALUES ('prof_s16_market_aafa505f356a9005','org_s16_market_aafa505f356a9005','organization','place_nigeria_001','tenant_platform_seed','workspace_platform_seed_discovery','1004 Shopping Complex',unixepoch(),unixepoch());
INSERT OR IGNORE INTO search_entries (id,profile_id,display_name,keywords,ancestry_path,vertical,created_at,updated_at) VALUES ('se_s16_market_aafa505f356a9005','prof_s16_market_aafa505f356a9005','1004 Shopping Complex','1004 shopping complex market market marketplace plaza mall trading centre nigeria','place_nigeria_001','commerce',unixepoch(),unixepoch());
INSERT OR IGNORE INTO seed_ingestion_records (id,seed_run_id,entity_type,entity_id,source_id,status) VALUES ('ir_s16_market_aafa505f356a9005','seed_run_s16_market_batch2_20260502','organization','org_s16_market_aafa505f356a9005','seed_source_osm_market_ng_s16b_20260502','ingested');
INSERT OR IGNORE INTO seed_entity_sources (id,seed_run_id,entity_type,entity_id,source_id,confidence_tier) VALUES ('es_s16_market_aafa505f356a9005','seed_run_s16_market_batch2_20260502','organization','org_s16_market_aafa505f356a9005','seed_source_osm_market_ng_s16b_20260502','seeded');
INSERT OR IGNORE INTO seed_enrichment (id,seed_run_id,entity_type,entity_id,enrichment_type,enrichment_json) VALUES ('enr_s16_market_aafa505f356a9005','seed_run_s16_market_batch2_20260502','organization','org_s16_market_aafa505f356a9005','seed_source_osm_market_ng_s16b_20260502','{"osm_id": "591832767", "osm_type": "way", "amenity": "", "shop": "", "addr_state": "", "addr_lga": "", "operator": "", "opening_hours": ""}');

-- 100. HubMart Victoria Island
INSERT OR IGNORE INTO organizations (id,tenant_id,organization_type,legal_name,display_name,registration_number,status,verification_state,created_at,updated_at) VALUES ('org_s16_market_ce9a5cd00ce213c7','tenant_platform_seed','market','HubMart Victoria Island','HubMart Victoria Island',NULL,'active','seeded',unixepoch(),unixepoch());
INSERT OR IGNORE INTO profiles (id,subject_id,subject_type,primary_place_id,tenant_id,workspace_id,display_name,created_at,updated_at) VALUES ('prof_s16_market_ce9a5cd00ce213c7','org_s16_market_ce9a5cd00ce213c7','organization','place_nigeria_001','tenant_platform_seed','workspace_platform_seed_discovery','HubMart Victoria Island',unixepoch(),unixepoch());
INSERT OR IGNORE INTO search_entries (id,profile_id,display_name,keywords,ancestry_path,vertical,created_at,updated_at) VALUES ('se_s16_market_ce9a5cd00ce213c7','prof_s16_market_ce9a5cd00ce213c7','HubMart Victoria Island','hubmart victoria island market market marketplace plaza mall trading centre nigeria','place_nigeria_001','commerce',unixepoch(),unixepoch());
INSERT OR IGNORE INTO seed_ingestion_records (id,seed_run_id,entity_type,entity_id,source_id,status) VALUES ('ir_s16_market_ce9a5cd00ce213c7','seed_run_s16_market_batch2_20260502','organization','org_s16_market_ce9a5cd00ce213c7','seed_source_osm_market_ng_s16b_20260502','ingested');
INSERT OR IGNORE INTO seed_entity_sources (id,seed_run_id,entity_type,entity_id,source_id,confidence_tier) VALUES ('es_s16_market_ce9a5cd00ce213c7','seed_run_s16_market_batch2_20260502','organization','org_s16_market_ce9a5cd00ce213c7','seed_source_osm_market_ng_s16b_20260502','seeded');
INSERT OR IGNORE INTO seed_enrichment (id,seed_run_id,entity_type,entity_id,enrichment_type,enrichment_json) VALUES ('enr_s16_market_ce9a5cd00ce213c7','seed_run_s16_market_batch2_20260502','organization','org_s16_market_ce9a5cd00ce213c7','seed_source_osm_market_ng_s16b_20260502','{"osm_id": "592201443", "osm_type": "way", "amenity": "", "shop": "", "addr_state": "", "addr_lga": "", "operator": "", "opening_hours": ""}');

-- 101. NNPC Fuel Station
INSERT OR IGNORE INTO organizations (id,tenant_id,organization_type,legal_name,display_name,registration_number,status,verification_state,created_at,updated_at) VALUES ('org_s16_market_63325c13999d0015','tenant_platform_seed','market','NNPC Fuel Station','NNPC Fuel Station',NULL,'active','seeded',unixepoch(),unixepoch());
INSERT OR IGNORE INTO profiles (id,subject_id,subject_type,primary_place_id,tenant_id,workspace_id,display_name,created_at,updated_at) VALUES ('prof_s16_market_63325c13999d0015','org_s16_market_63325c13999d0015','organization','place_nigeria_001','tenant_platform_seed','workspace_platform_seed_discovery','NNPC Fuel Station',unixepoch(),unixepoch());
INSERT OR IGNORE INTO search_entries (id,profile_id,display_name,keywords,ancestry_path,vertical,created_at,updated_at) VALUES ('se_s16_market_63325c13999d0015','prof_s16_market_63325c13999d0015','NNPC Fuel Station','nnpc fuel station market market marketplace plaza mall trading centre nigeria','place_nigeria_001','commerce',unixepoch(),unixepoch());
INSERT OR IGNORE INTO seed_ingestion_records (id,seed_run_id,entity_type,entity_id,source_id,status) VALUES ('ir_s16_market_63325c13999d0015','seed_run_s16_market_batch2_20260502','organization','org_s16_market_63325c13999d0015','seed_source_osm_market_ng_s16b_20260502','ingested');
INSERT OR IGNORE INTO seed_entity_sources (id,seed_run_id,entity_type,entity_id,source_id,confidence_tier) VALUES ('es_s16_market_63325c13999d0015','seed_run_s16_market_batch2_20260502','organization','org_s16_market_63325c13999d0015','seed_source_osm_market_ng_s16b_20260502','seeded');
INSERT OR IGNORE INTO seed_enrichment (id,seed_run_id,entity_type,entity_id,enrichment_type,enrichment_json) VALUES ('enr_s16_market_63325c13999d0015','seed_run_s16_market_batch2_20260502','organization','org_s16_market_63325c13999d0015','seed_source_osm_market_ng_s16b_20260502','{"osm_id": "593494119", "osm_type": "way", "amenity": "fuel", "shop": "", "addr_state": "", "addr_lga": "", "operator": "", "opening_hours": ""}');

-- 102. Banana Island Shopping Complex
INSERT OR IGNORE INTO organizations (id,tenant_id,organization_type,legal_name,display_name,registration_number,status,verification_state,created_at,updated_at) VALUES ('org_s16_market_de2b86711ccb0a04','tenant_platform_seed','market','Banana Island Shopping Complex','Banana Island Shopping Complex',NULL,'active','seeded',unixepoch(),unixepoch());
INSERT OR IGNORE INTO profiles (id,subject_id,subject_type,primary_place_id,tenant_id,workspace_id,display_name,created_at,updated_at) VALUES ('prof_s16_market_de2b86711ccb0a04','org_s16_market_de2b86711ccb0a04','organization','place_nigeria_001','tenant_platform_seed','workspace_platform_seed_discovery','Banana Island Shopping Complex',unixepoch(),unixepoch());
INSERT OR IGNORE INTO search_entries (id,profile_id,display_name,keywords,ancestry_path,vertical,created_at,updated_at) VALUES ('se_s16_market_de2b86711ccb0a04','prof_s16_market_de2b86711ccb0a04','Banana Island Shopping Complex','banana island shopping complex market market marketplace plaza mall trading centre nigeria','place_nigeria_001','commerce',unixepoch(),unixepoch());
INSERT OR IGNORE INTO seed_ingestion_records (id,seed_run_id,entity_type,entity_id,source_id,status) VALUES ('ir_s16_market_de2b86711ccb0a04','seed_run_s16_market_batch2_20260502','organization','org_s16_market_de2b86711ccb0a04','seed_source_osm_market_ng_s16b_20260502','ingested');
INSERT OR IGNORE INTO seed_entity_sources (id,seed_run_id,entity_type,entity_id,source_id,confidence_tier) VALUES ('es_s16_market_de2b86711ccb0a04','seed_run_s16_market_batch2_20260502','organization','org_s16_market_de2b86711ccb0a04','seed_source_osm_market_ng_s16b_20260502','seeded');
INSERT OR IGNORE INTO seed_enrichment (id,seed_run_id,entity_type,entity_id,enrichment_type,enrichment_json) VALUES ('enr_s16_market_de2b86711ccb0a04','seed_run_s16_market_batch2_20260502','organization','org_s16_market_de2b86711ccb0a04','seed_source_osm_market_ng_s16b_20260502','{"osm_id": "593494137", "osm_type": "way", "amenity": "", "shop": "", "addr_state": "", "addr_lga": "", "operator": "", "opening_hours": ""}');

-- 103. Central Market, Katsina
INSERT OR IGNORE INTO organizations (id,tenant_id,organization_type,legal_name,display_name,registration_number,status,verification_state,created_at,updated_at) VALUES ('org_s16_market_d4ad978eab6fa76c','tenant_platform_seed','market','Central Market, Katsina','Central Market, Katsina',NULL,'active','seeded',unixepoch(),unixepoch());
INSERT OR IGNORE INTO profiles (id,subject_id,subject_type,primary_place_id,tenant_id,workspace_id,display_name,created_at,updated_at) VALUES ('prof_s16_market_d4ad978eab6fa76c','org_s16_market_d4ad978eab6fa76c','organization','place_nigeria_001','tenant_platform_seed','workspace_platform_seed_discovery','Central Market, Katsina',unixepoch(),unixepoch());
INSERT OR IGNORE INTO search_entries (id,profile_id,display_name,keywords,ancestry_path,vertical,created_at,updated_at) VALUES ('se_s16_market_d4ad978eab6fa76c','prof_s16_market_d4ad978eab6fa76c','Central Market, Katsina','central market, katsina market market marketplace plaza mall trading centre nigeria','place_nigeria_001','commerce',unixepoch(),unixepoch());
INSERT OR IGNORE INTO seed_ingestion_records (id,seed_run_id,entity_type,entity_id,source_id,status) VALUES ('ir_s16_market_d4ad978eab6fa76c','seed_run_s16_market_batch2_20260502','organization','org_s16_market_d4ad978eab6fa76c','seed_source_osm_market_ng_s16b_20260502','ingested');
INSERT OR IGNORE INTO seed_entity_sources (id,seed_run_id,entity_type,entity_id,source_id,confidence_tier) VALUES ('es_s16_market_d4ad978eab6fa76c','seed_run_s16_market_batch2_20260502','organization','org_s16_market_d4ad978eab6fa76c','seed_source_osm_market_ng_s16b_20260502','seeded');
INSERT OR IGNORE INTO seed_enrichment (id,seed_run_id,entity_type,entity_id,enrichment_type,enrichment_json) VALUES ('enr_s16_market_d4ad978eab6fa76c','seed_run_s16_market_batch2_20260502','organization','org_s16_market_d4ad978eab6fa76c','seed_source_osm_market_ng_s16b_20260502','{"osm_id": "594160275", "osm_type": "way", "amenity": "marketplace", "shop": "", "addr_state": "", "addr_lga": "", "operator": "", "opening_hours": ""}');

-- 104. Mega Plaza
INSERT OR IGNORE INTO organizations (id,tenant_id,organization_type,legal_name,display_name,registration_number,status,verification_state,created_at,updated_at) VALUES ('org_s16_market_3531dc951377b5de','tenant_platform_seed','market','Mega Plaza','Mega Plaza',NULL,'active','seeded',unixepoch(),unixepoch());
INSERT OR IGNORE INTO profiles (id,subject_id,subject_type,primary_place_id,tenant_id,workspace_id,display_name,created_at,updated_at) VALUES ('prof_s16_market_3531dc951377b5de','org_s16_market_3531dc951377b5de','organization','place_nigeria_001','tenant_platform_seed','workspace_platform_seed_discovery','Mega Plaza',unixepoch(),unixepoch());
INSERT OR IGNORE INTO search_entries (id,profile_id,display_name,keywords,ancestry_path,vertical,created_at,updated_at) VALUES ('se_s16_market_3531dc951377b5de','prof_s16_market_3531dc951377b5de','Mega Plaza','mega plaza market lagos market marketplace plaza mall trading centre nigeria','place_nigeria_001','commerce',unixepoch(),unixepoch());
INSERT OR IGNORE INTO seed_ingestion_records (id,seed_run_id,entity_type,entity_id,source_id,status) VALUES ('ir_s16_market_3531dc951377b5de','seed_run_s16_market_batch2_20260502','organization','org_s16_market_3531dc951377b5de','seed_source_osm_market_ng_s16b_20260502','ingested');
INSERT OR IGNORE INTO seed_entity_sources (id,seed_run_id,entity_type,entity_id,source_id,confidence_tier) VALUES ('es_s16_market_3531dc951377b5de','seed_run_s16_market_batch2_20260502','organization','org_s16_market_3531dc951377b5de','seed_source_osm_market_ng_s16b_20260502','seeded');
INSERT OR IGNORE INTO seed_enrichment (id,seed_run_id,entity_type,entity_id,enrichment_type,enrichment_json) VALUES ('enr_s16_market_3531dc951377b5de','seed_run_s16_market_batch2_20260502','organization','org_s16_market_3531dc951377b5de','seed_source_osm_market_ng_s16b_20260502','{"osm_id": "594743331", "osm_type": "way", "amenity": "", "shop": "", "addr_state": "", "addr_lga": "Lagos", "operator": "", "opening_hours": ""}');

-- 105. Spar
INSERT OR IGNORE INTO organizations (id,tenant_id,organization_type,legal_name,display_name,registration_number,status,verification_state,created_at,updated_at) VALUES ('org_s16_market_e43c672ad04c8b6b','tenant_platform_seed','market','Spar','Spar',NULL,'active','seeded',unixepoch(),unixepoch());
INSERT OR IGNORE INTO profiles (id,subject_id,subject_type,primary_place_id,tenant_id,workspace_id,display_name,created_at,updated_at) VALUES ('prof_s16_market_e43c672ad04c8b6b','org_s16_market_e43c672ad04c8b6b','organization','place_nigeria_001','tenant_platform_seed','workspace_platform_seed_discovery','Spar',unixepoch(),unixepoch());
INSERT OR IGNORE INTO search_entries (id,profile_id,display_name,keywords,ancestry_path,vertical,created_at,updated_at) VALUES ('se_s16_market_e43c672ad04c8b6b','prof_s16_market_e43c672ad04c8b6b','Spar','spar market lagos market marketplace plaza mall trading centre nigeria','place_nigeria_001','commerce',unixepoch(),unixepoch());
INSERT OR IGNORE INTO seed_ingestion_records (id,seed_run_id,entity_type,entity_id,source_id,status) VALUES ('ir_s16_market_e43c672ad04c8b6b','seed_run_s16_market_batch2_20260502','organization','org_s16_market_e43c672ad04c8b6b','seed_source_osm_market_ng_s16b_20260502','ingested');
INSERT OR IGNORE INTO seed_entity_sources (id,seed_run_id,entity_type,entity_id,source_id,confidence_tier) VALUES ('es_s16_market_e43c672ad04c8b6b','seed_run_s16_market_batch2_20260502','organization','org_s16_market_e43c672ad04c8b6b','seed_source_osm_market_ng_s16b_20260502','seeded');
INSERT OR IGNORE INTO seed_enrichment (id,seed_run_id,entity_type,entity_id,enrichment_type,enrichment_json) VALUES ('enr_s16_market_e43c672ad04c8b6b','seed_run_s16_market_batch2_20260502','organization','org_s16_market_e43c672ad04c8b6b','seed_source_osm_market_ng_s16b_20260502','{"osm_id": "594763846", "osm_type": "way", "amenity": "", "shop": "supermarket", "addr_state": "", "addr_lga": "Lagos", "operator": "", "opening_hours": ""}');

-- 106. La Pointe Supermarket
INSERT OR IGNORE INTO organizations (id,tenant_id,organization_type,legal_name,display_name,registration_number,status,verification_state,created_at,updated_at) VALUES ('org_s16_market_d1e7928bd0c1b35c','tenant_platform_seed','market','La Pointe Supermarket','La Pointe Supermarket',NULL,'active','seeded',unixepoch(),unixepoch());
INSERT OR IGNORE INTO profiles (id,subject_id,subject_type,primary_place_id,tenant_id,workspace_id,display_name,created_at,updated_at) VALUES ('prof_s16_market_d1e7928bd0c1b35c','org_s16_market_d1e7928bd0c1b35c','organization','place_nigeria_001','tenant_platform_seed','workspace_platform_seed_discovery','La Pointe Supermarket',unixepoch(),unixepoch());
INSERT OR IGNORE INTO search_entries (id,profile_id,display_name,keywords,ancestry_path,vertical,created_at,updated_at) VALUES ('se_s16_market_d1e7928bd0c1b35c','prof_s16_market_d1e7928bd0c1b35c','La Pointe Supermarket','la pointe supermarket market market marketplace plaza mall trading centre nigeria','place_nigeria_001','commerce',unixepoch(),unixepoch());
INSERT OR IGNORE INTO seed_ingestion_records (id,seed_run_id,entity_type,entity_id,source_id,status) VALUES ('ir_s16_market_d1e7928bd0c1b35c','seed_run_s16_market_batch2_20260502','organization','org_s16_market_d1e7928bd0c1b35c','seed_source_osm_market_ng_s16b_20260502','ingested');
INSERT OR IGNORE INTO seed_entity_sources (id,seed_run_id,entity_type,entity_id,source_id,confidence_tier) VALUES ('es_s16_market_d1e7928bd0c1b35c','seed_run_s16_market_batch2_20260502','organization','org_s16_market_d1e7928bd0c1b35c','seed_source_osm_market_ng_s16b_20260502','seeded');
INSERT OR IGNORE INTO seed_enrichment (id,seed_run_id,entity_type,entity_id,enrichment_type,enrichment_json) VALUES ('enr_s16_market_d1e7928bd0c1b35c','seed_run_s16_market_batch2_20260502','organization','org_s16_market_d1e7928bd0c1b35c','seed_source_osm_market_ng_s16b_20260502','{"osm_id": "595620121", "osm_type": "way", "amenity": "", "shop": "supermarket", "addr_state": "", "addr_lga": "", "operator": "", "opening_hours": ""}');

-- 107. Maryland Mall
INSERT OR IGNORE INTO organizations (id,tenant_id,organization_type,legal_name,display_name,registration_number,status,verification_state,created_at,updated_at) VALUES ('org_s16_market_cab1eaa9b8ad4010','tenant_platform_seed','market','Maryland Mall','Maryland Mall',NULL,'active','seeded',unixepoch(),unixepoch());
INSERT OR IGNORE INTO profiles (id,subject_id,subject_type,primary_place_id,tenant_id,workspace_id,display_name,created_at,updated_at) VALUES ('prof_s16_market_cab1eaa9b8ad4010','org_s16_market_cab1eaa9b8ad4010','organization','place_nigeria_001','tenant_platform_seed','workspace_platform_seed_discovery','Maryland Mall',unixepoch(),unixepoch());
INSERT OR IGNORE INTO search_entries (id,profile_id,display_name,keywords,ancestry_path,vertical,created_at,updated_at) VALUES ('se_s16_market_cab1eaa9b8ad4010','prof_s16_market_cab1eaa9b8ad4010','Maryland Mall','maryland mall market market marketplace plaza mall trading centre nigeria','place_nigeria_001','commerce',unixepoch(),unixepoch());
INSERT OR IGNORE INTO seed_ingestion_records (id,seed_run_id,entity_type,entity_id,source_id,status) VALUES ('ir_s16_market_cab1eaa9b8ad4010','seed_run_s16_market_batch2_20260502','organization','org_s16_market_cab1eaa9b8ad4010','seed_source_osm_market_ng_s16b_20260502','ingested');
INSERT OR IGNORE INTO seed_entity_sources (id,seed_run_id,entity_type,entity_id,source_id,confidence_tier) VALUES ('es_s16_market_cab1eaa9b8ad4010','seed_run_s16_market_batch2_20260502','organization','org_s16_market_cab1eaa9b8ad4010','seed_source_osm_market_ng_s16b_20260502','seeded');
INSERT OR IGNORE INTO seed_enrichment (id,seed_run_id,entity_type,entity_id,enrichment_type,enrichment_json) VALUES ('enr_s16_market_cab1eaa9b8ad4010','seed_run_s16_market_batch2_20260502','organization','org_s16_market_cab1eaa9b8ad4010','seed_source_osm_market_ng_s16b_20260502','{"osm_id": "595880633", "osm_type": "way", "amenity": "", "shop": "", "addr_state": "", "addr_lga": "", "operator": "", "opening_hours": ""}');

-- 108. Mobil Fuel Station
INSERT OR IGNORE INTO organizations (id,tenant_id,organization_type,legal_name,display_name,registration_number,status,verification_state,created_at,updated_at) VALUES ('org_s16_market_58f85bfe7220216f','tenant_platform_seed','market','Mobil Fuel Station','Mobil Fuel Station',NULL,'active','seeded',unixepoch(),unixepoch());
INSERT OR IGNORE INTO profiles (id,subject_id,subject_type,primary_place_id,tenant_id,workspace_id,display_name,created_at,updated_at) VALUES ('prof_s16_market_58f85bfe7220216f','org_s16_market_58f85bfe7220216f','organization','place_nigeria_001','tenant_platform_seed','workspace_platform_seed_discovery','Mobil Fuel Station',unixepoch(),unixepoch());
INSERT OR IGNORE INTO search_entries (id,profile_id,display_name,keywords,ancestry_path,vertical,created_at,updated_at) VALUES ('se_s16_market_58f85bfe7220216f','prof_s16_market_58f85bfe7220216f','Mobil Fuel Station','mobil fuel station market market marketplace plaza mall trading centre nigeria','place_nigeria_001','commerce',unixepoch(),unixepoch());
INSERT OR IGNORE INTO seed_ingestion_records (id,seed_run_id,entity_type,entity_id,source_id,status) VALUES ('ir_s16_market_58f85bfe7220216f','seed_run_s16_market_batch2_20260502','organization','org_s16_market_58f85bfe7220216f','seed_source_osm_market_ng_s16b_20260502','ingested');
INSERT OR IGNORE INTO seed_entity_sources (id,seed_run_id,entity_type,entity_id,source_id,confidence_tier) VALUES ('es_s16_market_58f85bfe7220216f','seed_run_s16_market_batch2_20260502','organization','org_s16_market_58f85bfe7220216f','seed_source_osm_market_ng_s16b_20260502','seeded');
INSERT OR IGNORE INTO seed_enrichment (id,seed_run_id,entity_type,entity_id,enrichment_type,enrichment_json) VALUES ('enr_s16_market_58f85bfe7220216f','seed_run_s16_market_batch2_20260502','organization','org_s16_market_58f85bfe7220216f','seed_source_osm_market_ng_s16b_20260502','{"osm_id": "596634579", "osm_type": "way", "amenity": "fuel", "shop": "", "addr_state": "", "addr_lga": "", "operator": "", "opening_hours": ""}');

-- 109. Total Fuel Station
INSERT OR IGNORE INTO organizations (id,tenant_id,organization_type,legal_name,display_name,registration_number,status,verification_state,created_at,updated_at) VALUES ('org_s16_market_c81c0549fd95a09b','tenant_platform_seed','market','Total Fuel Station','Total Fuel Station',NULL,'active','seeded',unixepoch(),unixepoch());
INSERT OR IGNORE INTO profiles (id,subject_id,subject_type,primary_place_id,tenant_id,workspace_id,display_name,created_at,updated_at) VALUES ('prof_s16_market_c81c0549fd95a09b','org_s16_market_c81c0549fd95a09b','organization','place_nigeria_001','tenant_platform_seed','workspace_platform_seed_discovery','Total Fuel Station',unixepoch(),unixepoch());
INSERT OR IGNORE INTO search_entries (id,profile_id,display_name,keywords,ancestry_path,vertical,created_at,updated_at) VALUES ('se_s16_market_c81c0549fd95a09b','prof_s16_market_c81c0549fd95a09b','Total Fuel Station','total fuel station market market marketplace plaza mall trading centre nigeria','place_nigeria_001','commerce',unixepoch(),unixepoch());
INSERT OR IGNORE INTO seed_ingestion_records (id,seed_run_id,entity_type,entity_id,source_id,status) VALUES ('ir_s16_market_c81c0549fd95a09b','seed_run_s16_market_batch2_20260502','organization','org_s16_market_c81c0549fd95a09b','seed_source_osm_market_ng_s16b_20260502','ingested');
INSERT OR IGNORE INTO seed_entity_sources (id,seed_run_id,entity_type,entity_id,source_id,confidence_tier) VALUES ('es_s16_market_c81c0549fd95a09b','seed_run_s16_market_batch2_20260502','organization','org_s16_market_c81c0549fd95a09b','seed_source_osm_market_ng_s16b_20260502','seeded');
INSERT OR IGNORE INTO seed_enrichment (id,seed_run_id,entity_type,entity_id,enrichment_type,enrichment_json) VALUES ('enr_s16_market_c81c0549fd95a09b','seed_run_s16_market_batch2_20260502','organization','org_s16_market_c81c0549fd95a09b','seed_source_osm_market_ng_s16b_20260502','{"osm_id": "596634585", "osm_type": "way", "amenity": "fuel", "shop": "", "addr_state": "", "addr_lga": "", "operator": "", "opening_hours": ""}');

-- 110. Oando Fuel Station
INSERT OR IGNORE INTO organizations (id,tenant_id,organization_type,legal_name,display_name,registration_number,status,verification_state,created_at,updated_at) VALUES ('org_s16_market_2293d55aa6d8cd97','tenant_platform_seed','market','Oando Fuel Station','Oando Fuel Station',NULL,'active','seeded',unixepoch(),unixepoch());
INSERT OR IGNORE INTO profiles (id,subject_id,subject_type,primary_place_id,tenant_id,workspace_id,display_name,created_at,updated_at) VALUES ('prof_s16_market_2293d55aa6d8cd97','org_s16_market_2293d55aa6d8cd97','organization','place_nigeria_001','tenant_platform_seed','workspace_platform_seed_discovery','Oando Fuel Station',unixepoch(),unixepoch());
INSERT OR IGNORE INTO search_entries (id,profile_id,display_name,keywords,ancestry_path,vertical,created_at,updated_at) VALUES ('se_s16_market_2293d55aa6d8cd97','prof_s16_market_2293d55aa6d8cd97','Oando Fuel Station','oando fuel station market market marketplace plaza mall trading centre nigeria','place_nigeria_001','commerce',unixepoch(),unixepoch());
INSERT OR IGNORE INTO seed_ingestion_records (id,seed_run_id,entity_type,entity_id,source_id,status) VALUES ('ir_s16_market_2293d55aa6d8cd97','seed_run_s16_market_batch2_20260502','organization','org_s16_market_2293d55aa6d8cd97','seed_source_osm_market_ng_s16b_20260502','ingested');
INSERT OR IGNORE INTO seed_entity_sources (id,seed_run_id,entity_type,entity_id,source_id,confidence_tier) VALUES ('es_s16_market_2293d55aa6d8cd97','seed_run_s16_market_batch2_20260502','organization','org_s16_market_2293d55aa6d8cd97','seed_source_osm_market_ng_s16b_20260502','seeded');
INSERT OR IGNORE INTO seed_enrichment (id,seed_run_id,entity_type,entity_id,enrichment_type,enrichment_json) VALUES ('enr_s16_market_2293d55aa6d8cd97','seed_run_s16_market_batch2_20260502','organization','org_s16_market_2293d55aa6d8cd97','seed_source_osm_market_ng_s16b_20260502','{"osm_id": "597498736", "osm_type": "way", "amenity": "fuel", "shop": "", "addr_state": "", "addr_lga": "", "operator": "", "opening_hours": ""}');

-- 111. Forte Oil Fuel Station
INSERT OR IGNORE INTO organizations (id,tenant_id,organization_type,legal_name,display_name,registration_number,status,verification_state,created_at,updated_at) VALUES ('org_s16_market_d189a21f6301509a','tenant_platform_seed','market','Forte Oil Fuel Station','Forte Oil Fuel Station',NULL,'active','seeded',unixepoch(),unixepoch());
INSERT OR IGNORE INTO profiles (id,subject_id,subject_type,primary_place_id,tenant_id,workspace_id,display_name,created_at,updated_at) VALUES ('prof_s16_market_d189a21f6301509a','org_s16_market_d189a21f6301509a','organization','place_nigeria_001','tenant_platform_seed','workspace_platform_seed_discovery','Forte Oil Fuel Station',unixepoch(),unixepoch());
INSERT OR IGNORE INTO search_entries (id,profile_id,display_name,keywords,ancestry_path,vertical,created_at,updated_at) VALUES ('se_s16_market_d189a21f6301509a','prof_s16_market_d189a21f6301509a','Forte Oil Fuel Station','forte oil fuel station market market marketplace plaza mall trading centre nigeria','place_nigeria_001','commerce',unixepoch(),unixepoch());
INSERT OR IGNORE INTO seed_ingestion_records (id,seed_run_id,entity_type,entity_id,source_id,status) VALUES ('ir_s16_market_d189a21f6301509a','seed_run_s16_market_batch2_20260502','organization','org_s16_market_d189a21f6301509a','seed_source_osm_market_ng_s16b_20260502','ingested');
INSERT OR IGNORE INTO seed_entity_sources (id,seed_run_id,entity_type,entity_id,source_id,confidence_tier) VALUES ('es_s16_market_d189a21f6301509a','seed_run_s16_market_batch2_20260502','organization','org_s16_market_d189a21f6301509a','seed_source_osm_market_ng_s16b_20260502','seeded');
INSERT OR IGNORE INTO seed_enrichment (id,seed_run_id,entity_type,entity_id,enrichment_type,enrichment_json) VALUES ('enr_s16_market_d189a21f6301509a','seed_run_s16_market_batch2_20260502','organization','org_s16_market_d189a21f6301509a','seed_source_osm_market_ng_s16b_20260502','{"osm_id": "597498740", "osm_type": "way", "amenity": "fuel", "shop": "", "addr_state": "", "addr_lga": "", "operator": "", "opening_hours": ""}');

-- 112. Ascon Fuel Station
INSERT OR IGNORE INTO organizations (id,tenant_id,organization_type,legal_name,display_name,registration_number,status,verification_state,created_at,updated_at) VALUES ('org_s16_market_20f3c6250059800f','tenant_platform_seed','market','Ascon Fuel Station','Ascon Fuel Station',NULL,'active','seeded',unixepoch(),unixepoch());
INSERT OR IGNORE INTO profiles (id,subject_id,subject_type,primary_place_id,tenant_id,workspace_id,display_name,created_at,updated_at) VALUES ('prof_s16_market_20f3c6250059800f','org_s16_market_20f3c6250059800f','organization','place_nigeria_001','tenant_platform_seed','workspace_platform_seed_discovery','Ascon Fuel Station',unixepoch(),unixepoch());
INSERT OR IGNORE INTO search_entries (id,profile_id,display_name,keywords,ancestry_path,vertical,created_at,updated_at) VALUES ('se_s16_market_20f3c6250059800f','prof_s16_market_20f3c6250059800f','Ascon Fuel Station','ascon fuel station market market marketplace plaza mall trading centre nigeria','place_nigeria_001','commerce',unixepoch(),unixepoch());
INSERT OR IGNORE INTO seed_ingestion_records (id,seed_run_id,entity_type,entity_id,source_id,status) VALUES ('ir_s16_market_20f3c6250059800f','seed_run_s16_market_batch2_20260502','organization','org_s16_market_20f3c6250059800f','seed_source_osm_market_ng_s16b_20260502','ingested');
INSERT OR IGNORE INTO seed_entity_sources (id,seed_run_id,entity_type,entity_id,source_id,confidence_tier) VALUES ('es_s16_market_20f3c6250059800f','seed_run_s16_market_batch2_20260502','organization','org_s16_market_20f3c6250059800f','seed_source_osm_market_ng_s16b_20260502','seeded');
INSERT OR IGNORE INTO seed_enrichment (id,seed_run_id,entity_type,entity_id,enrichment_type,enrichment_json) VALUES ('enr_s16_market_20f3c6250059800f','seed_run_s16_market_batch2_20260502','organization','org_s16_market_20f3c6250059800f','seed_source_osm_market_ng_s16b_20260502','{"osm_id": "598412430", "osm_type": "way", "amenity": "fuel", "shop": "", "addr_state": "", "addr_lga": "", "operator": "", "opening_hours": ""}');

-- 113. Pinnacle Oil Fuel Station
INSERT OR IGNORE INTO organizations (id,tenant_id,organization_type,legal_name,display_name,registration_number,status,verification_state,created_at,updated_at) VALUES ('org_s16_market_270ad43673107870','tenant_platform_seed','market','Pinnacle Oil Fuel Station','Pinnacle Oil Fuel Station',NULL,'active','seeded',unixepoch(),unixepoch());
INSERT OR IGNORE INTO profiles (id,subject_id,subject_type,primary_place_id,tenant_id,workspace_id,display_name,created_at,updated_at) VALUES ('prof_s16_market_270ad43673107870','org_s16_market_270ad43673107870','organization','place_nigeria_001','tenant_platform_seed','workspace_platform_seed_discovery','Pinnacle Oil Fuel Station',unixepoch(),unixepoch());
INSERT OR IGNORE INTO search_entries (id,profile_id,display_name,keywords,ancestry_path,vertical,created_at,updated_at) VALUES ('se_s16_market_270ad43673107870','prof_s16_market_270ad43673107870','Pinnacle Oil Fuel Station','pinnacle oil fuel station market market marketplace plaza mall trading centre nigeria','place_nigeria_001','commerce',unixepoch(),unixepoch());
INSERT OR IGNORE INTO seed_ingestion_records (id,seed_run_id,entity_type,entity_id,source_id,status) VALUES ('ir_s16_market_270ad43673107870','seed_run_s16_market_batch2_20260502','organization','org_s16_market_270ad43673107870','seed_source_osm_market_ng_s16b_20260502','ingested');
INSERT OR IGNORE INTO seed_entity_sources (id,seed_run_id,entity_type,entity_id,source_id,confidence_tier) VALUES ('es_s16_market_270ad43673107870','seed_run_s16_market_batch2_20260502','organization','org_s16_market_270ad43673107870','seed_source_osm_market_ng_s16b_20260502','seeded');
INSERT OR IGNORE INTO seed_enrichment (id,seed_run_id,entity_type,entity_id,enrichment_type,enrichment_json) VALUES ('enr_s16_market_270ad43673107870','seed_run_s16_market_batch2_20260502','organization','org_s16_market_270ad43673107870','seed_source_osm_market_ng_s16b_20260502','{"osm_id": "598412444", "osm_type": "way", "amenity": "fuel", "shop": "", "addr_state": "", "addr_lga": "", "operator": "", "opening_hours": ""}');

-- 114. MRS Fuel Station
INSERT OR IGNORE INTO organizations (id,tenant_id,organization_type,legal_name,display_name,registration_number,status,verification_state,created_at,updated_at) VALUES ('org_s16_market_7b48256b66bcd38e','tenant_platform_seed','market','MRS Fuel Station','MRS Fuel Station',NULL,'active','seeded',unixepoch(),unixepoch());
INSERT OR IGNORE INTO profiles (id,subject_id,subject_type,primary_place_id,tenant_id,workspace_id,display_name,created_at,updated_at) VALUES ('prof_s16_market_7b48256b66bcd38e','org_s16_market_7b48256b66bcd38e','organization','place_nigeria_001','tenant_platform_seed','workspace_platform_seed_discovery','MRS Fuel Station',unixepoch(),unixepoch());
INSERT OR IGNORE INTO search_entries (id,profile_id,display_name,keywords,ancestry_path,vertical,created_at,updated_at) VALUES ('se_s16_market_7b48256b66bcd38e','prof_s16_market_7b48256b66bcd38e','MRS Fuel Station','mrs fuel station market market marketplace plaza mall trading centre nigeria','place_nigeria_001','commerce',unixepoch(),unixepoch());
INSERT OR IGNORE INTO seed_ingestion_records (id,seed_run_id,entity_type,entity_id,source_id,status) VALUES ('ir_s16_market_7b48256b66bcd38e','seed_run_s16_market_batch2_20260502','organization','org_s16_market_7b48256b66bcd38e','seed_source_osm_market_ng_s16b_20260502','ingested');
INSERT OR IGNORE INTO seed_entity_sources (id,seed_run_id,entity_type,entity_id,source_id,confidence_tier) VALUES ('es_s16_market_7b48256b66bcd38e','seed_run_s16_market_batch2_20260502','organization','org_s16_market_7b48256b66bcd38e','seed_source_osm_market_ng_s16b_20260502','seeded');
INSERT OR IGNORE INTO seed_enrichment (id,seed_run_id,entity_type,entity_id,enrichment_type,enrichment_json) VALUES ('enr_s16_market_7b48256b66bcd38e','seed_run_s16_market_batch2_20260502','organization','org_s16_market_7b48256b66bcd38e','seed_source_osm_market_ng_s16b_20260502','{"osm_id": "598412453", "osm_type": "way", "amenity": "fuel", "shop": "", "addr_state": "", "addr_lga": "", "operator": "", "opening_hours": ""}');

-- 115. Petrocam Fuel Station
INSERT OR IGNORE INTO organizations (id,tenant_id,organization_type,legal_name,display_name,registration_number,status,verification_state,created_at,updated_at) VALUES ('org_s16_market_76cd25c8cb47c031','tenant_platform_seed','market','Petrocam Fuel Station','Petrocam Fuel Station',NULL,'active','seeded',unixepoch(),unixepoch());
INSERT OR IGNORE INTO profiles (id,subject_id,subject_type,primary_place_id,tenant_id,workspace_id,display_name,created_at,updated_at) VALUES ('prof_s16_market_76cd25c8cb47c031','org_s16_market_76cd25c8cb47c031','organization','place_nigeria_001','tenant_platform_seed','workspace_platform_seed_discovery','Petrocam Fuel Station',unixepoch(),unixepoch());
INSERT OR IGNORE INTO search_entries (id,profile_id,display_name,keywords,ancestry_path,vertical,created_at,updated_at) VALUES ('se_s16_market_76cd25c8cb47c031','prof_s16_market_76cd25c8cb47c031','Petrocam Fuel Station','petrocam fuel station market market marketplace plaza mall trading centre nigeria','place_nigeria_001','commerce',unixepoch(),unixepoch());
INSERT OR IGNORE INTO seed_ingestion_records (id,seed_run_id,entity_type,entity_id,source_id,status) VALUES ('ir_s16_market_76cd25c8cb47c031','seed_run_s16_market_batch2_20260502','organization','org_s16_market_76cd25c8cb47c031','seed_source_osm_market_ng_s16b_20260502','ingested');
INSERT OR IGNORE INTO seed_entity_sources (id,seed_run_id,entity_type,entity_id,source_id,confidence_tier) VALUES ('es_s16_market_76cd25c8cb47c031','seed_run_s16_market_batch2_20260502','organization','org_s16_market_76cd25c8cb47c031','seed_source_osm_market_ng_s16b_20260502','seeded');
INSERT OR IGNORE INTO seed_enrichment (id,seed_run_id,entity_type,entity_id,enrichment_type,enrichment_json) VALUES ('enr_s16_market_76cd25c8cb47c031','seed_run_s16_market_batch2_20260502','organization','org_s16_market_76cd25c8cb47c031','seed_source_osm_market_ng_s16b_20260502','{"osm_id": "598412469", "osm_type": "way", "amenity": "fuel", "shop": "", "addr_state": "", "addr_lga": "", "operator": "", "opening_hours": ""}');

-- 116. World Oil Fuel Station
INSERT OR IGNORE INTO organizations (id,tenant_id,organization_type,legal_name,display_name,registration_number,status,verification_state,created_at,updated_at) VALUES ('org_s16_market_3708cb7361ea5141','tenant_platform_seed','market','World Oil Fuel Station','World Oil Fuel Station',NULL,'active','seeded',unixepoch(),unixepoch());
INSERT OR IGNORE INTO profiles (id,subject_id,subject_type,primary_place_id,tenant_id,workspace_id,display_name,created_at,updated_at) VALUES ('prof_s16_market_3708cb7361ea5141','org_s16_market_3708cb7361ea5141','organization','place_nigeria_001','tenant_platform_seed','workspace_platform_seed_discovery','World Oil Fuel Station',unixepoch(),unixepoch());
INSERT OR IGNORE INTO search_entries (id,profile_id,display_name,keywords,ancestry_path,vertical,created_at,updated_at) VALUES ('se_s16_market_3708cb7361ea5141','prof_s16_market_3708cb7361ea5141','World Oil Fuel Station','world oil fuel station market market marketplace plaza mall trading centre nigeria','place_nigeria_001','commerce',unixepoch(),unixepoch());
INSERT OR IGNORE INTO seed_ingestion_records (id,seed_run_id,entity_type,entity_id,source_id,status) VALUES ('ir_s16_market_3708cb7361ea5141','seed_run_s16_market_batch2_20260502','organization','org_s16_market_3708cb7361ea5141','seed_source_osm_market_ng_s16b_20260502','ingested');
INSERT OR IGNORE INTO seed_entity_sources (id,seed_run_id,entity_type,entity_id,source_id,confidence_tier) VALUES ('es_s16_market_3708cb7361ea5141','seed_run_s16_market_batch2_20260502','organization','org_s16_market_3708cb7361ea5141','seed_source_osm_market_ng_s16b_20260502','seeded');
INSERT OR IGNORE INTO seed_enrichment (id,seed_run_id,entity_type,entity_id,enrichment_type,enrichment_json) VALUES ('enr_s16_market_3708cb7361ea5141','seed_run_s16_market_batch2_20260502','organization','org_s16_market_3708cb7361ea5141','seed_source_osm_market_ng_s16b_20260502','{"osm_id": "599054224", "osm_type": "way", "amenity": "fuel", "shop": "", "addr_state": "", "addr_lga": "", "operator": "", "opening_hours": ""}');

-- 117. Conoil Fuel Station
INSERT OR IGNORE INTO organizations (id,tenant_id,organization_type,legal_name,display_name,registration_number,status,verification_state,created_at,updated_at) VALUES ('org_s16_market_c43b87dc441ce88d','tenant_platform_seed','market','Conoil Fuel Station','Conoil Fuel Station',NULL,'active','seeded',unixepoch(),unixepoch());
INSERT OR IGNORE INTO profiles (id,subject_id,subject_type,primary_place_id,tenant_id,workspace_id,display_name,created_at,updated_at) VALUES ('prof_s16_market_c43b87dc441ce88d','org_s16_market_c43b87dc441ce88d','organization','place_nigeria_001','tenant_platform_seed','workspace_platform_seed_discovery','Conoil Fuel Station',unixepoch(),unixepoch());
INSERT OR IGNORE INTO search_entries (id,profile_id,display_name,keywords,ancestry_path,vertical,created_at,updated_at) VALUES ('se_s16_market_c43b87dc441ce88d','prof_s16_market_c43b87dc441ce88d','Conoil Fuel Station','conoil fuel station market market marketplace plaza mall trading centre nigeria','place_nigeria_001','commerce',unixepoch(),unixepoch());
INSERT OR IGNORE INTO seed_ingestion_records (id,seed_run_id,entity_type,entity_id,source_id,status) VALUES ('ir_s16_market_c43b87dc441ce88d','seed_run_s16_market_batch2_20260502','organization','org_s16_market_c43b87dc441ce88d','seed_source_osm_market_ng_s16b_20260502','ingested');
INSERT OR IGNORE INTO seed_entity_sources (id,seed_run_id,entity_type,entity_id,source_id,confidence_tier) VALUES ('es_s16_market_c43b87dc441ce88d','seed_run_s16_market_batch2_20260502','organization','org_s16_market_c43b87dc441ce88d','seed_source_osm_market_ng_s16b_20260502','seeded');
INSERT OR IGNORE INTO seed_enrichment (id,seed_run_id,entity_type,entity_id,enrichment_type,enrichment_json) VALUES ('enr_s16_market_c43b87dc441ce88d','seed_run_s16_market_batch2_20260502','organization','org_s16_market_c43b87dc441ce88d','seed_source_osm_market_ng_s16b_20260502','{"osm_id": "599054233", "osm_type": "way", "amenity": "fuel", "shop": "", "addr_state": "", "addr_lga": "", "operator": "", "opening_hours": ""}');

-- 118. Total
INSERT OR IGNORE INTO organizations (id,tenant_id,organization_type,legal_name,display_name,registration_number,status,verification_state,created_at,updated_at) VALUES ('org_s16_market_9cf6797f3af9be47','tenant_platform_seed','market','Total','Total',NULL,'active','seeded',unixepoch(),unixepoch());
INSERT OR IGNORE INTO profiles (id,subject_id,subject_type,primary_place_id,tenant_id,workspace_id,display_name,created_at,updated_at) VALUES ('prof_s16_market_9cf6797f3af9be47','org_s16_market_9cf6797f3af9be47','organization','place_nigeria_001','tenant_platform_seed','workspace_platform_seed_discovery','Total',unixepoch(),unixepoch());
INSERT OR IGNORE INTO search_entries (id,profile_id,display_name,keywords,ancestry_path,vertical,created_at,updated_at) VALUES ('se_s16_market_9cf6797f3af9be47','prof_s16_market_9cf6797f3af9be47','Total','total market market marketplace plaza mall trading centre nigeria','place_nigeria_001','commerce',unixepoch(),unixepoch());
INSERT OR IGNORE INTO seed_ingestion_records (id,seed_run_id,entity_type,entity_id,source_id,status) VALUES ('ir_s16_market_9cf6797f3af9be47','seed_run_s16_market_batch2_20260502','organization','org_s16_market_9cf6797f3af9be47','seed_source_osm_market_ng_s16b_20260502','ingested');
INSERT OR IGNORE INTO seed_entity_sources (id,seed_run_id,entity_type,entity_id,source_id,confidence_tier) VALUES ('es_s16_market_9cf6797f3af9be47','seed_run_s16_market_batch2_20260502','organization','org_s16_market_9cf6797f3af9be47','seed_source_osm_market_ng_s16b_20260502','seeded');
INSERT OR IGNORE INTO seed_enrichment (id,seed_run_id,entity_type,entity_id,enrichment_type,enrichment_json) VALUES ('enr_s16_market_9cf6797f3af9be47','seed_run_s16_market_batch2_20260502','organization','org_s16_market_9cf6797f3af9be47','seed_source_osm_market_ng_s16b_20260502','{"osm_id": "599054253", "osm_type": "way", "amenity": "fuel", "shop": "", "addr_state": "", "addr_lga": "", "operator": "", "opening_hours": ""}');

-- 119. Mobil Oil Fuel Station
INSERT OR IGNORE INTO organizations (id,tenant_id,organization_type,legal_name,display_name,registration_number,status,verification_state,created_at,updated_at) VALUES ('org_s16_market_ba6a3d2ba8ecb88c','tenant_platform_seed','market','Mobil Oil Fuel Station','Mobil Oil Fuel Station',NULL,'active','seeded',unixepoch(),unixepoch());
INSERT OR IGNORE INTO profiles (id,subject_id,subject_type,primary_place_id,tenant_id,workspace_id,display_name,created_at,updated_at) VALUES ('prof_s16_market_ba6a3d2ba8ecb88c','org_s16_market_ba6a3d2ba8ecb88c','organization','place_nigeria_001','tenant_platform_seed','workspace_platform_seed_discovery','Mobil Oil Fuel Station',unixepoch(),unixepoch());
INSERT OR IGNORE INTO search_entries (id,profile_id,display_name,keywords,ancestry_path,vertical,created_at,updated_at) VALUES ('se_s16_market_ba6a3d2ba8ecb88c','prof_s16_market_ba6a3d2ba8ecb88c','Mobil Oil Fuel Station','mobil oil fuel station market market marketplace plaza mall trading centre nigeria','place_nigeria_001','commerce',unixepoch(),unixepoch());
INSERT OR IGNORE INTO seed_ingestion_records (id,seed_run_id,entity_type,entity_id,source_id,status) VALUES ('ir_s16_market_ba6a3d2ba8ecb88c','seed_run_s16_market_batch2_20260502','organization','org_s16_market_ba6a3d2ba8ecb88c','seed_source_osm_market_ng_s16b_20260502','ingested');
INSERT OR IGNORE INTO seed_entity_sources (id,seed_run_id,entity_type,entity_id,source_id,confidence_tier) VALUES ('es_s16_market_ba6a3d2ba8ecb88c','seed_run_s16_market_batch2_20260502','organization','org_s16_market_ba6a3d2ba8ecb88c','seed_source_osm_market_ng_s16b_20260502','seeded');
INSERT OR IGNORE INTO seed_enrichment (id,seed_run_id,entity_type,entity_id,enrichment_type,enrichment_json) VALUES ('enr_s16_market_ba6a3d2ba8ecb88c','seed_run_s16_market_batch2_20260502','organization','org_s16_market_ba6a3d2ba8ecb88c','seed_source_osm_market_ng_s16b_20260502','{"osm_id": "599054279", "osm_type": "way", "amenity": "fuel", "shop": "", "addr_state": "", "addr_lga": "", "operator": "", "opening_hours": ""}');

-- 120. SPG Fuel Station
INSERT OR IGNORE INTO organizations (id,tenant_id,organization_type,legal_name,display_name,registration_number,status,verification_state,created_at,updated_at) VALUES ('org_s16_market_9d4e97774db020ec','tenant_platform_seed','market','SPG Fuel Station','SPG Fuel Station',NULL,'active','seeded',unixepoch(),unixepoch());
INSERT OR IGNORE INTO profiles (id,subject_id,subject_type,primary_place_id,tenant_id,workspace_id,display_name,created_at,updated_at) VALUES ('prof_s16_market_9d4e97774db020ec','org_s16_market_9d4e97774db020ec','organization','place_nigeria_001','tenant_platform_seed','workspace_platform_seed_discovery','SPG Fuel Station',unixepoch(),unixepoch());
INSERT OR IGNORE INTO search_entries (id,profile_id,display_name,keywords,ancestry_path,vertical,created_at,updated_at) VALUES ('se_s16_market_9d4e97774db020ec','prof_s16_market_9d4e97774db020ec','SPG Fuel Station','spg fuel station market market marketplace plaza mall trading centre nigeria','place_nigeria_001','commerce',unixepoch(),unixepoch());
INSERT OR IGNORE INTO seed_ingestion_records (id,seed_run_id,entity_type,entity_id,source_id,status) VALUES ('ir_s16_market_9d4e97774db020ec','seed_run_s16_market_batch2_20260502','organization','org_s16_market_9d4e97774db020ec','seed_source_osm_market_ng_s16b_20260502','ingested');
INSERT OR IGNORE INTO seed_entity_sources (id,seed_run_id,entity_type,entity_id,source_id,confidence_tier) VALUES ('es_s16_market_9d4e97774db020ec','seed_run_s16_market_batch2_20260502','organization','org_s16_market_9d4e97774db020ec','seed_source_osm_market_ng_s16b_20260502','seeded');
INSERT OR IGNORE INTO seed_enrichment (id,seed_run_id,entity_type,entity_id,enrichment_type,enrichment_json) VALUES ('enr_s16_market_9d4e97774db020ec','seed_run_s16_market_batch2_20260502','organization','org_s16_market_9d4e97774db020ec','seed_source_osm_market_ng_s16b_20260502','{"osm_id": "599054292", "osm_type": "way", "amenity": "fuel", "shop": "", "addr_state": "", "addr_lga": "", "operator": "", "opening_hours": ""}');

-- 121. Total Oil Fuel Station
INSERT OR IGNORE INTO organizations (id,tenant_id,organization_type,legal_name,display_name,registration_number,status,verification_state,created_at,updated_at) VALUES ('org_s16_market_68618770ccdaa8c7','tenant_platform_seed','market','Total Oil Fuel Station','Total Oil Fuel Station',NULL,'active','seeded',unixepoch(),unixepoch());
INSERT OR IGNORE INTO profiles (id,subject_id,subject_type,primary_place_id,tenant_id,workspace_id,display_name,created_at,updated_at) VALUES ('prof_s16_market_68618770ccdaa8c7','org_s16_market_68618770ccdaa8c7','organization','place_nigeria_001','tenant_platform_seed','workspace_platform_seed_discovery','Total Oil Fuel Station',unixepoch(),unixepoch());
INSERT OR IGNORE INTO search_entries (id,profile_id,display_name,keywords,ancestry_path,vertical,created_at,updated_at) VALUES ('se_s16_market_68618770ccdaa8c7','prof_s16_market_68618770ccdaa8c7','Total Oil Fuel Station','total oil fuel station market market marketplace plaza mall trading centre nigeria','place_nigeria_001','commerce',unixepoch(),unixepoch());
INSERT OR IGNORE INTO seed_ingestion_records (id,seed_run_id,entity_type,entity_id,source_id,status) VALUES ('ir_s16_market_68618770ccdaa8c7','seed_run_s16_market_batch2_20260502','organization','org_s16_market_68618770ccdaa8c7','seed_source_osm_market_ng_s16b_20260502','ingested');
INSERT OR IGNORE INTO seed_entity_sources (id,seed_run_id,entity_type,entity_id,source_id,confidence_tier) VALUES ('es_s16_market_68618770ccdaa8c7','seed_run_s16_market_batch2_20260502','organization','org_s16_market_68618770ccdaa8c7','seed_source_osm_market_ng_s16b_20260502','seeded');
INSERT OR IGNORE INTO seed_enrichment (id,seed_run_id,entity_type,entity_id,enrichment_type,enrichment_json) VALUES ('enr_s16_market_68618770ccdaa8c7','seed_run_s16_market_batch2_20260502','organization','org_s16_market_68618770ccdaa8c7','seed_source_osm_market_ng_s16b_20260502','{"osm_id": "599054320", "osm_type": "way", "amenity": "fuel", "shop": "", "addr_state": "", "addr_lga": "", "operator": "", "opening_hours": ""}');

-- 122. Tyse Oil Fuel Station
INSERT OR IGNORE INTO organizations (id,tenant_id,organization_type,legal_name,display_name,registration_number,status,verification_state,created_at,updated_at) VALUES ('org_s16_market_e8a4f612d967b9d6','tenant_platform_seed','market','Tyse Oil Fuel Station','Tyse Oil Fuel Station',NULL,'active','seeded',unixepoch(),unixepoch());
INSERT OR IGNORE INTO profiles (id,subject_id,subject_type,primary_place_id,tenant_id,workspace_id,display_name,created_at,updated_at) VALUES ('prof_s16_market_e8a4f612d967b9d6','org_s16_market_e8a4f612d967b9d6','organization','place_nigeria_001','tenant_platform_seed','workspace_platform_seed_discovery','Tyse Oil Fuel Station',unixepoch(),unixepoch());
INSERT OR IGNORE INTO search_entries (id,profile_id,display_name,keywords,ancestry_path,vertical,created_at,updated_at) VALUES ('se_s16_market_e8a4f612d967b9d6','prof_s16_market_e8a4f612d967b9d6','Tyse Oil Fuel Station','tyse oil fuel station market market marketplace plaza mall trading centre nigeria','place_nigeria_001','commerce',unixepoch(),unixepoch());
INSERT OR IGNORE INTO seed_ingestion_records (id,seed_run_id,entity_type,entity_id,source_id,status) VALUES ('ir_s16_market_e8a4f612d967b9d6','seed_run_s16_market_batch2_20260502','organization','org_s16_market_e8a4f612d967b9d6','seed_source_osm_market_ng_s16b_20260502','ingested');
INSERT OR IGNORE INTO seed_entity_sources (id,seed_run_id,entity_type,entity_id,source_id,confidence_tier) VALUES ('es_s16_market_e8a4f612d967b9d6','seed_run_s16_market_batch2_20260502','organization','org_s16_market_e8a4f612d967b9d6','seed_source_osm_market_ng_s16b_20260502','seeded');
INSERT OR IGNORE INTO seed_enrichment (id,seed_run_id,entity_type,entity_id,enrichment_type,enrichment_json) VALUES ('enr_s16_market_e8a4f612d967b9d6','seed_run_s16_market_batch2_20260502','organization','org_s16_market_e8a4f612d967b9d6','seed_source_osm_market_ng_s16b_20260502','{"osm_id": "599054356", "osm_type": "way", "amenity": "fuel", "shop": "", "addr_state": "", "addr_lga": "", "operator": "", "opening_hours": ""}');

-- 123. Nike Art Gallery
INSERT OR IGNORE INTO organizations (id,tenant_id,organization_type,legal_name,display_name,registration_number,status,verification_state,created_at,updated_at) VALUES ('org_s16_market_c8e237c5a7d7cfca','tenant_platform_seed','market','Nike Art Gallery','Nike Art Gallery',NULL,'active','seeded',unixepoch(),unixepoch());
INSERT OR IGNORE INTO profiles (id,subject_id,subject_type,primary_place_id,tenant_id,workspace_id,display_name,created_at,updated_at) VALUES ('prof_s16_market_c8e237c5a7d7cfca','org_s16_market_c8e237c5a7d7cfca','organization','place_nigeria_001','tenant_platform_seed','workspace_platform_seed_discovery','Nike Art Gallery',unixepoch(),unixepoch());
INSERT OR IGNORE INTO search_entries (id,profile_id,display_name,keywords,ancestry_path,vertical,created_at,updated_at) VALUES ('se_s16_market_c8e237c5a7d7cfca','prof_s16_market_c8e237c5a7d7cfca','Nike Art Gallery','nike art gallery market lagos market marketplace plaza mall trading centre nigeria','place_nigeria_001','commerce',unixepoch(),unixepoch());
INSERT OR IGNORE INTO seed_ingestion_records (id,seed_run_id,entity_type,entity_id,source_id,status) VALUES ('ir_s16_market_c8e237c5a7d7cfca','seed_run_s16_market_batch2_20260502','organization','org_s16_market_c8e237c5a7d7cfca','seed_source_osm_market_ng_s16b_20260502','ingested');
INSERT OR IGNORE INTO seed_entity_sources (id,seed_run_id,entity_type,entity_id,source_id,confidence_tier) VALUES ('es_s16_market_c8e237c5a7d7cfca','seed_run_s16_market_batch2_20260502','organization','org_s16_market_c8e237c5a7d7cfca','seed_source_osm_market_ng_s16b_20260502','seeded');
INSERT OR IGNORE INTO seed_enrichment (id,seed_run_id,entity_type,entity_id,enrichment_type,enrichment_json) VALUES ('enr_s16_market_c8e237c5a7d7cfca','seed_run_s16_market_batch2_20260502','organization','org_s16_market_c8e237c5a7d7cfca','seed_source_osm_market_ng_s16b_20260502','{"osm_id": "599054410", "osm_type": "way", "amenity": "", "shop": "", "addr_state": "", "addr_lga": "Lagos", "operator": "", "opening_hours": ""}');

-- 124. Silverbird Galleria
INSERT OR IGNORE INTO organizations (id,tenant_id,organization_type,legal_name,display_name,registration_number,status,verification_state,created_at,updated_at) VALUES ('org_s16_market_43507f8eddc630cc','tenant_platform_seed','market','Silverbird Galleria','Silverbird Galleria',NULL,'active','seeded',unixepoch(),unixepoch());
INSERT OR IGNORE INTO profiles (id,subject_id,subject_type,primary_place_id,tenant_id,workspace_id,display_name,created_at,updated_at) VALUES ('prof_s16_market_43507f8eddc630cc','org_s16_market_43507f8eddc630cc','organization','place_nigeria_001','tenant_platform_seed','workspace_platform_seed_discovery','Silverbird Galleria',unixepoch(),unixepoch());
INSERT OR IGNORE INTO search_entries (id,profile_id,display_name,keywords,ancestry_path,vertical,created_at,updated_at) VALUES ('se_s16_market_43507f8eddc630cc','prof_s16_market_43507f8eddc630cc','Silverbird Galleria','silverbird galleria market lagos market marketplace plaza mall trading centre nigeria','place_nigeria_001','commerce',unixepoch(),unixepoch());
INSERT OR IGNORE INTO seed_ingestion_records (id,seed_run_id,entity_type,entity_id,source_id,status) VALUES ('ir_s16_market_43507f8eddc630cc','seed_run_s16_market_batch2_20260502','organization','org_s16_market_43507f8eddc630cc','seed_source_osm_market_ng_s16b_20260502','ingested');
INSERT OR IGNORE INTO seed_entity_sources (id,seed_run_id,entity_type,entity_id,source_id,confidence_tier) VALUES ('es_s16_market_43507f8eddc630cc','seed_run_s16_market_batch2_20260502','organization','org_s16_market_43507f8eddc630cc','seed_source_osm_market_ng_s16b_20260502','seeded');
INSERT OR IGNORE INTO seed_enrichment (id,seed_run_id,entity_type,entity_id,enrichment_type,enrichment_json) VALUES ('enr_s16_market_43507f8eddc630cc','seed_run_s16_market_batch2_20260502','organization','org_s16_market_43507f8eddc630cc','seed_source_osm_market_ng_s16b_20260502','{"osm_id": "599458872", "osm_type": "way", "amenity": "", "shop": "", "addr_state": "", "addr_lga": "Lagos", "operator": "", "opening_hours": ""}');

-- 125. Porsche
INSERT OR IGNORE INTO organizations (id,tenant_id,organization_type,legal_name,display_name,registration_number,status,verification_state,created_at,updated_at) VALUES ('org_s16_market_5e869a6023a06c72','tenant_platform_seed','market','Porsche','Porsche',NULL,'active','seeded',unixepoch(),unixepoch());
INSERT OR IGNORE INTO profiles (id,subject_id,subject_type,primary_place_id,tenant_id,workspace_id,display_name,created_at,updated_at) VALUES ('prof_s16_market_5e869a6023a06c72','org_s16_market_5e869a6023a06c72','organization','place_nigeria_001','tenant_platform_seed','workspace_platform_seed_discovery','Porsche',unixepoch(),unixepoch());
INSERT OR IGNORE INTO search_entries (id,profile_id,display_name,keywords,ancestry_path,vertical,created_at,updated_at) VALUES ('se_s16_market_5e869a6023a06c72','prof_s16_market_5e869a6023a06c72','Porsche','porsche market market marketplace plaza mall trading centre nigeria','place_nigeria_001','commerce',unixepoch(),unixepoch());
INSERT OR IGNORE INTO seed_ingestion_records (id,seed_run_id,entity_type,entity_id,source_id,status) VALUES ('ir_s16_market_5e869a6023a06c72','seed_run_s16_market_batch2_20260502','organization','org_s16_market_5e869a6023a06c72','seed_source_osm_market_ng_s16b_20260502','ingested');
INSERT OR IGNORE INTO seed_entity_sources (id,seed_run_id,entity_type,entity_id,source_id,confidence_tier) VALUES ('es_s16_market_5e869a6023a06c72','seed_run_s16_market_batch2_20260502','organization','org_s16_market_5e869a6023a06c72','seed_source_osm_market_ng_s16b_20260502','seeded');
INSERT OR IGNORE INTO seed_enrichment (id,seed_run_id,entity_type,entity_id,enrichment_type,enrichment_json) VALUES ('enr_s16_market_5e869a6023a06c72','seed_run_s16_market_batch2_20260502','organization','org_s16_market_5e869a6023a06c72','seed_source_osm_market_ng_s16b_20260502','{"osm_id": "604386621", "osm_type": "way", "amenity": "", "shop": "car", "addr_state": "", "addr_lga": "", "operator": "", "opening_hours": ""}');

-- 126. Hyundai
INSERT OR IGNORE INTO organizations (id,tenant_id,organization_type,legal_name,display_name,registration_number,status,verification_state,created_at,updated_at) VALUES ('org_s16_market_e563d8df9f22d461','tenant_platform_seed','market','Hyundai','Hyundai',NULL,'active','seeded',unixepoch(),unixepoch());
INSERT OR IGNORE INTO profiles (id,subject_id,subject_type,primary_place_id,tenant_id,workspace_id,display_name,created_at,updated_at) VALUES ('prof_s16_market_e563d8df9f22d461','org_s16_market_e563d8df9f22d461','organization','place_nigeria_001','tenant_platform_seed','workspace_platform_seed_discovery','Hyundai',unixepoch(),unixepoch());
INSERT OR IGNORE INTO search_entries (id,profile_id,display_name,keywords,ancestry_path,vertical,created_at,updated_at) VALUES ('se_s16_market_e563d8df9f22d461','prof_s16_market_e563d8df9f22d461','Hyundai','hyundai market market marketplace plaza mall trading centre nigeria','place_nigeria_001','commerce',unixepoch(),unixepoch());
INSERT OR IGNORE INTO seed_ingestion_records (id,seed_run_id,entity_type,entity_id,source_id,status) VALUES ('ir_s16_market_e563d8df9f22d461','seed_run_s16_market_batch2_20260502','organization','org_s16_market_e563d8df9f22d461','seed_source_osm_market_ng_s16b_20260502','ingested');
INSERT OR IGNORE INTO seed_entity_sources (id,seed_run_id,entity_type,entity_id,source_id,confidence_tier) VALUES ('es_s16_market_e563d8df9f22d461','seed_run_s16_market_batch2_20260502','organization','org_s16_market_e563d8df9f22d461','seed_source_osm_market_ng_s16b_20260502','seeded');
INSERT OR IGNORE INTO seed_enrichment (id,seed_run_id,entity_type,entity_id,enrichment_type,enrichment_json) VALUES ('enr_s16_market_e563d8df9f22d461','seed_run_s16_market_batch2_20260502','organization','org_s16_market_e563d8df9f22d461','seed_source_osm_market_ng_s16b_20260502','{"osm_id": "604386622", "osm_type": "way", "amenity": "", "shop": "car", "addr_state": "", "addr_lga": "", "operator": "", "opening_hours": ""}');

-- 127. Nissan
INSERT OR IGNORE INTO organizations (id,tenant_id,organization_type,legal_name,display_name,registration_number,status,verification_state,created_at,updated_at) VALUES ('org_s16_market_e5b8970484e789ee','tenant_platform_seed','market','Nissan','Nissan',NULL,'active','seeded',unixepoch(),unixepoch());
INSERT OR IGNORE INTO profiles (id,subject_id,subject_type,primary_place_id,tenant_id,workspace_id,display_name,created_at,updated_at) VALUES ('prof_s16_market_e5b8970484e789ee','org_s16_market_e5b8970484e789ee','organization','place_nigeria_001','tenant_platform_seed','workspace_platform_seed_discovery','Nissan',unixepoch(),unixepoch());
INSERT OR IGNORE INTO search_entries (id,profile_id,display_name,keywords,ancestry_path,vertical,created_at,updated_at) VALUES ('se_s16_market_e5b8970484e789ee','prof_s16_market_e5b8970484e789ee','Nissan','nissan market market marketplace plaza mall trading centre nigeria','place_nigeria_001','commerce',unixepoch(),unixepoch());
INSERT OR IGNORE INTO seed_ingestion_records (id,seed_run_id,entity_type,entity_id,source_id,status) VALUES ('ir_s16_market_e5b8970484e789ee','seed_run_s16_market_batch2_20260502','organization','org_s16_market_e5b8970484e789ee','seed_source_osm_market_ng_s16b_20260502','ingested');
INSERT OR IGNORE INTO seed_entity_sources (id,seed_run_id,entity_type,entity_id,source_id,confidence_tier) VALUES ('es_s16_market_e5b8970484e789ee','seed_run_s16_market_batch2_20260502','organization','org_s16_market_e5b8970484e789ee','seed_source_osm_market_ng_s16b_20260502','seeded');
INSERT OR IGNORE INTO seed_enrichment (id,seed_run_id,entity_type,entity_id,enrichment_type,enrichment_json) VALUES ('enr_s16_market_e5b8970484e789ee','seed_run_s16_market_batch2_20260502','organization','org_s16_market_e5b8970484e789ee','seed_source_osm_market_ng_s16b_20260502','{"osm_id": "604386623", "osm_type": "way", "amenity": "", "shop": "car", "addr_state": "", "addr_lga": "", "operator": "", "opening_hours": ""}');

-- 128. Provision Shops and eating homes
INSERT OR IGNORE INTO organizations (id,tenant_id,organization_type,legal_name,display_name,registration_number,status,verification_state,created_at,updated_at) VALUES ('org_s16_market_0b3b74cd063386d5','tenant_platform_seed','market','Provision Shops and eating homes','Provision Shops and eating homes',NULL,'active','seeded',unixepoch(),unixepoch());
INSERT OR IGNORE INTO profiles (id,subject_id,subject_type,primary_place_id,tenant_id,workspace_id,display_name,created_at,updated_at) VALUES ('prof_s16_market_0b3b74cd063386d5','org_s16_market_0b3b74cd063386d5','organization','place_nigeria_001','tenant_platform_seed','workspace_platform_seed_discovery','Provision Shops and eating homes',unixepoch(),unixepoch());
INSERT OR IGNORE INTO search_entries (id,profile_id,display_name,keywords,ancestry_path,vertical,created_at,updated_at) VALUES ('se_s16_market_0b3b74cd063386d5','prof_s16_market_0b3b74cd063386d5','Provision Shops and eating homes','provision shops and eating homes market market marketplace plaza mall trading centre nigeria','place_nigeria_001','commerce',unixepoch(),unixepoch());
INSERT OR IGNORE INTO seed_ingestion_records (id,seed_run_id,entity_type,entity_id,source_id,status) VALUES ('ir_s16_market_0b3b74cd063386d5','seed_run_s16_market_batch2_20260502','organization','org_s16_market_0b3b74cd063386d5','seed_source_osm_market_ng_s16b_20260502','ingested');
INSERT OR IGNORE INTO seed_entity_sources (id,seed_run_id,entity_type,entity_id,source_id,confidence_tier) VALUES ('es_s16_market_0b3b74cd063386d5','seed_run_s16_market_batch2_20260502','organization','org_s16_market_0b3b74cd063386d5','seed_source_osm_market_ng_s16b_20260502','seeded');
INSERT OR IGNORE INTO seed_enrichment (id,seed_run_id,entity_type,entity_id,enrichment_type,enrichment_json) VALUES ('enr_s16_market_0b3b74cd063386d5','seed_run_s16_market_batch2_20260502','organization','org_s16_market_0b3b74cd063386d5','seed_source_osm_market_ng_s16b_20260502','{"osm_id": "621395999", "osm_type": "way", "amenity": "", "shop": "", "addr_state": "", "addr_lga": "", "operator": "", "opening_hours": ""}');

-- 129. Pep
INSERT OR IGNORE INTO organizations (id,tenant_id,organization_type,legal_name,display_name,registration_number,status,verification_state,created_at,updated_at) VALUES ('org_s16_market_0b77309cb1d1c3b2','tenant_platform_seed','department_store','Pep','Pep',NULL,'active','seeded',unixepoch(),unixepoch());
INSERT OR IGNORE INTO profiles (id,subject_id,subject_type,primary_place_id,tenant_id,workspace_id,display_name,created_at,updated_at) VALUES ('prof_s16_market_0b77309cb1d1c3b2','org_s16_market_0b77309cb1d1c3b2','organization','place_nigeria_001','tenant_platform_seed','workspace_platform_seed_discovery','Pep',unixepoch(),unixepoch());
INSERT OR IGNORE INTO search_entries (id,profile_id,display_name,keywords,ancestry_path,vertical,created_at,updated_at) VALUES ('se_s16_market_0b77309cb1d1c3b2','prof_s16_market_0b77309cb1d1c3b2','Pep','pep department_store lagos ikeja market marketplace plaza mall trading centre nigeria','place_nigeria_001','commerce',unixepoch(),unixepoch());
INSERT OR IGNORE INTO seed_ingestion_records (id,seed_run_id,entity_type,entity_id,source_id,status) VALUES ('ir_s16_market_0b77309cb1d1c3b2','seed_run_s16_market_batch2_20260502','organization','org_s16_market_0b77309cb1d1c3b2','seed_source_osm_market_ng_s16b_20260502','ingested');
INSERT OR IGNORE INTO seed_entity_sources (id,seed_run_id,entity_type,entity_id,source_id,confidence_tier) VALUES ('es_s16_market_0b77309cb1d1c3b2','seed_run_s16_market_batch2_20260502','organization','org_s16_market_0b77309cb1d1c3b2','seed_source_osm_market_ng_s16b_20260502','seeded');
INSERT OR IGNORE INTO seed_enrichment (id,seed_run_id,entity_type,entity_id,enrichment_type,enrichment_json) VALUES ('enr_s16_market_0b77309cb1d1c3b2','seed_run_s16_market_batch2_20260502','organization','org_s16_market_0b77309cb1d1c3b2','seed_source_osm_market_ng_s16b_20260502','{"osm_id": "625093258", "osm_type": "way", "amenity": "", "shop": "department_store", "addr_state": "Lagos", "addr_lga": "Ikeja", "operator": "", "opening_hours": ""}');

-- 130. Owerri City Mall
INSERT OR IGNORE INTO organizations (id,tenant_id,organization_type,legal_name,display_name,registration_number,status,verification_state,created_at,updated_at) VALUES ('org_s16_market_c4af7ebb72906243','tenant_platform_seed','shopping_mall','Owerri City Mall','Owerri City Mall',NULL,'active','seeded',unixepoch(),unixepoch());
INSERT OR IGNORE INTO profiles (id,subject_id,subject_type,primary_place_id,tenant_id,workspace_id,display_name,created_at,updated_at) VALUES ('prof_s16_market_c4af7ebb72906243','org_s16_market_c4af7ebb72906243','organization','place_nigeria_001','tenant_platform_seed','workspace_platform_seed_discovery','Owerri City Mall',unixepoch(),unixepoch());
INSERT OR IGNORE INTO search_entries (id,profile_id,display_name,keywords,ancestry_path,vertical,created_at,updated_at) VALUES ('se_s16_market_c4af7ebb72906243','prof_s16_market_c4af7ebb72906243','Owerri City Mall','owerri city mall shopping_mall market marketplace plaza mall trading centre nigeria','place_nigeria_001','commerce',unixepoch(),unixepoch());
INSERT OR IGNORE INTO seed_ingestion_records (id,seed_run_id,entity_type,entity_id,source_id,status) VALUES ('ir_s16_market_c4af7ebb72906243','seed_run_s16_market_batch2_20260502','organization','org_s16_market_c4af7ebb72906243','seed_source_osm_market_ng_s16b_20260502','ingested');
INSERT OR IGNORE INTO seed_entity_sources (id,seed_run_id,entity_type,entity_id,source_id,confidence_tier) VALUES ('es_s16_market_c4af7ebb72906243','seed_run_s16_market_batch2_20260502','organization','org_s16_market_c4af7ebb72906243','seed_source_osm_market_ng_s16b_20260502','seeded');
INSERT OR IGNORE INTO seed_enrichment (id,seed_run_id,entity_type,entity_id,enrichment_type,enrichment_json) VALUES ('enr_s16_market_c4af7ebb72906243','seed_run_s16_market_batch2_20260502','organization','org_s16_market_c4af7ebb72906243','seed_source_osm_market_ng_s16b_20260502','{"osm_id": "625792635", "osm_type": "way", "amenity": "", "shop": "mall", "addr_state": "", "addr_lga": "", "operator": "", "opening_hours": ""}');

-- 131. Emporium Plaza
INSERT OR IGNORE INTO organizations (id,tenant_id,organization_type,legal_name,display_name,registration_number,status,verification_state,created_at,updated_at) VALUES ('org_s16_market_1def87d04aaaa099','tenant_platform_seed','shopping_mall','Emporium Plaza','Emporium Plaza',NULL,'active','seeded',unixepoch(),unixepoch());
INSERT OR IGNORE INTO profiles (id,subject_id,subject_type,primary_place_id,tenant_id,workspace_id,display_name,created_at,updated_at) VALUES ('prof_s16_market_1def87d04aaaa099','org_s16_market_1def87d04aaaa099','organization','place_nigeria_001','tenant_platform_seed','workspace_platform_seed_discovery','Emporium Plaza',unixepoch(),unixepoch());
INSERT OR IGNORE INTO search_entries (id,profile_id,display_name,keywords,ancestry_path,vertical,created_at,updated_at) VALUES ('se_s16_market_1def87d04aaaa099','prof_s16_market_1def87d04aaaa099','Emporium Plaza','emporium plaza shopping_mall lagos ikeja market marketplace plaza mall trading centre nigeria','place_nigeria_001','commerce',unixepoch(),unixepoch());
INSERT OR IGNORE INTO seed_ingestion_records (id,seed_run_id,entity_type,entity_id,source_id,status) VALUES ('ir_s16_market_1def87d04aaaa099','seed_run_s16_market_batch2_20260502','organization','org_s16_market_1def87d04aaaa099','seed_source_osm_market_ng_s16b_20260502','ingested');
INSERT OR IGNORE INTO seed_entity_sources (id,seed_run_id,entity_type,entity_id,source_id,confidence_tier) VALUES ('es_s16_market_1def87d04aaaa099','seed_run_s16_market_batch2_20260502','organization','org_s16_market_1def87d04aaaa099','seed_source_osm_market_ng_s16b_20260502','seeded');
INSERT OR IGNORE INTO seed_enrichment (id,seed_run_id,entity_type,entity_id,enrichment_type,enrichment_json) VALUES ('enr_s16_market_1def87d04aaaa099','seed_run_s16_market_batch2_20260502','organization','org_s16_market_1def87d04aaaa099','seed_source_osm_market_ng_s16b_20260502','{"osm_id": "626246877", "osm_type": "way", "amenity": "", "shop": "mall", "addr_state": "Lagos", "addr_lga": "Ikeja", "operator": "", "opening_hours": ""}');

-- 132. All-In
INSERT OR IGNORE INTO organizations (id,tenant_id,organization_type,legal_name,display_name,registration_number,status,verification_state,created_at,updated_at) VALUES ('org_s16_market_ebc908d2a74fdbe7','tenant_platform_seed','department_store','All-In','All-In',NULL,'active','seeded',unixepoch(),unixepoch());
INSERT OR IGNORE INTO profiles (id,subject_id,subject_type,primary_place_id,tenant_id,workspace_id,display_name,created_at,updated_at) VALUES ('prof_s16_market_ebc908d2a74fdbe7','org_s16_market_ebc908d2a74fdbe7','organization','place_nigeria_001','tenant_platform_seed','workspace_platform_seed_discovery','All-In',unixepoch(),unixepoch());
INSERT OR IGNORE INTO search_entries (id,profile_id,display_name,keywords,ancestry_path,vertical,created_at,updated_at) VALUES ('se_s16_market_ebc908d2a74fdbe7','prof_s16_market_ebc908d2a74fdbe7','All-In','all-in department_store market marketplace plaza mall trading centre nigeria','place_nigeria_001','commerce',unixepoch(),unixepoch());
INSERT OR IGNORE INTO seed_ingestion_records (id,seed_run_id,entity_type,entity_id,source_id,status) VALUES ('ir_s16_market_ebc908d2a74fdbe7','seed_run_s16_market_batch2_20260502','organization','org_s16_market_ebc908d2a74fdbe7','seed_source_osm_market_ng_s16b_20260502','ingested');
INSERT OR IGNORE INTO seed_entity_sources (id,seed_run_id,entity_type,entity_id,source_id,confidence_tier) VALUES ('es_s16_market_ebc908d2a74fdbe7','seed_run_s16_market_batch2_20260502','organization','org_s16_market_ebc908d2a74fdbe7','seed_source_osm_market_ng_s16b_20260502','seeded');
INSERT OR IGNORE INTO seed_enrichment (id,seed_run_id,entity_type,entity_id,enrichment_type,enrichment_json) VALUES ('enr_s16_market_ebc908d2a74fdbe7','seed_run_s16_market_batch2_20260502','organization','org_s16_market_ebc908d2a74fdbe7','seed_source_osm_market_ng_s16b_20260502','{"osm_id": "626684269", "osm_type": "way", "amenity": "", "shop": "department_store", "addr_state": "", "addr_lga": "", "operator": "", "opening_hours": ""}');

-- 133. Shop D World Plaza
INSERT OR IGNORE INTO organizations (id,tenant_id,organization_type,legal_name,display_name,registration_number,status,verification_state,created_at,updated_at) VALUES ('org_s16_market_b329fa1b87aafc0e','tenant_platform_seed','shopping_mall','Shop D World Plaza','Shop D World Plaza',NULL,'active','seeded',unixepoch(),unixepoch());
INSERT OR IGNORE INTO profiles (id,subject_id,subject_type,primary_place_id,tenant_id,workspace_id,display_name,created_at,updated_at) VALUES ('prof_s16_market_b329fa1b87aafc0e','org_s16_market_b329fa1b87aafc0e','organization','place_nigeria_001','tenant_platform_seed','workspace_platform_seed_discovery','Shop D World Plaza',unixepoch(),unixepoch());
INSERT OR IGNORE INTO search_entries (id,profile_id,display_name,keywords,ancestry_path,vertical,created_at,updated_at) VALUES ('se_s16_market_b329fa1b87aafc0e','prof_s16_market_b329fa1b87aafc0e','Shop D World Plaza','shop d world plaza shopping_mall market marketplace plaza mall trading centre nigeria','place_nigeria_001','commerce',unixepoch(),unixepoch());
INSERT OR IGNORE INTO seed_ingestion_records (id,seed_run_id,entity_type,entity_id,source_id,status) VALUES ('ir_s16_market_b329fa1b87aafc0e','seed_run_s16_market_batch2_20260502','organization','org_s16_market_b329fa1b87aafc0e','seed_source_osm_market_ng_s16b_20260502','ingested');
INSERT OR IGNORE INTO seed_entity_sources (id,seed_run_id,entity_type,entity_id,source_id,confidence_tier) VALUES ('es_s16_market_b329fa1b87aafc0e','seed_run_s16_market_batch2_20260502','organization','org_s16_market_b329fa1b87aafc0e','seed_source_osm_market_ng_s16b_20260502','seeded');
INSERT OR IGNORE INTO seed_enrichment (id,seed_run_id,entity_type,entity_id,enrichment_type,enrichment_json) VALUES ('enr_s16_market_b329fa1b87aafc0e','seed_run_s16_market_batch2_20260502','organization','org_s16_market_b329fa1b87aafc0e','seed_source_osm_market_ng_s16b_20260502','{"osm_id": "626685823", "osm_type": "way", "amenity": "", "shop": "mall", "addr_state": "", "addr_lga": "", "operator": "", "opening_hours": ""}');

-- 134. Mbukobe
INSERT OR IGNORE INTO organizations (id,tenant_id,organization_type,legal_name,display_name,registration_number,status,verification_state,created_at,updated_at) VALUES ('org_s16_market_c6ded8c05109cb33','tenant_platform_seed','market','Mbukobe','Mbukobe',NULL,'active','seeded',unixepoch(),unixepoch());
INSERT OR IGNORE INTO profiles (id,subject_id,subject_type,primary_place_id,tenant_id,workspace_id,display_name,created_at,updated_at) VALUES ('prof_s16_market_c6ded8c05109cb33','org_s16_market_c6ded8c05109cb33','organization','place_nigeria_001','tenant_platform_seed','workspace_platform_seed_discovery','Mbukobe',unixepoch(),unixepoch());
INSERT OR IGNORE INTO search_entries (id,profile_id,display_name,keywords,ancestry_path,vertical,created_at,updated_at) VALUES ('se_s16_market_c6ded8c05109cb33','prof_s16_market_c6ded8c05109cb33','Mbukobe','mbukobe market market marketplace plaza mall trading centre nigeria','place_nigeria_001','commerce',unixepoch(),unixepoch());
INSERT OR IGNORE INTO seed_ingestion_records (id,seed_run_id,entity_type,entity_id,source_id,status) VALUES ('ir_s16_market_c6ded8c05109cb33','seed_run_s16_market_batch2_20260502','organization','org_s16_market_c6ded8c05109cb33','seed_source_osm_market_ng_s16b_20260502','ingested');
INSERT OR IGNORE INTO seed_entity_sources (id,seed_run_id,entity_type,entity_id,source_id,confidence_tier) VALUES ('es_s16_market_c6ded8c05109cb33','seed_run_s16_market_batch2_20260502','organization','org_s16_market_c6ded8c05109cb33','seed_source_osm_market_ng_s16b_20260502','seeded');
INSERT OR IGNORE INTO seed_enrichment (id,seed_run_id,entity_type,entity_id,enrichment_type,enrichment_json) VALUES ('enr_s16_market_c6ded8c05109cb33','seed_run_s16_market_batch2_20260502','organization','org_s16_market_c6ded8c05109cb33','seed_source_osm_market_ng_s16b_20260502','{"osm_id": "629331956", "osm_type": "way", "amenity": "marketplace", "shop": "", "addr_state": "", "addr_lga": "", "operator": "Ndiofutu", "opening_hours": ""}');

-- 135. Eleganza Mall
INSERT OR IGNORE INTO organizations (id,tenant_id,organization_type,legal_name,display_name,registration_number,status,verification_state,created_at,updated_at) VALUES ('org_s16_market_78724c5e2d26afb3','tenant_platform_seed','market','Eleganza Mall','Eleganza Mall',NULL,'active','seeded',unixepoch(),unixepoch());
INSERT OR IGNORE INTO profiles (id,subject_id,subject_type,primary_place_id,tenant_id,workspace_id,display_name,created_at,updated_at) VALUES ('prof_s16_market_78724c5e2d26afb3','org_s16_market_78724c5e2d26afb3','organization','place_nigeria_001','tenant_platform_seed','workspace_platform_seed_discovery','Eleganza Mall',unixepoch(),unixepoch());
INSERT OR IGNORE INTO search_entries (id,profile_id,display_name,keywords,ancestry_path,vertical,created_at,updated_at) VALUES ('se_s16_market_78724c5e2d26afb3','prof_s16_market_78724c5e2d26afb3','Eleganza Mall','eleganza mall market market marketplace plaza mall trading centre nigeria','place_nigeria_001','commerce',unixepoch(),unixepoch());
INSERT OR IGNORE INTO seed_ingestion_records (id,seed_run_id,entity_type,entity_id,source_id,status) VALUES ('ir_s16_market_78724c5e2d26afb3','seed_run_s16_market_batch2_20260502','organization','org_s16_market_78724c5e2d26afb3','seed_source_osm_market_ng_s16b_20260502','ingested');
INSERT OR IGNORE INTO seed_entity_sources (id,seed_run_id,entity_type,entity_id,source_id,confidence_tier) VALUES ('es_s16_market_78724c5e2d26afb3','seed_run_s16_market_batch2_20260502','organization','org_s16_market_78724c5e2d26afb3','seed_source_osm_market_ng_s16b_20260502','seeded');
INSERT OR IGNORE INTO seed_enrichment (id,seed_run_id,entity_type,entity_id,enrichment_type,enrichment_json) VALUES ('enr_s16_market_78724c5e2d26afb3','seed_run_s16_market_batch2_20260502','organization','org_s16_market_78724c5e2d26afb3','seed_source_osm_market_ng_s16b_20260502','{"osm_id": "629564846", "osm_type": "way", "amenity": "", "shop": "", "addr_state": "", "addr_lga": "", "operator": "", "opening_hours": ""}');

-- 136. Ikota Shopping Complex
INSERT OR IGNORE INTO organizations (id,tenant_id,organization_type,legal_name,display_name,registration_number,status,verification_state,created_at,updated_at) VALUES ('org_s16_market_bc252645af15bbe9','tenant_platform_seed','market','Ikota Shopping Complex','Ikota Shopping Complex',NULL,'active','seeded',unixepoch(),unixepoch());
INSERT OR IGNORE INTO profiles (id,subject_id,subject_type,primary_place_id,tenant_id,workspace_id,display_name,created_at,updated_at) VALUES ('prof_s16_market_bc252645af15bbe9','org_s16_market_bc252645af15bbe9','organization','place_nigeria_001','tenant_platform_seed','workspace_platform_seed_discovery','Ikota Shopping Complex',unixepoch(),unixepoch());
INSERT OR IGNORE INTO search_entries (id,profile_id,display_name,keywords,ancestry_path,vertical,created_at,updated_at) VALUES ('se_s16_market_bc252645af15bbe9','prof_s16_market_bc252645af15bbe9','Ikota Shopping Complex','ikota shopping complex market market marketplace plaza mall trading centre nigeria','place_nigeria_001','commerce',unixepoch(),unixepoch());
INSERT OR IGNORE INTO seed_ingestion_records (id,seed_run_id,entity_type,entity_id,source_id,status) VALUES ('ir_s16_market_bc252645af15bbe9','seed_run_s16_market_batch2_20260502','organization','org_s16_market_bc252645af15bbe9','seed_source_osm_market_ng_s16b_20260502','ingested');
INSERT OR IGNORE INTO seed_entity_sources (id,seed_run_id,entity_type,entity_id,source_id,confidence_tier) VALUES ('es_s16_market_bc252645af15bbe9','seed_run_s16_market_batch2_20260502','organization','org_s16_market_bc252645af15bbe9','seed_source_osm_market_ng_s16b_20260502','seeded');
INSERT OR IGNORE INTO seed_enrichment (id,seed_run_id,entity_type,entity_id,enrichment_type,enrichment_json) VALUES ('enr_s16_market_bc252645af15bbe9','seed_run_s16_market_batch2_20260502','organization','org_s16_market_bc252645af15bbe9','seed_source_osm_market_ng_s16b_20260502','{"osm_id": "629564859", "osm_type": "way", "amenity": "", "shop": "", "addr_state": "", "addr_lga": "", "operator": "", "opening_hours": ""}');

-- 137. Murphis Plaza
INSERT OR IGNORE INTO organizations (id,tenant_id,organization_type,legal_name,display_name,registration_number,status,verification_state,created_at,updated_at) VALUES ('org_s16_market_9f990bb4ca16b827','tenant_platform_seed','market','Murphis Plaza','Murphis Plaza',NULL,'active','seeded',unixepoch(),unixepoch());
INSERT OR IGNORE INTO profiles (id,subject_id,subject_type,primary_place_id,tenant_id,workspace_id,display_name,created_at,updated_at) VALUES ('prof_s16_market_9f990bb4ca16b827','org_s16_market_9f990bb4ca16b827','organization','place_nigeria_001','tenant_platform_seed','workspace_platform_seed_discovery','Murphis Plaza',unixepoch(),unixepoch());
INSERT OR IGNORE INTO search_entries (id,profile_id,display_name,keywords,ancestry_path,vertical,created_at,updated_at) VALUES ('se_s16_market_9f990bb4ca16b827','prof_s16_market_9f990bb4ca16b827','Murphis Plaza','murphis plaza market lagos market marketplace plaza mall trading centre nigeria','place_nigeria_001','commerce',unixepoch(),unixepoch());
INSERT OR IGNORE INTO seed_ingestion_records (id,seed_run_id,entity_type,entity_id,source_id,status) VALUES ('ir_s16_market_9f990bb4ca16b827','seed_run_s16_market_batch2_20260502','organization','org_s16_market_9f990bb4ca16b827','seed_source_osm_market_ng_s16b_20260502','ingested');
INSERT OR IGNORE INTO seed_entity_sources (id,seed_run_id,entity_type,entity_id,source_id,confidence_tier) VALUES ('es_s16_market_9f990bb4ca16b827','seed_run_s16_market_batch2_20260502','organization','org_s16_market_9f990bb4ca16b827','seed_source_osm_market_ng_s16b_20260502','seeded');
INSERT OR IGNORE INTO seed_enrichment (id,seed_run_id,entity_type,entity_id,enrichment_type,enrichment_json) VALUES ('enr_s16_market_9f990bb4ca16b827','seed_run_s16_market_batch2_20260502','organization','org_s16_market_9f990bb4ca16b827','seed_source_osm_market_ng_s16b_20260502','{"osm_id": "629564930", "osm_type": "way", "amenity": "", "shop": "", "addr_state": "", "addr_lga": "Lagos", "operator": "", "opening_hours": ""}');

-- 138. Chucks Shopping Mall
INSERT OR IGNORE INTO organizations (id,tenant_id,organization_type,legal_name,display_name,registration_number,status,verification_state,created_at,updated_at) VALUES ('org_s16_market_c54c8eaf264670ed','tenant_platform_seed','market','Chucks Shopping Mall','Chucks Shopping Mall',NULL,'active','seeded',unixepoch(),unixepoch());
INSERT OR IGNORE INTO profiles (id,subject_id,subject_type,primary_place_id,tenant_id,workspace_id,display_name,created_at,updated_at) VALUES ('prof_s16_market_c54c8eaf264670ed','org_s16_market_c54c8eaf264670ed','organization','place_nigeria_001','tenant_platform_seed','workspace_platform_seed_discovery','Chucks Shopping Mall',unixepoch(),unixepoch());
INSERT OR IGNORE INTO search_entries (id,profile_id,display_name,keywords,ancestry_path,vertical,created_at,updated_at) VALUES ('se_s16_market_c54c8eaf264670ed','prof_s16_market_c54c8eaf264670ed','Chucks Shopping Mall','chucks shopping mall market lokoja market marketplace plaza mall trading centre nigeria','place_nigeria_001','commerce',unixepoch(),unixepoch());
INSERT OR IGNORE INTO seed_ingestion_records (id,seed_run_id,entity_type,entity_id,source_id,status) VALUES ('ir_s16_market_c54c8eaf264670ed','seed_run_s16_market_batch2_20260502','organization','org_s16_market_c54c8eaf264670ed','seed_source_osm_market_ng_s16b_20260502','ingested');
INSERT OR IGNORE INTO seed_entity_sources (id,seed_run_id,entity_type,entity_id,source_id,confidence_tier) VALUES ('es_s16_market_c54c8eaf264670ed','seed_run_s16_market_batch2_20260502','organization','org_s16_market_c54c8eaf264670ed','seed_source_osm_market_ng_s16b_20260502','seeded');
INSERT OR IGNORE INTO seed_enrichment (id,seed_run_id,entity_type,entity_id,enrichment_type,enrichment_json) VALUES ('enr_s16_market_c54c8eaf264670ed','seed_run_s16_market_batch2_20260502','organization','org_s16_market_c54c8eaf264670ed','seed_source_osm_market_ng_s16b_20260502','{"osm_id": "632763108", "osm_type": "way", "amenity": "pharmacy", "shop": "supermarket", "addr_state": "", "addr_lga": "Lokoja", "operator": "", "opening_hours": ""}');

-- 139. Jabi Lake Mall
INSERT OR IGNORE INTO organizations (id,tenant_id,organization_type,legal_name,display_name,registration_number,status,verification_state,created_at,updated_at) VALUES ('org_s16_market_49f7c934da8763bf','tenant_platform_seed','market','Jabi Lake Mall','Jabi Lake Mall',NULL,'active','seeded',unixepoch(),unixepoch());
INSERT OR IGNORE INTO profiles (id,subject_id,subject_type,primary_place_id,tenant_id,workspace_id,display_name,created_at,updated_at) VALUES ('prof_s16_market_49f7c934da8763bf','org_s16_market_49f7c934da8763bf','organization','place_nigeria_001','tenant_platform_seed','workspace_platform_seed_discovery','Jabi Lake Mall',unixepoch(),unixepoch());
INSERT OR IGNORE INTO search_entries (id,profile_id,display_name,keywords,ancestry_path,vertical,created_at,updated_at) VALUES ('se_s16_market_49f7c934da8763bf','prof_s16_market_49f7c934da8763bf','Jabi Lake Mall','jabi lake mall market market marketplace plaza mall trading centre nigeria','place_nigeria_001','commerce',unixepoch(),unixepoch());
INSERT OR IGNORE INTO seed_ingestion_records (id,seed_run_id,entity_type,entity_id,source_id,status) VALUES ('ir_s16_market_49f7c934da8763bf','seed_run_s16_market_batch2_20260502','organization','org_s16_market_49f7c934da8763bf','seed_source_osm_market_ng_s16b_20260502','ingested');
INSERT OR IGNORE INTO seed_entity_sources (id,seed_run_id,entity_type,entity_id,source_id,confidence_tier) VALUES ('es_s16_market_49f7c934da8763bf','seed_run_s16_market_batch2_20260502','organization','org_s16_market_49f7c934da8763bf','seed_source_osm_market_ng_s16b_20260502','seeded');
INSERT OR IGNORE INTO seed_enrichment (id,seed_run_id,entity_type,entity_id,enrichment_type,enrichment_json) VALUES ('enr_s16_market_49f7c934da8763bf','seed_run_s16_market_batch2_20260502','organization','org_s16_market_49f7c934da8763bf','seed_source_osm_market_ng_s16b_20260502','{"osm_id": "640533363", "osm_type": "way", "amenity": "", "shop": "", "addr_state": "", "addr_lga": "", "operator": "", "opening_hours": ""}');

-- 140. Lagoon Shopping Centre
INSERT OR IGNORE INTO organizations (id,tenant_id,organization_type,legal_name,display_name,registration_number,status,verification_state,created_at,updated_at) VALUES ('org_s16_market_e4992dcc120ef922','tenant_platform_seed','market','Lagoon Shopping Centre','Lagoon Shopping Centre',NULL,'active','seeded',unixepoch(),unixepoch());
INSERT OR IGNORE INTO profiles (id,subject_id,subject_type,primary_place_id,tenant_id,workspace_id,display_name,created_at,updated_at) VALUES ('prof_s16_market_e4992dcc120ef922','org_s16_market_e4992dcc120ef922','organization','place_nigeria_001','tenant_platform_seed','workspace_platform_seed_discovery','Lagoon Shopping Centre',unixepoch(),unixepoch());
INSERT OR IGNORE INTO search_entries (id,profile_id,display_name,keywords,ancestry_path,vertical,created_at,updated_at) VALUES ('se_s16_market_e4992dcc120ef922','prof_s16_market_e4992dcc120ef922','Lagoon Shopping Centre','lagoon shopping centre market market marketplace plaza mall trading centre nigeria','place_nigeria_001','commerce',unixepoch(),unixepoch());
INSERT OR IGNORE INTO seed_ingestion_records (id,seed_run_id,entity_type,entity_id,source_id,status) VALUES ('ir_s16_market_e4992dcc120ef922','seed_run_s16_market_batch2_20260502','organization','org_s16_market_e4992dcc120ef922','seed_source_osm_market_ng_s16b_20260502','ingested');
INSERT OR IGNORE INTO seed_entity_sources (id,seed_run_id,entity_type,entity_id,source_id,confidence_tier) VALUES ('es_s16_market_e4992dcc120ef922','seed_run_s16_market_batch2_20260502','organization','org_s16_market_e4992dcc120ef922','seed_source_osm_market_ng_s16b_20260502','seeded');
INSERT OR IGNORE INTO seed_enrichment (id,seed_run_id,entity_type,entity_id,enrichment_type,enrichment_json) VALUES ('enr_s16_market_e4992dcc120ef922','seed_run_s16_market_batch2_20260502','organization','org_s16_market_e4992dcc120ef922','seed_source_osm_market_ng_s16b_20260502','{"osm_id": "641988265", "osm_type": "way", "amenity": "", "shop": "", "addr_state": "", "addr_lga": "", "operator": "", "opening_hours": ""}');

-- 141. Lush Mall
INSERT OR IGNORE INTO organizations (id,tenant_id,organization_type,legal_name,display_name,registration_number,status,verification_state,created_at,updated_at) VALUES ('org_s16_market_55ac4e7dca85ff72','tenant_platform_seed','market','Lush Mall','Lush Mall',NULL,'active','seeded',unixepoch(),unixepoch());
INSERT OR IGNORE INTO profiles (id,subject_id,subject_type,primary_place_id,tenant_id,workspace_id,display_name,created_at,updated_at) VALUES ('prof_s16_market_55ac4e7dca85ff72','org_s16_market_55ac4e7dca85ff72','organization','place_nigeria_001','tenant_platform_seed','workspace_platform_seed_discovery','Lush Mall',unixepoch(),unixepoch());
INSERT OR IGNORE INTO search_entries (id,profile_id,display_name,keywords,ancestry_path,vertical,created_at,updated_at) VALUES ('se_s16_market_55ac4e7dca85ff72','prof_s16_market_55ac4e7dca85ff72','Lush Mall','lush mall market market marketplace plaza mall trading centre nigeria','place_nigeria_001','commerce',unixepoch(),unixepoch());
INSERT OR IGNORE INTO seed_ingestion_records (id,seed_run_id,entity_type,entity_id,source_id,status) VALUES ('ir_s16_market_55ac4e7dca85ff72','seed_run_s16_market_batch2_20260502','organization','org_s16_market_55ac4e7dca85ff72','seed_source_osm_market_ng_s16b_20260502','ingested');
INSERT OR IGNORE INTO seed_entity_sources (id,seed_run_id,entity_type,entity_id,source_id,confidence_tier) VALUES ('es_s16_market_55ac4e7dca85ff72','seed_run_s16_market_batch2_20260502','organization','org_s16_market_55ac4e7dca85ff72','seed_source_osm_market_ng_s16b_20260502','seeded');
INSERT OR IGNORE INTO seed_enrichment (id,seed_run_id,entity_type,entity_id,enrichment_type,enrichment_json) VALUES ('enr_s16_market_55ac4e7dca85ff72','seed_run_s16_market_batch2_20260502','organization','org_s16_market_55ac4e7dca85ff72','seed_source_osm_market_ng_s16b_20260502','{"osm_id": "643481421", "osm_type": "way", "amenity": "", "shop": "", "addr_state": "", "addr_lga": "", "operator": "", "opening_hours": ""}');

-- 142. Lekki Market
INSERT OR IGNORE INTO organizations (id,tenant_id,organization_type,legal_name,display_name,registration_number,status,verification_state,created_at,updated_at) VALUES ('org_s16_market_19d23e4a17a769e2','tenant_platform_seed','market','Lekki Market','Lekki Market',NULL,'active','seeded',unixepoch(),unixepoch());
INSERT OR IGNORE INTO profiles (id,subject_id,subject_type,primary_place_id,tenant_id,workspace_id,display_name,created_at,updated_at) VALUES ('prof_s16_market_19d23e4a17a769e2','org_s16_market_19d23e4a17a769e2','organization','place_nigeria_001','tenant_platform_seed','workspace_platform_seed_discovery','Lekki Market',unixepoch(),unixepoch());
INSERT OR IGNORE INTO search_entries (id,profile_id,display_name,keywords,ancestry_path,vertical,created_at,updated_at) VALUES ('se_s16_market_19d23e4a17a769e2','prof_s16_market_19d23e4a17a769e2','Lekki Market','lekki market market market marketplace plaza mall trading centre nigeria','place_nigeria_001','commerce',unixepoch(),unixepoch());
INSERT OR IGNORE INTO seed_ingestion_records (id,seed_run_id,entity_type,entity_id,source_id,status) VALUES ('ir_s16_market_19d23e4a17a769e2','seed_run_s16_market_batch2_20260502','organization','org_s16_market_19d23e4a17a769e2','seed_source_osm_market_ng_s16b_20260502','ingested');
INSERT OR IGNORE INTO seed_entity_sources (id,seed_run_id,entity_type,entity_id,source_id,confidence_tier) VALUES ('es_s16_market_19d23e4a17a769e2','seed_run_s16_market_batch2_20260502','organization','org_s16_market_19d23e4a17a769e2','seed_source_osm_market_ng_s16b_20260502','seeded');
INSERT OR IGNORE INTO seed_enrichment (id,seed_run_id,entity_type,entity_id,enrichment_type,enrichment_json) VALUES ('enr_s16_market_19d23e4a17a769e2','seed_run_s16_market_batch2_20260502','organization','org_s16_market_19d23e4a17a769e2','seed_source_osm_market_ng_s16b_20260502','{"osm_id": "643481452", "osm_type": "way", "amenity": "", "shop": "", "addr_state": "", "addr_lga": "", "operator": "", "opening_hours": ""}');

-- 143. Ariaria International Market
INSERT OR IGNORE INTO organizations (id,tenant_id,organization_type,legal_name,display_name,registration_number,status,verification_state,created_at,updated_at) VALUES ('org_s16_market_772fbe8f41712164','tenant_platform_seed','market','Ariaria International Market','Ariaria International Market',NULL,'active','seeded',unixepoch(),unixepoch());
INSERT OR IGNORE INTO profiles (id,subject_id,subject_type,primary_place_id,tenant_id,workspace_id,display_name,created_at,updated_at) VALUES ('prof_s16_market_772fbe8f41712164','org_s16_market_772fbe8f41712164','organization','place_nigeria_001','tenant_platform_seed','workspace_platform_seed_discovery','Ariaria International Market',unixepoch(),unixepoch());
INSERT OR IGNORE INTO search_entries (id,profile_id,display_name,keywords,ancestry_path,vertical,created_at,updated_at) VALUES ('se_s16_market_772fbe8f41712164','prof_s16_market_772fbe8f41712164','Ariaria International Market','ariaria international market market market marketplace plaza mall trading centre nigeria','place_nigeria_001','commerce',unixepoch(),unixepoch());
INSERT OR IGNORE INTO seed_ingestion_records (id,seed_run_id,entity_type,entity_id,source_id,status) VALUES ('ir_s16_market_772fbe8f41712164','seed_run_s16_market_batch2_20260502','organization','org_s16_market_772fbe8f41712164','seed_source_osm_market_ng_s16b_20260502','ingested');
INSERT OR IGNORE INTO seed_entity_sources (id,seed_run_id,entity_type,entity_id,source_id,confidence_tier) VALUES ('es_s16_market_772fbe8f41712164','seed_run_s16_market_batch2_20260502','organization','org_s16_market_772fbe8f41712164','seed_source_osm_market_ng_s16b_20260502','seeded');
INSERT OR IGNORE INTO seed_enrichment (id,seed_run_id,entity_type,entity_id,enrichment_type,enrichment_json) VALUES ('enr_s16_market_772fbe8f41712164','seed_run_s16_market_batch2_20260502','organization','org_s16_market_772fbe8f41712164','seed_source_osm_market_ng_s16b_20260502','{"osm_id": "667045713", "osm_type": "way", "amenity": "marketplace", "shop": "", "addr_state": "", "addr_lga": "", "operator": "", "opening_hours": ""}');

-- 144. Shopko
INSERT OR IGNORE INTO organizations (id,tenant_id,organization_type,legal_name,display_name,registration_number,status,verification_state,created_at,updated_at) VALUES ('org_s16_market_94aedb1a91f1fe83','tenant_platform_seed','department_store','Shopko','Shopko',NULL,'active','seeded',unixepoch(),unixepoch());
INSERT OR IGNORE INTO profiles (id,subject_id,subject_type,primary_place_id,tenant_id,workspace_id,display_name,created_at,updated_at) VALUES ('prof_s16_market_94aedb1a91f1fe83','org_s16_market_94aedb1a91f1fe83','organization','place_nigeria_001','tenant_platform_seed','workspace_platform_seed_discovery','Shopko',unixepoch(),unixepoch());
INSERT OR IGNORE INTO search_entries (id,profile_id,display_name,keywords,ancestry_path,vertical,created_at,updated_at) VALUES ('se_s16_market_94aedb1a91f1fe83','prof_s16_market_94aedb1a91f1fe83','Shopko','shopko department_store rumualogu/port harcourt market marketplace plaza mall trading centre nigeria','place_nigeria_001','commerce',unixepoch(),unixepoch());
INSERT OR IGNORE INTO seed_ingestion_records (id,seed_run_id,entity_type,entity_id,source_id,status) VALUES ('ir_s16_market_94aedb1a91f1fe83','seed_run_s16_market_batch2_20260502','organization','org_s16_market_94aedb1a91f1fe83','seed_source_osm_market_ng_s16b_20260502','ingested');
INSERT OR IGNORE INTO seed_entity_sources (id,seed_run_id,entity_type,entity_id,source_id,confidence_tier) VALUES ('es_s16_market_94aedb1a91f1fe83','seed_run_s16_market_batch2_20260502','organization','org_s16_market_94aedb1a91f1fe83','seed_source_osm_market_ng_s16b_20260502','seeded');
INSERT OR IGNORE INTO seed_enrichment (id,seed_run_id,entity_type,entity_id,enrichment_type,enrichment_json) VALUES ('enr_s16_market_94aedb1a91f1fe83','seed_run_s16_market_batch2_20260502','organization','org_s16_market_94aedb1a91f1fe83','seed_source_osm_market_ng_s16b_20260502','{"osm_id": "667650705", "osm_type": "way", "amenity": "", "shop": "department_store", "addr_state": "", "addr_lga": "Rumualogu/Port Harcourt", "operator": "", "opening_hours": ""}');

-- 145. JDP Market
INSERT OR IGNORE INTO organizations (id,tenant_id,organization_type,legal_name,display_name,registration_number,status,verification_state,created_at,updated_at) VALUES ('org_s16_market_cfa0efbe2bcb2b81','tenant_platform_seed','market','JDP Market','JDP Market',NULL,'active','seeded',unixepoch(),unixepoch());
INSERT OR IGNORE INTO profiles (id,subject_id,subject_type,primary_place_id,tenant_id,workspace_id,display_name,created_at,updated_at) VALUES ('prof_s16_market_cfa0efbe2bcb2b81','org_s16_market_cfa0efbe2bcb2b81','organization','place_nigeria_001','tenant_platform_seed','workspace_platform_seed_discovery','JDP Market',unixepoch(),unixepoch());
INSERT OR IGNORE INTO search_entries (id,profile_id,display_name,keywords,ancestry_path,vertical,created_at,updated_at) VALUES ('se_s16_market_cfa0efbe2bcb2b81','prof_s16_market_cfa0efbe2bcb2b81','JDP Market','jdp market market market marketplace plaza mall trading centre nigeria','place_nigeria_001','commerce',unixepoch(),unixepoch());
INSERT OR IGNORE INTO seed_ingestion_records (id,seed_run_id,entity_type,entity_id,source_id,status) VALUES ('ir_s16_market_cfa0efbe2bcb2b81','seed_run_s16_market_batch2_20260502','organization','org_s16_market_cfa0efbe2bcb2b81','seed_source_osm_market_ng_s16b_20260502','ingested');
INSERT OR IGNORE INTO seed_entity_sources (id,seed_run_id,entity_type,entity_id,source_id,confidence_tier) VALUES ('es_s16_market_cfa0efbe2bcb2b81','seed_run_s16_market_batch2_20260502','organization','org_s16_market_cfa0efbe2bcb2b81','seed_source_osm_market_ng_s16b_20260502','seeded');
INSERT OR IGNORE INTO seed_enrichment (id,seed_run_id,entity_type,entity_id,enrichment_type,enrichment_json) VALUES ('enr_s16_market_cfa0efbe2bcb2b81','seed_run_s16_market_batch2_20260502','organization','org_s16_market_cfa0efbe2bcb2b81','seed_source_osm_market_ng_s16b_20260502','{"osm_id": "667663358", "osm_type": "way", "amenity": "marketplace", "shop": "", "addr_state": "", "addr_lga": "", "operator": "", "opening_hours": ""}');

-- 146. Warri Main Market
INSERT OR IGNORE INTO organizations (id,tenant_id,organization_type,legal_name,display_name,registration_number,status,verification_state,created_at,updated_at) VALUES ('org_s16_market_acbd1734a9f17d03','tenant_platform_seed','market','Warri Main Market','Warri Main Market',NULL,'active','seeded',unixepoch(),unixepoch());
INSERT OR IGNORE INTO profiles (id,subject_id,subject_type,primary_place_id,tenant_id,workspace_id,display_name,created_at,updated_at) VALUES ('prof_s16_market_acbd1734a9f17d03','org_s16_market_acbd1734a9f17d03','organization','place_nigeria_001','tenant_platform_seed','workspace_platform_seed_discovery','Warri Main Market',unixepoch(),unixepoch());
INSERT OR IGNORE INTO search_entries (id,profile_id,display_name,keywords,ancestry_path,vertical,created_at,updated_at) VALUES ('se_s16_market_acbd1734a9f17d03','prof_s16_market_acbd1734a9f17d03','Warri Main Market','warri main market market warri city market marketplace plaza mall trading centre nigeria','place_nigeria_001','commerce',unixepoch(),unixepoch());
INSERT OR IGNORE INTO seed_ingestion_records (id,seed_run_id,entity_type,entity_id,source_id,status) VALUES ('ir_s16_market_acbd1734a9f17d03','seed_run_s16_market_batch2_20260502','organization','org_s16_market_acbd1734a9f17d03','seed_source_osm_market_ng_s16b_20260502','ingested');
INSERT OR IGNORE INTO seed_entity_sources (id,seed_run_id,entity_type,entity_id,source_id,confidence_tier) VALUES ('es_s16_market_acbd1734a9f17d03','seed_run_s16_market_batch2_20260502','organization','org_s16_market_acbd1734a9f17d03','seed_source_osm_market_ng_s16b_20260502','seeded');
INSERT OR IGNORE INTO seed_enrichment (id,seed_run_id,entity_type,entity_id,enrichment_type,enrichment_json) VALUES ('enr_s16_market_acbd1734a9f17d03','seed_run_s16_market_batch2_20260502','organization','org_s16_market_acbd1734a9f17d03','seed_source_osm_market_ng_s16b_20260502','{"osm_id": "669346510", "osm_type": "way", "amenity": "marketplace", "shop": "", "addr_state": "", "addr_lga": "Warri City", "operator": "Warri South Local Government Area", "opening_hours": "Mo-Su 08:00-22:00"}');

-- 147. MCCIVER Market
INSERT OR IGNORE INTO organizations (id,tenant_id,organization_type,legal_name,display_name,registration_number,status,verification_state,created_at,updated_at) VALUES ('org_s16_market_5fe462a9747de88a','tenant_platform_seed','market','MCCIVER Market','MCCIVER Market',NULL,'active','seeded',unixepoch(),unixepoch());
INSERT OR IGNORE INTO profiles (id,subject_id,subject_type,primary_place_id,tenant_id,workspace_id,display_name,created_at,updated_at) VALUES ('prof_s16_market_5fe462a9747de88a','org_s16_market_5fe462a9747de88a','organization','place_nigeria_001','tenant_platform_seed','workspace_platform_seed_discovery','MCCIVER Market',unixepoch(),unixepoch());
INSERT OR IGNORE INTO search_entries (id,profile_id,display_name,keywords,ancestry_path,vertical,created_at,updated_at) VALUES ('se_s16_market_5fe462a9747de88a','prof_s16_market_5fe462a9747de88a','MCCIVER Market','mcciver market market warri city market marketplace plaza mall trading centre nigeria','place_nigeria_001','commerce',unixepoch(),unixepoch());
INSERT OR IGNORE INTO seed_ingestion_records (id,seed_run_id,entity_type,entity_id,source_id,status) VALUES ('ir_s16_market_5fe462a9747de88a','seed_run_s16_market_batch2_20260502','organization','org_s16_market_5fe462a9747de88a','seed_source_osm_market_ng_s16b_20260502','ingested');
INSERT OR IGNORE INTO seed_entity_sources (id,seed_run_id,entity_type,entity_id,source_id,confidence_tier) VALUES ('es_s16_market_5fe462a9747de88a','seed_run_s16_market_batch2_20260502','organization','org_s16_market_5fe462a9747de88a','seed_source_osm_market_ng_s16b_20260502','seeded');
INSERT OR IGNORE INTO seed_enrichment (id,seed_run_id,entity_type,entity_id,enrichment_type,enrichment_json) VALUES ('enr_s16_market_5fe462a9747de88a','seed_run_s16_market_batch2_20260502','organization','org_s16_market_5fe462a9747de88a','seed_source_osm_market_ng_s16b_20260502','{"osm_id": "669346511", "osm_type": "way", "amenity": "marketplace", "shop": "", "addr_state": "", "addr_lga": "Warri City", "operator": "Warri South LGA", "opening_hours": "Mo-Su 08:00-22:00"}');

-- 148. SAND SAND Market
INSERT OR IGNORE INTO organizations (id,tenant_id,organization_type,legal_name,display_name,registration_number,status,verification_state,created_at,updated_at) VALUES ('org_s16_market_c2338317538556d8','tenant_platform_seed','market','SAND SAND Market','SAND SAND Market',NULL,'active','seeded',unixepoch(),unixepoch());
INSERT OR IGNORE INTO profiles (id,subject_id,subject_type,primary_place_id,tenant_id,workspace_id,display_name,created_at,updated_at) VALUES ('prof_s16_market_c2338317538556d8','org_s16_market_c2338317538556d8','organization','place_nigeria_001','tenant_platform_seed','workspace_platform_seed_discovery','SAND SAND Market',unixepoch(),unixepoch());
INSERT OR IGNORE INTO search_entries (id,profile_id,display_name,keywords,ancestry_path,vertical,created_at,updated_at) VALUES ('se_s16_market_c2338317538556d8','prof_s16_market_c2338317538556d8','SAND SAND Market','sand sand market market warri market marketplace plaza mall trading centre nigeria','place_nigeria_001','commerce',unixepoch(),unixepoch());
INSERT OR IGNORE INTO seed_ingestion_records (id,seed_run_id,entity_type,entity_id,source_id,status) VALUES ('ir_s16_market_c2338317538556d8','seed_run_s16_market_batch2_20260502','organization','org_s16_market_c2338317538556d8','seed_source_osm_market_ng_s16b_20260502','ingested');
INSERT OR IGNORE INTO seed_entity_sources (id,seed_run_id,entity_type,entity_id,source_id,confidence_tier) VALUES ('es_s16_market_c2338317538556d8','seed_run_s16_market_batch2_20260502','organization','org_s16_market_c2338317538556d8','seed_source_osm_market_ng_s16b_20260502','seeded');
INSERT OR IGNORE INTO seed_enrichment (id,seed_run_id,entity_type,entity_id,enrichment_type,enrichment_json) VALUES ('enr_s16_market_c2338317538556d8','seed_run_s16_market_batch2_20260502','organization','org_s16_market_c2338317538556d8','seed_source_osm_market_ng_s16b_20260502','{"osm_id": "669346512", "osm_type": "way", "amenity": "marketplace", "shop": "", "addr_state": "", "addr_lga": "WARRI", "operator": "", "opening_hours": "Mo-Su 08:00-22:00"}');

-- 149. Calabar Mall
INSERT OR IGNORE INTO organizations (id,tenant_id,organization_type,legal_name,display_name,registration_number,status,verification_state,created_at,updated_at) VALUES ('org_s16_market_acd567ac7b52bba1','tenant_platform_seed','shopping_mall','Calabar Mall','Calabar Mall',NULL,'active','seeded',unixepoch(),unixepoch());
INSERT OR IGNORE INTO profiles (id,subject_id,subject_type,primary_place_id,tenant_id,workspace_id,display_name,created_at,updated_at) VALUES ('prof_s16_market_acd567ac7b52bba1','org_s16_market_acd567ac7b52bba1','organization','place_nigeria_001','tenant_platform_seed','workspace_platform_seed_discovery','Calabar Mall',unixepoch(),unixepoch());
INSERT OR IGNORE INTO search_entries (id,profile_id,display_name,keywords,ancestry_path,vertical,created_at,updated_at) VALUES ('se_s16_market_acd567ac7b52bba1','prof_s16_market_acd567ac7b52bba1','Calabar Mall','calabar mall shopping_mall market marketplace plaza mall trading centre nigeria','place_nigeria_001','commerce',unixepoch(),unixepoch());
INSERT OR IGNORE INTO seed_ingestion_records (id,seed_run_id,entity_type,entity_id,source_id,status) VALUES ('ir_s16_market_acd567ac7b52bba1','seed_run_s16_market_batch2_20260502','organization','org_s16_market_acd567ac7b52bba1','seed_source_osm_market_ng_s16b_20260502','ingested');
INSERT OR IGNORE INTO seed_entity_sources (id,seed_run_id,entity_type,entity_id,source_id,confidence_tier) VALUES ('es_s16_market_acd567ac7b52bba1','seed_run_s16_market_batch2_20260502','organization','org_s16_market_acd567ac7b52bba1','seed_source_osm_market_ng_s16b_20260502','seeded');
INSERT OR IGNORE INTO seed_enrichment (id,seed_run_id,entity_type,entity_id,enrichment_type,enrichment_json) VALUES ('enr_s16_market_acd567ac7b52bba1','seed_run_s16_market_batch2_20260502','organization','org_s16_market_acd567ac7b52bba1','seed_source_osm_market_ng_s16b_20260502','{"osm_id": "669758906", "osm_type": "way", "amenity": "", "shop": "mall", "addr_state": "", "addr_lga": "", "operator": "", "opening_hours": ""}');

-- 150. Slaughter Market
INSERT OR IGNORE INTO organizations (id,tenant_id,organization_type,legal_name,display_name,registration_number,status,verification_state,created_at,updated_at) VALUES ('org_s16_market_0c69b5951b59226a','tenant_platform_seed','market','Slaughter Market','Slaughter Market',NULL,'active','seeded',unixepoch(),unixepoch());
INSERT OR IGNORE INTO profiles (id,subject_id,subject_type,primary_place_id,tenant_id,workspace_id,display_name,created_at,updated_at) VALUES ('prof_s16_market_0c69b5951b59226a','org_s16_market_0c69b5951b59226a','organization','place_nigeria_001','tenant_platform_seed','workspace_platform_seed_discovery','Slaughter Market',unixepoch(),unixepoch());
INSERT OR IGNORE INTO search_entries (id,profile_id,display_name,keywords,ancestry_path,vertical,created_at,updated_at) VALUES ('se_s16_market_0c69b5951b59226a','prof_s16_market_0c69b5951b59226a','Slaughter Market','slaughter market market market marketplace plaza mall trading centre nigeria','place_nigeria_001','commerce',unixepoch(),unixepoch());
INSERT OR IGNORE INTO seed_ingestion_records (id,seed_run_id,entity_type,entity_id,source_id,status) VALUES ('ir_s16_market_0c69b5951b59226a','seed_run_s16_market_batch2_20260502','organization','org_s16_market_0c69b5951b59226a','seed_source_osm_market_ng_s16b_20260502','ingested');
INSERT OR IGNORE INTO seed_entity_sources (id,seed_run_id,entity_type,entity_id,source_id,confidence_tier) VALUES ('es_s16_market_0c69b5951b59226a','seed_run_s16_market_batch2_20260502','organization','org_s16_market_0c69b5951b59226a','seed_source_osm_market_ng_s16b_20260502','seeded');
INSERT OR IGNORE INTO seed_enrichment (id,seed_run_id,entity_type,entity_id,enrichment_type,enrichment_json) VALUES ('enr_s16_market_0c69b5951b59226a','seed_run_s16_market_batch2_20260502','organization','org_s16_market_0c69b5951b59226a','seed_source_osm_market_ng_s16b_20260502','{"osm_id": "669872504", "osm_type": "way", "amenity": "marketplace", "shop": "", "addr_state": "", "addr_lga": "", "operator": "", "opening_hours": ""}');

-- 151. Tejuosho Shopping Centre
INSERT OR IGNORE INTO organizations (id,tenant_id,organization_type,legal_name,display_name,registration_number,status,verification_state,created_at,updated_at) VALUES ('org_s16_market_d696dc3cacb09245','tenant_platform_seed','shopping_mall','Tejuosho Shopping Centre','Tejuosho Shopping Centre',NULL,'active','seeded',unixepoch(),unixepoch());
INSERT OR IGNORE INTO profiles (id,subject_id,subject_type,primary_place_id,tenant_id,workspace_id,display_name,created_at,updated_at) VALUES ('prof_s16_market_d696dc3cacb09245','org_s16_market_d696dc3cacb09245','organization','place_nigeria_001','tenant_platform_seed','workspace_platform_seed_discovery','Tejuosho Shopping Centre',unixepoch(),unixepoch());
INSERT OR IGNORE INTO search_entries (id,profile_id,display_name,keywords,ancestry_path,vertical,created_at,updated_at) VALUES ('se_s16_market_d696dc3cacb09245','prof_s16_market_d696dc3cacb09245','Tejuosho Shopping Centre','tejuosho shopping centre shopping_mall lagos market marketplace plaza mall trading centre nigeria','place_nigeria_001','commerce',unixepoch(),unixepoch());
INSERT OR IGNORE INTO seed_ingestion_records (id,seed_run_id,entity_type,entity_id,source_id,status) VALUES ('ir_s16_market_d696dc3cacb09245','seed_run_s16_market_batch2_20260502','organization','org_s16_market_d696dc3cacb09245','seed_source_osm_market_ng_s16b_20260502','ingested');
INSERT OR IGNORE INTO seed_entity_sources (id,seed_run_id,entity_type,entity_id,source_id,confidence_tier) VALUES ('es_s16_market_d696dc3cacb09245','seed_run_s16_market_batch2_20260502','organization','org_s16_market_d696dc3cacb09245','seed_source_osm_market_ng_s16b_20260502','seeded');
INSERT OR IGNORE INTO seed_enrichment (id,seed_run_id,entity_type,entity_id,enrichment_type,enrichment_json) VALUES ('enr_s16_market_d696dc3cacb09245','seed_run_s16_market_batch2_20260502','organization','org_s16_market_d696dc3cacb09245','seed_source_osm_market_ng_s16b_20260502','{"osm_id": "671850898", "osm_type": "way", "amenity": "", "shop": "mall", "addr_state": "", "addr_lga": "Lagos", "operator": "", "opening_hours": ""}');

-- 152. Iponri Market
INSERT OR IGNORE INTO organizations (id,tenant_id,organization_type,legal_name,display_name,registration_number,status,verification_state,created_at,updated_at) VALUES ('org_s16_market_c5aeee6d8ae1fbb4','tenant_platform_seed','market','Iponri Market','Iponri Market',NULL,'active','seeded',unixepoch(),unixepoch());
INSERT OR IGNORE INTO profiles (id,subject_id,subject_type,primary_place_id,tenant_id,workspace_id,display_name,created_at,updated_at) VALUES ('prof_s16_market_c5aeee6d8ae1fbb4','org_s16_market_c5aeee6d8ae1fbb4','organization','place_nigeria_001','tenant_platform_seed','workspace_platform_seed_discovery','Iponri Market',unixepoch(),unixepoch());
INSERT OR IGNORE INTO search_entries (id,profile_id,display_name,keywords,ancestry_path,vertical,created_at,updated_at) VALUES ('se_s16_market_c5aeee6d8ae1fbb4','prof_s16_market_c5aeee6d8ae1fbb4','Iponri Market','iponri market market market marketplace plaza mall trading centre nigeria','place_nigeria_001','commerce',unixepoch(),unixepoch());
INSERT OR IGNORE INTO seed_ingestion_records (id,seed_run_id,entity_type,entity_id,source_id,status) VALUES ('ir_s16_market_c5aeee6d8ae1fbb4','seed_run_s16_market_batch2_20260502','organization','org_s16_market_c5aeee6d8ae1fbb4','seed_source_osm_market_ng_s16b_20260502','ingested');
INSERT OR IGNORE INTO seed_entity_sources (id,seed_run_id,entity_type,entity_id,source_id,confidence_tier) VALUES ('es_s16_market_c5aeee6d8ae1fbb4','seed_run_s16_market_batch2_20260502','organization','org_s16_market_c5aeee6d8ae1fbb4','seed_source_osm_market_ng_s16b_20260502','seeded');
INSERT OR IGNORE INTO seed_enrichment (id,seed_run_id,entity_type,entity_id,enrichment_type,enrichment_json) VALUES ('enr_s16_market_c5aeee6d8ae1fbb4','seed_run_s16_market_batch2_20260502','organization','org_s16_market_c5aeee6d8ae1fbb4','seed_source_osm_market_ng_s16b_20260502','{"osm_id": "671850899", "osm_type": "way", "amenity": "marketplace", "shop": "", "addr_state": "", "addr_lga": "", "operator": "", "opening_hours": ""}');

-- 153. Alaba International Market
INSERT OR IGNORE INTO organizations (id,tenant_id,organization_type,legal_name,display_name,registration_number,status,verification_state,created_at,updated_at) VALUES ('org_s16_market_92932471aadf1a65','tenant_platform_seed','market','Alaba International Market','Alaba International Market',NULL,'active','seeded',unixepoch(),unixepoch());
INSERT OR IGNORE INTO profiles (id,subject_id,subject_type,primary_place_id,tenant_id,workspace_id,display_name,created_at,updated_at) VALUES ('prof_s16_market_92932471aadf1a65','org_s16_market_92932471aadf1a65','organization','place_nigeria_001','tenant_platform_seed','workspace_platform_seed_discovery','Alaba International Market',unixepoch(),unixepoch());
INSERT OR IGNORE INTO search_entries (id,profile_id,display_name,keywords,ancestry_path,vertical,created_at,updated_at) VALUES ('se_s16_market_92932471aadf1a65','prof_s16_market_92932471aadf1a65','Alaba International Market','alaba international market market market marketplace plaza mall trading centre nigeria','place_nigeria_001','commerce',unixepoch(),unixepoch());
INSERT OR IGNORE INTO seed_ingestion_records (id,seed_run_id,entity_type,entity_id,source_id,status) VALUES ('ir_s16_market_92932471aadf1a65','seed_run_s16_market_batch2_20260502','organization','org_s16_market_92932471aadf1a65','seed_source_osm_market_ng_s16b_20260502','ingested');
INSERT OR IGNORE INTO seed_entity_sources (id,seed_run_id,entity_type,entity_id,source_id,confidence_tier) VALUES ('es_s16_market_92932471aadf1a65','seed_run_s16_market_batch2_20260502','organization','org_s16_market_92932471aadf1a65','seed_source_osm_market_ng_s16b_20260502','seeded');
INSERT OR IGNORE INTO seed_enrichment (id,seed_run_id,entity_type,entity_id,enrichment_type,enrichment_json) VALUES ('enr_s16_market_92932471aadf1a65','seed_run_s16_market_batch2_20260502','organization','org_s16_market_92932471aadf1a65','seed_source_osm_market_ng_s16b_20260502','{"osm_id": "671863064", "osm_type": "way", "amenity": "", "shop": "", "addr_state": "", "addr_lga": "", "operator": "", "opening_hours": ""}');

-- 154. City Mall
INSERT OR IGNORE INTO organizations (id,tenant_id,organization_type,legal_name,display_name,registration_number,status,verification_state,created_at,updated_at) VALUES ('org_s16_market_bb6ca3699354c660','tenant_platform_seed','shopping_mall','City Mall','City Mall',NULL,'active','seeded',unixepoch(),unixepoch());
INSERT OR IGNORE INTO profiles (id,subject_id,subject_type,primary_place_id,tenant_id,workspace_id,display_name,created_at,updated_at) VALUES ('prof_s16_market_bb6ca3699354c660','org_s16_market_bb6ca3699354c660','organization','place_nigeria_001','tenant_platform_seed','workspace_platform_seed_discovery','City Mall',unixepoch(),unixepoch());
INSERT OR IGNORE INTO search_entries (id,profile_id,display_name,keywords,ancestry_path,vertical,created_at,updated_at) VALUES ('se_s16_market_bb6ca3699354c660','prof_s16_market_bb6ca3699354c660','City Mall','city mall shopping_mall lagos market marketplace plaza mall trading centre nigeria','place_nigeria_001','commerce',unixepoch(),unixepoch());
INSERT OR IGNORE INTO seed_ingestion_records (id,seed_run_id,entity_type,entity_id,source_id,status) VALUES ('ir_s16_market_bb6ca3699354c660','seed_run_s16_market_batch2_20260502','organization','org_s16_market_bb6ca3699354c660','seed_source_osm_market_ng_s16b_20260502','ingested');
INSERT OR IGNORE INTO seed_entity_sources (id,seed_run_id,entity_type,entity_id,source_id,confidence_tier) VALUES ('es_s16_market_bb6ca3699354c660','seed_run_s16_market_batch2_20260502','organization','org_s16_market_bb6ca3699354c660','seed_source_osm_market_ng_s16b_20260502','seeded');
INSERT OR IGNORE INTO seed_enrichment (id,seed_run_id,entity_type,entity_id,enrichment_type,enrichment_json) VALUES ('enr_s16_market_bb6ca3699354c660','seed_run_s16_market_batch2_20260502','organization','org_s16_market_bb6ca3699354c660','seed_source_osm_market_ng_s16b_20260502','{"osm_id": "671991294", "osm_type": "way", "amenity": "", "shop": "mall", "addr_state": "", "addr_lga": "Lagos", "operator": "", "opening_hours": ""}');

-- 155. Abia Mall
INSERT OR IGNORE INTO organizations (id,tenant_id,organization_type,legal_name,display_name,registration_number,status,verification_state,created_at,updated_at) VALUES ('org_s16_market_acac6084c807a4ca','tenant_platform_seed','shopping_mall','Abia Mall','Abia Mall',NULL,'active','seeded',unixepoch(),unixepoch());
INSERT OR IGNORE INTO profiles (id,subject_id,subject_type,primary_place_id,tenant_id,workspace_id,display_name,created_at,updated_at) VALUES ('prof_s16_market_acac6084c807a4ca','org_s16_market_acac6084c807a4ca','organization','place_nigeria_001','tenant_platform_seed','workspace_platform_seed_discovery','Abia Mall',unixepoch(),unixepoch());
INSERT OR IGNORE INTO search_entries (id,profile_id,display_name,keywords,ancestry_path,vertical,created_at,updated_at) VALUES ('se_s16_market_acac6084c807a4ca','prof_s16_market_acac6084c807a4ca','Abia Mall','abia mall shopping_mall market marketplace plaza mall trading centre nigeria','place_nigeria_001','commerce',unixepoch(),unixepoch());
INSERT OR IGNORE INTO seed_ingestion_records (id,seed_run_id,entity_type,entity_id,source_id,status) VALUES ('ir_s16_market_acac6084c807a4ca','seed_run_s16_market_batch2_20260502','organization','org_s16_market_acac6084c807a4ca','seed_source_osm_market_ng_s16b_20260502','ingested');
INSERT OR IGNORE INTO seed_entity_sources (id,seed_run_id,entity_type,entity_id,source_id,confidence_tier) VALUES ('es_s16_market_acac6084c807a4ca','seed_run_s16_market_batch2_20260502','organization','org_s16_market_acac6084c807a4ca','seed_source_osm_market_ng_s16b_20260502','seeded');
INSERT OR IGNORE INTO seed_enrichment (id,seed_run_id,entity_type,entity_id,enrichment_type,enrichment_json) VALUES ('enr_s16_market_acac6084c807a4ca','seed_run_s16_market_batch2_20260502','organization','org_s16_market_acac6084c807a4ca','seed_source_osm_market_ng_s16b_20260502','{"osm_id": "700217906", "osm_type": "way", "amenity": "", "shop": "mall", "addr_state": "", "addr_lga": "", "operator": "Shoprite", "opening_hours": "Mo-Sa 08:00-21:00, Su 09:00-21:00"}');

-- 156. New Gbawojo Market
INSERT OR IGNORE INTO organizations (id,tenant_id,organization_type,legal_name,display_name,registration_number,status,verification_state,created_at,updated_at) VALUES ('org_s16_market_af73fba68bab2038','tenant_platform_seed','market','New Gbawojo Market','New Gbawojo Market',NULL,'active','seeded',unixepoch(),unixepoch());
INSERT OR IGNORE INTO profiles (id,subject_id,subject_type,primary_place_id,tenant_id,workspace_id,display_name,created_at,updated_at) VALUES ('prof_s16_market_af73fba68bab2038','org_s16_market_af73fba68bab2038','organization','place_nigeria_001','tenant_platform_seed','workspace_platform_seed_discovery','New Gbawojo Market',unixepoch(),unixepoch());
INSERT OR IGNORE INTO search_entries (id,profile_id,display_name,keywords,ancestry_path,vertical,created_at,updated_at) VALUES ('se_s16_market_af73fba68bab2038','prof_s16_market_af73fba68bab2038','New Gbawojo Market','new gbawojo market market market marketplace plaza mall trading centre nigeria','place_nigeria_001','commerce',unixepoch(),unixepoch());
INSERT OR IGNORE INTO seed_ingestion_records (id,seed_run_id,entity_type,entity_id,source_id,status) VALUES ('ir_s16_market_af73fba68bab2038','seed_run_s16_market_batch2_20260502','organization','org_s16_market_af73fba68bab2038','seed_source_osm_market_ng_s16b_20260502','ingested');
INSERT OR IGNORE INTO seed_entity_sources (id,seed_run_id,entity_type,entity_id,source_id,confidence_tier) VALUES ('es_s16_market_af73fba68bab2038','seed_run_s16_market_batch2_20260502','organization','org_s16_market_af73fba68bab2038','seed_source_osm_market_ng_s16b_20260502','seeded');
INSERT OR IGNORE INTO seed_enrichment (id,seed_run_id,entity_type,entity_id,enrichment_type,enrichment_json) VALUES ('enr_s16_market_af73fba68bab2038','seed_run_s16_market_batch2_20260502','organization','org_s16_market_af73fba68bab2038','seed_source_osm_market_ng_s16b_20260502','{"osm_id": "701894353", "osm_type": "way", "amenity": "marketplace", "shop": "", "addr_state": "", "addr_lga": "", "operator": "", "opening_hours": ""}');

-- 157. Oluwole Urban Mall
INSERT OR IGNORE INTO organizations (id,tenant_id,organization_type,legal_name,display_name,registration_number,status,verification_state,created_at,updated_at) VALUES ('org_s16_market_e7334764d5e455e7','tenant_platform_seed','shopping_mall','Oluwole Urban Mall','Oluwole Urban Mall',NULL,'active','seeded',unixepoch(),unixepoch());
INSERT OR IGNORE INTO profiles (id,subject_id,subject_type,primary_place_id,tenant_id,workspace_id,display_name,created_at,updated_at) VALUES ('prof_s16_market_e7334764d5e455e7','org_s16_market_e7334764d5e455e7','organization','place_nigeria_001','tenant_platform_seed','workspace_platform_seed_discovery','Oluwole Urban Mall',unixepoch(),unixepoch());
INSERT OR IGNORE INTO search_entries (id,profile_id,display_name,keywords,ancestry_path,vertical,created_at,updated_at) VALUES ('se_s16_market_e7334764d5e455e7','prof_s16_market_e7334764d5e455e7','Oluwole Urban Mall','oluwole urban mall shopping_mall market marketplace plaza mall trading centre nigeria','place_nigeria_001','commerce',unixepoch(),unixepoch());
INSERT OR IGNORE INTO seed_ingestion_records (id,seed_run_id,entity_type,entity_id,source_id,status) VALUES ('ir_s16_market_e7334764d5e455e7','seed_run_s16_market_batch2_20260502','organization','org_s16_market_e7334764d5e455e7','seed_source_osm_market_ng_s16b_20260502','ingested');
INSERT OR IGNORE INTO seed_entity_sources (id,seed_run_id,entity_type,entity_id,source_id,confidence_tier) VALUES ('es_s16_market_e7334764d5e455e7','seed_run_s16_market_batch2_20260502','organization','org_s16_market_e7334764d5e455e7','seed_source_osm_market_ng_s16b_20260502','seeded');
INSERT OR IGNORE INTO seed_enrichment (id,seed_run_id,entity_type,entity_id,enrichment_type,enrichment_json) VALUES ('enr_s16_market_e7334764d5e455e7','seed_run_s16_market_batch2_20260502','organization','org_s16_market_e7334764d5e455e7','seed_source_osm_market_ng_s16b_20260502','{"osm_id": "704783397", "osm_type": "way", "amenity": "", "shop": "mall", "addr_state": "", "addr_lga": "", "operator": "", "opening_hours": ""}');

-- 158. The Arena
INSERT OR IGNORE INTO organizations (id,tenant_id,organization_type,legal_name,display_name,registration_number,status,verification_state,created_at,updated_at) VALUES ('org_s16_market_cdd549919c9db79b','tenant_platform_seed','market','The Arena','The Arena',NULL,'active','seeded',unixepoch(),unixepoch());
INSERT OR IGNORE INTO profiles (id,subject_id,subject_type,primary_place_id,tenant_id,workspace_id,display_name,created_at,updated_at) VALUES ('prof_s16_market_cdd549919c9db79b','org_s16_market_cdd549919c9db79b','organization','place_nigeria_001','tenant_platform_seed','workspace_platform_seed_discovery','The Arena',unixepoch(),unixepoch());
INSERT OR IGNORE INTO search_entries (id,profile_id,display_name,keywords,ancestry_path,vertical,created_at,updated_at) VALUES ('se_s16_market_cdd549919c9db79b','prof_s16_market_cdd549919c9db79b','The Arena','the arena market market marketplace plaza mall trading centre nigeria','place_nigeria_001','commerce',unixepoch(),unixepoch());
INSERT OR IGNORE INTO seed_ingestion_records (id,seed_run_id,entity_type,entity_id,source_id,status) VALUES ('ir_s16_market_cdd549919c9db79b','seed_run_s16_market_batch2_20260502','organization','org_s16_market_cdd549919c9db79b','seed_source_osm_market_ng_s16b_20260502','ingested');
INSERT OR IGNORE INTO seed_entity_sources (id,seed_run_id,entity_type,entity_id,source_id,confidence_tier) VALUES ('es_s16_market_cdd549919c9db79b','seed_run_s16_market_batch2_20260502','organization','org_s16_market_cdd549919c9db79b','seed_source_osm_market_ng_s16b_20260502','seeded');
INSERT OR IGNORE INTO seed_enrichment (id,seed_run_id,entity_type,entity_id,enrichment_type,enrichment_json) VALUES ('enr_s16_market_cdd549919c9db79b','seed_run_s16_market_batch2_20260502','organization','org_s16_market_cdd549919c9db79b','seed_source_osm_market_ng_s16b_20260502','{"osm_id": "704971736", "osm_type": "way", "amenity": "", "shop": "", "addr_state": "", "addr_lga": "", "operator": "", "opening_hours": ""}');

-- 159. Arigbajo Market
INSERT OR IGNORE INTO organizations (id,tenant_id,organization_type,legal_name,display_name,registration_number,status,verification_state,created_at,updated_at) VALUES ('org_s16_market_64f6317f29e1e87a','tenant_platform_seed','market','Arigbajo Market','Arigbajo Market',NULL,'active','seeded',unixepoch(),unixepoch());
INSERT OR IGNORE INTO profiles (id,subject_id,subject_type,primary_place_id,tenant_id,workspace_id,display_name,created_at,updated_at) VALUES ('prof_s16_market_64f6317f29e1e87a','org_s16_market_64f6317f29e1e87a','organization','place_nigeria_001','tenant_platform_seed','workspace_platform_seed_discovery','Arigbajo Market',unixepoch(),unixepoch());
INSERT OR IGNORE INTO search_entries (id,profile_id,display_name,keywords,ancestry_path,vertical,created_at,updated_at) VALUES ('se_s16_market_64f6317f29e1e87a','prof_s16_market_64f6317f29e1e87a','Arigbajo Market','arigbajo market market market marketplace plaza mall trading centre nigeria','place_nigeria_001','commerce',unixepoch(),unixepoch());
INSERT OR IGNORE INTO seed_ingestion_records (id,seed_run_id,entity_type,entity_id,source_id,status) VALUES ('ir_s16_market_64f6317f29e1e87a','seed_run_s16_market_batch2_20260502','organization','org_s16_market_64f6317f29e1e87a','seed_source_osm_market_ng_s16b_20260502','ingested');
INSERT OR IGNORE INTO seed_entity_sources (id,seed_run_id,entity_type,entity_id,source_id,confidence_tier) VALUES ('es_s16_market_64f6317f29e1e87a','seed_run_s16_market_batch2_20260502','organization','org_s16_market_64f6317f29e1e87a','seed_source_osm_market_ng_s16b_20260502','seeded');
INSERT OR IGNORE INTO seed_enrichment (id,seed_run_id,entity_type,entity_id,enrichment_type,enrichment_json) VALUES ('enr_s16_market_64f6317f29e1e87a','seed_run_s16_market_batch2_20260502','organization','org_s16_market_64f6317f29e1e87a','seed_source_osm_market_ng_s16b_20260502','{"osm_id": "705854719", "osm_type": "way", "amenity": "marketplace", "shop": "", "addr_state": "", "addr_lga": "", "operator": "", "opening_hours": ""}');

-- 160. Palms Mall
INSERT OR IGNORE INTO organizations (id,tenant_id,organization_type,legal_name,display_name,registration_number,status,verification_state,created_at,updated_at) VALUES ('org_s16_market_832200a98c5562ed','tenant_platform_seed','shopping_mall','Palms Mall','Palms Mall',NULL,'active','seeded',unixepoch(),unixepoch());
INSERT OR IGNORE INTO profiles (id,subject_id,subject_type,primary_place_id,tenant_id,workspace_id,display_name,created_at,updated_at) VALUES ('prof_s16_market_832200a98c5562ed','org_s16_market_832200a98c5562ed','organization','place_nigeria_001','tenant_platform_seed','workspace_platform_seed_discovery','Palms Mall',unixepoch(),unixepoch());
INSERT OR IGNORE INTO search_entries (id,profile_id,display_name,keywords,ancestry_path,vertical,created_at,updated_at) VALUES ('se_s16_market_832200a98c5562ed','prof_s16_market_832200a98c5562ed','Palms Mall','palms mall shopping_mall market marketplace plaza mall trading centre nigeria','place_nigeria_001','commerce',unixepoch(),unixepoch());
INSERT OR IGNORE INTO seed_ingestion_records (id,seed_run_id,entity_type,entity_id,source_id,status) VALUES ('ir_s16_market_832200a98c5562ed','seed_run_s16_market_batch2_20260502','organization','org_s16_market_832200a98c5562ed','seed_source_osm_market_ng_s16b_20260502','ingested');
INSERT OR IGNORE INTO seed_entity_sources (id,seed_run_id,entity_type,entity_id,source_id,confidence_tier) VALUES ('es_s16_market_832200a98c5562ed','seed_run_s16_market_batch2_20260502','organization','org_s16_market_832200a98c5562ed','seed_source_osm_market_ng_s16b_20260502','seeded');
INSERT OR IGNORE INTO seed_enrichment (id,seed_run_id,entity_type,entity_id,enrichment_type,enrichment_json) VALUES ('enr_s16_market_832200a98c5562ed','seed_run_s16_market_batch2_20260502','organization','org_s16_market_832200a98c5562ed','seed_source_osm_market_ng_s16b_20260502','{"osm_id": "705854749", "osm_type": "way", "amenity": "", "shop": "mall", "addr_state": "", "addr_lga": "", "operator": "", "opening_hours": ""}');

-- 161. Ile Epo Market
INSERT OR IGNORE INTO organizations (id,tenant_id,organization_type,legal_name,display_name,registration_number,status,verification_state,created_at,updated_at) VALUES ('org_s16_market_243bd5dcf4c7b989','tenant_platform_seed','market','Ile Epo Market','Ile Epo Market',NULL,'active','seeded',unixepoch(),unixepoch());
INSERT OR IGNORE INTO profiles (id,subject_id,subject_type,primary_place_id,tenant_id,workspace_id,display_name,created_at,updated_at) VALUES ('prof_s16_market_243bd5dcf4c7b989','org_s16_market_243bd5dcf4c7b989','organization','place_nigeria_001','tenant_platform_seed','workspace_platform_seed_discovery','Ile Epo Market',unixepoch(),unixepoch());
INSERT OR IGNORE INTO search_entries (id,profile_id,display_name,keywords,ancestry_path,vertical,created_at,updated_at) VALUES ('se_s16_market_243bd5dcf4c7b989','prof_s16_market_243bd5dcf4c7b989','Ile Epo Market','ile epo market market market marketplace plaza mall trading centre nigeria','place_nigeria_001','commerce',unixepoch(),unixepoch());
INSERT OR IGNORE INTO seed_ingestion_records (id,seed_run_id,entity_type,entity_id,source_id,status) VALUES ('ir_s16_market_243bd5dcf4c7b989','seed_run_s16_market_batch2_20260502','organization','org_s16_market_243bd5dcf4c7b989','seed_source_osm_market_ng_s16b_20260502','ingested');
INSERT OR IGNORE INTO seed_entity_sources (id,seed_run_id,entity_type,entity_id,source_id,confidence_tier) VALUES ('es_s16_market_243bd5dcf4c7b989','seed_run_s16_market_batch2_20260502','organization','org_s16_market_243bd5dcf4c7b989','seed_source_osm_market_ng_s16b_20260502','seeded');
INSERT OR IGNORE INTO seed_enrichment (id,seed_run_id,entity_type,entity_id,enrichment_type,enrichment_json) VALUES ('enr_s16_market_243bd5dcf4c7b989','seed_run_s16_market_batch2_20260502','organization','org_s16_market_243bd5dcf4c7b989','seed_source_osm_market_ng_s16b_20260502','{"osm_id": "705854784", "osm_type": "way", "amenity": "marketplace", "shop": "", "addr_state": "", "addr_lga": "", "operator": "", "opening_hours": ""}');

-- 162. Ajah Market
INSERT OR IGNORE INTO organizations (id,tenant_id,organization_type,legal_name,display_name,registration_number,status,verification_state,created_at,updated_at) VALUES ('org_s16_market_924e782c13607a14','tenant_platform_seed','market','Ajah Market','Ajah Market',NULL,'active','seeded',unixepoch(),unixepoch());
INSERT OR IGNORE INTO profiles (id,subject_id,subject_type,primary_place_id,tenant_id,workspace_id,display_name,created_at,updated_at) VALUES ('prof_s16_market_924e782c13607a14','org_s16_market_924e782c13607a14','organization','place_nigeria_001','tenant_platform_seed','workspace_platform_seed_discovery','Ajah Market',unixepoch(),unixepoch());
INSERT OR IGNORE INTO search_entries (id,profile_id,display_name,keywords,ancestry_path,vertical,created_at,updated_at) VALUES ('se_s16_market_924e782c13607a14','prof_s16_market_924e782c13607a14','Ajah Market','ajah market market market marketplace plaza mall trading centre nigeria','place_nigeria_001','commerce',unixepoch(),unixepoch());
INSERT OR IGNORE INTO seed_ingestion_records (id,seed_run_id,entity_type,entity_id,source_id,status) VALUES ('ir_s16_market_924e782c13607a14','seed_run_s16_market_batch2_20260502','organization','org_s16_market_924e782c13607a14','seed_source_osm_market_ng_s16b_20260502','ingested');
INSERT OR IGNORE INTO seed_entity_sources (id,seed_run_id,entity_type,entity_id,source_id,confidence_tier) VALUES ('es_s16_market_924e782c13607a14','seed_run_s16_market_batch2_20260502','organization','org_s16_market_924e782c13607a14','seed_source_osm_market_ng_s16b_20260502','seeded');
INSERT OR IGNORE INTO seed_enrichment (id,seed_run_id,entity_type,entity_id,enrichment_type,enrichment_json) VALUES ('enr_s16_market_924e782c13607a14','seed_run_s16_market_batch2_20260502','organization','org_s16_market_924e782c13607a14','seed_source_osm_market_ng_s16b_20260502','{"osm_id": "706083535", "osm_type": "way", "amenity": "marketplace", "shop": "", "addr_state": "", "addr_lga": "", "operator": "", "opening_hours": ""}');

-- 163. Ketu Market
INSERT OR IGNORE INTO organizations (id,tenant_id,organization_type,legal_name,display_name,registration_number,status,verification_state,created_at,updated_at) VALUES ('org_s16_market_c821519f1544b85c','tenant_platform_seed','market','Ketu Market','Ketu Market',NULL,'active','seeded',unixepoch(),unixepoch());
INSERT OR IGNORE INTO profiles (id,subject_id,subject_type,primary_place_id,tenant_id,workspace_id,display_name,created_at,updated_at) VALUES ('prof_s16_market_c821519f1544b85c','org_s16_market_c821519f1544b85c','organization','place_nigeria_001','tenant_platform_seed','workspace_platform_seed_discovery','Ketu Market',unixepoch(),unixepoch());
INSERT OR IGNORE INTO search_entries (id,profile_id,display_name,keywords,ancestry_path,vertical,created_at,updated_at) VALUES ('se_s16_market_c821519f1544b85c','prof_s16_market_c821519f1544b85c','Ketu Market','ketu market market market marketplace plaza mall trading centre nigeria','place_nigeria_001','commerce',unixepoch(),unixepoch());
INSERT OR IGNORE INTO seed_ingestion_records (id,seed_run_id,entity_type,entity_id,source_id,status) VALUES ('ir_s16_market_c821519f1544b85c','seed_run_s16_market_batch2_20260502','organization','org_s16_market_c821519f1544b85c','seed_source_osm_market_ng_s16b_20260502','ingested');
INSERT OR IGNORE INTO seed_entity_sources (id,seed_run_id,entity_type,entity_id,source_id,confidence_tier) VALUES ('es_s16_market_c821519f1544b85c','seed_run_s16_market_batch2_20260502','organization','org_s16_market_c821519f1544b85c','seed_source_osm_market_ng_s16b_20260502','seeded');
INSERT OR IGNORE INTO seed_enrichment (id,seed_run_id,entity_type,entity_id,enrichment_type,enrichment_json) VALUES ('enr_s16_market_c821519f1544b85c','seed_run_s16_market_batch2_20260502','organization','org_s16_market_c821519f1544b85c','seed_source_osm_market_ng_s16b_20260502','{"osm_id": "706088033", "osm_type": "way", "amenity": "marketplace", "shop": "", "addr_state": "", "addr_lga": "", "operator": "", "opening_hours": ""}');

-- 164. Jaja Shopping Complex
INSERT OR IGNORE INTO organizations (id,tenant_id,organization_type,legal_name,display_name,registration_number,status,verification_state,created_at,updated_at) VALUES ('org_s16_market_5e8b178112b6c1e0','tenant_platform_seed','market','Jaja Shopping Complex','Jaja Shopping Complex',NULL,'active','seeded',unixepoch(),unixepoch());
INSERT OR IGNORE INTO profiles (id,subject_id,subject_type,primary_place_id,tenant_id,workspace_id,display_name,created_at,updated_at) VALUES ('prof_s16_market_5e8b178112b6c1e0','org_s16_market_5e8b178112b6c1e0','organization','place_nigeria_001','tenant_platform_seed','workspace_platform_seed_discovery','Jaja Shopping Complex',unixepoch(),unixepoch());
INSERT OR IGNORE INTO search_entries (id,profile_id,display_name,keywords,ancestry_path,vertical,created_at,updated_at) VALUES ('se_s16_market_5e8b178112b6c1e0','prof_s16_market_5e8b178112b6c1e0','Jaja Shopping Complex','jaja shopping complex market market marketplace plaza mall trading centre nigeria','place_nigeria_001','commerce',unixepoch(),unixepoch());
INSERT OR IGNORE INTO seed_ingestion_records (id,seed_run_id,entity_type,entity_id,source_id,status) VALUES ('ir_s16_market_5e8b178112b6c1e0','seed_run_s16_market_batch2_20260502','organization','org_s16_market_5e8b178112b6c1e0','seed_source_osm_market_ng_s16b_20260502','ingested');
INSERT OR IGNORE INTO seed_entity_sources (id,seed_run_id,entity_type,entity_id,source_id,confidence_tier) VALUES ('es_s16_market_5e8b178112b6c1e0','seed_run_s16_market_batch2_20260502','organization','org_s16_market_5e8b178112b6c1e0','seed_source_osm_market_ng_s16b_20260502','seeded');
INSERT OR IGNORE INTO seed_enrichment (id,seed_run_id,entity_type,entity_id,enrichment_type,enrichment_json) VALUES ('enr_s16_market_5e8b178112b6c1e0','seed_run_s16_market_batch2_20260502','organization','org_s16_market_5e8b178112b6c1e0','seed_source_osm_market_ng_s16b_20260502','{"osm_id": "707225703", "osm_type": "way", "amenity": "", "shop": "", "addr_state": "", "addr_lga": "", "operator": "", "opening_hours": ""}');

-- 165. Oko-Oba Cattle Market
INSERT OR IGNORE INTO organizations (id,tenant_id,organization_type,legal_name,display_name,registration_number,status,verification_state,created_at,updated_at) VALUES ('org_s16_market_1aa82a5014d6bd70','tenant_platform_seed','market','Oko-Oba Cattle Market','Oko-Oba Cattle Market',NULL,'active','seeded',unixepoch(),unixepoch());
INSERT OR IGNORE INTO profiles (id,subject_id,subject_type,primary_place_id,tenant_id,workspace_id,display_name,created_at,updated_at) VALUES ('prof_s16_market_1aa82a5014d6bd70','org_s16_market_1aa82a5014d6bd70','organization','place_nigeria_001','tenant_platform_seed','workspace_platform_seed_discovery','Oko-Oba Cattle Market',unixepoch(),unixepoch());
INSERT OR IGNORE INTO search_entries (id,profile_id,display_name,keywords,ancestry_path,vertical,created_at,updated_at) VALUES ('se_s16_market_1aa82a5014d6bd70','prof_s16_market_1aa82a5014d6bd70','Oko-Oba Cattle Market','oko-oba cattle market market market marketplace plaza mall trading centre nigeria','place_nigeria_001','commerce',unixepoch(),unixepoch());
INSERT OR IGNORE INTO seed_ingestion_records (id,seed_run_id,entity_type,entity_id,source_id,status) VALUES ('ir_s16_market_1aa82a5014d6bd70','seed_run_s16_market_batch2_20260502','organization','org_s16_market_1aa82a5014d6bd70','seed_source_osm_market_ng_s16b_20260502','ingested');
INSERT OR IGNORE INTO seed_entity_sources (id,seed_run_id,entity_type,entity_id,source_id,confidence_tier) VALUES ('es_s16_market_1aa82a5014d6bd70','seed_run_s16_market_batch2_20260502','organization','org_s16_market_1aa82a5014d6bd70','seed_source_osm_market_ng_s16b_20260502','seeded');
INSERT OR IGNORE INTO seed_enrichment (id,seed_run_id,entity_type,entity_id,enrichment_type,enrichment_json) VALUES ('enr_s16_market_1aa82a5014d6bd70','seed_run_s16_market_batch2_20260502','organization','org_s16_market_1aa82a5014d6bd70','seed_source_osm_market_ng_s16b_20260502','{"osm_id": "707657152", "osm_type": "way", "amenity": "", "shop": "", "addr_state": "", "addr_lga": "", "operator": "", "opening_hours": ""}');

-- 166. Mile 12 Market
INSERT OR IGNORE INTO organizations (id,tenant_id,organization_type,legal_name,display_name,registration_number,status,verification_state,created_at,updated_at) VALUES ('org_s16_market_c7b21eb4ad84430d','tenant_platform_seed','market','Mile 12 Market','Mile 12 Market',NULL,'active','seeded',unixepoch(),unixepoch());
INSERT OR IGNORE INTO profiles (id,subject_id,subject_type,primary_place_id,tenant_id,workspace_id,display_name,created_at,updated_at) VALUES ('prof_s16_market_c7b21eb4ad84430d','org_s16_market_c7b21eb4ad84430d','organization','place_nigeria_001','tenant_platform_seed','workspace_platform_seed_discovery','Mile 12 Market',unixepoch(),unixepoch());
INSERT OR IGNORE INTO search_entries (id,profile_id,display_name,keywords,ancestry_path,vertical,created_at,updated_at) VALUES ('se_s16_market_c7b21eb4ad84430d','prof_s16_market_c7b21eb4ad84430d','Mile 12 Market','mile 12 market market market marketplace plaza mall trading centre nigeria','place_nigeria_001','commerce',unixepoch(),unixepoch());
INSERT OR IGNORE INTO seed_ingestion_records (id,seed_run_id,entity_type,entity_id,source_id,status) VALUES ('ir_s16_market_c7b21eb4ad84430d','seed_run_s16_market_batch2_20260502','organization','org_s16_market_c7b21eb4ad84430d','seed_source_osm_market_ng_s16b_20260502','ingested');
INSERT OR IGNORE INTO seed_entity_sources (id,seed_run_id,entity_type,entity_id,source_id,confidence_tier) VALUES ('es_s16_market_c7b21eb4ad84430d','seed_run_s16_market_batch2_20260502','organization','org_s16_market_c7b21eb4ad84430d','seed_source_osm_market_ng_s16b_20260502','seeded');
INSERT OR IGNORE INTO seed_enrichment (id,seed_run_id,entity_type,entity_id,enrichment_type,enrichment_json) VALUES ('enr_s16_market_c7b21eb4ad84430d','seed_run_s16_market_batch2_20260502','organization','org_s16_market_c7b21eb4ad84430d','seed_source_osm_market_ng_s16b_20260502','{"osm_id": "707733146", "osm_type": "way", "amenity": "marketplace", "shop": "", "addr_state": "", "addr_lga": "", "operator": "", "opening_hours": ""}');

-- 167. Aswani Market
INSERT OR IGNORE INTO organizations (id,tenant_id,organization_type,legal_name,display_name,registration_number,status,verification_state,created_at,updated_at) VALUES ('org_s16_market_719d7a3e907c4758','tenant_platform_seed','market','Aswani Market','Aswani Market',NULL,'active','seeded',unixepoch(),unixepoch());
INSERT OR IGNORE INTO profiles (id,subject_id,subject_type,primary_place_id,tenant_id,workspace_id,display_name,created_at,updated_at) VALUES ('prof_s16_market_719d7a3e907c4758','org_s16_market_719d7a3e907c4758','organization','place_nigeria_001','tenant_platform_seed','workspace_platform_seed_discovery','Aswani Market',unixepoch(),unixepoch());
INSERT OR IGNORE INTO search_entries (id,profile_id,display_name,keywords,ancestry_path,vertical,created_at,updated_at) VALUES ('se_s16_market_719d7a3e907c4758','prof_s16_market_719d7a3e907c4758','Aswani Market','aswani market market market marketplace plaza mall trading centre nigeria','place_nigeria_001','commerce',unixepoch(),unixepoch());
INSERT OR IGNORE INTO seed_ingestion_records (id,seed_run_id,entity_type,entity_id,source_id,status) VALUES ('ir_s16_market_719d7a3e907c4758','seed_run_s16_market_batch2_20260502','organization','org_s16_market_719d7a3e907c4758','seed_source_osm_market_ng_s16b_20260502','ingested');
INSERT OR IGNORE INTO seed_entity_sources (id,seed_run_id,entity_type,entity_id,source_id,confidence_tier) VALUES ('es_s16_market_719d7a3e907c4758','seed_run_s16_market_batch2_20260502','organization','org_s16_market_719d7a3e907c4758','seed_source_osm_market_ng_s16b_20260502','seeded');
INSERT OR IGNORE INTO seed_enrichment (id,seed_run_id,entity_type,entity_id,enrichment_type,enrichment_json) VALUES ('enr_s16_market_719d7a3e907c4758','seed_run_s16_market_batch2_20260502','organization','org_s16_market_719d7a3e907c4758','seed_source_osm_market_ng_s16b_20260502','{"osm_id": "707834186", "osm_type": "way", "amenity": "", "shop": "", "addr_state": "", "addr_lga": "", "operator": "", "opening_hours": ""}');

-- 168. Omuoko market
INSERT OR IGNORE INTO organizations (id,tenant_id,organization_type,legal_name,display_name,registration_number,status,verification_state,created_at,updated_at) VALUES ('org_s16_market_bf255200364ecb80','tenant_platform_seed','market','Omuoko market','Omuoko market',NULL,'active','seeded',unixepoch(),unixepoch());
INSERT OR IGNORE INTO profiles (id,subject_id,subject_type,primary_place_id,tenant_id,workspace_id,display_name,created_at,updated_at) VALUES ('prof_s16_market_bf255200364ecb80','org_s16_market_bf255200364ecb80','organization','place_nigeria_001','tenant_platform_seed','workspace_platform_seed_discovery','Omuoko market',unixepoch(),unixepoch());
INSERT OR IGNORE INTO search_entries (id,profile_id,display_name,keywords,ancestry_path,vertical,created_at,updated_at) VALUES ('se_s16_market_bf255200364ecb80','prof_s16_market_bf255200364ecb80','Omuoko market','omuoko market market market marketplace plaza mall trading centre nigeria','place_nigeria_001','commerce',unixepoch(),unixepoch());
INSERT OR IGNORE INTO seed_ingestion_records (id,seed_run_id,entity_type,entity_id,source_id,status) VALUES ('ir_s16_market_bf255200364ecb80','seed_run_s16_market_batch2_20260502','organization','org_s16_market_bf255200364ecb80','seed_source_osm_market_ng_s16b_20260502','ingested');
INSERT OR IGNORE INTO seed_entity_sources (id,seed_run_id,entity_type,entity_id,source_id,confidence_tier) VALUES ('es_s16_market_bf255200364ecb80','seed_run_s16_market_batch2_20260502','organization','org_s16_market_bf255200364ecb80','seed_source_osm_market_ng_s16b_20260502','seeded');
INSERT OR IGNORE INTO seed_enrichment (id,seed_run_id,entity_type,entity_id,enrichment_type,enrichment_json) VALUES ('enr_s16_market_bf255200364ecb80','seed_run_s16_market_batch2_20260502','organization','org_s16_market_bf255200364ecb80','seed_source_osm_market_ng_s16b_20260502','{"osm_id": "711401423", "osm_type": "way", "amenity": "marketplace", "shop": "", "addr_state": "", "addr_lga": "", "operator": "", "opening_hours": ""}');

-- 169. The Palms Ota
INSERT OR IGNORE INTO organizations (id,tenant_id,organization_type,legal_name,display_name,registration_number,status,verification_state,created_at,updated_at) VALUES ('org_s16_market_39f05dff42de4b94','tenant_platform_seed','market','The Palms Ota','The Palms Ota',NULL,'active','seeded',unixepoch(),unixepoch());
INSERT OR IGNORE INTO profiles (id,subject_id,subject_type,primary_place_id,tenant_id,workspace_id,display_name,created_at,updated_at) VALUES ('prof_s16_market_39f05dff42de4b94','org_s16_market_39f05dff42de4b94','organization','place_nigeria_001','tenant_platform_seed','workspace_platform_seed_discovery','The Palms Ota',unixepoch(),unixepoch());
INSERT OR IGNORE INTO search_entries (id,profile_id,display_name,keywords,ancestry_path,vertical,created_at,updated_at) VALUES ('se_s16_market_39f05dff42de4b94','prof_s16_market_39f05dff42de4b94','The Palms Ota','the palms ota market market marketplace plaza mall trading centre nigeria','place_nigeria_001','commerce',unixepoch(),unixepoch());
INSERT OR IGNORE INTO seed_ingestion_records (id,seed_run_id,entity_type,entity_id,source_id,status) VALUES ('ir_s16_market_39f05dff42de4b94','seed_run_s16_market_batch2_20260502','organization','org_s16_market_39f05dff42de4b94','seed_source_osm_market_ng_s16b_20260502','ingested');
INSERT OR IGNORE INTO seed_entity_sources (id,seed_run_id,entity_type,entity_id,source_id,confidence_tier) VALUES ('es_s16_market_39f05dff42de4b94','seed_run_s16_market_batch2_20260502','organization','org_s16_market_39f05dff42de4b94','seed_source_osm_market_ng_s16b_20260502','seeded');
INSERT OR IGNORE INTO seed_enrichment (id,seed_run_id,entity_type,entity_id,enrichment_type,enrichment_json) VALUES ('enr_s16_market_39f05dff42de4b94','seed_run_s16_market_batch2_20260502','organization','org_s16_market_39f05dff42de4b94','seed_source_osm_market_ng_s16b_20260502','{"osm_id": "732673662", "osm_type": "way", "amenity": "", "shop": "", "addr_state": "", "addr_lga": "", "operator": "", "opening_hours": ""}');

-- 170. Trade Fair Complex
INSERT OR IGNORE INTO organizations (id,tenant_id,organization_type,legal_name,display_name,registration_number,status,verification_state,created_at,updated_at) VALUES ('org_s16_market_151ded65ae999fde','tenant_platform_seed','market','Trade Fair Complex','Trade Fair Complex',NULL,'active','seeded',unixepoch(),unixepoch());
INSERT OR IGNORE INTO profiles (id,subject_id,subject_type,primary_place_id,tenant_id,workspace_id,display_name,created_at,updated_at) VALUES ('prof_s16_market_151ded65ae999fde','org_s16_market_151ded65ae999fde','organization','place_nigeria_001','tenant_platform_seed','workspace_platform_seed_discovery','Trade Fair Complex',unixepoch(),unixepoch());
INSERT OR IGNORE INTO search_entries (id,profile_id,display_name,keywords,ancestry_path,vertical,created_at,updated_at) VALUES ('se_s16_market_151ded65ae999fde','prof_s16_market_151ded65ae999fde','Trade Fair Complex','trade fair complex market market marketplace plaza mall trading centre nigeria','place_nigeria_001','commerce',unixepoch(),unixepoch());
INSERT OR IGNORE INTO seed_ingestion_records (id,seed_run_id,entity_type,entity_id,source_id,status) VALUES ('ir_s16_market_151ded65ae999fde','seed_run_s16_market_batch2_20260502','organization','org_s16_market_151ded65ae999fde','seed_source_osm_market_ng_s16b_20260502','ingested');
INSERT OR IGNORE INTO seed_entity_sources (id,seed_run_id,entity_type,entity_id,source_id,confidence_tier) VALUES ('es_s16_market_151ded65ae999fde','seed_run_s16_market_batch2_20260502','organization','org_s16_market_151ded65ae999fde','seed_source_osm_market_ng_s16b_20260502','seeded');
INSERT OR IGNORE INTO seed_enrichment (id,seed_run_id,entity_type,entity_id,enrichment_type,enrichment_json) VALUES ('enr_s16_market_151ded65ae999fde','seed_run_s16_market_batch2_20260502','organization','org_s16_market_151ded65ae999fde','seed_source_osm_market_ng_s16b_20260502','{"osm_id": "733882946", "osm_type": "way", "amenity": "", "shop": "", "addr_state": "", "addr_lga": "", "operator": "", "opening_hours": ""}');

-- 171. Ladipo Market
INSERT OR IGNORE INTO organizations (id,tenant_id,organization_type,legal_name,display_name,registration_number,status,verification_state,created_at,updated_at) VALUES ('org_s16_market_6a966a8c4048d0d8','tenant_platform_seed','market','Ladipo Market','Ladipo Market',NULL,'active','seeded',unixepoch(),unixepoch());
INSERT OR IGNORE INTO profiles (id,subject_id,subject_type,primary_place_id,tenant_id,workspace_id,display_name,created_at,updated_at) VALUES ('prof_s16_market_6a966a8c4048d0d8','org_s16_market_6a966a8c4048d0d8','organization','place_nigeria_001','tenant_platform_seed','workspace_platform_seed_discovery','Ladipo Market',unixepoch(),unixepoch());
INSERT OR IGNORE INTO search_entries (id,profile_id,display_name,keywords,ancestry_path,vertical,created_at,updated_at) VALUES ('se_s16_market_6a966a8c4048d0d8','prof_s16_market_6a966a8c4048d0d8','Ladipo Market','ladipo market market market marketplace plaza mall trading centre nigeria','place_nigeria_001','commerce',unixepoch(),unixepoch());
INSERT OR IGNORE INTO seed_ingestion_records (id,seed_run_id,entity_type,entity_id,source_id,status) VALUES ('ir_s16_market_6a966a8c4048d0d8','seed_run_s16_market_batch2_20260502','organization','org_s16_market_6a966a8c4048d0d8','seed_source_osm_market_ng_s16b_20260502','ingested');
INSERT OR IGNORE INTO seed_entity_sources (id,seed_run_id,entity_type,entity_id,source_id,confidence_tier) VALUES ('es_s16_market_6a966a8c4048d0d8','seed_run_s16_market_batch2_20260502','organization','org_s16_market_6a966a8c4048d0d8','seed_source_osm_market_ng_s16b_20260502','seeded');
INSERT OR IGNORE INTO seed_enrichment (id,seed_run_id,entity_type,entity_id,enrichment_type,enrichment_json) VALUES ('enr_s16_market_6a966a8c4048d0d8','seed_run_s16_market_batch2_20260502','organization','org_s16_market_6a966a8c4048d0d8','seed_source_osm_market_ng_s16b_20260502','{"osm_id": "735006423", "osm_type": "way", "amenity": "marketplace", "shop": "", "addr_state": "", "addr_lga": "", "operator": "", "opening_hours": ""}');

-- 172. Mike Adenuga Centre
INSERT OR IGNORE INTO organizations (id,tenant_id,organization_type,legal_name,display_name,registration_number,status,verification_state,created_at,updated_at) VALUES ('org_s16_market_d402533abcf916ca','tenant_platform_seed','market','Mike Adenuga Centre','Mike Adenuga Centre',NULL,'active','seeded',unixepoch(),unixepoch());
INSERT OR IGNORE INTO profiles (id,subject_id,subject_type,primary_place_id,tenant_id,workspace_id,display_name,created_at,updated_at) VALUES ('prof_s16_market_d402533abcf916ca','org_s16_market_d402533abcf916ca','organization','place_nigeria_001','tenant_platform_seed','workspace_platform_seed_discovery','Mike Adenuga Centre',unixepoch(),unixepoch());
INSERT OR IGNORE INTO search_entries (id,profile_id,display_name,keywords,ancestry_path,vertical,created_at,updated_at) VALUES ('se_s16_market_d402533abcf916ca','prof_s16_market_d402533abcf916ca','Mike Adenuga Centre','mike adenuga centre market market marketplace plaza mall trading centre nigeria','place_nigeria_001','commerce',unixepoch(),unixepoch());
INSERT OR IGNORE INTO seed_ingestion_records (id,seed_run_id,entity_type,entity_id,source_id,status) VALUES ('ir_s16_market_d402533abcf916ca','seed_run_s16_market_batch2_20260502','organization','org_s16_market_d402533abcf916ca','seed_source_osm_market_ng_s16b_20260502','ingested');
INSERT OR IGNORE INTO seed_entity_sources (id,seed_run_id,entity_type,entity_id,source_id,confidence_tier) VALUES ('es_s16_market_d402533abcf916ca','seed_run_s16_market_batch2_20260502','organization','org_s16_market_d402533abcf916ca','seed_source_osm_market_ng_s16b_20260502','seeded');
INSERT OR IGNORE INTO seed_enrichment (id,seed_run_id,entity_type,entity_id,enrichment_type,enrichment_json) VALUES ('enr_s16_market_d402533abcf916ca','seed_run_s16_market_batch2_20260502','organization','org_s16_market_d402533abcf916ca','seed_source_osm_market_ng_s16b_20260502','{"osm_id": "738508502", "osm_type": "way", "amenity": "", "shop": "", "addr_state": "", "addr_lga": "", "operator": "", "opening_hours": ""}');

-- 173. Igando Market
INSERT OR IGNORE INTO organizations (id,tenant_id,organization_type,legal_name,display_name,registration_number,status,verification_state,created_at,updated_at) VALUES ('org_s16_market_d743ecf5b138d987','tenant_platform_seed','market','Igando Market','Igando Market',NULL,'active','seeded',unixepoch(),unixepoch());
INSERT OR IGNORE INTO profiles (id,subject_id,subject_type,primary_place_id,tenant_id,workspace_id,display_name,created_at,updated_at) VALUES ('prof_s16_market_d743ecf5b138d987','org_s16_market_d743ecf5b138d987','organization','place_nigeria_001','tenant_platform_seed','workspace_platform_seed_discovery','Igando Market',unixepoch(),unixepoch());
INSERT OR IGNORE INTO search_entries (id,profile_id,display_name,keywords,ancestry_path,vertical,created_at,updated_at) VALUES ('se_s16_market_d743ecf5b138d987','prof_s16_market_d743ecf5b138d987','Igando Market','igando market market market marketplace plaza mall trading centre nigeria','place_nigeria_001','commerce',unixepoch(),unixepoch());
INSERT OR IGNORE INTO seed_ingestion_records (id,seed_run_id,entity_type,entity_id,source_id,status) VALUES ('ir_s16_market_d743ecf5b138d987','seed_run_s16_market_batch2_20260502','organization','org_s16_market_d743ecf5b138d987','seed_source_osm_market_ng_s16b_20260502','ingested');
INSERT OR IGNORE INTO seed_entity_sources (id,seed_run_id,entity_type,entity_id,source_id,confidence_tier) VALUES ('es_s16_market_d743ecf5b138d987','seed_run_s16_market_batch2_20260502','organization','org_s16_market_d743ecf5b138d987','seed_source_osm_market_ng_s16b_20260502','seeded');
INSERT OR IGNORE INTO seed_enrichment (id,seed_run_id,entity_type,entity_id,enrichment_type,enrichment_json) VALUES ('enr_s16_market_d743ecf5b138d987','seed_run_s16_market_batch2_20260502','organization','org_s16_market_d743ecf5b138d987','seed_source_osm_market_ng_s16b_20260502','{"osm_id": "738682065", "osm_type": "way", "amenity": "marketplace", "shop": "", "addr_state": "", "addr_lga": "", "operator": "", "opening_hours": ""}');

-- 174. Ashade Market
INSERT OR IGNORE INTO organizations (id,tenant_id,organization_type,legal_name,display_name,registration_number,status,verification_state,created_at,updated_at) VALUES ('org_s16_market_f2cd572ea7efa972','tenant_platform_seed','market','Ashade Market','Ashade Market',NULL,'active','seeded',unixepoch(),unixepoch());
INSERT OR IGNORE INTO profiles (id,subject_id,subject_type,primary_place_id,tenant_id,workspace_id,display_name,created_at,updated_at) VALUES ('prof_s16_market_f2cd572ea7efa972','org_s16_market_f2cd572ea7efa972','organization','place_nigeria_001','tenant_platform_seed','workspace_platform_seed_discovery','Ashade Market',unixepoch(),unixepoch());
INSERT OR IGNORE INTO search_entries (id,profile_id,display_name,keywords,ancestry_path,vertical,created_at,updated_at) VALUES ('se_s16_market_f2cd572ea7efa972','prof_s16_market_f2cd572ea7efa972','Ashade Market','ashade market market market marketplace plaza mall trading centre nigeria','place_nigeria_001','commerce',unixepoch(),unixepoch());
INSERT OR IGNORE INTO seed_ingestion_records (id,seed_run_id,entity_type,entity_id,source_id,status) VALUES ('ir_s16_market_f2cd572ea7efa972','seed_run_s16_market_batch2_20260502','organization','org_s16_market_f2cd572ea7efa972','seed_source_osm_market_ng_s16b_20260502','ingested');
INSERT OR IGNORE INTO seed_entity_sources (id,seed_run_id,entity_type,entity_id,source_id,confidence_tier) VALUES ('es_s16_market_f2cd572ea7efa972','seed_run_s16_market_batch2_20260502','organization','org_s16_market_f2cd572ea7efa972','seed_source_osm_market_ng_s16b_20260502','seeded');
INSERT OR IGNORE INTO seed_enrichment (id,seed_run_id,entity_type,entity_id,enrichment_type,enrichment_json) VALUES ('enr_s16_market_f2cd572ea7efa972','seed_run_s16_market_batch2_20260502','organization','org_s16_market_f2cd572ea7efa972','seed_source_osm_market_ng_s16b_20260502','{"osm_id": "740963155", "osm_type": "way", "amenity": "marketplace", "shop": "", "addr_state": "", "addr_lga": "", "operator": "", "opening_hours": ""}');

-- 175. Onigbongbo Market
INSERT OR IGNORE INTO organizations (id,tenant_id,organization_type,legal_name,display_name,registration_number,status,verification_state,created_at,updated_at) VALUES ('org_s16_market_13e2a1744495e4dd','tenant_platform_seed','market','Onigbongbo Market','Onigbongbo Market',NULL,'active','seeded',unixepoch(),unixepoch());
INSERT OR IGNORE INTO profiles (id,subject_id,subject_type,primary_place_id,tenant_id,workspace_id,display_name,created_at,updated_at) VALUES ('prof_s16_market_13e2a1744495e4dd','org_s16_market_13e2a1744495e4dd','organization','place_nigeria_001','tenant_platform_seed','workspace_platform_seed_discovery','Onigbongbo Market',unixepoch(),unixepoch());
INSERT OR IGNORE INTO search_entries (id,profile_id,display_name,keywords,ancestry_path,vertical,created_at,updated_at) VALUES ('se_s16_market_13e2a1744495e4dd','prof_s16_market_13e2a1744495e4dd','Onigbongbo Market','onigbongbo market market market marketplace plaza mall trading centre nigeria','place_nigeria_001','commerce',unixepoch(),unixepoch());
INSERT OR IGNORE INTO seed_ingestion_records (id,seed_run_id,entity_type,entity_id,source_id,status) VALUES ('ir_s16_market_13e2a1744495e4dd','seed_run_s16_market_batch2_20260502','organization','org_s16_market_13e2a1744495e4dd','seed_source_osm_market_ng_s16b_20260502','ingested');
INSERT OR IGNORE INTO seed_entity_sources (id,seed_run_id,entity_type,entity_id,source_id,confidence_tier) VALUES ('es_s16_market_13e2a1744495e4dd','seed_run_s16_market_batch2_20260502','organization','org_s16_market_13e2a1744495e4dd','seed_source_osm_market_ng_s16b_20260502','seeded');
INSERT OR IGNORE INTO seed_enrichment (id,seed_run_id,entity_type,entity_id,enrichment_type,enrichment_json) VALUES ('enr_s16_market_13e2a1744495e4dd','seed_run_s16_market_batch2_20260502','organization','org_s16_market_13e2a1744495e4dd','seed_source_osm_market_ng_s16b_20260502','{"osm_id": "744431843", "osm_type": "way", "amenity": "marketplace", "shop": "", "addr_state": "", "addr_lga": "", "operator": "", "opening_hours": ""}');

-- 176. Muris Shopping Complex
INSERT OR IGNORE INTO organizations (id,tenant_id,organization_type,legal_name,display_name,registration_number,status,verification_state,created_at,updated_at) VALUES ('org_s16_market_e0fde35d7f5e8868','tenant_platform_seed','market','Muris Shopping Complex','Muris Shopping Complex',NULL,'active','seeded',unixepoch(),unixepoch());
INSERT OR IGNORE INTO profiles (id,subject_id,subject_type,primary_place_id,tenant_id,workspace_id,display_name,created_at,updated_at) VALUES ('prof_s16_market_e0fde35d7f5e8868','org_s16_market_e0fde35d7f5e8868','organization','place_nigeria_001','tenant_platform_seed','workspace_platform_seed_discovery','Muris Shopping Complex',unixepoch(),unixepoch());
INSERT OR IGNORE INTO search_entries (id,profile_id,display_name,keywords,ancestry_path,vertical,created_at,updated_at) VALUES ('se_s16_market_e0fde35d7f5e8868','prof_s16_market_e0fde35d7f5e8868','Muris Shopping Complex','muris shopping complex market market marketplace plaza mall trading centre nigeria','place_nigeria_001','commerce',unixepoch(),unixepoch());
INSERT OR IGNORE INTO seed_ingestion_records (id,seed_run_id,entity_type,entity_id,source_id,status) VALUES ('ir_s16_market_e0fde35d7f5e8868','seed_run_s16_market_batch2_20260502','organization','org_s16_market_e0fde35d7f5e8868','seed_source_osm_market_ng_s16b_20260502','ingested');
INSERT OR IGNORE INTO seed_entity_sources (id,seed_run_id,entity_type,entity_id,source_id,confidence_tier) VALUES ('es_s16_market_e0fde35d7f5e8868','seed_run_s16_market_batch2_20260502','organization','org_s16_market_e0fde35d7f5e8868','seed_source_osm_market_ng_s16b_20260502','seeded');
INSERT OR IGNORE INTO seed_enrichment (id,seed_run_id,entity_type,entity_id,enrichment_type,enrichment_json) VALUES ('enr_s16_market_e0fde35d7f5e8868','seed_run_s16_market_batch2_20260502','organization','org_s16_market_e0fde35d7f5e8868','seed_source_osm_market_ng_s16b_20260502','{"osm_id": "745470857", "osm_type": "way", "amenity": "", "shop": "", "addr_state": "", "addr_lga": "", "operator": "", "opening_hours": ""}');

-- 177. Plank Market
INSERT OR IGNORE INTO organizations (id,tenant_id,organization_type,legal_name,display_name,registration_number,status,verification_state,created_at,updated_at) VALUES ('org_s16_market_7566980a186f2516','tenant_platform_seed','market','Plank Market','Plank Market',NULL,'active','seeded',unixepoch(),unixepoch());
INSERT OR IGNORE INTO profiles (id,subject_id,subject_type,primary_place_id,tenant_id,workspace_id,display_name,created_at,updated_at) VALUES ('prof_s16_market_7566980a186f2516','org_s16_market_7566980a186f2516','organization','place_nigeria_001','tenant_platform_seed','workspace_platform_seed_discovery','Plank Market',unixepoch(),unixepoch());
INSERT OR IGNORE INTO search_entries (id,profile_id,display_name,keywords,ancestry_path,vertical,created_at,updated_at) VALUES ('se_s16_market_7566980a186f2516','prof_s16_market_7566980a186f2516','Plank Market','plank market market market marketplace plaza mall trading centre nigeria','place_nigeria_001','commerce',unixepoch(),unixepoch());
INSERT OR IGNORE INTO seed_ingestion_records (id,seed_run_id,entity_type,entity_id,source_id,status) VALUES ('ir_s16_market_7566980a186f2516','seed_run_s16_market_batch2_20260502','organization','org_s16_market_7566980a186f2516','seed_source_osm_market_ng_s16b_20260502','ingested');
INSERT OR IGNORE INTO seed_entity_sources (id,seed_run_id,entity_type,entity_id,source_id,confidence_tier) VALUES ('es_s16_market_7566980a186f2516','seed_run_s16_market_batch2_20260502','organization','org_s16_market_7566980a186f2516','seed_source_osm_market_ng_s16b_20260502','seeded');
INSERT OR IGNORE INTO seed_enrichment (id,seed_run_id,entity_type,entity_id,enrichment_type,enrichment_json) VALUES ('enr_s16_market_7566980a186f2516','seed_run_s16_market_batch2_20260502','organization','org_s16_market_7566980a186f2516','seed_source_osm_market_ng_s16b_20260502','{"osm_id": "745484009", "osm_type": "way", "amenity": "marketplace", "shop": "", "addr_state": "", "addr_lga": "", "operator": "", "opening_hours": ""}');

-- 178. Boundary Market
INSERT OR IGNORE INTO organizations (id,tenant_id,organization_type,legal_name,display_name,registration_number,status,verification_state,created_at,updated_at) VALUES ('org_s16_market_47b0437634c3ab52','tenant_platform_seed','market','Boundary Market','Boundary Market',NULL,'active','seeded',unixepoch(),unixepoch());
INSERT OR IGNORE INTO profiles (id,subject_id,subject_type,primary_place_id,tenant_id,workspace_id,display_name,created_at,updated_at) VALUES ('prof_s16_market_47b0437634c3ab52','org_s16_market_47b0437634c3ab52','organization','place_nigeria_001','tenant_platform_seed','workspace_platform_seed_discovery','Boundary Market',unixepoch(),unixepoch());
INSERT OR IGNORE INTO search_entries (id,profile_id,display_name,keywords,ancestry_path,vertical,created_at,updated_at) VALUES ('se_s16_market_47b0437634c3ab52','prof_s16_market_47b0437634c3ab52','Boundary Market','boundary market market market marketplace plaza mall trading centre nigeria','place_nigeria_001','commerce',unixepoch(),unixepoch());
INSERT OR IGNORE INTO seed_ingestion_records (id,seed_run_id,entity_type,entity_id,source_id,status) VALUES ('ir_s16_market_47b0437634c3ab52','seed_run_s16_market_batch2_20260502','organization','org_s16_market_47b0437634c3ab52','seed_source_osm_market_ng_s16b_20260502','ingested');
INSERT OR IGNORE INTO seed_entity_sources (id,seed_run_id,entity_type,entity_id,source_id,confidence_tier) VALUES ('es_s16_market_47b0437634c3ab52','seed_run_s16_market_batch2_20260502','organization','org_s16_market_47b0437634c3ab52','seed_source_osm_market_ng_s16b_20260502','seeded');
INSERT OR IGNORE INTO seed_enrichment (id,seed_run_id,entity_type,entity_id,enrichment_type,enrichment_json) VALUES ('enr_s16_market_47b0437634c3ab52','seed_run_s16_market_batch2_20260502','organization','org_s16_market_47b0437634c3ab52','seed_source_osm_market_ng_s16b_20260502','{"osm_id": "746662239", "osm_type": "way", "amenity": "marketplace", "shop": "", "addr_state": "", "addr_lga": "", "operator": "", "opening_hours": ""}');

-- 179. Owode Onirin Market
INSERT OR IGNORE INTO organizations (id,tenant_id,organization_type,legal_name,display_name,registration_number,status,verification_state,created_at,updated_at) VALUES ('org_s16_market_99e40409af535dd8','tenant_platform_seed','market','Owode Onirin Market','Owode Onirin Market',NULL,'active','seeded',unixepoch(),unixepoch());
INSERT OR IGNORE INTO profiles (id,subject_id,subject_type,primary_place_id,tenant_id,workspace_id,display_name,created_at,updated_at) VALUES ('prof_s16_market_99e40409af535dd8','org_s16_market_99e40409af535dd8','organization','place_nigeria_001','tenant_platform_seed','workspace_platform_seed_discovery','Owode Onirin Market',unixepoch(),unixepoch());
INSERT OR IGNORE INTO search_entries (id,profile_id,display_name,keywords,ancestry_path,vertical,created_at,updated_at) VALUES ('se_s16_market_99e40409af535dd8','prof_s16_market_99e40409af535dd8','Owode Onirin Market','owode onirin market market market marketplace plaza mall trading centre nigeria','place_nigeria_001','commerce',unixepoch(),unixepoch());
INSERT OR IGNORE INTO seed_ingestion_records (id,seed_run_id,entity_type,entity_id,source_id,status) VALUES ('ir_s16_market_99e40409af535dd8','seed_run_s16_market_batch2_20260502','organization','org_s16_market_99e40409af535dd8','seed_source_osm_market_ng_s16b_20260502','ingested');
INSERT OR IGNORE INTO seed_entity_sources (id,seed_run_id,entity_type,entity_id,source_id,confidence_tier) VALUES ('es_s16_market_99e40409af535dd8','seed_run_s16_market_batch2_20260502','organization','org_s16_market_99e40409af535dd8','seed_source_osm_market_ng_s16b_20260502','seeded');
INSERT OR IGNORE INTO seed_enrichment (id,seed_run_id,entity_type,entity_id,enrichment_type,enrichment_json) VALUES ('enr_s16_market_99e40409af535dd8','seed_run_s16_market_batch2_20260502','organization','org_s16_market_99e40409af535dd8','seed_source_osm_market_ng_s16b_20260502','{"osm_id": "747160977", "osm_type": "way", "amenity": "marketplace", "shop": "", "addr_state": "", "addr_lga": "", "operator": "", "opening_hours": ""}');

-- 180. Florence Adebanjo Shopping Complex
INSERT OR IGNORE INTO organizations (id,tenant_id,organization_type,legal_name,display_name,registration_number,status,verification_state,created_at,updated_at) VALUES ('org_s16_market_15acb390755ae51b','tenant_platform_seed','market','Florence Adebanjo Shopping Complex','Florence Adebanjo Shopping Complex',NULL,'active','seeded',unixepoch(),unixepoch());
INSERT OR IGNORE INTO profiles (id,subject_id,subject_type,primary_place_id,tenant_id,workspace_id,display_name,created_at,updated_at) VALUES ('prof_s16_market_15acb390755ae51b','org_s16_market_15acb390755ae51b','organization','place_nigeria_001','tenant_platform_seed','workspace_platform_seed_discovery','Florence Adebanjo Shopping Complex',unixepoch(),unixepoch());
INSERT OR IGNORE INTO search_entries (id,profile_id,display_name,keywords,ancestry_path,vertical,created_at,updated_at) VALUES ('se_s16_market_15acb390755ae51b','prof_s16_market_15acb390755ae51b','Florence Adebanjo Shopping Complex','florence adebanjo shopping complex market market marketplace plaza mall trading centre nigeria','place_nigeria_001','commerce',unixepoch(),unixepoch());
INSERT OR IGNORE INTO seed_ingestion_records (id,seed_run_id,entity_type,entity_id,source_id,status) VALUES ('ir_s16_market_15acb390755ae51b','seed_run_s16_market_batch2_20260502','organization','org_s16_market_15acb390755ae51b','seed_source_osm_market_ng_s16b_20260502','ingested');
INSERT OR IGNORE INTO seed_entity_sources (id,seed_run_id,entity_type,entity_id,source_id,confidence_tier) VALUES ('es_s16_market_15acb390755ae51b','seed_run_s16_market_batch2_20260502','organization','org_s16_market_15acb390755ae51b','seed_source_osm_market_ng_s16b_20260502','seeded');
INSERT OR IGNORE INTO seed_enrichment (id,seed_run_id,entity_type,entity_id,enrichment_type,enrichment_json) VALUES ('enr_s16_market_15acb390755ae51b','seed_run_s16_market_batch2_20260502','organization','org_s16_market_15acb390755ae51b','seed_source_osm_market_ng_s16b_20260502','{"osm_id": "747457380", "osm_type": "way", "amenity": "", "shop": "", "addr_state": "", "addr_lga": "", "operator": "", "opening_hours": ""}');

-- 181. Temidire Dopemu Market
INSERT OR IGNORE INTO organizations (id,tenant_id,organization_type,legal_name,display_name,registration_number,status,verification_state,created_at,updated_at) VALUES ('org_s16_market_9ad0dc653c4598c3','tenant_platform_seed','market','Temidire Dopemu Market','Temidire Dopemu Market',NULL,'active','seeded',unixepoch(),unixepoch());
INSERT OR IGNORE INTO profiles (id,subject_id,subject_type,primary_place_id,tenant_id,workspace_id,display_name,created_at,updated_at) VALUES ('prof_s16_market_9ad0dc653c4598c3','org_s16_market_9ad0dc653c4598c3','organization','place_nigeria_001','tenant_platform_seed','workspace_platform_seed_discovery','Temidire Dopemu Market',unixepoch(),unixepoch());
INSERT OR IGNORE INTO search_entries (id,profile_id,display_name,keywords,ancestry_path,vertical,created_at,updated_at) VALUES ('se_s16_market_9ad0dc653c4598c3','prof_s16_market_9ad0dc653c4598c3','Temidire Dopemu Market','temidire dopemu market market market marketplace plaza mall trading centre nigeria','place_nigeria_001','commerce',unixepoch(),unixepoch());
INSERT OR IGNORE INTO seed_ingestion_records (id,seed_run_id,entity_type,entity_id,source_id,status) VALUES ('ir_s16_market_9ad0dc653c4598c3','seed_run_s16_market_batch2_20260502','organization','org_s16_market_9ad0dc653c4598c3','seed_source_osm_market_ng_s16b_20260502','ingested');
INSERT OR IGNORE INTO seed_entity_sources (id,seed_run_id,entity_type,entity_id,source_id,confidence_tier) VALUES ('es_s16_market_9ad0dc653c4598c3','seed_run_s16_market_batch2_20260502','organization','org_s16_market_9ad0dc653c4598c3','seed_source_osm_market_ng_s16b_20260502','seeded');
INSERT OR IGNORE INTO seed_enrichment (id,seed_run_id,entity_type,entity_id,enrichment_type,enrichment_json) VALUES ('enr_s16_market_9ad0dc653c4598c3','seed_run_s16_market_batch2_20260502','organization','org_s16_market_9ad0dc653c4598c3','seed_source_osm_market_ng_s16b_20260502','{"osm_id": "748621682", "osm_type": "way", "amenity": "marketplace", "shop": "", "addr_state": "", "addr_lga": "", "operator": "", "opening_hours": ""}');

-- 182. Fruit Market
INSERT OR IGNORE INTO organizations (id,tenant_id,organization_type,legal_name,display_name,registration_number,status,verification_state,created_at,updated_at) VALUES ('org_s16_market_0fd5b2ac69d055e3','tenant_platform_seed','market','Fruit Market','Fruit Market',NULL,'active','seeded',unixepoch(),unixepoch());
INSERT OR IGNORE INTO profiles (id,subject_id,subject_type,primary_place_id,tenant_id,workspace_id,display_name,created_at,updated_at) VALUES ('prof_s16_market_0fd5b2ac69d055e3','org_s16_market_0fd5b2ac69d055e3','organization','place_nigeria_001','tenant_platform_seed','workspace_platform_seed_discovery','Fruit Market',unixepoch(),unixepoch());
INSERT OR IGNORE INTO search_entries (id,profile_id,display_name,keywords,ancestry_path,vertical,created_at,updated_at) VALUES ('se_s16_market_0fd5b2ac69d055e3','prof_s16_market_0fd5b2ac69d055e3','Fruit Market','fruit market market market marketplace plaza mall trading centre nigeria','place_nigeria_001','commerce',unixepoch(),unixepoch());
INSERT OR IGNORE INTO seed_ingestion_records (id,seed_run_id,entity_type,entity_id,source_id,status) VALUES ('ir_s16_market_0fd5b2ac69d055e3','seed_run_s16_market_batch2_20260502','organization','org_s16_market_0fd5b2ac69d055e3','seed_source_osm_market_ng_s16b_20260502','ingested');
INSERT OR IGNORE INTO seed_entity_sources (id,seed_run_id,entity_type,entity_id,source_id,confidence_tier) VALUES ('es_s16_market_0fd5b2ac69d055e3','seed_run_s16_market_batch2_20260502','organization','org_s16_market_0fd5b2ac69d055e3','seed_source_osm_market_ng_s16b_20260502','seeded');
INSERT OR IGNORE INTO seed_enrichment (id,seed_run_id,entity_type,entity_id,enrichment_type,enrichment_json) VALUES ('enr_s16_market_0fd5b2ac69d055e3','seed_run_s16_market_batch2_20260502','organization','org_s16_market_0fd5b2ac69d055e3','seed_source_osm_market_ng_s16b_20260502','{"osm_id": "752958096", "osm_type": "way", "amenity": "", "shop": "farm", "addr_state": "", "addr_lga": "", "operator": "", "opening_hours": ""}');

-- 183. Port Harcourt Mall
INSERT OR IGNORE INTO organizations (id,tenant_id,organization_type,legal_name,display_name,registration_number,status,verification_state,created_at,updated_at) VALUES ('org_s16_market_d9b1d824df951afa','tenant_platform_seed','shopping_mall','Port Harcourt Mall','Port Harcourt Mall',NULL,'active','seeded',unixepoch(),unixepoch());
INSERT OR IGNORE INTO profiles (id,subject_id,subject_type,primary_place_id,tenant_id,workspace_id,display_name,created_at,updated_at) VALUES ('prof_s16_market_d9b1d824df951afa','org_s16_market_d9b1d824df951afa','organization','place_nigeria_001','tenant_platform_seed','workspace_platform_seed_discovery','Port Harcourt Mall',unixepoch(),unixepoch());
INSERT OR IGNORE INTO search_entries (id,profile_id,display_name,keywords,ancestry_path,vertical,created_at,updated_at) VALUES ('se_s16_market_d9b1d824df951afa','prof_s16_market_d9b1d824df951afa','Port Harcourt Mall','port harcourt mall shopping_mall market marketplace plaza mall trading centre nigeria','place_nigeria_001','commerce',unixepoch(),unixepoch());
INSERT OR IGNORE INTO seed_ingestion_records (id,seed_run_id,entity_type,entity_id,source_id,status) VALUES ('ir_s16_market_d9b1d824df951afa','seed_run_s16_market_batch2_20260502','organization','org_s16_market_d9b1d824df951afa','seed_source_osm_market_ng_s16b_20260502','ingested');
INSERT OR IGNORE INTO seed_entity_sources (id,seed_run_id,entity_type,entity_id,source_id,confidence_tier) VALUES ('es_s16_market_d9b1d824df951afa','seed_run_s16_market_batch2_20260502','organization','org_s16_market_d9b1d824df951afa','seed_source_osm_market_ng_s16b_20260502','seeded');
INSERT OR IGNORE INTO seed_enrichment (id,seed_run_id,entity_type,entity_id,enrichment_type,enrichment_json) VALUES ('enr_s16_market_d9b1d824df951afa','seed_run_s16_market_batch2_20260502','organization','org_s16_market_d9b1d824df951afa','seed_source_osm_market_ng_s16b_20260502','{"osm_id": "755344367", "osm_type": "way", "amenity": "", "shop": "mall", "addr_state": "", "addr_lga": "", "operator": "", "opening_hours": ""}');

-- 184. Oba Market
INSERT OR IGNORE INTO organizations (id,tenant_id,organization_type,legal_name,display_name,registration_number,status,verification_state,created_at,updated_at) VALUES ('org_s16_market_0c2533dd0339ab9c','tenant_platform_seed','market','Oba Market','Oba Market',NULL,'active','seeded',unixepoch(),unixepoch());
INSERT OR IGNORE INTO profiles (id,subject_id,subject_type,primary_place_id,tenant_id,workspace_id,display_name,created_at,updated_at) VALUES ('prof_s16_market_0c2533dd0339ab9c','org_s16_market_0c2533dd0339ab9c','organization','place_nigeria_001','tenant_platform_seed','workspace_platform_seed_discovery','Oba Market',unixepoch(),unixepoch());
INSERT OR IGNORE INTO search_entries (id,profile_id,display_name,keywords,ancestry_path,vertical,created_at,updated_at) VALUES ('se_s16_market_0c2533dd0339ab9c','prof_s16_market_0c2533dd0339ab9c','Oba Market','oba market market market marketplace plaza mall trading centre nigeria','place_nigeria_001','commerce',unixepoch(),unixepoch());
INSERT OR IGNORE INTO seed_ingestion_records (id,seed_run_id,entity_type,entity_id,source_id,status) VALUES ('ir_s16_market_0c2533dd0339ab9c','seed_run_s16_market_batch2_20260502','organization','org_s16_market_0c2533dd0339ab9c','seed_source_osm_market_ng_s16b_20260502','ingested');
INSERT OR IGNORE INTO seed_entity_sources (id,seed_run_id,entity_type,entity_id,source_id,confidence_tier) VALUES ('es_s16_market_0c2533dd0339ab9c','seed_run_s16_market_batch2_20260502','organization','org_s16_market_0c2533dd0339ab9c','seed_source_osm_market_ng_s16b_20260502','seeded');
INSERT OR IGNORE INTO seed_enrichment (id,seed_run_id,entity_type,entity_id,enrichment_type,enrichment_json) VALUES ('enr_s16_market_0c2533dd0339ab9c','seed_run_s16_market_batch2_20260502','organization','org_s16_market_0c2533dd0339ab9c','seed_source_osm_market_ng_s16b_20260502','{"osm_id": "759470271", "osm_type": "way", "amenity": "marketplace", "shop": "", "addr_state": "", "addr_lga": "", "operator": "", "opening_hours": ""}');

-- 185. Railway Line Ogbete Market
INSERT OR IGNORE INTO organizations (id,tenant_id,organization_type,legal_name,display_name,registration_number,status,verification_state,created_at,updated_at) VALUES ('org_s16_market_e635c4371e7e5846','tenant_platform_seed','market','Railway Line Ogbete Market','Railway Line Ogbete Market',NULL,'active','seeded',unixepoch(),unixepoch());
INSERT OR IGNORE INTO profiles (id,subject_id,subject_type,primary_place_id,tenant_id,workspace_id,display_name,created_at,updated_at) VALUES ('prof_s16_market_e635c4371e7e5846','org_s16_market_e635c4371e7e5846','organization','place_nigeria_001','tenant_platform_seed','workspace_platform_seed_discovery','Railway Line Ogbete Market',unixepoch(),unixepoch());
INSERT OR IGNORE INTO search_entries (id,profile_id,display_name,keywords,ancestry_path,vertical,created_at,updated_at) VALUES ('se_s16_market_e635c4371e7e5846','prof_s16_market_e635c4371e7e5846','Railway Line Ogbete Market','railway line ogbete market market market marketplace plaza mall trading centre nigeria','place_nigeria_001','commerce',unixepoch(),unixepoch());
INSERT OR IGNORE INTO seed_ingestion_records (id,seed_run_id,entity_type,entity_id,source_id,status) VALUES ('ir_s16_market_e635c4371e7e5846','seed_run_s16_market_batch2_20260502','organization','org_s16_market_e635c4371e7e5846','seed_source_osm_market_ng_s16b_20260502','ingested');
INSERT OR IGNORE INTO seed_entity_sources (id,seed_run_id,entity_type,entity_id,source_id,confidence_tier) VALUES ('es_s16_market_e635c4371e7e5846','seed_run_s16_market_batch2_20260502','organization','org_s16_market_e635c4371e7e5846','seed_source_osm_market_ng_s16b_20260502','seeded');
INSERT OR IGNORE INTO seed_enrichment (id,seed_run_id,entity_type,entity_id,enrichment_type,enrichment_json) VALUES ('enr_s16_market_e635c4371e7e5846','seed_run_s16_market_batch2_20260502','organization','org_s16_market_e635c4371e7e5846','seed_source_osm_market_ng_s16b_20260502','{"osm_id": "760014544", "osm_type": "way", "amenity": "marketplace", "shop": "", "addr_state": "", "addr_lga": "", "operator": "", "opening_hours": ""}');

-- 186. Novare Gateway Mall
INSERT OR IGNORE INTO organizations (id,tenant_id,organization_type,legal_name,display_name,registration_number,status,verification_state,created_at,updated_at) VALUES ('org_s16_market_e839e3892972b1d8','tenant_platform_seed','market','Novare Gateway Mall','Novare Gateway Mall',NULL,'active','seeded',unixepoch(),unixepoch());
INSERT OR IGNORE INTO profiles (id,subject_id,subject_type,primary_place_id,tenant_id,workspace_id,display_name,created_at,updated_at) VALUES ('prof_s16_market_e839e3892972b1d8','org_s16_market_e839e3892972b1d8','organization','place_nigeria_001','tenant_platform_seed','workspace_platform_seed_discovery','Novare Gateway Mall',unixepoch(),unixepoch());
INSERT OR IGNORE INTO search_entries (id,profile_id,display_name,keywords,ancestry_path,vertical,created_at,updated_at) VALUES ('se_s16_market_e839e3892972b1d8','prof_s16_market_e839e3892972b1d8','Novare Gateway Mall','novare gateway mall market market marketplace plaza mall trading centre nigeria','place_nigeria_001','commerce',unixepoch(),unixepoch());
INSERT OR IGNORE INTO seed_ingestion_records (id,seed_run_id,entity_type,entity_id,source_id,status) VALUES ('ir_s16_market_e839e3892972b1d8','seed_run_s16_market_batch2_20260502','organization','org_s16_market_e839e3892972b1d8','seed_source_osm_market_ng_s16b_20260502','ingested');
INSERT OR IGNORE INTO seed_entity_sources (id,seed_run_id,entity_type,entity_id,source_id,confidence_tier) VALUES ('es_s16_market_e839e3892972b1d8','seed_run_s16_market_batch2_20260502','organization','org_s16_market_e839e3892972b1d8','seed_source_osm_market_ng_s16b_20260502','seeded');
INSERT OR IGNORE INTO seed_enrichment (id,seed_run_id,entity_type,entity_id,enrichment_type,enrichment_json) VALUES ('enr_s16_market_e839e3892972b1d8','seed_run_s16_market_batch2_20260502','organization','org_s16_market_e839e3892972b1d8','seed_source_osm_market_ng_s16b_20260502','{"osm_id": "769776602", "osm_type": "way", "amenity": "", "shop": "", "addr_state": "", "addr_lga": "", "operator": "", "opening_hours": ""}');

-- 187. Zulcanizer
INSERT OR IGNORE INTO organizations (id,tenant_id,organization_type,legal_name,display_name,registration_number,status,verification_state,created_at,updated_at) VALUES ('org_s16_market_720220410560a89a','tenant_platform_seed','market','Zulcanizer','Zulcanizer',NULL,'active','seeded',unixepoch(),unixepoch());
INSERT OR IGNORE INTO profiles (id,subject_id,subject_type,primary_place_id,tenant_id,workspace_id,display_name,created_at,updated_at) VALUES ('prof_s16_market_720220410560a89a','org_s16_market_720220410560a89a','organization','place_nigeria_001','tenant_platform_seed','workspace_platform_seed_discovery','Zulcanizer',unixepoch(),unixepoch());
INSERT OR IGNORE INTO search_entries (id,profile_id,display_name,keywords,ancestry_path,vertical,created_at,updated_at) VALUES ('se_s16_market_720220410560a89a','prof_s16_market_720220410560a89a','Zulcanizer','zulcanizer market market marketplace plaza mall trading centre nigeria','place_nigeria_001','commerce',unixepoch(),unixepoch());
INSERT OR IGNORE INTO seed_ingestion_records (id,seed_run_id,entity_type,entity_id,source_id,status) VALUES ('ir_s16_market_720220410560a89a','seed_run_s16_market_batch2_20260502','organization','org_s16_market_720220410560a89a','seed_source_osm_market_ng_s16b_20260502','ingested');
INSERT OR IGNORE INTO seed_entity_sources (id,seed_run_id,entity_type,entity_id,source_id,confidence_tier) VALUES ('es_s16_market_720220410560a89a','seed_run_s16_market_batch2_20260502','organization','org_s16_market_720220410560a89a','seed_source_osm_market_ng_s16b_20260502','seeded');
INSERT OR IGNORE INTO seed_enrichment (id,seed_run_id,entity_type,entity_id,enrichment_type,enrichment_json) VALUES ('enr_s16_market_720220410560a89a','seed_run_s16_market_batch2_20260502','organization','org_s16_market_720220410560a89a','seed_source_osm_market_ng_s16b_20260502','{"osm_id": "770584316", "osm_type": "way", "amenity": "", "shop": "", "addr_state": "", "addr_lga": "", "operator": "", "opening_hours": ""}');

-- 188. Abattoir
INSERT OR IGNORE INTO organizations (id,tenant_id,organization_type,legal_name,display_name,registration_number,status,verification_state,created_at,updated_at) VALUES ('org_s16_market_28503ba5f40e5fe8','tenant_platform_seed','market','Abattoir','Abattoir',NULL,'active','seeded',unixepoch(),unixepoch());
INSERT OR IGNORE INTO profiles (id,subject_id,subject_type,primary_place_id,tenant_id,workspace_id,display_name,created_at,updated_at) VALUES ('prof_s16_market_28503ba5f40e5fe8','org_s16_market_28503ba5f40e5fe8','organization','place_nigeria_001','tenant_platform_seed','workspace_platform_seed_discovery','Abattoir',unixepoch(),unixepoch());
INSERT OR IGNORE INTO search_entries (id,profile_id,display_name,keywords,ancestry_path,vertical,created_at,updated_at) VALUES ('se_s16_market_28503ba5f40e5fe8','prof_s16_market_28503ba5f40e5fe8','Abattoir','abattoir market gamboru market marketplace plaza mall trading centre nigeria','place_nigeria_001','commerce',unixepoch(),unixepoch());
INSERT OR IGNORE INTO seed_ingestion_records (id,seed_run_id,entity_type,entity_id,source_id,status) VALUES ('ir_s16_market_28503ba5f40e5fe8','seed_run_s16_market_batch2_20260502','organization','org_s16_market_28503ba5f40e5fe8','seed_source_osm_market_ng_s16b_20260502','ingested');
INSERT OR IGNORE INTO seed_entity_sources (id,seed_run_id,entity_type,entity_id,source_id,confidence_tier) VALUES ('es_s16_market_28503ba5f40e5fe8','seed_run_s16_market_batch2_20260502','organization','org_s16_market_28503ba5f40e5fe8','seed_source_osm_market_ng_s16b_20260502','seeded');
INSERT OR IGNORE INTO seed_enrichment (id,seed_run_id,entity_type,entity_id,enrichment_type,enrichment_json) VALUES ('enr_s16_market_28503ba5f40e5fe8','seed_run_s16_market_batch2_20260502','organization','org_s16_market_28503ba5f40e5fe8','seed_source_osm_market_ng_s16b_20260502','{"osm_id": "776077275", "osm_type": "way", "amenity": "marketplace", "shop": "", "addr_state": "", "addr_lga": "Gamboru", "operator": "", "opening_hours": ""}');

-- 189. Chocolate Mall
INSERT OR IGNORE INTO organizations (id,tenant_id,organization_type,legal_name,display_name,registration_number,status,verification_state,created_at,updated_at) VALUES ('org_s16_market_4cfaa40125ec00ee','tenant_platform_seed','shopping_mall','Chocolate Mall','Chocolate Mall',NULL,'active','seeded',unixepoch(),unixepoch());
INSERT OR IGNORE INTO profiles (id,subject_id,subject_type,primary_place_id,tenant_id,workspace_id,display_name,created_at,updated_at) VALUES ('prof_s16_market_4cfaa40125ec00ee','org_s16_market_4cfaa40125ec00ee','organization','place_nigeria_001','tenant_platform_seed','workspace_platform_seed_discovery','Chocolate Mall',unixepoch(),unixepoch());
INSERT OR IGNORE INTO search_entries (id,profile_id,display_name,keywords,ancestry_path,vertical,created_at,updated_at) VALUES ('se_s16_market_4cfaa40125ec00ee','prof_s16_market_4cfaa40125ec00ee','Chocolate Mall','chocolate mall shopping_mall abuja market marketplace plaza mall trading centre nigeria','place_nigeria_001','commerce',unixepoch(),unixepoch());
INSERT OR IGNORE INTO seed_ingestion_records (id,seed_run_id,entity_type,entity_id,source_id,status) VALUES ('ir_s16_market_4cfaa40125ec00ee','seed_run_s16_market_batch2_20260502','organization','org_s16_market_4cfaa40125ec00ee','seed_source_osm_market_ng_s16b_20260502','ingested');
INSERT OR IGNORE INTO seed_entity_sources (id,seed_run_id,entity_type,entity_id,source_id,confidence_tier) VALUES ('es_s16_market_4cfaa40125ec00ee','seed_run_s16_market_batch2_20260502','organization','org_s16_market_4cfaa40125ec00ee','seed_source_osm_market_ng_s16b_20260502','seeded');
INSERT OR IGNORE INTO seed_enrichment (id,seed_run_id,entity_type,entity_id,enrichment_type,enrichment_json) VALUES ('enr_s16_market_4cfaa40125ec00ee','seed_run_s16_market_batch2_20260502','organization','org_s16_market_4cfaa40125ec00ee','seed_source_osm_market_ng_s16b_20260502','{"osm_id": "777033935", "osm_type": "way", "amenity": "", "shop": "mall", "addr_state": "", "addr_lga": "Abuja", "operator": "", "opening_hours": ""}');

-- 190. Nigeria Automobile Technicians Association
INSERT OR IGNORE INTO organizations (id,tenant_id,organization_type,legal_name,display_name,registration_number,status,verification_state,created_at,updated_at) VALUES ('org_s16_market_c92e53df8857a3d0','tenant_platform_seed','market','Nigeria Automobile Technicians Association','Nigeria Automobile Technicians Association',NULL,'active','seeded',unixepoch(),unixepoch());
INSERT OR IGNORE INTO profiles (id,subject_id,subject_type,primary_place_id,tenant_id,workspace_id,display_name,created_at,updated_at) VALUES ('prof_s16_market_c92e53df8857a3d0','org_s16_market_c92e53df8857a3d0','organization','place_nigeria_001','tenant_platform_seed','workspace_platform_seed_discovery','Nigeria Automobile Technicians Association',unixepoch(),unixepoch());
INSERT OR IGNORE INTO search_entries (id,profile_id,display_name,keywords,ancestry_path,vertical,created_at,updated_at) VALUES ('se_s16_market_c92e53df8857a3d0','prof_s16_market_c92e53df8857a3d0','Nigeria Automobile Technicians Association','nigeria automobile technicians association market market marketplace plaza mall trading centre nigeria','place_nigeria_001','commerce',unixepoch(),unixepoch());
INSERT OR IGNORE INTO seed_ingestion_records (id,seed_run_id,entity_type,entity_id,source_id,status) VALUES ('ir_s16_market_c92e53df8857a3d0','seed_run_s16_market_batch2_20260502','organization','org_s16_market_c92e53df8857a3d0','seed_source_osm_market_ng_s16b_20260502','ingested');
INSERT OR IGNORE INTO seed_entity_sources (id,seed_run_id,entity_type,entity_id,source_id,confidence_tier) VALUES ('es_s16_market_c92e53df8857a3d0','seed_run_s16_market_batch2_20260502','organization','org_s16_market_c92e53df8857a3d0','seed_source_osm_market_ng_s16b_20260502','seeded');
INSERT OR IGNORE INTO seed_enrichment (id,seed_run_id,entity_type,entity_id,enrichment_type,enrichment_json) VALUES ('enr_s16_market_c92e53df8857a3d0','seed_run_s16_market_batch2_20260502','organization','org_s16_market_c92e53df8857a3d0','seed_source_osm_market_ng_s16b_20260502','{"osm_id": "779271256", "osm_type": "way", "amenity": "", "shop": "", "addr_state": "", "addr_lga": "", "operator": "", "opening_hours": ""}');

-- 191. Grand Square
INSERT OR IGNORE INTO organizations (id,tenant_id,organization_type,legal_name,display_name,registration_number,status,verification_state,created_at,updated_at) VALUES ('org_s16_market_4a73afbe509d3e75','tenant_platform_seed','shopping_mall','Grand Square','Grand Square',NULL,'active','seeded',unixepoch(),unixepoch());
INSERT OR IGNORE INTO profiles (id,subject_id,subject_type,primary_place_id,tenant_id,workspace_id,display_name,created_at,updated_at) VALUES ('prof_s16_market_4a73afbe509d3e75','org_s16_market_4a73afbe509d3e75','organization','place_nigeria_001','tenant_platform_seed','workspace_platform_seed_discovery','Grand Square',unixepoch(),unixepoch());
INSERT OR IGNORE INTO search_entries (id,profile_id,display_name,keywords,ancestry_path,vertical,created_at,updated_at) VALUES ('se_s16_market_4a73afbe509d3e75','prof_s16_market_4a73afbe509d3e75','Grand Square','grand square shopping_mall abuja market marketplace plaza mall trading centre nigeria','place_nigeria_001','commerce',unixepoch(),unixepoch());
INSERT OR IGNORE INTO seed_ingestion_records (id,seed_run_id,entity_type,entity_id,source_id,status) VALUES ('ir_s16_market_4a73afbe509d3e75','seed_run_s16_market_batch2_20260502','organization','org_s16_market_4a73afbe509d3e75','seed_source_osm_market_ng_s16b_20260502','ingested');
INSERT OR IGNORE INTO seed_entity_sources (id,seed_run_id,entity_type,entity_id,source_id,confidence_tier) VALUES ('es_s16_market_4a73afbe509d3e75','seed_run_s16_market_batch2_20260502','organization','org_s16_market_4a73afbe509d3e75','seed_source_osm_market_ng_s16b_20260502','seeded');
INSERT OR IGNORE INTO seed_enrichment (id,seed_run_id,entity_type,entity_id,enrichment_type,enrichment_json) VALUES ('enr_s16_market_4a73afbe509d3e75','seed_run_s16_market_batch2_20260502','organization','org_s16_market_4a73afbe509d3e75','seed_source_osm_market_ng_s16b_20260502','{"osm_id": "779453564", "osm_type": "way", "amenity": "", "shop": "mall", "addr_state": "", "addr_lga": "Abuja", "operator": "Grand Products Co. Ltd.", "opening_hours": ""}');

-- 192. 4U Supermarket
INSERT OR IGNORE INTO organizations (id,tenant_id,organization_type,legal_name,display_name,registration_number,status,verification_state,created_at,updated_at) VALUES ('org_s16_market_9b7cf8a1f3a96335','tenant_platform_seed','market','4U Supermarket','4U Supermarket',NULL,'active','seeded',unixepoch(),unixepoch());
INSERT OR IGNORE INTO profiles (id,subject_id,subject_type,primary_place_id,tenant_id,workspace_id,display_name,created_at,updated_at) VALUES ('prof_s16_market_9b7cf8a1f3a96335','org_s16_market_9b7cf8a1f3a96335','organization','place_nigeria_001','tenant_platform_seed','workspace_platform_seed_discovery','4U Supermarket',unixepoch(),unixepoch());
INSERT OR IGNORE INTO search_entries (id,profile_id,display_name,keywords,ancestry_path,vertical,created_at,updated_at) VALUES ('se_s16_market_9b7cf8a1f3a96335','prof_s16_market_9b7cf8a1f3a96335','4U Supermarket','4u supermarket market market marketplace plaza mall trading centre nigeria','place_nigeria_001','commerce',unixepoch(),unixepoch());
INSERT OR IGNORE INTO seed_ingestion_records (id,seed_run_id,entity_type,entity_id,source_id,status) VALUES ('ir_s16_market_9b7cf8a1f3a96335','seed_run_s16_market_batch2_20260502','organization','org_s16_market_9b7cf8a1f3a96335','seed_source_osm_market_ng_s16b_20260502','ingested');
INSERT OR IGNORE INTO seed_entity_sources (id,seed_run_id,entity_type,entity_id,source_id,confidence_tier) VALUES ('es_s16_market_9b7cf8a1f3a96335','seed_run_s16_market_batch2_20260502','organization','org_s16_market_9b7cf8a1f3a96335','seed_source_osm_market_ng_s16b_20260502','seeded');
INSERT OR IGNORE INTO seed_enrichment (id,seed_run_id,entity_type,entity_id,enrichment_type,enrichment_json) VALUES ('enr_s16_market_9b7cf8a1f3a96335','seed_run_s16_market_batch2_20260502','organization','org_s16_market_9b7cf8a1f3a96335','seed_source_osm_market_ng_s16b_20260502','{"osm_id": "780720790", "osm_type": "way", "amenity": "", "shop": "supermarket", "addr_state": "", "addr_lga": "", "operator": "", "opening_hours": "Mo-Sa 09:00-22:00; Su 11:00-20:00"}');

-- 193. Badagry Market
INSERT OR IGNORE INTO organizations (id,tenant_id,organization_type,legal_name,display_name,registration_number,status,verification_state,created_at,updated_at) VALUES ('org_s16_market_a707f365c7da419d','tenant_platform_seed','market','Badagry Market','Badagry Market',NULL,'active','seeded',unixepoch(),unixepoch());
INSERT OR IGNORE INTO profiles (id,subject_id,subject_type,primary_place_id,tenant_id,workspace_id,display_name,created_at,updated_at) VALUES ('prof_s16_market_a707f365c7da419d','org_s16_market_a707f365c7da419d','organization','place_nigeria_001','tenant_platform_seed','workspace_platform_seed_discovery','Badagry Market',unixepoch(),unixepoch());
INSERT OR IGNORE INTO search_entries (id,profile_id,display_name,keywords,ancestry_path,vertical,created_at,updated_at) VALUES ('se_s16_market_a707f365c7da419d','prof_s16_market_a707f365c7da419d','Badagry Market','badagry market market market marketplace plaza mall trading centre nigeria','place_nigeria_001','commerce',unixepoch(),unixepoch());
INSERT OR IGNORE INTO seed_ingestion_records (id,seed_run_id,entity_type,entity_id,source_id,status) VALUES ('ir_s16_market_a707f365c7da419d','seed_run_s16_market_batch2_20260502','organization','org_s16_market_a707f365c7da419d','seed_source_osm_market_ng_s16b_20260502','ingested');
INSERT OR IGNORE INTO seed_entity_sources (id,seed_run_id,entity_type,entity_id,source_id,confidence_tier) VALUES ('es_s16_market_a707f365c7da419d','seed_run_s16_market_batch2_20260502','organization','org_s16_market_a707f365c7da419d','seed_source_osm_market_ng_s16b_20260502','seeded');
INSERT OR IGNORE INTO seed_enrichment (id,seed_run_id,entity_type,entity_id,enrichment_type,enrichment_json) VALUES ('enr_s16_market_a707f365c7da419d','seed_run_s16_market_batch2_20260502','organization','org_s16_market_a707f365c7da419d','seed_source_osm_market_ng_s16b_20260502','{"osm_id": "783301346", "osm_type": "way", "amenity": "marketplace", "shop": "", "addr_state": "", "addr_lga": "", "operator": "", "opening_hours": ""}');

-- 194. Mami Market
INSERT OR IGNORE INTO organizations (id,tenant_id,organization_type,legal_name,display_name,registration_number,status,verification_state,created_at,updated_at) VALUES ('org_s16_market_5dc144201d9e9a06','tenant_platform_seed','market','Mami Market','Mami Market',NULL,'active','seeded',unixepoch(),unixepoch());
INSERT OR IGNORE INTO profiles (id,subject_id,subject_type,primary_place_id,tenant_id,workspace_id,display_name,created_at,updated_at) VALUES ('prof_s16_market_5dc144201d9e9a06','org_s16_market_5dc144201d9e9a06','organization','place_nigeria_001','tenant_platform_seed','workspace_platform_seed_discovery','Mami Market',unixepoch(),unixepoch());
INSERT OR IGNORE INTO search_entries (id,profile_id,display_name,keywords,ancestry_path,vertical,created_at,updated_at) VALUES ('se_s16_market_5dc144201d9e9a06','prof_s16_market_5dc144201d9e9a06','Mami Market','mami market market market marketplace plaza mall trading centre nigeria','place_nigeria_001','commerce',unixepoch(),unixepoch());
INSERT OR IGNORE INTO seed_ingestion_records (id,seed_run_id,entity_type,entity_id,source_id,status) VALUES ('ir_s16_market_5dc144201d9e9a06','seed_run_s16_market_batch2_20260502','organization','org_s16_market_5dc144201d9e9a06','seed_source_osm_market_ng_s16b_20260502','ingested');
INSERT OR IGNORE INTO seed_entity_sources (id,seed_run_id,entity_type,entity_id,source_id,confidence_tier) VALUES ('es_s16_market_5dc144201d9e9a06','seed_run_s16_market_batch2_20260502','organization','org_s16_market_5dc144201d9e9a06','seed_source_osm_market_ng_s16b_20260502','seeded');
INSERT OR IGNORE INTO seed_enrichment (id,seed_run_id,entity_type,entity_id,enrichment_type,enrichment_json) VALUES ('enr_s16_market_5dc144201d9e9a06','seed_run_s16_market_batch2_20260502','organization','org_s16_market_5dc144201d9e9a06','seed_source_osm_market_ng_s16b_20260502','{"osm_id": "783705602", "osm_type": "way", "amenity": "marketplace", "shop": "", "addr_state": "", "addr_lga": "", "operator": "", "opening_hours": ""}');

-- 195. Television Market
INSERT OR IGNORE INTO organizations (id,tenant_id,organization_type,legal_name,display_name,registration_number,status,verification_state,created_at,updated_at) VALUES ('org_s16_market_20e46e02e300ec30','tenant_platform_seed','market','Television Market','Television Market',NULL,'active','seeded',unixepoch(),unixepoch());
INSERT OR IGNORE INTO profiles (id,subject_id,subject_type,primary_place_id,tenant_id,workspace_id,display_name,created_at,updated_at) VALUES ('prof_s16_market_20e46e02e300ec30','org_s16_market_20e46e02e300ec30','organization','place_nigeria_001','tenant_platform_seed','workspace_platform_seed_discovery','Television Market',unixepoch(),unixepoch());
INSERT OR IGNORE INTO search_entries (id,profile_id,display_name,keywords,ancestry_path,vertical,created_at,updated_at) VALUES ('se_s16_market_20e46e02e300ec30','prof_s16_market_20e46e02e300ec30','Television Market','television market market market marketplace plaza mall trading centre nigeria','place_nigeria_001','commerce',unixepoch(),unixepoch());
INSERT OR IGNORE INTO seed_ingestion_records (id,seed_run_id,entity_type,entity_id,source_id,status) VALUES ('ir_s16_market_20e46e02e300ec30','seed_run_s16_market_batch2_20260502','organization','org_s16_market_20e46e02e300ec30','seed_source_osm_market_ng_s16b_20260502','ingested');
INSERT OR IGNORE INTO seed_entity_sources (id,seed_run_id,entity_type,entity_id,source_id,confidence_tier) VALUES ('es_s16_market_20e46e02e300ec30','seed_run_s16_market_batch2_20260502','organization','org_s16_market_20e46e02e300ec30','seed_source_osm_market_ng_s16b_20260502','seeded');
INSERT OR IGNORE INTO seed_enrichment (id,seed_run_id,entity_type,entity_id,enrichment_type,enrichment_json) VALUES ('enr_s16_market_20e46e02e300ec30','seed_run_s16_market_batch2_20260502','organization','org_s16_market_20e46e02e300ec30','seed_source_osm_market_ng_s16b_20260502','{"osm_id": "787201275", "osm_type": "way", "amenity": "marketplace", "shop": "", "addr_state": "", "addr_lga": "", "operator": "", "opening_hours": ""}');

-- 196. Sabo Timber Market'
INSERT OR IGNORE INTO organizations (id,tenant_id,organization_type,legal_name,display_name,registration_number,status,verification_state,created_at,updated_at) VALUES ('org_s16_market_be5170c5328a6756','tenant_platform_seed','market','Sabo Timber Market''','Sabo Timber Market''',NULL,'active','seeded',unixepoch(),unixepoch());
INSERT OR IGNORE INTO profiles (id,subject_id,subject_type,primary_place_id,tenant_id,workspace_id,display_name,created_at,updated_at) VALUES ('prof_s16_market_be5170c5328a6756','org_s16_market_be5170c5328a6756','organization','place_nigeria_001','tenant_platform_seed','workspace_platform_seed_discovery','Sabo Timber Market''',unixepoch(),unixepoch());
INSERT OR IGNORE INTO search_entries (id,profile_id,display_name,keywords,ancestry_path,vertical,created_at,updated_at) VALUES ('se_s16_market_be5170c5328a6756','prof_s16_market_be5170c5328a6756','Sabo Timber Market''','sabo timber market'' market market marketplace plaza mall trading centre nigeria','place_nigeria_001','commerce',unixepoch(),unixepoch());
INSERT OR IGNORE INTO seed_ingestion_records (id,seed_run_id,entity_type,entity_id,source_id,status) VALUES ('ir_s16_market_be5170c5328a6756','seed_run_s16_market_batch2_20260502','organization','org_s16_market_be5170c5328a6756','seed_source_osm_market_ng_s16b_20260502','ingested');
INSERT OR IGNORE INTO seed_entity_sources (id,seed_run_id,entity_type,entity_id,source_id,confidence_tier) VALUES ('es_s16_market_be5170c5328a6756','seed_run_s16_market_batch2_20260502','organization','org_s16_market_be5170c5328a6756','seed_source_osm_market_ng_s16b_20260502','seeded');
INSERT OR IGNORE INTO seed_enrichment (id,seed_run_id,entity_type,entity_id,enrichment_type,enrichment_json) VALUES ('enr_s16_market_be5170c5328a6756','seed_run_s16_market_batch2_20260502','organization','org_s16_market_be5170c5328a6756','seed_source_osm_market_ng_s16b_20260502','{"osm_id": "787201276", "osm_type": "way", "amenity": "marketplace", "shop": "", "addr_state": "", "addr_lga": "", "operator": "", "opening_hours": ""}');

-- 197. Iddo Market
INSERT OR IGNORE INTO organizations (id,tenant_id,organization_type,legal_name,display_name,registration_number,status,verification_state,created_at,updated_at) VALUES ('org_s16_market_fa1d3050a90e5ec5','tenant_platform_seed','market','Iddo Market','Iddo Market',NULL,'active','seeded',unixepoch(),unixepoch());
INSERT OR IGNORE INTO profiles (id,subject_id,subject_type,primary_place_id,tenant_id,workspace_id,display_name,created_at,updated_at) VALUES ('prof_s16_market_fa1d3050a90e5ec5','org_s16_market_fa1d3050a90e5ec5','organization','place_nigeria_001','tenant_platform_seed','workspace_platform_seed_discovery','Iddo Market',unixepoch(),unixepoch());
INSERT OR IGNORE INTO search_entries (id,profile_id,display_name,keywords,ancestry_path,vertical,created_at,updated_at) VALUES ('se_s16_market_fa1d3050a90e5ec5','prof_s16_market_fa1d3050a90e5ec5','Iddo Market','iddo market market market marketplace plaza mall trading centre nigeria','place_nigeria_001','commerce',unixepoch(),unixepoch());
INSERT OR IGNORE INTO seed_ingestion_records (id,seed_run_id,entity_type,entity_id,source_id,status) VALUES ('ir_s16_market_fa1d3050a90e5ec5','seed_run_s16_market_batch2_20260502','organization','org_s16_market_fa1d3050a90e5ec5','seed_source_osm_market_ng_s16b_20260502','ingested');
INSERT OR IGNORE INTO seed_entity_sources (id,seed_run_id,entity_type,entity_id,source_id,confidence_tier) VALUES ('es_s16_market_fa1d3050a90e5ec5','seed_run_s16_market_batch2_20260502','organization','org_s16_market_fa1d3050a90e5ec5','seed_source_osm_market_ng_s16b_20260502','seeded');
INSERT OR IGNORE INTO seed_enrichment (id,seed_run_id,entity_type,entity_id,enrichment_type,enrichment_json) VALUES ('enr_s16_market_fa1d3050a90e5ec5','seed_run_s16_market_batch2_20260502','organization','org_s16_market_fa1d3050a90e5ec5','seed_source_osm_market_ng_s16b_20260502','{"osm_id": "787279964", "osm_type": "way", "amenity": "marketplace", "shop": "", "addr_state": "", "addr_lga": "", "operator": "", "opening_hours": ""}');

-- 198. New Oniru Market
INSERT OR IGNORE INTO organizations (id,tenant_id,organization_type,legal_name,display_name,registration_number,status,verification_state,created_at,updated_at) VALUES ('org_s16_market_5ca211fd51ebc874','tenant_platform_seed','market','New Oniru Market','New Oniru Market',NULL,'active','seeded',unixepoch(),unixepoch());
INSERT OR IGNORE INTO profiles (id,subject_id,subject_type,primary_place_id,tenant_id,workspace_id,display_name,created_at,updated_at) VALUES ('prof_s16_market_5ca211fd51ebc874','org_s16_market_5ca211fd51ebc874','organization','place_nigeria_001','tenant_platform_seed','workspace_platform_seed_discovery','New Oniru Market',unixepoch(),unixepoch());
INSERT OR IGNORE INTO search_entries (id,profile_id,display_name,keywords,ancestry_path,vertical,created_at,updated_at) VALUES ('se_s16_market_5ca211fd51ebc874','prof_s16_market_5ca211fd51ebc874','New Oniru Market','new oniru market market market marketplace plaza mall trading centre nigeria','place_nigeria_001','commerce',unixepoch(),unixepoch());
INSERT OR IGNORE INTO seed_ingestion_records (id,seed_run_id,entity_type,entity_id,source_id,status) VALUES ('ir_s16_market_5ca211fd51ebc874','seed_run_s16_market_batch2_20260502','organization','org_s16_market_5ca211fd51ebc874','seed_source_osm_market_ng_s16b_20260502','ingested');
INSERT OR IGNORE INTO seed_entity_sources (id,seed_run_id,entity_type,entity_id,source_id,confidence_tier) VALUES ('es_s16_market_5ca211fd51ebc874','seed_run_s16_market_batch2_20260502','organization','org_s16_market_5ca211fd51ebc874','seed_source_osm_market_ng_s16b_20260502','seeded');
INSERT OR IGNORE INTO seed_enrichment (id,seed_run_id,entity_type,entity_id,enrichment_type,enrichment_json) VALUES ('enr_s16_market_5ca211fd51ebc874','seed_run_s16_market_batch2_20260502','organization','org_s16_market_5ca211fd51ebc874','seed_source_osm_market_ng_s16b_20260502','{"osm_id": "787960045", "osm_type": "way", "amenity": "marketplace", "shop": "", "addr_state": "", "addr_lga": "", "operator": "", "opening_hours": ""}');

-- 199. Computer Village
INSERT OR IGNORE INTO organizations (id,tenant_id,organization_type,legal_name,display_name,registration_number,status,verification_state,created_at,updated_at) VALUES ('org_s16_market_78ba463a882baf35','tenant_platform_seed','market','Computer Village','Computer Village',NULL,'active','seeded',unixepoch(),unixepoch());
INSERT OR IGNORE INTO profiles (id,subject_id,subject_type,primary_place_id,tenant_id,workspace_id,display_name,created_at,updated_at) VALUES ('prof_s16_market_78ba463a882baf35','org_s16_market_78ba463a882baf35','organization','place_nigeria_001','tenant_platform_seed','workspace_platform_seed_discovery','Computer Village',unixepoch(),unixepoch());
INSERT OR IGNORE INTO search_entries (id,profile_id,display_name,keywords,ancestry_path,vertical,created_at,updated_at) VALUES ('se_s16_market_78ba463a882baf35','prof_s16_market_78ba463a882baf35','Computer Village','computer village market market marketplace plaza mall trading centre nigeria','place_nigeria_001','commerce',unixepoch(),unixepoch());
INSERT OR IGNORE INTO seed_ingestion_records (id,seed_run_id,entity_type,entity_id,source_id,status) VALUES ('ir_s16_market_78ba463a882baf35','seed_run_s16_market_batch2_20260502','organization','org_s16_market_78ba463a882baf35','seed_source_osm_market_ng_s16b_20260502','ingested');
INSERT OR IGNORE INTO seed_entity_sources (id,seed_run_id,entity_type,entity_id,source_id,confidence_tier) VALUES ('es_s16_market_78ba463a882baf35','seed_run_s16_market_batch2_20260502','organization','org_s16_market_78ba463a882baf35','seed_source_osm_market_ng_s16b_20260502','seeded');
INSERT OR IGNORE INTO seed_enrichment (id,seed_run_id,entity_type,entity_id,enrichment_type,enrichment_json) VALUES ('enr_s16_market_78ba463a882baf35','seed_run_s16_market_batch2_20260502','organization','org_s16_market_78ba463a882baf35','seed_source_osm_market_ng_s16b_20260502','{"osm_id": "788708216", "osm_type": "way", "amenity": "", "shop": "", "addr_state": "", "addr_lga": "", "operator": "", "opening_hours": ""}');

-- 200. Marcopolo Oriental Cuisine
INSERT OR IGNORE INTO organizations (id,tenant_id,organization_type,legal_name,display_name,registration_number,status,verification_state,created_at,updated_at) VALUES ('org_s16_market_c94f5787ace4d961','tenant_platform_seed','market','Marcopolo Oriental Cuisine','Marcopolo Oriental Cuisine',NULL,'active','seeded',unixepoch(),unixepoch());
INSERT OR IGNORE INTO profiles (id,subject_id,subject_type,primary_place_id,tenant_id,workspace_id,display_name,created_at,updated_at) VALUES ('prof_s16_market_c94f5787ace4d961','org_s16_market_c94f5787ace4d961','organization','place_nigeria_001','tenant_platform_seed','workspace_platform_seed_discovery','Marcopolo Oriental Cuisine',unixepoch(),unixepoch());
INSERT OR IGNORE INTO search_entries (id,profile_id,display_name,keywords,ancestry_path,vertical,created_at,updated_at) VALUES ('se_s16_market_c94f5787ace4d961','prof_s16_market_c94f5787ace4d961','Marcopolo Oriental Cuisine','marcopolo oriental cuisine market market marketplace plaza mall trading centre nigeria','place_nigeria_001','commerce',unixepoch(),unixepoch());
INSERT OR IGNORE INTO seed_ingestion_records (id,seed_run_id,entity_type,entity_id,source_id,status) VALUES ('ir_s16_market_c94f5787ace4d961','seed_run_s16_market_batch2_20260502','organization','org_s16_market_c94f5787ace4d961','seed_source_osm_market_ng_s16b_20260502','ingested');
INSERT OR IGNORE INTO seed_entity_sources (id,seed_run_id,entity_type,entity_id,source_id,confidence_tier) VALUES ('es_s16_market_c94f5787ace4d961','seed_run_s16_market_batch2_20260502','organization','org_s16_market_c94f5787ace4d961','seed_source_osm_market_ng_s16b_20260502','seeded');
INSERT OR IGNORE INTO seed_enrichment (id,seed_run_id,entity_type,entity_id,enrichment_type,enrichment_json) VALUES ('enr_s16_market_c94f5787ace4d961','seed_run_s16_market_batch2_20260502','organization','org_s16_market_c94f5787ace4d961','seed_source_osm_market_ng_s16b_20260502','{"osm_id": "792771147", "osm_type": "way", "amenity": "", "shop": "", "addr_state": "", "addr_lga": "", "operator": "", "opening_hours": ""}');

-- 201. ASD Mall
INSERT OR IGNORE INTO organizations (id,tenant_id,organization_type,legal_name,display_name,registration_number,status,verification_state,created_at,updated_at) VALUES ('org_s16_market_bdea8f4abb556a4d','tenant_platform_seed','shopping_mall','ASD Mall','ASD Mall',NULL,'active','seeded',unixepoch(),unixepoch());
INSERT OR IGNORE INTO profiles (id,subject_id,subject_type,primary_place_id,tenant_id,workspace_id,display_name,created_at,updated_at) VALUES ('prof_s16_market_bdea8f4abb556a4d','org_s16_market_bdea8f4abb556a4d','organization','place_nigeria_001','tenant_platform_seed','workspace_platform_seed_discovery','ASD Mall',unixepoch(),unixepoch());
INSERT OR IGNORE INTO search_entries (id,profile_id,display_name,keywords,ancestry_path,vertical,created_at,updated_at) VALUES ('se_s16_market_bdea8f4abb556a4d','prof_s16_market_bdea8f4abb556a4d','ASD Mall','asd mall shopping_mall kaduna market marketplace plaza mall trading centre nigeria','place_nigeria_001','commerce',unixepoch(),unixepoch());
INSERT OR IGNORE INTO seed_ingestion_records (id,seed_run_id,entity_type,entity_id,source_id,status) VALUES ('ir_s16_market_bdea8f4abb556a4d','seed_run_s16_market_batch2_20260502','organization','org_s16_market_bdea8f4abb556a4d','seed_source_osm_market_ng_s16b_20260502','ingested');
INSERT OR IGNORE INTO seed_entity_sources (id,seed_run_id,entity_type,entity_id,source_id,confidence_tier) VALUES ('es_s16_market_bdea8f4abb556a4d','seed_run_s16_market_batch2_20260502','organization','org_s16_market_bdea8f4abb556a4d','seed_source_osm_market_ng_s16b_20260502','seeded');
INSERT OR IGNORE INTO seed_enrichment (id,seed_run_id,entity_type,entity_id,enrichment_type,enrichment_json) VALUES ('enr_s16_market_bdea8f4abb556a4d','seed_run_s16_market_batch2_20260502','organization','org_s16_market_bdea8f4abb556a4d','seed_source_osm_market_ng_s16b_20260502','{"osm_id": "794284800", "osm_type": "way", "amenity": "", "shop": "mall", "addr_state": "", "addr_lga": "KADUNA", "operator": "ASD", "opening_hours": "Mo-Sa 08:00-20:00"}');

-- 202. Dilly Motors Ltd.
INSERT OR IGNORE INTO organizations (id,tenant_id,organization_type,legal_name,display_name,registration_number,status,verification_state,created_at,updated_at) VALUES ('org_s16_market_a9a5e399f07cb8f8','tenant_platform_seed','market','Dilly Motors Ltd.','Dilly Motors Ltd.',NULL,'active','seeded',unixepoch(),unixepoch());
INSERT OR IGNORE INTO profiles (id,subject_id,subject_type,primary_place_id,tenant_id,workspace_id,display_name,created_at,updated_at) VALUES ('prof_s16_market_a9a5e399f07cb8f8','org_s16_market_a9a5e399f07cb8f8','organization','place_nigeria_001','tenant_platform_seed','workspace_platform_seed_discovery','Dilly Motors Ltd.',unixepoch(),unixepoch());
INSERT OR IGNORE INTO search_entries (id,profile_id,display_name,keywords,ancestry_path,vertical,created_at,updated_at) VALUES ('se_s16_market_a9a5e399f07cb8f8','prof_s16_market_a9a5e399f07cb8f8','Dilly Motors Ltd.','dilly motors ltd. market lagos market marketplace plaza mall trading centre nigeria','place_nigeria_001','commerce',unixepoch(),unixepoch());
INSERT OR IGNORE INTO seed_ingestion_records (id,seed_run_id,entity_type,entity_id,source_id,status) VALUES ('ir_s16_market_a9a5e399f07cb8f8','seed_run_s16_market_batch2_20260502','organization','org_s16_market_a9a5e399f07cb8f8','seed_source_osm_market_ng_s16b_20260502','ingested');
INSERT OR IGNORE INTO seed_entity_sources (id,seed_run_id,entity_type,entity_id,source_id,confidence_tier) VALUES ('es_s16_market_a9a5e399f07cb8f8','seed_run_s16_market_batch2_20260502','organization','org_s16_market_a9a5e399f07cb8f8','seed_source_osm_market_ng_s16b_20260502','seeded');
INSERT OR IGNORE INTO seed_enrichment (id,seed_run_id,entity_type,entity_id,enrichment_type,enrichment_json) VALUES ('enr_s16_market_a9a5e399f07cb8f8','seed_run_s16_market_batch2_20260502','organization','org_s16_market_a9a5e399f07cb8f8','seed_source_osm_market_ng_s16b_20260502','{"osm_id": "796421524", "osm_type": "way", "amenity": "", "shop": "car", "addr_state": "", "addr_lga": "Lagos", "operator": "", "opening_hours": ""}');

-- 203. Payless Supermarket
INSERT OR IGNORE INTO organizations (id,tenant_id,organization_type,legal_name,display_name,registration_number,status,verification_state,created_at,updated_at) VALUES ('org_s16_market_1af59c5a9a041272','tenant_platform_seed','market','Payless Supermarket','Payless Supermarket',NULL,'active','seeded',unixepoch(),unixepoch());
INSERT OR IGNORE INTO profiles (id,subject_id,subject_type,primary_place_id,tenant_id,workspace_id,display_name,created_at,updated_at) VALUES ('prof_s16_market_1af59c5a9a041272','org_s16_market_1af59c5a9a041272','organization','place_nigeria_001','tenant_platform_seed','workspace_platform_seed_discovery','Payless Supermarket',unixepoch(),unixepoch());
INSERT OR IGNORE INTO search_entries (id,profile_id,display_name,keywords,ancestry_path,vertical,created_at,updated_at) VALUES ('se_s16_market_1af59c5a9a041272','prof_s16_market_1af59c5a9a041272','Payless Supermarket','payless supermarket market market marketplace plaza mall trading centre nigeria','place_nigeria_001','commerce',unixepoch(),unixepoch());
INSERT OR IGNORE INTO seed_ingestion_records (id,seed_run_id,entity_type,entity_id,source_id,status) VALUES ('ir_s16_market_1af59c5a9a041272','seed_run_s16_market_batch2_20260502','organization','org_s16_market_1af59c5a9a041272','seed_source_osm_market_ng_s16b_20260502','ingested');
INSERT OR IGNORE INTO seed_entity_sources (id,seed_run_id,entity_type,entity_id,source_id,confidence_tier) VALUES ('es_s16_market_1af59c5a9a041272','seed_run_s16_market_batch2_20260502','organization','org_s16_market_1af59c5a9a041272','seed_source_osm_market_ng_s16b_20260502','seeded');
INSERT OR IGNORE INTO seed_enrichment (id,seed_run_id,entity_type,entity_id,enrichment_type,enrichment_json) VALUES ('enr_s16_market_1af59c5a9a041272','seed_run_s16_market_batch2_20260502','organization','org_s16_market_1af59c5a9a041272','seed_source_osm_market_ng_s16b_20260502','{"osm_id": "801924049", "osm_type": "way", "amenity": "", "shop": "supermarket", "addr_state": "", "addr_lga": "", "operator": "", "opening_hours": ""}');

-- 204. Spinneys Supermarket
INSERT OR IGNORE INTO organizations (id,tenant_id,organization_type,legal_name,display_name,registration_number,status,verification_state,created_at,updated_at) VALUES ('org_s16_market_276232c24ee2bf2c','tenant_platform_seed','market','Spinneys Supermarket','Spinneys Supermarket',NULL,'active','seeded',unixepoch(),unixepoch());
INSERT OR IGNORE INTO profiles (id,subject_id,subject_type,primary_place_id,tenant_id,workspace_id,display_name,created_at,updated_at) VALUES ('prof_s16_market_276232c24ee2bf2c','org_s16_market_276232c24ee2bf2c','organization','place_nigeria_001','tenant_platform_seed','workspace_platform_seed_discovery','Spinneys Supermarket',unixepoch(),unixepoch());
INSERT OR IGNORE INTO search_entries (id,profile_id,display_name,keywords,ancestry_path,vertical,created_at,updated_at) VALUES ('se_s16_market_276232c24ee2bf2c','prof_s16_market_276232c24ee2bf2c','Spinneys Supermarket','spinneys supermarket market market marketplace plaza mall trading centre nigeria','place_nigeria_001','commerce',unixepoch(),unixepoch());
INSERT OR IGNORE INTO seed_ingestion_records (id,seed_run_id,entity_type,entity_id,source_id,status) VALUES ('ir_s16_market_276232c24ee2bf2c','seed_run_s16_market_batch2_20260502','organization','org_s16_market_276232c24ee2bf2c','seed_source_osm_market_ng_s16b_20260502','ingested');
INSERT OR IGNORE INTO seed_entity_sources (id,seed_run_id,entity_type,entity_id,source_id,confidence_tier) VALUES ('es_s16_market_276232c24ee2bf2c','seed_run_s16_market_batch2_20260502','organization','org_s16_market_276232c24ee2bf2c','seed_source_osm_market_ng_s16b_20260502','seeded');
INSERT OR IGNORE INTO seed_enrichment (id,seed_run_id,entity_type,entity_id,enrichment_type,enrichment_json) VALUES ('enr_s16_market_276232c24ee2bf2c','seed_run_s16_market_batch2_20260502','organization','org_s16_market_276232c24ee2bf2c','seed_source_osm_market_ng_s16b_20260502','{"osm_id": "802787475", "osm_type": "way", "amenity": "", "shop": "supermarket", "addr_state": "", "addr_lga": "", "operator": "", "opening_hours": ""}');

-- 205. OFFA OWODE MARKET
INSERT OR IGNORE INTO organizations (id,tenant_id,organization_type,legal_name,display_name,registration_number,status,verification_state,created_at,updated_at) VALUES ('org_s16_market_4ab95ac4adc9564e','tenant_platform_seed','market','OFFA OWODE MARKET','OFFA OWODE MARKET',NULL,'active','seeded',unixepoch(),unixepoch());
INSERT OR IGNORE INTO profiles (id,subject_id,subject_type,primary_place_id,tenant_id,workspace_id,display_name,created_at,updated_at) VALUES ('prof_s16_market_4ab95ac4adc9564e','org_s16_market_4ab95ac4adc9564e','organization','place_nigeria_001','tenant_platform_seed','workspace_platform_seed_discovery','OFFA OWODE MARKET',unixepoch(),unixepoch());
INSERT OR IGNORE INTO search_entries (id,profile_id,display_name,keywords,ancestry_path,vertical,created_at,updated_at) VALUES ('se_s16_market_4ab95ac4adc9564e','prof_s16_market_4ab95ac4adc9564e','OFFA OWODE MARKET','offa owode market market market marketplace plaza mall trading centre nigeria','place_nigeria_001','commerce',unixepoch(),unixepoch());
INSERT OR IGNORE INTO seed_ingestion_records (id,seed_run_id,entity_type,entity_id,source_id,status) VALUES ('ir_s16_market_4ab95ac4adc9564e','seed_run_s16_market_batch2_20260502','organization','org_s16_market_4ab95ac4adc9564e','seed_source_osm_market_ng_s16b_20260502','ingested');
INSERT OR IGNORE INTO seed_entity_sources (id,seed_run_id,entity_type,entity_id,source_id,confidence_tier) VALUES ('es_s16_market_4ab95ac4adc9564e','seed_run_s16_market_batch2_20260502','organization','org_s16_market_4ab95ac4adc9564e','seed_source_osm_market_ng_s16b_20260502','seeded');
INSERT OR IGNORE INTO seed_enrichment (id,seed_run_id,entity_type,entity_id,enrichment_type,enrichment_json) VALUES ('enr_s16_market_4ab95ac4adc9564e','seed_run_s16_market_batch2_20260502','organization','org_s16_market_4ab95ac4adc9564e','seed_source_osm_market_ng_s16b_20260502','{"osm_id": "827612449", "osm_type": "way", "amenity": "marketplace", "shop": "", "addr_state": "", "addr_lga": "", "operator": "", "opening_hours": ""}');

-- 206. Erekesan Market
INSERT OR IGNORE INTO organizations (id,tenant_id,organization_type,legal_name,display_name,registration_number,status,verification_state,created_at,updated_at) VALUES ('org_s16_market_323c4bbbb033fef3','tenant_platform_seed','market','Erekesan Market','Erekesan Market',NULL,'active','seeded',unixepoch(),unixepoch());
INSERT OR IGNORE INTO profiles (id,subject_id,subject_type,primary_place_id,tenant_id,workspace_id,display_name,created_at,updated_at) VALUES ('prof_s16_market_323c4bbbb033fef3','org_s16_market_323c4bbbb033fef3','organization','place_nigeria_001','tenant_platform_seed','workspace_platform_seed_discovery','Erekesan Market',unixepoch(),unixepoch());
INSERT OR IGNORE INTO search_entries (id,profile_id,display_name,keywords,ancestry_path,vertical,created_at,updated_at) VALUES ('se_s16_market_323c4bbbb033fef3','prof_s16_market_323c4bbbb033fef3','Erekesan Market','erekesan market market market marketplace plaza mall trading centre nigeria','place_nigeria_001','commerce',unixepoch(),unixepoch());
INSERT OR IGNORE INTO seed_ingestion_records (id,seed_run_id,entity_type,entity_id,source_id,status) VALUES ('ir_s16_market_323c4bbbb033fef3','seed_run_s16_market_batch2_20260502','organization','org_s16_market_323c4bbbb033fef3','seed_source_osm_market_ng_s16b_20260502','ingested');
INSERT OR IGNORE INTO seed_entity_sources (id,seed_run_id,entity_type,entity_id,source_id,confidence_tier) VALUES ('es_s16_market_323c4bbbb033fef3','seed_run_s16_market_batch2_20260502','organization','org_s16_market_323c4bbbb033fef3','seed_source_osm_market_ng_s16b_20260502','seeded');
INSERT OR IGNORE INTO seed_enrichment (id,seed_run_id,entity_type,entity_id,enrichment_type,enrichment_json) VALUES ('enr_s16_market_323c4bbbb033fef3','seed_run_s16_market_batch2_20260502','organization','org_s16_market_323c4bbbb033fef3','seed_source_osm_market_ng_s16b_20260502','{"osm_id": "837276070", "osm_type": "way", "amenity": "marketplace", "shop": "", "addr_state": "", "addr_lga": "", "operator": "", "opening_hours": ""}');

-- 207. Akure Shopping Mall
INSERT OR IGNORE INTO organizations (id,tenant_id,organization_type,legal_name,display_name,registration_number,status,verification_state,created_at,updated_at) VALUES ('org_s16_market_fc879782131efd2e','tenant_platform_seed','shopping_mall','Akure Shopping Mall','Akure Shopping Mall',NULL,'active','seeded',unixepoch(),unixepoch());
INSERT OR IGNORE INTO profiles (id,subject_id,subject_type,primary_place_id,tenant_id,workspace_id,display_name,created_at,updated_at) VALUES ('prof_s16_market_fc879782131efd2e','org_s16_market_fc879782131efd2e','organization','place_nigeria_001','tenant_platform_seed','workspace_platform_seed_discovery','Akure Shopping Mall',unixepoch(),unixepoch());
INSERT OR IGNORE INTO search_entries (id,profile_id,display_name,keywords,ancestry_path,vertical,created_at,updated_at) VALUES ('se_s16_market_fc879782131efd2e','prof_s16_market_fc879782131efd2e','Akure Shopping Mall','akure shopping mall shopping_mall market marketplace plaza mall trading centre nigeria','place_nigeria_001','commerce',unixepoch(),unixepoch());
INSERT OR IGNORE INTO seed_ingestion_records (id,seed_run_id,entity_type,entity_id,source_id,status) VALUES ('ir_s16_market_fc879782131efd2e','seed_run_s16_market_batch2_20260502','organization','org_s16_market_fc879782131efd2e','seed_source_osm_market_ng_s16b_20260502','ingested');
INSERT OR IGNORE INTO seed_entity_sources (id,seed_run_id,entity_type,entity_id,source_id,confidence_tier) VALUES ('es_s16_market_fc879782131efd2e','seed_run_s16_market_batch2_20260502','organization','org_s16_market_fc879782131efd2e','seed_source_osm_market_ng_s16b_20260502','seeded');
INSERT OR IGNORE INTO seed_enrichment (id,seed_run_id,entity_type,entity_id,enrichment_type,enrichment_json) VALUES ('enr_s16_market_fc879782131efd2e','seed_run_s16_market_batch2_20260502','organization','org_s16_market_fc879782131efd2e','seed_source_osm_market_ng_s16b_20260502','{"osm_id": "837683775", "osm_type": "way", "amenity": "", "shop": "mall", "addr_state": "", "addr_lga": "", "operator": "", "opening_hours": ""}');

-- 208. Ceci Plaza Supermarket
INSERT OR IGNORE INTO organizations (id,tenant_id,organization_type,legal_name,display_name,registration_number,status,verification_state,created_at,updated_at) VALUES ('org_s16_market_ccde61c7bfdba3d6','tenant_platform_seed','market','Ceci Plaza Supermarket','Ceci Plaza Supermarket',NULL,'active','seeded',unixepoch(),unixepoch());
INSERT OR IGNORE INTO profiles (id,subject_id,subject_type,primary_place_id,tenant_id,workspace_id,display_name,created_at,updated_at) VALUES ('prof_s16_market_ccde61c7bfdba3d6','org_s16_market_ccde61c7bfdba3d6','organization','place_nigeria_001','tenant_platform_seed','workspace_platform_seed_discovery','Ceci Plaza Supermarket',unixepoch(),unixepoch());
INSERT OR IGNORE INTO search_entries (id,profile_id,display_name,keywords,ancestry_path,vertical,created_at,updated_at) VALUES ('se_s16_market_ccde61c7bfdba3d6','prof_s16_market_ccde61c7bfdba3d6','Ceci Plaza Supermarket','ceci plaza supermarket market akure market marketplace plaza mall trading centre nigeria','place_nigeria_001','commerce',unixepoch(),unixepoch());
INSERT OR IGNORE INTO seed_ingestion_records (id,seed_run_id,entity_type,entity_id,source_id,status) VALUES ('ir_s16_market_ccde61c7bfdba3d6','seed_run_s16_market_batch2_20260502','organization','org_s16_market_ccde61c7bfdba3d6','seed_source_osm_market_ng_s16b_20260502','ingested');
INSERT OR IGNORE INTO seed_entity_sources (id,seed_run_id,entity_type,entity_id,source_id,confidence_tier) VALUES ('es_s16_market_ccde61c7bfdba3d6','seed_run_s16_market_batch2_20260502','organization','org_s16_market_ccde61c7bfdba3d6','seed_source_osm_market_ng_s16b_20260502','seeded');
INSERT OR IGNORE INTO seed_enrichment (id,seed_run_id,entity_type,entity_id,enrichment_type,enrichment_json) VALUES ('enr_s16_market_ccde61c7bfdba3d6','seed_run_s16_market_batch2_20260502','organization','org_s16_market_ccde61c7bfdba3d6','seed_source_osm_market_ng_s16b_20260502','{"osm_id": "838860388", "osm_type": "way", "amenity": "", "shop": "supermarket", "addr_state": "", "addr_lga": "Akure", "operator": "", "opening_hours": ""}');

-- 209. Cattle market
INSERT OR IGNORE INTO organizations (id,tenant_id,organization_type,legal_name,display_name,registration_number,status,verification_state,created_at,updated_at) VALUES ('org_s16_market_1afcab796917c348','tenant_platform_seed','market','Cattle market','Cattle market',NULL,'active','seeded',unixepoch(),unixepoch());
INSERT OR IGNORE INTO profiles (id,subject_id,subject_type,primary_place_id,tenant_id,workspace_id,display_name,created_at,updated_at) VALUES ('prof_s16_market_1afcab796917c348','org_s16_market_1afcab796917c348','organization','place_nigeria_001','tenant_platform_seed','workspace_platform_seed_discovery','Cattle market',unixepoch(),unixepoch());
INSERT OR IGNORE INTO search_entries (id,profile_id,display_name,keywords,ancestry_path,vertical,created_at,updated_at) VALUES ('se_s16_market_1afcab796917c348','prof_s16_market_1afcab796917c348','Cattle market','cattle market market market marketplace plaza mall trading centre nigeria','place_nigeria_001','commerce',unixepoch(),unixepoch());
INSERT OR IGNORE INTO seed_ingestion_records (id,seed_run_id,entity_type,entity_id,source_id,status) VALUES ('ir_s16_market_1afcab796917c348','seed_run_s16_market_batch2_20260502','organization','org_s16_market_1afcab796917c348','seed_source_osm_market_ng_s16b_20260502','ingested');
INSERT OR IGNORE INTO seed_entity_sources (id,seed_run_id,entity_type,entity_id,source_id,confidence_tier) VALUES ('es_s16_market_1afcab796917c348','seed_run_s16_market_batch2_20260502','organization','org_s16_market_1afcab796917c348','seed_source_osm_market_ng_s16b_20260502','seeded');
INSERT OR IGNORE INTO seed_enrichment (id,seed_run_id,entity_type,entity_id,enrichment_type,enrichment_json) VALUES ('enr_s16_market_1afcab796917c348','seed_run_s16_market_batch2_20260502','organization','org_s16_market_1afcab796917c348','seed_source_osm_market_ng_s16b_20260502','{"osm_id": "855991596", "osm_type": "way", "amenity": "marketplace", "shop": "", "addr_state": "", "addr_lga": "", "operator": "", "opening_hours": ""}');

-- 210. Monife Super Market
INSERT OR IGNORE INTO organizations (id,tenant_id,organization_type,legal_name,display_name,registration_number,status,verification_state,created_at,updated_at) VALUES ('org_s16_market_d59501ee4ab89fa5','tenant_platform_seed','market','Monife Super Market','Monife Super Market',NULL,'active','seeded',unixepoch(),unixepoch());
INSERT OR IGNORE INTO profiles (id,subject_id,subject_type,primary_place_id,tenant_id,workspace_id,display_name,created_at,updated_at) VALUES ('prof_s16_market_d59501ee4ab89fa5','org_s16_market_d59501ee4ab89fa5','organization','place_nigeria_001','tenant_platform_seed','workspace_platform_seed_discovery','Monife Super Market',unixepoch(),unixepoch());
INSERT OR IGNORE INTO search_entries (id,profile_id,display_name,keywords,ancestry_path,vertical,created_at,updated_at) VALUES ('se_s16_market_d59501ee4ab89fa5','prof_s16_market_d59501ee4ab89fa5','Monife Super Market','monife super market market market marketplace plaza mall trading centre nigeria','place_nigeria_001','commerce',unixepoch(),unixepoch());
INSERT OR IGNORE INTO seed_ingestion_records (id,seed_run_id,entity_type,entity_id,source_id,status) VALUES ('ir_s16_market_d59501ee4ab89fa5','seed_run_s16_market_batch2_20260502','organization','org_s16_market_d59501ee4ab89fa5','seed_source_osm_market_ng_s16b_20260502','ingested');
INSERT OR IGNORE INTO seed_entity_sources (id,seed_run_id,entity_type,entity_id,source_id,confidence_tier) VALUES ('es_s16_market_d59501ee4ab89fa5','seed_run_s16_market_batch2_20260502','organization','org_s16_market_d59501ee4ab89fa5','seed_source_osm_market_ng_s16b_20260502','seeded');
INSERT OR IGNORE INTO seed_enrichment (id,seed_run_id,entity_type,entity_id,enrichment_type,enrichment_json) VALUES ('enr_s16_market_d59501ee4ab89fa5','seed_run_s16_market_batch2_20260502','organization','org_s16_market_d59501ee4ab89fa5','seed_source_osm_market_ng_s16b_20260502','{"osm_id": "866596628", "osm_type": "way", "amenity": "", "shop": "general", "addr_state": "", "addr_lga": "", "operator": "", "opening_hours": ""}');

-- 211. Dei-Dei Material Market
INSERT OR IGNORE INTO organizations (id,tenant_id,organization_type,legal_name,display_name,registration_number,status,verification_state,created_at,updated_at) VALUES ('org_s16_market_07d0eef8ae512379','tenant_platform_seed','market','Dei-Dei Material Market','Dei-Dei Material Market',NULL,'active','seeded',unixepoch(),unixepoch());
INSERT OR IGNORE INTO profiles (id,subject_id,subject_type,primary_place_id,tenant_id,workspace_id,display_name,created_at,updated_at) VALUES ('prof_s16_market_07d0eef8ae512379','org_s16_market_07d0eef8ae512379','organization','place_nigeria_001','tenant_platform_seed','workspace_platform_seed_discovery','Dei-Dei Material Market',unixepoch(),unixepoch());
INSERT OR IGNORE INTO search_entries (id,profile_id,display_name,keywords,ancestry_path,vertical,created_at,updated_at) VALUES ('se_s16_market_07d0eef8ae512379','prof_s16_market_07d0eef8ae512379','Dei-Dei Material Market','dei-dei material market market market marketplace plaza mall trading centre nigeria','place_nigeria_001','commerce',unixepoch(),unixepoch());
INSERT OR IGNORE INTO seed_ingestion_records (id,seed_run_id,entity_type,entity_id,source_id,status) VALUES ('ir_s16_market_07d0eef8ae512379','seed_run_s16_market_batch2_20260502','organization','org_s16_market_07d0eef8ae512379','seed_source_osm_market_ng_s16b_20260502','ingested');
INSERT OR IGNORE INTO seed_entity_sources (id,seed_run_id,entity_type,entity_id,source_id,confidence_tier) VALUES ('es_s16_market_07d0eef8ae512379','seed_run_s16_market_batch2_20260502','organization','org_s16_market_07d0eef8ae512379','seed_source_osm_market_ng_s16b_20260502','seeded');
INSERT OR IGNORE INTO seed_enrichment (id,seed_run_id,entity_type,entity_id,enrichment_type,enrichment_json) VALUES ('enr_s16_market_07d0eef8ae512379','seed_run_s16_market_batch2_20260502','organization','org_s16_market_07d0eef8ae512379','seed_source_osm_market_ng_s16b_20260502','{"osm_id": "871717282", "osm_type": "way", "amenity": "", "shop": "", "addr_state": "", "addr_lga": "", "operator": "", "opening_hours": ""}');

-- 212. Ogige Market
INSERT OR IGNORE INTO organizations (id,tenant_id,organization_type,legal_name,display_name,registration_number,status,verification_state,created_at,updated_at) VALUES ('org_s16_market_b9c9b648b46920a6','tenant_platform_seed','market','Ogige Market','Ogige Market',NULL,'active','seeded',unixepoch(),unixepoch());
INSERT OR IGNORE INTO profiles (id,subject_id,subject_type,primary_place_id,tenant_id,workspace_id,display_name,created_at,updated_at) VALUES ('prof_s16_market_b9c9b648b46920a6','org_s16_market_b9c9b648b46920a6','organization','place_nigeria_001','tenant_platform_seed','workspace_platform_seed_discovery','Ogige Market',unixepoch(),unixepoch());
INSERT OR IGNORE INTO search_entries (id,profile_id,display_name,keywords,ancestry_path,vertical,created_at,updated_at) VALUES ('se_s16_market_b9c9b648b46920a6','prof_s16_market_b9c9b648b46920a6','Ogige Market','ogige market market market marketplace plaza mall trading centre nigeria','place_nigeria_001','commerce',unixepoch(),unixepoch());
INSERT OR IGNORE INTO seed_ingestion_records (id,seed_run_id,entity_type,entity_id,source_id,status) VALUES ('ir_s16_market_b9c9b648b46920a6','seed_run_s16_market_batch2_20260502','organization','org_s16_market_b9c9b648b46920a6','seed_source_osm_market_ng_s16b_20260502','ingested');
INSERT OR IGNORE INTO seed_entity_sources (id,seed_run_id,entity_type,entity_id,source_id,confidence_tier) VALUES ('es_s16_market_b9c9b648b46920a6','seed_run_s16_market_batch2_20260502','organization','org_s16_market_b9c9b648b46920a6','seed_source_osm_market_ng_s16b_20260502','seeded');
INSERT OR IGNORE INTO seed_enrichment (id,seed_run_id,entity_type,entity_id,enrichment_type,enrichment_json) VALUES ('enr_s16_market_b9c9b648b46920a6','seed_run_s16_market_batch2_20260502','organization','org_s16_market_b9c9b648b46920a6','seed_source_osm_market_ng_s16b_20260502','{"osm_id": "883433540", "osm_type": "way", "amenity": "marketplace", "shop": "", "addr_state": "", "addr_lga": "", "operator": "", "opening_hours": ""}');

-- 213. Igbudu Market
INSERT OR IGNORE INTO organizations (id,tenant_id,organization_type,legal_name,display_name,registration_number,status,verification_state,created_at,updated_at) VALUES ('org_s16_market_164e1ff1f0b57b86','tenant_platform_seed','market','Igbudu Market','Igbudu Market',NULL,'active','seeded',unixepoch(),unixepoch());
INSERT OR IGNORE INTO profiles (id,subject_id,subject_type,primary_place_id,tenant_id,workspace_id,display_name,created_at,updated_at) VALUES ('prof_s16_market_164e1ff1f0b57b86','org_s16_market_164e1ff1f0b57b86','organization','place_nigeria_001','tenant_platform_seed','workspace_platform_seed_discovery','Igbudu Market',unixepoch(),unixepoch());
INSERT OR IGNORE INTO search_entries (id,profile_id,display_name,keywords,ancestry_path,vertical,created_at,updated_at) VALUES ('se_s16_market_164e1ff1f0b57b86','prof_s16_market_164e1ff1f0b57b86','Igbudu Market','igbudu market market warri delta state market marketplace plaza mall trading centre nigeria','place_nigeria_001','commerce',unixepoch(),unixepoch());
INSERT OR IGNORE INTO seed_ingestion_records (id,seed_run_id,entity_type,entity_id,source_id,status) VALUES ('ir_s16_market_164e1ff1f0b57b86','seed_run_s16_market_batch2_20260502','organization','org_s16_market_164e1ff1f0b57b86','seed_source_osm_market_ng_s16b_20260502','ingested');
INSERT OR IGNORE INTO seed_entity_sources (id,seed_run_id,entity_type,entity_id,source_id,confidence_tier) VALUES ('es_s16_market_164e1ff1f0b57b86','seed_run_s16_market_batch2_20260502','organization','org_s16_market_164e1ff1f0b57b86','seed_source_osm_market_ng_s16b_20260502','seeded');
INSERT OR IGNORE INTO seed_enrichment (id,seed_run_id,entity_type,entity_id,enrichment_type,enrichment_json) VALUES ('enr_s16_market_164e1ff1f0b57b86','seed_run_s16_market_batch2_20260502','organization','org_s16_market_164e1ff1f0b57b86','seed_source_osm_market_ng_s16b_20260502','{"osm_id": "890862984", "osm_type": "way", "amenity": "marketplace", "shop": "", "addr_state": "", "addr_lga": "warri delta state", "operator": "", "opening_hours": "Mo-Su 08:00-22:00"}');

-- 214. Novare Central Mall
INSERT OR IGNORE INTO organizations (id,tenant_id,organization_type,legal_name,display_name,registration_number,status,verification_state,created_at,updated_at) VALUES ('org_s16_market_1ae534c5afdeab07','tenant_platform_seed','shopping_mall','Novare Central Mall','Novare Central Mall',NULL,'active','seeded',unixepoch(),unixepoch());
INSERT OR IGNORE INTO profiles (id,subject_id,subject_type,primary_place_id,tenant_id,workspace_id,display_name,created_at,updated_at) VALUES ('prof_s16_market_1ae534c5afdeab07','org_s16_market_1ae534c5afdeab07','organization','place_nigeria_001','tenant_platform_seed','workspace_platform_seed_discovery','Novare Central Mall',unixepoch(),unixepoch());
INSERT OR IGNORE INTO search_entries (id,profile_id,display_name,keywords,ancestry_path,vertical,created_at,updated_at) VALUES ('se_s16_market_1ae534c5afdeab07','prof_s16_market_1ae534c5afdeab07','Novare Central Mall','novare central mall shopping_mall abuja market marketplace plaza mall trading centre nigeria','place_nigeria_001','commerce',unixepoch(),unixepoch());
INSERT OR IGNORE INTO seed_ingestion_records (id,seed_run_id,entity_type,entity_id,source_id,status) VALUES ('ir_s16_market_1ae534c5afdeab07','seed_run_s16_market_batch2_20260502','organization','org_s16_market_1ae534c5afdeab07','seed_source_osm_market_ng_s16b_20260502','ingested');
INSERT OR IGNORE INTO seed_entity_sources (id,seed_run_id,entity_type,entity_id,source_id,confidence_tier) VALUES ('es_s16_market_1ae534c5afdeab07','seed_run_s16_market_batch2_20260502','organization','org_s16_market_1ae534c5afdeab07','seed_source_osm_market_ng_s16b_20260502','seeded');
INSERT OR IGNORE INTO seed_enrichment (id,seed_run_id,entity_type,entity_id,enrichment_type,enrichment_json) VALUES ('enr_s16_market_1ae534c5afdeab07','seed_run_s16_market_batch2_20260502','organization','org_s16_market_1ae534c5afdeab07','seed_source_osm_market_ng_s16b_20260502','{"osm_id": "898047978", "osm_type": "way", "amenity": "", "shop": "mall", "addr_state": "", "addr_lga": "Abuja", "operator": "", "opening_hours": "Mo-Sa 09:00-21:00; Su 10:00-21:00"}');

-- 215. Novare Apo
INSERT OR IGNORE INTO organizations (id,tenant_id,organization_type,legal_name,display_name,registration_number,status,verification_state,created_at,updated_at) VALUES ('org_s16_market_21c245cec806ce00','tenant_platform_seed','shopping_mall','Novare Apo','Novare Apo',NULL,'active','seeded',unixepoch(),unixepoch());
INSERT OR IGNORE INTO profiles (id,subject_id,subject_type,primary_place_id,tenant_id,workspace_id,display_name,created_at,updated_at) VALUES ('prof_s16_market_21c245cec806ce00','org_s16_market_21c245cec806ce00','organization','place_nigeria_001','tenant_platform_seed','workspace_platform_seed_discovery','Novare Apo',unixepoch(),unixepoch());
INSERT OR IGNORE INTO search_entries (id,profile_id,display_name,keywords,ancestry_path,vertical,created_at,updated_at) VALUES ('se_s16_market_21c245cec806ce00','prof_s16_market_21c245cec806ce00','Novare Apo','novare apo shopping_mall abuja market marketplace plaza mall trading centre nigeria','place_nigeria_001','commerce',unixepoch(),unixepoch());
INSERT OR IGNORE INTO seed_ingestion_records (id,seed_run_id,entity_type,entity_id,source_id,status) VALUES ('ir_s16_market_21c245cec806ce00','seed_run_s16_market_batch2_20260502','organization','org_s16_market_21c245cec806ce00','seed_source_osm_market_ng_s16b_20260502','ingested');
INSERT OR IGNORE INTO seed_entity_sources (id,seed_run_id,entity_type,entity_id,source_id,confidence_tier) VALUES ('es_s16_market_21c245cec806ce00','seed_run_s16_market_batch2_20260502','organization','org_s16_market_21c245cec806ce00','seed_source_osm_market_ng_s16b_20260502','seeded');
INSERT OR IGNORE INTO seed_enrichment (id,seed_run_id,entity_type,entity_id,enrichment_type,enrichment_json) VALUES ('enr_s16_market_21c245cec806ce00','seed_run_s16_market_batch2_20260502','organization','org_s16_market_21c245cec806ce00','seed_source_osm_market_ng_s16b_20260502','{"osm_id": "898047980", "osm_type": "way", "amenity": "", "shop": "mall", "addr_state": "", "addr_lga": "Abuja", "operator": "Novare", "opening_hours": "Mo-Su 09:00-21:00"}');

-- 216. Novare Gateway
INSERT OR IGNORE INTO organizations (id,tenant_id,organization_type,legal_name,display_name,registration_number,status,verification_state,created_at,updated_at) VALUES ('org_s16_market_79f4bd2b7ae51dda','tenant_platform_seed','shopping_mall','Novare Gateway','Novare Gateway',NULL,'active','seeded',unixepoch(),unixepoch());
INSERT OR IGNORE INTO profiles (id,subject_id,subject_type,primary_place_id,tenant_id,workspace_id,display_name,created_at,updated_at) VALUES ('prof_s16_market_79f4bd2b7ae51dda','org_s16_market_79f4bd2b7ae51dda','organization','place_nigeria_001','tenant_platform_seed','workspace_platform_seed_discovery','Novare Gateway',unixepoch(),unixepoch());
INSERT OR IGNORE INTO search_entries (id,profile_id,display_name,keywords,ancestry_path,vertical,created_at,updated_at) VALUES ('se_s16_market_79f4bd2b7ae51dda','prof_s16_market_79f4bd2b7ae51dda','Novare Gateway','novare gateway shopping_mall market marketplace plaza mall trading centre nigeria','place_nigeria_001','commerce',unixepoch(),unixepoch());
INSERT OR IGNORE INTO seed_ingestion_records (id,seed_run_id,entity_type,entity_id,source_id,status) VALUES ('ir_s16_market_79f4bd2b7ae51dda','seed_run_s16_market_batch2_20260502','organization','org_s16_market_79f4bd2b7ae51dda','seed_source_osm_market_ng_s16b_20260502','ingested');
INSERT OR IGNORE INTO seed_entity_sources (id,seed_run_id,entity_type,entity_id,source_id,confidence_tier) VALUES ('es_s16_market_79f4bd2b7ae51dda','seed_run_s16_market_batch2_20260502','organization','org_s16_market_79f4bd2b7ae51dda','seed_source_osm_market_ng_s16b_20260502','seeded');
INSERT OR IGNORE INTO seed_enrichment (id,seed_run_id,entity_type,entity_id,enrichment_type,enrichment_json) VALUES ('enr_s16_market_79f4bd2b7ae51dda','seed_run_s16_market_batch2_20260502','organization','org_s16_market_79f4bd2b7ae51dda','seed_source_osm_market_ng_s16b_20260502','{"osm_id": "898047983", "osm_type": "way", "amenity": "", "shop": "mall", "addr_state": "", "addr_lga": "", "operator": "Novare", "opening_hours": ""}');

-- 217. Zuma
INSERT OR IGNORE INTO organizations (id,tenant_id,organization_type,legal_name,display_name,registration_number,status,verification_state,created_at,updated_at) VALUES ('org_s16_market_74e7e37c6a6f278b','tenant_platform_seed','shopping_mall','Zuma','Zuma',NULL,'active','seeded',unixepoch(),unixepoch());
INSERT OR IGNORE INTO profiles (id,subject_id,subject_type,primary_place_id,tenant_id,workspace_id,display_name,created_at,updated_at) VALUES ('prof_s16_market_74e7e37c6a6f278b','org_s16_market_74e7e37c6a6f278b','organization','place_nigeria_001','tenant_platform_seed','workspace_platform_seed_discovery','Zuma',unixepoch(),unixepoch());
INSERT OR IGNORE INTO search_entries (id,profile_id,display_name,keywords,ancestry_path,vertical,created_at,updated_at) VALUES ('se_s16_market_74e7e37c6a6f278b','prof_s16_market_74e7e37c6a6f278b','Zuma','zuma shopping_mall market marketplace plaza mall trading centre nigeria','place_nigeria_001','commerce',unixepoch(),unixepoch());
INSERT OR IGNORE INTO seed_ingestion_records (id,seed_run_id,entity_type,entity_id,source_id,status) VALUES ('ir_s16_market_74e7e37c6a6f278b','seed_run_s16_market_batch2_20260502','organization','org_s16_market_74e7e37c6a6f278b','seed_source_osm_market_ng_s16b_20260502','ingested');
INSERT OR IGNORE INTO seed_entity_sources (id,seed_run_id,entity_type,entity_id,source_id,confidence_tier) VALUES ('es_s16_market_74e7e37c6a6f278b','seed_run_s16_market_batch2_20260502','organization','org_s16_market_74e7e37c6a6f278b','seed_source_osm_market_ng_s16b_20260502','seeded');
INSERT OR IGNORE INTO seed_enrichment (id,seed_run_id,entity_type,entity_id,enrichment_type,enrichment_json) VALUES ('enr_s16_market_74e7e37c6a6f278b','seed_run_s16_market_batch2_20260502','organization','org_s16_market_74e7e37c6a6f278b','seed_source_osm_market_ng_s16b_20260502','{"osm_id": "898053992", "osm_type": "way", "amenity": "", "shop": "mall", "addr_state": "", "addr_lga": "", "operator": "", "opening_hours": ""}');

-- 218. Febson Mall
INSERT OR IGNORE INTO organizations (id,tenant_id,organization_type,legal_name,display_name,registration_number,status,verification_state,created_at,updated_at) VALUES ('org_s16_market_945ad5f0a945b38e','tenant_platform_seed','shopping_mall','Febson Mall','Febson Mall',NULL,'active','seeded',unixepoch(),unixepoch());
INSERT OR IGNORE INTO profiles (id,subject_id,subject_type,primary_place_id,tenant_id,workspace_id,display_name,created_at,updated_at) VALUES ('prof_s16_market_945ad5f0a945b38e','org_s16_market_945ad5f0a945b38e','organization','place_nigeria_001','tenant_platform_seed','workspace_platform_seed_discovery','Febson Mall',unixepoch(),unixepoch());
INSERT OR IGNORE INTO search_entries (id,profile_id,display_name,keywords,ancestry_path,vertical,created_at,updated_at) VALUES ('se_s16_market_945ad5f0a945b38e','prof_s16_market_945ad5f0a945b38e','Febson Mall','febson mall shopping_mall market marketplace plaza mall trading centre nigeria','place_nigeria_001','commerce',unixepoch(),unixepoch());
INSERT OR IGNORE INTO seed_ingestion_records (id,seed_run_id,entity_type,entity_id,source_id,status) VALUES ('ir_s16_market_945ad5f0a945b38e','seed_run_s16_market_batch2_20260502','organization','org_s16_market_945ad5f0a945b38e','seed_source_osm_market_ng_s16b_20260502','ingested');
INSERT OR IGNORE INTO seed_entity_sources (id,seed_run_id,entity_type,entity_id,source_id,confidence_tier) VALUES ('es_s16_market_945ad5f0a945b38e','seed_run_s16_market_batch2_20260502','organization','org_s16_market_945ad5f0a945b38e','seed_source_osm_market_ng_s16b_20260502','seeded');
INSERT OR IGNORE INTO seed_enrichment (id,seed_run_id,entity_type,entity_id,enrichment_type,enrichment_json) VALUES ('enr_s16_market_945ad5f0a945b38e','seed_run_s16_market_batch2_20260502','organization','org_s16_market_945ad5f0a945b38e','seed_source_osm_market_ng_s16b_20260502','{"osm_id": "898053993", "osm_type": "way", "amenity": "", "shop": "mall", "addr_state": "", "addr_lga": "", "operator": "", "opening_hours": ""}');

-- 219. Cappador Mall
INSERT OR IGNORE INTO organizations (id,tenant_id,organization_type,legal_name,display_name,registration_number,status,verification_state,created_at,updated_at) VALUES ('org_s16_market_cc6fe4f5aabfda36','tenant_platform_seed','market','Cappador Mall','Cappador Mall',NULL,'active','seeded',unixepoch(),unixepoch());
INSERT OR IGNORE INTO profiles (id,subject_id,subject_type,primary_place_id,tenant_id,workspace_id,display_name,created_at,updated_at) VALUES ('prof_s16_market_cc6fe4f5aabfda36','org_s16_market_cc6fe4f5aabfda36','organization','place_nigeria_001','tenant_platform_seed','workspace_platform_seed_discovery','Cappador Mall',unixepoch(),unixepoch());
INSERT OR IGNORE INTO search_entries (id,profile_id,display_name,keywords,ancestry_path,vertical,created_at,updated_at) VALUES ('se_s16_market_cc6fe4f5aabfda36','prof_s16_market_cc6fe4f5aabfda36','Cappador Mall','cappador mall market market marketplace plaza mall trading centre nigeria','place_nigeria_001','commerce',unixepoch(),unixepoch());
INSERT OR IGNORE INTO seed_ingestion_records (id,seed_run_id,entity_type,entity_id,source_id,status) VALUES ('ir_s16_market_cc6fe4f5aabfda36','seed_run_s16_market_batch2_20260502','organization','org_s16_market_cc6fe4f5aabfda36','seed_source_osm_market_ng_s16b_20260502','ingested');
INSERT OR IGNORE INTO seed_entity_sources (id,seed_run_id,entity_type,entity_id,source_id,confidence_tier) VALUES ('es_s16_market_cc6fe4f5aabfda36','seed_run_s16_market_batch2_20260502','organization','org_s16_market_cc6fe4f5aabfda36','seed_source_osm_market_ng_s16b_20260502','seeded');
INSERT OR IGNORE INTO seed_enrichment (id,seed_run_id,entity_type,entity_id,enrichment_type,enrichment_json) VALUES ('enr_s16_market_cc6fe4f5aabfda36','seed_run_s16_market_batch2_20260502','organization','org_s16_market_cc6fe4f5aabfda36','seed_source_osm_market_ng_s16b_20260502','{"osm_id": "898054003", "osm_type": "way", "amenity": "", "shop": "", "addr_state": "", "addr_lga": "", "operator": "", "opening_hours": ""}');

-- 220. KASUWAR MATA
INSERT OR IGNORE INTO organizations (id,tenant_id,organization_type,legal_name,display_name,registration_number,status,verification_state,created_at,updated_at) VALUES ('org_s16_market_e8d0fc00aadec7ac','tenant_platform_seed','market','KASUWAR MATA','KASUWAR MATA',NULL,'active','seeded',unixepoch(),unixepoch());
INSERT OR IGNORE INTO profiles (id,subject_id,subject_type,primary_place_id,tenant_id,workspace_id,display_name,created_at,updated_at) VALUES ('prof_s16_market_e8d0fc00aadec7ac','org_s16_market_e8d0fc00aadec7ac','organization','place_nigeria_001','tenant_platform_seed','workspace_platform_seed_discovery','KASUWAR MATA',unixepoch(),unixepoch());
INSERT OR IGNORE INTO search_entries (id,profile_id,display_name,keywords,ancestry_path,vertical,created_at,updated_at) VALUES ('se_s16_market_e8d0fc00aadec7ac','prof_s16_market_e8d0fc00aadec7ac','KASUWAR MATA','kasuwar mata market market marketplace plaza mall trading centre nigeria','place_nigeria_001','commerce',unixepoch(),unixepoch());
INSERT OR IGNORE INTO seed_ingestion_records (id,seed_run_id,entity_type,entity_id,source_id,status) VALUES ('ir_s16_market_e8d0fc00aadec7ac','seed_run_s16_market_batch2_20260502','organization','org_s16_market_e8d0fc00aadec7ac','seed_source_osm_market_ng_s16b_20260502','ingested');
INSERT OR IGNORE INTO seed_entity_sources (id,seed_run_id,entity_type,entity_id,source_id,confidence_tier) VALUES ('es_s16_market_e8d0fc00aadec7ac','seed_run_s16_market_batch2_20260502','organization','org_s16_market_e8d0fc00aadec7ac','seed_source_osm_market_ng_s16b_20260502','seeded');
INSERT OR IGNORE INTO seed_enrichment (id,seed_run_id,entity_type,entity_id,enrichment_type,enrichment_json) VALUES ('enr_s16_market_e8d0fc00aadec7ac','seed_run_s16_market_batch2_20260502','organization','org_s16_market_e8d0fc00aadec7ac','seed_source_osm_market_ng_s16b_20260502','{"osm_id": "914742997", "osm_type": "way", "amenity": "marketplace", "shop": "", "addr_state": "", "addr_lga": "", "operator": "", "opening_hours": ""}');

-- 221. Miskay Boutique
INSERT OR IGNORE INTO organizations (id,tenant_id,organization_type,legal_name,display_name,registration_number,status,verification_state,created_at,updated_at) VALUES ('org_s16_market_a8765af97f0dea05','tenant_platform_seed','shopping_mall','Miskay Boutique','Miskay Boutique',NULL,'active','seeded',unixepoch(),unixepoch());
INSERT OR IGNORE INTO profiles (id,subject_id,subject_type,primary_place_id,tenant_id,workspace_id,display_name,created_at,updated_at) VALUES ('prof_s16_market_a8765af97f0dea05','org_s16_market_a8765af97f0dea05','organization','place_nigeria_001','tenant_platform_seed','workspace_platform_seed_discovery','Miskay Boutique',unixepoch(),unixepoch());
INSERT OR IGNORE INTO search_entries (id,profile_id,display_name,keywords,ancestry_path,vertical,created_at,updated_at) VALUES ('se_s16_market_a8765af97f0dea05','prof_s16_market_a8765af97f0dea05','Miskay Boutique','miskay boutique shopping_mall lekki market marketplace plaza mall trading centre nigeria','place_nigeria_001','commerce',unixepoch(),unixepoch());
INSERT OR IGNORE INTO seed_ingestion_records (id,seed_run_id,entity_type,entity_id,source_id,status) VALUES ('ir_s16_market_a8765af97f0dea05','seed_run_s16_market_batch2_20260502','organization','org_s16_market_a8765af97f0dea05','seed_source_osm_market_ng_s16b_20260502','ingested');
INSERT OR IGNORE INTO seed_entity_sources (id,seed_run_id,entity_type,entity_id,source_id,confidence_tier) VALUES ('es_s16_market_a8765af97f0dea05','seed_run_s16_market_batch2_20260502','organization','org_s16_market_a8765af97f0dea05','seed_source_osm_market_ng_s16b_20260502','seeded');
INSERT OR IGNORE INTO seed_enrichment (id,seed_run_id,entity_type,entity_id,enrichment_type,enrichment_json) VALUES ('enr_s16_market_a8765af97f0dea05','seed_run_s16_market_batch2_20260502','organization','org_s16_market_a8765af97f0dea05','seed_source_osm_market_ng_s16b_20260502','{"osm_id": "941038668", "osm_type": "way", "amenity": "", "shop": "mall", "addr_state": "", "addr_lga": "lekki", "operator": "", "opening_hours": "Mo-Sa 10:00-19:00"}');

-- 222. Orie-Omuma Market
INSERT OR IGNORE INTO organizations (id,tenant_id,organization_type,legal_name,display_name,registration_number,status,verification_state,created_at,updated_at) VALUES ('org_s16_market_44f67d3785dc275e','tenant_platform_seed','market','Orie-Omuma Market','Orie-Omuma Market',NULL,'active','seeded',unixepoch(),unixepoch());
INSERT OR IGNORE INTO profiles (id,subject_id,subject_type,primary_place_id,tenant_id,workspace_id,display_name,created_at,updated_at) VALUES ('prof_s16_market_44f67d3785dc275e','org_s16_market_44f67d3785dc275e','organization','place_nigeria_001','tenant_platform_seed','workspace_platform_seed_discovery','Orie-Omuma Market',unixepoch(),unixepoch());
INSERT OR IGNORE INTO search_entries (id,profile_id,display_name,keywords,ancestry_path,vertical,created_at,updated_at) VALUES ('se_s16_market_44f67d3785dc275e','prof_s16_market_44f67d3785dc275e','Orie-Omuma Market','orie-omuma market market market marketplace plaza mall trading centre nigeria','place_nigeria_001','commerce',unixepoch(),unixepoch());
INSERT OR IGNORE INTO seed_ingestion_records (id,seed_run_id,entity_type,entity_id,source_id,status) VALUES ('ir_s16_market_44f67d3785dc275e','seed_run_s16_market_batch2_20260502','organization','org_s16_market_44f67d3785dc275e','seed_source_osm_market_ng_s16b_20260502','ingested');
INSERT OR IGNORE INTO seed_entity_sources (id,seed_run_id,entity_type,entity_id,source_id,confidence_tier) VALUES ('es_s16_market_44f67d3785dc275e','seed_run_s16_market_batch2_20260502','organization','org_s16_market_44f67d3785dc275e','seed_source_osm_market_ng_s16b_20260502','seeded');
INSERT OR IGNORE INTO seed_enrichment (id,seed_run_id,entity_type,entity_id,enrichment_type,enrichment_json) VALUES ('enr_s16_market_44f67d3785dc275e','seed_run_s16_market_batch2_20260502','organization','org_s16_market_44f67d3785dc275e','seed_source_osm_market_ng_s16b_20260502','{"osm_id": "978805963", "osm_type": "way", "amenity": "marketplace", "shop": "", "addr_state": "", "addr_lga": "", "operator": "", "opening_hours": ""}');

-- 223. Chinatown
INSERT OR IGNORE INTO organizations (id,tenant_id,organization_type,legal_name,display_name,registration_number,status,verification_state,created_at,updated_at) VALUES ('org_s16_market_90796a5a57486a34','tenant_platform_seed','market','Chinatown','Chinatown',NULL,'active','seeded',unixepoch(),unixepoch());
INSERT OR IGNORE INTO profiles (id,subject_id,subject_type,primary_place_id,tenant_id,workspace_id,display_name,created_at,updated_at) VALUES ('prof_s16_market_90796a5a57486a34','org_s16_market_90796a5a57486a34','organization','place_nigeria_001','tenant_platform_seed','workspace_platform_seed_discovery','Chinatown',unixepoch(),unixepoch());
INSERT OR IGNORE INTO search_entries (id,profile_id,display_name,keywords,ancestry_path,vertical,created_at,updated_at) VALUES ('se_s16_market_90796a5a57486a34','prof_s16_market_90796a5a57486a34','Chinatown','chinatown market market marketplace plaza mall trading centre nigeria','place_nigeria_001','commerce',unixepoch(),unixepoch());
INSERT OR IGNORE INTO seed_ingestion_records (id,seed_run_id,entity_type,entity_id,source_id,status) VALUES ('ir_s16_market_90796a5a57486a34','seed_run_s16_market_batch2_20260502','organization','org_s16_market_90796a5a57486a34','seed_source_osm_market_ng_s16b_20260502','ingested');
INSERT OR IGNORE INTO seed_entity_sources (id,seed_run_id,entity_type,entity_id,source_id,confidence_tier) VALUES ('es_s16_market_90796a5a57486a34','seed_run_s16_market_batch2_20260502','organization','org_s16_market_90796a5a57486a34','seed_source_osm_market_ng_s16b_20260502','seeded');
INSERT OR IGNORE INTO seed_enrichment (id,seed_run_id,entity_type,entity_id,enrichment_type,enrichment_json) VALUES ('enr_s16_market_90796a5a57486a34','seed_run_s16_market_batch2_20260502','organization','org_s16_market_90796a5a57486a34','seed_source_osm_market_ng_s16b_20260502','{"osm_id": "992573675", "osm_type": "way", "amenity": "", "shop": "", "addr_state": "", "addr_lga": "", "operator": "", "opening_hours": ""}');

-- 224. Nkwo Emeke
INSERT OR IGNORE INTO organizations (id,tenant_id,organization_type,legal_name,display_name,registration_number,status,verification_state,created_at,updated_at) VALUES ('org_s16_market_e879ce6d29dc4346','tenant_platform_seed','market','Nkwo Emeke','Nkwo Emeke',NULL,'active','seeded',unixepoch(),unixepoch());
INSERT OR IGNORE INTO profiles (id,subject_id,subject_type,primary_place_id,tenant_id,workspace_id,display_name,created_at,updated_at) VALUES ('prof_s16_market_e879ce6d29dc4346','org_s16_market_e879ce6d29dc4346','organization','place_nigeria_001','tenant_platform_seed','workspace_platform_seed_discovery','Nkwo Emeke',unixepoch(),unixepoch());
INSERT OR IGNORE INTO search_entries (id,profile_id,display_name,keywords,ancestry_path,vertical,created_at,updated_at) VALUES ('se_s16_market_e879ce6d29dc4346','prof_s16_market_e879ce6d29dc4346','Nkwo Emeke','nkwo emeke market market marketplace plaza mall trading centre nigeria','place_nigeria_001','commerce',unixepoch(),unixepoch());
INSERT OR IGNORE INTO seed_ingestion_records (id,seed_run_id,entity_type,entity_id,source_id,status) VALUES ('ir_s16_market_e879ce6d29dc4346','seed_run_s16_market_batch2_20260502','organization','org_s16_market_e879ce6d29dc4346','seed_source_osm_market_ng_s16b_20260502','ingested');
INSERT OR IGNORE INTO seed_entity_sources (id,seed_run_id,entity_type,entity_id,source_id,confidence_tier) VALUES ('es_s16_market_e879ce6d29dc4346','seed_run_s16_market_batch2_20260502','organization','org_s16_market_e879ce6d29dc4346','seed_source_osm_market_ng_s16b_20260502','seeded');
INSERT OR IGNORE INTO seed_enrichment (id,seed_run_id,entity_type,entity_id,enrichment_type,enrichment_json) VALUES ('enr_s16_market_e879ce6d29dc4346','seed_run_s16_market_batch2_20260502','organization','org_s16_market_e879ce6d29dc4346','seed_source_osm_market_ng_s16b_20260502','{"osm_id": "1027214141", "osm_type": "way", "amenity": "marketplace", "shop": "", "addr_state": "", "addr_lga": "", "operator": "", "opening_hours": ""}');

-- 225. Ikot Akpan-Ata Market
INSERT OR IGNORE INTO organizations (id,tenant_id,organization_type,legal_name,display_name,registration_number,status,verification_state,created_at,updated_at) VALUES ('org_s16_market_378251938944746d','tenant_platform_seed','market','Ikot Akpan-Ata Market','Ikot Akpan-Ata Market',NULL,'active','seeded',unixepoch(),unixepoch());
INSERT OR IGNORE INTO profiles (id,subject_id,subject_type,primary_place_id,tenant_id,workspace_id,display_name,created_at,updated_at) VALUES ('prof_s16_market_378251938944746d','org_s16_market_378251938944746d','organization','place_nigeria_001','tenant_platform_seed','workspace_platform_seed_discovery','Ikot Akpan-Ata Market',unixepoch(),unixepoch());
INSERT OR IGNORE INTO search_entries (id,profile_id,display_name,keywords,ancestry_path,vertical,created_at,updated_at) VALUES ('se_s16_market_378251938944746d','prof_s16_market_378251938944746d','Ikot Akpan-Ata Market','ikot akpan-ata market market ikot akpan-ata market marketplace plaza mall trading centre nigeria','place_nigeria_001','commerce',unixepoch(),unixepoch());
INSERT OR IGNORE INTO seed_ingestion_records (id,seed_run_id,entity_type,entity_id,source_id,status) VALUES ('ir_s16_market_378251938944746d','seed_run_s16_market_batch2_20260502','organization','org_s16_market_378251938944746d','seed_source_osm_market_ng_s16b_20260502','ingested');
INSERT OR IGNORE INTO seed_entity_sources (id,seed_run_id,entity_type,entity_id,source_id,confidence_tier) VALUES ('es_s16_market_378251938944746d','seed_run_s16_market_batch2_20260502','organization','org_s16_market_378251938944746d','seed_source_osm_market_ng_s16b_20260502','seeded');
INSERT OR IGNORE INTO seed_enrichment (id,seed_run_id,entity_type,entity_id,enrichment_type,enrichment_json) VALUES ('enr_s16_market_378251938944746d','seed_run_s16_market_batch2_20260502','organization','org_s16_market_378251938944746d','seed_source_osm_market_ng_s16b_20260502','{"osm_id": "1080662168", "osm_type": "way", "amenity": "marketplace", "shop": "", "addr_state": "", "addr_lga": "Ikot Akpan-Ata", "operator": "Ikot Akpan-Ata", "opening_hours": "Mo-Su 09:00-21:00"}');

-- 226. Dosmarine Gas Station
INSERT OR IGNORE INTO organizations (id,tenant_id,organization_type,legal_name,display_name,registration_number,status,verification_state,created_at,updated_at) VALUES ('org_s16_market_dc27c9f00a935455','tenant_platform_seed','market','Dosmarine Gas Station','Dosmarine Gas Station',NULL,'active','seeded',unixepoch(),unixepoch());
INSERT OR IGNORE INTO profiles (id,subject_id,subject_type,primary_place_id,tenant_id,workspace_id,display_name,created_at,updated_at) VALUES ('prof_s16_market_dc27c9f00a935455','org_s16_market_dc27c9f00a935455','organization','place_nigeria_001','tenant_platform_seed','workspace_platform_seed_discovery','Dosmarine Gas Station',unixepoch(),unixepoch());
INSERT OR IGNORE INTO search_entries (id,profile_id,display_name,keywords,ancestry_path,vertical,created_at,updated_at) VALUES ('se_s16_market_dc27c9f00a935455','prof_s16_market_dc27c9f00a935455','Dosmarine Gas Station','dosmarine gas station market market marketplace plaza mall trading centre nigeria','place_nigeria_001','commerce',unixepoch(),unixepoch());
INSERT OR IGNORE INTO seed_ingestion_records (id,seed_run_id,entity_type,entity_id,source_id,status) VALUES ('ir_s16_market_dc27c9f00a935455','seed_run_s16_market_batch2_20260502','organization','org_s16_market_dc27c9f00a935455','seed_source_osm_market_ng_s16b_20260502','ingested');
INSERT OR IGNORE INTO seed_entity_sources (id,seed_run_id,entity_type,entity_id,source_id,confidence_tier) VALUES ('es_s16_market_dc27c9f00a935455','seed_run_s16_market_batch2_20260502','organization','org_s16_market_dc27c9f00a935455','seed_source_osm_market_ng_s16b_20260502','seeded');
INSERT OR IGNORE INTO seed_enrichment (id,seed_run_id,entity_type,entity_id,enrichment_type,enrichment_json) VALUES ('enr_s16_market_dc27c9f00a935455','seed_run_s16_market_batch2_20260502','organization','org_s16_market_dc27c9f00a935455','seed_source_osm_market_ng_s16b_20260502','{"osm_id": "1092016904", "osm_type": "way", "amenity": "", "shop": "", "addr_state": "", "addr_lga": "", "operator": "", "opening_hours": ""}');

-- 227. Rhotel Pharmacy & Supermarket
INSERT OR IGNORE INTO organizations (id,tenant_id,organization_type,legal_name,display_name,registration_number,status,verification_state,created_at,updated_at) VALUES ('org_s16_market_7a0d854981d940f9','tenant_platform_seed','market','Rhotel Pharmacy & Supermarket','Rhotel Pharmacy & Supermarket',NULL,'active','seeded',unixepoch(),unixepoch());
INSERT OR IGNORE INTO profiles (id,subject_id,subject_type,primary_place_id,tenant_id,workspace_id,display_name,created_at,updated_at) VALUES ('prof_s16_market_7a0d854981d940f9','org_s16_market_7a0d854981d940f9','organization','place_nigeria_001','tenant_platform_seed','workspace_platform_seed_discovery','Rhotel Pharmacy & Supermarket',unixepoch(),unixepoch());
INSERT OR IGNORE INTO search_entries (id,profile_id,display_name,keywords,ancestry_path,vertical,created_at,updated_at) VALUES ('se_s16_market_7a0d854981d940f9','prof_s16_market_7a0d854981d940f9','Rhotel Pharmacy & Supermarket','rhotel pharmacy & supermarket market lokoja market marketplace plaza mall trading centre nigeria','place_nigeria_001','commerce',unixepoch(),unixepoch());
INSERT OR IGNORE INTO seed_ingestion_records (id,seed_run_id,entity_type,entity_id,source_id,status) VALUES ('ir_s16_market_7a0d854981d940f9','seed_run_s16_market_batch2_20260502','organization','org_s16_market_7a0d854981d940f9','seed_source_osm_market_ng_s16b_20260502','ingested');
INSERT OR IGNORE INTO seed_entity_sources (id,seed_run_id,entity_type,entity_id,source_id,confidence_tier) VALUES ('es_s16_market_7a0d854981d940f9','seed_run_s16_market_batch2_20260502','organization','org_s16_market_7a0d854981d940f9','seed_source_osm_market_ng_s16b_20260502','seeded');
INSERT OR IGNORE INTO seed_enrichment (id,seed_run_id,entity_type,entity_id,enrichment_type,enrichment_json) VALUES ('enr_s16_market_7a0d854981d940f9','seed_run_s16_market_batch2_20260502','organization','org_s16_market_7a0d854981d940f9','seed_source_osm_market_ng_s16b_20260502','{"osm_id": "1111235234", "osm_type": "way", "amenity": "", "shop": "chemist", "addr_state": "", "addr_lga": "Lokoja", "operator": "Rhotel Pharmacy", "opening_hours": "Mo-Su 07:00-22:00"}');

-- 228. Trademore Market
INSERT OR IGNORE INTO organizations (id,tenant_id,organization_type,legal_name,display_name,registration_number,status,verification_state,created_at,updated_at) VALUES ('org_s16_market_c39017c5f51d1f39','tenant_platform_seed','market','Trademore Market','Trademore Market',NULL,'active','seeded',unixepoch(),unixepoch());
INSERT OR IGNORE INTO profiles (id,subject_id,subject_type,primary_place_id,tenant_id,workspace_id,display_name,created_at,updated_at) VALUES ('prof_s16_market_c39017c5f51d1f39','org_s16_market_c39017c5f51d1f39','organization','place_nigeria_001','tenant_platform_seed','workspace_platform_seed_discovery','Trademore Market',unixepoch(),unixepoch());
INSERT OR IGNORE INTO search_entries (id,profile_id,display_name,keywords,ancestry_path,vertical,created_at,updated_at) VALUES ('se_s16_market_c39017c5f51d1f39','prof_s16_market_c39017c5f51d1f39','Trademore Market','trademore market market market marketplace plaza mall trading centre nigeria','place_nigeria_001','commerce',unixepoch(),unixepoch());
INSERT OR IGNORE INTO seed_ingestion_records (id,seed_run_id,entity_type,entity_id,source_id,status) VALUES ('ir_s16_market_c39017c5f51d1f39','seed_run_s16_market_batch2_20260502','organization','org_s16_market_c39017c5f51d1f39','seed_source_osm_market_ng_s16b_20260502','ingested');
INSERT OR IGNORE INTO seed_entity_sources (id,seed_run_id,entity_type,entity_id,source_id,confidence_tier) VALUES ('es_s16_market_c39017c5f51d1f39','seed_run_s16_market_batch2_20260502','organization','org_s16_market_c39017c5f51d1f39','seed_source_osm_market_ng_s16b_20260502','seeded');
INSERT OR IGNORE INTO seed_enrichment (id,seed_run_id,entity_type,entity_id,enrichment_type,enrichment_json) VALUES ('enr_s16_market_c39017c5f51d1f39','seed_run_s16_market_batch2_20260502','organization','org_s16_market_c39017c5f51d1f39','seed_source_osm_market_ng_s16b_20260502','{"osm_id": "1121695435", "osm_type": "way", "amenity": "marketplace", "shop": "", "addr_state": "", "addr_lga": "", "operator": "", "opening_hours": ""}');

-- 229. Chemist Shop
INSERT OR IGNORE INTO organizations (id,tenant_id,organization_type,legal_name,display_name,registration_number,status,verification_state,created_at,updated_at) VALUES ('org_s16_market_a46baac663571b1b','tenant_platform_seed','market','Chemist Shop','Chemist Shop',NULL,'active','seeded',unixepoch(),unixepoch());
INSERT OR IGNORE INTO profiles (id,subject_id,subject_type,primary_place_id,tenant_id,workspace_id,display_name,created_at,updated_at) VALUES ('prof_s16_market_a46baac663571b1b','org_s16_market_a46baac663571b1b','organization','place_nigeria_001','tenant_platform_seed','workspace_platform_seed_discovery','Chemist Shop',unixepoch(),unixepoch());
INSERT OR IGNORE INTO search_entries (id,profile_id,display_name,keywords,ancestry_path,vertical,created_at,updated_at) VALUES ('se_s16_market_a46baac663571b1b','prof_s16_market_a46baac663571b1b','Chemist Shop','chemist shop market market marketplace plaza mall trading centre nigeria','place_nigeria_001','commerce',unixepoch(),unixepoch());
INSERT OR IGNORE INTO seed_ingestion_records (id,seed_run_id,entity_type,entity_id,source_id,status) VALUES ('ir_s16_market_a46baac663571b1b','seed_run_s16_market_batch2_20260502','organization','org_s16_market_a46baac663571b1b','seed_source_osm_market_ng_s16b_20260502','ingested');
INSERT OR IGNORE INTO seed_entity_sources (id,seed_run_id,entity_type,entity_id,source_id,confidence_tier) VALUES ('es_s16_market_a46baac663571b1b','seed_run_s16_market_batch2_20260502','organization','org_s16_market_a46baac663571b1b','seed_source_osm_market_ng_s16b_20260502','seeded');
INSERT OR IGNORE INTO seed_enrichment (id,seed_run_id,entity_type,entity_id,enrichment_type,enrichment_json) VALUES ('enr_s16_market_a46baac663571b1b','seed_run_s16_market_batch2_20260502','organization','org_s16_market_a46baac663571b1b','seed_source_osm_market_ng_s16b_20260502','{"osm_id": "1131930484", "osm_type": "way", "amenity": "", "shop": "", "addr_state": "", "addr_lga": "", "operator": "", "opening_hours": ""}');

-- 230. Igbo Market
INSERT OR IGNORE INTO organizations (id,tenant_id,organization_type,legal_name,display_name,registration_number,status,verification_state,created_at,updated_at) VALUES ('org_s16_market_0de128579c52b1da','tenant_platform_seed','market','Igbo Market','Igbo Market',NULL,'active','seeded',unixepoch(),unixepoch());
INSERT OR IGNORE INTO profiles (id,subject_id,subject_type,primary_place_id,tenant_id,workspace_id,display_name,created_at,updated_at) VALUES ('prof_s16_market_0de128579c52b1da','org_s16_market_0de128579c52b1da','organization','place_nigeria_001','tenant_platform_seed','workspace_platform_seed_discovery','Igbo Market',unixepoch(),unixepoch());
INSERT OR IGNORE INTO search_entries (id,profile_id,display_name,keywords,ancestry_path,vertical,created_at,updated_at) VALUES ('se_s16_market_0de128579c52b1da','prof_s16_market_0de128579c52b1da','Igbo Market','igbo market market warri market marketplace plaza mall trading centre nigeria','place_nigeria_001','commerce',unixepoch(),unixepoch());
INSERT OR IGNORE INTO seed_ingestion_records (id,seed_run_id,entity_type,entity_id,source_id,status) VALUES ('ir_s16_market_0de128579c52b1da','seed_run_s16_market_batch2_20260502','organization','org_s16_market_0de128579c52b1da','seed_source_osm_market_ng_s16b_20260502','ingested');
INSERT OR IGNORE INTO seed_entity_sources (id,seed_run_id,entity_type,entity_id,source_id,confidence_tier) VALUES ('es_s16_market_0de128579c52b1da','seed_run_s16_market_batch2_20260502','organization','org_s16_market_0de128579c52b1da','seed_source_osm_market_ng_s16b_20260502','seeded');
INSERT OR IGNORE INTO seed_enrichment (id,seed_run_id,entity_type,entity_id,enrichment_type,enrichment_json) VALUES ('enr_s16_market_0de128579c52b1da','seed_run_s16_market_batch2_20260502','organization','org_s16_market_0de128579c52b1da','seed_source_osm_market_ng_s16b_20260502','{"osm_id": "1150932604", "osm_type": "way", "amenity": "marketplace", "shop": "", "addr_state": "", "addr_lga": "Warri", "operator": "Warri South LGA", "opening_hours": ""}');

-- 231. Ogbe-Ijaw Market
INSERT OR IGNORE INTO organizations (id,tenant_id,organization_type,legal_name,display_name,registration_number,status,verification_state,created_at,updated_at) VALUES ('org_s16_market_7ea4b50e20285bc9','tenant_platform_seed','market','Ogbe-Ijaw Market','Ogbe-Ijaw Market',NULL,'active','seeded',unixepoch(),unixepoch());
INSERT OR IGNORE INTO profiles (id,subject_id,subject_type,primary_place_id,tenant_id,workspace_id,display_name,created_at,updated_at) VALUES ('prof_s16_market_7ea4b50e20285bc9','org_s16_market_7ea4b50e20285bc9','organization','place_nigeria_001','tenant_platform_seed','workspace_platform_seed_discovery','Ogbe-Ijaw Market',unixepoch(),unixepoch());
INSERT OR IGNORE INTO search_entries (id,profile_id,display_name,keywords,ancestry_path,vertical,created_at,updated_at) VALUES ('se_s16_market_7ea4b50e20285bc9','prof_s16_market_7ea4b50e20285bc9','Ogbe-Ijaw Market','ogbe-ijaw market market warri market marketplace plaza mall trading centre nigeria','place_nigeria_001','commerce',unixepoch(),unixepoch());
INSERT OR IGNORE INTO seed_ingestion_records (id,seed_run_id,entity_type,entity_id,source_id,status) VALUES ('ir_s16_market_7ea4b50e20285bc9','seed_run_s16_market_batch2_20260502','organization','org_s16_market_7ea4b50e20285bc9','seed_source_osm_market_ng_s16b_20260502','ingested');
INSERT OR IGNORE INTO seed_entity_sources (id,seed_run_id,entity_type,entity_id,source_id,confidence_tier) VALUES ('es_s16_market_7ea4b50e20285bc9','seed_run_s16_market_batch2_20260502','organization','org_s16_market_7ea4b50e20285bc9','seed_source_osm_market_ng_s16b_20260502','seeded');
INSERT OR IGNORE INTO seed_enrichment (id,seed_run_id,entity_type,entity_id,enrichment_type,enrichment_json) VALUES ('enr_s16_market_7ea4b50e20285bc9','seed_run_s16_market_batch2_20260502','organization','org_s16_market_7ea4b50e20285bc9','seed_source_osm_market_ng_s16b_20260502','{"osm_id": "1156138914", "osm_type": "way", "amenity": "marketplace", "shop": "", "addr_state": "", "addr_lga": "Warri", "operator": "", "opening_hours": ""}');

-- 232. Kanti Sauki
INSERT OR IGNORE INTO organizations (id,tenant_id,organization_type,legal_name,display_name,registration_number,status,verification_state,created_at,updated_at) VALUES ('org_s16_market_f2955f06eaddb1bc','tenant_platform_seed','shopping_mall','Kanti Sauki','Kanti Sauki',NULL,'active','seeded',unixepoch(),unixepoch());
INSERT OR IGNORE INTO profiles (id,subject_id,subject_type,primary_place_id,tenant_id,workspace_id,display_name,created_at,updated_at) VALUES ('prof_s16_market_f2955f06eaddb1bc','org_s16_market_f2955f06eaddb1bc','organization','place_nigeria_001','tenant_platform_seed','workspace_platform_seed_discovery','Kanti Sauki',unixepoch(),unixepoch());
INSERT OR IGNORE INTO search_entries (id,profile_id,display_name,keywords,ancestry_path,vertical,created_at,updated_at) VALUES ('se_s16_market_f2955f06eaddb1bc','prof_s16_market_f2955f06eaddb1bc','Kanti Sauki','kanti sauki shopping_mall market marketplace plaza mall trading centre nigeria','place_nigeria_001','commerce',unixepoch(),unixepoch());
INSERT OR IGNORE INTO seed_ingestion_records (id,seed_run_id,entity_type,entity_id,source_id,status) VALUES ('ir_s16_market_f2955f06eaddb1bc','seed_run_s16_market_batch2_20260502','organization','org_s16_market_f2955f06eaddb1bc','seed_source_osm_market_ng_s16b_20260502','ingested');
INSERT OR IGNORE INTO seed_entity_sources (id,seed_run_id,entity_type,entity_id,source_id,confidence_tier) VALUES ('es_s16_market_f2955f06eaddb1bc','seed_run_s16_market_batch2_20260502','organization','org_s16_market_f2955f06eaddb1bc','seed_source_osm_market_ng_s16b_20260502','seeded');
INSERT OR IGNORE INTO seed_enrichment (id,seed_run_id,entity_type,entity_id,enrichment_type,enrichment_json) VALUES ('enr_s16_market_f2955f06eaddb1bc','seed_run_s16_market_batch2_20260502','organization','org_s16_market_f2955f06eaddb1bc','seed_source_osm_market_ng_s16b_20260502','{"osm_id": "1178004111", "osm_type": "way", "amenity": "", "shop": "mall", "addr_state": "", "addr_lga": "", "operator": "", "opening_hours": "mo - su 9 to 4"}');

-- 233. Ime Afor Umuakah
INSERT OR IGNORE INTO organizations (id,tenant_id,organization_type,legal_name,display_name,registration_number,status,verification_state,created_at,updated_at) VALUES ('org_s16_market_f0c404df7b3f0c01','tenant_platform_seed','market','Ime Afor Umuakah','Ime Afor Umuakah',NULL,'active','seeded',unixepoch(),unixepoch());
INSERT OR IGNORE INTO profiles (id,subject_id,subject_type,primary_place_id,tenant_id,workspace_id,display_name,created_at,updated_at) VALUES ('prof_s16_market_f0c404df7b3f0c01','org_s16_market_f0c404df7b3f0c01','organization','place_nigeria_001','tenant_platform_seed','workspace_platform_seed_discovery','Ime Afor Umuakah',unixepoch(),unixepoch());
INSERT OR IGNORE INTO search_entries (id,profile_id,display_name,keywords,ancestry_path,vertical,created_at,updated_at) VALUES ('se_s16_market_f0c404df7b3f0c01','prof_s16_market_f0c404df7b3f0c01','Ime Afor Umuakah','ime afor umuakah market market marketplace plaza mall trading centre nigeria','place_nigeria_001','commerce',unixepoch(),unixepoch());
INSERT OR IGNORE INTO seed_ingestion_records (id,seed_run_id,entity_type,entity_id,source_id,status) VALUES ('ir_s16_market_f0c404df7b3f0c01','seed_run_s16_market_batch2_20260502','organization','org_s16_market_f0c404df7b3f0c01','seed_source_osm_market_ng_s16b_20260502','ingested');
INSERT OR IGNORE INTO seed_entity_sources (id,seed_run_id,entity_type,entity_id,source_id,confidence_tier) VALUES ('es_s16_market_f0c404df7b3f0c01','seed_run_s16_market_batch2_20260502','organization','org_s16_market_f0c404df7b3f0c01','seed_source_osm_market_ng_s16b_20260502','seeded');
INSERT OR IGNORE INTO seed_enrichment (id,seed_run_id,entity_type,entity_id,enrichment_type,enrichment_json) VALUES ('enr_s16_market_f0c404df7b3f0c01','seed_run_s16_market_batch2_20260502','organization','org_s16_market_f0c404df7b3f0c01','seed_source_osm_market_ng_s16b_20260502','{"osm_id": "1186221156", "osm_type": "way", "amenity": "marketplace", "shop": "", "addr_state": "", "addr_lga": "", "operator": "Afor Market Union", "opening_hours": ""}');

-- 234. Ukwu Ebelebe
INSERT OR IGNORE INTO organizations (id,tenant_id,organization_type,legal_name,display_name,registration_number,status,verification_state,created_at,updated_at) VALUES ('org_s16_market_8677183504392da5','tenant_platform_seed','market','Ukwu Ebelebe','Ukwu Ebelebe',NULL,'active','seeded',unixepoch(),unixepoch());
INSERT OR IGNORE INTO profiles (id,subject_id,subject_type,primary_place_id,tenant_id,workspace_id,display_name,created_at,updated_at) VALUES ('prof_s16_market_8677183504392da5','org_s16_market_8677183504392da5','organization','place_nigeria_001','tenant_platform_seed','workspace_platform_seed_discovery','Ukwu Ebelebe',unixepoch(),unixepoch());
INSERT OR IGNORE INTO search_entries (id,profile_id,display_name,keywords,ancestry_path,vertical,created_at,updated_at) VALUES ('se_s16_market_8677183504392da5','prof_s16_market_8677183504392da5','Ukwu Ebelebe','ukwu ebelebe market umuakachi market marketplace plaza mall trading centre nigeria','place_nigeria_001','commerce',unixepoch(),unixepoch());
INSERT OR IGNORE INTO seed_ingestion_records (id,seed_run_id,entity_type,entity_id,source_id,status) VALUES ('ir_s16_market_8677183504392da5','seed_run_s16_market_batch2_20260502','organization','org_s16_market_8677183504392da5','seed_source_osm_market_ng_s16b_20260502','ingested');
INSERT OR IGNORE INTO seed_entity_sources (id,seed_run_id,entity_type,entity_id,source_id,confidence_tier) VALUES ('es_s16_market_8677183504392da5','seed_run_s16_market_batch2_20260502','organization','org_s16_market_8677183504392da5','seed_source_osm_market_ng_s16b_20260502','seeded');
INSERT OR IGNORE INTO seed_enrichment (id,seed_run_id,entity_type,entity_id,enrichment_type,enrichment_json) VALUES ('enr_s16_market_8677183504392da5','seed_run_s16_market_batch2_20260502','organization','org_s16_market_8677183504392da5','seed_source_osm_market_ng_s16b_20260502','{"osm_id": "1186222976", "osm_type": "way", "amenity": "marketplace", "shop": "", "addr_state": "", "addr_lga": "Umuakachi", "operator": "", "opening_hours": ""}');

-- 235. Emevor Small Market
INSERT OR IGNORE INTO organizations (id,tenant_id,organization_type,legal_name,display_name,registration_number,status,verification_state,created_at,updated_at) VALUES ('org_s16_market_367150e9e35af655','tenant_platform_seed','market','Emevor Small Market','Emevor Small Market',NULL,'active','seeded',unixepoch(),unixepoch());
INSERT OR IGNORE INTO profiles (id,subject_id,subject_type,primary_place_id,tenant_id,workspace_id,display_name,created_at,updated_at) VALUES ('prof_s16_market_367150e9e35af655','org_s16_market_367150e9e35af655','organization','place_nigeria_001','tenant_platform_seed','workspace_platform_seed_discovery','Emevor Small Market',unixepoch(),unixepoch());
INSERT OR IGNORE INTO search_entries (id,profile_id,display_name,keywords,ancestry_path,vertical,created_at,updated_at) VALUES ('se_s16_market_367150e9e35af655','prof_s16_market_367150e9e35af655','Emevor Small Market','emevor small market market market marketplace plaza mall trading centre nigeria','place_nigeria_001','commerce',unixepoch(),unixepoch());
INSERT OR IGNORE INTO seed_ingestion_records (id,seed_run_id,entity_type,entity_id,source_id,status) VALUES ('ir_s16_market_367150e9e35af655','seed_run_s16_market_batch2_20260502','organization','org_s16_market_367150e9e35af655','seed_source_osm_market_ng_s16b_20260502','ingested');
INSERT OR IGNORE INTO seed_entity_sources (id,seed_run_id,entity_type,entity_id,source_id,confidence_tier) VALUES ('es_s16_market_367150e9e35af655','seed_run_s16_market_batch2_20260502','organization','org_s16_market_367150e9e35af655','seed_source_osm_market_ng_s16b_20260502','seeded');
INSERT OR IGNORE INTO seed_enrichment (id,seed_run_id,entity_type,entity_id,enrichment_type,enrichment_json) VALUES ('enr_s16_market_367150e9e35af655','seed_run_s16_market_batch2_20260502','organization','org_s16_market_367150e9e35af655','seed_source_osm_market_ng_s16b_20260502','{"osm_id": "1187828754", "osm_type": "way", "amenity": "marketplace", "shop": "", "addr_state": "", "addr_lga": "", "operator": "", "opening_hours": ""}');

-- 236. Lasad super market
INSERT OR IGNORE INTO organizations (id,tenant_id,organization_type,legal_name,display_name,registration_number,status,verification_state,created_at,updated_at) VALUES ('org_s16_market_a2eed4d3a4d5d59b','tenant_platform_seed','market','Lasad super market','Lasad super market',NULL,'active','seeded',unixepoch(),unixepoch());
INSERT OR IGNORE INTO profiles (id,subject_id,subject_type,primary_place_id,tenant_id,workspace_id,display_name,created_at,updated_at) VALUES ('prof_s16_market_a2eed4d3a4d5d59b','org_s16_market_a2eed4d3a4d5d59b','organization','place_nigeria_001','tenant_platform_seed','workspace_platform_seed_discovery','Lasad super market',unixepoch(),unixepoch());
INSERT OR IGNORE INTO search_entries (id,profile_id,display_name,keywords,ancestry_path,vertical,created_at,updated_at) VALUES ('se_s16_market_a2eed4d3a4d5d59b','prof_s16_market_a2eed4d3a4d5d59b','Lasad super market','lasad super market market market marketplace plaza mall trading centre nigeria','place_nigeria_001','commerce',unixepoch(),unixepoch());
INSERT OR IGNORE INTO seed_ingestion_records (id,seed_run_id,entity_type,entity_id,source_id,status) VALUES ('ir_s16_market_a2eed4d3a4d5d59b','seed_run_s16_market_batch2_20260502','organization','org_s16_market_a2eed4d3a4d5d59b','seed_source_osm_market_ng_s16b_20260502','ingested');
INSERT OR IGNORE INTO seed_entity_sources (id,seed_run_id,entity_type,entity_id,source_id,confidence_tier) VALUES ('es_s16_market_a2eed4d3a4d5d59b','seed_run_s16_market_batch2_20260502','organization','org_s16_market_a2eed4d3a4d5d59b','seed_source_osm_market_ng_s16b_20260502','seeded');
INSERT OR IGNORE INTO seed_enrichment (id,seed_run_id,entity_type,entity_id,enrichment_type,enrichment_json) VALUES ('enr_s16_market_a2eed4d3a4d5d59b','seed_run_s16_market_batch2_20260502','organization','org_s16_market_a2eed4d3a4d5d59b','seed_source_osm_market_ng_s16b_20260502','{"osm_id": "1207250025", "osm_type": "way", "amenity": "", "shop": "supermarket", "addr_state": "", "addr_lga": "", "operator": "", "opening_hours": ""}');

-- 237. Nana Firdausi Plaza
INSERT OR IGNORE INTO organizations (id,tenant_id,organization_type,legal_name,display_name,registration_number,status,verification_state,created_at,updated_at) VALUES ('org_s16_market_9aeb7c19114edbe1','tenant_platform_seed','shopping_mall','Nana Firdausi Plaza','Nana Firdausi Plaza',NULL,'active','seeded',unixepoch(),unixepoch());
INSERT OR IGNORE INTO profiles (id,subject_id,subject_type,primary_place_id,tenant_id,workspace_id,display_name,created_at,updated_at) VALUES ('prof_s16_market_9aeb7c19114edbe1','org_s16_market_9aeb7c19114edbe1','organization','place_nigeria_001','tenant_platform_seed','workspace_platform_seed_discovery','Nana Firdausi Plaza',unixepoch(),unixepoch());
INSERT OR IGNORE INTO search_entries (id,profile_id,display_name,keywords,ancestry_path,vertical,created_at,updated_at) VALUES ('se_s16_market_9aeb7c19114edbe1','prof_s16_market_9aeb7c19114edbe1','Nana Firdausi Plaza','nana firdausi plaza shopping_mall market marketplace plaza mall trading centre nigeria','place_nigeria_001','commerce',unixepoch(),unixepoch());
INSERT OR IGNORE INTO seed_ingestion_records (id,seed_run_id,entity_type,entity_id,source_id,status) VALUES ('ir_s16_market_9aeb7c19114edbe1','seed_run_s16_market_batch2_20260502','organization','org_s16_market_9aeb7c19114edbe1','seed_source_osm_market_ng_s16b_20260502','ingested');
INSERT OR IGNORE INTO seed_entity_sources (id,seed_run_id,entity_type,entity_id,source_id,confidence_tier) VALUES ('es_s16_market_9aeb7c19114edbe1','seed_run_s16_market_batch2_20260502','organization','org_s16_market_9aeb7c19114edbe1','seed_source_osm_market_ng_s16b_20260502','seeded');
INSERT OR IGNORE INTO seed_enrichment (id,seed_run_id,entity_type,entity_id,enrichment_type,enrichment_json) VALUES ('enr_s16_market_9aeb7c19114edbe1','seed_run_s16_market_batch2_20260502','organization','org_s16_market_9aeb7c19114edbe1','seed_source_osm_market_ng_s16b_20260502','{"osm_id": "1210540946", "osm_type": "way", "amenity": "", "shop": "mall", "addr_state": "", "addr_lga": "", "operator": "", "opening_hours": ""}');

-- 238. ilesha garage
INSERT OR IGNORE INTO organizations (id,tenant_id,organization_type,legal_name,display_name,registration_number,status,verification_state,created_at,updated_at) VALUES ('org_s16_market_42ac67da11a510a4','tenant_platform_seed','market','ilesha garage','ilesha garage',NULL,'active','seeded',unixepoch(),unixepoch());
INSERT OR IGNORE INTO profiles (id,subject_id,subject_type,primary_place_id,tenant_id,workspace_id,display_name,created_at,updated_at) VALUES ('prof_s16_market_42ac67da11a510a4','org_s16_market_42ac67da11a510a4','organization','place_nigeria_001','tenant_platform_seed','workspace_platform_seed_discovery','ilesha garage',unixepoch(),unixepoch());
INSERT OR IGNORE INTO search_entries (id,profile_id,display_name,keywords,ancestry_path,vertical,created_at,updated_at) VALUES ('se_s16_market_42ac67da11a510a4','prof_s16_market_42ac67da11a510a4','ilesha garage','ilesha garage market market marketplace plaza mall trading centre nigeria','place_nigeria_001','commerce',unixepoch(),unixepoch());
INSERT OR IGNORE INTO seed_ingestion_records (id,seed_run_id,entity_type,entity_id,source_id,status) VALUES ('ir_s16_market_42ac67da11a510a4','seed_run_s16_market_batch2_20260502','organization','org_s16_market_42ac67da11a510a4','seed_source_osm_market_ng_s16b_20260502','ingested');
INSERT OR IGNORE INTO seed_entity_sources (id,seed_run_id,entity_type,entity_id,source_id,confidence_tier) VALUES ('es_s16_market_42ac67da11a510a4','seed_run_s16_market_batch2_20260502','organization','org_s16_market_42ac67da11a510a4','seed_source_osm_market_ng_s16b_20260502','seeded');
INSERT OR IGNORE INTO seed_enrichment (id,seed_run_id,entity_type,entity_id,enrichment_type,enrichment_json) VALUES ('enr_s16_market_42ac67da11a510a4','seed_run_s16_market_batch2_20260502','organization','org_s16_market_42ac67da11a510a4','seed_source_osm_market_ng_s16b_20260502','{"osm_id": "1234504735", "osm_type": "way", "amenity": "", "shop": "", "addr_state": "", "addr_lga": "", "operator": "", "opening_hours": ""}');

-- 239. Faplins Estate Mall
INSERT OR IGNORE INTO organizations (id,tenant_id,organization_type,legal_name,display_name,registration_number,status,verification_state,created_at,updated_at) VALUES ('org_s16_market_dd912cc086e3d8c2','tenant_platform_seed','shopping_mall','Faplins Estate Mall','Faplins Estate Mall',NULL,'active','seeded',unixepoch(),unixepoch());
INSERT OR IGNORE INTO profiles (id,subject_id,subject_type,primary_place_id,tenant_id,workspace_id,display_name,created_at,updated_at) VALUES ('prof_s16_market_dd912cc086e3d8c2','org_s16_market_dd912cc086e3d8c2','organization','place_nigeria_001','tenant_platform_seed','workspace_platform_seed_discovery','Faplins Estate Mall',unixepoch(),unixepoch());
INSERT OR IGNORE INTO search_entries (id,profile_id,display_name,keywords,ancestry_path,vertical,created_at,updated_at) VALUES ('se_s16_market_dd912cc086e3d8c2','prof_s16_market_dd912cc086e3d8c2','Faplins Estate Mall','faplins estate mall shopping_mall abuja market marketplace plaza mall trading centre nigeria','place_nigeria_001','commerce',unixepoch(),unixepoch());
INSERT OR IGNORE INTO seed_ingestion_records (id,seed_run_id,entity_type,entity_id,source_id,status) VALUES ('ir_s16_market_dd912cc086e3d8c2','seed_run_s16_market_batch2_20260502','organization','org_s16_market_dd912cc086e3d8c2','seed_source_osm_market_ng_s16b_20260502','ingested');
INSERT OR IGNORE INTO seed_entity_sources (id,seed_run_id,entity_type,entity_id,source_id,confidence_tier) VALUES ('es_s16_market_dd912cc086e3d8c2','seed_run_s16_market_batch2_20260502','organization','org_s16_market_dd912cc086e3d8c2','seed_source_osm_market_ng_s16b_20260502','seeded');
INSERT OR IGNORE INTO seed_enrichment (id,seed_run_id,entity_type,entity_id,enrichment_type,enrichment_json) VALUES ('enr_s16_market_dd912cc086e3d8c2','seed_run_s16_market_batch2_20260502','organization','org_s16_market_dd912cc086e3d8c2','seed_source_osm_market_ng_s16b_20260502','{"osm_id": "1238916929", "osm_type": "way", "amenity": "", "shop": "mall", "addr_state": "", "addr_lga": "Abuja", "operator": "", "opening_hours": ""}');

-- 240. NAFOWA Mini Market
INSERT OR IGNORE INTO organizations (id,tenant_id,organization_type,legal_name,display_name,registration_number,status,verification_state,created_at,updated_at) VALUES ('org_s16_market_3d4187a7daf621cd','tenant_platform_seed','market','NAFOWA Mini Market','NAFOWA Mini Market',NULL,'active','seeded',unixepoch(),unixepoch());
INSERT OR IGNORE INTO profiles (id,subject_id,subject_type,primary_place_id,tenant_id,workspace_id,display_name,created_at,updated_at) VALUES ('prof_s16_market_3d4187a7daf621cd','org_s16_market_3d4187a7daf621cd','organization','place_nigeria_001','tenant_platform_seed','workspace_platform_seed_discovery','NAFOWA Mini Market',unixepoch(),unixepoch());
INSERT OR IGNORE INTO search_entries (id,profile_id,display_name,keywords,ancestry_path,vertical,created_at,updated_at) VALUES ('se_s16_market_3d4187a7daf621cd','prof_s16_market_3d4187a7daf621cd','NAFOWA Mini Market','nafowa mini market market market marketplace plaza mall trading centre nigeria','place_nigeria_001','commerce',unixepoch(),unixepoch());
INSERT OR IGNORE INTO seed_ingestion_records (id,seed_run_id,entity_type,entity_id,source_id,status) VALUES ('ir_s16_market_3d4187a7daf621cd','seed_run_s16_market_batch2_20260502','organization','org_s16_market_3d4187a7daf621cd','seed_source_osm_market_ng_s16b_20260502','ingested');
INSERT OR IGNORE INTO seed_entity_sources (id,seed_run_id,entity_type,entity_id,source_id,confidence_tier) VALUES ('es_s16_market_3d4187a7daf621cd','seed_run_s16_market_batch2_20260502','organization','org_s16_market_3d4187a7daf621cd','seed_source_osm_market_ng_s16b_20260502','seeded');
INSERT OR IGNORE INTO seed_enrichment (id,seed_run_id,entity_type,entity_id,enrichment_type,enrichment_json) VALUES ('enr_s16_market_3d4187a7daf621cd','seed_run_s16_market_batch2_20260502','organization','org_s16_market_3d4187a7daf621cd','seed_source_osm_market_ng_s16b_20260502','{"osm_id": "1242442979", "osm_type": "way", "amenity": "marketplace", "shop": "", "addr_state": "", "addr_lga": "", "operator": "", "opening_hours": ""}');

-- 241. Intercontinental Plaza
INSERT OR IGNORE INTO organizations (id,tenant_id,organization_type,legal_name,display_name,registration_number,status,verification_state,created_at,updated_at) VALUES ('org_s16_market_7ed48ded2a35f977','tenant_platform_seed','shopping_mall','Intercontinental Plaza','Intercontinental Plaza',NULL,'active','seeded',unixepoch(),unixepoch());
INSERT OR IGNORE INTO profiles (id,subject_id,subject_type,primary_place_id,tenant_id,workspace_id,display_name,created_at,updated_at) VALUES ('prof_s16_market_7ed48ded2a35f977','org_s16_market_7ed48ded2a35f977','organization','place_nigeria_001','tenant_platform_seed','workspace_platform_seed_discovery','Intercontinental Plaza',unixepoch(),unixepoch());
INSERT OR IGNORE INTO search_entries (id,profile_id,display_name,keywords,ancestry_path,vertical,created_at,updated_at) VALUES ('se_s16_market_7ed48ded2a35f977','prof_s16_market_7ed48ded2a35f977','Intercontinental Plaza','intercontinental plaza shopping_mall abuja market marketplace plaza mall trading centre nigeria','place_nigeria_001','commerce',unixepoch(),unixepoch());
INSERT OR IGNORE INTO seed_ingestion_records (id,seed_run_id,entity_type,entity_id,source_id,status) VALUES ('ir_s16_market_7ed48ded2a35f977','seed_run_s16_market_batch2_20260502','organization','org_s16_market_7ed48ded2a35f977','seed_source_osm_market_ng_s16b_20260502','ingested');
INSERT OR IGNORE INTO seed_entity_sources (id,seed_run_id,entity_type,entity_id,source_id,confidence_tier) VALUES ('es_s16_market_7ed48ded2a35f977','seed_run_s16_market_batch2_20260502','organization','org_s16_market_7ed48ded2a35f977','seed_source_osm_market_ng_s16b_20260502','seeded');
INSERT OR IGNORE INTO seed_enrichment (id,seed_run_id,entity_type,entity_id,enrichment_type,enrichment_json) VALUES ('enr_s16_market_7ed48ded2a35f977','seed_run_s16_market_batch2_20260502','organization','org_s16_market_7ed48ded2a35f977','seed_source_osm_market_ng_s16b_20260502','{"osm_id": "1247387205", "osm_type": "way", "amenity": "", "shop": "mall", "addr_state": "", "addr_lga": "Abuja", "operator": "", "opening_hours": ""}');

-- 242. Barbieplace Supermarket
INSERT OR IGNORE INTO organizations (id,tenant_id,organization_type,legal_name,display_name,registration_number,status,verification_state,created_at,updated_at) VALUES ('org_s16_market_a7032a6c574a98a2','tenant_platform_seed','market','Barbieplace Supermarket','Barbieplace Supermarket',NULL,'active','seeded',unixepoch(),unixepoch());
INSERT OR IGNORE INTO profiles (id,subject_id,subject_type,primary_place_id,tenant_id,workspace_id,display_name,created_at,updated_at) VALUES ('prof_s16_market_a7032a6c574a98a2','org_s16_market_a7032a6c574a98a2','organization','place_nigeria_001','tenant_platform_seed','workspace_platform_seed_discovery','Barbieplace Supermarket',unixepoch(),unixepoch());
INSERT OR IGNORE INTO search_entries (id,profile_id,display_name,keywords,ancestry_path,vertical,created_at,updated_at) VALUES ('se_s16_market_a7032a6c574a98a2','prof_s16_market_a7032a6c574a98a2','Barbieplace Supermarket','barbieplace supermarket market abuja market marketplace plaza mall trading centre nigeria','place_nigeria_001','commerce',unixepoch(),unixepoch());
INSERT OR IGNORE INTO seed_ingestion_records (id,seed_run_id,entity_type,entity_id,source_id,status) VALUES ('ir_s16_market_a7032a6c574a98a2','seed_run_s16_market_batch2_20260502','organization','org_s16_market_a7032a6c574a98a2','seed_source_osm_market_ng_s16b_20260502','ingested');
INSERT OR IGNORE INTO seed_entity_sources (id,seed_run_id,entity_type,entity_id,source_id,confidence_tier) VALUES ('es_s16_market_a7032a6c574a98a2','seed_run_s16_market_batch2_20260502','organization','org_s16_market_a7032a6c574a98a2','seed_source_osm_market_ng_s16b_20260502','seeded');
INSERT OR IGNORE INTO seed_enrichment (id,seed_run_id,entity_type,entity_id,enrichment_type,enrichment_json) VALUES ('enr_s16_market_a7032a6c574a98a2','seed_run_s16_market_batch2_20260502','organization','org_s16_market_a7032a6c574a98a2','seed_source_osm_market_ng_s16b_20260502','{"osm_id": "1250868129", "osm_type": "way", "amenity": "", "shop": "supermarket", "addr_state": "", "addr_lga": "Abuja", "operator": "", "opening_hours": "Mo-Sa 08:00-22:00"}');

-- 243. Bama Motor Park Shopping centre
INSERT OR IGNORE INTO organizations (id,tenant_id,organization_type,legal_name,display_name,registration_number,status,verification_state,created_at,updated_at) VALUES ('org_s16_market_af1672f94d8c0baf','tenant_platform_seed','market','Bama Motor Park Shopping centre','Bama Motor Park Shopping centre',NULL,'active','seeded',unixepoch(),unixepoch());
INSERT OR IGNORE INTO profiles (id,subject_id,subject_type,primary_place_id,tenant_id,workspace_id,display_name,created_at,updated_at) VALUES ('prof_s16_market_af1672f94d8c0baf','org_s16_market_af1672f94d8c0baf','organization','place_nigeria_001','tenant_platform_seed','workspace_platform_seed_discovery','Bama Motor Park Shopping centre',unixepoch(),unixepoch());
INSERT OR IGNORE INTO search_entries (id,profile_id,display_name,keywords,ancestry_path,vertical,created_at,updated_at) VALUES ('se_s16_market_af1672f94d8c0baf','prof_s16_market_af1672f94d8c0baf','Bama Motor Park Shopping centre','bama motor park shopping centre market mairi market marketplace plaza mall trading centre nigeria','place_nigeria_001','commerce',unixepoch(),unixepoch());
INSERT OR IGNORE INTO seed_ingestion_records (id,seed_run_id,entity_type,entity_id,source_id,status) VALUES ('ir_s16_market_af1672f94d8c0baf','seed_run_s16_market_batch2_20260502','organization','org_s16_market_af1672f94d8c0baf','seed_source_osm_market_ng_s16b_20260502','ingested');
INSERT OR IGNORE INTO seed_entity_sources (id,seed_run_id,entity_type,entity_id,source_id,confidence_tier) VALUES ('es_s16_market_af1672f94d8c0baf','seed_run_s16_market_batch2_20260502','organization','org_s16_market_af1672f94d8c0baf','seed_source_osm_market_ng_s16b_20260502','seeded');
INSERT OR IGNORE INTO seed_enrichment (id,seed_run_id,entity_type,entity_id,enrichment_type,enrichment_json) VALUES ('enr_s16_market_af1672f94d8c0baf','seed_run_s16_market_batch2_20260502','organization','org_s16_market_af1672f94d8c0baf','seed_source_osm_market_ng_s16b_20260502','{"osm_id": "1265774252", "osm_type": "way", "amenity": "marketplace", "shop": "", "addr_state": "", "addr_lga": "Mairi", "operator": "", "opening_hours": ""}');

-- 244. Basorun Market
INSERT OR IGNORE INTO organizations (id,tenant_id,organization_type,legal_name,display_name,registration_number,status,verification_state,created_at,updated_at) VALUES ('org_s16_market_0dab3e1f4746aae4','tenant_platform_seed','market','Basorun Market','Basorun Market',NULL,'active','seeded',unixepoch(),unixepoch());
INSERT OR IGNORE INTO profiles (id,subject_id,subject_type,primary_place_id,tenant_id,workspace_id,display_name,created_at,updated_at) VALUES ('prof_s16_market_0dab3e1f4746aae4','org_s16_market_0dab3e1f4746aae4','organization','place_nigeria_001','tenant_platform_seed','workspace_platform_seed_discovery','Basorun Market',unixepoch(),unixepoch());
INSERT OR IGNORE INTO search_entries (id,profile_id,display_name,keywords,ancestry_path,vertical,created_at,updated_at) VALUES ('se_s16_market_0dab3e1f4746aae4','prof_s16_market_0dab3e1f4746aae4','Basorun Market','basorun market market market marketplace plaza mall trading centre nigeria','place_nigeria_001','commerce',unixepoch(),unixepoch());
INSERT OR IGNORE INTO seed_ingestion_records (id,seed_run_id,entity_type,entity_id,source_id,status) VALUES ('ir_s16_market_0dab3e1f4746aae4','seed_run_s16_market_batch2_20260502','organization','org_s16_market_0dab3e1f4746aae4','seed_source_osm_market_ng_s16b_20260502','ingested');
INSERT OR IGNORE INTO seed_entity_sources (id,seed_run_id,entity_type,entity_id,source_id,confidence_tier) VALUES ('es_s16_market_0dab3e1f4746aae4','seed_run_s16_market_batch2_20260502','organization','org_s16_market_0dab3e1f4746aae4','seed_source_osm_market_ng_s16b_20260502','seeded');
INSERT OR IGNORE INTO seed_enrichment (id,seed_run_id,entity_type,entity_id,enrichment_type,enrichment_json) VALUES ('enr_s16_market_0dab3e1f4746aae4','seed_run_s16_market_batch2_20260502','organization','org_s16_market_0dab3e1f4746aae4','seed_source_osm_market_ng_s16b_20260502','{"osm_id": "1266418558", "osm_type": "way", "amenity": "marketplace", "shop": "", "addr_state": "", "addr_lga": "", "operator": "", "opening_hours": ""}');

-- 245. Kaura Modern Market
INSERT OR IGNORE INTO organizations (id,tenant_id,organization_type,legal_name,display_name,registration_number,status,verification_state,created_at,updated_at) VALUES ('org_s16_market_f769ec45a0c367cb','tenant_platform_seed','market','Kaura Modern Market','Kaura Modern Market',NULL,'active','seeded',unixepoch(),unixepoch());
INSERT OR IGNORE INTO profiles (id,subject_id,subject_type,primary_place_id,tenant_id,workspace_id,display_name,created_at,updated_at) VALUES ('prof_s16_market_f769ec45a0c367cb','org_s16_market_f769ec45a0c367cb','organization','place_nigeria_001','tenant_platform_seed','workspace_platform_seed_discovery','Kaura Modern Market',unixepoch(),unixepoch());
INSERT OR IGNORE INTO search_entries (id,profile_id,display_name,keywords,ancestry_path,vertical,created_at,updated_at) VALUES ('se_s16_market_f769ec45a0c367cb','prof_s16_market_f769ec45a0c367cb','Kaura Modern Market','kaura modern market market market marketplace plaza mall trading centre nigeria','place_nigeria_001','commerce',unixepoch(),unixepoch());
INSERT OR IGNORE INTO seed_ingestion_records (id,seed_run_id,entity_type,entity_id,source_id,status) VALUES ('ir_s16_market_f769ec45a0c367cb','seed_run_s16_market_batch2_20260502','organization','org_s16_market_f769ec45a0c367cb','seed_source_osm_market_ng_s16b_20260502','ingested');
INSERT OR IGNORE INTO seed_entity_sources (id,seed_run_id,entity_type,entity_id,source_id,confidence_tier) VALUES ('es_s16_market_f769ec45a0c367cb','seed_run_s16_market_batch2_20260502','organization','org_s16_market_f769ec45a0c367cb','seed_source_osm_market_ng_s16b_20260502','seeded');
INSERT OR IGNORE INTO seed_enrichment (id,seed_run_id,entity_type,entity_id,enrichment_type,enrichment_json) VALUES ('enr_s16_market_f769ec45a0c367cb','seed_run_s16_market_batch2_20260502','organization','org_s16_market_f769ec45a0c367cb','seed_source_osm_market_ng_s16b_20260502','{"osm_id": "1268176154", "osm_type": "way", "amenity": "marketplace", "shop": "", "addr_state": "", "addr_lga": "", "operator": "", "opening_hours": ""}');

-- 246. Gudu Market
INSERT OR IGNORE INTO organizations (id,tenant_id,organization_type,legal_name,display_name,registration_number,status,verification_state,created_at,updated_at) VALUES ('org_s16_market_cae10448837a269d','tenant_platform_seed','market','Gudu Market','Gudu Market',NULL,'active','seeded',unixepoch(),unixepoch());
INSERT OR IGNORE INTO profiles (id,subject_id,subject_type,primary_place_id,tenant_id,workspace_id,display_name,created_at,updated_at) VALUES ('prof_s16_market_cae10448837a269d','org_s16_market_cae10448837a269d','organization','place_nigeria_001','tenant_platform_seed','workspace_platform_seed_discovery','Gudu Market',unixepoch(),unixepoch());
INSERT OR IGNORE INTO search_entries (id,profile_id,display_name,keywords,ancestry_path,vertical,created_at,updated_at) VALUES ('se_s16_market_cae10448837a269d','prof_s16_market_cae10448837a269d','Gudu Market','gudu market market market marketplace plaza mall trading centre nigeria','place_nigeria_001','commerce',unixepoch(),unixepoch());
INSERT OR IGNORE INTO seed_ingestion_records (id,seed_run_id,entity_type,entity_id,source_id,status) VALUES ('ir_s16_market_cae10448837a269d','seed_run_s16_market_batch2_20260502','organization','org_s16_market_cae10448837a269d','seed_source_osm_market_ng_s16b_20260502','ingested');
INSERT OR IGNORE INTO seed_entity_sources (id,seed_run_id,entity_type,entity_id,source_id,confidence_tier) VALUES ('es_s16_market_cae10448837a269d','seed_run_s16_market_batch2_20260502','organization','org_s16_market_cae10448837a269d','seed_source_osm_market_ng_s16b_20260502','seeded');
INSERT OR IGNORE INTO seed_enrichment (id,seed_run_id,entity_type,entity_id,enrichment_type,enrichment_json) VALUES ('enr_s16_market_cae10448837a269d','seed_run_s16_market_batch2_20260502','organization','org_s16_market_cae10448837a269d','seed_source_osm_market_ng_s16b_20260502','{"osm_id": "1268188347", "osm_type": "way", "amenity": "marketplace", "shop": "", "addr_state": "", "addr_lga": "", "operator": "", "opening_hours": ""}');

-- 247. Prixair Supermarket
INSERT OR IGNORE INTO organizations (id,tenant_id,organization_type,legal_name,display_name,registration_number,status,verification_state,created_at,updated_at) VALUES ('org_s16_market_5b847ac4d955d437','tenant_platform_seed','market','Prixair Supermarket','Prixair Supermarket',NULL,'active','seeded',unixepoch(),unixepoch());
INSERT OR IGNORE INTO profiles (id,subject_id,subject_type,primary_place_id,tenant_id,workspace_id,display_name,created_at,updated_at) VALUES ('prof_s16_market_5b847ac4d955d437','org_s16_market_5b847ac4d955d437','organization','place_nigeria_001','tenant_platform_seed','workspace_platform_seed_discovery','Prixair Supermarket',unixepoch(),unixepoch());
INSERT OR IGNORE INTO search_entries (id,profile_id,display_name,keywords,ancestry_path,vertical,created_at,updated_at) VALUES ('se_s16_market_5b847ac4d955d437','prof_s16_market_5b847ac4d955d437','Prixair Supermarket','prixair supermarket market abuja market marketplace plaza mall trading centre nigeria','place_nigeria_001','commerce',unixepoch(),unixepoch());
INSERT OR IGNORE INTO seed_ingestion_records (id,seed_run_id,entity_type,entity_id,source_id,status) VALUES ('ir_s16_market_5b847ac4d955d437','seed_run_s16_market_batch2_20260502','organization','org_s16_market_5b847ac4d955d437','seed_source_osm_market_ng_s16b_20260502','ingested');
INSERT OR IGNORE INTO seed_entity_sources (id,seed_run_id,entity_type,entity_id,source_id,confidence_tier) VALUES ('es_s16_market_5b847ac4d955d437','seed_run_s16_market_batch2_20260502','organization','org_s16_market_5b847ac4d955d437','seed_source_osm_market_ng_s16b_20260502','seeded');
INSERT OR IGNORE INTO seed_enrichment (id,seed_run_id,entity_type,entity_id,enrichment_type,enrichment_json) VALUES ('enr_s16_market_5b847ac4d955d437','seed_run_s16_market_batch2_20260502','organization','org_s16_market_5b847ac4d955d437','seed_source_osm_market_ng_s16b_20260502','{"osm_id": "1272064812", "osm_type": "way", "amenity": "", "shop": "supermarket", "addr_state": "", "addr_lga": "Abuja", "operator": "", "opening_hours": ""}');

-- 248. H-Medix
INSERT OR IGNORE INTO organizations (id,tenant_id,organization_type,legal_name,display_name,registration_number,status,verification_state,created_at,updated_at) VALUES ('org_s16_market_ca1b4cfdb6d62371','tenant_platform_seed','shopping_mall','H-Medix','H-Medix',NULL,'active','seeded',unixepoch(),unixepoch());
INSERT OR IGNORE INTO profiles (id,subject_id,subject_type,primary_place_id,tenant_id,workspace_id,display_name,created_at,updated_at) VALUES ('prof_s16_market_ca1b4cfdb6d62371','org_s16_market_ca1b4cfdb6d62371','organization','place_nigeria_001','tenant_platform_seed','workspace_platform_seed_discovery','H-Medix',unixepoch(),unixepoch());
INSERT OR IGNORE INTO search_entries (id,profile_id,display_name,keywords,ancestry_path,vertical,created_at,updated_at) VALUES ('se_s16_market_ca1b4cfdb6d62371','prof_s16_market_ca1b4cfdb6d62371','H-Medix','h-medix shopping_mall market marketplace plaza mall trading centre nigeria','place_nigeria_001','commerce',unixepoch(),unixepoch());
INSERT OR IGNORE INTO seed_ingestion_records (id,seed_run_id,entity_type,entity_id,source_id,status) VALUES ('ir_s16_market_ca1b4cfdb6d62371','seed_run_s16_market_batch2_20260502','organization','org_s16_market_ca1b4cfdb6d62371','seed_source_osm_market_ng_s16b_20260502','ingested');
INSERT OR IGNORE INTO seed_entity_sources (id,seed_run_id,entity_type,entity_id,source_id,confidence_tier) VALUES ('es_s16_market_ca1b4cfdb6d62371','seed_run_s16_market_batch2_20260502','organization','org_s16_market_ca1b4cfdb6d62371','seed_source_osm_market_ng_s16b_20260502','seeded');
INSERT OR IGNORE INTO seed_enrichment (id,seed_run_id,entity_type,entity_id,enrichment_type,enrichment_json) VALUES ('enr_s16_market_ca1b4cfdb6d62371','seed_run_s16_market_batch2_20260502','organization','org_s16_market_ca1b4cfdb6d62371','seed_source_osm_market_ng_s16b_20260502','{"osm_id": "1283367530", "osm_type": "way", "amenity": "", "shop": "mall", "addr_state": "", "addr_lga": "", "operator": "", "opening_hours": ""}');

-- 249. Garki Market
INSERT OR IGNORE INTO organizations (id,tenant_id,organization_type,legal_name,display_name,registration_number,status,verification_state,created_at,updated_at) VALUES ('org_s16_market_6b066b367a36f7af','tenant_platform_seed','market','Garki Market','Garki Market',NULL,'active','seeded',unixepoch(),unixepoch());
INSERT OR IGNORE INTO profiles (id,subject_id,subject_type,primary_place_id,tenant_id,workspace_id,display_name,created_at,updated_at) VALUES ('prof_s16_market_6b066b367a36f7af','org_s16_market_6b066b367a36f7af','organization','place_nigeria_001','tenant_platform_seed','workspace_platform_seed_discovery','Garki Market',unixepoch(),unixepoch());
INSERT OR IGNORE INTO search_entries (id,profile_id,display_name,keywords,ancestry_path,vertical,created_at,updated_at) VALUES ('se_s16_market_6b066b367a36f7af','prof_s16_market_6b066b367a36f7af','Garki Market','garki market market market marketplace plaza mall trading centre nigeria','place_nigeria_001','commerce',unixepoch(),unixepoch());
INSERT OR IGNORE INTO seed_ingestion_records (id,seed_run_id,entity_type,entity_id,source_id,status) VALUES ('ir_s16_market_6b066b367a36f7af','seed_run_s16_market_batch2_20260502','organization','org_s16_market_6b066b367a36f7af','seed_source_osm_market_ng_s16b_20260502','ingested');
INSERT OR IGNORE INTO seed_entity_sources (id,seed_run_id,entity_type,entity_id,source_id,confidence_tier) VALUES ('es_s16_market_6b066b367a36f7af','seed_run_s16_market_batch2_20260502','organization','org_s16_market_6b066b367a36f7af','seed_source_osm_market_ng_s16b_20260502','seeded');
INSERT OR IGNORE INTO seed_enrichment (id,seed_run_id,entity_type,entity_id,enrichment_type,enrichment_json) VALUES ('enr_s16_market_6b066b367a36f7af','seed_run_s16_market_batch2_20260502','organization','org_s16_market_6b066b367a36f7af','seed_source_osm_market_ng_s16b_20260502','{"osm_id": "1288724626", "osm_type": "way", "amenity": "marketplace", "shop": "", "addr_state": "", "addr_lga": "", "operator": "", "opening_hours": ""}');

-- 250. Jalingo Shopping Mall
INSERT OR IGNORE INTO organizations (id,tenant_id,organization_type,legal_name,display_name,registration_number,status,verification_state,created_at,updated_at) VALUES ('org_s16_market_95f344835ee7fa18','tenant_platform_seed','shopping_mall','Jalingo Shopping Mall','Jalingo Shopping Mall',NULL,'active','seeded',unixepoch(),unixepoch());
INSERT OR IGNORE INTO profiles (id,subject_id,subject_type,primary_place_id,tenant_id,workspace_id,display_name,created_at,updated_at) VALUES ('prof_s16_market_95f344835ee7fa18','org_s16_market_95f344835ee7fa18','organization','place_nigeria_001','tenant_platform_seed','workspace_platform_seed_discovery','Jalingo Shopping Mall',unixepoch(),unixepoch());
INSERT OR IGNORE INTO search_entries (id,profile_id,display_name,keywords,ancestry_path,vertical,created_at,updated_at) VALUES ('se_s16_market_95f344835ee7fa18','prof_s16_market_95f344835ee7fa18','Jalingo Shopping Mall','jalingo shopping mall shopping_mall market marketplace plaza mall trading centre nigeria','place_nigeria_001','commerce',unixepoch(),unixepoch());
INSERT OR IGNORE INTO seed_ingestion_records (id,seed_run_id,entity_type,entity_id,source_id,status) VALUES ('ir_s16_market_95f344835ee7fa18','seed_run_s16_market_batch2_20260502','organization','org_s16_market_95f344835ee7fa18','seed_source_osm_market_ng_s16b_20260502','ingested');
INSERT OR IGNORE INTO seed_entity_sources (id,seed_run_id,entity_type,entity_id,source_id,confidence_tier) VALUES ('es_s16_market_95f344835ee7fa18','seed_run_s16_market_batch2_20260502','organization','org_s16_market_95f344835ee7fa18','seed_source_osm_market_ng_s16b_20260502','seeded');
INSERT OR IGNORE INTO seed_enrichment (id,seed_run_id,entity_type,entity_id,enrichment_type,enrichment_json) VALUES ('enr_s16_market_95f344835ee7fa18','seed_run_s16_market_batch2_20260502','organization','org_s16_market_95f344835ee7fa18','seed_source_osm_market_ng_s16b_20260502','{"osm_id": "1302778776", "osm_type": "way", "amenity": "", "shop": "mall", "addr_state": "", "addr_lga": "", "operator": "", "opening_hours": ""}');

-- 251. Dummec Plaza
INSERT OR IGNORE INTO organizations (id,tenant_id,organization_type,legal_name,display_name,registration_number,status,verification_state,created_at,updated_at) VALUES ('org_s16_market_3ae588b28f01cc73','tenant_platform_seed','shopping_mall','Dummec Plaza','Dummec Plaza',NULL,'active','seeded',unixepoch(),unixepoch());
INSERT OR IGNORE INTO profiles (id,subject_id,subject_type,primary_place_id,tenant_id,workspace_id,display_name,created_at,updated_at) VALUES ('prof_s16_market_3ae588b28f01cc73','org_s16_market_3ae588b28f01cc73','organization','place_nigeria_001','tenant_platform_seed','workspace_platform_seed_discovery','Dummec Plaza',unixepoch(),unixepoch());
INSERT OR IGNORE INTO search_entries (id,profile_id,display_name,keywords,ancestry_path,vertical,created_at,updated_at) VALUES ('se_s16_market_3ae588b28f01cc73','prof_s16_market_3ae588b28f01cc73','Dummec Plaza','dummec plaza shopping_mall market marketplace plaza mall trading centre nigeria','place_nigeria_001','commerce',unixepoch(),unixepoch());
INSERT OR IGNORE INTO seed_ingestion_records (id,seed_run_id,entity_type,entity_id,source_id,status) VALUES ('ir_s16_market_3ae588b28f01cc73','seed_run_s16_market_batch2_20260502','organization','org_s16_market_3ae588b28f01cc73','seed_source_osm_market_ng_s16b_20260502','ingested');
INSERT OR IGNORE INTO seed_entity_sources (id,seed_run_id,entity_type,entity_id,source_id,confidence_tier) VALUES ('es_s16_market_3ae588b28f01cc73','seed_run_s16_market_batch2_20260502','organization','org_s16_market_3ae588b28f01cc73','seed_source_osm_market_ng_s16b_20260502','seeded');
INSERT OR IGNORE INTO seed_enrichment (id,seed_run_id,entity_type,entity_id,enrichment_type,enrichment_json) VALUES ('enr_s16_market_3ae588b28f01cc73','seed_run_s16_market_batch2_20260502','organization','org_s16_market_3ae588b28f01cc73','seed_source_osm_market_ng_s16b_20260502','{"osm_id": "1313192781", "osm_type": "way", "amenity": "", "shop": "mall", "addr_state": "", "addr_lga": "", "operator": "", "opening_hours": ""}');

-- 252. Dabo Mall
INSERT OR IGNORE INTO organizations (id,tenant_id,organization_type,legal_name,display_name,registration_number,status,verification_state,created_at,updated_at) VALUES ('org_s16_market_fbcca50c52095009','tenant_platform_seed','shopping_mall','Dabo Mall','Dabo Mall',NULL,'active','seeded',unixepoch(),unixepoch());
INSERT OR IGNORE INTO profiles (id,subject_id,subject_type,primary_place_id,tenant_id,workspace_id,display_name,created_at,updated_at) VALUES ('prof_s16_market_fbcca50c52095009','org_s16_market_fbcca50c52095009','organization','place_nigeria_001','tenant_platform_seed','workspace_platform_seed_discovery','Dabo Mall',unixepoch(),unixepoch());
INSERT OR IGNORE INTO search_entries (id,profile_id,display_name,keywords,ancestry_path,vertical,created_at,updated_at) VALUES ('se_s16_market_fbcca50c52095009','prof_s16_market_fbcca50c52095009','Dabo Mall','dabo mall shopping_mall market marketplace plaza mall trading centre nigeria','place_nigeria_001','commerce',unixepoch(),unixepoch());
INSERT OR IGNORE INTO seed_ingestion_records (id,seed_run_id,entity_type,entity_id,source_id,status) VALUES ('ir_s16_market_fbcca50c52095009','seed_run_s16_market_batch2_20260502','organization','org_s16_market_fbcca50c52095009','seed_source_osm_market_ng_s16b_20260502','ingested');
INSERT OR IGNORE INTO seed_entity_sources (id,seed_run_id,entity_type,entity_id,source_id,confidence_tier) VALUES ('es_s16_market_fbcca50c52095009','seed_run_s16_market_batch2_20260502','organization','org_s16_market_fbcca50c52095009','seed_source_osm_market_ng_s16b_20260502','seeded');
INSERT OR IGNORE INTO seed_enrichment (id,seed_run_id,entity_type,entity_id,enrichment_type,enrichment_json) VALUES ('enr_s16_market_fbcca50c52095009','seed_run_s16_market_batch2_20260502','organization','org_s16_market_fbcca50c52095009','seed_source_osm_market_ng_s16b_20260502','{"osm_id": "1315760044", "osm_type": "way", "amenity": "", "shop": "mall", "addr_state": "", "addr_lga": "", "operator": "", "opening_hours": ""}');

-- 253. Cok Best Mall
INSERT OR IGNORE INTO organizations (id,tenant_id,organization_type,legal_name,display_name,registration_number,status,verification_state,created_at,updated_at) VALUES ('org_s16_market_ccdeee18ed08db1f','tenant_platform_seed','shopping_mall','Cok Best Mall','Cok Best Mall',NULL,'active','seeded',unixepoch(),unixepoch());
INSERT OR IGNORE INTO profiles (id,subject_id,subject_type,primary_place_id,tenant_id,workspace_id,display_name,created_at,updated_at) VALUES ('prof_s16_market_ccdeee18ed08db1f','org_s16_market_ccdeee18ed08db1f','organization','place_nigeria_001','tenant_platform_seed','workspace_platform_seed_discovery','Cok Best Mall',unixepoch(),unixepoch());
INSERT OR IGNORE INTO search_entries (id,profile_id,display_name,keywords,ancestry_path,vertical,created_at,updated_at) VALUES ('se_s16_market_ccdeee18ed08db1f','prof_s16_market_ccdeee18ed08db1f','Cok Best Mall','cok best mall shopping_mall market marketplace plaza mall trading centre nigeria','place_nigeria_001','commerce',unixepoch(),unixepoch());
INSERT OR IGNORE INTO seed_ingestion_records (id,seed_run_id,entity_type,entity_id,source_id,status) VALUES ('ir_s16_market_ccdeee18ed08db1f','seed_run_s16_market_batch2_20260502','organization','org_s16_market_ccdeee18ed08db1f','seed_source_osm_market_ng_s16b_20260502','ingested');
INSERT OR IGNORE INTO seed_entity_sources (id,seed_run_id,entity_type,entity_id,source_id,confidence_tier) VALUES ('es_s16_market_ccdeee18ed08db1f','seed_run_s16_market_batch2_20260502','organization','org_s16_market_ccdeee18ed08db1f','seed_source_osm_market_ng_s16b_20260502','seeded');
INSERT OR IGNORE INTO seed_enrichment (id,seed_run_id,entity_type,entity_id,enrichment_type,enrichment_json) VALUES ('enr_s16_market_ccdeee18ed08db1f','seed_run_s16_market_batch2_20260502','organization','org_s16_market_ccdeee18ed08db1f','seed_source_osm_market_ng_s16b_20260502','{"osm_id": "1323129089", "osm_type": "way", "amenity": "", "shop": "mall", "addr_state": "", "addr_lga": "", "operator": "", "opening_hours": ""}');

-- 254. Big Ideas Supermarket and Pharmacy
INSERT OR IGNORE INTO organizations (id,tenant_id,organization_type,legal_name,display_name,registration_number,status,verification_state,created_at,updated_at) VALUES ('org_s16_market_308f4fda9deb78c6','tenant_platform_seed','market','Big Ideas Supermarket and Pharmacy','Big Ideas Supermarket and Pharmacy',NULL,'active','seeded',unixepoch(),unixepoch());
INSERT OR IGNORE INTO profiles (id,subject_id,subject_type,primary_place_id,tenant_id,workspace_id,display_name,created_at,updated_at) VALUES ('prof_s16_market_308f4fda9deb78c6','org_s16_market_308f4fda9deb78c6','organization','place_nigeria_001','tenant_platform_seed','workspace_platform_seed_discovery','Big Ideas Supermarket and Pharmacy',unixepoch(),unixepoch());
INSERT OR IGNORE INTO search_entries (id,profile_id,display_name,keywords,ancestry_path,vertical,created_at,updated_at) VALUES ('se_s16_market_308f4fda9deb78c6','prof_s16_market_308f4fda9deb78c6','Big Ideas Supermarket and Pharmacy','big ideas supermarket and pharmacy market gwarinpa estate market marketplace plaza mall trading centre nigeria','place_nigeria_001','commerce',unixepoch(),unixepoch());
INSERT OR IGNORE INTO seed_ingestion_records (id,seed_run_id,entity_type,entity_id,source_id,status) VALUES ('ir_s16_market_308f4fda9deb78c6','seed_run_s16_market_batch2_20260502','organization','org_s16_market_308f4fda9deb78c6','seed_source_osm_market_ng_s16b_20260502','ingested');
INSERT OR IGNORE INTO seed_entity_sources (id,seed_run_id,entity_type,entity_id,source_id,confidence_tier) VALUES ('es_s16_market_308f4fda9deb78c6','seed_run_s16_market_batch2_20260502','organization','org_s16_market_308f4fda9deb78c6','seed_source_osm_market_ng_s16b_20260502','seeded');
INSERT OR IGNORE INTO seed_enrichment (id,seed_run_id,entity_type,entity_id,enrichment_type,enrichment_json) VALUES ('enr_s16_market_308f4fda9deb78c6','seed_run_s16_market_batch2_20260502','organization','org_s16_market_308f4fda9deb78c6','seed_source_osm_market_ng_s16b_20260502','{"osm_id": "1327897357", "osm_type": "way", "amenity": "", "shop": "supermarket", "addr_state": "", "addr_lga": "Gwarinpa Estate", "operator": "", "opening_hours": ""}');

-- 255. Marketplace
INSERT OR IGNORE INTO organizations (id,tenant_id,organization_type,legal_name,display_name,registration_number,status,verification_state,created_at,updated_at) VALUES ('org_s16_market_55929ee2ea533d17','tenant_platform_seed','market','Marketplace','Marketplace',NULL,'active','seeded',unixepoch(),unixepoch());
INSERT OR IGNORE INTO profiles (id,subject_id,subject_type,primary_place_id,tenant_id,workspace_id,display_name,created_at,updated_at) VALUES ('prof_s16_market_55929ee2ea533d17','org_s16_market_55929ee2ea533d17','organization','place_nigeria_001','tenant_platform_seed','workspace_platform_seed_discovery','Marketplace',unixepoch(),unixepoch());
INSERT OR IGNORE INTO search_entries (id,profile_id,display_name,keywords,ancestry_path,vertical,created_at,updated_at) VALUES ('se_s16_market_55929ee2ea533d17','prof_s16_market_55929ee2ea533d17','Marketplace','marketplace market market marketplace plaza mall trading centre nigeria','place_nigeria_001','commerce',unixepoch(),unixepoch());
INSERT OR IGNORE INTO seed_ingestion_records (id,seed_run_id,entity_type,entity_id,source_id,status) VALUES ('ir_s16_market_55929ee2ea533d17','seed_run_s16_market_batch2_20260502','organization','org_s16_market_55929ee2ea533d17','seed_source_osm_market_ng_s16b_20260502','ingested');
INSERT OR IGNORE INTO seed_entity_sources (id,seed_run_id,entity_type,entity_id,source_id,confidence_tier) VALUES ('es_s16_market_55929ee2ea533d17','seed_run_s16_market_batch2_20260502','organization','org_s16_market_55929ee2ea533d17','seed_source_osm_market_ng_s16b_20260502','seeded');
INSERT OR IGNORE INTO seed_enrichment (id,seed_run_id,entity_type,entity_id,enrichment_type,enrichment_json) VALUES ('enr_s16_market_55929ee2ea533d17','seed_run_s16_market_batch2_20260502','organization','org_s16_market_55929ee2ea533d17','seed_source_osm_market_ng_s16b_20260502','{"osm_id": "1363799569", "osm_type": "way", "amenity": "marketplace", "shop": "", "addr_state": "", "addr_lga": "", "operator": "", "opening_hours": ""}');

-- 256. Falomo Shopping Mall
INSERT OR IGNORE INTO organizations (id,tenant_id,organization_type,legal_name,display_name,registration_number,status,verification_state,created_at,updated_at) VALUES ('org_s16_market_884f2efd53342ba1','tenant_platform_seed','shopping_mall','Falomo Shopping Mall','Falomo Shopping Mall',NULL,'active','seeded',unixepoch(),unixepoch());
INSERT OR IGNORE INTO profiles (id,subject_id,subject_type,primary_place_id,tenant_id,workspace_id,display_name,created_at,updated_at) VALUES ('prof_s16_market_884f2efd53342ba1','org_s16_market_884f2efd53342ba1','organization','place_nigeria_001','tenant_platform_seed','workspace_platform_seed_discovery','Falomo Shopping Mall',unixepoch(),unixepoch());
INSERT OR IGNORE INTO search_entries (id,profile_id,display_name,keywords,ancestry_path,vertical,created_at,updated_at) VALUES ('se_s16_market_884f2efd53342ba1','prof_s16_market_884f2efd53342ba1','Falomo Shopping Mall','falomo shopping mall shopping_mall ikoyi market marketplace plaza mall trading centre nigeria','place_nigeria_001','commerce',unixepoch(),unixepoch());
INSERT OR IGNORE INTO seed_ingestion_records (id,seed_run_id,entity_type,entity_id,source_id,status) VALUES ('ir_s16_market_884f2efd53342ba1','seed_run_s16_market_batch2_20260502','organization','org_s16_market_884f2efd53342ba1','seed_source_osm_market_ng_s16b_20260502','ingested');
INSERT OR IGNORE INTO seed_entity_sources (id,seed_run_id,entity_type,entity_id,source_id,confidence_tier) VALUES ('es_s16_market_884f2efd53342ba1','seed_run_s16_market_batch2_20260502','organization','org_s16_market_884f2efd53342ba1','seed_source_osm_market_ng_s16b_20260502','seeded');
INSERT OR IGNORE INTO seed_enrichment (id,seed_run_id,entity_type,entity_id,enrichment_type,enrichment_json) VALUES ('enr_s16_market_884f2efd53342ba1','seed_run_s16_market_batch2_20260502','organization','org_s16_market_884f2efd53342ba1','seed_source_osm_market_ng_s16b_20260502','{"osm_id": "1373912839", "osm_type": "way", "amenity": "", "shop": "mall", "addr_state": "", "addr_lga": "Ikoyi", "operator": "", "opening_hours": ""}');

-- 257. Afor Opi N'ato
INSERT OR IGNORE INTO organizations (id,tenant_id,organization_type,legal_name,display_name,registration_number,status,verification_state,created_at,updated_at) VALUES ('org_s16_market_b2cee335c7f26a50','tenant_platform_seed','market','Afor Opi N''ato','Afor Opi N''ato',NULL,'active','seeded',unixepoch(),unixepoch());
INSERT OR IGNORE INTO profiles (id,subject_id,subject_type,primary_place_id,tenant_id,workspace_id,display_name,created_at,updated_at) VALUES ('prof_s16_market_b2cee335c7f26a50','org_s16_market_b2cee335c7f26a50','organization','place_nigeria_001','tenant_platform_seed','workspace_platform_seed_discovery','Afor Opi N''ato',unixepoch(),unixepoch());
INSERT OR IGNORE INTO search_entries (id,profile_id,display_name,keywords,ancestry_path,vertical,created_at,updated_at) VALUES ('se_s16_market_b2cee335c7f26a50','prof_s16_market_b2cee335c7f26a50','Afor Opi N''ato','afor opi n''ato market opi nsukka market marketplace plaza mall trading centre nigeria','place_nigeria_001','commerce',unixepoch(),unixepoch());
INSERT OR IGNORE INTO seed_ingestion_records (id,seed_run_id,entity_type,entity_id,source_id,status) VALUES ('ir_s16_market_b2cee335c7f26a50','seed_run_s16_market_batch2_20260502','organization','org_s16_market_b2cee335c7f26a50','seed_source_osm_market_ng_s16b_20260502','ingested');
INSERT OR IGNORE INTO seed_entity_sources (id,seed_run_id,entity_type,entity_id,source_id,confidence_tier) VALUES ('es_s16_market_b2cee335c7f26a50','seed_run_s16_market_batch2_20260502','organization','org_s16_market_b2cee335c7f26a50','seed_source_osm_market_ng_s16b_20260502','seeded');
INSERT OR IGNORE INTO seed_enrichment (id,seed_run_id,entity_type,entity_id,enrichment_type,enrichment_json) VALUES ('enr_s16_market_b2cee335c7f26a50','seed_run_s16_market_batch2_20260502','organization','org_s16_market_b2cee335c7f26a50','seed_source_osm_market_ng_s16b_20260502','{"osm_id": "1376037293", "osm_type": "way", "amenity": "marketplace", "shop": "", "addr_state": "", "addr_lga": "Opi Nsukka", "operator": "", "opening_hours": ""}');

-- 258. Sunflower Mall
INSERT OR IGNORE INTO organizations (id,tenant_id,organization_type,legal_name,display_name,registration_number,status,verification_state,created_at,updated_at) VALUES ('org_s16_market_2804f79209265e33','tenant_platform_seed','shopping_mall','Sunflower Mall','Sunflower Mall',NULL,'active','seeded',unixepoch(),unixepoch());
INSERT OR IGNORE INTO profiles (id,subject_id,subject_type,primary_place_id,tenant_id,workspace_id,display_name,created_at,updated_at) VALUES ('prof_s16_market_2804f79209265e33','org_s16_market_2804f79209265e33','organization','place_nigeria_001','tenant_platform_seed','workspace_platform_seed_discovery','Sunflower Mall',unixepoch(),unixepoch());
INSERT OR IGNORE INTO search_entries (id,profile_id,display_name,keywords,ancestry_path,vertical,created_at,updated_at) VALUES ('se_s16_market_2804f79209265e33','prof_s16_market_2804f79209265e33','Sunflower Mall','sunflower mall shopping_mall market marketplace plaza mall trading centre nigeria','place_nigeria_001','commerce',unixepoch(),unixepoch());
INSERT OR IGNORE INTO seed_ingestion_records (id,seed_run_id,entity_type,entity_id,source_id,status) VALUES ('ir_s16_market_2804f79209265e33','seed_run_s16_market_batch2_20260502','organization','org_s16_market_2804f79209265e33','seed_source_osm_market_ng_s16b_20260502','ingested');
INSERT OR IGNORE INTO seed_entity_sources (id,seed_run_id,entity_type,entity_id,source_id,confidence_tier) VALUES ('es_s16_market_2804f79209265e33','seed_run_s16_market_batch2_20260502','organization','org_s16_market_2804f79209265e33','seed_source_osm_market_ng_s16b_20260502','seeded');
INSERT OR IGNORE INTO seed_enrichment (id,seed_run_id,entity_type,entity_id,enrichment_type,enrichment_json) VALUES ('enr_s16_market_2804f79209265e33','seed_run_s16_market_batch2_20260502','organization','org_s16_market_2804f79209265e33','seed_source_osm_market_ng_s16b_20260502','{"osm_id": "1379646813", "osm_type": "way", "amenity": "", "shop": "mall", "addr_state": "", "addr_lga": "", "operator": "", "opening_hours": ""}');

-- 259. Nempi Modern Market(Orie Nempi)
INSERT OR IGNORE INTO organizations (id,tenant_id,organization_type,legal_name,display_name,registration_number,status,verification_state,created_at,updated_at) VALUES ('org_s16_market_aa56b348b9eaeacf','tenant_platform_seed','market','Nempi Modern Market(Orie Nempi)','Nempi Modern Market(Orie Nempi)',NULL,'active','seeded',unixepoch(),unixepoch());
INSERT OR IGNORE INTO profiles (id,subject_id,subject_type,primary_place_id,tenant_id,workspace_id,display_name,created_at,updated_at) VALUES ('prof_s16_market_aa56b348b9eaeacf','org_s16_market_aa56b348b9eaeacf','organization','place_nigeria_001','tenant_platform_seed','workspace_platform_seed_discovery','Nempi Modern Market(Orie Nempi)',unixepoch(),unixepoch());
INSERT OR IGNORE INTO search_entries (id,profile_id,display_name,keywords,ancestry_path,vertical,created_at,updated_at) VALUES ('se_s16_market_aa56b348b9eaeacf','prof_s16_market_aa56b348b9eaeacf','Nempi Modern Market(Orie Nempi)','nempi modern market(orie nempi) market nempi market marketplace plaza mall trading centre nigeria','place_nigeria_001','commerce',unixepoch(),unixepoch());
INSERT OR IGNORE INTO seed_ingestion_records (id,seed_run_id,entity_type,entity_id,source_id,status) VALUES ('ir_s16_market_aa56b348b9eaeacf','seed_run_s16_market_batch2_20260502','organization','org_s16_market_aa56b348b9eaeacf','seed_source_osm_market_ng_s16b_20260502','ingested');
INSERT OR IGNORE INTO seed_entity_sources (id,seed_run_id,entity_type,entity_id,source_id,confidence_tier) VALUES ('es_s16_market_aa56b348b9eaeacf','seed_run_s16_market_batch2_20260502','organization','org_s16_market_aa56b348b9eaeacf','seed_source_osm_market_ng_s16b_20260502','seeded');
INSERT OR IGNORE INTO seed_enrichment (id,seed_run_id,entity_type,entity_id,enrichment_type,enrichment_json) VALUES ('enr_s16_market_aa56b348b9eaeacf','seed_run_s16_market_batch2_20260502','organization','org_s16_market_aa56b348b9eaeacf','seed_source_osm_market_ng_s16b_20260502','{"osm_id": "1416595531", "osm_type": "way", "amenity": "marketplace", "shop": "", "addr_state": "", "addr_lga": "Nempi", "operator": "", "opening_hours": "Daily Market"}');

-- 260. Eke Mgbidi Mordern Market
INSERT OR IGNORE INTO organizations (id,tenant_id,organization_type,legal_name,display_name,registration_number,status,verification_state,created_at,updated_at) VALUES ('org_s16_market_0310ece0e13a7fc9','tenant_platform_seed','market','Eke Mgbidi Mordern Market','Eke Mgbidi Mordern Market',NULL,'active','seeded',unixepoch(),unixepoch());
INSERT OR IGNORE INTO profiles (id,subject_id,subject_type,primary_place_id,tenant_id,workspace_id,display_name,created_at,updated_at) VALUES ('prof_s16_market_0310ece0e13a7fc9','org_s16_market_0310ece0e13a7fc9','organization','place_nigeria_001','tenant_platform_seed','workspace_platform_seed_discovery','Eke Mgbidi Mordern Market',unixepoch(),unixepoch());
INSERT OR IGNORE INTO search_entries (id,profile_id,display_name,keywords,ancestry_path,vertical,created_at,updated_at) VALUES ('se_s16_market_0310ece0e13a7fc9','prof_s16_market_0310ece0e13a7fc9','Eke Mgbidi Mordern Market','eke mgbidi mordern market market mgbidi market marketplace plaza mall trading centre nigeria','place_nigeria_001','commerce',unixepoch(),unixepoch());
INSERT OR IGNORE INTO seed_ingestion_records (id,seed_run_id,entity_type,entity_id,source_id,status) VALUES ('ir_s16_market_0310ece0e13a7fc9','seed_run_s16_market_batch2_20260502','organization','org_s16_market_0310ece0e13a7fc9','seed_source_osm_market_ng_s16b_20260502','ingested');
INSERT OR IGNORE INTO seed_entity_sources (id,seed_run_id,entity_type,entity_id,source_id,confidence_tier) VALUES ('es_s16_market_0310ece0e13a7fc9','seed_run_s16_market_batch2_20260502','organization','org_s16_market_0310ece0e13a7fc9','seed_source_osm_market_ng_s16b_20260502','seeded');
INSERT OR IGNORE INTO seed_enrichment (id,seed_run_id,entity_type,entity_id,enrichment_type,enrichment_json) VALUES ('enr_s16_market_0310ece0e13a7fc9','seed_run_s16_market_batch2_20260502','organization','org_s16_market_0310ece0e13a7fc9','seed_source_osm_market_ng_s16b_20260502','{"osm_id": "1416691112", "osm_type": "way", "amenity": "marketplace", "shop": "", "addr_state": "", "addr_lga": "Mgbidi", "operator": "", "opening_hours": ""}');

-- 261. Uniport Mall
INSERT OR IGNORE INTO organizations (id,tenant_id,organization_type,legal_name,display_name,registration_number,status,verification_state,created_at,updated_at) VALUES ('org_s16_market_cecdec72ffb2e946','tenant_platform_seed','shopping_mall','Uniport Mall','Uniport Mall',NULL,'active','seeded',unixepoch(),unixepoch());
INSERT OR IGNORE INTO profiles (id,subject_id,subject_type,primary_place_id,tenant_id,workspace_id,display_name,created_at,updated_at) VALUES ('prof_s16_market_cecdec72ffb2e946','org_s16_market_cecdec72ffb2e946','organization','place_nigeria_001','tenant_platform_seed','workspace_platform_seed_discovery','Uniport Mall',unixepoch(),unixepoch());
INSERT OR IGNORE INTO search_entries (id,profile_id,display_name,keywords,ancestry_path,vertical,created_at,updated_at) VALUES ('se_s16_market_cecdec72ffb2e946','prof_s16_market_cecdec72ffb2e946','Uniport Mall','uniport mall shopping_mall university of port harcourt, abuja campus, choba, rivers state. market marketplace plaza mall trading centre nigeria','place_nigeria_001','commerce',unixepoch(),unixepoch());
INSERT OR IGNORE INTO seed_ingestion_records (id,seed_run_id,entity_type,entity_id,source_id,status) VALUES ('ir_s16_market_cecdec72ffb2e946','seed_run_s16_market_batch2_20260502','organization','org_s16_market_cecdec72ffb2e946','seed_source_osm_market_ng_s16b_20260502','ingested');
INSERT OR IGNORE INTO seed_entity_sources (id,seed_run_id,entity_type,entity_id,source_id,confidence_tier) VALUES ('es_s16_market_cecdec72ffb2e946','seed_run_s16_market_batch2_20260502','organization','org_s16_market_cecdec72ffb2e946','seed_source_osm_market_ng_s16b_20260502','seeded');
INSERT OR IGNORE INTO seed_enrichment (id,seed_run_id,entity_type,entity_id,enrichment_type,enrichment_json) VALUES ('enr_s16_market_cecdec72ffb2e946','seed_run_s16_market_batch2_20260502','organization','org_s16_market_cecdec72ffb2e946','seed_source_osm_market_ng_s16b_20260502','{"osm_id": "1419580731", "osm_type": "way", "amenity": "", "shop": "mall", "addr_state": "", "addr_lga": "University of Port Harcourt, Abuja Campus, Choba, Rivers State.", "operator": "", "opening_hours": ""}');

-- 262. Iyemi Plaza
INSERT OR IGNORE INTO organizations (id,tenant_id,organization_type,legal_name,display_name,registration_number,status,verification_state,created_at,updated_at) VALUES ('org_s16_market_806400480a13cae4','tenant_platform_seed','shopping_mall','Iyemi Plaza','Iyemi Plaza',NULL,'active','seeded',unixepoch(),unixepoch());
INSERT OR IGNORE INTO profiles (id,subject_id,subject_type,primary_place_id,tenant_id,workspace_id,display_name,created_at,updated_at) VALUES ('prof_s16_market_806400480a13cae4','org_s16_market_806400480a13cae4','organization','place_nigeria_001','tenant_platform_seed','workspace_platform_seed_discovery','Iyemi Plaza',unixepoch(),unixepoch());
INSERT OR IGNORE INTO search_entries (id,profile_id,display_name,keywords,ancestry_path,vertical,created_at,updated_at) VALUES ('se_s16_market_806400480a13cae4','prof_s16_market_806400480a13cae4','Iyemi Plaza','iyemi plaza shopping_mall market marketplace plaza mall trading centre nigeria','place_nigeria_001','commerce',unixepoch(),unixepoch());
INSERT OR IGNORE INTO seed_ingestion_records (id,seed_run_id,entity_type,entity_id,source_id,status) VALUES ('ir_s16_market_806400480a13cae4','seed_run_s16_market_batch2_20260502','organization','org_s16_market_806400480a13cae4','seed_source_osm_market_ng_s16b_20260502','ingested');
INSERT OR IGNORE INTO seed_entity_sources (id,seed_run_id,entity_type,entity_id,source_id,confidence_tier) VALUES ('es_s16_market_806400480a13cae4','seed_run_s16_market_batch2_20260502','organization','org_s16_market_806400480a13cae4','seed_source_osm_market_ng_s16b_20260502','seeded');
INSERT OR IGNORE INTO seed_enrichment (id,seed_run_id,entity_type,entity_id,enrichment_type,enrichment_json) VALUES ('enr_s16_market_806400480a13cae4','seed_run_s16_market_batch2_20260502','organization','org_s16_market_806400480a13cae4','seed_source_osm_market_ng_s16b_20260502','{"osm_id": "1431372606", "osm_type": "way", "amenity": "", "shop": "mall", "addr_state": "", "addr_lga": "", "operator": "", "opening_hours": ""}');

-- 263. New Kenyatta
INSERT OR IGNORE INTO organizations (id,tenant_id,organization_type,legal_name,display_name,registration_number,status,verification_state,created_at,updated_at) VALUES ('org_s16_market_7cce419357ab1ea6','tenant_platform_seed','market','New Kenyatta','New Kenyatta',NULL,'active','seeded',unixepoch(),unixepoch());
INSERT OR IGNORE INTO profiles (id,subject_id,subject_type,primary_place_id,tenant_id,workspace_id,display_name,created_at,updated_at) VALUES ('prof_s16_market_7cce419357ab1ea6','org_s16_market_7cce419357ab1ea6','organization','place_nigeria_001','tenant_platform_seed','workspace_platform_seed_discovery','New Kenyatta',unixepoch(),unixepoch());
INSERT OR IGNORE INTO search_entries (id,profile_id,display_name,keywords,ancestry_path,vertical,created_at,updated_at) VALUES ('se_s16_market_7cce419357ab1ea6','prof_s16_market_7cce419357ab1ea6','New Kenyatta','new kenyatta market market marketplace plaza mall trading centre nigeria','place_nigeria_001','commerce',unixepoch(),unixepoch());
INSERT OR IGNORE INTO seed_ingestion_records (id,seed_run_id,entity_type,entity_id,source_id,status) VALUES ('ir_s16_market_7cce419357ab1ea6','seed_run_s16_market_batch2_20260502','organization','org_s16_market_7cce419357ab1ea6','seed_source_osm_market_ng_s16b_20260502','ingested');
INSERT OR IGNORE INTO seed_entity_sources (id,seed_run_id,entity_type,entity_id,source_id,confidence_tier) VALUES ('es_s16_market_7cce419357ab1ea6','seed_run_s16_market_batch2_20260502','organization','org_s16_market_7cce419357ab1ea6','seed_source_osm_market_ng_s16b_20260502','seeded');
INSERT OR IGNORE INTO seed_enrichment (id,seed_run_id,entity_type,entity_id,enrichment_type,enrichment_json) VALUES ('enr_s16_market_7cce419357ab1ea6','seed_run_s16_market_batch2_20260502','organization','org_s16_market_7cce419357ab1ea6','seed_source_osm_market_ng_s16b_20260502','{"osm_id": "1432944363", "osm_type": "way", "amenity": "marketplace", "shop": "", "addr_state": "", "addr_lga": "", "operator": "", "opening_hours": ""}');

-- 264. Abakpa Market
INSERT OR IGNORE INTO organizations (id,tenant_id,organization_type,legal_name,display_name,registration_number,status,verification_state,created_at,updated_at) VALUES ('org_s16_market_0012e23c76e809e8','tenant_platform_seed','market','Abakpa Market','Abakpa Market',NULL,'active','seeded',unixepoch(),unixepoch());
INSERT OR IGNORE INTO profiles (id,subject_id,subject_type,primary_place_id,tenant_id,workspace_id,display_name,created_at,updated_at) VALUES ('prof_s16_market_0012e23c76e809e8','org_s16_market_0012e23c76e809e8','organization','place_nigeria_001','tenant_platform_seed','workspace_platform_seed_discovery','Abakpa Market',unixepoch(),unixepoch());
INSERT OR IGNORE INTO search_entries (id,profile_id,display_name,keywords,ancestry_path,vertical,created_at,updated_at) VALUES ('se_s16_market_0012e23c76e809e8','prof_s16_market_0012e23c76e809e8','Abakpa Market','abakpa market market market marketplace plaza mall trading centre nigeria','place_nigeria_001','commerce',unixepoch(),unixepoch());
INSERT OR IGNORE INTO seed_ingestion_records (id,seed_run_id,entity_type,entity_id,source_id,status) VALUES ('ir_s16_market_0012e23c76e809e8','seed_run_s16_market_batch2_20260502','organization','org_s16_market_0012e23c76e809e8','seed_source_osm_market_ng_s16b_20260502','ingested');
INSERT OR IGNORE INTO seed_entity_sources (id,seed_run_id,entity_type,entity_id,source_id,confidence_tier) VALUES ('es_s16_market_0012e23c76e809e8','seed_run_s16_market_batch2_20260502','organization','org_s16_market_0012e23c76e809e8','seed_source_osm_market_ng_s16b_20260502','seeded');
INSERT OR IGNORE INTO seed_enrichment (id,seed_run_id,entity_type,entity_id,enrichment_type,enrichment_json) VALUES ('enr_s16_market_0012e23c76e809e8','seed_run_s16_market_batch2_20260502','organization','org_s16_market_0012e23c76e809e8','seed_source_osm_market_ng_s16b_20260502','{"osm_id": "1433362624", "osm_type": "way", "amenity": "marketplace", "shop": "", "addr_state": "", "addr_lga": "", "operator": "", "opening_hours": ""}');

-- 265. Dawaki Modern Market
INSERT OR IGNORE INTO organizations (id,tenant_id,organization_type,legal_name,display_name,registration_number,status,verification_state,created_at,updated_at) VALUES ('org_s16_market_1eca43dc0fd1940b','tenant_platform_seed','market','Dawaki Modern Market','Dawaki Modern Market',NULL,'active','seeded',unixepoch(),unixepoch());
INSERT OR IGNORE INTO profiles (id,subject_id,subject_type,primary_place_id,tenant_id,workspace_id,display_name,created_at,updated_at) VALUES ('prof_s16_market_1eca43dc0fd1940b','org_s16_market_1eca43dc0fd1940b','organization','place_nigeria_001','tenant_platform_seed','workspace_platform_seed_discovery','Dawaki Modern Market',unixepoch(),unixepoch());
INSERT OR IGNORE INTO search_entries (id,profile_id,display_name,keywords,ancestry_path,vertical,created_at,updated_at) VALUES ('se_s16_market_1eca43dc0fd1940b','prof_s16_market_1eca43dc0fd1940b','Dawaki Modern Market','dawaki modern market market market marketplace plaza mall trading centre nigeria','place_nigeria_001','commerce',unixepoch(),unixepoch());
INSERT OR IGNORE INTO seed_ingestion_records (id,seed_run_id,entity_type,entity_id,source_id,status) VALUES ('ir_s16_market_1eca43dc0fd1940b','seed_run_s16_market_batch2_20260502','organization','org_s16_market_1eca43dc0fd1940b','seed_source_osm_market_ng_s16b_20260502','ingested');
INSERT OR IGNORE INTO seed_entity_sources (id,seed_run_id,entity_type,entity_id,source_id,confidence_tier) VALUES ('es_s16_market_1eca43dc0fd1940b','seed_run_s16_market_batch2_20260502','organization','org_s16_market_1eca43dc0fd1940b','seed_source_osm_market_ng_s16b_20260502','seeded');
INSERT OR IGNORE INTO seed_enrichment (id,seed_run_id,entity_type,entity_id,enrichment_type,enrichment_json) VALUES ('enr_s16_market_1eca43dc0fd1940b','seed_run_s16_market_batch2_20260502','organization','org_s16_market_1eca43dc0fd1940b','seed_source_osm_market_ng_s16b_20260502','{"osm_id": "1442073632", "osm_type": "way", "amenity": "marketplace", "shop": "", "addr_state": "", "addr_lga": "", "operator": "", "opening_hours": ""}');

-- 266. Apo Urban Market
INSERT OR IGNORE INTO organizations (id,tenant_id,organization_type,legal_name,display_name,registration_number,status,verification_state,created_at,updated_at) VALUES ('org_s16_market_96e33075e231e939','tenant_platform_seed','market','Apo Urban Market','Apo Urban Market',NULL,'active','seeded',unixepoch(),unixepoch());
INSERT OR IGNORE INTO profiles (id,subject_id,subject_type,primary_place_id,tenant_id,workspace_id,display_name,created_at,updated_at) VALUES ('prof_s16_market_96e33075e231e939','org_s16_market_96e33075e231e939','organization','place_nigeria_001','tenant_platform_seed','workspace_platform_seed_discovery','Apo Urban Market',unixepoch(),unixepoch());
INSERT OR IGNORE INTO search_entries (id,profile_id,display_name,keywords,ancestry_path,vertical,created_at,updated_at) VALUES ('se_s16_market_96e33075e231e939','prof_s16_market_96e33075e231e939','Apo Urban Market','apo urban market market market marketplace plaza mall trading centre nigeria','place_nigeria_001','commerce',unixepoch(),unixepoch());
INSERT OR IGNORE INTO seed_ingestion_records (id,seed_run_id,entity_type,entity_id,source_id,status) VALUES ('ir_s16_market_96e33075e231e939','seed_run_s16_market_batch2_20260502','organization','org_s16_market_96e33075e231e939','seed_source_osm_market_ng_s16b_20260502','ingested');
INSERT OR IGNORE INTO seed_entity_sources (id,seed_run_id,entity_type,entity_id,source_id,confidence_tier) VALUES ('es_s16_market_96e33075e231e939','seed_run_s16_market_batch2_20260502','organization','org_s16_market_96e33075e231e939','seed_source_osm_market_ng_s16b_20260502','seeded');
INSERT OR IGNORE INTO seed_enrichment (id,seed_run_id,entity_type,entity_id,enrichment_type,enrichment_json) VALUES ('enr_s16_market_96e33075e231e939','seed_run_s16_market_batch2_20260502','organization','org_s16_market_96e33075e231e939','seed_source_osm_market_ng_s16b_20260502','{"osm_id": "1455148928", "osm_type": "way", "amenity": "marketplace", "shop": "", "addr_state": "", "addr_lga": "", "operator": "", "opening_hours": ""}');

-- 267. Century Mall
INSERT OR IGNORE INTO organizations (id,tenant_id,organization_type,legal_name,display_name,registration_number,status,verification_state,created_at,updated_at) VALUES ('org_s16_market_23790dbf51b88127','tenant_platform_seed','shopping_mall','Century Mall','Century Mall',NULL,'active','seeded',unixepoch(),unixepoch());
INSERT OR IGNORE INTO profiles (id,subject_id,subject_type,primary_place_id,tenant_id,workspace_id,display_name,created_at,updated_at) VALUES ('prof_s16_market_23790dbf51b88127','org_s16_market_23790dbf51b88127','organization','place_nigeria_001','tenant_platform_seed','workspace_platform_seed_discovery','Century Mall',unixepoch(),unixepoch());
INSERT OR IGNORE INTO search_entries (id,profile_id,display_name,keywords,ancestry_path,vertical,created_at,updated_at) VALUES ('se_s16_market_23790dbf51b88127','prof_s16_market_23790dbf51b88127','Century Mall','century mall shopping_mall market marketplace plaza mall trading centre nigeria','place_nigeria_001','commerce',unixepoch(),unixepoch());
INSERT OR IGNORE INTO seed_ingestion_records (id,seed_run_id,entity_type,entity_id,source_id,status) VALUES ('ir_s16_market_23790dbf51b88127','seed_run_s16_market_batch2_20260502','organization','org_s16_market_23790dbf51b88127','seed_source_osm_market_ng_s16b_20260502','ingested');
INSERT OR IGNORE INTO seed_entity_sources (id,seed_run_id,entity_type,entity_id,source_id,confidence_tier) VALUES ('es_s16_market_23790dbf51b88127','seed_run_s16_market_batch2_20260502','organization','org_s16_market_23790dbf51b88127','seed_source_osm_market_ng_s16b_20260502','seeded');
INSERT OR IGNORE INTO seed_enrichment (id,seed_run_id,entity_type,entity_id,enrichment_type,enrichment_json) VALUES ('enr_s16_market_23790dbf51b88127','seed_run_s16_market_batch2_20260502','organization','org_s16_market_23790dbf51b88127','seed_source_osm_market_ng_s16b_20260502','{"osm_id": "1455149783", "osm_type": "way", "amenity": "", "shop": "mall", "addr_state": "", "addr_lga": "", "operator": "", "opening_hours": ""}');

-- 268. Hytel Plaza
INSERT OR IGNORE INTO organizations (id,tenant_id,organization_type,legal_name,display_name,registration_number,status,verification_state,created_at,updated_at) VALUES ('org_s16_market_c2ce152090a88489','tenant_platform_seed','shopping_mall','Hytel Plaza','Hytel Plaza',NULL,'active','seeded',unixepoch(),unixepoch());
INSERT OR IGNORE INTO profiles (id,subject_id,subject_type,primary_place_id,tenant_id,workspace_id,display_name,created_at,updated_at) VALUES ('prof_s16_market_c2ce152090a88489','org_s16_market_c2ce152090a88489','organization','place_nigeria_001','tenant_platform_seed','workspace_platform_seed_discovery','Hytel Plaza',unixepoch(),unixepoch());
INSERT OR IGNORE INTO search_entries (id,profile_id,display_name,keywords,ancestry_path,vertical,created_at,updated_at) VALUES ('se_s16_market_c2ce152090a88489','prof_s16_market_c2ce152090a88489','Hytel Plaza','hytel plaza shopping_mall market marketplace plaza mall trading centre nigeria','place_nigeria_001','commerce',unixepoch(),unixepoch());
INSERT OR IGNORE INTO seed_ingestion_records (id,seed_run_id,entity_type,entity_id,source_id,status) VALUES ('ir_s16_market_c2ce152090a88489','seed_run_s16_market_batch2_20260502','organization','org_s16_market_c2ce152090a88489','seed_source_osm_market_ng_s16b_20260502','ingested');
INSERT OR IGNORE INTO seed_entity_sources (id,seed_run_id,entity_type,entity_id,source_id,confidence_tier) VALUES ('es_s16_market_c2ce152090a88489','seed_run_s16_market_batch2_20260502','organization','org_s16_market_c2ce152090a88489','seed_source_osm_market_ng_s16b_20260502','seeded');
INSERT OR IGNORE INTO seed_enrichment (id,seed_run_id,entity_type,entity_id,enrichment_type,enrichment_json) VALUES ('enr_s16_market_c2ce152090a88489','seed_run_s16_market_batch2_20260502','organization','org_s16_market_c2ce152090a88489','seed_source_osm_market_ng_s16b_20260502','{"osm_id": "1465627346", "osm_type": "way", "amenity": "", "shop": "mall", "addr_state": "", "addr_lga": "", "operator": "", "opening_hours": ""}');

-- 269. Ononuju House
INSERT OR IGNORE INTO organizations (id,tenant_id,organization_type,legal_name,display_name,registration_number,status,verification_state,created_at,updated_at) VALUES ('org_s16_market_d8600ffb3f2c14db','tenant_platform_seed','shopping_mall','Ononuju House','Ononuju House',NULL,'active','seeded',unixepoch(),unixepoch());
INSERT OR IGNORE INTO profiles (id,subject_id,subject_type,primary_place_id,tenant_id,workspace_id,display_name,created_at,updated_at) VALUES ('prof_s16_market_d8600ffb3f2c14db','org_s16_market_d8600ffb3f2c14db','organization','place_nigeria_001','tenant_platform_seed','workspace_platform_seed_discovery','Ononuju House',unixepoch(),unixepoch());
INSERT OR IGNORE INTO search_entries (id,profile_id,display_name,keywords,ancestry_path,vertical,created_at,updated_at) VALUES ('se_s16_market_d8600ffb3f2c14db','prof_s16_market_d8600ffb3f2c14db','Ononuju House','ononuju house shopping_mall market marketplace plaza mall trading centre nigeria','place_nigeria_001','commerce',unixepoch(),unixepoch());
INSERT OR IGNORE INTO seed_ingestion_records (id,seed_run_id,entity_type,entity_id,source_id,status) VALUES ('ir_s16_market_d8600ffb3f2c14db','seed_run_s16_market_batch2_20260502','organization','org_s16_market_d8600ffb3f2c14db','seed_source_osm_market_ng_s16b_20260502','ingested');
INSERT OR IGNORE INTO seed_entity_sources (id,seed_run_id,entity_type,entity_id,source_id,confidence_tier) VALUES ('es_s16_market_d8600ffb3f2c14db','seed_run_s16_market_batch2_20260502','organization','org_s16_market_d8600ffb3f2c14db','seed_source_osm_market_ng_s16b_20260502','seeded');
INSERT OR IGNORE INTO seed_enrichment (id,seed_run_id,entity_type,entity_id,enrichment_type,enrichment_json) VALUES ('enr_s16_market_d8600ffb3f2c14db','seed_run_s16_market_batch2_20260502','organization','org_s16_market_d8600ffb3f2c14db','seed_source_osm_market_ng_s16b_20260502','{"osm_id": "1465638401", "osm_type": "way", "amenity": "", "shop": "mall", "addr_state": "", "addr_lga": "", "operator": "", "opening_hours": ""}');

-- 270. N. Wasco Electronics plaza
INSERT OR IGNORE INTO organizations (id,tenant_id,organization_type,legal_name,display_name,registration_number,status,verification_state,created_at,updated_at) VALUES ('org_s16_market_a15bfb2b3dbfd3a0','tenant_platform_seed','shopping_mall','N. Wasco Electronics plaza','N. Wasco Electronics plaza',NULL,'active','seeded',unixepoch(),unixepoch());
INSERT OR IGNORE INTO profiles (id,subject_id,subject_type,primary_place_id,tenant_id,workspace_id,display_name,created_at,updated_at) VALUES ('prof_s16_market_a15bfb2b3dbfd3a0','org_s16_market_a15bfb2b3dbfd3a0','organization','place_nigeria_001','tenant_platform_seed','workspace_platform_seed_discovery','N. Wasco Electronics plaza',unixepoch(),unixepoch());
INSERT OR IGNORE INTO search_entries (id,profile_id,display_name,keywords,ancestry_path,vertical,created_at,updated_at) VALUES ('se_s16_market_a15bfb2b3dbfd3a0','prof_s16_market_a15bfb2b3dbfd3a0','N. Wasco Electronics plaza','n. wasco electronics plaza shopping_mall market marketplace plaza mall trading centre nigeria','place_nigeria_001','commerce',unixepoch(),unixepoch());
INSERT OR IGNORE INTO seed_ingestion_records (id,seed_run_id,entity_type,entity_id,source_id,status) VALUES ('ir_s16_market_a15bfb2b3dbfd3a0','seed_run_s16_market_batch2_20260502','organization','org_s16_market_a15bfb2b3dbfd3a0','seed_source_osm_market_ng_s16b_20260502','ingested');
INSERT OR IGNORE INTO seed_entity_sources (id,seed_run_id,entity_type,entity_id,source_id,confidence_tier) VALUES ('es_s16_market_a15bfb2b3dbfd3a0','seed_run_s16_market_batch2_20260502','organization','org_s16_market_a15bfb2b3dbfd3a0','seed_source_osm_market_ng_s16b_20260502','seeded');
INSERT OR IGNORE INTO seed_enrichment (id,seed_run_id,entity_type,entity_id,enrichment_type,enrichment_json) VALUES ('enr_s16_market_a15bfb2b3dbfd3a0','seed_run_s16_market_batch2_20260502','organization','org_s16_market_a15bfb2b3dbfd3a0','seed_source_osm_market_ng_s16b_20260502','{"osm_id": "1465641073", "osm_type": "way", "amenity": "", "shop": "mall", "addr_state": "", "addr_lga": "", "operator": "", "opening_hours": ""}');

-- 271. Greenwich Mall
INSERT OR IGNORE INTO organizations (id,tenant_id,organization_type,legal_name,display_name,registration_number,status,verification_state,created_at,updated_at) VALUES ('org_s16_market_7474ade56617aa9c','tenant_platform_seed','shopping_mall','Greenwich Mall','Greenwich Mall',NULL,'active','seeded',unixepoch(),unixepoch());
INSERT OR IGNORE INTO profiles (id,subject_id,subject_type,primary_place_id,tenant_id,workspace_id,display_name,created_at,updated_at) VALUES ('prof_s16_market_7474ade56617aa9c','org_s16_market_7474ade56617aa9c','organization','place_nigeria_001','tenant_platform_seed','workspace_platform_seed_discovery','Greenwich Mall',unixepoch(),unixepoch());
INSERT OR IGNORE INTO search_entries (id,profile_id,display_name,keywords,ancestry_path,vertical,created_at,updated_at) VALUES ('se_s16_market_7474ade56617aa9c','prof_s16_market_7474ade56617aa9c','Greenwich Mall','greenwich mall shopping_mall market marketplace plaza mall trading centre nigeria','place_nigeria_001','commerce',unixepoch(),unixepoch());
INSERT OR IGNORE INTO seed_ingestion_records (id,seed_run_id,entity_type,entity_id,source_id,status) VALUES ('ir_s16_market_7474ade56617aa9c','seed_run_s16_market_batch2_20260502','organization','org_s16_market_7474ade56617aa9c','seed_source_osm_market_ng_s16b_20260502','ingested');
INSERT OR IGNORE INTO seed_entity_sources (id,seed_run_id,entity_type,entity_id,source_id,confidence_tier) VALUES ('es_s16_market_7474ade56617aa9c','seed_run_s16_market_batch2_20260502','organization','org_s16_market_7474ade56617aa9c','seed_source_osm_market_ng_s16b_20260502','seeded');
INSERT OR IGNORE INTO seed_enrichment (id,seed_run_id,entity_type,entity_id,enrichment_type,enrichment_json) VALUES ('enr_s16_market_7474ade56617aa9c','seed_run_s16_market_batch2_20260502','organization','org_s16_market_7474ade56617aa9c','seed_source_osm_market_ng_s16b_20260502','{"osm_id": "1465643473", "osm_type": "way", "amenity": "", "shop": "mall", "addr_state": "", "addr_lga": "", "operator": "", "opening_hours": ""}');

-- 272. ORCA Mall
INSERT OR IGNORE INTO organizations (id,tenant_id,organization_type,legal_name,display_name,registration_number,status,verification_state,created_at,updated_at) VALUES ('org_s16_market_24684a322c4c61da','tenant_platform_seed','shopping_mall','ORCA Mall','ORCA Mall',NULL,'active','seeded',unixepoch(),unixepoch());
INSERT OR IGNORE INTO profiles (id,subject_id,subject_type,primary_place_id,tenant_id,workspace_id,display_name,created_at,updated_at) VALUES ('prof_s16_market_24684a322c4c61da','org_s16_market_24684a322c4c61da','organization','place_nigeria_001','tenant_platform_seed','workspace_platform_seed_discovery','ORCA Mall',unixepoch(),unixepoch());
INSERT OR IGNORE INTO search_entries (id,profile_id,display_name,keywords,ancestry_path,vertical,created_at,updated_at) VALUES ('se_s16_market_24684a322c4c61da','prof_s16_market_24684a322c4c61da','ORCA Mall','orca mall shopping_mall market marketplace plaza mall trading centre nigeria','place_nigeria_001','commerce',unixepoch(),unixepoch());
INSERT OR IGNORE INTO seed_ingestion_records (id,seed_run_id,entity_type,entity_id,source_id,status) VALUES ('ir_s16_market_24684a322c4c61da','seed_run_s16_market_batch2_20260502','organization','org_s16_market_24684a322c4c61da','seed_source_osm_market_ng_s16b_20260502','ingested');
INSERT OR IGNORE INTO seed_entity_sources (id,seed_run_id,entity_type,entity_id,source_id,confidence_tier) VALUES ('es_s16_market_24684a322c4c61da','seed_run_s16_market_batch2_20260502','organization','org_s16_market_24684a322c4c61da','seed_source_osm_market_ng_s16b_20260502','seeded');
INSERT OR IGNORE INTO seed_enrichment (id,seed_run_id,entity_type,entity_id,enrichment_type,enrichment_json) VALUES ('enr_s16_market_24684a322c4c61da','seed_run_s16_market_batch2_20260502','organization','org_s16_market_24684a322c4c61da','seed_source_osm_market_ng_s16b_20260502','{"osm_id": "1466331526", "osm_type": "way", "amenity": "", "shop": "mall", "addr_state": "", "addr_lga": "", "operator": "", "opening_hours": ""}');

-- 273. Afia Eke, Agbani
INSERT OR IGNORE INTO organizations (id,tenant_id,organization_type,legal_name,display_name,registration_number,status,verification_state,created_at,updated_at) VALUES ('org_s16_market_50ed4daa0ca7c339','tenant_platform_seed','market','Afia Eke, Agbani','Afia Eke, Agbani',NULL,'active','seeded',unixepoch(),unixepoch());
INSERT OR IGNORE INTO profiles (id,subject_id,subject_type,primary_place_id,tenant_id,workspace_id,display_name,created_at,updated_at) VALUES ('prof_s16_market_50ed4daa0ca7c339','org_s16_market_50ed4daa0ca7c339','organization','place_nigeria_001','tenant_platform_seed','workspace_platform_seed_discovery','Afia Eke, Agbani',unixepoch(),unixepoch());
INSERT OR IGNORE INTO search_entries (id,profile_id,display_name,keywords,ancestry_path,vertical,created_at,updated_at) VALUES ('se_s16_market_50ed4daa0ca7c339','prof_s16_market_50ed4daa0ca7c339','Afia Eke, Agbani','afia eke, agbani market market marketplace plaza mall trading centre nigeria','place_nigeria_001','commerce',unixepoch(),unixepoch());
INSERT OR IGNORE INTO seed_ingestion_records (id,seed_run_id,entity_type,entity_id,source_id,status) VALUES ('ir_s16_market_50ed4daa0ca7c339','seed_run_s16_market_batch2_20260502','organization','org_s16_market_50ed4daa0ca7c339','seed_source_osm_market_ng_s16b_20260502','ingested');
INSERT OR IGNORE INTO seed_entity_sources (id,seed_run_id,entity_type,entity_id,source_id,confidence_tier) VALUES ('es_s16_market_50ed4daa0ca7c339','seed_run_s16_market_batch2_20260502','organization','org_s16_market_50ed4daa0ca7c339','seed_source_osm_market_ng_s16b_20260502','seeded');
INSERT OR IGNORE INTO seed_enrichment (id,seed_run_id,entity_type,entity_id,enrichment_type,enrichment_json) VALUES ('enr_s16_market_50ed4daa0ca7c339','seed_run_s16_market_batch2_20260502','organization','org_s16_market_50ed4daa0ca7c339','seed_source_osm_market_ng_s16b_20260502','{"osm_id": "1468890103", "osm_type": "way", "amenity": "marketplace", "shop": "", "addr_state": "", "addr_lga": "", "operator": "", "opening_hours": ""}');

-- 274. Blenco Supermarket
INSERT OR IGNORE INTO organizations (id,tenant_id,organization_type,legal_name,display_name,registration_number,status,verification_state,created_at,updated_at) VALUES ('org_s16_market_d34932a463c0afdd','tenant_platform_seed','market','Blenco Supermarket','Blenco Supermarket',NULL,'active','seeded',unixepoch(),unixepoch());
INSERT OR IGNORE INTO profiles (id,subject_id,subject_type,primary_place_id,tenant_id,workspace_id,display_name,created_at,updated_at) VALUES ('prof_s16_market_d34932a463c0afdd','org_s16_market_d34932a463c0afdd','organization','place_nigeria_001','tenant_platform_seed','workspace_platform_seed_discovery','Blenco Supermarket',unixepoch(),unixepoch());
INSERT OR IGNORE INTO search_entries (id,profile_id,display_name,keywords,ancestry_path,vertical,created_at,updated_at) VALUES ('se_s16_market_d34932a463c0afdd','prof_s16_market_d34932a463c0afdd','Blenco Supermarket','blenco supermarket market market marketplace plaza mall trading centre nigeria','place_nigeria_001','commerce',unixepoch(),unixepoch());
INSERT OR IGNORE INTO seed_ingestion_records (id,seed_run_id,entity_type,entity_id,source_id,status) VALUES ('ir_s16_market_d34932a463c0afdd','seed_run_s16_market_batch2_20260502','organization','org_s16_market_d34932a463c0afdd','seed_source_osm_market_ng_s16b_20260502','ingested');
INSERT OR IGNORE INTO seed_entity_sources (id,seed_run_id,entity_type,entity_id,source_id,confidence_tier) VALUES ('es_s16_market_d34932a463c0afdd','seed_run_s16_market_batch2_20260502','organization','org_s16_market_d34932a463c0afdd','seed_source_osm_market_ng_s16b_20260502','seeded');
INSERT OR IGNORE INTO seed_enrichment (id,seed_run_id,entity_type,entity_id,enrichment_type,enrichment_json) VALUES ('enr_s16_market_d34932a463c0afdd','seed_run_s16_market_batch2_20260502','organization','org_s16_market_d34932a463c0afdd','seed_source_osm_market_ng_s16b_20260502','{"osm_id": "1472810285", "osm_type": "way", "amenity": "", "shop": "supermarket", "addr_state": "", "addr_lga": "", "operator": "", "opening_hours": ""}');

-- 275. Bulumkutu GSM Village
INSERT OR IGNORE INTO organizations (id,tenant_id,organization_type,legal_name,display_name,registration_number,status,verification_state,created_at,updated_at) VALUES ('org_s16_market_bed3cf8338e97406','tenant_platform_seed','market','Bulumkutu GSM Village','Bulumkutu GSM Village',NULL,'active','seeded',unixepoch(),unixepoch());
INSERT OR IGNORE INTO profiles (id,subject_id,subject_type,primary_place_id,tenant_id,workspace_id,display_name,created_at,updated_at) VALUES ('prof_s16_market_bed3cf8338e97406','org_s16_market_bed3cf8338e97406','organization','place_nigeria_001','tenant_platform_seed','workspace_platform_seed_discovery','Bulumkutu GSM Village',unixepoch(),unixepoch());
INSERT OR IGNORE INTO search_entries (id,profile_id,display_name,keywords,ancestry_path,vertical,created_at,updated_at) VALUES ('se_s16_market_bed3cf8338e97406','prof_s16_market_bed3cf8338e97406','Bulumkutu GSM Village','bulumkutu gsm village market maisandari market marketplace plaza mall trading centre nigeria','place_nigeria_001','commerce',unixepoch(),unixepoch());
INSERT OR IGNORE INTO seed_ingestion_records (id,seed_run_id,entity_type,entity_id,source_id,status) VALUES ('ir_s16_market_bed3cf8338e97406','seed_run_s16_market_batch2_20260502','organization','org_s16_market_bed3cf8338e97406','seed_source_osm_market_ng_s16b_20260502','ingested');
INSERT OR IGNORE INTO seed_entity_sources (id,seed_run_id,entity_type,entity_id,source_id,confidence_tier) VALUES ('es_s16_market_bed3cf8338e97406','seed_run_s16_market_batch2_20260502','organization','org_s16_market_bed3cf8338e97406','seed_source_osm_market_ng_s16b_20260502','seeded');
INSERT OR IGNORE INTO seed_enrichment (id,seed_run_id,entity_type,entity_id,enrichment_type,enrichment_json) VALUES ('enr_s16_market_bed3cf8338e97406','seed_run_s16_market_batch2_20260502','organization','org_s16_market_bed3cf8338e97406','seed_source_osm_market_ng_s16b_20260502','{"osm_id": "1495609508", "osm_type": "way", "amenity": "marketplace", "shop": "", "addr_state": "", "addr_lga": "Maisandari", "operator": "", "opening_hours": ""}');

-- 276. Gamboru Market
INSERT OR IGNORE INTO organizations (id,tenant_id,organization_type,legal_name,display_name,registration_number,status,verification_state,created_at,updated_at) VALUES ('org_s16_market_dcc7b6d5febaff12','tenant_platform_seed','market','Gamboru Market','Gamboru Market',NULL,'active','seeded',unixepoch(),unixepoch());
INSERT OR IGNORE INTO profiles (id,subject_id,subject_type,primary_place_id,tenant_id,workspace_id,display_name,created_at,updated_at) VALUES ('prof_s16_market_dcc7b6d5febaff12','org_s16_market_dcc7b6d5febaff12','organization','place_nigeria_001','tenant_platform_seed','workspace_platform_seed_discovery','Gamboru Market',unixepoch(),unixepoch());
INSERT OR IGNORE INTO search_entries (id,profile_id,display_name,keywords,ancestry_path,vertical,created_at,updated_at) VALUES ('se_s16_market_dcc7b6d5febaff12','prof_s16_market_dcc7b6d5febaff12','Gamboru Market','gamboru market market gamboru market marketplace plaza mall trading centre nigeria','place_nigeria_001','commerce',unixepoch(),unixepoch());
INSERT OR IGNORE INTO seed_ingestion_records (id,seed_run_id,entity_type,entity_id,source_id,status) VALUES ('ir_s16_market_dcc7b6d5febaff12','seed_run_s16_market_batch2_20260502','organization','org_s16_market_dcc7b6d5febaff12','seed_source_osm_market_ng_s16b_20260502','ingested');
INSERT OR IGNORE INTO seed_entity_sources (id,seed_run_id,entity_type,entity_id,source_id,confidence_tier) VALUES ('es_s16_market_dcc7b6d5febaff12','seed_run_s16_market_batch2_20260502','organization','org_s16_market_dcc7b6d5febaff12','seed_source_osm_market_ng_s16b_20260502','seeded');
INSERT OR IGNORE INTO seed_enrichment (id,seed_run_id,entity_type,entity_id,enrichment_type,enrichment_json) VALUES ('enr_s16_market_dcc7b6d5febaff12','seed_run_s16_market_batch2_20260502','organization','org_s16_market_dcc7b6d5febaff12','seed_source_osm_market_ng_s16b_20260502','{"osm_id": "1495609509", "osm_type": "way", "amenity": "marketplace", "shop": "", "addr_state": "", "addr_lga": "Gamboru", "operator": "", "opening_hours": ""}');

-- 277. Kasuwan Shanu
INSERT OR IGNORE INTO organizations (id,tenant_id,organization_type,legal_name,display_name,registration_number,status,verification_state,created_at,updated_at) VALUES ('org_s16_market_8a61882d5cd00b57','tenant_platform_seed','market','Kasuwan Shanu','Kasuwan Shanu',NULL,'active','seeded',unixepoch(),unixepoch());
INSERT OR IGNORE INTO profiles (id,subject_id,subject_type,primary_place_id,tenant_id,workspace_id,display_name,created_at,updated_at) VALUES ('prof_s16_market_8a61882d5cd00b57','org_s16_market_8a61882d5cd00b57','organization','place_nigeria_001','tenant_platform_seed','workspace_platform_seed_discovery','Kasuwan Shanu',unixepoch(),unixepoch());
INSERT OR IGNORE INTO search_entries (id,profile_id,display_name,keywords,ancestry_path,vertical,created_at,updated_at) VALUES ('se_s16_market_8a61882d5cd00b57','prof_s16_market_8a61882d5cd00b57','Kasuwan Shanu','kasuwan shanu market gamboru market marketplace plaza mall trading centre nigeria','place_nigeria_001','commerce',unixepoch(),unixepoch());
INSERT OR IGNORE INTO seed_ingestion_records (id,seed_run_id,entity_type,entity_id,source_id,status) VALUES ('ir_s16_market_8a61882d5cd00b57','seed_run_s16_market_batch2_20260502','organization','org_s16_market_8a61882d5cd00b57','seed_source_osm_market_ng_s16b_20260502','ingested');
INSERT OR IGNORE INTO seed_entity_sources (id,seed_run_id,entity_type,entity_id,source_id,confidence_tier) VALUES ('es_s16_market_8a61882d5cd00b57','seed_run_s16_market_batch2_20260502','organization','org_s16_market_8a61882d5cd00b57','seed_source_osm_market_ng_s16b_20260502','seeded');
INSERT OR IGNORE INTO seed_enrichment (id,seed_run_id,entity_type,entity_id,enrichment_type,enrichment_json) VALUES ('enr_s16_market_8a61882d5cd00b57','seed_run_s16_market_batch2_20260502','organization','org_s16_market_8a61882d5cd00b57','seed_source_osm_market_ng_s16b_20260502','{"osm_id": "1495915445", "osm_type": "way", "amenity": "marketplace", "shop": "", "addr_state": "", "addr_lga": "Gamboru", "operator": "", "opening_hours": ""}');

-- 278. Terminus
INSERT OR IGNORE INTO organizations (id,tenant_id,organization_type,legal_name,display_name,registration_number,status,verification_state,created_at,updated_at) VALUES ('org_s16_market_f533b4cde34bef32','tenant_platform_seed','market','Terminus','Terminus',NULL,'active','seeded',unixepoch(),unixepoch());
INSERT OR IGNORE INTO profiles (id,subject_id,subject_type,primary_place_id,tenant_id,workspace_id,display_name,created_at,updated_at) VALUES ('prof_s16_market_f533b4cde34bef32','org_s16_market_f533b4cde34bef32','organization','place_nigeria_001','tenant_platform_seed','workspace_platform_seed_discovery','Terminus',unixepoch(),unixepoch());
INSERT OR IGNORE INTO search_entries (id,profile_id,display_name,keywords,ancestry_path,vertical,created_at,updated_at) VALUES ('se_s16_market_f533b4cde34bef32','prof_s16_market_f533b4cde34bef32','Terminus','terminus market market marketplace plaza mall trading centre nigeria','place_nigeria_001','commerce',unixepoch(),unixepoch());
INSERT OR IGNORE INTO seed_ingestion_records (id,seed_run_id,entity_type,entity_id,source_id,status) VALUES ('ir_s16_market_f533b4cde34bef32','seed_run_s16_market_batch2_20260502','organization','org_s16_market_f533b4cde34bef32','seed_source_osm_market_ng_s16b_20260502','ingested');
INSERT OR IGNORE INTO seed_entity_sources (id,seed_run_id,entity_type,entity_id,source_id,confidence_tier) VALUES ('es_s16_market_f533b4cde34bef32','seed_run_s16_market_batch2_20260502','organization','org_s16_market_f533b4cde34bef32','seed_source_osm_market_ng_s16b_20260502','seeded');
INSERT OR IGNORE INTO seed_enrichment (id,seed_run_id,entity_type,entity_id,enrichment_type,enrichment_json) VALUES ('enr_s16_market_f533b4cde34bef32','seed_run_s16_market_batch2_20260502','organization','org_s16_market_f533b4cde34bef32','seed_source_osm_market_ng_s16b_20260502','{"osm_id": "2827142", "osm_type": "relation", "amenity": "marketplace", "shop": "", "addr_state": "", "addr_lga": "", "operator": "", "opening_hours": ""}');

-- 279. Ultra-Modern Market
INSERT OR IGNORE INTO organizations (id,tenant_id,organization_type,legal_name,display_name,registration_number,status,verification_state,created_at,updated_at) VALUES ('org_s16_market_49a2f614c3a52162','tenant_platform_seed','market','Ultra-Modern Market','Ultra-Modern Market',NULL,'active','seeded',unixepoch(),unixepoch());
INSERT OR IGNORE INTO profiles (id,subject_id,subject_type,primary_place_id,tenant_id,workspace_id,display_name,created_at,updated_at) VALUES ('prof_s16_market_49a2f614c3a52162','org_s16_market_49a2f614c3a52162','organization','place_nigeria_001','tenant_platform_seed','workspace_platform_seed_discovery','Ultra-Modern Market',unixepoch(),unixepoch());
INSERT OR IGNORE INTO search_entries (id,profile_id,display_name,keywords,ancestry_path,vertical,created_at,updated_at) VALUES ('se_s16_market_49a2f614c3a52162','prof_s16_market_49a2f614c3a52162','Ultra-Modern Market','ultra-modern market market market marketplace plaza mall trading centre nigeria','place_nigeria_001','commerce',unixepoch(),unixepoch());
INSERT OR IGNORE INTO seed_ingestion_records (id,seed_run_id,entity_type,entity_id,source_id,status) VALUES ('ir_s16_market_49a2f614c3a52162','seed_run_s16_market_batch2_20260502','organization','org_s16_market_49a2f614c3a52162','seed_source_osm_market_ng_s16b_20260502','ingested');
INSERT OR IGNORE INTO seed_entity_sources (id,seed_run_id,entity_type,entity_id,source_id,confidence_tier) VALUES ('es_s16_market_49a2f614c3a52162','seed_run_s16_market_batch2_20260502','organization','org_s16_market_49a2f614c3a52162','seed_source_osm_market_ng_s16b_20260502','seeded');
INSERT OR IGNORE INTO seed_enrichment (id,seed_run_id,entity_type,entity_id,enrichment_type,enrichment_json) VALUES ('enr_s16_market_49a2f614c3a52162','seed_run_s16_market_batch2_20260502','organization','org_s16_market_49a2f614c3a52162','seed_source_osm_market_ng_s16b_20260502','{"osm_id": "10375502", "osm_type": "relation", "amenity": "marketplace", "shop": "", "addr_state": "", "addr_lga": "", "operator": "", "opening_hours": ""}');

-- 280. Pessu Market
INSERT OR IGNORE INTO organizations (id,tenant_id,organization_type,legal_name,display_name,registration_number,status,verification_state,created_at,updated_at) VALUES ('org_s16_market_2b0de8ed5e693451','tenant_platform_seed','market','Pessu Market','Pessu Market',NULL,'active','seeded',unixepoch(),unixepoch());
INSERT OR IGNORE INTO profiles (id,subject_id,subject_type,primary_place_id,tenant_id,workspace_id,display_name,created_at,updated_at) VALUES ('prof_s16_market_2b0de8ed5e693451','org_s16_market_2b0de8ed5e693451','organization','place_nigeria_001','tenant_platform_seed','workspace_platform_seed_discovery','Pessu Market',unixepoch(),unixepoch());
INSERT OR IGNORE INTO search_entries (id,profile_id,display_name,keywords,ancestry_path,vertical,created_at,updated_at) VALUES ('se_s16_market_2b0de8ed5e693451','prof_s16_market_2b0de8ed5e693451','Pessu Market','pessu market market warri market marketplace plaza mall trading centre nigeria','place_nigeria_001','commerce',unixepoch(),unixepoch());
INSERT OR IGNORE INTO seed_ingestion_records (id,seed_run_id,entity_type,entity_id,source_id,status) VALUES ('ir_s16_market_2b0de8ed5e693451','seed_run_s16_market_batch2_20260502','organization','org_s16_market_2b0de8ed5e693451','seed_source_osm_market_ng_s16b_20260502','ingested');
INSERT OR IGNORE INTO seed_entity_sources (id,seed_run_id,entity_type,entity_id,source_id,confidence_tier) VALUES ('es_s16_market_2b0de8ed5e693451','seed_run_s16_market_batch2_20260502','organization','org_s16_market_2b0de8ed5e693451','seed_source_osm_market_ng_s16b_20260502','seeded');
INSERT OR IGNORE INTO seed_enrichment (id,seed_run_id,entity_type,entity_id,enrichment_type,enrichment_json) VALUES ('enr_s16_market_2b0de8ed5e693451','seed_run_s16_market_batch2_20260502','organization','org_s16_market_2b0de8ed5e693451','seed_source_osm_market_ng_s16b_20260502','{"osm_id": "12113864", "osm_type": "relation", "amenity": "marketplace", "shop": "", "addr_state": "", "addr_lga": "Warri", "operator": "Warri South LGA", "opening_hours": "Mo-Su 08:00-22:00"}');

-- 281. Nkwo Igbo Market
INSERT OR IGNORE INTO organizations (id,tenant_id,organization_type,legal_name,display_name,registration_number,status,verification_state,created_at,updated_at) VALUES ('org_s16_market_6a3cc5f50fb45c37','tenant_platform_seed','market','Nkwo Igbo Market','Nkwo Igbo Market',NULL,'active','seeded',unixepoch(),unixepoch());
INSERT OR IGNORE INTO profiles (id,subject_id,subject_type,primary_place_id,tenant_id,workspace_id,display_name,created_at,updated_at) VALUES ('prof_s16_market_6a3cc5f50fb45c37','org_s16_market_6a3cc5f50fb45c37','organization','place_nigeria_001','tenant_platform_seed','workspace_platform_seed_discovery','Nkwo Igbo Market',unixepoch(),unixepoch());
INSERT OR IGNORE INTO search_entries (id,profile_id,display_name,keywords,ancestry_path,vertical,created_at,updated_at) VALUES ('se_s16_market_6a3cc5f50fb45c37','prof_s16_market_6a3cc5f50fb45c37','Nkwo Igbo Market','nkwo igbo market market market marketplace plaza mall trading centre nigeria','place_nigeria_001','commerce',unixepoch(),unixepoch());
INSERT OR IGNORE INTO seed_ingestion_records (id,seed_run_id,entity_type,entity_id,source_id,status) VALUES ('ir_s16_market_6a3cc5f50fb45c37','seed_run_s16_market_batch2_20260502','organization','org_s16_market_6a3cc5f50fb45c37','seed_source_osm_market_ng_s16b_20260502','ingested');
INSERT OR IGNORE INTO seed_entity_sources (id,seed_run_id,entity_type,entity_id,source_id,confidence_tier) VALUES ('es_s16_market_6a3cc5f50fb45c37','seed_run_s16_market_batch2_20260502','organization','org_s16_market_6a3cc5f50fb45c37','seed_source_osm_market_ng_s16b_20260502','seeded');
INSERT OR IGNORE INTO seed_enrichment (id,seed_run_id,entity_type,entity_id,enrichment_type,enrichment_json) VALUES ('enr_s16_market_6a3cc5f50fb45c37','seed_run_s16_market_batch2_20260502','organization','org_s16_market_6a3cc5f50fb45c37','seed_source_osm_market_ng_s16b_20260502','{"osm_id": "16067993", "osm_type": "relation", "amenity": "marketplace", "shop": "", "addr_state": "", "addr_lga": "", "operator": "", "opening_hours": ""}');

-- 282. Eke Main Market
INSERT OR IGNORE INTO organizations (id,tenant_id,organization_type,legal_name,display_name,registration_number,status,verification_state,created_at,updated_at) VALUES ('org_s16_market_69fb5e0bc1d1153d','tenant_platform_seed','market','Eke Main Market','Eke Main Market',NULL,'active','seeded',unixepoch(),unixepoch());
INSERT OR IGNORE INTO profiles (id,subject_id,subject_type,primary_place_id,tenant_id,workspace_id,display_name,created_at,updated_at) VALUES ('prof_s16_market_69fb5e0bc1d1153d','org_s16_market_69fb5e0bc1d1153d','organization','place_nigeria_001','tenant_platform_seed','workspace_platform_seed_discovery','Eke Main Market',unixepoch(),unixepoch());
INSERT OR IGNORE INTO search_entries (id,profile_id,display_name,keywords,ancestry_path,vertical,created_at,updated_at) VALUES ('se_s16_market_69fb5e0bc1d1153d','prof_s16_market_69fb5e0bc1d1153d','Eke Main Market','eke main market market market marketplace plaza mall trading centre nigeria','place_nigeria_001','commerce',unixepoch(),unixepoch());
INSERT OR IGNORE INTO seed_ingestion_records (id,seed_run_id,entity_type,entity_id,source_id,status) VALUES ('ir_s16_market_69fb5e0bc1d1153d','seed_run_s16_market_batch2_20260502','organization','org_s16_market_69fb5e0bc1d1153d','seed_source_osm_market_ng_s16b_20260502','ingested');
INSERT OR IGNORE INTO seed_entity_sources (id,seed_run_id,entity_type,entity_id,source_id,confidence_tier) VALUES ('es_s16_market_69fb5e0bc1d1153d','seed_run_s16_market_batch2_20260502','organization','org_s16_market_69fb5e0bc1d1153d','seed_source_osm_market_ng_s16b_20260502','seeded');
INSERT OR IGNORE INTO seed_enrichment (id,seed_run_id,entity_type,entity_id,enrichment_type,enrichment_json) VALUES ('enr_s16_market_69fb5e0bc1d1153d','seed_run_s16_market_batch2_20260502','organization','org_s16_market_69fb5e0bc1d1153d','seed_source_osm_market_ng_s16b_20260502','{"osm_id": "16068000", "osm_type": "relation", "amenity": "marketplace", "shop": "", "addr_state": "", "addr_lga": "", "operator": "", "opening_hours": ""}');

-- 283. New Layout Ultramodern Market
INSERT OR IGNORE INTO organizations (id,tenant_id,organization_type,legal_name,display_name,registration_number,status,verification_state,created_at,updated_at) VALUES ('org_s16_market_2e257fa0de09b019','tenant_platform_seed','market','New Layout Ultramodern Market','New Layout Ultramodern Market',NULL,'active','seeded',unixepoch(),unixepoch());
INSERT OR IGNORE INTO profiles (id,subject_id,subject_type,primary_place_id,tenant_id,workspace_id,display_name,created_at,updated_at) VALUES ('prof_s16_market_2e257fa0de09b019','org_s16_market_2e257fa0de09b019','organization','place_nigeria_001','tenant_platform_seed','workspace_platform_seed_discovery','New Layout Ultramodern Market',unixepoch(),unixepoch());
INSERT OR IGNORE INTO search_entries (id,profile_id,display_name,keywords,ancestry_path,vertical,created_at,updated_at) VALUES ('se_s16_market_2e257fa0de09b019','prof_s16_market_2e257fa0de09b019','New Layout Ultramodern Market','new layout ultramodern market market market marketplace plaza mall trading centre nigeria','place_nigeria_001','commerce',unixepoch(),unixepoch());
INSERT OR IGNORE INTO seed_ingestion_records (id,seed_run_id,entity_type,entity_id,source_id,status) VALUES ('ir_s16_market_2e257fa0de09b019','seed_run_s16_market_batch2_20260502','organization','org_s16_market_2e257fa0de09b019','seed_source_osm_market_ng_s16b_20260502','ingested');
INSERT OR IGNORE INTO seed_entity_sources (id,seed_run_id,entity_type,entity_id,source_id,confidence_tier) VALUES ('es_s16_market_2e257fa0de09b019','seed_run_s16_market_batch2_20260502','organization','org_s16_market_2e257fa0de09b019','seed_source_osm_market_ng_s16b_20260502','seeded');
INSERT OR IGNORE INTO seed_enrichment (id,seed_run_id,entity_type,entity_id,enrichment_type,enrichment_json) VALUES ('enr_s16_market_2e257fa0de09b019','seed_run_s16_market_batch2_20260502','organization','org_s16_market_2e257fa0de09b019','seed_source_osm_market_ng_s16b_20260502','{"osm_id": "19009817", "osm_type": "relation", "amenity": "marketplace", "shop": "", "addr_state": "", "addr_lga": "", "operator": "", "opening_hours": ""}');

COMMIT;
