-- ============================================================
-- Migration 0541: Petrol & Fuel Stations Deep Extraction
-- Generated: 2026-05-02 | Records: 50
-- Source: OpenStreetMap Nigeria (Overpass API — amenity=fuel, new OSM IDs not in 0488)
-- Brands: NNPC, Total, Mobil, Oando, MRS, Conoil, Nipco, independents
-- OSM data © OpenStreetMap contributors, ODbL licence
-- Idempotent: all inserts use INSERT OR IGNORE
-- ============================================================
PRAGMA journal_mode=WAL;
PRAGMA synchronous=NORMAL;
BEGIN TRANSACTION;
INSERT OR IGNORE INTO seed_sources (id,label,source_type,url,confidence_tier,notes) VALUES ('seed_source_osm_fuel_ng_s19_20260502','OpenStreetMap Nigeria — Petrol & Fuel Stations (deep)','osm_extract','https://overpass-api.de','seeded','OSM ODbL — amenity=fuel/filling_station — new OSM IDs not in 0488 — Overpass 2026-05-02');
INSERT OR IGNORE INTO seed_runs (id,label,phase,status,started_at,completed_at) VALUES ('seed_run_s19_fuel_20260502','S19 OSM Nigeria Petrol & Fuel Stations (deep) 2026-05-02','S19','completed',unixepoch(),unixepoch());
INSERT OR IGNORE INTO seed_raw_artifacts (id,seed_run_id,artifact_type,file_path,content_hash,row_count,notes) VALUES ('seed_artifact_s19_fuel_20260502','seed_run_s19_fuel_20260502','normalized','infra/db/seed/sources',NULL,50,'Auto-generated from Overpass API 2026-05-02 — 50 new stations not in migration 0488');

-- 1. Teasy Mobile
INSERT OR IGNORE INTO organizations (id,tenant_id,organization_type,legal_name,display_name,registration_number,status,verification_state,created_at,updated_at) VALUES ('org_s19_fuel_dc53b631ad00217f','tenant_platform_seed','fuel_station','Teasy Mobile','Teasy Mobile',NULL,'active','seeded',unixepoch(),unixepoch());
INSERT OR IGNORE INTO profiles (id,subject_id,subject_type,primary_place_id,tenant_id,workspace_id,display_name,created_at,updated_at) VALUES ('prof_s19_fuel_dc53b631ad00217f','org_s19_fuel_dc53b631ad00217f','organization','place_nigeria_001','tenant_platform_seed','workspace_platform_seed_discovery','Teasy Mobile',unixepoch(),unixepoch());
INSERT OR IGNORE INTO search_entries (id,profile_id,display_name,keywords,ancestry_path,vertical,created_at,updated_at) VALUES ('se_s19_fuel_dc53b631ad00217f','prof_s19_fuel_dc53b631ad00217f','Teasy Mobile','teasy mobile fuel petrol station filling station  nigeria  abuja','place_nigeria_001','commerce',unixepoch(),unixepoch());
INSERT OR IGNORE INTO seed_ingestion_records (id,seed_run_id,entity_type,entity_id,source_id,status) VALUES ('ir_s19_fuel_dc53b631ad00217f','seed_run_s19_fuel_20260502','organization','org_s19_fuel_dc53b631ad00217f','seed_source_osm_fuel_ng_s19_20260502','ingested');
INSERT OR IGNORE INTO seed_entity_sources (id,seed_run_id,entity_type,entity_id,source_id,confidence_tier) VALUES ('es_s19_fuel_dc53b631ad00217f','seed_run_s19_fuel_20260502','organization','org_s19_fuel_dc53b631ad00217f','seed_source_osm_fuel_ng_s19_20260502','seeded');
INSERT OR IGNORE INTO seed_enrichment (id,seed_run_id,entity_type,entity_id,enrichment_type,enrichment_json) VALUES ('enr_s19_fuel_dc53b631ad00217f','seed_run_s19_fuel_20260502','organization','org_s19_fuel_dc53b631ad00217f','seed_source_osm_fuel_ng_s19_20260502','{"osm_id": "2767110465", "osm_type": "node", "amenity": "fuel", "brand": "", "opening_hours": "", "addr_state": "", "addr_lga": "Abuja"}');

-- 2. Kappan Filling Station
INSERT OR IGNORE INTO organizations (id,tenant_id,organization_type,legal_name,display_name,registration_number,status,verification_state,created_at,updated_at) VALUES ('org_s19_fuel_a376402f441882ad','tenant_platform_seed','fuel_station','Kappan Filling Station','Kappan Filling Station',NULL,'active','seeded',unixepoch(),unixepoch());
INSERT OR IGNORE INTO profiles (id,subject_id,subject_type,primary_place_id,tenant_id,workspace_id,display_name,created_at,updated_at) VALUES ('prof_s19_fuel_a376402f441882ad','org_s19_fuel_a376402f441882ad','organization','place_nigeria_001','tenant_platform_seed','workspace_platform_seed_discovery','Kappan Filling Station',unixepoch(),unixepoch());
INSERT OR IGNORE INTO search_entries (id,profile_id,display_name,keywords,ancestry_path,vertical,created_at,updated_at) VALUES ('se_s19_fuel_a376402f441882ad','prof_s19_fuel_a376402f441882ad','Kappan Filling Station','kappan filling station fuel petrol station filling station  nigeria','place_nigeria_001','commerce',unixepoch(),unixepoch());
INSERT OR IGNORE INTO seed_ingestion_records (id,seed_run_id,entity_type,entity_id,source_id,status) VALUES ('ir_s19_fuel_a376402f441882ad','seed_run_s19_fuel_20260502','organization','org_s19_fuel_a376402f441882ad','seed_source_osm_fuel_ng_s19_20260502','ingested');
INSERT OR IGNORE INTO seed_entity_sources (id,seed_run_id,entity_type,entity_id,source_id,confidence_tier) VALUES ('es_s19_fuel_a376402f441882ad','seed_run_s19_fuel_20260502','organization','org_s19_fuel_a376402f441882ad','seed_source_osm_fuel_ng_s19_20260502','seeded');
INSERT OR IGNORE INTO seed_enrichment (id,seed_run_id,entity_type,entity_id,enrichment_type,enrichment_json) VALUES ('enr_s19_fuel_a376402f441882ad','seed_run_s19_fuel_20260502','organization','org_s19_fuel_a376402f441882ad','seed_source_osm_fuel_ng_s19_20260502','{"osm_id": "3084907698", "osm_type": "node", "amenity": "fuel", "brand": "", "opening_hours": "", "addr_state": "", "addr_lga": ""}');

-- 3. Anetosh Global Ltd. Filling Station
INSERT OR IGNORE INTO organizations (id,tenant_id,organization_type,legal_name,display_name,registration_number,status,verification_state,created_at,updated_at) VALUES ('org_s19_fuel_882a010a81f127f4','tenant_platform_seed','fuel_station','Anetosh Global Ltd. Filling Station','Anetosh Global Ltd. Filling Station',NULL,'active','seeded',unixepoch(),unixepoch());
INSERT OR IGNORE INTO profiles (id,subject_id,subject_type,primary_place_id,tenant_id,workspace_id,display_name,created_at,updated_at) VALUES ('prof_s19_fuel_882a010a81f127f4','org_s19_fuel_882a010a81f127f4','organization','place_nigeria_001','tenant_platform_seed','workspace_platform_seed_discovery','Anetosh Global Ltd. Filling Station',unixepoch(),unixepoch());
INSERT OR IGNORE INTO search_entries (id,profile_id,display_name,keywords,ancestry_path,vertical,created_at,updated_at) VALUES ('se_s19_fuel_882a010a81f127f4','prof_s19_fuel_882a010a81f127f4','Anetosh Global Ltd. Filling Station','anetosh global ltd. filling station fuel petrol station filling station  nigeria','place_nigeria_001','commerce',unixepoch(),unixepoch());
INSERT OR IGNORE INTO seed_ingestion_records (id,seed_run_id,entity_type,entity_id,source_id,status) VALUES ('ir_s19_fuel_882a010a81f127f4','seed_run_s19_fuel_20260502','organization','org_s19_fuel_882a010a81f127f4','seed_source_osm_fuel_ng_s19_20260502','ingested');
INSERT OR IGNORE INTO seed_entity_sources (id,seed_run_id,entity_type,entity_id,source_id,confidence_tier) VALUES ('es_s19_fuel_882a010a81f127f4','seed_run_s19_fuel_20260502','organization','org_s19_fuel_882a010a81f127f4','seed_source_osm_fuel_ng_s19_20260502','seeded');
INSERT OR IGNORE INTO seed_enrichment (id,seed_run_id,entity_type,entity_id,enrichment_type,enrichment_json) VALUES ('enr_s19_fuel_882a010a81f127f4','seed_run_s19_fuel_20260502','organization','org_s19_fuel_882a010a81f127f4','seed_source_osm_fuel_ng_s19_20260502','{"osm_id": "3084908547", "osm_type": "node", "amenity": "fuel", "brand": "", "opening_hours": "", "addr_state": "", "addr_lga": ""}');

-- 4. Kicks Filling Station
INSERT OR IGNORE INTO organizations (id,tenant_id,organization_type,legal_name,display_name,registration_number,status,verification_state,created_at,updated_at) VALUES ('org_s19_fuel_71ad5b6eed8de3ef','tenant_platform_seed','fuel_station','Kicks Filling Station','Kicks Filling Station',NULL,'active','seeded',unixepoch(),unixepoch());
INSERT OR IGNORE INTO profiles (id,subject_id,subject_type,primary_place_id,tenant_id,workspace_id,display_name,created_at,updated_at) VALUES ('prof_s19_fuel_71ad5b6eed8de3ef','org_s19_fuel_71ad5b6eed8de3ef','organization','place_nigeria_001','tenant_platform_seed','workspace_platform_seed_discovery','Kicks Filling Station',unixepoch(),unixepoch());
INSERT OR IGNORE INTO search_entries (id,profile_id,display_name,keywords,ancestry_path,vertical,created_at,updated_at) VALUES ('se_s19_fuel_71ad5b6eed8de3ef','prof_s19_fuel_71ad5b6eed8de3ef','Kicks Filling Station','kicks filling station fuel petrol station filling station  nigeria','place_nigeria_001','commerce',unixepoch(),unixepoch());
INSERT OR IGNORE INTO seed_ingestion_records (id,seed_run_id,entity_type,entity_id,source_id,status) VALUES ('ir_s19_fuel_71ad5b6eed8de3ef','seed_run_s19_fuel_20260502','organization','org_s19_fuel_71ad5b6eed8de3ef','seed_source_osm_fuel_ng_s19_20260502','ingested');
INSERT OR IGNORE INTO seed_entity_sources (id,seed_run_id,entity_type,entity_id,source_id,confidence_tier) VALUES ('es_s19_fuel_71ad5b6eed8de3ef','seed_run_s19_fuel_20260502','organization','org_s19_fuel_71ad5b6eed8de3ef','seed_source_osm_fuel_ng_s19_20260502','seeded');
INSERT OR IGNORE INTO seed_enrichment (id,seed_run_id,entity_type,entity_id,enrichment_type,enrichment_json) VALUES ('enr_s19_fuel_71ad5b6eed8de3ef','seed_run_s19_fuel_20260502','organization','org_s19_fuel_71ad5b6eed8de3ef','seed_source_osm_fuel_ng_s19_20260502','{"osm_id": "3084918065", "osm_type": "node", "amenity": "fuel", "brand": "", "opening_hours": "", "addr_state": "", "addr_lga": ""}');

-- 5. Total Garden Roundabout
INSERT OR IGNORE INTO organizations (id,tenant_id,organization_type,legal_name,display_name,registration_number,status,verification_state,created_at,updated_at) VALUES ('org_s19_fuel_fa54f2af965c456a','tenant_platform_seed','fuel_station','Total Garden Roundabout','Total Garden Roundabout',NULL,'active','seeded',unixepoch(),unixepoch());
INSERT OR IGNORE INTO profiles (id,subject_id,subject_type,primary_place_id,tenant_id,workspace_id,display_name,created_at,updated_at) VALUES ('prof_s19_fuel_fa54f2af965c456a','org_s19_fuel_fa54f2af965c456a','organization','place_nigeria_001','tenant_platform_seed','workspace_platform_seed_discovery','Total Garden Roundabout',unixepoch(),unixepoch());
INSERT OR IGNORE INTO search_entries (id,profile_id,display_name,keywords,ancestry_path,vertical,created_at,updated_at) VALUES ('se_s19_fuel_fa54f2af965c456a','prof_s19_fuel_fa54f2af965c456a','Total Garden Roundabout','total garden roundabout fuel petrol station filling station  nigeria','place_nigeria_001','commerce',unixepoch(),unixepoch());
INSERT OR IGNORE INTO seed_ingestion_records (id,seed_run_id,entity_type,entity_id,source_id,status) VALUES ('ir_s19_fuel_fa54f2af965c456a','seed_run_s19_fuel_20260502','organization','org_s19_fuel_fa54f2af965c456a','seed_source_osm_fuel_ng_s19_20260502','ingested');
INSERT OR IGNORE INTO seed_entity_sources (id,seed_run_id,entity_type,entity_id,source_id,confidence_tier) VALUES ('es_s19_fuel_fa54f2af965c456a','seed_run_s19_fuel_20260502','organization','org_s19_fuel_fa54f2af965c456a','seed_source_osm_fuel_ng_s19_20260502','seeded');
INSERT OR IGNORE INTO seed_enrichment (id,seed_run_id,entity_type,entity_id,enrichment_type,enrichment_json) VALUES ('enr_s19_fuel_fa54f2af965c456a','seed_run_s19_fuel_20260502','organization','org_s19_fuel_fa54f2af965c456a','seed_source_osm_fuel_ng_s19_20260502','{"osm_id": "3085087847", "osm_type": "node", "amenity": "fuel", "brand": "", "opening_hours": "", "addr_state": "", "addr_lga": ""}');

-- 6. Mobile
INSERT OR IGNORE INTO organizations (id,tenant_id,organization_type,legal_name,display_name,registration_number,status,verification_state,created_at,updated_at) VALUES ('org_s19_fuel_142aa993ca9770f6','tenant_platform_seed','fuel_station','Mobile','Mobile',NULL,'active','seeded',unixepoch(),unixepoch());
INSERT OR IGNORE INTO profiles (id,subject_id,subject_type,primary_place_id,tenant_id,workspace_id,display_name,created_at,updated_at) VALUES ('prof_s19_fuel_142aa993ca9770f6','org_s19_fuel_142aa993ca9770f6','organization','place_nigeria_001','tenant_platform_seed','workspace_platform_seed_discovery','Mobile',unixepoch(),unixepoch());
INSERT OR IGNORE INTO search_entries (id,profile_id,display_name,keywords,ancestry_path,vertical,created_at,updated_at) VALUES ('se_s19_fuel_142aa993ca9770f6','prof_s19_fuel_142aa993ca9770f6','Mobile','mobile fuel petrol station filling station  nigeria','place_nigeria_001','commerce',unixepoch(),unixepoch());
INSERT OR IGNORE INTO seed_ingestion_records (id,seed_run_id,entity_type,entity_id,source_id,status) VALUES ('ir_s19_fuel_142aa993ca9770f6','seed_run_s19_fuel_20260502','organization','org_s19_fuel_142aa993ca9770f6','seed_source_osm_fuel_ng_s19_20260502','ingested');
INSERT OR IGNORE INTO seed_entity_sources (id,seed_run_id,entity_type,entity_id,source_id,confidence_tier) VALUES ('es_s19_fuel_142aa993ca9770f6','seed_run_s19_fuel_20260502','organization','org_s19_fuel_142aa993ca9770f6','seed_source_osm_fuel_ng_s19_20260502','seeded');
INSERT OR IGNORE INTO seed_enrichment (id,seed_run_id,entity_type,entity_id,enrichment_type,enrichment_json) VALUES ('enr_s19_fuel_142aa993ca9770f6','seed_run_s19_fuel_20260502','organization','org_s19_fuel_142aa993ca9770f6','seed_source_osm_fuel_ng_s19_20260502','{"osm_id": "3440692119", "osm_type": "node", "amenity": "fuel", "brand": "", "opening_hours": "", "addr_state": "", "addr_lga": ""}');

-- 7. Mobile Police Barack
INSERT OR IGNORE INTO organizations (id,tenant_id,organization_type,legal_name,display_name,registration_number,status,verification_state,created_at,updated_at) VALUES ('org_s19_fuel_bd9c6bd850b6c0c9','tenant_platform_seed','fuel_station','Mobile Police Barack','Mobile Police Barack',NULL,'active','seeded',unixepoch(),unixepoch());
INSERT OR IGNORE INTO profiles (id,subject_id,subject_type,primary_place_id,tenant_id,workspace_id,display_name,created_at,updated_at) VALUES ('prof_s19_fuel_bd9c6bd850b6c0c9','org_s19_fuel_bd9c6bd850b6c0c9','organization','place_nigeria_001','tenant_platform_seed','workspace_platform_seed_discovery','Mobile Police Barack',unixepoch(),unixepoch());
INSERT OR IGNORE INTO search_entries (id,profile_id,display_name,keywords,ancestry_path,vertical,created_at,updated_at) VALUES ('se_s19_fuel_bd9c6bd850b6c0c9','prof_s19_fuel_bd9c6bd850b6c0c9','Mobile Police Barack','mobile police barack fuel petrol station filling station  nigeria','place_nigeria_001','commerce',unixepoch(),unixepoch());
INSERT OR IGNORE INTO seed_ingestion_records (id,seed_run_id,entity_type,entity_id,source_id,status) VALUES ('ir_s19_fuel_bd9c6bd850b6c0c9','seed_run_s19_fuel_20260502','organization','org_s19_fuel_bd9c6bd850b6c0c9','seed_source_osm_fuel_ng_s19_20260502','ingested');
INSERT OR IGNORE INTO seed_entity_sources (id,seed_run_id,entity_type,entity_id,source_id,confidence_tier) VALUES ('es_s19_fuel_bd9c6bd850b6c0c9','seed_run_s19_fuel_20260502','organization','org_s19_fuel_bd9c6bd850b6c0c9','seed_source_osm_fuel_ng_s19_20260502','seeded');
INSERT OR IGNORE INTO seed_enrichment (id,seed_run_id,entity_type,entity_id,enrichment_type,enrichment_json) VALUES ('enr_s19_fuel_bd9c6bd850b6c0c9','seed_run_s19_fuel_20260502','organization','org_s19_fuel_bd9c6bd850b6c0c9','seed_source_osm_fuel_ng_s19_20260502','{"osm_id": "3445318011", "osm_type": "node", "amenity": "fuel", "brand": "", "opening_hours": "", "addr_state": "", "addr_lga": ""}');

-- 8. 9mobile
INSERT OR IGNORE INTO organizations (id,tenant_id,organization_type,legal_name,display_name,registration_number,status,verification_state,created_at,updated_at) VALUES ('org_s19_fuel_b7eee287ee9b91a3','tenant_platform_seed','fuel_station','9mobile','9mobile',NULL,'active','seeded',unixepoch(),unixepoch());
INSERT OR IGNORE INTO profiles (id,subject_id,subject_type,primary_place_id,tenant_id,workspace_id,display_name,created_at,updated_at) VALUES ('prof_s19_fuel_b7eee287ee9b91a3','org_s19_fuel_b7eee287ee9b91a3','organization','place_nigeria_001','tenant_platform_seed','workspace_platform_seed_discovery','9mobile',unixepoch(),unixepoch());
INSERT OR IGNORE INTO search_entries (id,profile_id,display_name,keywords,ancestry_path,vertical,created_at,updated_at) VALUES ('se_s19_fuel_b7eee287ee9b91a3','prof_s19_fuel_b7eee287ee9b91a3','9mobile','9mobile fuel petrol station filling station  nigeria','place_nigeria_001','commerce',unixepoch(),unixepoch());
INSERT OR IGNORE INTO seed_ingestion_records (id,seed_run_id,entity_type,entity_id,source_id,status) VALUES ('ir_s19_fuel_b7eee287ee9b91a3','seed_run_s19_fuel_20260502','organization','org_s19_fuel_b7eee287ee9b91a3','seed_source_osm_fuel_ng_s19_20260502','ingested');
INSERT OR IGNORE INTO seed_entity_sources (id,seed_run_id,entity_type,entity_id,source_id,confidence_tier) VALUES ('es_s19_fuel_b7eee287ee9b91a3','seed_run_s19_fuel_20260502','organization','org_s19_fuel_b7eee287ee9b91a3','seed_source_osm_fuel_ng_s19_20260502','seeded');
INSERT OR IGNORE INTO seed_enrichment (id,seed_run_id,entity_type,entity_id,enrichment_type,enrichment_json) VALUES ('enr_s19_fuel_b7eee287ee9b91a3','seed_run_s19_fuel_20260502','organization','org_s19_fuel_b7eee287ee9b91a3','seed_source_osm_fuel_ng_s19_20260502','{"osm_id": "5142959399", "osm_type": "node", "amenity": "fuel", "brand": "", "opening_hours": "", "addr_state": "", "addr_lga": ""}');

-- 9. 13 NNPC Housing Complex Road
INSERT OR IGNORE INTO organizations (id,tenant_id,organization_type,legal_name,display_name,registration_number,status,verification_state,created_at,updated_at) VALUES ('org_s19_fuel_4acd7d8724726a25','tenant_platform_seed','fuel_station','13 NNPC Housing Complex Road','13 NNPC Housing Complex Road',NULL,'active','seeded',unixepoch(),unixepoch());
INSERT OR IGNORE INTO profiles (id,subject_id,subject_type,primary_place_id,tenant_id,workspace_id,display_name,created_at,updated_at) VALUES ('prof_s19_fuel_4acd7d8724726a25','org_s19_fuel_4acd7d8724726a25','organization','place_nigeria_001','tenant_platform_seed','workspace_platform_seed_discovery','13 NNPC Housing Complex Road',unixepoch(),unixepoch());
INSERT OR IGNORE INTO search_entries (id,profile_id,display_name,keywords,ancestry_path,vertical,created_at,updated_at) VALUES ('se_s19_fuel_4acd7d8724726a25','prof_s19_fuel_4acd7d8724726a25','13 NNPC Housing Complex Road','13 nnpc housing complex road fuel petrol station filling station  nigeria','place_nigeria_001','commerce',unixepoch(),unixepoch());
INSERT OR IGNORE INTO seed_ingestion_records (id,seed_run_id,entity_type,entity_id,source_id,status) VALUES ('ir_s19_fuel_4acd7d8724726a25','seed_run_s19_fuel_20260502','organization','org_s19_fuel_4acd7d8724726a25','seed_source_osm_fuel_ng_s19_20260502','ingested');
INSERT OR IGNORE INTO seed_entity_sources (id,seed_run_id,entity_type,entity_id,source_id,confidence_tier) VALUES ('es_s19_fuel_4acd7d8724726a25','seed_run_s19_fuel_20260502','organization','org_s19_fuel_4acd7d8724726a25','seed_source_osm_fuel_ng_s19_20260502','seeded');
INSERT OR IGNORE INTO seed_enrichment (id,seed_run_id,entity_type,entity_id,enrichment_type,enrichment_json) VALUES ('enr_s19_fuel_4acd7d8724726a25','seed_run_s19_fuel_20260502','organization','org_s19_fuel_4acd7d8724726a25','seed_source_osm_fuel_ng_s19_20260502','{"osm_id": "5446406433", "osm_type": "node", "amenity": "fuel", "brand": "", "opening_hours": "", "addr_state": "", "addr_lga": ""}');

-- 10. 19 NNPC Housing Complex Road
INSERT OR IGNORE INTO organizations (id,tenant_id,organization_type,legal_name,display_name,registration_number,status,verification_state,created_at,updated_at) VALUES ('org_s19_fuel_a18cb762c9d5d12b','tenant_platform_seed','fuel_station','19 NNPC Housing Complex Road','19 NNPC Housing Complex Road',NULL,'active','seeded',unixepoch(),unixepoch());
INSERT OR IGNORE INTO profiles (id,subject_id,subject_type,primary_place_id,tenant_id,workspace_id,display_name,created_at,updated_at) VALUES ('prof_s19_fuel_a18cb762c9d5d12b','org_s19_fuel_a18cb762c9d5d12b','organization','place_nigeria_001','tenant_platform_seed','workspace_platform_seed_discovery','19 NNPC Housing Complex Road',unixepoch(),unixepoch());
INSERT OR IGNORE INTO search_entries (id,profile_id,display_name,keywords,ancestry_path,vertical,created_at,updated_at) VALUES ('se_s19_fuel_a18cb762c9d5d12b','prof_s19_fuel_a18cb762c9d5d12b','19 NNPC Housing Complex Road','19 nnpc housing complex road fuel petrol station filling station  nigeria','place_nigeria_001','commerce',unixepoch(),unixepoch());
INSERT OR IGNORE INTO seed_ingestion_records (id,seed_run_id,entity_type,entity_id,source_id,status) VALUES ('ir_s19_fuel_a18cb762c9d5d12b','seed_run_s19_fuel_20260502','organization','org_s19_fuel_a18cb762c9d5d12b','seed_source_osm_fuel_ng_s19_20260502','ingested');
INSERT OR IGNORE INTO seed_entity_sources (id,seed_run_id,entity_type,entity_id,source_id,confidence_tier) VALUES ('es_s19_fuel_a18cb762c9d5d12b','seed_run_s19_fuel_20260502','organization','org_s19_fuel_a18cb762c9d5d12b','seed_source_osm_fuel_ng_s19_20260502','seeded');
INSERT OR IGNORE INTO seed_enrichment (id,seed_run_id,entity_type,entity_id,enrichment_type,enrichment_json) VALUES ('enr_s19_fuel_a18cb762c9d5d12b','seed_run_s19_fuel_20260502','organization','org_s19_fuel_a18cb762c9d5d12b','seed_source_osm_fuel_ng_s19_20260502','{"osm_id": "5446406622", "osm_type": "node", "amenity": "fuel", "brand": "", "opening_hours": "", "addr_state": "", "addr_lga": ""}');

-- 11. 27 NNPC Housing Complex Road
INSERT OR IGNORE INTO organizations (id,tenant_id,organization_type,legal_name,display_name,registration_number,status,verification_state,created_at,updated_at) VALUES ('org_s19_fuel_08e10f7e2edb6a44','tenant_platform_seed','fuel_station','27 NNPC Housing Complex Road','27 NNPC Housing Complex Road',NULL,'active','seeded',unixepoch(),unixepoch());
INSERT OR IGNORE INTO profiles (id,subject_id,subject_type,primary_place_id,tenant_id,workspace_id,display_name,created_at,updated_at) VALUES ('prof_s19_fuel_08e10f7e2edb6a44','org_s19_fuel_08e10f7e2edb6a44','organization','place_nigeria_001','tenant_platform_seed','workspace_platform_seed_discovery','27 NNPC Housing Complex Road',unixepoch(),unixepoch());
INSERT OR IGNORE INTO search_entries (id,profile_id,display_name,keywords,ancestry_path,vertical,created_at,updated_at) VALUES ('se_s19_fuel_08e10f7e2edb6a44','prof_s19_fuel_08e10f7e2edb6a44','27 NNPC Housing Complex Road','27 nnpc housing complex road fuel petrol station filling station  nigeria','place_nigeria_001','commerce',unixepoch(),unixepoch());
INSERT OR IGNORE INTO seed_ingestion_records (id,seed_run_id,entity_type,entity_id,source_id,status) VALUES ('ir_s19_fuel_08e10f7e2edb6a44','seed_run_s19_fuel_20260502','organization','org_s19_fuel_08e10f7e2edb6a44','seed_source_osm_fuel_ng_s19_20260502','ingested');
INSERT OR IGNORE INTO seed_entity_sources (id,seed_run_id,entity_type,entity_id,source_id,confidence_tier) VALUES ('es_s19_fuel_08e10f7e2edb6a44','seed_run_s19_fuel_20260502','organization','org_s19_fuel_08e10f7e2edb6a44','seed_source_osm_fuel_ng_s19_20260502','seeded');
INSERT OR IGNORE INTO seed_enrichment (id,seed_run_id,entity_type,entity_id,enrichment_type,enrichment_json) VALUES ('enr_s19_fuel_08e10f7e2edb6a44','seed_run_s19_fuel_20260502','organization','org_s19_fuel_08e10f7e2edb6a44','seed_source_osm_fuel_ng_s19_20260502','{"osm_id": "5457838122", "osm_type": "node", "amenity": "fuel", "brand": "", "opening_hours": "", "addr_state": "", "addr_lga": ""}');

-- 12. Lugin Automobile Technical Workshop
INSERT OR IGNORE INTO organizations (id,tenant_id,organization_type,legal_name,display_name,registration_number,status,verification_state,created_at,updated_at) VALUES ('org_s19_fuel_b2d9aafe386ae3d1','tenant_platform_seed','fuel_station','Lugin Automobile Technical Workshop','Lugin Automobile Technical Workshop',NULL,'active','seeded',unixepoch(),unixepoch());
INSERT OR IGNORE INTO profiles (id,subject_id,subject_type,primary_place_id,tenant_id,workspace_id,display_name,created_at,updated_at) VALUES ('prof_s19_fuel_b2d9aafe386ae3d1','org_s19_fuel_b2d9aafe386ae3d1','organization','place_nigeria_001','tenant_platform_seed','workspace_platform_seed_discovery','Lugin Automobile Technical Workshop',unixepoch(),unixepoch());
INSERT OR IGNORE INTO search_entries (id,profile_id,display_name,keywords,ancestry_path,vertical,created_at,updated_at) VALUES ('se_s19_fuel_b2d9aafe386ae3d1','prof_s19_fuel_b2d9aafe386ae3d1','Lugin Automobile Technical Workshop','lugin automobile technical workshop fuel petrol station filling station  nigeria','place_nigeria_001','commerce',unixepoch(),unixepoch());
INSERT OR IGNORE INTO seed_ingestion_records (id,seed_run_id,entity_type,entity_id,source_id,status) VALUES ('ir_s19_fuel_b2d9aafe386ae3d1','seed_run_s19_fuel_20260502','organization','org_s19_fuel_b2d9aafe386ae3d1','seed_source_osm_fuel_ng_s19_20260502','ingested');
INSERT OR IGNORE INTO seed_entity_sources (id,seed_run_id,entity_type,entity_id,source_id,confidence_tier) VALUES ('es_s19_fuel_b2d9aafe386ae3d1','seed_run_s19_fuel_20260502','organization','org_s19_fuel_b2d9aafe386ae3d1','seed_source_osm_fuel_ng_s19_20260502','seeded');
INSERT OR IGNORE INTO seed_enrichment (id,seed_run_id,entity_type,entity_id,enrichment_type,enrichment_json) VALUES ('enr_s19_fuel_b2d9aafe386ae3d1','seed_run_s19_fuel_20260502','organization','org_s19_fuel_b2d9aafe386ae3d1','seed_source_osm_fuel_ng_s19_20260502','{"osm_id": "5553352901", "osm_type": "node", "amenity": "fuel", "brand": "", "opening_hours": "", "addr_state": "", "addr_lga": ""}');

-- 13. NNPC Housing Multipurpose Coop Society
INSERT OR IGNORE INTO organizations (id,tenant_id,organization_type,legal_name,display_name,registration_number,status,verification_state,created_at,updated_at) VALUES ('org_s19_fuel_1b2208842799281d','tenant_platform_seed','fuel_station','NNPC Housing Multipurpose Coop Society','NNPC Housing Multipurpose Coop Society',NULL,'active','seeded',unixepoch(),unixepoch());
INSERT OR IGNORE INTO profiles (id,subject_id,subject_type,primary_place_id,tenant_id,workspace_id,display_name,created_at,updated_at) VALUES ('prof_s19_fuel_1b2208842799281d','org_s19_fuel_1b2208842799281d','organization','place_nigeria_001','tenant_platform_seed','workspace_platform_seed_discovery','NNPC Housing Multipurpose Coop Society',unixepoch(),unixepoch());
INSERT OR IGNORE INTO search_entries (id,profile_id,display_name,keywords,ancestry_path,vertical,created_at,updated_at) VALUES ('se_s19_fuel_1b2208842799281d','prof_s19_fuel_1b2208842799281d','NNPC Housing Multipurpose Coop Society','nnpc housing multipurpose coop society fuel petrol station filling station  nigeria','place_nigeria_001','commerce',unixepoch(),unixepoch());
INSERT OR IGNORE INTO seed_ingestion_records (id,seed_run_id,entity_type,entity_id,source_id,status) VALUES ('ir_s19_fuel_1b2208842799281d','seed_run_s19_fuel_20260502','organization','org_s19_fuel_1b2208842799281d','seed_source_osm_fuel_ng_s19_20260502','ingested');
INSERT OR IGNORE INTO seed_entity_sources (id,seed_run_id,entity_type,entity_id,source_id,confidence_tier) VALUES ('es_s19_fuel_1b2208842799281d','seed_run_s19_fuel_20260502','organization','org_s19_fuel_1b2208842799281d','seed_source_osm_fuel_ng_s19_20260502','seeded');
INSERT OR IGNORE INTO seed_enrichment (id,seed_run_id,entity_type,entity_id,enrichment_type,enrichment_json) VALUES ('enr_s19_fuel_1b2208842799281d','seed_run_s19_fuel_20260502','organization','org_s19_fuel_1b2208842799281d','seed_source_osm_fuel_ng_s19_20260502','{"osm_id": "5580006121", "osm_type": "node", "amenity": "fuel", "brand": "", "opening_hours": "", "addr_state": "", "addr_lga": ""}');

-- 14. Samsung Mobile
INSERT OR IGNORE INTO organizations (id,tenant_id,organization_type,legal_name,display_name,registration_number,status,verification_state,created_at,updated_at) VALUES ('org_s19_fuel_53eaf17f531fcfb8','tenant_platform_seed','fuel_station','Samsung Mobile','Samsung Mobile',NULL,'active','seeded',unixepoch(),unixepoch());
INSERT OR IGNORE INTO profiles (id,subject_id,subject_type,primary_place_id,tenant_id,workspace_id,display_name,created_at,updated_at) VALUES ('prof_s19_fuel_53eaf17f531fcfb8','org_s19_fuel_53eaf17f531fcfb8','organization','place_nigeria_001','tenant_platform_seed','workspace_platform_seed_discovery','Samsung Mobile',unixepoch(),unixepoch());
INSERT OR IGNORE INTO search_entries (id,profile_id,display_name,keywords,ancestry_path,vertical,created_at,updated_at) VALUES ('se_s19_fuel_53eaf17f531fcfb8','prof_s19_fuel_53eaf17f531fcfb8','Samsung Mobile','samsung mobile fuel petrol station filling station  nigeria','place_nigeria_001','commerce',unixepoch(),unixepoch());
INSERT OR IGNORE INTO seed_ingestion_records (id,seed_run_id,entity_type,entity_id,source_id,status) VALUES ('ir_s19_fuel_53eaf17f531fcfb8','seed_run_s19_fuel_20260502','organization','org_s19_fuel_53eaf17f531fcfb8','seed_source_osm_fuel_ng_s19_20260502','ingested');
INSERT OR IGNORE INTO seed_entity_sources (id,seed_run_id,entity_type,entity_id,source_id,confidence_tier) VALUES ('es_s19_fuel_53eaf17f531fcfb8','seed_run_s19_fuel_20260502','organization','org_s19_fuel_53eaf17f531fcfb8','seed_source_osm_fuel_ng_s19_20260502','seeded');
INSERT OR IGNORE INTO seed_enrichment (id,seed_run_id,entity_type,entity_id,enrichment_type,enrichment_json) VALUES ('enr_s19_fuel_53eaf17f531fcfb8','seed_run_s19_fuel_20260502','organization','org_s19_fuel_53eaf17f531fcfb8','seed_source_osm_fuel_ng_s19_20260502','{"osm_id": "5649292334", "osm_type": "node", "amenity": "fuel", "brand": "", "opening_hours": "", "addr_state": "", "addr_lga": ""}');

-- 15. Mobil Mart
INSERT OR IGNORE INTO organizations (id,tenant_id,organization_type,legal_name,display_name,registration_number,status,verification_state,created_at,updated_at) VALUES ('org_s19_fuel_3fee2e006ceb62f7','tenant_platform_seed','fuel_station','Mobil Mart','Mobil Mart',NULL,'active','seeded',unixepoch(),unixepoch());
INSERT OR IGNORE INTO profiles (id,subject_id,subject_type,primary_place_id,tenant_id,workspace_id,display_name,created_at,updated_at) VALUES ('prof_s19_fuel_3fee2e006ceb62f7','org_s19_fuel_3fee2e006ceb62f7','organization','place_nigeria_001','tenant_platform_seed','workspace_platform_seed_discovery','Mobil Mart',unixepoch(),unixepoch());
INSERT OR IGNORE INTO search_entries (id,profile_id,display_name,keywords,ancestry_path,vertical,created_at,updated_at) VALUES ('se_s19_fuel_3fee2e006ceb62f7','prof_s19_fuel_3fee2e006ceb62f7','Mobil Mart','mobil mart fuel petrol station filling station  nigeria','place_nigeria_001','commerce',unixepoch(),unixepoch());
INSERT OR IGNORE INTO seed_ingestion_records (id,seed_run_id,entity_type,entity_id,source_id,status) VALUES ('ir_s19_fuel_3fee2e006ceb62f7','seed_run_s19_fuel_20260502','organization','org_s19_fuel_3fee2e006ceb62f7','seed_source_osm_fuel_ng_s19_20260502','ingested');
INSERT OR IGNORE INTO seed_entity_sources (id,seed_run_id,entity_type,entity_id,source_id,confidence_tier) VALUES ('es_s19_fuel_3fee2e006ceb62f7','seed_run_s19_fuel_20260502','organization','org_s19_fuel_3fee2e006ceb62f7','seed_source_osm_fuel_ng_s19_20260502','seeded');
INSERT OR IGNORE INTO seed_enrichment (id,seed_run_id,entity_type,entity_id,enrichment_type,enrichment_json) VALUES ('enr_s19_fuel_3fee2e006ceb62f7','seed_run_s19_fuel_20260502','organization','org_s19_fuel_3fee2e006ceb62f7','seed_source_osm_fuel_ng_s19_20260502','{"osm_id": "5665787422", "osm_type": "node", "amenity": "fuel", "brand": "", "opening_hours": "", "addr_state": "", "addr_lga": ""}');

-- 16. MTN Mobile Money
INSERT OR IGNORE INTO organizations (id,tenant_id,organization_type,legal_name,display_name,registration_number,status,verification_state,created_at,updated_at) VALUES ('org_s19_fuel_dcfef6a9ec8e1890','tenant_platform_seed','fuel_station','MTN Mobile Money','MTN Mobile Money',NULL,'active','seeded',unixepoch(),unixepoch());
INSERT OR IGNORE INTO profiles (id,subject_id,subject_type,primary_place_id,tenant_id,workspace_id,display_name,created_at,updated_at) VALUES ('prof_s19_fuel_dcfef6a9ec8e1890','org_s19_fuel_dcfef6a9ec8e1890','organization','place_nigeria_001','tenant_platform_seed','workspace_platform_seed_discovery','MTN Mobile Money',unixepoch(),unixepoch());
INSERT OR IGNORE INTO search_entries (id,profile_id,display_name,keywords,ancestry_path,vertical,created_at,updated_at) VALUES ('se_s19_fuel_dcfef6a9ec8e1890','prof_s19_fuel_dcfef6a9ec8e1890','MTN Mobile Money','mtn mobile money fuel petrol station filling station  nigeria','place_nigeria_001','commerce',unixepoch(),unixepoch());
INSERT OR IGNORE INTO seed_ingestion_records (id,seed_run_id,entity_type,entity_id,source_id,status) VALUES ('ir_s19_fuel_dcfef6a9ec8e1890','seed_run_s19_fuel_20260502','organization','org_s19_fuel_dcfef6a9ec8e1890','seed_source_osm_fuel_ng_s19_20260502','ingested');
INSERT OR IGNORE INTO seed_entity_sources (id,seed_run_id,entity_type,entity_id,source_id,confidence_tier) VALUES ('es_s19_fuel_dcfef6a9ec8e1890','seed_run_s19_fuel_20260502','organization','org_s19_fuel_dcfef6a9ec8e1890','seed_source_osm_fuel_ng_s19_20260502','seeded');
INSERT OR IGNORE INTO seed_enrichment (id,seed_run_id,entity_type,entity_id,enrichment_type,enrichment_json) VALUES ('enr_s19_fuel_dcfef6a9ec8e1890','seed_run_s19_fuel_20260502','organization','org_s19_fuel_dcfef6a9ec8e1890','seed_source_osm_fuel_ng_s19_20260502','{"osm_id": "5739625739", "osm_type": "node", "amenity": "fuel", "brand": "", "opening_hours": "", "addr_state": "", "addr_lga": ""}');

-- 17. Automobile centre
INSERT OR IGNORE INTO organizations (id,tenant_id,organization_type,legal_name,display_name,registration_number,status,verification_state,created_at,updated_at) VALUES ('org_s19_fuel_20d27abe9cad590b','tenant_platform_seed','fuel_station','Automobile centre','Automobile centre',NULL,'active','seeded',unixepoch(),unixepoch());
INSERT OR IGNORE INTO profiles (id,subject_id,subject_type,primary_place_id,tenant_id,workspace_id,display_name,created_at,updated_at) VALUES ('prof_s19_fuel_20d27abe9cad590b','org_s19_fuel_20d27abe9cad590b','organization','place_nigeria_001','tenant_platform_seed','workspace_platform_seed_discovery','Automobile centre',unixepoch(),unixepoch());
INSERT OR IGNORE INTO search_entries (id,profile_id,display_name,keywords,ancestry_path,vertical,created_at,updated_at) VALUES ('se_s19_fuel_20d27abe9cad590b','prof_s19_fuel_20d27abe9cad590b','Automobile centre','automobile centre fuel petrol station filling station  nigeria','place_nigeria_001','commerce',unixepoch(),unixepoch());
INSERT OR IGNORE INTO seed_ingestion_records (id,seed_run_id,entity_type,entity_id,source_id,status) VALUES ('ir_s19_fuel_20d27abe9cad590b','seed_run_s19_fuel_20260502','organization','org_s19_fuel_20d27abe9cad590b','seed_source_osm_fuel_ng_s19_20260502','ingested');
INSERT OR IGNORE INTO seed_entity_sources (id,seed_run_id,entity_type,entity_id,source_id,confidence_tier) VALUES ('es_s19_fuel_20d27abe9cad590b','seed_run_s19_fuel_20260502','organization','org_s19_fuel_20d27abe9cad590b','seed_source_osm_fuel_ng_s19_20260502','seeded');
INSERT OR IGNORE INTO seed_enrichment (id,seed_run_id,entity_type,entity_id,enrichment_type,enrichment_json) VALUES ('enr_s19_fuel_20d27abe9cad590b','seed_run_s19_fuel_20260502','organization','org_s19_fuel_20d27abe9cad590b','seed_source_osm_fuel_ng_s19_20260502','{"osm_id": "5803882455", "osm_type": "node", "amenity": "fuel", "brand": "", "opening_hours": "", "addr_state": "", "addr_lga": ""}');

-- 18. MATRIX FILLING STATION
INSERT OR IGNORE INTO organizations (id,tenant_id,organization_type,legal_name,display_name,registration_number,status,verification_state,created_at,updated_at) VALUES ('org_s19_fuel_534d5c46d2f445c4','tenant_platform_seed','fuel_station','MATRIX FILLING STATION','MATRIX FILLING STATION',NULL,'active','seeded',unixepoch(),unixepoch());
INSERT OR IGNORE INTO profiles (id,subject_id,subject_type,primary_place_id,tenant_id,workspace_id,display_name,created_at,updated_at) VALUES ('prof_s19_fuel_534d5c46d2f445c4','org_s19_fuel_534d5c46d2f445c4','organization','place_nigeria_001','tenant_platform_seed','workspace_platform_seed_discovery','MATRIX FILLING STATION',unixepoch(),unixepoch());
INSERT OR IGNORE INTO search_entries (id,profile_id,display_name,keywords,ancestry_path,vertical,created_at,updated_at) VALUES ('se_s19_fuel_534d5c46d2f445c4','prof_s19_fuel_534d5c46d2f445c4','MATRIX FILLING STATION','matrix filling station fuel petrol station filling station  nigeria','place_nigeria_001','commerce',unixepoch(),unixepoch());
INSERT OR IGNORE INTO seed_ingestion_records (id,seed_run_id,entity_type,entity_id,source_id,status) VALUES ('ir_s19_fuel_534d5c46d2f445c4','seed_run_s19_fuel_20260502','organization','org_s19_fuel_534d5c46d2f445c4','seed_source_osm_fuel_ng_s19_20260502','ingested');
INSERT OR IGNORE INTO seed_entity_sources (id,seed_run_id,entity_type,entity_id,source_id,confidence_tier) VALUES ('es_s19_fuel_534d5c46d2f445c4','seed_run_s19_fuel_20260502','organization','org_s19_fuel_534d5c46d2f445c4','seed_source_osm_fuel_ng_s19_20260502','seeded');
INSERT OR IGNORE INTO seed_enrichment (id,seed_run_id,entity_type,entity_id,enrichment_type,enrichment_json) VALUES ('enr_s19_fuel_534d5c46d2f445c4','seed_run_s19_fuel_20260502','organization','org_s19_fuel_534d5c46d2f445c4','seed_source_osm_fuel_ng_s19_20260502','{"osm_id": "5888051892", "osm_type": "node", "amenity": "fuel", "brand": "", "opening_hours": "", "addr_state": "", "addr_lga": ""}');

-- 19. Musba'u Garba Fuel Station
INSERT OR IGNORE INTO organizations (id,tenant_id,organization_type,legal_name,display_name,registration_number,status,verification_state,created_at,updated_at) VALUES ('org_s19_fuel_11d9e70c7314ce88','tenant_platform_seed','fuel_station','Musba''u Garba Fuel Station','Musba''u Garba Fuel Station',NULL,'active','seeded',unixepoch(),unixepoch());
INSERT OR IGNORE INTO profiles (id,subject_id,subject_type,primary_place_id,tenant_id,workspace_id,display_name,created_at,updated_at) VALUES ('prof_s19_fuel_11d9e70c7314ce88','org_s19_fuel_11d9e70c7314ce88','organization','place_nigeria_001','tenant_platform_seed','workspace_platform_seed_discovery','Musba''u Garba Fuel Station',unixepoch(),unixepoch());
INSERT OR IGNORE INTO search_entries (id,profile_id,display_name,keywords,ancestry_path,vertical,created_at,updated_at) VALUES ('se_s19_fuel_11d9e70c7314ce88','prof_s19_fuel_11d9e70c7314ce88','Musba''u Garba Fuel Station','musba''u garba fuel station fuel petrol station filling station  nigeria','place_nigeria_001','commerce',unixepoch(),unixepoch());
INSERT OR IGNORE INTO seed_ingestion_records (id,seed_run_id,entity_type,entity_id,source_id,status) VALUES ('ir_s19_fuel_11d9e70c7314ce88','seed_run_s19_fuel_20260502','organization','org_s19_fuel_11d9e70c7314ce88','seed_source_osm_fuel_ng_s19_20260502','ingested');
INSERT OR IGNORE INTO seed_entity_sources (id,seed_run_id,entity_type,entity_id,source_id,confidence_tier) VALUES ('es_s19_fuel_11d9e70c7314ce88','seed_run_s19_fuel_20260502','organization','org_s19_fuel_11d9e70c7314ce88','seed_source_osm_fuel_ng_s19_20260502','seeded');
INSERT OR IGNORE INTO seed_enrichment (id,seed_run_id,entity_type,entity_id,enrichment_type,enrichment_json) VALUES ('enr_s19_fuel_11d9e70c7314ce88','seed_run_s19_fuel_20260502','organization','org_s19_fuel_11d9e70c7314ce88','seed_source_osm_fuel_ng_s19_20260502','{"osm_id": "6004534728", "osm_type": "node", "amenity": "fuel", "brand": "", "opening_hours": "", "addr_state": "", "addr_lga": ""}');

-- 20. Total Fuel Station
INSERT OR IGNORE INTO organizations (id,tenant_id,organization_type,legal_name,display_name,registration_number,status,verification_state,created_at,updated_at) VALUES ('org_s19_fuel_6ca610ec75832e7c','tenant_platform_seed','fuel_station','Total Fuel Station','Total Fuel Station',NULL,'active','seeded',unixepoch(),unixepoch());
INSERT OR IGNORE INTO profiles (id,subject_id,subject_type,primary_place_id,tenant_id,workspace_id,display_name,created_at,updated_at) VALUES ('prof_s19_fuel_6ca610ec75832e7c','org_s19_fuel_6ca610ec75832e7c','organization','place_nigeria_001','tenant_platform_seed','workspace_platform_seed_discovery','Total Fuel Station',unixepoch(),unixepoch());
INSERT OR IGNORE INTO search_entries (id,profile_id,display_name,keywords,ancestry_path,vertical,created_at,updated_at) VALUES ('se_s19_fuel_6ca610ec75832e7c','prof_s19_fuel_6ca610ec75832e7c','Total Fuel Station','total fuel station fuel petrol station filling station  nigeria','place_nigeria_001','commerce',unixepoch(),unixepoch());
INSERT OR IGNORE INTO seed_ingestion_records (id,seed_run_id,entity_type,entity_id,source_id,status) VALUES ('ir_s19_fuel_6ca610ec75832e7c','seed_run_s19_fuel_20260502','organization','org_s19_fuel_6ca610ec75832e7c','seed_source_osm_fuel_ng_s19_20260502','ingested');
INSERT OR IGNORE INTO seed_entity_sources (id,seed_run_id,entity_type,entity_id,source_id,confidence_tier) VALUES ('es_s19_fuel_6ca610ec75832e7c','seed_run_s19_fuel_20260502','organization','org_s19_fuel_6ca610ec75832e7c','seed_source_osm_fuel_ng_s19_20260502','seeded');
INSERT OR IGNORE INTO seed_enrichment (id,seed_run_id,entity_type,entity_id,enrichment_type,enrichment_json) VALUES ('enr_s19_fuel_6ca610ec75832e7c','seed_run_s19_fuel_20260502','organization','org_s19_fuel_6ca610ec75832e7c','seed_source_osm_fuel_ng_s19_20260502','{"osm_id": "6004537927", "osm_type": "node", "amenity": "fuel", "brand": "", "opening_hours": "", "addr_state": "", "addr_lga": ""}');

-- 21. 9 Mobile
INSERT OR IGNORE INTO organizations (id,tenant_id,organization_type,legal_name,display_name,registration_number,status,verification_state,created_at,updated_at) VALUES ('org_s19_fuel_c503c196cd7c3788','tenant_platform_seed','fuel_station','9 Mobile','9 Mobile',NULL,'active','seeded',unixepoch(),unixepoch());
INSERT OR IGNORE INTO profiles (id,subject_id,subject_type,primary_place_id,tenant_id,workspace_id,display_name,created_at,updated_at) VALUES ('prof_s19_fuel_c503c196cd7c3788','org_s19_fuel_c503c196cd7c3788','organization','place_nigeria_001','tenant_platform_seed','workspace_platform_seed_discovery','9 Mobile',unixepoch(),unixepoch());
INSERT OR IGNORE INTO search_entries (id,profile_id,display_name,keywords,ancestry_path,vertical,created_at,updated_at) VALUES ('se_s19_fuel_c503c196cd7c3788','prof_s19_fuel_c503c196cd7c3788','9 Mobile','9 mobile fuel petrol station filling station  nigeria','place_nigeria_001','commerce',unixepoch(),unixepoch());
INSERT OR IGNORE INTO seed_ingestion_records (id,seed_run_id,entity_type,entity_id,source_id,status) VALUES ('ir_s19_fuel_c503c196cd7c3788','seed_run_s19_fuel_20260502','organization','org_s19_fuel_c503c196cd7c3788','seed_source_osm_fuel_ng_s19_20260502','ingested');
INSERT OR IGNORE INTO seed_entity_sources (id,seed_run_id,entity_type,entity_id,source_id,confidence_tier) VALUES ('es_s19_fuel_c503c196cd7c3788','seed_run_s19_fuel_20260502','organization','org_s19_fuel_c503c196cd7c3788','seed_source_osm_fuel_ng_s19_20260502','seeded');
INSERT OR IGNORE INTO seed_enrichment (id,seed_run_id,entity_type,entity_id,enrichment_type,enrichment_json) VALUES ('enr_s19_fuel_c503c196cd7c3788','seed_run_s19_fuel_20260502','organization','org_s19_fuel_c503c196cd7c3788','seed_source_osm_fuel_ng_s19_20260502','{"osm_id": "6127926287", "osm_type": "node", "amenity": "fuel", "brand": "", "opening_hours": "", "addr_state": "", "addr_lga": ""}');

-- 22. Glo Mobile Nigeria
INSERT OR IGNORE INTO organizations (id,tenant_id,organization_type,legal_name,display_name,registration_number,status,verification_state,created_at,updated_at) VALUES ('org_s19_fuel_b8e6b51fec61c427','tenant_platform_seed','fuel_station','Glo Mobile Nigeria','Glo Mobile Nigeria',NULL,'active','seeded',unixepoch(),unixepoch());
INSERT OR IGNORE INTO profiles (id,subject_id,subject_type,primary_place_id,tenant_id,workspace_id,display_name,created_at,updated_at) VALUES ('prof_s19_fuel_b8e6b51fec61c427','org_s19_fuel_b8e6b51fec61c427','organization','place_nigeria_001','tenant_platform_seed','workspace_platform_seed_discovery','Glo Mobile Nigeria',unixepoch(),unixepoch());
INSERT OR IGNORE INTO search_entries (id,profile_id,display_name,keywords,ancestry_path,vertical,created_at,updated_at) VALUES ('se_s19_fuel_b8e6b51fec61c427','prof_s19_fuel_b8e6b51fec61c427','Glo Mobile Nigeria','glo mobile nigeria fuel petrol station filling station  nigeria','place_nigeria_001','commerce',unixepoch(),unixepoch());
INSERT OR IGNORE INTO seed_ingestion_records (id,seed_run_id,entity_type,entity_id,source_id,status) VALUES ('ir_s19_fuel_b8e6b51fec61c427','seed_run_s19_fuel_20260502','organization','org_s19_fuel_b8e6b51fec61c427','seed_source_osm_fuel_ng_s19_20260502','ingested');
INSERT OR IGNORE INTO seed_entity_sources (id,seed_run_id,entity_type,entity_id,source_id,confidence_tier) VALUES ('es_s19_fuel_b8e6b51fec61c427','seed_run_s19_fuel_20260502','organization','org_s19_fuel_b8e6b51fec61c427','seed_source_osm_fuel_ng_s19_20260502','seeded');
INSERT OR IGNORE INTO seed_enrichment (id,seed_run_id,entity_type,entity_id,enrichment_type,enrichment_json) VALUES ('enr_s19_fuel_b8e6b51fec61c427','seed_run_s19_fuel_20260502','organization','org_s19_fuel_b8e6b51fec61c427','seed_source_osm_fuel_ng_s19_20260502','{"osm_id": "6195289485", "osm_type": "node", "amenity": "fuel", "brand": "", "opening_hours": "Mo-Sa 09:00-04:20", "addr_state": "", "addr_lga": ""}');

-- 23. NNPC Deport
INSERT OR IGNORE INTO organizations (id,tenant_id,organization_type,legal_name,display_name,registration_number,status,verification_state,created_at,updated_at) VALUES ('org_s19_fuel_1a184de2b992161e','tenant_platform_seed','fuel_station','NNPC Deport','NNPC Deport',NULL,'active','seeded',unixepoch(),unixepoch());
INSERT OR IGNORE INTO profiles (id,subject_id,subject_type,primary_place_id,tenant_id,workspace_id,display_name,created_at,updated_at) VALUES ('prof_s19_fuel_1a184de2b992161e','org_s19_fuel_1a184de2b992161e','organization','place_nigeria_001','tenant_platform_seed','workspace_platform_seed_discovery','NNPC Deport',unixepoch(),unixepoch());
INSERT OR IGNORE INTO search_entries (id,profile_id,display_name,keywords,ancestry_path,vertical,created_at,updated_at) VALUES ('se_s19_fuel_1a184de2b992161e','prof_s19_fuel_1a184de2b992161e','NNPC Deport','nnpc deport fuel petrol station filling station  nigeria','place_nigeria_001','commerce',unixepoch(),unixepoch());
INSERT OR IGNORE INTO seed_ingestion_records (id,seed_run_id,entity_type,entity_id,source_id,status) VALUES ('ir_s19_fuel_1a184de2b992161e','seed_run_s19_fuel_20260502','organization','org_s19_fuel_1a184de2b992161e','seed_source_osm_fuel_ng_s19_20260502','ingested');
INSERT OR IGNORE INTO seed_entity_sources (id,seed_run_id,entity_type,entity_id,source_id,confidence_tier) VALUES ('es_s19_fuel_1a184de2b992161e','seed_run_s19_fuel_20260502','organization','org_s19_fuel_1a184de2b992161e','seed_source_osm_fuel_ng_s19_20260502','seeded');
INSERT OR IGNORE INTO seed_enrichment (id,seed_run_id,entity_type,entity_id,enrichment_type,enrichment_json) VALUES ('enr_s19_fuel_1a184de2b992161e','seed_run_s19_fuel_20260502','organization','org_s19_fuel_1a184de2b992161e','seed_source_osm_fuel_ng_s19_20260502','{"osm_id": "7264307588", "osm_type": "node", "amenity": "fuel", "brand": "", "opening_hours": "", "addr_state": "", "addr_lga": ""}');

-- 24. Dukadan
INSERT OR IGNORE INTO organizations (id,tenant_id,organization_type,legal_name,display_name,registration_number,status,verification_state,created_at,updated_at) VALUES ('org_s19_fuel_a8ea0eebb710367b','tenant_platform_seed','fuel_station','Dukadan','Dukadan',NULL,'active','seeded',unixepoch(),unixepoch());
INSERT OR IGNORE INTO profiles (id,subject_id,subject_type,primary_place_id,tenant_id,workspace_id,display_name,created_at,updated_at) VALUES ('prof_s19_fuel_a8ea0eebb710367b','org_s19_fuel_a8ea0eebb710367b','organization','place_nigeria_001','tenant_platform_seed','workspace_platform_seed_discovery','Dukadan',unixepoch(),unixepoch());
INSERT OR IGNORE INTO search_entries (id,profile_id,display_name,keywords,ancestry_path,vertical,created_at,updated_at) VALUES ('se_s19_fuel_a8ea0eebb710367b','prof_s19_fuel_a8ea0eebb710367b','Dukadan','dukadan fuel petrol station filling station  nigeria','place_nigeria_001','commerce',unixepoch(),unixepoch());
INSERT OR IGNORE INTO seed_ingestion_records (id,seed_run_id,entity_type,entity_id,source_id,status) VALUES ('ir_s19_fuel_a8ea0eebb710367b','seed_run_s19_fuel_20260502','organization','org_s19_fuel_a8ea0eebb710367b','seed_source_osm_fuel_ng_s19_20260502','ingested');
INSERT OR IGNORE INTO seed_entity_sources (id,seed_run_id,entity_type,entity_id,source_id,confidence_tier) VALUES ('es_s19_fuel_a8ea0eebb710367b','seed_run_s19_fuel_20260502','organization','org_s19_fuel_a8ea0eebb710367b','seed_source_osm_fuel_ng_s19_20260502','seeded');
INSERT OR IGNORE INTO seed_enrichment (id,seed_run_id,entity_type,entity_id,enrichment_type,enrichment_json) VALUES ('enr_s19_fuel_a8ea0eebb710367b','seed_run_s19_fuel_20260502','organization','org_s19_fuel_a8ea0eebb710367b','seed_source_osm_fuel_ng_s19_20260502','{"osm_id": "7266974187", "osm_type": "node", "amenity": "fuel", "brand": "", "opening_hours": "", "addr_state": "", "addr_lga": ""}');

-- 25. Arolat Petrol station, Ayetoro
INSERT OR IGNORE INTO organizations (id,tenant_id,organization_type,legal_name,display_name,registration_number,status,verification_state,created_at,updated_at) VALUES ('org_s19_fuel_c8021f2891391747','tenant_platform_seed','fuel_station','Arolat Petrol station, Ayetoro','Arolat Petrol station, Ayetoro',NULL,'active','seeded',unixepoch(),unixepoch());
INSERT OR IGNORE INTO profiles (id,subject_id,subject_type,primary_place_id,tenant_id,workspace_id,display_name,created_at,updated_at) VALUES ('prof_s19_fuel_c8021f2891391747','org_s19_fuel_c8021f2891391747','organization','place_nigeria_001','tenant_platform_seed','workspace_platform_seed_discovery','Arolat Petrol station, Ayetoro',unixepoch(),unixepoch());
INSERT OR IGNORE INTO search_entries (id,profile_id,display_name,keywords,ancestry_path,vertical,created_at,updated_at) VALUES ('se_s19_fuel_c8021f2891391747','prof_s19_fuel_c8021f2891391747','Arolat Petrol station, Ayetoro','arolat petrol station, ayetoro fuel petrol station filling station  nigeria','place_nigeria_001','commerce',unixepoch(),unixepoch());
INSERT OR IGNORE INTO seed_ingestion_records (id,seed_run_id,entity_type,entity_id,source_id,status) VALUES ('ir_s19_fuel_c8021f2891391747','seed_run_s19_fuel_20260502','organization','org_s19_fuel_c8021f2891391747','seed_source_osm_fuel_ng_s19_20260502','ingested');
INSERT OR IGNORE INTO seed_entity_sources (id,seed_run_id,entity_type,entity_id,source_id,confidence_tier) VALUES ('es_s19_fuel_c8021f2891391747','seed_run_s19_fuel_20260502','organization','org_s19_fuel_c8021f2891391747','seed_source_osm_fuel_ng_s19_20260502','seeded');
INSERT OR IGNORE INTO seed_enrichment (id,seed_run_id,entity_type,entity_id,enrichment_type,enrichment_json) VALUES ('enr_s19_fuel_c8021f2891391747','seed_run_s19_fuel_20260502','organization','org_s19_fuel_c8021f2891391747','seed_source_osm_fuel_ng_s19_20260502','{"osm_id": "7857497531", "osm_type": "node", "amenity": "fuel", "brand": "", "opening_hours": "", "addr_state": "", "addr_lga": ""}');

-- 26. Foxxymobile DJ
INSERT OR IGNORE INTO organizations (id,tenant_id,organization_type,legal_name,display_name,registration_number,status,verification_state,created_at,updated_at) VALUES ('org_s19_fuel_1cda12d8c32051e1','tenant_platform_seed','fuel_station','Foxxymobile DJ','Foxxymobile DJ',NULL,'active','seeded',unixepoch(),unixepoch());
INSERT OR IGNORE INTO profiles (id,subject_id,subject_type,primary_place_id,tenant_id,workspace_id,display_name,created_at,updated_at) VALUES ('prof_s19_fuel_1cda12d8c32051e1','org_s19_fuel_1cda12d8c32051e1','organization','place_nigeria_001','tenant_platform_seed','workspace_platform_seed_discovery','Foxxymobile DJ',unixepoch(),unixepoch());
INSERT OR IGNORE INTO search_entries (id,profile_id,display_name,keywords,ancestry_path,vertical,created_at,updated_at) VALUES ('se_s19_fuel_1cda12d8c32051e1','prof_s19_fuel_1cda12d8c32051e1','Foxxymobile DJ','foxxymobile dj fuel petrol station filling station  nigeria','place_nigeria_001','commerce',unixepoch(),unixepoch());
INSERT OR IGNORE INTO seed_ingestion_records (id,seed_run_id,entity_type,entity_id,source_id,status) VALUES ('ir_s19_fuel_1cda12d8c32051e1','seed_run_s19_fuel_20260502','organization','org_s19_fuel_1cda12d8c32051e1','seed_source_osm_fuel_ng_s19_20260502','ingested');
INSERT OR IGNORE INTO seed_entity_sources (id,seed_run_id,entity_type,entity_id,source_id,confidence_tier) VALUES ('es_s19_fuel_1cda12d8c32051e1','seed_run_s19_fuel_20260502','organization','org_s19_fuel_1cda12d8c32051e1','seed_source_osm_fuel_ng_s19_20260502','seeded');
INSERT OR IGNORE INTO seed_enrichment (id,seed_run_id,entity_type,entity_id,enrichment_type,enrichment_json) VALUES ('enr_s19_fuel_1cda12d8c32051e1','seed_run_s19_fuel_20260502','organization','org_s19_fuel_1cda12d8c32051e1','seed_source_osm_fuel_ng_s19_20260502','{"osm_id": "8753079442", "osm_type": "node", "amenity": "fuel", "brand": "", "opening_hours": "", "addr_state": "", "addr_lga": ""}');

-- 27. Nipco Filling Station
INSERT OR IGNORE INTO organizations (id,tenant_id,organization_type,legal_name,display_name,registration_number,status,verification_state,created_at,updated_at) VALUES ('org_s19_fuel_63310abc6cf528bc','tenant_platform_seed','fuel_station','Nipco Filling Station','Nipco Filling Station',NULL,'active','seeded',unixepoch(),unixepoch());
INSERT OR IGNORE INTO profiles (id,subject_id,subject_type,primary_place_id,tenant_id,workspace_id,display_name,created_at,updated_at) VALUES ('prof_s19_fuel_63310abc6cf528bc','org_s19_fuel_63310abc6cf528bc','organization','place_nigeria_001','tenant_platform_seed','workspace_platform_seed_discovery','Nipco Filling Station',unixepoch(),unixepoch());
INSERT OR IGNORE INTO search_entries (id,profile_id,display_name,keywords,ancestry_path,vertical,created_at,updated_at) VALUES ('se_s19_fuel_63310abc6cf528bc','prof_s19_fuel_63310abc6cf528bc','Nipco Filling Station','nipco filling station fuel petrol station filling station  nigeria','place_nigeria_001','commerce',unixepoch(),unixepoch());
INSERT OR IGNORE INTO seed_ingestion_records (id,seed_run_id,entity_type,entity_id,source_id,status) VALUES ('ir_s19_fuel_63310abc6cf528bc','seed_run_s19_fuel_20260502','organization','org_s19_fuel_63310abc6cf528bc','seed_source_osm_fuel_ng_s19_20260502','ingested');
INSERT OR IGNORE INTO seed_entity_sources (id,seed_run_id,entity_type,entity_id,source_id,confidence_tier) VALUES ('es_s19_fuel_63310abc6cf528bc','seed_run_s19_fuel_20260502','organization','org_s19_fuel_63310abc6cf528bc','seed_source_osm_fuel_ng_s19_20260502','seeded');
INSERT OR IGNORE INTO seed_enrichment (id,seed_run_id,entity_type,entity_id,enrichment_type,enrichment_json) VALUES ('enr_s19_fuel_63310abc6cf528bc','seed_run_s19_fuel_20260502','organization','org_s19_fuel_63310abc6cf528bc','seed_source_osm_fuel_ng_s19_20260502','{"osm_id": "8753295007", "osm_type": "node", "amenity": "fuel", "brand": "", "opening_hours": "", "addr_state": "", "addr_lga": ""}');

-- 28. Foxxymobile Cloths
INSERT OR IGNORE INTO organizations (id,tenant_id,organization_type,legal_name,display_name,registration_number,status,verification_state,created_at,updated_at) VALUES ('org_s19_fuel_5ffb85ed07a3415b','tenant_platform_seed','fuel_station','Foxxymobile Cloths','Foxxymobile Cloths',NULL,'active','seeded',unixepoch(),unixepoch());
INSERT OR IGNORE INTO profiles (id,subject_id,subject_type,primary_place_id,tenant_id,workspace_id,display_name,created_at,updated_at) VALUES ('prof_s19_fuel_5ffb85ed07a3415b','org_s19_fuel_5ffb85ed07a3415b','organization','place_nigeria_001','tenant_platform_seed','workspace_platform_seed_discovery','Foxxymobile Cloths',unixepoch(),unixepoch());
INSERT OR IGNORE INTO search_entries (id,profile_id,display_name,keywords,ancestry_path,vertical,created_at,updated_at) VALUES ('se_s19_fuel_5ffb85ed07a3415b','prof_s19_fuel_5ffb85ed07a3415b','Foxxymobile Cloths','foxxymobile cloths fuel petrol station filling station  nigeria','place_nigeria_001','commerce',unixepoch(),unixepoch());
INSERT OR IGNORE INTO seed_ingestion_records (id,seed_run_id,entity_type,entity_id,source_id,status) VALUES ('ir_s19_fuel_5ffb85ed07a3415b','seed_run_s19_fuel_20260502','organization','org_s19_fuel_5ffb85ed07a3415b','seed_source_osm_fuel_ng_s19_20260502','ingested');
INSERT OR IGNORE INTO seed_entity_sources (id,seed_run_id,entity_type,entity_id,source_id,confidence_tier) VALUES ('es_s19_fuel_5ffb85ed07a3415b','seed_run_s19_fuel_20260502','organization','org_s19_fuel_5ffb85ed07a3415b','seed_source_osm_fuel_ng_s19_20260502','seeded');
INSERT OR IGNORE INTO seed_enrichment (id,seed_run_id,entity_type,entity_id,enrichment_type,enrichment_json) VALUES ('enr_s19_fuel_5ffb85ed07a3415b','seed_run_s19_fuel_20260502','organization','org_s19_fuel_5ffb85ed07a3415b','seed_source_osm_fuel_ng_s19_20260502','{"osm_id": "8753423975", "osm_type": "node", "amenity": "fuel", "brand": "", "opening_hours": "", "addr_state": "", "addr_lga": ""}');

-- 29. NNPC Mega filling station
INSERT OR IGNORE INTO organizations (id,tenant_id,organization_type,legal_name,display_name,registration_number,status,verification_state,created_at,updated_at) VALUES ('org_s19_fuel_630f6c5e5206b271','tenant_platform_seed','fuel_station','NNPC Mega filling station','NNPC Mega filling station',NULL,'active','seeded',unixepoch(),unixepoch());
INSERT OR IGNORE INTO profiles (id,subject_id,subject_type,primary_place_id,tenant_id,workspace_id,display_name,created_at,updated_at) VALUES ('prof_s19_fuel_630f6c5e5206b271','org_s19_fuel_630f6c5e5206b271','organization','place_nigeria_001','tenant_platform_seed','workspace_platform_seed_discovery','NNPC Mega filling station',unixepoch(),unixepoch());
INSERT OR IGNORE INTO search_entries (id,profile_id,display_name,keywords,ancestry_path,vertical,created_at,updated_at) VALUES ('se_s19_fuel_630f6c5e5206b271','prof_s19_fuel_630f6c5e5206b271','NNPC Mega filling station','nnpc mega filling station fuel petrol station filling station  nigeria','place_nigeria_001','commerce',unixepoch(),unixepoch());
INSERT OR IGNORE INTO seed_ingestion_records (id,seed_run_id,entity_type,entity_id,source_id,status) VALUES ('ir_s19_fuel_630f6c5e5206b271','seed_run_s19_fuel_20260502','organization','org_s19_fuel_630f6c5e5206b271','seed_source_osm_fuel_ng_s19_20260502','ingested');
INSERT OR IGNORE INTO seed_entity_sources (id,seed_run_id,entity_type,entity_id,source_id,confidence_tier) VALUES ('es_s19_fuel_630f6c5e5206b271','seed_run_s19_fuel_20260502','organization','org_s19_fuel_630f6c5e5206b271','seed_source_osm_fuel_ng_s19_20260502','seeded');
INSERT OR IGNORE INTO seed_enrichment (id,seed_run_id,entity_type,entity_id,enrichment_type,enrichment_json) VALUES ('enr_s19_fuel_630f6c5e5206b271','seed_run_s19_fuel_20260502','organization','org_s19_fuel_630f6c5e5206b271','seed_source_osm_fuel_ng_s19_20260502','{"osm_id": "8753687542", "osm_type": "node", "amenity": "fuel", "brand": "", "opening_hours": "", "addr_state": "", "addr_lga": ""}');

-- 30. Ozinga cooking gas plant
INSERT OR IGNORE INTO organizations (id,tenant_id,organization_type,legal_name,display_name,registration_number,status,verification_state,created_at,updated_at) VALUES ('org_s19_fuel_1dfea018b18b44d6','tenant_platform_seed','fuel_station','Ozinga cooking gas plant','Ozinga cooking gas plant',NULL,'active','seeded',unixepoch(),unixepoch());
INSERT OR IGNORE INTO profiles (id,subject_id,subject_type,primary_place_id,tenant_id,workspace_id,display_name,created_at,updated_at) VALUES ('prof_s19_fuel_1dfea018b18b44d6','org_s19_fuel_1dfea018b18b44d6','organization','place_nigeria_001','tenant_platform_seed','workspace_platform_seed_discovery','Ozinga cooking gas plant',unixepoch(),unixepoch());
INSERT OR IGNORE INTO search_entries (id,profile_id,display_name,keywords,ancestry_path,vertical,created_at,updated_at) VALUES ('se_s19_fuel_1dfea018b18b44d6','prof_s19_fuel_1dfea018b18b44d6','Ozinga cooking gas plant','ozinga cooking gas plant fuel petrol station filling station  nigeria','place_nigeria_001','commerce',unixepoch(),unixepoch());
INSERT OR IGNORE INTO seed_ingestion_records (id,seed_run_id,entity_type,entity_id,source_id,status) VALUES ('ir_s19_fuel_1dfea018b18b44d6','seed_run_s19_fuel_20260502','organization','org_s19_fuel_1dfea018b18b44d6','seed_source_osm_fuel_ng_s19_20260502','ingested');
INSERT OR IGNORE INTO seed_entity_sources (id,seed_run_id,entity_type,entity_id,source_id,confidence_tier) VALUES ('es_s19_fuel_1dfea018b18b44d6','seed_run_s19_fuel_20260502','organization','org_s19_fuel_1dfea018b18b44d6','seed_source_osm_fuel_ng_s19_20260502','seeded');
INSERT OR IGNORE INTO seed_enrichment (id,seed_run_id,entity_type,entity_id,enrichment_type,enrichment_json) VALUES ('enr_s19_fuel_1dfea018b18b44d6','seed_run_s19_fuel_20260502','organization','org_s19_fuel_1dfea018b18b44d6','seed_source_osm_fuel_ng_s19_20260502','{"osm_id": "8753709079", "osm_type": "node", "amenity": "fuel", "brand": "", "opening_hours": "", "addr_state": "", "addr_lga": ""}');

-- 31. Infinite Oil and Gas
INSERT OR IGNORE INTO organizations (id,tenant_id,organization_type,legal_name,display_name,registration_number,status,verification_state,created_at,updated_at) VALUES ('org_s19_fuel_d4ae0d4243765379','tenant_platform_seed','fuel_station','Infinite Oil and Gas','Infinite Oil and Gas',NULL,'active','seeded',unixepoch(),unixepoch());
INSERT OR IGNORE INTO profiles (id,subject_id,subject_type,primary_place_id,tenant_id,workspace_id,display_name,created_at,updated_at) VALUES ('prof_s19_fuel_d4ae0d4243765379','org_s19_fuel_d4ae0d4243765379','organization','place_nigeria_001','tenant_platform_seed','workspace_platform_seed_discovery','Infinite Oil and Gas',unixepoch(),unixepoch());
INSERT OR IGNORE INTO search_entries (id,profile_id,display_name,keywords,ancestry_path,vertical,created_at,updated_at) VALUES ('se_s19_fuel_d4ae0d4243765379','prof_s19_fuel_d4ae0d4243765379','Infinite Oil and Gas','infinite oil and gas fuel petrol station filling station  nigeria  jos','place_nigeria_001','commerce',unixepoch(),unixepoch());
INSERT OR IGNORE INTO seed_ingestion_records (id,seed_run_id,entity_type,entity_id,source_id,status) VALUES ('ir_s19_fuel_d4ae0d4243765379','seed_run_s19_fuel_20260502','organization','org_s19_fuel_d4ae0d4243765379','seed_source_osm_fuel_ng_s19_20260502','ingested');
INSERT OR IGNORE INTO seed_entity_sources (id,seed_run_id,entity_type,entity_id,source_id,confidence_tier) VALUES ('es_s19_fuel_d4ae0d4243765379','seed_run_s19_fuel_20260502','organization','org_s19_fuel_d4ae0d4243765379','seed_source_osm_fuel_ng_s19_20260502','seeded');
INSERT OR IGNORE INTO seed_enrichment (id,seed_run_id,entity_type,entity_id,enrichment_type,enrichment_json) VALUES ('enr_s19_fuel_d4ae0d4243765379','seed_run_s19_fuel_20260502','organization','org_s19_fuel_d4ae0d4243765379','seed_source_osm_fuel_ng_s19_20260502','{"osm_id": "9769924996", "osm_type": "node", "amenity": "fuel", "brand": "", "opening_hours": "", "addr_state": "", "addr_lga": "Jos"}');

-- 32. Total filling station
INSERT OR IGNORE INTO organizations (id,tenant_id,organization_type,legal_name,display_name,registration_number,status,verification_state,created_at,updated_at) VALUES ('org_s19_fuel_9bddd7b4b05b59d4','tenant_platform_seed','fuel_station','Total filling station','Total filling station',NULL,'active','seeded',unixepoch(),unixepoch());
INSERT OR IGNORE INTO profiles (id,subject_id,subject_type,primary_place_id,tenant_id,workspace_id,display_name,created_at,updated_at) VALUES ('prof_s19_fuel_9bddd7b4b05b59d4','org_s19_fuel_9bddd7b4b05b59d4','organization','place_nigeria_001','tenant_platform_seed','workspace_platform_seed_discovery','Total filling station',unixepoch(),unixepoch());
INSERT OR IGNORE INTO search_entries (id,profile_id,display_name,keywords,ancestry_path,vertical,created_at,updated_at) VALUES ('se_s19_fuel_9bddd7b4b05b59d4','prof_s19_fuel_9bddd7b4b05b59d4','Total filling station','total filling station fuel petrol station filling station  nigeria  jos','place_nigeria_001','commerce',unixepoch(),unixepoch());
INSERT OR IGNORE INTO seed_ingestion_records (id,seed_run_id,entity_type,entity_id,source_id,status) VALUES ('ir_s19_fuel_9bddd7b4b05b59d4','seed_run_s19_fuel_20260502','organization','org_s19_fuel_9bddd7b4b05b59d4','seed_source_osm_fuel_ng_s19_20260502','ingested');
INSERT OR IGNORE INTO seed_entity_sources (id,seed_run_id,entity_type,entity_id,source_id,confidence_tier) VALUES ('es_s19_fuel_9bddd7b4b05b59d4','seed_run_s19_fuel_20260502','organization','org_s19_fuel_9bddd7b4b05b59d4','seed_source_osm_fuel_ng_s19_20260502','seeded');
INSERT OR IGNORE INTO seed_enrichment (id,seed_run_id,entity_type,entity_id,enrichment_type,enrichment_json) VALUES ('enr_s19_fuel_9bddd7b4b05b59d4','seed_run_s19_fuel_20260502','organization','org_s19_fuel_9bddd7b4b05b59d4','seed_source_osm_fuel_ng_s19_20260502','{"osm_id": "9772692337", "osm_type": "node", "amenity": "fuel", "brand": "", "opening_hours": "", "addr_state": "", "addr_lga": "Jos"}');

-- 33. Himma gas plant
INSERT OR IGNORE INTO organizations (id,tenant_id,organization_type,legal_name,display_name,registration_number,status,verification_state,created_at,updated_at) VALUES ('org_s19_fuel_5aef49d5c56d72c7','tenant_platform_seed','fuel_station','Himma gas plant','Himma gas plant',NULL,'active','seeded',unixepoch(),unixepoch());
INSERT OR IGNORE INTO profiles (id,subject_id,subject_type,primary_place_id,tenant_id,workspace_id,display_name,created_at,updated_at) VALUES ('prof_s19_fuel_5aef49d5c56d72c7','org_s19_fuel_5aef49d5c56d72c7','organization','place_nigeria_001','tenant_platform_seed','workspace_platform_seed_discovery','Himma gas plant',unixepoch(),unixepoch());
INSERT OR IGNORE INTO search_entries (id,profile_id,display_name,keywords,ancestry_path,vertical,created_at,updated_at) VALUES ('se_s19_fuel_5aef49d5c56d72c7','prof_s19_fuel_5aef49d5c56d72c7','Himma gas plant','himma gas plant fuel petrol station filling station  nigeria  jos','place_nigeria_001','commerce',unixepoch(),unixepoch());
INSERT OR IGNORE INTO seed_ingestion_records (id,seed_run_id,entity_type,entity_id,source_id,status) VALUES ('ir_s19_fuel_5aef49d5c56d72c7','seed_run_s19_fuel_20260502','organization','org_s19_fuel_5aef49d5c56d72c7','seed_source_osm_fuel_ng_s19_20260502','ingested');
INSERT OR IGNORE INTO seed_entity_sources (id,seed_run_id,entity_type,entity_id,source_id,confidence_tier) VALUES ('es_s19_fuel_5aef49d5c56d72c7','seed_run_s19_fuel_20260502','organization','org_s19_fuel_5aef49d5c56d72c7','seed_source_osm_fuel_ng_s19_20260502','seeded');
INSERT OR IGNORE INTO seed_enrichment (id,seed_run_id,entity_type,entity_id,enrichment_type,enrichment_json) VALUES ('enr_s19_fuel_5aef49d5c56d72c7','seed_run_s19_fuel_20260502','organization','org_s19_fuel_5aef49d5c56d72c7','seed_source_osm_fuel_ng_s19_20260502','{"osm_id": "9774461942", "osm_type": "node", "amenity": "fuel", "brand": "", "opening_hours": "", "addr_state": "", "addr_lga": "Jos"}');

-- 34. Tunji Automobile Workshop
INSERT OR IGNORE INTO organizations (id,tenant_id,organization_type,legal_name,display_name,registration_number,status,verification_state,created_at,updated_at) VALUES ('org_s19_fuel_579962a9e827d4ff','tenant_platform_seed','fuel_station','Tunji Automobile Workshop','Tunji Automobile Workshop',NULL,'active','seeded',unixepoch(),unixepoch());
INSERT OR IGNORE INTO profiles (id,subject_id,subject_type,primary_place_id,tenant_id,workspace_id,display_name,created_at,updated_at) VALUES ('prof_s19_fuel_579962a9e827d4ff','org_s19_fuel_579962a9e827d4ff','organization','place_nigeria_001','tenant_platform_seed','workspace_platform_seed_discovery','Tunji Automobile Workshop',unixepoch(),unixepoch());
INSERT OR IGNORE INTO search_entries (id,profile_id,display_name,keywords,ancestry_path,vertical,created_at,updated_at) VALUES ('se_s19_fuel_579962a9e827d4ff','prof_s19_fuel_579962a9e827d4ff','Tunji Automobile Workshop','tunji automobile workshop fuel petrol station filling station  nigeria  jos','place_nigeria_001','commerce',unixepoch(),unixepoch());
INSERT OR IGNORE INTO seed_ingestion_records (id,seed_run_id,entity_type,entity_id,source_id,status) VALUES ('ir_s19_fuel_579962a9e827d4ff','seed_run_s19_fuel_20260502','organization','org_s19_fuel_579962a9e827d4ff','seed_source_osm_fuel_ng_s19_20260502','ingested');
INSERT OR IGNORE INTO seed_entity_sources (id,seed_run_id,entity_type,entity_id,source_id,confidence_tier) VALUES ('es_s19_fuel_579962a9e827d4ff','seed_run_s19_fuel_20260502','organization','org_s19_fuel_579962a9e827d4ff','seed_source_osm_fuel_ng_s19_20260502','seeded');
INSERT OR IGNORE INTO seed_enrichment (id,seed_run_id,entity_type,entity_id,enrichment_type,enrichment_json) VALUES ('enr_s19_fuel_579962a9e827d4ff','seed_run_s19_fuel_20260502','organization','org_s19_fuel_579962a9e827d4ff','seed_source_osm_fuel_ng_s19_20260502','{"osm_id": "10828113768", "osm_type": "node", "amenity": "fuel", "brand": "", "opening_hours": "Mo-Sa 08:00-18:00", "addr_state": "", "addr_lga": "Jos"}');

-- 35. NNPC MEGA GOMBE
INSERT OR IGNORE INTO organizations (id,tenant_id,organization_type,legal_name,display_name,registration_number,status,verification_state,created_at,updated_at) VALUES ('org_s19_fuel_a1adc4fa971c080b','tenant_platform_seed','fuel_station','NNPC MEGA GOMBE','NNPC MEGA GOMBE',NULL,'active','seeded',unixepoch(),unixepoch());
INSERT OR IGNORE INTO profiles (id,subject_id,subject_type,primary_place_id,tenant_id,workspace_id,display_name,created_at,updated_at) VALUES ('prof_s19_fuel_a1adc4fa971c080b','org_s19_fuel_a1adc4fa971c080b','organization','place_nigeria_001','tenant_platform_seed','workspace_platform_seed_discovery','NNPC MEGA GOMBE',unixepoch(),unixepoch());
INSERT OR IGNORE INTO search_entries (id,profile_id,display_name,keywords,ancestry_path,vertical,created_at,updated_at) VALUES ('se_s19_fuel_a1adc4fa971c080b','prof_s19_fuel_a1adc4fa971c080b','NNPC MEGA GOMBE','nnpc mega gombe fuel petrol station filling station  nigeria  gombe','place_nigeria_001','commerce',unixepoch(),unixepoch());
INSERT OR IGNORE INTO seed_ingestion_records (id,seed_run_id,entity_type,entity_id,source_id,status) VALUES ('ir_s19_fuel_a1adc4fa971c080b','seed_run_s19_fuel_20260502','organization','org_s19_fuel_a1adc4fa971c080b','seed_source_osm_fuel_ng_s19_20260502','ingested');
INSERT OR IGNORE INTO seed_entity_sources (id,seed_run_id,entity_type,entity_id,source_id,confidence_tier) VALUES ('es_s19_fuel_a1adc4fa971c080b','seed_run_s19_fuel_20260502','organization','org_s19_fuel_a1adc4fa971c080b','seed_source_osm_fuel_ng_s19_20260502','seeded');
INSERT OR IGNORE INTO seed_enrichment (id,seed_run_id,entity_type,entity_id,enrichment_type,enrichment_json) VALUES ('enr_s19_fuel_a1adc4fa971c080b','seed_run_s19_fuel_20260502','organization','org_s19_fuel_a1adc4fa971c080b','seed_source_osm_fuel_ng_s19_20260502','{"osm_id": "11175980350", "osm_type": "node", "amenity": "fuel", "brand": "", "opening_hours": "", "addr_state": "", "addr_lga": "gombe"}');

-- 36. Ahajas Filling Station Bauchi Road Branch
INSERT OR IGNORE INTO organizations (id,tenant_id,organization_type,legal_name,display_name,registration_number,status,verification_state,created_at,updated_at) VALUES ('org_s19_fuel_72d743734cce600c','tenant_platform_seed','fuel_station','Ahajas Filling Station Bauchi Road Branch','Ahajas Filling Station Bauchi Road Branch',NULL,'active','seeded',unixepoch(),unixepoch());
INSERT OR IGNORE INTO profiles (id,subject_id,subject_type,primary_place_id,tenant_id,workspace_id,display_name,created_at,updated_at) VALUES ('prof_s19_fuel_72d743734cce600c','org_s19_fuel_72d743734cce600c','organization','place_nigeria_001','tenant_platform_seed','workspace_platform_seed_discovery','Ahajas Filling Station Bauchi Road Branch',unixepoch(),unixepoch());
INSERT OR IGNORE INTO search_entries (id,profile_id,display_name,keywords,ancestry_path,vertical,created_at,updated_at) VALUES ('se_s19_fuel_72d743734cce600c','prof_s19_fuel_72d743734cce600c','Ahajas Filling Station Bauchi Road Branch','ahajas filling station bauchi road branch fuel petrol station filling station  nigeria','place_nigeria_001','commerce',unixepoch(),unixepoch());
INSERT OR IGNORE INTO seed_ingestion_records (id,seed_run_id,entity_type,entity_id,source_id,status) VALUES ('ir_s19_fuel_72d743734cce600c','seed_run_s19_fuel_20260502','organization','org_s19_fuel_72d743734cce600c','seed_source_osm_fuel_ng_s19_20260502','ingested');
INSERT OR IGNORE INTO seed_entity_sources (id,seed_run_id,entity_type,entity_id,source_id,confidence_tier) VALUES ('es_s19_fuel_72d743734cce600c','seed_run_s19_fuel_20260502','organization','org_s19_fuel_72d743734cce600c','seed_source_osm_fuel_ng_s19_20260502','seeded');
INSERT OR IGNORE INTO seed_enrichment (id,seed_run_id,entity_type,entity_id,enrichment_type,enrichment_json) VALUES ('enr_s19_fuel_72d743734cce600c','seed_run_s19_fuel_20260502','organization','org_s19_fuel_72d743734cce600c','seed_source_osm_fuel_ng_s19_20260502','{"osm_id": "11337332869", "osm_type": "node", "amenity": "fuel", "brand": "", "opening_hours": "", "addr_state": "", "addr_lga": ""}');

-- 37. Abuja Mobile Market
INSERT OR IGNORE INTO organizations (id,tenant_id,organization_type,legal_name,display_name,registration_number,status,verification_state,created_at,updated_at) VALUES ('org_s19_fuel_6d379019d9edf15a','tenant_platform_seed','fuel_station','Abuja Mobile Market','Abuja Mobile Market',NULL,'active','seeded',unixepoch(),unixepoch());
INSERT OR IGNORE INTO profiles (id,subject_id,subject_type,primary_place_id,tenant_id,workspace_id,display_name,created_at,updated_at) VALUES ('prof_s19_fuel_6d379019d9edf15a','org_s19_fuel_6d379019d9edf15a','organization','place_nigeria_001','tenant_platform_seed','workspace_platform_seed_discovery','Abuja Mobile Market',unixepoch(),unixepoch());
INSERT OR IGNORE INTO search_entries (id,profile_id,display_name,keywords,ancestry_path,vertical,created_at,updated_at) VALUES ('se_s19_fuel_6d379019d9edf15a','prof_s19_fuel_6d379019d9edf15a','Abuja Mobile Market','abuja mobile market fuel petrol station filling station  nigeria','place_nigeria_001','commerce',unixepoch(),unixepoch());
INSERT OR IGNORE INTO seed_ingestion_records (id,seed_run_id,entity_type,entity_id,source_id,status) VALUES ('ir_s19_fuel_6d379019d9edf15a','seed_run_s19_fuel_20260502','organization','org_s19_fuel_6d379019d9edf15a','seed_source_osm_fuel_ng_s19_20260502','ingested');
INSERT OR IGNORE INTO seed_entity_sources (id,seed_run_id,entity_type,entity_id,source_id,confidence_tier) VALUES ('es_s19_fuel_6d379019d9edf15a','seed_run_s19_fuel_20260502','organization','org_s19_fuel_6d379019d9edf15a','seed_source_osm_fuel_ng_s19_20260502','seeded');
INSERT OR IGNORE INTO seed_enrichment (id,seed_run_id,entity_type,entity_id,enrichment_type,enrichment_json) VALUES ('enr_s19_fuel_6d379019d9edf15a','seed_run_s19_fuel_20260502','organization','org_s19_fuel_6d379019d9edf15a','seed_source_osm_fuel_ng_s19_20260502','{"osm_id": "11916576220", "osm_type": "node", "amenity": "fuel", "brand": "", "opening_hours": "", "addr_state": "", "addr_lga": ""}');

-- 38. Mobile Trends Limited
INSERT OR IGNORE INTO organizations (id,tenant_id,organization_type,legal_name,display_name,registration_number,status,verification_state,created_at,updated_at) VALUES ('org_s19_fuel_32fa28bac71b7a88','tenant_platform_seed','fuel_station','Mobile Trends Limited','Mobile Trends Limited',NULL,'active','seeded',unixepoch(),unixepoch());
INSERT OR IGNORE INTO profiles (id,subject_id,subject_type,primary_place_id,tenant_id,workspace_id,display_name,created_at,updated_at) VALUES ('prof_s19_fuel_32fa28bac71b7a88','org_s19_fuel_32fa28bac71b7a88','organization','place_nigeria_001','tenant_platform_seed','workspace_platform_seed_discovery','Mobile Trends Limited',unixepoch(),unixepoch());
INSERT OR IGNORE INTO search_entries (id,profile_id,display_name,keywords,ancestry_path,vertical,created_at,updated_at) VALUES ('se_s19_fuel_32fa28bac71b7a88','prof_s19_fuel_32fa28bac71b7a88','Mobile Trends Limited','mobile trends limited fuel petrol station filling station  nigeria','place_nigeria_001','commerce',unixepoch(),unixepoch());
INSERT OR IGNORE INTO seed_ingestion_records (id,seed_run_id,entity_type,entity_id,source_id,status) VALUES ('ir_s19_fuel_32fa28bac71b7a88','seed_run_s19_fuel_20260502','organization','org_s19_fuel_32fa28bac71b7a88','seed_source_osm_fuel_ng_s19_20260502','ingested');
INSERT OR IGNORE INTO seed_entity_sources (id,seed_run_id,entity_type,entity_id,source_id,confidence_tier) VALUES ('es_s19_fuel_32fa28bac71b7a88','seed_run_s19_fuel_20260502','organization','org_s19_fuel_32fa28bac71b7a88','seed_source_osm_fuel_ng_s19_20260502','seeded');
INSERT OR IGNORE INTO seed_enrichment (id,seed_run_id,entity_type,entity_id,enrichment_type,enrichment_json) VALUES ('enr_s19_fuel_32fa28bac71b7a88','seed_run_s19_fuel_20260502','organization','org_s19_fuel_32fa28bac71b7a88','seed_source_osm_fuel_ng_s19_20260502','{"osm_id": "11934352504", "osm_type": "node", "amenity": "fuel", "brand": "", "opening_hours": "Mo-Sa 03:00-19:30; Su off", "addr_state": "", "addr_lga": ""}');

-- 39. Al-Faoz group of schools, Ilorin, opposite Top-Zion Filling Station, Eyenkorin, Ilorin, Nigeria
INSERT OR IGNORE INTO organizations (id,tenant_id,organization_type,legal_name,display_name,registration_number,status,verification_state,created_at,updated_at) VALUES ('org_s19_fuel_3b02df676d209ee9','tenant_platform_seed','fuel_station','Al-Faoz group of schools, Ilorin, opposite Top-Zion Filling Station, Eyenkorin, Ilorin, Nigeria','Al-Faoz group of schools, Ilorin, opposite Top-Zion Filling Station, Eyenkorin, Ilorin, Nigeria',NULL,'active','seeded',unixepoch(),unixepoch());
INSERT OR IGNORE INTO profiles (id,subject_id,subject_type,primary_place_id,tenant_id,workspace_id,display_name,created_at,updated_at) VALUES ('prof_s19_fuel_3b02df676d209ee9','org_s19_fuel_3b02df676d209ee9','organization','place_nigeria_001','tenant_platform_seed','workspace_platform_seed_discovery','Al-Faoz group of schools, Ilorin, opposite Top-Zion Filling Station, Eyenkorin, Ilorin, Nigeria',unixepoch(),unixepoch());
INSERT OR IGNORE INTO search_entries (id,profile_id,display_name,keywords,ancestry_path,vertical,created_at,updated_at) VALUES ('se_s19_fuel_3b02df676d209ee9','prof_s19_fuel_3b02df676d209ee9','Al-Faoz group of schools, Ilorin, opposite Top-Zion Filling Station, Eyenkorin, Ilorin, Nigeria','al-faoz group of schools, ilorin, opposite top-zion filling station, eyenkorin, ilorin, nigeria fuel petrol station filling station  nigeria','place_nigeria_001','commerce',unixepoch(),unixepoch());
INSERT OR IGNORE INTO seed_ingestion_records (id,seed_run_id,entity_type,entity_id,source_id,status) VALUES ('ir_s19_fuel_3b02df676d209ee9','seed_run_s19_fuel_20260502','organization','org_s19_fuel_3b02df676d209ee9','seed_source_osm_fuel_ng_s19_20260502','ingested');
INSERT OR IGNORE INTO seed_entity_sources (id,seed_run_id,entity_type,entity_id,source_id,confidence_tier) VALUES ('es_s19_fuel_3b02df676d209ee9','seed_run_s19_fuel_20260502','organization','org_s19_fuel_3b02df676d209ee9','seed_source_osm_fuel_ng_s19_20260502','seeded');
INSERT OR IGNORE INTO seed_enrichment (id,seed_run_id,entity_type,entity_id,enrichment_type,enrichment_json) VALUES ('enr_s19_fuel_3b02df676d209ee9','seed_run_s19_fuel_20260502','organization','org_s19_fuel_3b02df676d209ee9','seed_source_osm_fuel_ng_s19_20260502','{"osm_id": "13047975295", "osm_type": "node", "amenity": "fuel", "brand": "", "opening_hours": "", "addr_state": "", "addr_lga": ""}');

-- 40. Orange, Taiwo oke, 153 Ibrahim Taiwo Rd, inside bovas petrol station, Ilorin 240242, Kwara, Nigeria
INSERT OR IGNORE INTO organizations (id,tenant_id,organization_type,legal_name,display_name,registration_number,status,verification_state,created_at,updated_at) VALUES ('org_s19_fuel_3f611480a89976bf','tenant_platform_seed','fuel_station','Orange, Taiwo oke, 153 Ibrahim Taiwo Rd, inside bovas petrol station, Ilorin 240242, Kwara, Nigeria','Orange, Taiwo oke, 153 Ibrahim Taiwo Rd, inside bovas petrol station, Ilorin 240242, Kwara, Nigeria',NULL,'active','seeded',unixepoch(),unixepoch());
INSERT OR IGNORE INTO profiles (id,subject_id,subject_type,primary_place_id,tenant_id,workspace_id,display_name,created_at,updated_at) VALUES ('prof_s19_fuel_3f611480a89976bf','org_s19_fuel_3f611480a89976bf','organization','place_nigeria_001','tenant_platform_seed','workspace_platform_seed_discovery','Orange, Taiwo oke, 153 Ibrahim Taiwo Rd, inside bovas petrol station, Ilorin 240242, Kwara, Nigeria',unixepoch(),unixepoch());
INSERT OR IGNORE INTO search_entries (id,profile_id,display_name,keywords,ancestry_path,vertical,created_at,updated_at) VALUES ('se_s19_fuel_3f611480a89976bf','prof_s19_fuel_3f611480a89976bf','Orange, Taiwo oke, 153 Ibrahim Taiwo Rd, inside bovas petrol station, Ilorin 240242, Kwara, Nigeria','orange, taiwo oke, 153 ibrahim taiwo rd, inside bovas petrol station, ilorin 240242, kwara, nigeria fuel petrol station filling station  nigeria','place_nigeria_001','commerce',unixepoch(),unixepoch());
INSERT OR IGNORE INTO seed_ingestion_records (id,seed_run_id,entity_type,entity_id,source_id,status) VALUES ('ir_s19_fuel_3f611480a89976bf','seed_run_s19_fuel_20260502','organization','org_s19_fuel_3f611480a89976bf','seed_source_osm_fuel_ng_s19_20260502','ingested');
INSERT OR IGNORE INTO seed_entity_sources (id,seed_run_id,entity_type,entity_id,source_id,confidence_tier) VALUES ('es_s19_fuel_3f611480a89976bf','seed_run_s19_fuel_20260502','organization','org_s19_fuel_3f611480a89976bf','seed_source_osm_fuel_ng_s19_20260502','seeded');
INSERT OR IGNORE INTO seed_enrichment (id,seed_run_id,entity_type,entity_id,enrichment_type,enrichment_json) VALUES ('enr_s19_fuel_3f611480a89976bf','seed_run_s19_fuel_20260502','organization','org_s19_fuel_3f611480a89976bf','seed_source_osm_fuel_ng_s19_20260502','{"osm_id": "13047975419", "osm_type": "node", "amenity": "fuel", "brand": "", "opening_hours": "", "addr_state": "", "addr_lga": ""}');

-- 41. Sango, Ilorin Kwara state Nigeria, Police Mobile Force, Sango Road, Ilorin, Nigeria
INSERT OR IGNORE INTO organizations (id,tenant_id,organization_type,legal_name,display_name,registration_number,status,verification_state,created_at,updated_at) VALUES ('org_s19_fuel_dbe80332d6888aa3','tenant_platform_seed','fuel_station','Sango, Ilorin Kwara state Nigeria, Police Mobile Force, Sango Road, Ilorin, Nigeria','Sango, Ilorin Kwara state Nigeria, Police Mobile Force, Sango Road, Ilorin, Nigeria',NULL,'active','seeded',unixepoch(),unixepoch());
INSERT OR IGNORE INTO profiles (id,subject_id,subject_type,primary_place_id,tenant_id,workspace_id,display_name,created_at,updated_at) VALUES ('prof_s19_fuel_dbe80332d6888aa3','org_s19_fuel_dbe80332d6888aa3','organization','place_nigeria_001','tenant_platform_seed','workspace_platform_seed_discovery','Sango, Ilorin Kwara state Nigeria, Police Mobile Force, Sango Road, Ilorin, Nigeria',unixepoch(),unixepoch());
INSERT OR IGNORE INTO search_entries (id,profile_id,display_name,keywords,ancestry_path,vertical,created_at,updated_at) VALUES ('se_s19_fuel_dbe80332d6888aa3','prof_s19_fuel_dbe80332d6888aa3','Sango, Ilorin Kwara state Nigeria, Police Mobile Force, Sango Road, Ilorin, Nigeria','sango, ilorin kwara state nigeria, police mobile force, sango road, ilorin, nigeria fuel petrol station filling station  nigeria','place_nigeria_001','commerce',unixepoch(),unixepoch());
INSERT OR IGNORE INTO seed_ingestion_records (id,seed_run_id,entity_type,entity_id,source_id,status) VALUES ('ir_s19_fuel_dbe80332d6888aa3','seed_run_s19_fuel_20260502','organization','org_s19_fuel_dbe80332d6888aa3','seed_source_osm_fuel_ng_s19_20260502','ingested');
INSERT OR IGNORE INTO seed_entity_sources (id,seed_run_id,entity_type,entity_id,source_id,confidence_tier) VALUES ('es_s19_fuel_dbe80332d6888aa3','seed_run_s19_fuel_20260502','organization','org_s19_fuel_dbe80332d6888aa3','seed_source_osm_fuel_ng_s19_20260502','seeded');
INSERT OR IGNORE INTO seed_enrichment (id,seed_run_id,entity_type,entity_id,enrichment_type,enrichment_json) VALUES ('enr_s19_fuel_dbe80332d6888aa3','seed_run_s19_fuel_20260502','organization','org_s19_fuel_dbe80332d6888aa3','seed_source_osm_fuel_ng_s19_20260502','{"osm_id": "13048283380", "osm_type": "node", "amenity": "fuel", "brand": "", "opening_hours": "", "addr_state": "", "addr_lga": ""}');

-- 42. Araoje Filling Station, Abdul Azeez Attah Road, Oko Erin, Nigeria
INSERT OR IGNORE INTO organizations (id,tenant_id,organization_type,legal_name,display_name,registration_number,status,verification_state,created_at,updated_at) VALUES ('org_s19_fuel_e0d1ab0bc8072764','tenant_platform_seed','fuel_station','Araoje Filling Station, Abdul Azeez Attah Road, Oko Erin, Nigeria','Araoje Filling Station, Abdul Azeez Attah Road, Oko Erin, Nigeria',NULL,'active','seeded',unixepoch(),unixepoch());
INSERT OR IGNORE INTO profiles (id,subject_id,subject_type,primary_place_id,tenant_id,workspace_id,display_name,created_at,updated_at) VALUES ('prof_s19_fuel_e0d1ab0bc8072764','org_s19_fuel_e0d1ab0bc8072764','organization','place_nigeria_001','tenant_platform_seed','workspace_platform_seed_discovery','Araoje Filling Station, Abdul Azeez Attah Road, Oko Erin, Nigeria',unixepoch(),unixepoch());
INSERT OR IGNORE INTO search_entries (id,profile_id,display_name,keywords,ancestry_path,vertical,created_at,updated_at) VALUES ('se_s19_fuel_e0d1ab0bc8072764','prof_s19_fuel_e0d1ab0bc8072764','Araoje Filling Station, Abdul Azeez Attah Road, Oko Erin, Nigeria','araoje filling station, abdul azeez attah road, oko erin, nigeria fuel petrol station filling station  nigeria','place_nigeria_001','commerce',unixepoch(),unixepoch());
INSERT OR IGNORE INTO seed_ingestion_records (id,seed_run_id,entity_type,entity_id,source_id,status) VALUES ('ir_s19_fuel_e0d1ab0bc8072764','seed_run_s19_fuel_20260502','organization','org_s19_fuel_e0d1ab0bc8072764','seed_source_osm_fuel_ng_s19_20260502','ingested');
INSERT OR IGNORE INTO seed_entity_sources (id,seed_run_id,entity_type,entity_id,source_id,confidence_tier) VALUES ('es_s19_fuel_e0d1ab0bc8072764','seed_run_s19_fuel_20260502','organization','org_s19_fuel_e0d1ab0bc8072764','seed_source_osm_fuel_ng_s19_20260502','seeded');
INSERT OR IGNORE INTO seed_enrichment (id,seed_run_id,entity_type,entity_id,enrichment_type,enrichment_json) VALUES ('enr_s19_fuel_e0d1ab0bc8072764','seed_run_s19_fuel_20260502','organization','org_s19_fuel_e0d1ab0bc8072764','seed_source_osm_fuel_ng_s19_20260502','{"osm_id": "13048286759", "osm_type": "node", "amenity": "fuel", "brand": "", "opening_hours": "", "addr_state": "", "addr_lga": ""}');

-- 43. Bovas Fuel Station, Fate Road, Ilorin
INSERT OR IGNORE INTO organizations (id,tenant_id,organization_type,legal_name,display_name,registration_number,status,verification_state,created_at,updated_at) VALUES ('org_s19_fuel_55d0c24699041d2a','tenant_platform_seed','fuel_station','Bovas Fuel Station, Fate Road, Ilorin','Bovas Fuel Station, Fate Road, Ilorin',NULL,'active','seeded',unixepoch(),unixepoch());
INSERT OR IGNORE INTO profiles (id,subject_id,subject_type,primary_place_id,tenant_id,workspace_id,display_name,created_at,updated_at) VALUES ('prof_s19_fuel_55d0c24699041d2a','org_s19_fuel_55d0c24699041d2a','organization','place_nigeria_001','tenant_platform_seed','workspace_platform_seed_discovery','Bovas Fuel Station, Fate Road, Ilorin',unixepoch(),unixepoch());
INSERT OR IGNORE INTO search_entries (id,profile_id,display_name,keywords,ancestry_path,vertical,created_at,updated_at) VALUES ('se_s19_fuel_55d0c24699041d2a','prof_s19_fuel_55d0c24699041d2a','Bovas Fuel Station, Fate Road, Ilorin','bovas fuel station, fate road, ilorin fuel petrol station filling station  nigeria','place_nigeria_001','commerce',unixepoch(),unixepoch());
INSERT OR IGNORE INTO seed_ingestion_records (id,seed_run_id,entity_type,entity_id,source_id,status) VALUES ('ir_s19_fuel_55d0c24699041d2a','seed_run_s19_fuel_20260502','organization','org_s19_fuel_55d0c24699041d2a','seed_source_osm_fuel_ng_s19_20260502','ingested');
INSERT OR IGNORE INTO seed_entity_sources (id,seed_run_id,entity_type,entity_id,source_id,confidence_tier) VALUES ('es_s19_fuel_55d0c24699041d2a','seed_run_s19_fuel_20260502','organization','org_s19_fuel_55d0c24699041d2a','seed_source_osm_fuel_ng_s19_20260502','seeded');
INSERT OR IGNORE INTO seed_enrichment (id,seed_run_id,entity_type,entity_id,enrichment_type,enrichment_json) VALUES ('enr_s19_fuel_55d0c24699041d2a','seed_run_s19_fuel_20260502','organization','org_s19_fuel_55d0c24699041d2a','seed_source_osm_fuel_ng_s19_20260502','{"osm_id": "13078757802", "osm_type": "node", "amenity": "fuel", "brand": "", "opening_hours": "", "addr_state": "", "addr_lga": ""}');

-- 44. Orange Fuel Station Tanke Ilorin
INSERT OR IGNORE INTO organizations (id,tenant_id,organization_type,legal_name,display_name,registration_number,status,verification_state,created_at,updated_at) VALUES ('org_s19_fuel_158b507f4a3c5b22','tenant_platform_seed','fuel_station','Orange Fuel Station Tanke Ilorin','Orange Fuel Station Tanke Ilorin',NULL,'active','seeded',unixepoch(),unixepoch());
INSERT OR IGNORE INTO profiles (id,subject_id,subject_type,primary_place_id,tenant_id,workspace_id,display_name,created_at,updated_at) VALUES ('prof_s19_fuel_158b507f4a3c5b22','org_s19_fuel_158b507f4a3c5b22','organization','place_nigeria_001','tenant_platform_seed','workspace_platform_seed_discovery','Orange Fuel Station Tanke Ilorin',unixepoch(),unixepoch());
INSERT OR IGNORE INTO search_entries (id,profile_id,display_name,keywords,ancestry_path,vertical,created_at,updated_at) VALUES ('se_s19_fuel_158b507f4a3c5b22','prof_s19_fuel_158b507f4a3c5b22','Orange Fuel Station Tanke Ilorin','orange fuel station tanke ilorin fuel petrol station filling station  nigeria','place_nigeria_001','commerce',unixepoch(),unixepoch());
INSERT OR IGNORE INTO seed_ingestion_records (id,seed_run_id,entity_type,entity_id,source_id,status) VALUES ('ir_s19_fuel_158b507f4a3c5b22','seed_run_s19_fuel_20260502','organization','org_s19_fuel_158b507f4a3c5b22','seed_source_osm_fuel_ng_s19_20260502','ingested');
INSERT OR IGNORE INTO seed_entity_sources (id,seed_run_id,entity_type,entity_id,source_id,confidence_tier) VALUES ('es_s19_fuel_158b507f4a3c5b22','seed_run_s19_fuel_20260502','organization','org_s19_fuel_158b507f4a3c5b22','seed_source_osm_fuel_ng_s19_20260502','seeded');
INSERT OR IGNORE INTO seed_enrichment (id,seed_run_id,entity_type,entity_id,enrichment_type,enrichment_json) VALUES ('enr_s19_fuel_158b507f4a3c5b22','seed_run_s19_fuel_20260502','organization','org_s19_fuel_158b507f4a3c5b22','seed_source_osm_fuel_ng_s19_20260502','{"osm_id": "13078767852", "osm_type": "node", "amenity": "fuel", "brand": "", "opening_hours": "", "addr_state": "", "addr_lga": ""}');

-- 45. Olak Filling Station Beside Aromokeye Ilorin
INSERT OR IGNORE INTO organizations (id,tenant_id,organization_type,legal_name,display_name,registration_number,status,verification_state,created_at,updated_at) VALUES ('org_s19_fuel_036334433bb97b13','tenant_platform_seed','fuel_station','Olak Filling Station Beside Aromokeye Ilorin','Olak Filling Station Beside Aromokeye Ilorin',NULL,'active','seeded',unixepoch(),unixepoch());
INSERT OR IGNORE INTO profiles (id,subject_id,subject_type,primary_place_id,tenant_id,workspace_id,display_name,created_at,updated_at) VALUES ('prof_s19_fuel_036334433bb97b13','org_s19_fuel_036334433bb97b13','organization','place_nigeria_001','tenant_platform_seed','workspace_platform_seed_discovery','Olak Filling Station Beside Aromokeye Ilorin',unixepoch(),unixepoch());
INSERT OR IGNORE INTO search_entries (id,profile_id,display_name,keywords,ancestry_path,vertical,created_at,updated_at) VALUES ('se_s19_fuel_036334433bb97b13','prof_s19_fuel_036334433bb97b13','Olak Filling Station Beside Aromokeye Ilorin','olak filling station beside aromokeye ilorin fuel petrol station filling station  nigeria','place_nigeria_001','commerce',unixepoch(),unixepoch());
INSERT OR IGNORE INTO seed_ingestion_records (id,seed_run_id,entity_type,entity_id,source_id,status) VALUES ('ir_s19_fuel_036334433bb97b13','seed_run_s19_fuel_20260502','organization','org_s19_fuel_036334433bb97b13','seed_source_osm_fuel_ng_s19_20260502','ingested');
INSERT OR IGNORE INTO seed_entity_sources (id,seed_run_id,entity_type,entity_id,source_id,confidence_tier) VALUES ('es_s19_fuel_036334433bb97b13','seed_run_s19_fuel_20260502','organization','org_s19_fuel_036334433bb97b13','seed_source_osm_fuel_ng_s19_20260502','seeded');
INSERT OR IGNORE INTO seed_enrichment (id,seed_run_id,entity_type,entity_id,enrichment_type,enrichment_json) VALUES ('enr_s19_fuel_036334433bb97b13','seed_run_s19_fuel_20260502','organization','org_s19_fuel_036334433bb97b13','seed_source_osm_fuel_ng_s19_20260502','{"osm_id": "13082242405", "osm_type": "node", "amenity": "fuel", "brand": "", "opening_hours": "", "addr_state": "", "addr_lga": ""}');

-- 46. Ap Fuel Station Offa Garage Opp Bovas Ilorin
INSERT OR IGNORE INTO organizations (id,tenant_id,organization_type,legal_name,display_name,registration_number,status,verification_state,created_at,updated_at) VALUES ('org_s19_fuel_29031417bd1c95a8','tenant_platform_seed','fuel_station','Ap Fuel Station Offa Garage Opp Bovas Ilorin','Ap Fuel Station Offa Garage Opp Bovas Ilorin',NULL,'active','seeded',unixepoch(),unixepoch());
INSERT OR IGNORE INTO profiles (id,subject_id,subject_type,primary_place_id,tenant_id,workspace_id,display_name,created_at,updated_at) VALUES ('prof_s19_fuel_29031417bd1c95a8','org_s19_fuel_29031417bd1c95a8','organization','place_nigeria_001','tenant_platform_seed','workspace_platform_seed_discovery','Ap Fuel Station Offa Garage Opp Bovas Ilorin',unixepoch(),unixepoch());
INSERT OR IGNORE INTO search_entries (id,profile_id,display_name,keywords,ancestry_path,vertical,created_at,updated_at) VALUES ('se_s19_fuel_29031417bd1c95a8','prof_s19_fuel_29031417bd1c95a8','Ap Fuel Station Offa Garage Opp Bovas Ilorin','ap fuel station offa garage opp bovas ilorin fuel petrol station filling station  nigeria','place_nigeria_001','commerce',unixepoch(),unixepoch());
INSERT OR IGNORE INTO seed_ingestion_records (id,seed_run_id,entity_type,entity_id,source_id,status) VALUES ('ir_s19_fuel_29031417bd1c95a8','seed_run_s19_fuel_20260502','organization','org_s19_fuel_29031417bd1c95a8','seed_source_osm_fuel_ng_s19_20260502','ingested');
INSERT OR IGNORE INTO seed_entity_sources (id,seed_run_id,entity_type,entity_id,source_id,confidence_tier) VALUES ('es_s19_fuel_29031417bd1c95a8','seed_run_s19_fuel_20260502','organization','org_s19_fuel_29031417bd1c95a8','seed_source_osm_fuel_ng_s19_20260502','seeded');
INSERT OR IGNORE INTO seed_enrichment (id,seed_run_id,entity_type,entity_id,enrichment_type,enrichment_json) VALUES ('enr_s19_fuel_29031417bd1c95a8','seed_run_s19_fuel_20260502','organization','org_s19_fuel_29031417bd1c95a8','seed_source_osm_fuel_ng_s19_20260502','{"osm_id": "13087538616", "osm_type": "node", "amenity": "fuel", "brand": "", "opening_hours": "", "addr_state": "", "addr_lga": ""}');

-- 47. Orange Filling Station Gaa Akanbi Junction Ajasepo Road Ilorin
INSERT OR IGNORE INTO organizations (id,tenant_id,organization_type,legal_name,display_name,registration_number,status,verification_state,created_at,updated_at) VALUES ('org_s19_fuel_2230a3d0e8383edf','tenant_platform_seed','fuel_station','Orange Filling Station Gaa Akanbi Junction Ajasepo Road Ilorin','Orange Filling Station Gaa Akanbi Junction Ajasepo Road Ilorin',NULL,'active','seeded',unixepoch(),unixepoch());
INSERT OR IGNORE INTO profiles (id,subject_id,subject_type,primary_place_id,tenant_id,workspace_id,display_name,created_at,updated_at) VALUES ('prof_s19_fuel_2230a3d0e8383edf','org_s19_fuel_2230a3d0e8383edf','organization','place_nigeria_001','tenant_platform_seed','workspace_platform_seed_discovery','Orange Filling Station Gaa Akanbi Junction Ajasepo Road Ilorin',unixepoch(),unixepoch());
INSERT OR IGNORE INTO search_entries (id,profile_id,display_name,keywords,ancestry_path,vertical,created_at,updated_at) VALUES ('se_s19_fuel_2230a3d0e8383edf','prof_s19_fuel_2230a3d0e8383edf','Orange Filling Station Gaa Akanbi Junction Ajasepo Road Ilorin','orange filling station gaa akanbi junction ajasepo road ilorin fuel petrol station filling station  nigeria','place_nigeria_001','commerce',unixepoch(),unixepoch());
INSERT OR IGNORE INTO seed_ingestion_records (id,seed_run_id,entity_type,entity_id,source_id,status) VALUES ('ir_s19_fuel_2230a3d0e8383edf','seed_run_s19_fuel_20260502','organization','org_s19_fuel_2230a3d0e8383edf','seed_source_osm_fuel_ng_s19_20260502','ingested');
INSERT OR IGNORE INTO seed_entity_sources (id,seed_run_id,entity_type,entity_id,source_id,confidence_tier) VALUES ('es_s19_fuel_2230a3d0e8383edf','seed_run_s19_fuel_20260502','organization','org_s19_fuel_2230a3d0e8383edf','seed_source_osm_fuel_ng_s19_20260502','seeded');
INSERT OR IGNORE INTO seed_enrichment (id,seed_run_id,entity_type,entity_id,enrichment_type,enrichment_json) VALUES ('enr_s19_fuel_2230a3d0e8383edf','seed_run_s19_fuel_20260502','organization','org_s19_fuel_2230a3d0e8383edf','seed_source_osm_fuel_ng_s19_20260502','{"osm_id": "13087549682", "osm_type": "node", "amenity": "fuel", "brand": "", "opening_hours": "", "addr_state": "", "addr_lga": ""}');

-- 48. Offa Garage Eternal Fuel Station Ilorin
INSERT OR IGNORE INTO organizations (id,tenant_id,organization_type,legal_name,display_name,registration_number,status,verification_state,created_at,updated_at) VALUES ('org_s19_fuel_ee78ef2a08be07a1','tenant_platform_seed','fuel_station','Offa Garage Eternal Fuel Station Ilorin','Offa Garage Eternal Fuel Station Ilorin',NULL,'active','seeded',unixepoch(),unixepoch());
INSERT OR IGNORE INTO profiles (id,subject_id,subject_type,primary_place_id,tenant_id,workspace_id,display_name,created_at,updated_at) VALUES ('prof_s19_fuel_ee78ef2a08be07a1','org_s19_fuel_ee78ef2a08be07a1','organization','place_nigeria_001','tenant_platform_seed','workspace_platform_seed_discovery','Offa Garage Eternal Fuel Station Ilorin',unixepoch(),unixepoch());
INSERT OR IGNORE INTO search_entries (id,profile_id,display_name,keywords,ancestry_path,vertical,created_at,updated_at) VALUES ('se_s19_fuel_ee78ef2a08be07a1','prof_s19_fuel_ee78ef2a08be07a1','Offa Garage Eternal Fuel Station Ilorin','offa garage eternal fuel station ilorin fuel petrol station filling station  nigeria','place_nigeria_001','commerce',unixepoch(),unixepoch());
INSERT OR IGNORE INTO seed_ingestion_records (id,seed_run_id,entity_type,entity_id,source_id,status) VALUES ('ir_s19_fuel_ee78ef2a08be07a1','seed_run_s19_fuel_20260502','organization','org_s19_fuel_ee78ef2a08be07a1','seed_source_osm_fuel_ng_s19_20260502','ingested');
INSERT OR IGNORE INTO seed_entity_sources (id,seed_run_id,entity_type,entity_id,source_id,confidence_tier) VALUES ('es_s19_fuel_ee78ef2a08be07a1','seed_run_s19_fuel_20260502','organization','org_s19_fuel_ee78ef2a08be07a1','seed_source_osm_fuel_ng_s19_20260502','seeded');
INSERT OR IGNORE INTO seed_enrichment (id,seed_run_id,entity_type,entity_id,enrichment_type,enrichment_json) VALUES ('enr_s19_fuel_ee78ef2a08be07a1','seed_run_s19_fuel_20260502','organization','org_s19_fuel_ee78ef2a08be07a1','seed_source_osm_fuel_ng_s19_20260502','{"osm_id": "13087551522", "osm_type": "node", "amenity": "fuel", "brand": "", "opening_hours": "", "addr_state": "", "addr_lga": ""}');

-- 49. Emadeb Gas
INSERT OR IGNORE INTO organizations (id,tenant_id,organization_type,legal_name,display_name,registration_number,status,verification_state,created_at,updated_at) VALUES ('org_s19_fuel_7dd2dd44347647be','tenant_platform_seed','fuel_station','Emadeb Gas','Emadeb Gas',NULL,'active','seeded',unixepoch(),unixepoch());
INSERT OR IGNORE INTO profiles (id,subject_id,subject_type,primary_place_id,tenant_id,workspace_id,display_name,created_at,updated_at) VALUES ('prof_s19_fuel_7dd2dd44347647be','org_s19_fuel_7dd2dd44347647be','organization','place_nigeria_001','tenant_platform_seed','workspace_platform_seed_discovery','Emadeb Gas',unixepoch(),unixepoch());
INSERT OR IGNORE INTO search_entries (id,profile_id,display_name,keywords,ancestry_path,vertical,created_at,updated_at) VALUES ('se_s19_fuel_7dd2dd44347647be','prof_s19_fuel_7dd2dd44347647be','Emadeb Gas','emadeb gas fuel petrol station filling station  nigeria','place_nigeria_001','commerce',unixepoch(),unixepoch());
INSERT OR IGNORE INTO seed_ingestion_records (id,seed_run_id,entity_type,entity_id,source_id,status) VALUES ('ir_s19_fuel_7dd2dd44347647be','seed_run_s19_fuel_20260502','organization','org_s19_fuel_7dd2dd44347647be','seed_source_osm_fuel_ng_s19_20260502','ingested');
INSERT OR IGNORE INTO seed_entity_sources (id,seed_run_id,entity_type,entity_id,source_id,confidence_tier) VALUES ('es_s19_fuel_7dd2dd44347647be','seed_run_s19_fuel_20260502','organization','org_s19_fuel_7dd2dd44347647be','seed_source_osm_fuel_ng_s19_20260502','seeded');
INSERT OR IGNORE INTO seed_enrichment (id,seed_run_id,entity_type,entity_id,enrichment_type,enrichment_json) VALUES ('enr_s19_fuel_7dd2dd44347647be','seed_run_s19_fuel_20260502','organization','org_s19_fuel_7dd2dd44347647be','seed_source_osm_fuel_ng_s19_20260502','{"osm_id": "13105894647", "osm_type": "node", "amenity": "fuel", "brand": "", "opening_hours": "", "addr_state": "", "addr_lga": ""}');

-- 50. T and N Gas Station
INSERT OR IGNORE INTO organizations (id,tenant_id,organization_type,legal_name,display_name,registration_number,status,verification_state,created_at,updated_at) VALUES ('org_s19_fuel_118228f183bb449a','tenant_platform_seed','fuel_station','T and N Gas Station','T and N Gas Station',NULL,'active','seeded',unixepoch(),unixepoch());
INSERT OR IGNORE INTO profiles (id,subject_id,subject_type,primary_place_id,tenant_id,workspace_id,display_name,created_at,updated_at) VALUES ('prof_s19_fuel_118228f183bb449a','org_s19_fuel_118228f183bb449a','organization','place_nigeria_001','tenant_platform_seed','workspace_platform_seed_discovery','T and N Gas Station',unixepoch(),unixepoch());
INSERT OR IGNORE INTO search_entries (id,profile_id,display_name,keywords,ancestry_path,vertical,created_at,updated_at) VALUES ('se_s19_fuel_118228f183bb449a','prof_s19_fuel_118228f183bb449a','T and N Gas Station','t and n gas station fuel petrol station filling station  nigeria','place_nigeria_001','commerce',unixepoch(),unixepoch());
INSERT OR IGNORE INTO seed_ingestion_records (id,seed_run_id,entity_type,entity_id,source_id,status) VALUES ('ir_s19_fuel_118228f183bb449a','seed_run_s19_fuel_20260502','organization','org_s19_fuel_118228f183bb449a','seed_source_osm_fuel_ng_s19_20260502','ingested');
INSERT OR IGNORE INTO seed_entity_sources (id,seed_run_id,entity_type,entity_id,source_id,confidence_tier) VALUES ('es_s19_fuel_118228f183bb449a','seed_run_s19_fuel_20260502','organization','org_s19_fuel_118228f183bb449a','seed_source_osm_fuel_ng_s19_20260502','seeded');
INSERT OR IGNORE INTO seed_enrichment (id,seed_run_id,entity_type,entity_id,enrichment_type,enrichment_json) VALUES ('enr_s19_fuel_118228f183bb449a','seed_run_s19_fuel_20260502','organization','org_s19_fuel_118228f183bb449a','seed_source_osm_fuel_ng_s19_20260502','{"osm_id": "13339151638", "osm_type": "node", "amenity": "fuel", "brand": "", "opening_hours": "Mo-Sa 08:00-20:00", "addr_state": "", "addr_lga": ""}');

COMMIT;
