-- ============================================================
-- S05 Batch 5: Lagos State House of Assembly (10th Assembly, 2023-2027)
-- Generated by infra/db/seed/scripts/generate_s05_lagos_assembly_sql.py
-- Source: Wikipedia 'List of members of the Lagos State House of Assembly
--         (2023-2027)' (citing official Lagos HoA website + Nigerian Tribune)
-- 40 members, 40/40 constituencies resolved against S03 jurisdiction seed
-- ============================================================

BEGIN TRANSACTION;

-- Term: Lagos State Assembly 10th Assembly 2023-2027
INSERT OR IGNORE INTO terms (id, label, election_cycle_id, level, office_type,
  jurisdiction_place_id, start_date, end_date, created_at, updated_at)
VALUES (
  'term_ng_lagos_state_assembly_10th_2023_2027',
  'Lagos State Assembly (10th Assembly, 2023-2027)',
  'cycle_ng_state_general_2023',
  'state',
  'state_assembly_member',
  'place_state_lagos',
  '2023-06-06',
  '2027-06-05',
  unixepoch(), unixepoch()
);

-- S04 seed run and source
INSERT OR IGNORE INTO seed_runs (id, label, phase, status, started_at, completed_at)
VALUES ('seed_run_s05_political_foundation_lagos_assembly_20260422', 'S05 Batch 5 – Lagos State Assembly 2023-2027',
  'S05', 'completed', unixepoch(), unixepoch());

INSERT OR IGNORE INTO seed_sources (id, label, source_type, url, confidence_tier, notes)
VALUES ('seed_source_wikipedia_lagos_assembly_2023_20260422',
  'Wikipedia – List of members of the Lagos State House of Assembly (2023–2027)',
  'editorial_aggregator',
  'https://en.wikipedia.org/wiki/List_of_members_of_the_Lagos_State_House_of_Assembly_(2023%E2%80%932027)',
  'editorial_verified',
  'Wikipedia page cites the official Lagos State House of Assembly website
   (https://www.lagoshouseofassembly.gov.ng/meet-our-members/) and Nigerian Tribune as primary sources.');

INSERT OR IGNORE INTO seed_raw_artifacts (id, seed_run_id, artifact_type, file_path, content_hash, row_count, notes)
VALUES ('seed_artifact_s05_lagos_assembly_normalized_20260422',
  'seed_run_s05_political_foundation_lagos_assembly_20260422',
  'normalized_json',
  'infra/db/seed/sources/s05_lagos_assembly_normalized_20260422.json',
  '88c424ed10fdaf698154bfd5e60ff6afeb06eab06bc5fcaa2b83e062ad4956b0',
  40,
  '40 Lagos State Assembly members, 40/40 constituencies resolved, 0 deferred');

-- 01. Mudashiru A. Obasa – AGEGE I
INSERT OR IGNORE INTO individuals
  (id, full_name, tenant_id, workspace_id, verification_state, created_at, updated_at)
VALUES (
  'ind_bbc7355e738d7f84', 'Mudashiru A. Obasa',
  'tenant_platform_seed', 'workspace_platform_seed_discovery', 'editorial_verified', unixepoch(), unixepoch()
);
INSERT OR IGNORE INTO profiles
  (id, subject_id, subject_type, primary_place_id, tenant_id, workspace_id,
   display_name, created_at, updated_at)
VALUES (
  'prof_bbc7355e738d7f84', 'ind_bbc7355e738d7f84', 'individual', 'place_state_constituency_sc_632_la',
  'tenant_platform_seed', 'workspace_platform_seed_discovery',
  'Mudashiru A. Obasa', unixepoch(), unixepoch()
);
INSERT OR IGNORE INTO politician_profiles
  (id, profile_id, office_title, jurisdiction_place_id, created_at, updated_at)
VALUES (
  'pp_bbc7355e738d7f84', 'prof_bbc7355e738d7f84',
  'Member, Lagos State House of Assembly (AGEGE I)',
  'place_state_constituency_sc_632_la', unixepoch(), unixepoch()
);
INSERT OR IGNORE INTO political_assignments
  (id, individual_id, term_id, jurisdiction_place_id, office_type,
   took_office_year, left_office_year, created_at, updated_at)
VALUES (
  'assign_bbc7355e738d7f84', 'ind_bbc7355e738d7f84', 'term_ng_lagos_state_assembly_10th_2023_2027',
  'place_state_constituency_sc_632_la', 'state_assembly_member', 2023, NULL, unixepoch(), unixepoch()
);
INSERT OR IGNORE INTO party_affiliations
  (id, individual_id, party_id, start_year, is_current, created_at, updated_at)
VALUES (
  'aff_bbc7355e738d7f84', 'ind_bbc7355e738d7f84', 'org_political_party_apc', 2023, 1, unixepoch(), unixepoch()
);
-- S04 sidecars
INSERT OR IGNORE INTO seed_dedupe_decisions
  (id, seed_run_id, entity_type, dedup_key, decision, canonical_id, notes)
VALUES (
  'dd_bbc7355e738d7f84', 'seed_run_s05_political_foundation_lagos_assembly_20260422', 'individual', 'ng_state_assembly_member|lagos|agege i|2023',
  'insert', 'ind_bbc7355e738d7f84',
  'Unique: Lagos AGEGE I seat 2023-2027');
INSERT OR IGNORE INTO seed_ingestion_records
  (id, seed_run_id, entity_type, entity_id, source_id, status)
VALUES (
  'ir_bbc7355e738d7f84', 'seed_run_s05_political_foundation_lagos_assembly_20260422', 'individual', 'ind_bbc7355e738d7f84', 'seed_source_wikipedia_lagos_assembly_2023_20260422', 'ingested');
INSERT OR IGNORE INTO seed_identity_map
  (id, seed_run_id, source_id, source_entity_key, canonical_entity_id, entity_type)
VALUES (
  'im_bbc7355e738d7f84', 'seed_run_s05_political_foundation_lagos_assembly_20260422', 'seed_source_wikipedia_lagos_assembly_2023_20260422',
  'wp_lagos_assembly_2023_agege_i',
  'ind_bbc7355e738d7f84', 'individual');
INSERT OR IGNORE INTO seed_place_resolutions
  (id, seed_run_id, source_name, resolved_place_id, resolution_method, confidence)
VALUES (
  'pr_bbc7355e738d7f84', 'seed_run_s05_political_foundation_lagos_assembly_20260422',
  'Lagos AGEGE I', 'place_state_constituency_sc_632_la', 'exact_alias', 1.0);
INSERT OR IGNORE INTO seed_entity_sources
  (id, seed_run_id, entity_type, entity_id, source_id, confidence_tier)
VALUES (
  'es_bbc7355e738d7f84', 'seed_run_s05_political_foundation_lagos_assembly_20260422', 'individual', 'ind_bbc7355e738d7f84',
  'seed_source_wikipedia_lagos_assembly_2023_20260422', 'editorial_verified');
INSERT OR IGNORE INTO seed_enrichment
  (id, seed_run_id, entity_type, entity_id, enrichment_type, enrichment_json)
VALUES (
  'enr_bbc7355e738d7f84', 'seed_run_s05_political_foundation_lagos_assembly_20260422', 'individual', 'ind_bbc7355e738d7f84',
  'political_assignment', '{"constituency_wp": "Agege 01", "constituency_inec": "AGEGE I", "party_abbrev": "APC", "position": "Speaker", "source_url": "https://en.wikipedia.org/wiki/List_of_members_of_the_Lagos_State_House_of_Assembly_(2023%E2%80%932027)", "resolution_method": "alias"}');
INSERT OR IGNORE INTO search_entries
  (id, profile_id, display_name, keywords, ancestry_path, vertical, created_at, updated_at)
VALUES (
  'se_bbc7355e738d7f84', 'prof_bbc7355e738d7f84',
  'Mudashiru A. Obasa',
  'Mudashiru A. Obasa lagos state assembly agege i apc politician legislator state house',
  'place_nigeria_001/place_zone_south_west/place_state_lagos/place_state_constituency_sc_632_la',
  'politician', unixepoch(), unixepoch()
);

-- 02. Abdulkareem Jubreel Ayodeji – AGEGE II
INSERT OR IGNORE INTO individuals
  (id, full_name, tenant_id, workspace_id, verification_state, created_at, updated_at)
VALUES (
  'ind_9be090df21900392', 'Abdulkareem Jubreel Ayodeji',
  'tenant_platform_seed', 'workspace_platform_seed_discovery', 'editorial_verified', unixepoch(), unixepoch()
);
INSERT OR IGNORE INTO profiles
  (id, subject_id, subject_type, primary_place_id, tenant_id, workspace_id,
   display_name, created_at, updated_at)
VALUES (
  'prof_9be090df21900392', 'ind_9be090df21900392', 'individual', 'place_state_constituency_sc_633_la',
  'tenant_platform_seed', 'workspace_platform_seed_discovery',
  'Abdulkareem Jubreel Ayodeji', unixepoch(), unixepoch()
);
INSERT OR IGNORE INTO politician_profiles
  (id, profile_id, office_title, jurisdiction_place_id, created_at, updated_at)
VALUES (
  'pp_9be090df21900392', 'prof_9be090df21900392',
  'Member, Lagos State House of Assembly (AGEGE II)',
  'place_state_constituency_sc_633_la', unixepoch(), unixepoch()
);
INSERT OR IGNORE INTO political_assignments
  (id, individual_id, term_id, jurisdiction_place_id, office_type,
   took_office_year, left_office_year, created_at, updated_at)
VALUES (
  'assign_9be090df21900392', 'ind_9be090df21900392', 'term_ng_lagos_state_assembly_10th_2023_2027',
  'place_state_constituency_sc_633_la', 'state_assembly_member', 2023, NULL, unixepoch(), unixepoch()
);
INSERT OR IGNORE INTO party_affiliations
  (id, individual_id, party_id, start_year, is_current, created_at, updated_at)
VALUES (
  'aff_9be090df21900392', 'ind_9be090df21900392', 'org_political_party_apc', 2023, 1, unixepoch(), unixepoch()
);
-- S04 sidecars
INSERT OR IGNORE INTO seed_dedupe_decisions
  (id, seed_run_id, entity_type, dedup_key, decision, canonical_id, notes)
VALUES (
  'dd_9be090df21900392', 'seed_run_s05_political_foundation_lagos_assembly_20260422', 'individual', 'ng_state_assembly_member|lagos|agege ii|2023',
  'insert', 'ind_9be090df21900392',
  'Unique: Lagos AGEGE II seat 2023-2027');
INSERT OR IGNORE INTO seed_ingestion_records
  (id, seed_run_id, entity_type, entity_id, source_id, status)
VALUES (
  'ir_9be090df21900392', 'seed_run_s05_political_foundation_lagos_assembly_20260422', 'individual', 'ind_9be090df21900392', 'seed_source_wikipedia_lagos_assembly_2023_20260422', 'ingested');
INSERT OR IGNORE INTO seed_identity_map
  (id, seed_run_id, source_id, source_entity_key, canonical_entity_id, entity_type)
VALUES (
  'im_9be090df21900392', 'seed_run_s05_political_foundation_lagos_assembly_20260422', 'seed_source_wikipedia_lagos_assembly_2023_20260422',
  'wp_lagos_assembly_2023_agege_ii',
  'ind_9be090df21900392', 'individual');
INSERT OR IGNORE INTO seed_place_resolutions
  (id, seed_run_id, source_name, resolved_place_id, resolution_method, confidence)
VALUES (
  'pr_9be090df21900392', 'seed_run_s05_political_foundation_lagos_assembly_20260422',
  'Lagos AGEGE II', 'place_state_constituency_sc_633_la', 'exact_alias', 1.0);
INSERT OR IGNORE INTO seed_entity_sources
  (id, seed_run_id, entity_type, entity_id, source_id, confidence_tier)
VALUES (
  'es_9be090df21900392', 'seed_run_s05_political_foundation_lagos_assembly_20260422', 'individual', 'ind_9be090df21900392',
  'seed_source_wikipedia_lagos_assembly_2023_20260422', 'editorial_verified');
INSERT OR IGNORE INTO seed_enrichment
  (id, seed_run_id, entity_type, entity_id, enrichment_type, enrichment_json)
VALUES (
  'enr_9be090df21900392', 'seed_run_s05_political_foundation_lagos_assembly_20260422', 'individual', 'ind_9be090df21900392',
  'political_assignment', '{"constituency_wp": "Agege 02", "constituency_inec": "AGEGE II", "party_abbrev": "APC", "position": "Member", "source_url": "https://en.wikipedia.org/wiki/List_of_members_of_the_Lagos_State_House_of_Assembly_(2023%E2%80%932027)", "resolution_method": "alias"}');
INSERT OR IGNORE INTO search_entries
  (id, profile_id, display_name, keywords, ancestry_path, vertical, created_at, updated_at)
VALUES (
  'se_9be090df21900392', 'prof_9be090df21900392',
  'Abdulkareem Jubreel Ayodeji',
  'Abdulkareem Jubreel Ayodeji lagos state assembly agege ii apc politician legislator state house',
  'place_nigeria_001/place_zone_south_west/place_state_lagos/place_state_constituency_sc_633_la',
  'politician', unixepoch(), unixepoch()
);

-- 03. Olumoh Saad Lukman – AJEROMI/IFELODUN I
INSERT OR IGNORE INTO individuals
  (id, full_name, tenant_id, workspace_id, verification_state, created_at, updated_at)
VALUES (
  'ind_3c5865700fd91339', 'Olumoh Saad Lukman',
  'tenant_platform_seed', 'workspace_platform_seed_discovery', 'editorial_verified', unixepoch(), unixepoch()
);
INSERT OR IGNORE INTO profiles
  (id, subject_id, subject_type, primary_place_id, tenant_id, workspace_id,
   display_name, created_at, updated_at)
VALUES (
  'prof_3c5865700fd91339', 'ind_3c5865700fd91339', 'individual', 'place_state_constituency_sc_634_la',
  'tenant_platform_seed', 'workspace_platform_seed_discovery',
  'Olumoh Saad Lukman', unixepoch(), unixepoch()
);
INSERT OR IGNORE INTO politician_profiles
  (id, profile_id, office_title, jurisdiction_place_id, created_at, updated_at)
VALUES (
  'pp_3c5865700fd91339', 'prof_3c5865700fd91339',
  'Member, Lagos State House of Assembly (AJEROMI/IFELODUN I)',
  'place_state_constituency_sc_634_la', unixepoch(), unixepoch()
);
INSERT OR IGNORE INTO political_assignments
  (id, individual_id, term_id, jurisdiction_place_id, office_type,
   took_office_year, left_office_year, created_at, updated_at)
VALUES (
  'assign_3c5865700fd91339', 'ind_3c5865700fd91339', 'term_ng_lagos_state_assembly_10th_2023_2027',
  'place_state_constituency_sc_634_la', 'state_assembly_member', 2023, NULL, unixepoch(), unixepoch()
);
INSERT OR IGNORE INTO party_affiliations
  (id, individual_id, party_id, start_year, is_current, created_at, updated_at)
VALUES (
  'aff_3c5865700fd91339', 'ind_3c5865700fd91339', 'org_political_party_apc', 2023, 1, unixepoch(), unixepoch()
);
-- S04 sidecars
INSERT OR IGNORE INTO seed_dedupe_decisions
  (id, seed_run_id, entity_type, dedup_key, decision, canonical_id, notes)
VALUES (
  'dd_3c5865700fd91339', 'seed_run_s05_political_foundation_lagos_assembly_20260422', 'individual', 'ng_state_assembly_member|lagos|ajeromi/ifelodun i|2023',
  'insert', 'ind_3c5865700fd91339',
  'Unique: Lagos AJEROMI/IFELODUN I seat 2023-2027');
INSERT OR IGNORE INTO seed_ingestion_records
  (id, seed_run_id, entity_type, entity_id, source_id, status)
VALUES (
  'ir_3c5865700fd91339', 'seed_run_s05_political_foundation_lagos_assembly_20260422', 'individual', 'ind_3c5865700fd91339', 'seed_source_wikipedia_lagos_assembly_2023_20260422', 'ingested');
INSERT OR IGNORE INTO seed_identity_map
  (id, seed_run_id, source_id, source_entity_key, canonical_entity_id, entity_type)
VALUES (
  'im_3c5865700fd91339', 'seed_run_s05_political_foundation_lagos_assembly_20260422', 'seed_source_wikipedia_lagos_assembly_2023_20260422',
  'wp_lagos_assembly_2023_ajeromi_ifelodun_i',
  'ind_3c5865700fd91339', 'individual');
INSERT OR IGNORE INTO seed_place_resolutions
  (id, seed_run_id, source_name, resolved_place_id, resolution_method, confidence)
VALUES (
  'pr_3c5865700fd91339', 'seed_run_s05_political_foundation_lagos_assembly_20260422',
  'Lagos AJEROMI/IFELODUN I', 'place_state_constituency_sc_634_la', 'exact_alias', 1.0);
INSERT OR IGNORE INTO seed_entity_sources
  (id, seed_run_id, entity_type, entity_id, source_id, confidence_tier)
VALUES (
  'es_3c5865700fd91339', 'seed_run_s05_political_foundation_lagos_assembly_20260422', 'individual', 'ind_3c5865700fd91339',
  'seed_source_wikipedia_lagos_assembly_2023_20260422', 'editorial_verified');
INSERT OR IGNORE INTO seed_enrichment
  (id, seed_run_id, entity_type, entity_id, enrichment_type, enrichment_json)
VALUES (
  'enr_3c5865700fd91339', 'seed_run_s05_political_foundation_lagos_assembly_20260422', 'individual', 'ind_3c5865700fd91339',
  'political_assignment', '{"constituency_wp": "Ajeromi-Ifelodun 01", "constituency_inec": "AJEROMI/IFELODUN I", "party_abbrev": "APC", "position": "Member", "source_url": "https://en.wikipedia.org/wiki/List_of_members_of_the_Lagos_State_House_of_Assembly_(2023%E2%80%932027)", "resolution_method": "alias"}');
INSERT OR IGNORE INTO search_entries
  (id, profile_id, display_name, keywords, ancestry_path, vertical, created_at, updated_at)
VALUES (
  'se_3c5865700fd91339', 'prof_3c5865700fd91339',
  'Olumoh Saad Lukman',
  'Olumoh Saad Lukman lagos state assembly ajeromi/ifelodun i apc politician legislator state house',
  'place_nigeria_001/place_zone_south_west/place_state_lagos/place_state_constituency_sc_634_la',
  'politician', unixepoch(), unixepoch()
);

-- 04. Oluwa Sabur Akanbi – AJEROMI/IFELODUN II
INSERT OR IGNORE INTO individuals
  (id, full_name, tenant_id, workspace_id, verification_state, created_at, updated_at)
VALUES (
  'ind_e2f70937cd6d435a', 'Oluwa Sabur Akanbi',
  'tenant_platform_seed', 'workspace_platform_seed_discovery', 'editorial_verified', unixepoch(), unixepoch()
);
INSERT OR IGNORE INTO profiles
  (id, subject_id, subject_type, primary_place_id, tenant_id, workspace_id,
   display_name, created_at, updated_at)
VALUES (
  'prof_e2f70937cd6d435a', 'ind_e2f70937cd6d435a', 'individual', 'place_state_constituency_sc_635_la',
  'tenant_platform_seed', 'workspace_platform_seed_discovery',
  'Oluwa Sabur Akanbi', unixepoch(), unixepoch()
);
INSERT OR IGNORE INTO politician_profiles
  (id, profile_id, office_title, jurisdiction_place_id, created_at, updated_at)
VALUES (
  'pp_e2f70937cd6d435a', 'prof_e2f70937cd6d435a',
  'Member, Lagos State House of Assembly (AJEROMI/IFELODUN II)',
  'place_state_constituency_sc_635_la', unixepoch(), unixepoch()
);
INSERT OR IGNORE INTO political_assignments
  (id, individual_id, term_id, jurisdiction_place_id, office_type,
   took_office_year, left_office_year, created_at, updated_at)
VALUES (
  'assign_e2f70937cd6d435a', 'ind_e2f70937cd6d435a', 'term_ng_lagos_state_assembly_10th_2023_2027',
  'place_state_constituency_sc_635_la', 'state_assembly_member', 2023, NULL, unixepoch(), unixepoch()
);
INSERT OR IGNORE INTO party_affiliations
  (id, individual_id, party_id, start_year, is_current, created_at, updated_at)
VALUES (
  'aff_e2f70937cd6d435a', 'ind_e2f70937cd6d435a', 'org_political_party_apc', 2023, 1, unixepoch(), unixepoch()
);
-- S04 sidecars
INSERT OR IGNORE INTO seed_dedupe_decisions
  (id, seed_run_id, entity_type, dedup_key, decision, canonical_id, notes)
VALUES (
  'dd_e2f70937cd6d435a', 'seed_run_s05_political_foundation_lagos_assembly_20260422', 'individual', 'ng_state_assembly_member|lagos|ajeromi/ifelodun ii|2023',
  'insert', 'ind_e2f70937cd6d435a',
  'Unique: Lagos AJEROMI/IFELODUN II seat 2023-2027');
INSERT OR IGNORE INTO seed_ingestion_records
  (id, seed_run_id, entity_type, entity_id, source_id, status)
VALUES (
  'ir_e2f70937cd6d435a', 'seed_run_s05_political_foundation_lagos_assembly_20260422', 'individual', 'ind_e2f70937cd6d435a', 'seed_source_wikipedia_lagos_assembly_2023_20260422', 'ingested');
INSERT OR IGNORE INTO seed_identity_map
  (id, seed_run_id, source_id, source_entity_key, canonical_entity_id, entity_type)
VALUES (
  'im_e2f70937cd6d435a', 'seed_run_s05_political_foundation_lagos_assembly_20260422', 'seed_source_wikipedia_lagos_assembly_2023_20260422',
  'wp_lagos_assembly_2023_ajeromi_ifelodun_ii',
  'ind_e2f70937cd6d435a', 'individual');
INSERT OR IGNORE INTO seed_place_resolutions
  (id, seed_run_id, source_name, resolved_place_id, resolution_method, confidence)
VALUES (
  'pr_e2f70937cd6d435a', 'seed_run_s05_political_foundation_lagos_assembly_20260422',
  'Lagos AJEROMI/IFELODUN II', 'place_state_constituency_sc_635_la', 'exact_alias', 1.0);
INSERT OR IGNORE INTO seed_entity_sources
  (id, seed_run_id, entity_type, entity_id, source_id, confidence_tier)
VALUES (
  'es_e2f70937cd6d435a', 'seed_run_s05_political_foundation_lagos_assembly_20260422', 'individual', 'ind_e2f70937cd6d435a',
  'seed_source_wikipedia_lagos_assembly_2023_20260422', 'editorial_verified');
INSERT OR IGNORE INTO seed_enrichment
  (id, seed_run_id, entity_type, entity_id, enrichment_type, enrichment_json)
VALUES (
  'enr_e2f70937cd6d435a', 'seed_run_s05_political_foundation_lagos_assembly_20260422', 'individual', 'ind_e2f70937cd6d435a',
  'political_assignment', '{"constituency_wp": "Ajeromiifelodun 02", "constituency_inec": "AJEROMI/IFELODUN II", "party_abbrev": "APC", "position": "Member", "source_url": "https://en.wikipedia.org/wiki/List_of_members_of_the_Lagos_State_House_of_Assembly_(2023%E2%80%932027)", "resolution_method": "alias"}');
INSERT OR IGNORE INTO search_entries
  (id, profile_id, display_name, keywords, ancestry_path, vertical, created_at, updated_at)
VALUES (
  'se_e2f70937cd6d435a', 'prof_e2f70937cd6d435a',
  'Oluwa Sabur Akanbi',
  'Oluwa Sabur Akanbi lagos state assembly ajeromi/ifelodun ii apc politician legislator state house',
  'place_nigeria_001/place_zone_south_west/place_state_lagos/place_state_constituency_sc_635_la',
  'politician', unixepoch(), unixepoch()
);

-- 05. Jimoh Orelope – ALIMOSHO I
INSERT OR IGNORE INTO individuals
  (id, full_name, tenant_id, workspace_id, verification_state, created_at, updated_at)
VALUES (
  'ind_224a44ce1e2af0b5', 'Jimoh Orelope',
  'tenant_platform_seed', 'workspace_platform_seed_discovery', 'editorial_verified', unixepoch(), unixepoch()
);
INSERT OR IGNORE INTO profiles
  (id, subject_id, subject_type, primary_place_id, tenant_id, workspace_id,
   display_name, created_at, updated_at)
VALUES (
  'prof_224a44ce1e2af0b5', 'ind_224a44ce1e2af0b5', 'individual', 'place_state_constituency_sc_636_la',
  'tenant_platform_seed', 'workspace_platform_seed_discovery',
  'Jimoh Orelope', unixepoch(), unixepoch()
);
INSERT OR IGNORE INTO politician_profiles
  (id, profile_id, office_title, jurisdiction_place_id, created_at, updated_at)
VALUES (
  'pp_224a44ce1e2af0b5', 'prof_224a44ce1e2af0b5',
  'Member, Lagos State House of Assembly (ALIMOSHO I)',
  'place_state_constituency_sc_636_la', unixepoch(), unixepoch()
);
INSERT OR IGNORE INTO political_assignments
  (id, individual_id, term_id, jurisdiction_place_id, office_type,
   took_office_year, left_office_year, created_at, updated_at)
VALUES (
  'assign_224a44ce1e2af0b5', 'ind_224a44ce1e2af0b5', 'term_ng_lagos_state_assembly_10th_2023_2027',
  'place_state_constituency_sc_636_la', 'state_assembly_member', 2023, NULL, unixepoch(), unixepoch()
);
INSERT OR IGNORE INTO party_affiliations
  (id, individual_id, party_id, start_year, is_current, created_at, updated_at)
VALUES (
  'aff_224a44ce1e2af0b5', 'ind_224a44ce1e2af0b5', 'org_political_party_apc', 2023, 1, unixepoch(), unixepoch()
);
-- S04 sidecars
INSERT OR IGNORE INTO seed_dedupe_decisions
  (id, seed_run_id, entity_type, dedup_key, decision, canonical_id, notes)
VALUES (
  'dd_224a44ce1e2af0b5', 'seed_run_s05_political_foundation_lagos_assembly_20260422', 'individual', 'ng_state_assembly_member|lagos|alimosho i|2023',
  'insert', 'ind_224a44ce1e2af0b5',
  'Unique: Lagos ALIMOSHO I seat 2023-2027');
INSERT OR IGNORE INTO seed_ingestion_records
  (id, seed_run_id, entity_type, entity_id, source_id, status)
VALUES (
  'ir_224a44ce1e2af0b5', 'seed_run_s05_political_foundation_lagos_assembly_20260422', 'individual', 'ind_224a44ce1e2af0b5', 'seed_source_wikipedia_lagos_assembly_2023_20260422', 'ingested');
INSERT OR IGNORE INTO seed_identity_map
  (id, seed_run_id, source_id, source_entity_key, canonical_entity_id, entity_type)
VALUES (
  'im_224a44ce1e2af0b5', 'seed_run_s05_political_foundation_lagos_assembly_20260422', 'seed_source_wikipedia_lagos_assembly_2023_20260422',
  'wp_lagos_assembly_2023_alimosho_i',
  'ind_224a44ce1e2af0b5', 'individual');
INSERT OR IGNORE INTO seed_place_resolutions
  (id, seed_run_id, source_name, resolved_place_id, resolution_method, confidence)
VALUES (
  'pr_224a44ce1e2af0b5', 'seed_run_s05_political_foundation_lagos_assembly_20260422',
  'Lagos ALIMOSHO I', 'place_state_constituency_sc_636_la', 'exact_alias', 1.0);
INSERT OR IGNORE INTO seed_entity_sources
  (id, seed_run_id, entity_type, entity_id, source_id, confidence_tier)
VALUES (
  'es_224a44ce1e2af0b5', 'seed_run_s05_political_foundation_lagos_assembly_20260422', 'individual', 'ind_224a44ce1e2af0b5',
  'seed_source_wikipedia_lagos_assembly_2023_20260422', 'editorial_verified');
INSERT OR IGNORE INTO seed_enrichment
  (id, seed_run_id, entity_type, entity_id, enrichment_type, enrichment_json)
VALUES (
  'enr_224a44ce1e2af0b5', 'seed_run_s05_political_foundation_lagos_assembly_20260422', 'individual', 'ind_224a44ce1e2af0b5',
  'political_assignment', '{"constituency_wp": "Alimosho 01", "constituency_inec": "ALIMOSHO I", "party_abbrev": "APC", "position": "Member", "source_url": "https://en.wikipedia.org/wiki/List_of_members_of_the_Lagos_State_House_of_Assembly_(2023%E2%80%932027)", "resolution_method": "alias"}');
INSERT OR IGNORE INTO search_entries
  (id, profile_id, display_name, keywords, ancestry_path, vertical, created_at, updated_at)
VALUES (
  'se_224a44ce1e2af0b5', 'prof_224a44ce1e2af0b5',
  'Jimoh Orelope',
  'Jimoh Orelope lagos state assembly alimosho i apc politician legislator state house',
  'place_nigeria_001/place_zone_south_west/place_state_lagos/place_state_constituency_sc_636_la',
  'politician', unixepoch(), unixepoch()
);

-- 06. Kehinde O. Joseph – ALIMOSHO II
INSERT OR IGNORE INTO individuals
  (id, full_name, tenant_id, workspace_id, verification_state, created_at, updated_at)
VALUES (
  'ind_3f3971d2ec43ca0c', 'Kehinde O. Joseph',
  'tenant_platform_seed', 'workspace_platform_seed_discovery', 'editorial_verified', unixepoch(), unixepoch()
);
INSERT OR IGNORE INTO profiles
  (id, subject_id, subject_type, primary_place_id, tenant_id, workspace_id,
   display_name, created_at, updated_at)
VALUES (
  'prof_3f3971d2ec43ca0c', 'ind_3f3971d2ec43ca0c', 'individual', 'place_state_constituency_sc_637_la',
  'tenant_platform_seed', 'workspace_platform_seed_discovery',
  'Kehinde O. Joseph', unixepoch(), unixepoch()
);
INSERT OR IGNORE INTO politician_profiles
  (id, profile_id, office_title, jurisdiction_place_id, created_at, updated_at)
VALUES (
  'pp_3f3971d2ec43ca0c', 'prof_3f3971d2ec43ca0c',
  'Member, Lagos State House of Assembly (ALIMOSHO II)',
  'place_state_constituency_sc_637_la', unixepoch(), unixepoch()
);
INSERT OR IGNORE INTO political_assignments
  (id, individual_id, term_id, jurisdiction_place_id, office_type,
   took_office_year, left_office_year, created_at, updated_at)
VALUES (
  'assign_3f3971d2ec43ca0c', 'ind_3f3971d2ec43ca0c', 'term_ng_lagos_state_assembly_10th_2023_2027',
  'place_state_constituency_sc_637_la', 'state_assembly_member', 2023, NULL, unixepoch(), unixepoch()
);
INSERT OR IGNORE INTO party_affiliations
  (id, individual_id, party_id, start_year, is_current, created_at, updated_at)
VALUES (
  'aff_3f3971d2ec43ca0c', 'ind_3f3971d2ec43ca0c', 'org_political_party_apc', 2023, 1, unixepoch(), unixepoch()
);
-- S04 sidecars
INSERT OR IGNORE INTO seed_dedupe_decisions
  (id, seed_run_id, entity_type, dedup_key, decision, canonical_id, notes)
VALUES (
  'dd_3f3971d2ec43ca0c', 'seed_run_s05_political_foundation_lagos_assembly_20260422', 'individual', 'ng_state_assembly_member|lagos|alimosho ii|2023',
  'insert', 'ind_3f3971d2ec43ca0c',
  'Unique: Lagos ALIMOSHO II seat 2023-2027');
INSERT OR IGNORE INTO seed_ingestion_records
  (id, seed_run_id, entity_type, entity_id, source_id, status)
VALUES (
  'ir_3f3971d2ec43ca0c', 'seed_run_s05_political_foundation_lagos_assembly_20260422', 'individual', 'ind_3f3971d2ec43ca0c', 'seed_source_wikipedia_lagos_assembly_2023_20260422', 'ingested');
INSERT OR IGNORE INTO seed_identity_map
  (id, seed_run_id, source_id, source_entity_key, canonical_entity_id, entity_type)
VALUES (
  'im_3f3971d2ec43ca0c', 'seed_run_s05_political_foundation_lagos_assembly_20260422', 'seed_source_wikipedia_lagos_assembly_2023_20260422',
  'wp_lagos_assembly_2023_alimosho_ii',
  'ind_3f3971d2ec43ca0c', 'individual');
INSERT OR IGNORE INTO seed_place_resolutions
  (id, seed_run_id, source_name, resolved_place_id, resolution_method, confidence)
VALUES (
  'pr_3f3971d2ec43ca0c', 'seed_run_s05_political_foundation_lagos_assembly_20260422',
  'Lagos ALIMOSHO II', 'place_state_constituency_sc_637_la', 'exact_alias', 1.0);
INSERT OR IGNORE INTO seed_entity_sources
  (id, seed_run_id, entity_type, entity_id, source_id, confidence_tier)
VALUES (
  'es_3f3971d2ec43ca0c', 'seed_run_s05_political_foundation_lagos_assembly_20260422', 'individual', 'ind_3f3971d2ec43ca0c',
  'seed_source_wikipedia_lagos_assembly_2023_20260422', 'editorial_verified');
INSERT OR IGNORE INTO seed_enrichment
  (id, seed_run_id, entity_type, entity_id, enrichment_type, enrichment_json)
VALUES (
  'enr_3f3971d2ec43ca0c', 'seed_run_s05_political_foundation_lagos_assembly_20260422', 'individual', 'ind_3f3971d2ec43ca0c',
  'political_assignment', '{"constituency_wp": "Alimosho 02", "constituency_inec": "ALIMOSHO II", "party_abbrev": "APC", "position": "Member", "source_url": "https://en.wikipedia.org/wiki/List_of_members_of_the_Lagos_State_House_of_Assembly_(2023%E2%80%932027)", "resolution_method": "alias"}');
INSERT OR IGNORE INTO search_entries
  (id, profile_id, display_name, keywords, ancestry_path, vertical, created_at, updated_at)
VALUES (
  'se_3f3971d2ec43ca0c', 'prof_3f3971d2ec43ca0c',
  'Kehinde O. Joseph',
  'Kehinde O. Joseph lagos state assembly alimosho ii apc politician legislator state house',
  'place_nigeria_001/place_zone_south_west/place_state_lagos/place_state_constituency_sc_637_la',
  'politician', unixepoch(), unixepoch()
);

-- 07. Foluke Osafile – AMUWO ODOFIN I
INSERT OR IGNORE INTO individuals
  (id, full_name, tenant_id, workspace_id, verification_state, created_at, updated_at)
VALUES (
  'ind_7532571cb5711810', 'Foluke Osafile',
  'tenant_platform_seed', 'workspace_platform_seed_discovery', 'editorial_verified', unixepoch(), unixepoch()
);
INSERT OR IGNORE INTO profiles
  (id, subject_id, subject_type, primary_place_id, tenant_id, workspace_id,
   display_name, created_at, updated_at)
VALUES (
  'prof_7532571cb5711810', 'ind_7532571cb5711810', 'individual', 'place_state_constituency_sc_638_la',
  'tenant_platform_seed', 'workspace_platform_seed_discovery',
  'Foluke Osafile', unixepoch(), unixepoch()
);
INSERT OR IGNORE INTO politician_profiles
  (id, profile_id, office_title, jurisdiction_place_id, created_at, updated_at)
VALUES (
  'pp_7532571cb5711810', 'prof_7532571cb5711810',
  'Member, Lagos State House of Assembly (AMUWO ODOFIN I)',
  'place_state_constituency_sc_638_la', unixepoch(), unixepoch()
);
INSERT OR IGNORE INTO political_assignments
  (id, individual_id, term_id, jurisdiction_place_id, office_type,
   took_office_year, left_office_year, created_at, updated_at)
VALUES (
  'assign_7532571cb5711810', 'ind_7532571cb5711810', 'term_ng_lagos_state_assembly_10th_2023_2027',
  'place_state_constituency_sc_638_la', 'state_assembly_member', 2023, NULL, unixepoch(), unixepoch()
);
INSERT OR IGNORE INTO party_affiliations
  (id, individual_id, party_id, start_year, is_current, created_at, updated_at)
VALUES (
  'aff_7532571cb5711810', 'ind_7532571cb5711810', 'org_political_party_lp', 2023, 1, unixepoch(), unixepoch()
);
-- S04 sidecars
INSERT OR IGNORE INTO seed_dedupe_decisions
  (id, seed_run_id, entity_type, dedup_key, decision, canonical_id, notes)
VALUES (
  'dd_7532571cb5711810', 'seed_run_s05_political_foundation_lagos_assembly_20260422', 'individual', 'ng_state_assembly_member|lagos|amuwo odofin i|2023',
  'insert', 'ind_7532571cb5711810',
  'Unique: Lagos AMUWO ODOFIN I seat 2023-2027');
INSERT OR IGNORE INTO seed_ingestion_records
  (id, seed_run_id, entity_type, entity_id, source_id, status)
VALUES (
  'ir_7532571cb5711810', 'seed_run_s05_political_foundation_lagos_assembly_20260422', 'individual', 'ind_7532571cb5711810', 'seed_source_wikipedia_lagos_assembly_2023_20260422', 'ingested');
INSERT OR IGNORE INTO seed_identity_map
  (id, seed_run_id, source_id, source_entity_key, canonical_entity_id, entity_type)
VALUES (
  'im_7532571cb5711810', 'seed_run_s05_political_foundation_lagos_assembly_20260422', 'seed_source_wikipedia_lagos_assembly_2023_20260422',
  'wp_lagos_assembly_2023_amuwo_odofin_i',
  'ind_7532571cb5711810', 'individual');
INSERT OR IGNORE INTO seed_place_resolutions
  (id, seed_run_id, source_name, resolved_place_id, resolution_method, confidence)
VALUES (
  'pr_7532571cb5711810', 'seed_run_s05_political_foundation_lagos_assembly_20260422',
  'Lagos AMUWO ODOFIN I', 'place_state_constituency_sc_638_la', 'exact_alias', 1.0);
INSERT OR IGNORE INTO seed_entity_sources
  (id, seed_run_id, entity_type, entity_id, source_id, confidence_tier)
VALUES (
  'es_7532571cb5711810', 'seed_run_s05_political_foundation_lagos_assembly_20260422', 'individual', 'ind_7532571cb5711810',
  'seed_source_wikipedia_lagos_assembly_2023_20260422', 'editorial_verified');
INSERT OR IGNORE INTO seed_enrichment
  (id, seed_run_id, entity_type, entity_id, enrichment_type, enrichment_json)
VALUES (
  'enr_7532571cb5711810', 'seed_run_s05_political_foundation_lagos_assembly_20260422', 'individual', 'ind_7532571cb5711810',
  'political_assignment', '{"constituency_wp": "Amuwo Odofin 01", "constituency_inec": "AMUWO ODOFIN I", "party_abbrev": "LP", "position": "Member", "source_url": "https://en.wikipedia.org/wiki/List_of_members_of_the_Lagos_State_House_of_Assembly_(2023%E2%80%932027)", "resolution_method": "alias"}');
INSERT OR IGNORE INTO search_entries
  (id, profile_id, display_name, keywords, ancestry_path, vertical, created_at, updated_at)
VALUES (
  'se_7532571cb5711810', 'prof_7532571cb5711810',
  'Foluke Osafile',
  'Foluke Osafile lagos state assembly amuwo odofin i lp politician legislator state house',
  'place_nigeria_001/place_zone_south_west/place_state_lagos/place_state_constituency_sc_638_la',
  'politician', unixepoch(), unixepoch()
);

-- 08. Tunde Fashina – AMUWO ODOFIN II
INSERT OR IGNORE INTO individuals
  (id, full_name, tenant_id, workspace_id, verification_state, created_at, updated_at)
VALUES (
  'ind_640d30d319b3e305', 'Tunde Fashina',
  'tenant_platform_seed', 'workspace_platform_seed_discovery', 'editorial_verified', unixepoch(), unixepoch()
);
INSERT OR IGNORE INTO profiles
  (id, subject_id, subject_type, primary_place_id, tenant_id, workspace_id,
   display_name, created_at, updated_at)
VALUES (
  'prof_640d30d319b3e305', 'ind_640d30d319b3e305', 'individual', 'place_state_constituency_sc_639_la',
  'tenant_platform_seed', 'workspace_platform_seed_discovery',
  'Tunde Fashina', unixepoch(), unixepoch()
);
INSERT OR IGNORE INTO politician_profiles
  (id, profile_id, office_title, jurisdiction_place_id, created_at, updated_at)
VALUES (
  'pp_640d30d319b3e305', 'prof_640d30d319b3e305',
  'Member, Lagos State House of Assembly (AMUWO ODOFIN II)',
  'place_state_constituency_sc_639_la', unixepoch(), unixepoch()
);
INSERT OR IGNORE INTO political_assignments
  (id, individual_id, term_id, jurisdiction_place_id, office_type,
   took_office_year, left_office_year, created_at, updated_at)
VALUES (
  'assign_640d30d319b3e305', 'ind_640d30d319b3e305', 'term_ng_lagos_state_assembly_10th_2023_2027',
  'place_state_constituency_sc_639_la', 'state_assembly_member', 2023, NULL, unixepoch(), unixepoch()
);
INSERT OR IGNORE INTO party_affiliations
  (id, individual_id, party_id, start_year, is_current, created_at, updated_at)
VALUES (
  'aff_640d30d319b3e305', 'ind_640d30d319b3e305', 'org_political_party_lp', 2023, 1, unixepoch(), unixepoch()
);
-- S04 sidecars
INSERT OR IGNORE INTO seed_dedupe_decisions
  (id, seed_run_id, entity_type, dedup_key, decision, canonical_id, notes)
VALUES (
  'dd_640d30d319b3e305', 'seed_run_s05_political_foundation_lagos_assembly_20260422', 'individual', 'ng_state_assembly_member|lagos|amuwo odofin ii|2023',
  'insert', 'ind_640d30d319b3e305',
  'Unique: Lagos AMUWO ODOFIN II seat 2023-2027');
INSERT OR IGNORE INTO seed_ingestion_records
  (id, seed_run_id, entity_type, entity_id, source_id, status)
VALUES (
  'ir_640d30d319b3e305', 'seed_run_s05_political_foundation_lagos_assembly_20260422', 'individual', 'ind_640d30d319b3e305', 'seed_source_wikipedia_lagos_assembly_2023_20260422', 'ingested');
INSERT OR IGNORE INTO seed_identity_map
  (id, seed_run_id, source_id, source_entity_key, canonical_entity_id, entity_type)
VALUES (
  'im_640d30d319b3e305', 'seed_run_s05_political_foundation_lagos_assembly_20260422', 'seed_source_wikipedia_lagos_assembly_2023_20260422',
  'wp_lagos_assembly_2023_amuwo_odofin_ii',
  'ind_640d30d319b3e305', 'individual');
INSERT OR IGNORE INTO seed_place_resolutions
  (id, seed_run_id, source_name, resolved_place_id, resolution_method, confidence)
VALUES (
  'pr_640d30d319b3e305', 'seed_run_s05_political_foundation_lagos_assembly_20260422',
  'Lagos AMUWO ODOFIN II', 'place_state_constituency_sc_639_la', 'exact_alias', 1.0);
INSERT OR IGNORE INTO seed_entity_sources
  (id, seed_run_id, entity_type, entity_id, source_id, confidence_tier)
VALUES (
  'es_640d30d319b3e305', 'seed_run_s05_political_foundation_lagos_assembly_20260422', 'individual', 'ind_640d30d319b3e305',
  'seed_source_wikipedia_lagos_assembly_2023_20260422', 'editorial_verified');
INSERT OR IGNORE INTO seed_enrichment
  (id, seed_run_id, entity_type, entity_id, enrichment_type, enrichment_json)
VALUES (
  'enr_640d30d319b3e305', 'seed_run_s05_political_foundation_lagos_assembly_20260422', 'individual', 'ind_640d30d319b3e305',
  'political_assignment', '{"constituency_wp": "Amuwo Odofin 02", "constituency_inec": "AMUWO ODOFIN II", "party_abbrev": "LP", "position": "Member", "source_url": "https://en.wikipedia.org/wiki/List_of_members_of_the_Lagos_State_House_of_Assembly_(2023%E2%80%932027)", "resolution_method": "alias"}');
INSERT OR IGNORE INTO search_entries
  (id, profile_id, display_name, keywords, ancestry_path, vertical, created_at, updated_at)
VALUES (
  'se_640d30d319b3e305', 'prof_640d30d319b3e305',
  'Tunde Fashina',
  'Tunde Fashina lagos state assembly amuwo odofin ii lp politician legislator state house',
  'place_nigeria_001/place_zone_south_west/place_state_lagos/place_state_constituency_sc_639_la',
  'politician', unixepoch(), unixepoch()
);

-- 09. Mojisola Lasbat Meranda – APAPA I
INSERT OR IGNORE INTO individuals
  (id, full_name, tenant_id, workspace_id, verification_state, created_at, updated_at)
VALUES (
  'ind_bd79da0d2c7fc46e', 'Mojisola Lasbat Meranda',
  'tenant_platform_seed', 'workspace_platform_seed_discovery', 'editorial_verified', unixepoch(), unixepoch()
);
INSERT OR IGNORE INTO profiles
  (id, subject_id, subject_type, primary_place_id, tenant_id, workspace_id,
   display_name, created_at, updated_at)
VALUES (
  'prof_bd79da0d2c7fc46e', 'ind_bd79da0d2c7fc46e', 'individual', 'place_state_constituency_sc_640_la',
  'tenant_platform_seed', 'workspace_platform_seed_discovery',
  'Mojisola Lasbat Meranda', unixepoch(), unixepoch()
);
INSERT OR IGNORE INTO politician_profiles
  (id, profile_id, office_title, jurisdiction_place_id, created_at, updated_at)
VALUES (
  'pp_bd79da0d2c7fc46e', 'prof_bd79da0d2c7fc46e',
  'Member, Lagos State House of Assembly (APAPA I)',
  'place_state_constituency_sc_640_la', unixepoch(), unixepoch()
);
INSERT OR IGNORE INTO political_assignments
  (id, individual_id, term_id, jurisdiction_place_id, office_type,
   took_office_year, left_office_year, created_at, updated_at)
VALUES (
  'assign_bd79da0d2c7fc46e', 'ind_bd79da0d2c7fc46e', 'term_ng_lagos_state_assembly_10th_2023_2027',
  'place_state_constituency_sc_640_la', 'state_assembly_member', 2023, NULL, unixepoch(), unixepoch()
);
INSERT OR IGNORE INTO party_affiliations
  (id, individual_id, party_id, start_year, is_current, created_at, updated_at)
VALUES (
  'aff_bd79da0d2c7fc46e', 'ind_bd79da0d2c7fc46e', 'org_political_party_apc', 2023, 1, unixepoch(), unixepoch()
);
-- S04 sidecars
INSERT OR IGNORE INTO seed_dedupe_decisions
  (id, seed_run_id, entity_type, dedup_key, decision, canonical_id, notes)
VALUES (
  'dd_bd79da0d2c7fc46e', 'seed_run_s05_political_foundation_lagos_assembly_20260422', 'individual', 'ng_state_assembly_member|lagos|apapa i|2023',
  'insert', 'ind_bd79da0d2c7fc46e',
  'Unique: Lagos APAPA I seat 2023-2027');
INSERT OR IGNORE INTO seed_ingestion_records
  (id, seed_run_id, entity_type, entity_id, source_id, status)
VALUES (
  'ir_bd79da0d2c7fc46e', 'seed_run_s05_political_foundation_lagos_assembly_20260422', 'individual', 'ind_bd79da0d2c7fc46e', 'seed_source_wikipedia_lagos_assembly_2023_20260422', 'ingested');
INSERT OR IGNORE INTO seed_identity_map
  (id, seed_run_id, source_id, source_entity_key, canonical_entity_id, entity_type)
VALUES (
  'im_bd79da0d2c7fc46e', 'seed_run_s05_political_foundation_lagos_assembly_20260422', 'seed_source_wikipedia_lagos_assembly_2023_20260422',
  'wp_lagos_assembly_2023_apapa_i',
  'ind_bd79da0d2c7fc46e', 'individual');
INSERT OR IGNORE INTO seed_place_resolutions
  (id, seed_run_id, source_name, resolved_place_id, resolution_method, confidence)
VALUES (
  'pr_bd79da0d2c7fc46e', 'seed_run_s05_political_foundation_lagos_assembly_20260422',
  'Lagos APAPA I', 'place_state_constituency_sc_640_la', 'exact_alias', 1.0);
INSERT OR IGNORE INTO seed_entity_sources
  (id, seed_run_id, entity_type, entity_id, source_id, confidence_tier)
VALUES (
  'es_bd79da0d2c7fc46e', 'seed_run_s05_political_foundation_lagos_assembly_20260422', 'individual', 'ind_bd79da0d2c7fc46e',
  'seed_source_wikipedia_lagos_assembly_2023_20260422', 'editorial_verified');
INSERT OR IGNORE INTO seed_enrichment
  (id, seed_run_id, entity_type, entity_id, enrichment_type, enrichment_json)
VALUES (
  'enr_bd79da0d2c7fc46e', 'seed_run_s05_political_foundation_lagos_assembly_20260422', 'individual', 'ind_bd79da0d2c7fc46e',
  'political_assignment', '{"constituency_wp": "Apapa 01", "constituency_inec": "APAPA I", "party_abbrev": "APC", "position": "Deputy Speaker", "source_url": "https://en.wikipedia.org/wiki/List_of_members_of_the_Lagos_State_House_of_Assembly_(2023%E2%80%932027)", "resolution_method": "alias"}');
INSERT OR IGNORE INTO search_entries
  (id, profile_id, display_name, keywords, ancestry_path, vertical, created_at, updated_at)
VALUES (
  'se_bd79da0d2c7fc46e', 'prof_bd79da0d2c7fc46e',
  'Mojisola Lasbat Meranda',
  'Mojisola Lasbat Meranda lagos state assembly apapa i apc politician legislator state house',
  'place_nigeria_001/place_zone_south_west/place_state_lagos/place_state_constituency_sc_640_la',
  'politician', unixepoch(), unixepoch()
);

-- 10. Aina Lawal – APAPA II
INSERT OR IGNORE INTO individuals
  (id, full_name, tenant_id, workspace_id, verification_state, created_at, updated_at)
VALUES (
  'ind_7bb771739de1a54b', 'Aina Lawal',
  'tenant_platform_seed', 'workspace_platform_seed_discovery', 'editorial_verified', unixepoch(), unixepoch()
);
INSERT OR IGNORE INTO profiles
  (id, subject_id, subject_type, primary_place_id, tenant_id, workspace_id,
   display_name, created_at, updated_at)
VALUES (
  'prof_7bb771739de1a54b', 'ind_7bb771739de1a54b', 'individual', 'place_state_constituency_sc_641_la',
  'tenant_platform_seed', 'workspace_platform_seed_discovery',
  'Aina Lawal', unixepoch(), unixepoch()
);
INSERT OR IGNORE INTO politician_profiles
  (id, profile_id, office_title, jurisdiction_place_id, created_at, updated_at)
VALUES (
  'pp_7bb771739de1a54b', 'prof_7bb771739de1a54b',
  'Member, Lagos State House of Assembly (APAPA II)',
  'place_state_constituency_sc_641_la', unixepoch(), unixepoch()
);
INSERT OR IGNORE INTO political_assignments
  (id, individual_id, term_id, jurisdiction_place_id, office_type,
   took_office_year, left_office_year, created_at, updated_at)
VALUES (
  'assign_7bb771739de1a54b', 'ind_7bb771739de1a54b', 'term_ng_lagos_state_assembly_10th_2023_2027',
  'place_state_constituency_sc_641_la', 'state_assembly_member', 2023, NULL, unixepoch(), unixepoch()
);
INSERT OR IGNORE INTO party_affiliations
  (id, individual_id, party_id, start_year, is_current, created_at, updated_at)
VALUES (
  'aff_7bb771739de1a54b', 'ind_7bb771739de1a54b', 'org_political_party_apc', 2023, 1, unixepoch(), unixepoch()
);
-- S04 sidecars
INSERT OR IGNORE INTO seed_dedupe_decisions
  (id, seed_run_id, entity_type, dedup_key, decision, canonical_id, notes)
VALUES (
  'dd_7bb771739de1a54b', 'seed_run_s05_political_foundation_lagos_assembly_20260422', 'individual', 'ng_state_assembly_member|lagos|apapa ii|2023',
  'insert', 'ind_7bb771739de1a54b',
  'Unique: Lagos APAPA II seat 2023-2027');
INSERT OR IGNORE INTO seed_ingestion_records
  (id, seed_run_id, entity_type, entity_id, source_id, status)
VALUES (
  'ir_7bb771739de1a54b', 'seed_run_s05_political_foundation_lagos_assembly_20260422', 'individual', 'ind_7bb771739de1a54b', 'seed_source_wikipedia_lagos_assembly_2023_20260422', 'ingested');
INSERT OR IGNORE INTO seed_identity_map
  (id, seed_run_id, source_id, source_entity_key, canonical_entity_id, entity_type)
VALUES (
  'im_7bb771739de1a54b', 'seed_run_s05_political_foundation_lagos_assembly_20260422', 'seed_source_wikipedia_lagos_assembly_2023_20260422',
  'wp_lagos_assembly_2023_apapa_ii',
  'ind_7bb771739de1a54b', 'individual');
INSERT OR IGNORE INTO seed_place_resolutions
  (id, seed_run_id, source_name, resolved_place_id, resolution_method, confidence)
VALUES (
  'pr_7bb771739de1a54b', 'seed_run_s05_political_foundation_lagos_assembly_20260422',
  'Lagos APAPA II', 'place_state_constituency_sc_641_la', 'exact_alias', 1.0);
INSERT OR IGNORE INTO seed_entity_sources
  (id, seed_run_id, entity_type, entity_id, source_id, confidence_tier)
VALUES (
  'es_7bb771739de1a54b', 'seed_run_s05_political_foundation_lagos_assembly_20260422', 'individual', 'ind_7bb771739de1a54b',
  'seed_source_wikipedia_lagos_assembly_2023_20260422', 'editorial_verified');
INSERT OR IGNORE INTO seed_enrichment
  (id, seed_run_id, entity_type, entity_id, enrichment_type, enrichment_json)
VALUES (
  'enr_7bb771739de1a54b', 'seed_run_s05_political_foundation_lagos_assembly_20260422', 'individual', 'ind_7bb771739de1a54b',
  'political_assignment', '{"constituency_wp": "Apapa 02", "constituency_inec": "APAPA II", "party_abbrev": "APC", "position": "Member", "source_url": "https://en.wikipedia.org/wiki/List_of_members_of_the_Lagos_State_House_of_Assembly_(2023%E2%80%932027)", "resolution_method": "alias"}');
INSERT OR IGNORE INTO search_entries
  (id, profile_id, display_name, keywords, ancestry_path, vertical, created_at, updated_at)
VALUES (
  'se_7bb771739de1a54b', 'prof_7bb771739de1a54b',
  'Aina Lawal',
  'Aina Lawal lagos state assembly apapa ii apc politician legislator state house',
  'place_nigeria_001/place_zone_south_west/place_state_lagos/place_state_constituency_sc_641_la',
  'politician', unixepoch(), unixepoch()
);

-- 11. Solomon Bonu – BADAGRY I
INSERT OR IGNORE INTO individuals
  (id, full_name, tenant_id, workspace_id, verification_state, created_at, updated_at)
VALUES (
  'ind_29815dc03e4ddb5f', 'Solomon Bonu',
  'tenant_platform_seed', 'workspace_platform_seed_discovery', 'editorial_verified', unixepoch(), unixepoch()
);
INSERT OR IGNORE INTO profiles
  (id, subject_id, subject_type, primary_place_id, tenant_id, workspace_id,
   display_name, created_at, updated_at)
VALUES (
  'prof_29815dc03e4ddb5f', 'ind_29815dc03e4ddb5f', 'individual', 'place_state_constituency_sc_642_la',
  'tenant_platform_seed', 'workspace_platform_seed_discovery',
  'Solomon Bonu', unixepoch(), unixepoch()
);
INSERT OR IGNORE INTO politician_profiles
  (id, profile_id, office_title, jurisdiction_place_id, created_at, updated_at)
VALUES (
  'pp_29815dc03e4ddb5f', 'prof_29815dc03e4ddb5f',
  'Member, Lagos State House of Assembly (BADAGRY I)',
  'place_state_constituency_sc_642_la', unixepoch(), unixepoch()
);
INSERT OR IGNORE INTO political_assignments
  (id, individual_id, term_id, jurisdiction_place_id, office_type,
   took_office_year, left_office_year, created_at, updated_at)
VALUES (
  'assign_29815dc03e4ddb5f', 'ind_29815dc03e4ddb5f', 'term_ng_lagos_state_assembly_10th_2023_2027',
  'place_state_constituency_sc_642_la', 'state_assembly_member', 2023, NULL, unixepoch(), unixepoch()
);
INSERT OR IGNORE INTO party_affiliations
  (id, individual_id, party_id, start_year, is_current, created_at, updated_at)
VALUES (
  'aff_29815dc03e4ddb5f', 'ind_29815dc03e4ddb5f', 'org_political_party_apc', 2023, 1, unixepoch(), unixepoch()
);
-- S04 sidecars
INSERT OR IGNORE INTO seed_dedupe_decisions
  (id, seed_run_id, entity_type, dedup_key, decision, canonical_id, notes)
VALUES (
  'dd_29815dc03e4ddb5f', 'seed_run_s05_political_foundation_lagos_assembly_20260422', 'individual', 'ng_state_assembly_member|lagos|badagry i|2023',
  'insert', 'ind_29815dc03e4ddb5f',
  'Unique: Lagos BADAGRY I seat 2023-2027');
INSERT OR IGNORE INTO seed_ingestion_records
  (id, seed_run_id, entity_type, entity_id, source_id, status)
VALUES (
  'ir_29815dc03e4ddb5f', 'seed_run_s05_political_foundation_lagos_assembly_20260422', 'individual', 'ind_29815dc03e4ddb5f', 'seed_source_wikipedia_lagos_assembly_2023_20260422', 'ingested');
INSERT OR IGNORE INTO seed_identity_map
  (id, seed_run_id, source_id, source_entity_key, canonical_entity_id, entity_type)
VALUES (
  'im_29815dc03e4ddb5f', 'seed_run_s05_political_foundation_lagos_assembly_20260422', 'seed_source_wikipedia_lagos_assembly_2023_20260422',
  'wp_lagos_assembly_2023_badagry_i',
  'ind_29815dc03e4ddb5f', 'individual');
INSERT OR IGNORE INTO seed_place_resolutions
  (id, seed_run_id, source_name, resolved_place_id, resolution_method, confidence)
VALUES (
  'pr_29815dc03e4ddb5f', 'seed_run_s05_political_foundation_lagos_assembly_20260422',
  'Lagos BADAGRY I', 'place_state_constituency_sc_642_la', 'exact_alias', 1.0);
INSERT OR IGNORE INTO seed_entity_sources
  (id, seed_run_id, entity_type, entity_id, source_id, confidence_tier)
VALUES (
  'es_29815dc03e4ddb5f', 'seed_run_s05_political_foundation_lagos_assembly_20260422', 'individual', 'ind_29815dc03e4ddb5f',
  'seed_source_wikipedia_lagos_assembly_2023_20260422', 'editorial_verified');
INSERT OR IGNORE INTO seed_enrichment
  (id, seed_run_id, entity_type, entity_id, enrichment_type, enrichment_json)
VALUES (
  'enr_29815dc03e4ddb5f', 'seed_run_s05_political_foundation_lagos_assembly_20260422', 'individual', 'ind_29815dc03e4ddb5f',
  'political_assignment', '{"constituency_wp": "Badagry 01", "constituency_inec": "BADAGRY I", "party_abbrev": "APC", "position": "Member", "source_url": "https://en.wikipedia.org/wiki/List_of_members_of_the_Lagos_State_House_of_Assembly_(2023%E2%80%932027)", "resolution_method": "alias"}');
INSERT OR IGNORE INTO search_entries
  (id, profile_id, display_name, keywords, ancestry_path, vertical, created_at, updated_at)
VALUES (
  'se_29815dc03e4ddb5f', 'prof_29815dc03e4ddb5f',
  'Solomon Bonu',
  'Solomon Bonu lagos state assembly badagry i apc politician legislator state house',
  'place_nigeria_001/place_zone_south_west/place_state_lagos/place_state_constituency_sc_642_la',
  'politician', unixepoch(), unixepoch()
);

-- 12. Setonji David Samuel – BADAGRY II
INSERT OR IGNORE INTO individuals
  (id, full_name, tenant_id, workspace_id, verification_state, created_at, updated_at)
VALUES (
  'ind_7f5255c896494d41', 'Setonji David Samuel',
  'tenant_platform_seed', 'workspace_platform_seed_discovery', 'editorial_verified', unixepoch(), unixepoch()
);
INSERT OR IGNORE INTO profiles
  (id, subject_id, subject_type, primary_place_id, tenant_id, workspace_id,
   display_name, created_at, updated_at)
VALUES (
  'prof_7f5255c896494d41', 'ind_7f5255c896494d41', 'individual', 'place_state_constituency_sc_643_la',
  'tenant_platform_seed', 'workspace_platform_seed_discovery',
  'Setonji David Samuel', unixepoch(), unixepoch()
);
INSERT OR IGNORE INTO politician_profiles
  (id, profile_id, office_title, jurisdiction_place_id, created_at, updated_at)
VALUES (
  'pp_7f5255c896494d41', 'prof_7f5255c896494d41',
  'Member, Lagos State House of Assembly (BADAGRY II)',
  'place_state_constituency_sc_643_la', unixepoch(), unixepoch()
);
INSERT OR IGNORE INTO political_assignments
  (id, individual_id, term_id, jurisdiction_place_id, office_type,
   took_office_year, left_office_year, created_at, updated_at)
VALUES (
  'assign_7f5255c896494d41', 'ind_7f5255c896494d41', 'term_ng_lagos_state_assembly_10th_2023_2027',
  'place_state_constituency_sc_643_la', 'state_assembly_member', 2023, NULL, unixepoch(), unixepoch()
);
INSERT OR IGNORE INTO party_affiliations
  (id, individual_id, party_id, start_year, is_current, created_at, updated_at)
VALUES (
  'aff_7f5255c896494d41', 'ind_7f5255c896494d41', 'org_political_party_apc', 2023, 1, unixepoch(), unixepoch()
);
-- S04 sidecars
INSERT OR IGNORE INTO seed_dedupe_decisions
  (id, seed_run_id, entity_type, dedup_key, decision, canonical_id, notes)
VALUES (
  'dd_7f5255c896494d41', 'seed_run_s05_political_foundation_lagos_assembly_20260422', 'individual', 'ng_state_assembly_member|lagos|badagry ii|2023',
  'insert', 'ind_7f5255c896494d41',
  'Unique: Lagos BADAGRY II seat 2023-2027');
INSERT OR IGNORE INTO seed_ingestion_records
  (id, seed_run_id, entity_type, entity_id, source_id, status)
VALUES (
  'ir_7f5255c896494d41', 'seed_run_s05_political_foundation_lagos_assembly_20260422', 'individual', 'ind_7f5255c896494d41', 'seed_source_wikipedia_lagos_assembly_2023_20260422', 'ingested');
INSERT OR IGNORE INTO seed_identity_map
  (id, seed_run_id, source_id, source_entity_key, canonical_entity_id, entity_type)
VALUES (
  'im_7f5255c896494d41', 'seed_run_s05_political_foundation_lagos_assembly_20260422', 'seed_source_wikipedia_lagos_assembly_2023_20260422',
  'wp_lagos_assembly_2023_badagry_ii',
  'ind_7f5255c896494d41', 'individual');
INSERT OR IGNORE INTO seed_place_resolutions
  (id, seed_run_id, source_name, resolved_place_id, resolution_method, confidence)
VALUES (
  'pr_7f5255c896494d41', 'seed_run_s05_political_foundation_lagos_assembly_20260422',
  'Lagos BADAGRY II', 'place_state_constituency_sc_643_la', 'exact_alias', 1.0);
INSERT OR IGNORE INTO seed_entity_sources
  (id, seed_run_id, entity_type, entity_id, source_id, confidence_tier)
VALUES (
  'es_7f5255c896494d41', 'seed_run_s05_political_foundation_lagos_assembly_20260422', 'individual', 'ind_7f5255c896494d41',
  'seed_source_wikipedia_lagos_assembly_2023_20260422', 'editorial_verified');
INSERT OR IGNORE INTO seed_enrichment
  (id, seed_run_id, entity_type, entity_id, enrichment_type, enrichment_json)
VALUES (
  'enr_7f5255c896494d41', 'seed_run_s05_political_foundation_lagos_assembly_20260422', 'individual', 'ind_7f5255c896494d41',
  'political_assignment', '{"constituency_wp": "Badagry 02", "constituency_inec": "BADAGRY II", "party_abbrev": "APC", "position": "Deputy Chief Whip", "source_url": "https://en.wikipedia.org/wiki/List_of_members_of_the_Lagos_State_House_of_Assembly_(2023%E2%80%932027)", "resolution_method": "alias"}');
INSERT OR IGNORE INTO search_entries
  (id, profile_id, display_name, keywords, ancestry_path, vertical, created_at, updated_at)
VALUES (
  'se_7f5255c896494d41', 'prof_7f5255c896494d41',
  'Setonji David Samuel',
  'Setonji David Samuel lagos state assembly badagry ii apc politician legislator state house',
  'place_nigeria_001/place_zone_south_west/place_state_lagos/place_state_constituency_sc_643_la',
  'politician', unixepoch(), unixepoch()
);

-- 13. Tobun Abiodun – EPE I
INSERT OR IGNORE INTO individuals
  (id, full_name, tenant_id, workspace_id, verification_state, created_at, updated_at)
VALUES (
  'ind_adce3f692d268924', 'Tobun Abiodun',
  'tenant_platform_seed', 'workspace_platform_seed_discovery', 'editorial_verified', unixepoch(), unixepoch()
);
INSERT OR IGNORE INTO profiles
  (id, subject_id, subject_type, primary_place_id, tenant_id, workspace_id,
   display_name, created_at, updated_at)
VALUES (
  'prof_adce3f692d268924', 'ind_adce3f692d268924', 'individual', 'place_state_constituency_sc_644_la',
  'tenant_platform_seed', 'workspace_platform_seed_discovery',
  'Tobun Abiodun', unixepoch(), unixepoch()
);
INSERT OR IGNORE INTO politician_profiles
  (id, profile_id, office_title, jurisdiction_place_id, created_at, updated_at)
VALUES (
  'pp_adce3f692d268924', 'prof_adce3f692d268924',
  'Member, Lagos State House of Assembly (EPE I)',
  'place_state_constituency_sc_644_la', unixepoch(), unixepoch()
);
INSERT OR IGNORE INTO political_assignments
  (id, individual_id, term_id, jurisdiction_place_id, office_type,
   took_office_year, left_office_year, created_at, updated_at)
VALUES (
  'assign_adce3f692d268924', 'ind_adce3f692d268924', 'term_ng_lagos_state_assembly_10th_2023_2027',
  'place_state_constituency_sc_644_la', 'state_assembly_member', 2023, NULL, unixepoch(), unixepoch()
);
INSERT OR IGNORE INTO party_affiliations
  (id, individual_id, party_id, start_year, is_current, created_at, updated_at)
VALUES (
  'aff_adce3f692d268924', 'ind_adce3f692d268924', 'org_political_party_apc', 2023, 1, unixepoch(), unixepoch()
);
-- S04 sidecars
INSERT OR IGNORE INTO seed_dedupe_decisions
  (id, seed_run_id, entity_type, dedup_key, decision, canonical_id, notes)
VALUES (
  'dd_adce3f692d268924', 'seed_run_s05_political_foundation_lagos_assembly_20260422', 'individual', 'ng_state_assembly_member|lagos|epe i|2023',
  'insert', 'ind_adce3f692d268924',
  'Unique: Lagos EPE I seat 2023-2027');
INSERT OR IGNORE INTO seed_ingestion_records
  (id, seed_run_id, entity_type, entity_id, source_id, status)
VALUES (
  'ir_adce3f692d268924', 'seed_run_s05_political_foundation_lagos_assembly_20260422', 'individual', 'ind_adce3f692d268924', 'seed_source_wikipedia_lagos_assembly_2023_20260422', 'ingested');
INSERT OR IGNORE INTO seed_identity_map
  (id, seed_run_id, source_id, source_entity_key, canonical_entity_id, entity_type)
VALUES (
  'im_adce3f692d268924', 'seed_run_s05_political_foundation_lagos_assembly_20260422', 'seed_source_wikipedia_lagos_assembly_2023_20260422',
  'wp_lagos_assembly_2023_epe_i',
  'ind_adce3f692d268924', 'individual');
INSERT OR IGNORE INTO seed_place_resolutions
  (id, seed_run_id, source_name, resolved_place_id, resolution_method, confidence)
VALUES (
  'pr_adce3f692d268924', 'seed_run_s05_political_foundation_lagos_assembly_20260422',
  'Lagos EPE I', 'place_state_constituency_sc_644_la', 'exact_alias', 1.0);
INSERT OR IGNORE INTO seed_entity_sources
  (id, seed_run_id, entity_type, entity_id, source_id, confidence_tier)
VALUES (
  'es_adce3f692d268924', 'seed_run_s05_political_foundation_lagos_assembly_20260422', 'individual', 'ind_adce3f692d268924',
  'seed_source_wikipedia_lagos_assembly_2023_20260422', 'editorial_verified');
INSERT OR IGNORE INTO seed_enrichment
  (id, seed_run_id, entity_type, entity_id, enrichment_type, enrichment_json)
VALUES (
  'enr_adce3f692d268924', 'seed_run_s05_political_foundation_lagos_assembly_20260422', 'individual', 'ind_adce3f692d268924',
  'political_assignment', '{"constituency_wp": "Epe 01", "constituency_inec": "EPE I", "party_abbrev": "APC", "position": "Member", "source_url": "https://en.wikipedia.org/wiki/List_of_members_of_the_Lagos_State_House_of_Assembly_(2023%E2%80%932027)", "resolution_method": "alias"}');
INSERT OR IGNORE INTO search_entries
  (id, profile_id, display_name, keywords, ancestry_path, vertical, created_at, updated_at)
VALUES (
  'se_adce3f692d268924', 'prof_adce3f692d268924',
  'Tobun Abiodun',
  'Tobun Abiodun lagos state assembly epe i apc politician legislator state house',
  'place_nigeria_001/place_zone_south_west/place_state_lagos/place_state_constituency_sc_644_la',
  'politician', unixepoch(), unixepoch()
);

-- 14. Sylvester O. Ogunkelu – EPE II
INSERT OR IGNORE INTO individuals
  (id, full_name, tenant_id, workspace_id, verification_state, created_at, updated_at)
VALUES (
  'ind_74658bf024114760', 'Sylvester O. Ogunkelu',
  'tenant_platform_seed', 'workspace_platform_seed_discovery', 'editorial_verified', unixepoch(), unixepoch()
);
INSERT OR IGNORE INTO profiles
  (id, subject_id, subject_type, primary_place_id, tenant_id, workspace_id,
   display_name, created_at, updated_at)
VALUES (
  'prof_74658bf024114760', 'ind_74658bf024114760', 'individual', 'place_state_constituency_sc_645_la',
  'tenant_platform_seed', 'workspace_platform_seed_discovery',
  'Sylvester O. Ogunkelu', unixepoch(), unixepoch()
);
INSERT OR IGNORE INTO politician_profiles
  (id, profile_id, office_title, jurisdiction_place_id, created_at, updated_at)
VALUES (
  'pp_74658bf024114760', 'prof_74658bf024114760',
  'Member, Lagos State House of Assembly (EPE II)',
  'place_state_constituency_sc_645_la', unixepoch(), unixepoch()
);
INSERT OR IGNORE INTO political_assignments
  (id, individual_id, term_id, jurisdiction_place_id, office_type,
   took_office_year, left_office_year, created_at, updated_at)
VALUES (
  'assign_74658bf024114760', 'ind_74658bf024114760', 'term_ng_lagos_state_assembly_10th_2023_2027',
  'place_state_constituency_sc_645_la', 'state_assembly_member', 2023, NULL, unixepoch(), unixepoch()
);
INSERT OR IGNORE INTO party_affiliations
  (id, individual_id, party_id, start_year, is_current, created_at, updated_at)
VALUES (
  'aff_74658bf024114760', 'ind_74658bf024114760', 'org_political_party_apc', 2023, 1, unixepoch(), unixepoch()
);
-- S04 sidecars
INSERT OR IGNORE INTO seed_dedupe_decisions
  (id, seed_run_id, entity_type, dedup_key, decision, canonical_id, notes)
VALUES (
  'dd_74658bf024114760', 'seed_run_s05_political_foundation_lagos_assembly_20260422', 'individual', 'ng_state_assembly_member|lagos|epe ii|2023',
  'insert', 'ind_74658bf024114760',
  'Unique: Lagos EPE II seat 2023-2027');
INSERT OR IGNORE INTO seed_ingestion_records
  (id, seed_run_id, entity_type, entity_id, source_id, status)
VALUES (
  'ir_74658bf024114760', 'seed_run_s05_political_foundation_lagos_assembly_20260422', 'individual', 'ind_74658bf024114760', 'seed_source_wikipedia_lagos_assembly_2023_20260422', 'ingested');
INSERT OR IGNORE INTO seed_identity_map
  (id, seed_run_id, source_id, source_entity_key, canonical_entity_id, entity_type)
VALUES (
  'im_74658bf024114760', 'seed_run_s05_political_foundation_lagos_assembly_20260422', 'seed_source_wikipedia_lagos_assembly_2023_20260422',
  'wp_lagos_assembly_2023_epe_ii',
  'ind_74658bf024114760', 'individual');
INSERT OR IGNORE INTO seed_place_resolutions
  (id, seed_run_id, source_name, resolved_place_id, resolution_method, confidence)
VALUES (
  'pr_74658bf024114760', 'seed_run_s05_political_foundation_lagos_assembly_20260422',
  'Lagos EPE II', 'place_state_constituency_sc_645_la', 'exact_alias', 1.0);
INSERT OR IGNORE INTO seed_entity_sources
  (id, seed_run_id, entity_type, entity_id, source_id, confidence_tier)
VALUES (
  'es_74658bf024114760', 'seed_run_s05_political_foundation_lagos_assembly_20260422', 'individual', 'ind_74658bf024114760',
  'seed_source_wikipedia_lagos_assembly_2023_20260422', 'editorial_verified');
INSERT OR IGNORE INTO seed_enrichment
  (id, seed_run_id, entity_type, entity_id, enrichment_type, enrichment_json)
VALUES (
  'enr_74658bf024114760', 'seed_run_s05_political_foundation_lagos_assembly_20260422', 'individual', 'ind_74658bf024114760',
  'political_assignment', '{"constituency_wp": "Epe 02", "constituency_inec": "EPE II", "party_abbrev": "APC", "position": "Member", "source_url": "https://en.wikipedia.org/wiki/List_of_members_of_the_Lagos_State_House_of_Assembly_(2023%E2%80%932027)", "resolution_method": "alias"}');
INSERT OR IGNORE INTO search_entries
  (id, profile_id, display_name, keywords, ancestry_path, vertical, created_at, updated_at)
VALUES (
  'se_74658bf024114760', 'prof_74658bf024114760',
  'Sylvester O. Ogunkelu',
  'Sylvester O. Ogunkelu lagos state assembly epe ii apc politician legislator state house',
  'place_nigeria_001/place_zone_south_west/place_state_lagos/place_state_constituency_sc_645_la',
  'politician', unixepoch(), unixepoch()
);

-- 15. Noheem Adams – ETI-OSA I
INSERT OR IGNORE INTO individuals
  (id, full_name, tenant_id, workspace_id, verification_state, created_at, updated_at)
VALUES (
  'ind_5213d6129dce026d', 'Noheem Adams',
  'tenant_platform_seed', 'workspace_platform_seed_discovery', 'editorial_verified', unixepoch(), unixepoch()
);
INSERT OR IGNORE INTO profiles
  (id, subject_id, subject_type, primary_place_id, tenant_id, workspace_id,
   display_name, created_at, updated_at)
VALUES (
  'prof_5213d6129dce026d', 'ind_5213d6129dce026d', 'individual', 'place_state_constituency_sc_646_la',
  'tenant_platform_seed', 'workspace_platform_seed_discovery',
  'Noheem Adams', unixepoch(), unixepoch()
);
INSERT OR IGNORE INTO politician_profiles
  (id, profile_id, office_title, jurisdiction_place_id, created_at, updated_at)
VALUES (
  'pp_5213d6129dce026d', 'prof_5213d6129dce026d',
  'Member, Lagos State House of Assembly (ETI-OSA I)',
  'place_state_constituency_sc_646_la', unixepoch(), unixepoch()
);
INSERT OR IGNORE INTO political_assignments
  (id, individual_id, term_id, jurisdiction_place_id, office_type,
   took_office_year, left_office_year, created_at, updated_at)
VALUES (
  'assign_5213d6129dce026d', 'ind_5213d6129dce026d', 'term_ng_lagos_state_assembly_10th_2023_2027',
  'place_state_constituency_sc_646_la', 'state_assembly_member', 2023, NULL, unixepoch(), unixepoch()
);
INSERT OR IGNORE INTO party_affiliations
  (id, individual_id, party_id, start_year, is_current, created_at, updated_at)
VALUES (
  'aff_5213d6129dce026d', 'ind_5213d6129dce026d', 'org_political_party_apc', 2023, 1, unixepoch(), unixepoch()
);
-- S04 sidecars
INSERT OR IGNORE INTO seed_dedupe_decisions
  (id, seed_run_id, entity_type, dedup_key, decision, canonical_id, notes)
VALUES (
  'dd_5213d6129dce026d', 'seed_run_s05_political_foundation_lagos_assembly_20260422', 'individual', 'ng_state_assembly_member|lagos|eti-osa i|2023',
  'insert', 'ind_5213d6129dce026d',
  'Unique: Lagos ETI-OSA I seat 2023-2027');
INSERT OR IGNORE INTO seed_ingestion_records
  (id, seed_run_id, entity_type, entity_id, source_id, status)
VALUES (
  'ir_5213d6129dce026d', 'seed_run_s05_political_foundation_lagos_assembly_20260422', 'individual', 'ind_5213d6129dce026d', 'seed_source_wikipedia_lagos_assembly_2023_20260422', 'ingested');
INSERT OR IGNORE INTO seed_identity_map
  (id, seed_run_id, source_id, source_entity_key, canonical_entity_id, entity_type)
VALUES (
  'im_5213d6129dce026d', 'seed_run_s05_political_foundation_lagos_assembly_20260422', 'seed_source_wikipedia_lagos_assembly_2023_20260422',
  'wp_lagos_assembly_2023_eti-osa_i',
  'ind_5213d6129dce026d', 'individual');
INSERT OR IGNORE INTO seed_place_resolutions
  (id, seed_run_id, source_name, resolved_place_id, resolution_method, confidence)
VALUES (
  'pr_5213d6129dce026d', 'seed_run_s05_political_foundation_lagos_assembly_20260422',
  'Lagos ETI-OSA I', 'place_state_constituency_sc_646_la', 'exact_alias', 1.0);
INSERT OR IGNORE INTO seed_entity_sources
  (id, seed_run_id, entity_type, entity_id, source_id, confidence_tier)
VALUES (
  'es_5213d6129dce026d', 'seed_run_s05_political_foundation_lagos_assembly_20260422', 'individual', 'ind_5213d6129dce026d',
  'seed_source_wikipedia_lagos_assembly_2023_20260422', 'editorial_verified');
INSERT OR IGNORE INTO seed_enrichment
  (id, seed_run_id, entity_type, entity_id, enrichment_type, enrichment_json)
VALUES (
  'enr_5213d6129dce026d', 'seed_run_s05_political_foundation_lagos_assembly_20260422', 'individual', 'ind_5213d6129dce026d',
  'political_assignment', '{"constituency_wp": "Eti Osa 01", "constituency_inec": "ETI-OSA I", "party_abbrev": "APC", "position": "Majority Leader", "source_url": "https://en.wikipedia.org/wiki/List_of_members_of_the_Lagos_State_House_of_Assembly_(2023%E2%80%932027)", "resolution_method": "alias"}');
INSERT OR IGNORE INTO search_entries
  (id, profile_id, display_name, keywords, ancestry_path, vertical, created_at, updated_at)
VALUES (
  'se_5213d6129dce026d', 'prof_5213d6129dce026d',
  'Noheem Adams',
  'Noheem Adams lagos state assembly eti-osa i apc politician legislator state house',
  'place_nigeria_001/place_zone_south_west/place_state_lagos/place_state_constituency_sc_646_la',
  'politician', unixepoch(), unixepoch()
);

-- 16. Yishawu Olusegun Gbolahan – ETI-OSA II
INSERT OR IGNORE INTO individuals
  (id, full_name, tenant_id, workspace_id, verification_state, created_at, updated_at)
VALUES (
  'ind_be50e9926ff9c58a', 'Yishawu Olusegun Gbolahan',
  'tenant_platform_seed', 'workspace_platform_seed_discovery', 'editorial_verified', unixepoch(), unixepoch()
);
INSERT OR IGNORE INTO profiles
  (id, subject_id, subject_type, primary_place_id, tenant_id, workspace_id,
   display_name, created_at, updated_at)
VALUES (
  'prof_be50e9926ff9c58a', 'ind_be50e9926ff9c58a', 'individual', 'place_state_constituency_sc_647_la',
  'tenant_platform_seed', 'workspace_platform_seed_discovery',
  'Yishawu Olusegun Gbolahan', unixepoch(), unixepoch()
);
INSERT OR IGNORE INTO politician_profiles
  (id, profile_id, office_title, jurisdiction_place_id, created_at, updated_at)
VALUES (
  'pp_be50e9926ff9c58a', 'prof_be50e9926ff9c58a',
  'Member, Lagos State House of Assembly (ETI-OSA II)',
  'place_state_constituency_sc_647_la', unixepoch(), unixepoch()
);
INSERT OR IGNORE INTO political_assignments
  (id, individual_id, term_id, jurisdiction_place_id, office_type,
   took_office_year, left_office_year, created_at, updated_at)
VALUES (
  'assign_be50e9926ff9c58a', 'ind_be50e9926ff9c58a', 'term_ng_lagos_state_assembly_10th_2023_2027',
  'place_state_constituency_sc_647_la', 'state_assembly_member', 2023, NULL, unixepoch(), unixepoch()
);
INSERT OR IGNORE INTO party_affiliations
  (id, individual_id, party_id, start_year, is_current, created_at, updated_at)
VALUES (
  'aff_be50e9926ff9c58a', 'ind_be50e9926ff9c58a', 'org_political_party_apc', 2023, 1, unixepoch(), unixepoch()
);
-- S04 sidecars
INSERT OR IGNORE INTO seed_dedupe_decisions
  (id, seed_run_id, entity_type, dedup_key, decision, canonical_id, notes)
VALUES (
  'dd_be50e9926ff9c58a', 'seed_run_s05_political_foundation_lagos_assembly_20260422', 'individual', 'ng_state_assembly_member|lagos|eti-osa ii|2023',
  'insert', 'ind_be50e9926ff9c58a',
  'Unique: Lagos ETI-OSA II seat 2023-2027');
INSERT OR IGNORE INTO seed_ingestion_records
  (id, seed_run_id, entity_type, entity_id, source_id, status)
VALUES (
  'ir_be50e9926ff9c58a', 'seed_run_s05_political_foundation_lagos_assembly_20260422', 'individual', 'ind_be50e9926ff9c58a', 'seed_source_wikipedia_lagos_assembly_2023_20260422', 'ingested');
INSERT OR IGNORE INTO seed_identity_map
  (id, seed_run_id, source_id, source_entity_key, canonical_entity_id, entity_type)
VALUES (
  'im_be50e9926ff9c58a', 'seed_run_s05_political_foundation_lagos_assembly_20260422', 'seed_source_wikipedia_lagos_assembly_2023_20260422',
  'wp_lagos_assembly_2023_eti-osa_ii',
  'ind_be50e9926ff9c58a', 'individual');
INSERT OR IGNORE INTO seed_place_resolutions
  (id, seed_run_id, source_name, resolved_place_id, resolution_method, confidence)
VALUES (
  'pr_be50e9926ff9c58a', 'seed_run_s05_political_foundation_lagos_assembly_20260422',
  'Lagos ETI-OSA II', 'place_state_constituency_sc_647_la', 'exact_alias', 1.0);
INSERT OR IGNORE INTO seed_entity_sources
  (id, seed_run_id, entity_type, entity_id, source_id, confidence_tier)
VALUES (
  'es_be50e9926ff9c58a', 'seed_run_s05_political_foundation_lagos_assembly_20260422', 'individual', 'ind_be50e9926ff9c58a',
  'seed_source_wikipedia_lagos_assembly_2023_20260422', 'editorial_verified');
INSERT OR IGNORE INTO seed_enrichment
  (id, seed_run_id, entity_type, entity_id, enrichment_type, enrichment_json)
VALUES (
  'enr_be50e9926ff9c58a', 'seed_run_s05_political_foundation_lagos_assembly_20260422', 'individual', 'ind_be50e9926ff9c58a',
  'political_assignment', '{"constituency_wp": "Eti Osa 02", "constituency_inec": "ETI-OSA II", "party_abbrev": "APC", "position": "Member", "source_url": "https://en.wikipedia.org/wiki/List_of_members_of_the_Lagos_State_House_of_Assembly_(2023%E2%80%932027)", "resolution_method": "alias"}');
INSERT OR IGNORE INTO search_entries
  (id, profile_id, display_name, keywords, ancestry_path, vertical, created_at, updated_at)
VALUES (
  'se_be50e9926ff9c58a', 'prof_be50e9926ff9c58a',
  'Yishawu Olusegun Gbolahan',
  'Yishawu Olusegun Gbolahan lagos state assembly eti-osa ii apc politician legislator state house',
  'place_nigeria_001/place_zone_south_west/place_state_lagos/place_state_constituency_sc_647_la',
  'politician', unixepoch(), unixepoch()
);

-- 17. Fatai Mojeed – IBEJU-LEKKI I
INSERT OR IGNORE INTO individuals
  (id, full_name, tenant_id, workspace_id, verification_state, created_at, updated_at)
VALUES (
  'ind_e62867f53db3012e', 'Fatai Mojeed',
  'tenant_platform_seed', 'workspace_platform_seed_discovery', 'editorial_verified', unixepoch(), unixepoch()
);
INSERT OR IGNORE INTO profiles
  (id, subject_id, subject_type, primary_place_id, tenant_id, workspace_id,
   display_name, created_at, updated_at)
VALUES (
  'prof_e62867f53db3012e', 'ind_e62867f53db3012e', 'individual', 'place_state_constituency_sc_648_la',
  'tenant_platform_seed', 'workspace_platform_seed_discovery',
  'Fatai Mojeed', unixepoch(), unixepoch()
);
INSERT OR IGNORE INTO politician_profiles
  (id, profile_id, office_title, jurisdiction_place_id, created_at, updated_at)
VALUES (
  'pp_e62867f53db3012e', 'prof_e62867f53db3012e',
  'Member, Lagos State House of Assembly (IBEJU-LEKKI I)',
  'place_state_constituency_sc_648_la', unixepoch(), unixepoch()
);
INSERT OR IGNORE INTO political_assignments
  (id, individual_id, term_id, jurisdiction_place_id, office_type,
   took_office_year, left_office_year, created_at, updated_at)
VALUES (
  'assign_e62867f53db3012e', 'ind_e62867f53db3012e', 'term_ng_lagos_state_assembly_10th_2023_2027',
  'place_state_constituency_sc_648_la', 'state_assembly_member', 2023, NULL, unixepoch(), unixepoch()
);
INSERT OR IGNORE INTO party_affiliations
  (id, individual_id, party_id, start_year, is_current, created_at, updated_at)
VALUES (
  'aff_e62867f53db3012e', 'ind_e62867f53db3012e', 'org_political_party_apc', 2023, 1, unixepoch(), unixepoch()
);
-- S04 sidecars
INSERT OR IGNORE INTO seed_dedupe_decisions
  (id, seed_run_id, entity_type, dedup_key, decision, canonical_id, notes)
VALUES (
  'dd_e62867f53db3012e', 'seed_run_s05_political_foundation_lagos_assembly_20260422', 'individual', 'ng_state_assembly_member|lagos|ibeju-lekki i|2023',
  'insert', 'ind_e62867f53db3012e',
  'Unique: Lagos IBEJU-LEKKI I seat 2023-2027');
INSERT OR IGNORE INTO seed_ingestion_records
  (id, seed_run_id, entity_type, entity_id, source_id, status)
VALUES (
  'ir_e62867f53db3012e', 'seed_run_s05_political_foundation_lagos_assembly_20260422', 'individual', 'ind_e62867f53db3012e', 'seed_source_wikipedia_lagos_assembly_2023_20260422', 'ingested');
INSERT OR IGNORE INTO seed_identity_map
  (id, seed_run_id, source_id, source_entity_key, canonical_entity_id, entity_type)
VALUES (
  'im_e62867f53db3012e', 'seed_run_s05_political_foundation_lagos_assembly_20260422', 'seed_source_wikipedia_lagos_assembly_2023_20260422',
  'wp_lagos_assembly_2023_ibeju-lekki_i',
  'ind_e62867f53db3012e', 'individual');
INSERT OR IGNORE INTO seed_place_resolutions
  (id, seed_run_id, source_name, resolved_place_id, resolution_method, confidence)
VALUES (
  'pr_e62867f53db3012e', 'seed_run_s05_political_foundation_lagos_assembly_20260422',
  'Lagos IBEJU-LEKKI I', 'place_state_constituency_sc_648_la', 'exact_alias', 1.0);
INSERT OR IGNORE INTO seed_entity_sources
  (id, seed_run_id, entity_type, entity_id, source_id, confidence_tier)
VALUES (
  'es_e62867f53db3012e', 'seed_run_s05_political_foundation_lagos_assembly_20260422', 'individual', 'ind_e62867f53db3012e',
  'seed_source_wikipedia_lagos_assembly_2023_20260422', 'editorial_verified');
INSERT OR IGNORE INTO seed_enrichment
  (id, seed_run_id, entity_type, entity_id, enrichment_type, enrichment_json)
VALUES (
  'enr_e62867f53db3012e', 'seed_run_s05_political_foundation_lagos_assembly_20260422', 'individual', 'ind_e62867f53db3012e',
  'political_assignment', '{"constituency_wp": "Ibeju Lekki 01", "constituency_inec": "IBEJU-LEKKI I", "party_abbrev": "APC", "position": "Chief Whip", "source_url": "https://en.wikipedia.org/wiki/List_of_members_of_the_Lagos_State_House_of_Assembly_(2023%E2%80%932027)", "resolution_method": "alias"}');
INSERT OR IGNORE INTO search_entries
  (id, profile_id, display_name, keywords, ancestry_path, vertical, created_at, updated_at)
VALUES (
  'se_e62867f53db3012e', 'prof_e62867f53db3012e',
  'Fatai Mojeed',
  'Fatai Mojeed lagos state assembly ibeju-lekki i apc politician legislator state house',
  'place_nigeria_001/place_zone_south_west/place_state_lagos/place_state_constituency_sc_648_la',
  'politician', unixepoch(), unixepoch()
);

-- 18. Oladele Ajayi – IBEJU-LEKKI II
INSERT OR IGNORE INTO individuals
  (id, full_name, tenant_id, workspace_id, verification_state, created_at, updated_at)
VALUES (
  'ind_33a08cc14082dc25', 'Oladele Ajayi',
  'tenant_platform_seed', 'workspace_platform_seed_discovery', 'editorial_verified', unixepoch(), unixepoch()
);
INSERT OR IGNORE INTO profiles
  (id, subject_id, subject_type, primary_place_id, tenant_id, workspace_id,
   display_name, created_at, updated_at)
VALUES (
  'prof_33a08cc14082dc25', 'ind_33a08cc14082dc25', 'individual', 'place_state_constituency_sc_649_la',
  'tenant_platform_seed', 'workspace_platform_seed_discovery',
  'Oladele Ajayi', unixepoch(), unixepoch()
);
INSERT OR IGNORE INTO politician_profiles
  (id, profile_id, office_title, jurisdiction_place_id, created_at, updated_at)
VALUES (
  'pp_33a08cc14082dc25', 'prof_33a08cc14082dc25',
  'Member, Lagos State House of Assembly (IBEJU-LEKKI II)',
  'place_state_constituency_sc_649_la', unixepoch(), unixepoch()
);
INSERT OR IGNORE INTO political_assignments
  (id, individual_id, term_id, jurisdiction_place_id, office_type,
   took_office_year, left_office_year, created_at, updated_at)
VALUES (
  'assign_33a08cc14082dc25', 'ind_33a08cc14082dc25', 'term_ng_lagos_state_assembly_10th_2023_2027',
  'place_state_constituency_sc_649_la', 'state_assembly_member', 2023, NULL, unixepoch(), unixepoch()
);
INSERT OR IGNORE INTO party_affiliations
  (id, individual_id, party_id, start_year, is_current, created_at, updated_at)
VALUES (
  'aff_33a08cc14082dc25', 'ind_33a08cc14082dc25', 'org_political_party_apc', 2023, 1, unixepoch(), unixepoch()
);
-- S04 sidecars
INSERT OR IGNORE INTO seed_dedupe_decisions
  (id, seed_run_id, entity_type, dedup_key, decision, canonical_id, notes)
VALUES (
  'dd_33a08cc14082dc25', 'seed_run_s05_political_foundation_lagos_assembly_20260422', 'individual', 'ng_state_assembly_member|lagos|ibeju-lekki ii|2023',
  'insert', 'ind_33a08cc14082dc25',
  'Unique: Lagos IBEJU-LEKKI II seat 2023-2027');
INSERT OR IGNORE INTO seed_ingestion_records
  (id, seed_run_id, entity_type, entity_id, source_id, status)
VALUES (
  'ir_33a08cc14082dc25', 'seed_run_s05_political_foundation_lagos_assembly_20260422', 'individual', 'ind_33a08cc14082dc25', 'seed_source_wikipedia_lagos_assembly_2023_20260422', 'ingested');
INSERT OR IGNORE INTO seed_identity_map
  (id, seed_run_id, source_id, source_entity_key, canonical_entity_id, entity_type)
VALUES (
  'im_33a08cc14082dc25', 'seed_run_s05_political_foundation_lagos_assembly_20260422', 'seed_source_wikipedia_lagos_assembly_2023_20260422',
  'wp_lagos_assembly_2023_ibeju-lekki_ii',
  'ind_33a08cc14082dc25', 'individual');
INSERT OR IGNORE INTO seed_place_resolutions
  (id, seed_run_id, source_name, resolved_place_id, resolution_method, confidence)
VALUES (
  'pr_33a08cc14082dc25', 'seed_run_s05_political_foundation_lagos_assembly_20260422',
  'Lagos IBEJU-LEKKI II', 'place_state_constituency_sc_649_la', 'exact_alias', 1.0);
INSERT OR IGNORE INTO seed_entity_sources
  (id, seed_run_id, entity_type, entity_id, source_id, confidence_tier)
VALUES (
  'es_33a08cc14082dc25', 'seed_run_s05_political_foundation_lagos_assembly_20260422', 'individual', 'ind_33a08cc14082dc25',
  'seed_source_wikipedia_lagos_assembly_2023_20260422', 'editorial_verified');
INSERT OR IGNORE INTO seed_enrichment
  (id, seed_run_id, entity_type, entity_id, enrichment_type, enrichment_json)
VALUES (
  'enr_33a08cc14082dc25', 'seed_run_s05_political_foundation_lagos_assembly_20260422', 'individual', 'ind_33a08cc14082dc25',
  'political_assignment', '{"constituency_wp": "Ibeju Lekki 02", "constituency_inec": "IBEJU-LEKKI II", "party_abbrev": "APC", "position": "Member", "source_url": "https://en.wikipedia.org/wiki/List_of_members_of_the_Lagos_State_House_of_Assembly_(2023%E2%80%932027)", "resolution_method": "alias"}');
INSERT OR IGNORE INTO search_entries
  (id, profile_id, display_name, keywords, ancestry_path, vertical, created_at, updated_at)
VALUES (
  'se_33a08cc14082dc25', 'prof_33a08cc14082dc25',
  'Oladele Ajayi',
  'Oladele Ajayi lagos state assembly ibeju-lekki ii apc politician legislator state house',
  'place_nigeria_001/place_zone_south_west/place_state_lagos/place_state_constituency_sc_649_la',
  'politician', unixepoch(), unixepoch()
);

-- 19. Temitope Adedeji Adewale – IFAKO / IJAIYE I
INSERT OR IGNORE INTO individuals
  (id, full_name, tenant_id, workspace_id, verification_state, created_at, updated_at)
VALUES (
  'ind_0dafa6f8f6246316', 'Temitope Adedeji Adewale',
  'tenant_platform_seed', 'workspace_platform_seed_discovery', 'editorial_verified', unixepoch(), unixepoch()
);
INSERT OR IGNORE INTO profiles
  (id, subject_id, subject_type, primary_place_id, tenant_id, workspace_id,
   display_name, created_at, updated_at)
VALUES (
  'prof_0dafa6f8f6246316', 'ind_0dafa6f8f6246316', 'individual', 'place_state_constituency_sc_650_la',
  'tenant_platform_seed', 'workspace_platform_seed_discovery',
  'Temitope Adedeji Adewale', unixepoch(), unixepoch()
);
INSERT OR IGNORE INTO politician_profiles
  (id, profile_id, office_title, jurisdiction_place_id, created_at, updated_at)
VALUES (
  'pp_0dafa6f8f6246316', 'prof_0dafa6f8f6246316',
  'Member, Lagos State House of Assembly (IFAKO / IJAIYE I)',
  'place_state_constituency_sc_650_la', unixepoch(), unixepoch()
);
INSERT OR IGNORE INTO political_assignments
  (id, individual_id, term_id, jurisdiction_place_id, office_type,
   took_office_year, left_office_year, created_at, updated_at)
VALUES (
  'assign_0dafa6f8f6246316', 'ind_0dafa6f8f6246316', 'term_ng_lagos_state_assembly_10th_2023_2027',
  'place_state_constituency_sc_650_la', 'state_assembly_member', 2023, NULL, unixepoch(), unixepoch()
);
INSERT OR IGNORE INTO party_affiliations
  (id, individual_id, party_id, start_year, is_current, created_at, updated_at)
VALUES (
  'aff_0dafa6f8f6246316', 'ind_0dafa6f8f6246316', 'org_political_party_apc', 2023, 1, unixepoch(), unixepoch()
);
-- S04 sidecars
INSERT OR IGNORE INTO seed_dedupe_decisions
  (id, seed_run_id, entity_type, dedup_key, decision, canonical_id, notes)
VALUES (
  'dd_0dafa6f8f6246316', 'seed_run_s05_political_foundation_lagos_assembly_20260422', 'individual', 'ng_state_assembly_member|lagos|ifako / ijaiye i|2023',
  'insert', 'ind_0dafa6f8f6246316',
  'Unique: Lagos IFAKO / IJAIYE I seat 2023-2027');
INSERT OR IGNORE INTO seed_ingestion_records
  (id, seed_run_id, entity_type, entity_id, source_id, status)
VALUES (
  'ir_0dafa6f8f6246316', 'seed_run_s05_political_foundation_lagos_assembly_20260422', 'individual', 'ind_0dafa6f8f6246316', 'seed_source_wikipedia_lagos_assembly_2023_20260422', 'ingested');
INSERT OR IGNORE INTO seed_identity_map
  (id, seed_run_id, source_id, source_entity_key, canonical_entity_id, entity_type)
VALUES (
  'im_0dafa6f8f6246316', 'seed_run_s05_political_foundation_lagos_assembly_20260422', 'seed_source_wikipedia_lagos_assembly_2023_20260422',
  'wp_lagos_assembly_2023_ifako___ijaiye_i',
  'ind_0dafa6f8f6246316', 'individual');
INSERT OR IGNORE INTO seed_place_resolutions
  (id, seed_run_id, source_name, resolved_place_id, resolution_method, confidence)
VALUES (
  'pr_0dafa6f8f6246316', 'seed_run_s05_political_foundation_lagos_assembly_20260422',
  'Lagos IFAKO / IJAIYE I', 'place_state_constituency_sc_650_la', 'exact_alias', 1.0);
INSERT OR IGNORE INTO seed_entity_sources
  (id, seed_run_id, entity_type, entity_id, source_id, confidence_tier)
VALUES (
  'es_0dafa6f8f6246316', 'seed_run_s05_political_foundation_lagos_assembly_20260422', 'individual', 'ind_0dafa6f8f6246316',
  'seed_source_wikipedia_lagos_assembly_2023_20260422', 'editorial_verified');
INSERT OR IGNORE INTO seed_enrichment
  (id, seed_run_id, entity_type, entity_id, enrichment_type, enrichment_json)
VALUES (
  'enr_0dafa6f8f6246316', 'seed_run_s05_political_foundation_lagos_assembly_20260422', 'individual', 'ind_0dafa6f8f6246316',
  'political_assignment', '{"constituency_wp": "Ifako Ijaiye 01", "constituency_inec": "IFAKO / IJAIYE I", "party_abbrev": "APC", "position": "Member", "source_url": "https://en.wikipedia.org/wiki/List_of_members_of_the_Lagos_State_House_of_Assembly_(2023%E2%80%932027)", "resolution_method": "alias"}');
INSERT OR IGNORE INTO search_entries
  (id, profile_id, display_name, keywords, ancestry_path, vertical, created_at, updated_at)
VALUES (
  'se_0dafa6f8f6246316', 'prof_0dafa6f8f6246316',
  'Temitope Adedeji Adewale',
  'Temitope Adedeji Adewale lagos state assembly ifako / ijaiye i apc politician legislator state house',
  'place_nigeria_001/place_zone_south_west/place_state_lagos/place_state_constituency_sc_650_la',
  'politician', unixepoch(), unixepoch()
);

-- 20. Emmanuel Olotu – IFAKO / IJAIYE II
INSERT OR IGNORE INTO individuals
  (id, full_name, tenant_id, workspace_id, verification_state, created_at, updated_at)
VALUES (
  'ind_88f61cd76042e71c', 'Emmanuel Olotu',
  'tenant_platform_seed', 'workspace_platform_seed_discovery', 'editorial_verified', unixepoch(), unixepoch()
);
INSERT OR IGNORE INTO profiles
  (id, subject_id, subject_type, primary_place_id, tenant_id, workspace_id,
   display_name, created_at, updated_at)
VALUES (
  'prof_88f61cd76042e71c', 'ind_88f61cd76042e71c', 'individual', 'place_state_constituency_sc_651_la',
  'tenant_platform_seed', 'workspace_platform_seed_discovery',
  'Emmanuel Olotu', unixepoch(), unixepoch()
);
INSERT OR IGNORE INTO politician_profiles
  (id, profile_id, office_title, jurisdiction_place_id, created_at, updated_at)
VALUES (
  'pp_88f61cd76042e71c', 'prof_88f61cd76042e71c',
  'Member, Lagos State House of Assembly (IFAKO / IJAIYE II)',
  'place_state_constituency_sc_651_la', unixepoch(), unixepoch()
);
INSERT OR IGNORE INTO political_assignments
  (id, individual_id, term_id, jurisdiction_place_id, office_type,
   took_office_year, left_office_year, created_at, updated_at)
VALUES (
  'assign_88f61cd76042e71c', 'ind_88f61cd76042e71c', 'term_ng_lagos_state_assembly_10th_2023_2027',
  'place_state_constituency_sc_651_la', 'state_assembly_member', 2023, NULL, unixepoch(), unixepoch()
);
INSERT OR IGNORE INTO party_affiliations
  (id, individual_id, party_id, start_year, is_current, created_at, updated_at)
VALUES (
  'aff_88f61cd76042e71c', 'ind_88f61cd76042e71c', 'org_political_party_apc', 2023, 1, unixepoch(), unixepoch()
);
-- S04 sidecars
INSERT OR IGNORE INTO seed_dedupe_decisions
  (id, seed_run_id, entity_type, dedup_key, decision, canonical_id, notes)
VALUES (
  'dd_88f61cd76042e71c', 'seed_run_s05_political_foundation_lagos_assembly_20260422', 'individual', 'ng_state_assembly_member|lagos|ifako / ijaiye ii|2023',
  'insert', 'ind_88f61cd76042e71c',
  'Unique: Lagos IFAKO / IJAIYE II seat 2023-2027');
INSERT OR IGNORE INTO seed_ingestion_records
  (id, seed_run_id, entity_type, entity_id, source_id, status)
VALUES (
  'ir_88f61cd76042e71c', 'seed_run_s05_political_foundation_lagos_assembly_20260422', 'individual', 'ind_88f61cd76042e71c', 'seed_source_wikipedia_lagos_assembly_2023_20260422', 'ingested');
INSERT OR IGNORE INTO seed_identity_map
  (id, seed_run_id, source_id, source_entity_key, canonical_entity_id, entity_type)
VALUES (
  'im_88f61cd76042e71c', 'seed_run_s05_political_foundation_lagos_assembly_20260422', 'seed_source_wikipedia_lagos_assembly_2023_20260422',
  'wp_lagos_assembly_2023_ifako___ijaiye_ii',
  'ind_88f61cd76042e71c', 'individual');
INSERT OR IGNORE INTO seed_place_resolutions
  (id, seed_run_id, source_name, resolved_place_id, resolution_method, confidence)
VALUES (
  'pr_88f61cd76042e71c', 'seed_run_s05_political_foundation_lagos_assembly_20260422',
  'Lagos IFAKO / IJAIYE II', 'place_state_constituency_sc_651_la', 'exact_alias', 1.0);
INSERT OR IGNORE INTO seed_entity_sources
  (id, seed_run_id, entity_type, entity_id, source_id, confidence_tier)
VALUES (
  'es_88f61cd76042e71c', 'seed_run_s05_political_foundation_lagos_assembly_20260422', 'individual', 'ind_88f61cd76042e71c',
  'seed_source_wikipedia_lagos_assembly_2023_20260422', 'editorial_verified');
INSERT OR IGNORE INTO seed_enrichment
  (id, seed_run_id, entity_type, entity_id, enrichment_type, enrichment_json)
VALUES (
  'enr_88f61cd76042e71c', 'seed_run_s05_political_foundation_lagos_assembly_20260422', 'individual', 'ind_88f61cd76042e71c',
  'political_assignment', '{"constituency_wp": "Ifako Ijaiye 02", "constituency_inec": "IFAKO / IJAIYE II", "party_abbrev": "APC", "position": "Member", "source_url": "https://en.wikipedia.org/wiki/List_of_members_of_the_Lagos_State_House_of_Assembly_(2023%E2%80%932027)", "resolution_method": "alias"}');
INSERT OR IGNORE INTO search_entries
  (id, profile_id, display_name, keywords, ancestry_path, vertical, created_at, updated_at)
VALUES (
  'se_88f61cd76042e71c', 'prof_88f61cd76042e71c',
  'Emmanuel Olotu',
  'Emmanuel Olotu lagos state assembly ifako / ijaiye ii apc politician legislator state house',
  'place_nigeria_001/place_zone_south_west/place_state_lagos/place_state_constituency_sc_651_la',
  'politician', unixepoch(), unixepoch()
);

-- 21. Adeseyi Lawal – IKEJA I
INSERT OR IGNORE INTO individuals
  (id, full_name, tenant_id, workspace_id, verification_state, created_at, updated_at)
VALUES (
  'ind_9507dcb7e65c7a0a', 'Adeseyi Lawal',
  'tenant_platform_seed', 'workspace_platform_seed_discovery', 'editorial_verified', unixepoch(), unixepoch()
);
INSERT OR IGNORE INTO profiles
  (id, subject_id, subject_type, primary_place_id, tenant_id, workspace_id,
   display_name, created_at, updated_at)
VALUES (
  'prof_9507dcb7e65c7a0a', 'ind_9507dcb7e65c7a0a', 'individual', 'place_state_constituency_sc_652_la',
  'tenant_platform_seed', 'workspace_platform_seed_discovery',
  'Adeseyi Lawal', unixepoch(), unixepoch()
);
INSERT OR IGNORE INTO politician_profiles
  (id, profile_id, office_title, jurisdiction_place_id, created_at, updated_at)
VALUES (
  'pp_9507dcb7e65c7a0a', 'prof_9507dcb7e65c7a0a',
  'Member, Lagos State House of Assembly (IKEJA I)',
  'place_state_constituency_sc_652_la', unixepoch(), unixepoch()
);
INSERT OR IGNORE INTO political_assignments
  (id, individual_id, term_id, jurisdiction_place_id, office_type,
   took_office_year, left_office_year, created_at, updated_at)
VALUES (
  'assign_9507dcb7e65c7a0a', 'ind_9507dcb7e65c7a0a', 'term_ng_lagos_state_assembly_10th_2023_2027',
  'place_state_constituency_sc_652_la', 'state_assembly_member', 2023, NULL, unixepoch(), unixepoch()
);
INSERT OR IGNORE INTO party_affiliations
  (id, individual_id, party_id, start_year, is_current, created_at, updated_at)
VALUES (
  'aff_9507dcb7e65c7a0a', 'ind_9507dcb7e65c7a0a', 'org_political_party_apc', 2023, 1, unixepoch(), unixepoch()
);
-- S04 sidecars
INSERT OR IGNORE INTO seed_dedupe_decisions
  (id, seed_run_id, entity_type, dedup_key, decision, canonical_id, notes)
VALUES (
  'dd_9507dcb7e65c7a0a', 'seed_run_s05_political_foundation_lagos_assembly_20260422', 'individual', 'ng_state_assembly_member|lagos|ikeja i|2023',
  'insert', 'ind_9507dcb7e65c7a0a',
  'Unique: Lagos IKEJA I seat 2023-2027');
INSERT OR IGNORE INTO seed_ingestion_records
  (id, seed_run_id, entity_type, entity_id, source_id, status)
VALUES (
  'ir_9507dcb7e65c7a0a', 'seed_run_s05_political_foundation_lagos_assembly_20260422', 'individual', 'ind_9507dcb7e65c7a0a', 'seed_source_wikipedia_lagos_assembly_2023_20260422', 'ingested');
INSERT OR IGNORE INTO seed_identity_map
  (id, seed_run_id, source_id, source_entity_key, canonical_entity_id, entity_type)
VALUES (
  'im_9507dcb7e65c7a0a', 'seed_run_s05_political_foundation_lagos_assembly_20260422', 'seed_source_wikipedia_lagos_assembly_2023_20260422',
  'wp_lagos_assembly_2023_ikeja_i',
  'ind_9507dcb7e65c7a0a', 'individual');
INSERT OR IGNORE INTO seed_place_resolutions
  (id, seed_run_id, source_name, resolved_place_id, resolution_method, confidence)
VALUES (
  'pr_9507dcb7e65c7a0a', 'seed_run_s05_political_foundation_lagos_assembly_20260422',
  'Lagos IKEJA I', 'place_state_constituency_sc_652_la', 'exact_alias', 1.0);
INSERT OR IGNORE INTO seed_entity_sources
  (id, seed_run_id, entity_type, entity_id, source_id, confidence_tier)
VALUES (
  'es_9507dcb7e65c7a0a', 'seed_run_s05_political_foundation_lagos_assembly_20260422', 'individual', 'ind_9507dcb7e65c7a0a',
  'seed_source_wikipedia_lagos_assembly_2023_20260422', 'editorial_verified');
INSERT OR IGNORE INTO seed_enrichment
  (id, seed_run_id, entity_type, entity_id, enrichment_type, enrichment_json)
VALUES (
  'enr_9507dcb7e65c7a0a', 'seed_run_s05_political_foundation_lagos_assembly_20260422', 'individual', 'ind_9507dcb7e65c7a0a',
  'political_assignment', '{"constituency_wp": "Ikeja 01", "constituency_inec": "IKEJA I", "party_abbrev": "APC", "position": "Member", "source_url": "https://en.wikipedia.org/wiki/List_of_members_of_the_Lagos_State_House_of_Assembly_(2023%E2%80%932027)", "resolution_method": "alias"}');
INSERT OR IGNORE INTO search_entries
  (id, profile_id, display_name, keywords, ancestry_path, vertical, created_at, updated_at)
VALUES (
  'se_9507dcb7e65c7a0a', 'prof_9507dcb7e65c7a0a',
  'Adeseyi Lawal',
  'Adeseyi Lawal lagos state assembly ikeja i apc politician legislator state house',
  'place_nigeria_001/place_zone_south_west/place_state_lagos/place_state_constituency_sc_652_la',
  'politician', unixepoch(), unixepoch()
);

-- 22. Kasunmu Adedamola – IKEJA II
INSERT OR IGNORE INTO individuals
  (id, full_name, tenant_id, workspace_id, verification_state, created_at, updated_at)
VALUES (
  'ind_5e7f312b67d6f5ca', 'Kasunmu Adedamola',
  'tenant_platform_seed', 'workspace_platform_seed_discovery', 'editorial_verified', unixepoch(), unixepoch()
);
INSERT OR IGNORE INTO profiles
  (id, subject_id, subject_type, primary_place_id, tenant_id, workspace_id,
   display_name, created_at, updated_at)
VALUES (
  'prof_5e7f312b67d6f5ca', 'ind_5e7f312b67d6f5ca', 'individual', 'place_state_constituency_sc_653_la',
  'tenant_platform_seed', 'workspace_platform_seed_discovery',
  'Kasunmu Adedamola', unixepoch(), unixepoch()
);
INSERT OR IGNORE INTO politician_profiles
  (id, profile_id, office_title, jurisdiction_place_id, created_at, updated_at)
VALUES (
  'pp_5e7f312b67d6f5ca', 'prof_5e7f312b67d6f5ca',
  'Member, Lagos State House of Assembly (IKEJA II)',
  'place_state_constituency_sc_653_la', unixepoch(), unixepoch()
);
INSERT OR IGNORE INTO political_assignments
  (id, individual_id, term_id, jurisdiction_place_id, office_type,
   took_office_year, left_office_year, created_at, updated_at)
VALUES (
  'assign_5e7f312b67d6f5ca', 'ind_5e7f312b67d6f5ca', 'term_ng_lagos_state_assembly_10th_2023_2027',
  'place_state_constituency_sc_653_la', 'state_assembly_member', 2023, NULL, unixepoch(), unixepoch()
);
INSERT OR IGNORE INTO party_affiliations
  (id, individual_id, party_id, start_year, is_current, created_at, updated_at)
VALUES (
  'aff_5e7f312b67d6f5ca', 'ind_5e7f312b67d6f5ca', 'org_political_party_apc', 2023, 1, unixepoch(), unixepoch()
);
-- S04 sidecars
INSERT OR IGNORE INTO seed_dedupe_decisions
  (id, seed_run_id, entity_type, dedup_key, decision, canonical_id, notes)
VALUES (
  'dd_5e7f312b67d6f5ca', 'seed_run_s05_political_foundation_lagos_assembly_20260422', 'individual', 'ng_state_assembly_member|lagos|ikeja ii|2023',
  'insert', 'ind_5e7f312b67d6f5ca',
  'Unique: Lagos IKEJA II seat 2023-2027');
INSERT OR IGNORE INTO seed_ingestion_records
  (id, seed_run_id, entity_type, entity_id, source_id, status)
VALUES (
  'ir_5e7f312b67d6f5ca', 'seed_run_s05_political_foundation_lagos_assembly_20260422', 'individual', 'ind_5e7f312b67d6f5ca', 'seed_source_wikipedia_lagos_assembly_2023_20260422', 'ingested');
INSERT OR IGNORE INTO seed_identity_map
  (id, seed_run_id, source_id, source_entity_key, canonical_entity_id, entity_type)
VALUES (
  'im_5e7f312b67d6f5ca', 'seed_run_s05_political_foundation_lagos_assembly_20260422', 'seed_source_wikipedia_lagos_assembly_2023_20260422',
  'wp_lagos_assembly_2023_ikeja_ii',
  'ind_5e7f312b67d6f5ca', 'individual');
INSERT OR IGNORE INTO seed_place_resolutions
  (id, seed_run_id, source_name, resolved_place_id, resolution_method, confidence)
VALUES (
  'pr_5e7f312b67d6f5ca', 'seed_run_s05_political_foundation_lagos_assembly_20260422',
  'Lagos IKEJA II', 'place_state_constituency_sc_653_la', 'exact_alias', 1.0);
INSERT OR IGNORE INTO seed_entity_sources
  (id, seed_run_id, entity_type, entity_id, source_id, confidence_tier)
VALUES (
  'es_5e7f312b67d6f5ca', 'seed_run_s05_political_foundation_lagos_assembly_20260422', 'individual', 'ind_5e7f312b67d6f5ca',
  'seed_source_wikipedia_lagos_assembly_2023_20260422', 'editorial_verified');
INSERT OR IGNORE INTO seed_enrichment
  (id, seed_run_id, entity_type, entity_id, enrichment_type, enrichment_json)
VALUES (
  'enr_5e7f312b67d6f5ca', 'seed_run_s05_political_foundation_lagos_assembly_20260422', 'individual', 'ind_5e7f312b67d6f5ca',
  'political_assignment', '{"constituency_wp": "Ikeja 02", "constituency_inec": "IKEJA II", "party_abbrev": "APC", "position": "Deputy Majority Leader", "source_url": "https://en.wikipedia.org/wiki/List_of_members_of_the_Lagos_State_House_of_Assembly_(2023%E2%80%932027)", "resolution_method": "alias"}');
INSERT OR IGNORE INTO search_entries
  (id, profile_id, display_name, keywords, ancestry_path, vertical, created_at, updated_at)
VALUES (
  'se_5e7f312b67d6f5ca', 'prof_5e7f312b67d6f5ca',
  'Kasunmu Adedamola',
  'Kasunmu Adedamola lagos state assembly ikeja ii apc politician legislator state house',
  'place_nigeria_001/place_zone_south_west/place_state_lagos/place_state_constituency_sc_653_la',
  'politician', unixepoch(), unixepoch()
);

-- 23. Gbolahan Ogunleye – IKORODU I
INSERT OR IGNORE INTO individuals
  (id, full_name, tenant_id, workspace_id, verification_state, created_at, updated_at)
VALUES (
  'ind_c74808af26ce6cf4', 'Gbolahan Ogunleye',
  'tenant_platform_seed', 'workspace_platform_seed_discovery', 'editorial_verified', unixepoch(), unixepoch()
);
INSERT OR IGNORE INTO profiles
  (id, subject_id, subject_type, primary_place_id, tenant_id, workspace_id,
   display_name, created_at, updated_at)
VALUES (
  'prof_c74808af26ce6cf4', 'ind_c74808af26ce6cf4', 'individual', 'place_state_constituency_sc_654_la',
  'tenant_platform_seed', 'workspace_platform_seed_discovery',
  'Gbolahan Ogunleye', unixepoch(), unixepoch()
);
INSERT OR IGNORE INTO politician_profiles
  (id, profile_id, office_title, jurisdiction_place_id, created_at, updated_at)
VALUES (
  'pp_c74808af26ce6cf4', 'prof_c74808af26ce6cf4',
  'Member, Lagos State House of Assembly (IKORODU I)',
  'place_state_constituency_sc_654_la', unixepoch(), unixepoch()
);
INSERT OR IGNORE INTO political_assignments
  (id, individual_id, term_id, jurisdiction_place_id, office_type,
   took_office_year, left_office_year, created_at, updated_at)
VALUES (
  'assign_c74808af26ce6cf4', 'ind_c74808af26ce6cf4', 'term_ng_lagos_state_assembly_10th_2023_2027',
  'place_state_constituency_sc_654_la', 'state_assembly_member', 2023, NULL, unixepoch(), unixepoch()
);
INSERT OR IGNORE INTO party_affiliations
  (id, individual_id, party_id, start_year, is_current, created_at, updated_at)
VALUES (
  'aff_c74808af26ce6cf4', 'ind_c74808af26ce6cf4', 'org_political_party_apc', 2023, 1, unixepoch(), unixepoch()
);
-- S04 sidecars
INSERT OR IGNORE INTO seed_dedupe_decisions
  (id, seed_run_id, entity_type, dedup_key, decision, canonical_id, notes)
VALUES (
  'dd_c74808af26ce6cf4', 'seed_run_s05_political_foundation_lagos_assembly_20260422', 'individual', 'ng_state_assembly_member|lagos|ikorodu i|2023',
  'insert', 'ind_c74808af26ce6cf4',
  'Unique: Lagos IKORODU I seat 2023-2027');
INSERT OR IGNORE INTO seed_ingestion_records
  (id, seed_run_id, entity_type, entity_id, source_id, status)
VALUES (
  'ir_c74808af26ce6cf4', 'seed_run_s05_political_foundation_lagos_assembly_20260422', 'individual', 'ind_c74808af26ce6cf4', 'seed_source_wikipedia_lagos_assembly_2023_20260422', 'ingested');
INSERT OR IGNORE INTO seed_identity_map
  (id, seed_run_id, source_id, source_entity_key, canonical_entity_id, entity_type)
VALUES (
  'im_c74808af26ce6cf4', 'seed_run_s05_political_foundation_lagos_assembly_20260422', 'seed_source_wikipedia_lagos_assembly_2023_20260422',
  'wp_lagos_assembly_2023_ikorodu_i',
  'ind_c74808af26ce6cf4', 'individual');
INSERT OR IGNORE INTO seed_place_resolutions
  (id, seed_run_id, source_name, resolved_place_id, resolution_method, confidence)
VALUES (
  'pr_c74808af26ce6cf4', 'seed_run_s05_political_foundation_lagos_assembly_20260422',
  'Lagos IKORODU I', 'place_state_constituency_sc_654_la', 'exact_alias', 1.0);
INSERT OR IGNORE INTO seed_entity_sources
  (id, seed_run_id, entity_type, entity_id, source_id, confidence_tier)
VALUES (
  'es_c74808af26ce6cf4', 'seed_run_s05_political_foundation_lagos_assembly_20260422', 'individual', 'ind_c74808af26ce6cf4',
  'seed_source_wikipedia_lagos_assembly_2023_20260422', 'editorial_verified');
INSERT OR IGNORE INTO seed_enrichment
  (id, seed_run_id, entity_type, entity_id, enrichment_type, enrichment_json)
VALUES (
  'enr_c74808af26ce6cf4', 'seed_run_s05_political_foundation_lagos_assembly_20260422', 'individual', 'ind_c74808af26ce6cf4',
  'political_assignment', '{"constituency_wp": "Ikorodu 01", "constituency_inec": "IKORODU I", "party_abbrev": "APC", "position": "Member", "source_url": "https://en.wikipedia.org/wiki/List_of_members_of_the_Lagos_State_House_of_Assembly_(2023%E2%80%932027)", "resolution_method": "alias"}');
INSERT OR IGNORE INTO search_entries
  (id, profile_id, display_name, keywords, ancestry_path, vertical, created_at, updated_at)
VALUES (
  'se_c74808af26ce6cf4', 'prof_c74808af26ce6cf4',
  'Gbolahan Ogunleye',
  'Gbolahan Ogunleye lagos state assembly ikorodu i apc politician legislator state house',
  'place_nigeria_001/place_zone_south_west/place_state_lagos/place_state_constituency_sc_654_la',
  'politician', unixepoch(), unixepoch()
);

-- 24. Moshood Aro – IKORODU II
INSERT OR IGNORE INTO individuals
  (id, full_name, tenant_id, workspace_id, verification_state, created_at, updated_at)
VALUES (
  'ind_0446ace0fa09539a', 'Moshood Aro',
  'tenant_platform_seed', 'workspace_platform_seed_discovery', 'editorial_verified', unixepoch(), unixepoch()
);
INSERT OR IGNORE INTO profiles
  (id, subject_id, subject_type, primary_place_id, tenant_id, workspace_id,
   display_name, created_at, updated_at)
VALUES (
  'prof_0446ace0fa09539a', 'ind_0446ace0fa09539a', 'individual', 'place_state_constituency_sc_655_la',
  'tenant_platform_seed', 'workspace_platform_seed_discovery',
  'Moshood Aro', unixepoch(), unixepoch()
);
INSERT OR IGNORE INTO politician_profiles
  (id, profile_id, office_title, jurisdiction_place_id, created_at, updated_at)
VALUES (
  'pp_0446ace0fa09539a', 'prof_0446ace0fa09539a',
  'Member, Lagos State House of Assembly (IKORODU II)',
  'place_state_constituency_sc_655_la', unixepoch(), unixepoch()
);
INSERT OR IGNORE INTO political_assignments
  (id, individual_id, term_id, jurisdiction_place_id, office_type,
   took_office_year, left_office_year, created_at, updated_at)
VALUES (
  'assign_0446ace0fa09539a', 'ind_0446ace0fa09539a', 'term_ng_lagos_state_assembly_10th_2023_2027',
  'place_state_constituency_sc_655_la', 'state_assembly_member', 2023, NULL, unixepoch(), unixepoch()
);
INSERT OR IGNORE INTO party_affiliations
  (id, individual_id, party_id, start_year, is_current, created_at, updated_at)
VALUES (
  'aff_0446ace0fa09539a', 'ind_0446ace0fa09539a', 'org_political_party_apc', 2023, 1, unixepoch(), unixepoch()
);
-- S04 sidecars
INSERT OR IGNORE INTO seed_dedupe_decisions
  (id, seed_run_id, entity_type, dedup_key, decision, canonical_id, notes)
VALUES (
  'dd_0446ace0fa09539a', 'seed_run_s05_political_foundation_lagos_assembly_20260422', 'individual', 'ng_state_assembly_member|lagos|ikorodu ii|2023',
  'insert', 'ind_0446ace0fa09539a',
  'Unique: Lagos IKORODU II seat 2023-2027');
INSERT OR IGNORE INTO seed_ingestion_records
  (id, seed_run_id, entity_type, entity_id, source_id, status)
VALUES (
  'ir_0446ace0fa09539a', 'seed_run_s05_political_foundation_lagos_assembly_20260422', 'individual', 'ind_0446ace0fa09539a', 'seed_source_wikipedia_lagos_assembly_2023_20260422', 'ingested');
INSERT OR IGNORE INTO seed_identity_map
  (id, seed_run_id, source_id, source_entity_key, canonical_entity_id, entity_type)
VALUES (
  'im_0446ace0fa09539a', 'seed_run_s05_political_foundation_lagos_assembly_20260422', 'seed_source_wikipedia_lagos_assembly_2023_20260422',
  'wp_lagos_assembly_2023_ikorodu_ii',
  'ind_0446ace0fa09539a', 'individual');
INSERT OR IGNORE INTO seed_place_resolutions
  (id, seed_run_id, source_name, resolved_place_id, resolution_method, confidence)
VALUES (
  'pr_0446ace0fa09539a', 'seed_run_s05_political_foundation_lagos_assembly_20260422',
  'Lagos IKORODU II', 'place_state_constituency_sc_655_la', 'exact_alias', 1.0);
INSERT OR IGNORE INTO seed_entity_sources
  (id, seed_run_id, entity_type, entity_id, source_id, confidence_tier)
VALUES (
  'es_0446ace0fa09539a', 'seed_run_s05_political_foundation_lagos_assembly_20260422', 'individual', 'ind_0446ace0fa09539a',
  'seed_source_wikipedia_lagos_assembly_2023_20260422', 'editorial_verified');
INSERT OR IGNORE INTO seed_enrichment
  (id, seed_run_id, entity_type, entity_id, enrichment_type, enrichment_json)
VALUES (
  'enr_0446ace0fa09539a', 'seed_run_s05_political_foundation_lagos_assembly_20260422', 'individual', 'ind_0446ace0fa09539a',
  'political_assignment', '{"constituency_wp": "Ikorodu 02", "constituency_inec": "IKORODU II", "party_abbrev": "APC", "position": "Member", "source_url": "https://en.wikipedia.org/wiki/List_of_members_of_the_Lagos_State_House_of_Assembly_(2023%E2%80%932027)", "resolution_method": "alias"}');
INSERT OR IGNORE INTO search_entries
  (id, profile_id, display_name, keywords, ancestry_path, vertical, created_at, updated_at)
VALUES (
  'se_0446ace0fa09539a', 'prof_0446ace0fa09539a',
  'Moshood Aro',
  'Moshood Aro lagos state assembly ikorodu ii apc politician legislator state house',
  'place_nigeria_001/place_zone_south_west/place_state_lagos/place_state_constituency_sc_655_la',
  'politician', unixepoch(), unixepoch()
);

-- 25. Sanni Ganiyu B. – KOSOFE I
INSERT OR IGNORE INTO individuals
  (id, full_name, tenant_id, workspace_id, verification_state, created_at, updated_at)
VALUES (
  'ind_078963eca40bc85e', 'Sanni Ganiyu B.',
  'tenant_platform_seed', 'workspace_platform_seed_discovery', 'editorial_verified', unixepoch(), unixepoch()
);
INSERT OR IGNORE INTO profiles
  (id, subject_id, subject_type, primary_place_id, tenant_id, workspace_id,
   display_name, created_at, updated_at)
VALUES (
  'prof_078963eca40bc85e', 'ind_078963eca40bc85e', 'individual', 'place_state_constituency_sc_656_la',
  'tenant_platform_seed', 'workspace_platform_seed_discovery',
  'Sanni Ganiyu B.', unixepoch(), unixepoch()
);
INSERT OR IGNORE INTO politician_profiles
  (id, profile_id, office_title, jurisdiction_place_id, created_at, updated_at)
VALUES (
  'pp_078963eca40bc85e', 'prof_078963eca40bc85e',
  'Member, Lagos State House of Assembly (KOSOFE I)',
  'place_state_constituency_sc_656_la', unixepoch(), unixepoch()
);
INSERT OR IGNORE INTO political_assignments
  (id, individual_id, term_id, jurisdiction_place_id, office_type,
   took_office_year, left_office_year, created_at, updated_at)
VALUES (
  'assign_078963eca40bc85e', 'ind_078963eca40bc85e', 'term_ng_lagos_state_assembly_10th_2023_2027',
  'place_state_constituency_sc_656_la', 'state_assembly_member', 2023, NULL, unixepoch(), unixepoch()
);
INSERT OR IGNORE INTO party_affiliations
  (id, individual_id, party_id, start_year, is_current, created_at, updated_at)
VALUES (
  'aff_078963eca40bc85e', 'ind_078963eca40bc85e', 'org_political_party_apc', 2023, 1, unixepoch(), unixepoch()
);
-- S04 sidecars
INSERT OR IGNORE INTO seed_dedupe_decisions
  (id, seed_run_id, entity_type, dedup_key, decision, canonical_id, notes)
VALUES (
  'dd_078963eca40bc85e', 'seed_run_s05_political_foundation_lagos_assembly_20260422', 'individual', 'ng_state_assembly_member|lagos|kosofe i|2023',
  'insert', 'ind_078963eca40bc85e',
  'Unique: Lagos KOSOFE I seat 2023-2027');
INSERT OR IGNORE INTO seed_ingestion_records
  (id, seed_run_id, entity_type, entity_id, source_id, status)
VALUES (
  'ir_078963eca40bc85e', 'seed_run_s05_political_foundation_lagos_assembly_20260422', 'individual', 'ind_078963eca40bc85e', 'seed_source_wikipedia_lagos_assembly_2023_20260422', 'ingested');
INSERT OR IGNORE INTO seed_identity_map
  (id, seed_run_id, source_id, source_entity_key, canonical_entity_id, entity_type)
VALUES (
  'im_078963eca40bc85e', 'seed_run_s05_political_foundation_lagos_assembly_20260422', 'seed_source_wikipedia_lagos_assembly_2023_20260422',
  'wp_lagos_assembly_2023_kosofe_i',
  'ind_078963eca40bc85e', 'individual');
INSERT OR IGNORE INTO seed_place_resolutions
  (id, seed_run_id, source_name, resolved_place_id, resolution_method, confidence)
VALUES (
  'pr_078963eca40bc85e', 'seed_run_s05_political_foundation_lagos_assembly_20260422',
  'Lagos KOSOFE I', 'place_state_constituency_sc_656_la', 'exact_alias', 1.0);
INSERT OR IGNORE INTO seed_entity_sources
  (id, seed_run_id, entity_type, entity_id, source_id, confidence_tier)
VALUES (
  'es_078963eca40bc85e', 'seed_run_s05_political_foundation_lagos_assembly_20260422', 'individual', 'ind_078963eca40bc85e',
  'seed_source_wikipedia_lagos_assembly_2023_20260422', 'editorial_verified');
INSERT OR IGNORE INTO seed_enrichment
  (id, seed_run_id, entity_type, entity_id, enrichment_type, enrichment_json)
VALUES (
  'enr_078963eca40bc85e', 'seed_run_s05_political_foundation_lagos_assembly_20260422', 'individual', 'ind_078963eca40bc85e',
  'political_assignment', '{"constituency_wp": "Kosofe 01", "constituency_inec": "KOSOFE I", "party_abbrev": "APC", "position": "Member", "source_url": "https://en.wikipedia.org/wiki/List_of_members_of_the_Lagos_State_House_of_Assembly_(2023%E2%80%932027)", "resolution_method": "alias"}');
INSERT OR IGNORE INTO search_entries
  (id, profile_id, display_name, keywords, ancestry_path, vertical, created_at, updated_at)
VALUES (
  'se_078963eca40bc85e', 'prof_078963eca40bc85e',
  'Sanni Ganiyu B.',
  'Sanni Ganiyu B. lagos state assembly kosofe i apc politician legislator state house',
  'place_nigeria_001/place_zone_south_west/place_state_lagos/place_state_constituency_sc_656_la',
  'politician', unixepoch(), unixepoch()
);

-- 26. Saheed Femi – KOSOFE II
INSERT OR IGNORE INTO individuals
  (id, full_name, tenant_id, workspace_id, verification_state, created_at, updated_at)
VALUES (
  'ind_a8b73a22e0ad0314', 'Saheed Femi',
  'tenant_platform_seed', 'workspace_platform_seed_discovery', 'editorial_verified', unixepoch(), unixepoch()
);
INSERT OR IGNORE INTO profiles
  (id, subject_id, subject_type, primary_place_id, tenant_id, workspace_id,
   display_name, created_at, updated_at)
VALUES (
  'prof_a8b73a22e0ad0314', 'ind_a8b73a22e0ad0314', 'individual', 'place_state_constituency_sc_657_la',
  'tenant_platform_seed', 'workspace_platform_seed_discovery',
  'Saheed Femi', unixepoch(), unixepoch()
);
INSERT OR IGNORE INTO politician_profiles
  (id, profile_id, office_title, jurisdiction_place_id, created_at, updated_at)
VALUES (
  'pp_a8b73a22e0ad0314', 'prof_a8b73a22e0ad0314',
  'Member, Lagos State House of Assembly (KOSOFE II)',
  'place_state_constituency_sc_657_la', unixepoch(), unixepoch()
);
INSERT OR IGNORE INTO political_assignments
  (id, individual_id, term_id, jurisdiction_place_id, office_type,
   took_office_year, left_office_year, created_at, updated_at)
VALUES (
  'assign_a8b73a22e0ad0314', 'ind_a8b73a22e0ad0314', 'term_ng_lagos_state_assembly_10th_2023_2027',
  'place_state_constituency_sc_657_la', 'state_assembly_member', 2023, NULL, unixepoch(), unixepoch()
);
INSERT OR IGNORE INTO party_affiliations
  (id, individual_id, party_id, start_year, is_current, created_at, updated_at)
VALUES (
  'aff_a8b73a22e0ad0314', 'ind_a8b73a22e0ad0314', 'org_political_party_apc', 2023, 1, unixepoch(), unixepoch()
);
-- S04 sidecars
INSERT OR IGNORE INTO seed_dedupe_decisions
  (id, seed_run_id, entity_type, dedup_key, decision, canonical_id, notes)
VALUES (
  'dd_a8b73a22e0ad0314', 'seed_run_s05_political_foundation_lagos_assembly_20260422', 'individual', 'ng_state_assembly_member|lagos|kosofe ii|2023',
  'insert', 'ind_a8b73a22e0ad0314',
  'Unique: Lagos KOSOFE II seat 2023-2027');
INSERT OR IGNORE INTO seed_ingestion_records
  (id, seed_run_id, entity_type, entity_id, source_id, status)
VALUES (
  'ir_a8b73a22e0ad0314', 'seed_run_s05_political_foundation_lagos_assembly_20260422', 'individual', 'ind_a8b73a22e0ad0314', 'seed_source_wikipedia_lagos_assembly_2023_20260422', 'ingested');
INSERT OR IGNORE INTO seed_identity_map
  (id, seed_run_id, source_id, source_entity_key, canonical_entity_id, entity_type)
VALUES (
  'im_a8b73a22e0ad0314', 'seed_run_s05_political_foundation_lagos_assembly_20260422', 'seed_source_wikipedia_lagos_assembly_2023_20260422',
  'wp_lagos_assembly_2023_kosofe_ii',
  'ind_a8b73a22e0ad0314', 'individual');
INSERT OR IGNORE INTO seed_place_resolutions
  (id, seed_run_id, source_name, resolved_place_id, resolution_method, confidence)
VALUES (
  'pr_a8b73a22e0ad0314', 'seed_run_s05_political_foundation_lagos_assembly_20260422',
  'Lagos KOSOFE II', 'place_state_constituency_sc_657_la', 'exact_alias', 1.0);
INSERT OR IGNORE INTO seed_entity_sources
  (id, seed_run_id, entity_type, entity_id, source_id, confidence_tier)
VALUES (
  'es_a8b73a22e0ad0314', 'seed_run_s05_political_foundation_lagos_assembly_20260422', 'individual', 'ind_a8b73a22e0ad0314',
  'seed_source_wikipedia_lagos_assembly_2023_20260422', 'editorial_verified');
INSERT OR IGNORE INTO seed_enrichment
  (id, seed_run_id, entity_type, entity_id, enrichment_type, enrichment_json)
VALUES (
  'enr_a8b73a22e0ad0314', 'seed_run_s05_political_foundation_lagos_assembly_20260422', 'individual', 'ind_a8b73a22e0ad0314',
  'political_assignment', '{"constituency_wp": "Kosofe 02", "constituency_inec": "KOSOFE II", "party_abbrev": "APC", "position": "Member", "source_url": "https://en.wikipedia.org/wiki/List_of_members_of_the_Lagos_State_House_of_Assembly_(2023%E2%80%932027)", "resolution_method": "alias"}');
INSERT OR IGNORE INTO search_entries
  (id, profile_id, display_name, keywords, ancestry_path, vertical, created_at, updated_at)
VALUES (
  'se_a8b73a22e0ad0314', 'prof_a8b73a22e0ad0314',
  'Saheed Femi',
  'Saheed Femi lagos state assembly kosofe ii apc politician legislator state house',
  'place_nigeria_001/place_zone_south_west/place_state_lagos/place_state_constituency_sc_657_la',
  'politician', unixepoch(), unixepoch()
);

-- 27. Olumegbon Lawal – LAGOS ISLAND I
INSERT OR IGNORE INTO individuals
  (id, full_name, tenant_id, workspace_id, verification_state, created_at, updated_at)
VALUES (
  'ind_5f49d1c4d137fdc5', 'Olumegbon Lawal',
  'tenant_platform_seed', 'workspace_platform_seed_discovery', 'editorial_verified', unixepoch(), unixepoch()
);
INSERT OR IGNORE INTO profiles
  (id, subject_id, subject_type, primary_place_id, tenant_id, workspace_id,
   display_name, created_at, updated_at)
VALUES (
  'prof_5f49d1c4d137fdc5', 'ind_5f49d1c4d137fdc5', 'individual', 'place_state_constituency_sc_658_la',
  'tenant_platform_seed', 'workspace_platform_seed_discovery',
  'Olumegbon Lawal', unixepoch(), unixepoch()
);
INSERT OR IGNORE INTO politician_profiles
  (id, profile_id, office_title, jurisdiction_place_id, created_at, updated_at)
VALUES (
  'pp_5f49d1c4d137fdc5', 'prof_5f49d1c4d137fdc5',
  'Member, Lagos State House of Assembly (LAGOS ISLAND I)',
  'place_state_constituency_sc_658_la', unixepoch(), unixepoch()
);
INSERT OR IGNORE INTO political_assignments
  (id, individual_id, term_id, jurisdiction_place_id, office_type,
   took_office_year, left_office_year, created_at, updated_at)
VALUES (
  'assign_5f49d1c4d137fdc5', 'ind_5f49d1c4d137fdc5', 'term_ng_lagos_state_assembly_10th_2023_2027',
  'place_state_constituency_sc_658_la', 'state_assembly_member', 2023, NULL, unixepoch(), unixepoch()
);
INSERT OR IGNORE INTO party_affiliations
  (id, individual_id, party_id, start_year, is_current, created_at, updated_at)
VALUES (
  'aff_5f49d1c4d137fdc5', 'ind_5f49d1c4d137fdc5', 'org_political_party_apc', 2023, 1, unixepoch(), unixepoch()
);
-- S04 sidecars
INSERT OR IGNORE INTO seed_dedupe_decisions
  (id, seed_run_id, entity_type, dedup_key, decision, canonical_id, notes)
VALUES (
  'dd_5f49d1c4d137fdc5', 'seed_run_s05_political_foundation_lagos_assembly_20260422', 'individual', 'ng_state_assembly_member|lagos|lagos island i|2023',
  'insert', 'ind_5f49d1c4d137fdc5',
  'Unique: Lagos LAGOS ISLAND I seat 2023-2027');
INSERT OR IGNORE INTO seed_ingestion_records
  (id, seed_run_id, entity_type, entity_id, source_id, status)
VALUES (
  'ir_5f49d1c4d137fdc5', 'seed_run_s05_political_foundation_lagos_assembly_20260422', 'individual', 'ind_5f49d1c4d137fdc5', 'seed_source_wikipedia_lagos_assembly_2023_20260422', 'ingested');
INSERT OR IGNORE INTO seed_identity_map
  (id, seed_run_id, source_id, source_entity_key, canonical_entity_id, entity_type)
VALUES (
  'im_5f49d1c4d137fdc5', 'seed_run_s05_political_foundation_lagos_assembly_20260422', 'seed_source_wikipedia_lagos_assembly_2023_20260422',
  'wp_lagos_assembly_2023_lagos_island_i',
  'ind_5f49d1c4d137fdc5', 'individual');
INSERT OR IGNORE INTO seed_place_resolutions
  (id, seed_run_id, source_name, resolved_place_id, resolution_method, confidence)
VALUES (
  'pr_5f49d1c4d137fdc5', 'seed_run_s05_political_foundation_lagos_assembly_20260422',
  'Lagos LAGOS ISLAND I', 'place_state_constituency_sc_658_la', 'exact_alias', 1.0);
INSERT OR IGNORE INTO seed_entity_sources
  (id, seed_run_id, entity_type, entity_id, source_id, confidence_tier)
VALUES (
  'es_5f49d1c4d137fdc5', 'seed_run_s05_political_foundation_lagos_assembly_20260422', 'individual', 'ind_5f49d1c4d137fdc5',
  'seed_source_wikipedia_lagos_assembly_2023_20260422', 'editorial_verified');
INSERT OR IGNORE INTO seed_enrichment
  (id, seed_run_id, entity_type, entity_id, enrichment_type, enrichment_json)
VALUES (
  'enr_5f49d1c4d137fdc5', 'seed_run_s05_political_foundation_lagos_assembly_20260422', 'individual', 'ind_5f49d1c4d137fdc5',
  'political_assignment', '{"constituency_wp": "Lagos Island 01", "constituency_inec": "LAGOS ISLAND I", "party_abbrev": "APC", "position": "Member", "source_url": "https://en.wikipedia.org/wiki/List_of_members_of_the_Lagos_State_House_of_Assembly_(2023%E2%80%932027)", "resolution_method": "alias"}');
INSERT OR IGNORE INTO search_entries
  (id, profile_id, display_name, keywords, ancestry_path, vertical, created_at, updated_at)
VALUES (
  'se_5f49d1c4d137fdc5', 'prof_5f49d1c4d137fdc5',
  'Olumegbon Lawal',
  'Olumegbon Lawal lagos state assembly lagos island i apc politician legislator state house',
  'place_nigeria_001/place_zone_south_west/place_state_lagos/place_state_constituency_sc_658_la',
  'politician', unixepoch(), unixepoch()
);

-- 28. Olanrewaju S. Afinni – LAGOS ISLAND II
INSERT OR IGNORE INTO individuals
  (id, full_name, tenant_id, workspace_id, verification_state, created_at, updated_at)
VALUES (
  'ind_ba96ac82c75973a9', 'Olanrewaju S. Afinni',
  'tenant_platform_seed', 'workspace_platform_seed_discovery', 'editorial_verified', unixepoch(), unixepoch()
);
INSERT OR IGNORE INTO profiles
  (id, subject_id, subject_type, primary_place_id, tenant_id, workspace_id,
   display_name, created_at, updated_at)
VALUES (
  'prof_ba96ac82c75973a9', 'ind_ba96ac82c75973a9', 'individual', 'place_state_constituency_sc_659_la',
  'tenant_platform_seed', 'workspace_platform_seed_discovery',
  'Olanrewaju S. Afinni', unixepoch(), unixepoch()
);
INSERT OR IGNORE INTO politician_profiles
  (id, profile_id, office_title, jurisdiction_place_id, created_at, updated_at)
VALUES (
  'pp_ba96ac82c75973a9', 'prof_ba96ac82c75973a9',
  'Member, Lagos State House of Assembly (LAGOS ISLAND II)',
  'place_state_constituency_sc_659_la', unixepoch(), unixepoch()
);
INSERT OR IGNORE INTO political_assignments
  (id, individual_id, term_id, jurisdiction_place_id, office_type,
   took_office_year, left_office_year, created_at, updated_at)
VALUES (
  'assign_ba96ac82c75973a9', 'ind_ba96ac82c75973a9', 'term_ng_lagos_state_assembly_10th_2023_2027',
  'place_state_constituency_sc_659_la', 'state_assembly_member', 2023, NULL, unixepoch(), unixepoch()
);
INSERT OR IGNORE INTO party_affiliations
  (id, individual_id, party_id, start_year, is_current, created_at, updated_at)
VALUES (
  'aff_ba96ac82c75973a9', 'ind_ba96ac82c75973a9', 'org_political_party_apc', 2023, 1, unixepoch(), unixepoch()
);
-- S04 sidecars
INSERT OR IGNORE INTO seed_dedupe_decisions
  (id, seed_run_id, entity_type, dedup_key, decision, canonical_id, notes)
VALUES (
  'dd_ba96ac82c75973a9', 'seed_run_s05_political_foundation_lagos_assembly_20260422', 'individual', 'ng_state_assembly_member|lagos|lagos island ii|2023',
  'insert', 'ind_ba96ac82c75973a9',
  'Unique: Lagos LAGOS ISLAND II seat 2023-2027');
INSERT OR IGNORE INTO seed_ingestion_records
  (id, seed_run_id, entity_type, entity_id, source_id, status)
VALUES (
  'ir_ba96ac82c75973a9', 'seed_run_s05_political_foundation_lagos_assembly_20260422', 'individual', 'ind_ba96ac82c75973a9', 'seed_source_wikipedia_lagos_assembly_2023_20260422', 'ingested');
INSERT OR IGNORE INTO seed_identity_map
  (id, seed_run_id, source_id, source_entity_key, canonical_entity_id, entity_type)
VALUES (
  'im_ba96ac82c75973a9', 'seed_run_s05_political_foundation_lagos_assembly_20260422', 'seed_source_wikipedia_lagos_assembly_2023_20260422',
  'wp_lagos_assembly_2023_lagos_island_ii',
  'ind_ba96ac82c75973a9', 'individual');
INSERT OR IGNORE INTO seed_place_resolutions
  (id, seed_run_id, source_name, resolved_place_id, resolution_method, confidence)
VALUES (
  'pr_ba96ac82c75973a9', 'seed_run_s05_political_foundation_lagos_assembly_20260422',
  'Lagos LAGOS ISLAND II', 'place_state_constituency_sc_659_la', 'exact_alias', 1.0);
INSERT OR IGNORE INTO seed_entity_sources
  (id, seed_run_id, entity_type, entity_id, source_id, confidence_tier)
VALUES (
  'es_ba96ac82c75973a9', 'seed_run_s05_political_foundation_lagos_assembly_20260422', 'individual', 'ind_ba96ac82c75973a9',
  'seed_source_wikipedia_lagos_assembly_2023_20260422', 'editorial_verified');
INSERT OR IGNORE INTO seed_enrichment
  (id, seed_run_id, entity_type, entity_id, enrichment_type, enrichment_json)
VALUES (
  'enr_ba96ac82c75973a9', 'seed_run_s05_political_foundation_lagos_assembly_20260422', 'individual', 'ind_ba96ac82c75973a9',
  'political_assignment', '{"constituency_wp": "Lagos Island 02", "constituency_inec": "LAGOS ISLAND II", "party_abbrev": "APC", "position": "Member", "source_url": "https://en.wikipedia.org/wiki/List_of_members_of_the_Lagos_State_House_of_Assembly_(2023%E2%80%932027)", "resolution_method": "alias"}');
INSERT OR IGNORE INTO search_entries
  (id, profile_id, display_name, keywords, ancestry_path, vertical, created_at, updated_at)
VALUES (
  'se_ba96ac82c75973a9', 'prof_ba96ac82c75973a9',
  'Olanrewaju S. Afinni',
  'Olanrewaju S. Afinni lagos state assembly lagos island ii apc politician legislator state house',
  'place_nigeria_001/place_zone_south_west/place_state_lagos/place_state_constituency_sc_659_la',
  'politician', unixepoch(), unixepoch()
);

-- 29. Owolabi Ibrahim A. – LAGOS MAINLAND I
INSERT OR IGNORE INTO individuals
  (id, full_name, tenant_id, workspace_id, verification_state, created_at, updated_at)
VALUES (
  'ind_ce45736934e8492a', 'Owolabi Ibrahim A.',
  'tenant_platform_seed', 'workspace_platform_seed_discovery', 'editorial_verified', unixepoch(), unixepoch()
);
INSERT OR IGNORE INTO profiles
  (id, subject_id, subject_type, primary_place_id, tenant_id, workspace_id,
   display_name, created_at, updated_at)
VALUES (
  'prof_ce45736934e8492a', 'ind_ce45736934e8492a', 'individual', 'place_state_constituency_sc_660_la',
  'tenant_platform_seed', 'workspace_platform_seed_discovery',
  'Owolabi Ibrahim A.', unixepoch(), unixepoch()
);
INSERT OR IGNORE INTO politician_profiles
  (id, profile_id, office_title, jurisdiction_place_id, created_at, updated_at)
VALUES (
  'pp_ce45736934e8492a', 'prof_ce45736934e8492a',
  'Member, Lagos State House of Assembly (LAGOS MAINLAND I)',
  'place_state_constituency_sc_660_la', unixepoch(), unixepoch()
);
INSERT OR IGNORE INTO political_assignments
  (id, individual_id, term_id, jurisdiction_place_id, office_type,
   took_office_year, left_office_year, created_at, updated_at)
VALUES (
  'assign_ce45736934e8492a', 'ind_ce45736934e8492a', 'term_ng_lagos_state_assembly_10th_2023_2027',
  'place_state_constituency_sc_660_la', 'state_assembly_member', 2023, NULL, unixepoch(), unixepoch()
);
INSERT OR IGNORE INTO party_affiliations
  (id, individual_id, party_id, start_year, is_current, created_at, updated_at)
VALUES (
  'aff_ce45736934e8492a', 'ind_ce45736934e8492a', 'org_political_party_apc', 2023, 1, unixepoch(), unixepoch()
);
-- S04 sidecars
INSERT OR IGNORE INTO seed_dedupe_decisions
  (id, seed_run_id, entity_type, dedup_key, decision, canonical_id, notes)
VALUES (
  'dd_ce45736934e8492a', 'seed_run_s05_political_foundation_lagos_assembly_20260422', 'individual', 'ng_state_assembly_member|lagos|lagos mainland i|2023',
  'insert', 'ind_ce45736934e8492a',
  'Unique: Lagos LAGOS MAINLAND I seat 2023-2027');
INSERT OR IGNORE INTO seed_ingestion_records
  (id, seed_run_id, entity_type, entity_id, source_id, status)
VALUES (
  'ir_ce45736934e8492a', 'seed_run_s05_political_foundation_lagos_assembly_20260422', 'individual', 'ind_ce45736934e8492a', 'seed_source_wikipedia_lagos_assembly_2023_20260422', 'ingested');
INSERT OR IGNORE INTO seed_identity_map
  (id, seed_run_id, source_id, source_entity_key, canonical_entity_id, entity_type)
VALUES (
  'im_ce45736934e8492a', 'seed_run_s05_political_foundation_lagos_assembly_20260422', 'seed_source_wikipedia_lagos_assembly_2023_20260422',
  'wp_lagos_assembly_2023_lagos_mainland_i',
  'ind_ce45736934e8492a', 'individual');
INSERT OR IGNORE INTO seed_place_resolutions
  (id, seed_run_id, source_name, resolved_place_id, resolution_method, confidence)
VALUES (
  'pr_ce45736934e8492a', 'seed_run_s05_political_foundation_lagos_assembly_20260422',
  'Lagos LAGOS MAINLAND I', 'place_state_constituency_sc_660_la', 'exact_alias', 1.0);
INSERT OR IGNORE INTO seed_entity_sources
  (id, seed_run_id, entity_type, entity_id, source_id, confidence_tier)
VALUES (
  'es_ce45736934e8492a', 'seed_run_s05_political_foundation_lagos_assembly_20260422', 'individual', 'ind_ce45736934e8492a',
  'seed_source_wikipedia_lagos_assembly_2023_20260422', 'editorial_verified');
INSERT OR IGNORE INTO seed_enrichment
  (id, seed_run_id, entity_type, entity_id, enrichment_type, enrichment_json)
VALUES (
  'enr_ce45736934e8492a', 'seed_run_s05_political_foundation_lagos_assembly_20260422', 'individual', 'ind_ce45736934e8492a',
  'political_assignment', '{"constituency_wp": "Lagos Mainland 01", "constituency_inec": "LAGOS MAINLAND I", "party_abbrev": "APC", "position": "Member", "source_url": "https://en.wikipedia.org/wiki/List_of_members_of_the_Lagos_State_House_of_Assembly_(2023%E2%80%932027)", "resolution_method": "alias"}');
INSERT OR IGNORE INTO search_entries
  (id, profile_id, display_name, keywords, ancestry_path, vertical, created_at, updated_at)
VALUES (
  'se_ce45736934e8492a', 'prof_ce45736934e8492a',
  'Owolabi Ibrahim A.',
  'Owolabi Ibrahim A. lagos state assembly lagos mainland i apc politician legislator state house',
  'place_nigeria_001/place_zone_south_west/place_state_lagos/place_state_constituency_sc_660_la',
  'politician', unixepoch(), unixepoch()
);

-- 30. Rasheed Adebola Shabi – LAGOS MAINLAND II
INSERT OR IGNORE INTO individuals
  (id, full_name, tenant_id, workspace_id, verification_state, created_at, updated_at)
VALUES (
  'ind_28f8215f9e8bd3ea', 'Rasheed Adebola Shabi',
  'tenant_platform_seed', 'workspace_platform_seed_discovery', 'editorial_verified', unixepoch(), unixepoch()
);
INSERT OR IGNORE INTO profiles
  (id, subject_id, subject_type, primary_place_id, tenant_id, workspace_id,
   display_name, created_at, updated_at)
VALUES (
  'prof_28f8215f9e8bd3ea', 'ind_28f8215f9e8bd3ea', 'individual', 'place_state_constituency_sc_661_la',
  'tenant_platform_seed', 'workspace_platform_seed_discovery',
  'Rasheed Adebola Shabi', unixepoch(), unixepoch()
);
INSERT OR IGNORE INTO politician_profiles
  (id, profile_id, office_title, jurisdiction_place_id, created_at, updated_at)
VALUES (
  'pp_28f8215f9e8bd3ea', 'prof_28f8215f9e8bd3ea',
  'Member, Lagos State House of Assembly (LAGOS MAINLAND II)',
  'place_state_constituency_sc_661_la', unixepoch(), unixepoch()
);
INSERT OR IGNORE INTO political_assignments
  (id, individual_id, term_id, jurisdiction_place_id, office_type,
   took_office_year, left_office_year, created_at, updated_at)
VALUES (
  'assign_28f8215f9e8bd3ea', 'ind_28f8215f9e8bd3ea', 'term_ng_lagos_state_assembly_10th_2023_2027',
  'place_state_constituency_sc_661_la', 'state_assembly_member', 2023, NULL, unixepoch(), unixepoch()
);
INSERT OR IGNORE INTO party_affiliations
  (id, individual_id, party_id, start_year, is_current, created_at, updated_at)
VALUES (
  'aff_28f8215f9e8bd3ea', 'ind_28f8215f9e8bd3ea', 'org_political_party_apc', 2023, 1, unixepoch(), unixepoch()
);
-- S04 sidecars
INSERT OR IGNORE INTO seed_dedupe_decisions
  (id, seed_run_id, entity_type, dedup_key, decision, canonical_id, notes)
VALUES (
  'dd_28f8215f9e8bd3ea', 'seed_run_s05_political_foundation_lagos_assembly_20260422', 'individual', 'ng_state_assembly_member|lagos|lagos mainland ii|2023',
  'insert', 'ind_28f8215f9e8bd3ea',
  'Unique: Lagos LAGOS MAINLAND II seat 2023-2027');
INSERT OR IGNORE INTO seed_ingestion_records
  (id, seed_run_id, entity_type, entity_id, source_id, status)
VALUES (
  'ir_28f8215f9e8bd3ea', 'seed_run_s05_political_foundation_lagos_assembly_20260422', 'individual', 'ind_28f8215f9e8bd3ea', 'seed_source_wikipedia_lagos_assembly_2023_20260422', 'ingested');
INSERT OR IGNORE INTO seed_identity_map
  (id, seed_run_id, source_id, source_entity_key, canonical_entity_id, entity_type)
VALUES (
  'im_28f8215f9e8bd3ea', 'seed_run_s05_political_foundation_lagos_assembly_20260422', 'seed_source_wikipedia_lagos_assembly_2023_20260422',
  'wp_lagos_assembly_2023_lagos_mainland_ii',
  'ind_28f8215f9e8bd3ea', 'individual');
INSERT OR IGNORE INTO seed_place_resolutions
  (id, seed_run_id, source_name, resolved_place_id, resolution_method, confidence)
VALUES (
  'pr_28f8215f9e8bd3ea', 'seed_run_s05_political_foundation_lagos_assembly_20260422',
  'Lagos LAGOS MAINLAND II', 'place_state_constituency_sc_661_la', 'exact_alias', 1.0);
INSERT OR IGNORE INTO seed_entity_sources
  (id, seed_run_id, entity_type, entity_id, source_id, confidence_tier)
VALUES (
  'es_28f8215f9e8bd3ea', 'seed_run_s05_political_foundation_lagos_assembly_20260422', 'individual', 'ind_28f8215f9e8bd3ea',
  'seed_source_wikipedia_lagos_assembly_2023_20260422', 'editorial_verified');
INSERT OR IGNORE INTO seed_enrichment
  (id, seed_run_id, entity_type, entity_id, enrichment_type, enrichment_json)
VALUES (
  'enr_28f8215f9e8bd3ea', 'seed_run_s05_political_foundation_lagos_assembly_20260422', 'individual', 'ind_28f8215f9e8bd3ea',
  'political_assignment', '{"constituency_wp": "Lagos Mainland 02", "constituency_inec": "LAGOS MAINLAND II", "party_abbrev": "APC", "position": "Member", "source_url": "https://en.wikipedia.org/wiki/List_of_members_of_the_Lagos_State_House_of_Assembly_(2023%E2%80%932027)", "resolution_method": "alias"}');
INSERT OR IGNORE INTO search_entries
  (id, profile_id, display_name, keywords, ancestry_path, vertical, created_at, updated_at)
VALUES (
  'se_28f8215f9e8bd3ea', 'prof_28f8215f9e8bd3ea',
  'Rasheed Adebola Shabi',
  'Rasheed Adebola Shabi lagos state assembly lagos mainland ii apc politician legislator state house',
  'place_nigeria_001/place_zone_south_west/place_state_lagos/place_state_constituency_sc_661_la',
  'politician', unixepoch(), unixepoch()
);

-- 31. Akinsanya A. Nureni – MUSHIN I
INSERT OR IGNORE INTO individuals
  (id, full_name, tenant_id, workspace_id, verification_state, created_at, updated_at)
VALUES (
  'ind_fa590f24d19bde92', 'Akinsanya A. Nureni',
  'tenant_platform_seed', 'workspace_platform_seed_discovery', 'editorial_verified', unixepoch(), unixepoch()
);
INSERT OR IGNORE INTO profiles
  (id, subject_id, subject_type, primary_place_id, tenant_id, workspace_id,
   display_name, created_at, updated_at)
VALUES (
  'prof_fa590f24d19bde92', 'ind_fa590f24d19bde92', 'individual', 'place_state_constituency_sc_662_la',
  'tenant_platform_seed', 'workspace_platform_seed_discovery',
  'Akinsanya A. Nureni', unixepoch(), unixepoch()
);
INSERT OR IGNORE INTO politician_profiles
  (id, profile_id, office_title, jurisdiction_place_id, created_at, updated_at)
VALUES (
  'pp_fa590f24d19bde92', 'prof_fa590f24d19bde92',
  'Member, Lagos State House of Assembly (MUSHIN I)',
  'place_state_constituency_sc_662_la', unixepoch(), unixepoch()
);
INSERT OR IGNORE INTO political_assignments
  (id, individual_id, term_id, jurisdiction_place_id, office_type,
   took_office_year, left_office_year, created_at, updated_at)
VALUES (
  'assign_fa590f24d19bde92', 'ind_fa590f24d19bde92', 'term_ng_lagos_state_assembly_10th_2023_2027',
  'place_state_constituency_sc_662_la', 'state_assembly_member', 2023, NULL, unixepoch(), unixepoch()
);
INSERT OR IGNORE INTO party_affiliations
  (id, individual_id, party_id, start_year, is_current, created_at, updated_at)
VALUES (
  'aff_fa590f24d19bde92', 'ind_fa590f24d19bde92', 'org_political_party_apc', 2023, 1, unixepoch(), unixepoch()
);
-- S04 sidecars
INSERT OR IGNORE INTO seed_dedupe_decisions
  (id, seed_run_id, entity_type, dedup_key, decision, canonical_id, notes)
VALUES (
  'dd_fa590f24d19bde92', 'seed_run_s05_political_foundation_lagos_assembly_20260422', 'individual', 'ng_state_assembly_member|lagos|mushin i|2023',
  'insert', 'ind_fa590f24d19bde92',
  'Unique: Lagos MUSHIN I seat 2023-2027');
INSERT OR IGNORE INTO seed_ingestion_records
  (id, seed_run_id, entity_type, entity_id, source_id, status)
VALUES (
  'ir_fa590f24d19bde92', 'seed_run_s05_political_foundation_lagos_assembly_20260422', 'individual', 'ind_fa590f24d19bde92', 'seed_source_wikipedia_lagos_assembly_2023_20260422', 'ingested');
INSERT OR IGNORE INTO seed_identity_map
  (id, seed_run_id, source_id, source_entity_key, canonical_entity_id, entity_type)
VALUES (
  'im_fa590f24d19bde92', 'seed_run_s05_political_foundation_lagos_assembly_20260422', 'seed_source_wikipedia_lagos_assembly_2023_20260422',
  'wp_lagos_assembly_2023_mushin_i',
  'ind_fa590f24d19bde92', 'individual');
INSERT OR IGNORE INTO seed_place_resolutions
  (id, seed_run_id, source_name, resolved_place_id, resolution_method, confidence)
VALUES (
  'pr_fa590f24d19bde92', 'seed_run_s05_political_foundation_lagos_assembly_20260422',
  'Lagos MUSHIN I', 'place_state_constituency_sc_662_la', 'exact_alias', 1.0);
INSERT OR IGNORE INTO seed_entity_sources
  (id, seed_run_id, entity_type, entity_id, source_id, confidence_tier)
VALUES (
  'es_fa590f24d19bde92', 'seed_run_s05_political_foundation_lagos_assembly_20260422', 'individual', 'ind_fa590f24d19bde92',
  'seed_source_wikipedia_lagos_assembly_2023_20260422', 'editorial_verified');
INSERT OR IGNORE INTO seed_enrichment
  (id, seed_run_id, entity_type, entity_id, enrichment_type, enrichment_json)
VALUES (
  'enr_fa590f24d19bde92', 'seed_run_s05_political_foundation_lagos_assembly_20260422', 'individual', 'ind_fa590f24d19bde92',
  'political_assignment', '{"constituency_wp": "Mushin 01", "constituency_inec": "MUSHIN I", "party_abbrev": "APC", "position": "Member", "source_url": "https://en.wikipedia.org/wiki/List_of_members_of_the_Lagos_State_House_of_Assembly_(2023%E2%80%932027)", "resolution_method": "alias"}');
INSERT OR IGNORE INTO search_entries
  (id, profile_id, display_name, keywords, ancestry_path, vertical, created_at, updated_at)
VALUES (
  'se_fa590f24d19bde92', 'prof_fa590f24d19bde92',
  'Akinsanya A. Nureni',
  'Akinsanya A. Nureni lagos state assembly mushin i apc politician legislator state house',
  'place_nigeria_001/place_zone_south_west/place_state_lagos/place_state_constituency_sc_662_la',
  'politician', unixepoch(), unixepoch()
);

-- 32. Olayinka Kazeem – MUSHIN II
INSERT OR IGNORE INTO individuals
  (id, full_name, tenant_id, workspace_id, verification_state, created_at, updated_at)
VALUES (
  'ind_91be800329f26c94', 'Olayinka Kazeem',
  'tenant_platform_seed', 'workspace_platform_seed_discovery', 'editorial_verified', unixepoch(), unixepoch()
);
INSERT OR IGNORE INTO profiles
  (id, subject_id, subject_type, primary_place_id, tenant_id, workspace_id,
   display_name, created_at, updated_at)
VALUES (
  'prof_91be800329f26c94', 'ind_91be800329f26c94', 'individual', 'place_state_constituency_sc_663_la',
  'tenant_platform_seed', 'workspace_platform_seed_discovery',
  'Olayinka Kazeem', unixepoch(), unixepoch()
);
INSERT OR IGNORE INTO politician_profiles
  (id, profile_id, office_title, jurisdiction_place_id, created_at, updated_at)
VALUES (
  'pp_91be800329f26c94', 'prof_91be800329f26c94',
  'Member, Lagos State House of Assembly (MUSHIN II)',
  'place_state_constituency_sc_663_la', unixepoch(), unixepoch()
);
INSERT OR IGNORE INTO political_assignments
  (id, individual_id, term_id, jurisdiction_place_id, office_type,
   took_office_year, left_office_year, created_at, updated_at)
VALUES (
  'assign_91be800329f26c94', 'ind_91be800329f26c94', 'term_ng_lagos_state_assembly_10th_2023_2027',
  'place_state_constituency_sc_663_la', 'state_assembly_member', 2023, NULL, unixepoch(), unixepoch()
);
INSERT OR IGNORE INTO party_affiliations
  (id, individual_id, party_id, start_year, is_current, created_at, updated_at)
VALUES (
  'aff_91be800329f26c94', 'ind_91be800329f26c94', 'org_political_party_apc', 2023, 1, unixepoch(), unixepoch()
);
-- S04 sidecars
INSERT OR IGNORE INTO seed_dedupe_decisions
  (id, seed_run_id, entity_type, dedup_key, decision, canonical_id, notes)
VALUES (
  'dd_91be800329f26c94', 'seed_run_s05_political_foundation_lagos_assembly_20260422', 'individual', 'ng_state_assembly_member|lagos|mushin ii|2023',
  'insert', 'ind_91be800329f26c94',
  'Unique: Lagos MUSHIN II seat 2023-2027');
INSERT OR IGNORE INTO seed_ingestion_records
  (id, seed_run_id, entity_type, entity_id, source_id, status)
VALUES (
  'ir_91be800329f26c94', 'seed_run_s05_political_foundation_lagos_assembly_20260422', 'individual', 'ind_91be800329f26c94', 'seed_source_wikipedia_lagos_assembly_2023_20260422', 'ingested');
INSERT OR IGNORE INTO seed_identity_map
  (id, seed_run_id, source_id, source_entity_key, canonical_entity_id, entity_type)
VALUES (
  'im_91be800329f26c94', 'seed_run_s05_political_foundation_lagos_assembly_20260422', 'seed_source_wikipedia_lagos_assembly_2023_20260422',
  'wp_lagos_assembly_2023_mushin_ii',
  'ind_91be800329f26c94', 'individual');
INSERT OR IGNORE INTO seed_place_resolutions
  (id, seed_run_id, source_name, resolved_place_id, resolution_method, confidence)
VALUES (
  'pr_91be800329f26c94', 'seed_run_s05_political_foundation_lagos_assembly_20260422',
  'Lagos MUSHIN II', 'place_state_constituency_sc_663_la', 'exact_alias', 1.0);
INSERT OR IGNORE INTO seed_entity_sources
  (id, seed_run_id, entity_type, entity_id, source_id, confidence_tier)
VALUES (
  'es_91be800329f26c94', 'seed_run_s05_political_foundation_lagos_assembly_20260422', 'individual', 'ind_91be800329f26c94',
  'seed_source_wikipedia_lagos_assembly_2023_20260422', 'editorial_verified');
INSERT OR IGNORE INTO seed_enrichment
  (id, seed_run_id, entity_type, entity_id, enrichment_type, enrichment_json)
VALUES (
  'enr_91be800329f26c94', 'seed_run_s05_political_foundation_lagos_assembly_20260422', 'individual', 'ind_91be800329f26c94',
  'political_assignment', '{"constituency_wp": "Mushin 02", "constituency_inec": "MUSHIN II", "party_abbrev": "APC", "position": "Member", "source_url": "https://en.wikipedia.org/wiki/List_of_members_of_the_Lagos_State_House_of_Assembly_(2023%E2%80%932027)", "resolution_method": "alias"}');
INSERT OR IGNORE INTO search_entries
  (id, profile_id, display_name, keywords, ancestry_path, vertical, created_at, updated_at)
VALUES (
  'se_91be800329f26c94', 'prof_91be800329f26c94',
  'Olayinka Kazeem',
  'Olayinka Kazeem lagos state assembly mushin ii apc politician legislator state house',
  'place_nigeria_001/place_zone_south_west/place_state_lagos/place_state_constituency_sc_663_la',
  'politician', unixepoch(), unixepoch()
);

-- 33. Olusegun Ege – OJO I
INSERT OR IGNORE INTO individuals
  (id, full_name, tenant_id, workspace_id, verification_state, created_at, updated_at)
VALUES (
  'ind_7e8a2cdbf6c65d61', 'Olusegun Ege',
  'tenant_platform_seed', 'workspace_platform_seed_discovery', 'editorial_verified', unixepoch(), unixepoch()
);
INSERT OR IGNORE INTO profiles
  (id, subject_id, subject_type, primary_place_id, tenant_id, workspace_id,
   display_name, created_at, updated_at)
VALUES (
  'prof_7e8a2cdbf6c65d61', 'ind_7e8a2cdbf6c65d61', 'individual', 'place_state_constituency_sc_664_la',
  'tenant_platform_seed', 'workspace_platform_seed_discovery',
  'Olusegun Ege', unixepoch(), unixepoch()
);
INSERT OR IGNORE INTO politician_profiles
  (id, profile_id, office_title, jurisdiction_place_id, created_at, updated_at)
VALUES (
  'pp_7e8a2cdbf6c65d61', 'prof_7e8a2cdbf6c65d61',
  'Member, Lagos State House of Assembly (OJO I)',
  'place_state_constituency_sc_664_la', unixepoch(), unixepoch()
);
INSERT OR IGNORE INTO political_assignments
  (id, individual_id, term_id, jurisdiction_place_id, office_type,
   took_office_year, left_office_year, created_at, updated_at)
VALUES (
  'assign_7e8a2cdbf6c65d61', 'ind_7e8a2cdbf6c65d61', 'term_ng_lagos_state_assembly_10th_2023_2027',
  'place_state_constituency_sc_664_la', 'state_assembly_member', 2023, NULL, unixepoch(), unixepoch()
);
INSERT OR IGNORE INTO party_affiliations
  (id, individual_id, party_id, start_year, is_current, created_at, updated_at)
VALUES (
  'aff_7e8a2cdbf6c65d61', 'ind_7e8a2cdbf6c65d61', 'org_political_party_apc', 2023, 1, unixepoch(), unixepoch()
);
-- S04 sidecars
INSERT OR IGNORE INTO seed_dedupe_decisions
  (id, seed_run_id, entity_type, dedup_key, decision, canonical_id, notes)
VALUES (
  'dd_7e8a2cdbf6c65d61', 'seed_run_s05_political_foundation_lagos_assembly_20260422', 'individual', 'ng_state_assembly_member|lagos|ojo i|2023',
  'insert', 'ind_7e8a2cdbf6c65d61',
  'Unique: Lagos OJO I seat 2023-2027');
INSERT OR IGNORE INTO seed_ingestion_records
  (id, seed_run_id, entity_type, entity_id, source_id, status)
VALUES (
  'ir_7e8a2cdbf6c65d61', 'seed_run_s05_political_foundation_lagos_assembly_20260422', 'individual', 'ind_7e8a2cdbf6c65d61', 'seed_source_wikipedia_lagos_assembly_2023_20260422', 'ingested');
INSERT OR IGNORE INTO seed_identity_map
  (id, seed_run_id, source_id, source_entity_key, canonical_entity_id, entity_type)
VALUES (
  'im_7e8a2cdbf6c65d61', 'seed_run_s05_political_foundation_lagos_assembly_20260422', 'seed_source_wikipedia_lagos_assembly_2023_20260422',
  'wp_lagos_assembly_2023_ojo_i',
  'ind_7e8a2cdbf6c65d61', 'individual');
INSERT OR IGNORE INTO seed_place_resolutions
  (id, seed_run_id, source_name, resolved_place_id, resolution_method, confidence)
VALUES (
  'pr_7e8a2cdbf6c65d61', 'seed_run_s05_political_foundation_lagos_assembly_20260422',
  'Lagos OJO I', 'place_state_constituency_sc_664_la', 'exact_alias', 1.0);
INSERT OR IGNORE INTO seed_entity_sources
  (id, seed_run_id, entity_type, entity_id, source_id, confidence_tier)
VALUES (
  'es_7e8a2cdbf6c65d61', 'seed_run_s05_political_foundation_lagos_assembly_20260422', 'individual', 'ind_7e8a2cdbf6c65d61',
  'seed_source_wikipedia_lagos_assembly_2023_20260422', 'editorial_verified');
INSERT OR IGNORE INTO seed_enrichment
  (id, seed_run_id, entity_type, entity_id, enrichment_type, enrichment_json)
VALUES (
  'enr_7e8a2cdbf6c65d61', 'seed_run_s05_political_foundation_lagos_assembly_20260422', 'individual', 'ind_7e8a2cdbf6c65d61',
  'political_assignment', '{"constituency_wp": "Ojo 01", "constituency_inec": "OJO I", "party_abbrev": "APC", "position": "Member", "source_url": "https://en.wikipedia.org/wiki/List_of_members_of_the_Lagos_State_House_of_Assembly_(2023%E2%80%932027)", "resolution_method": "alias"}');
INSERT OR IGNORE INTO search_entries
  (id, profile_id, display_name, keywords, ancestry_path, vertical, created_at, updated_at)
VALUES (
  'se_7e8a2cdbf6c65d61', 'prof_7e8a2cdbf6c65d61',
  'Olusegun Ege',
  'Olusegun Ege lagos state assembly ojo i apc politician legislator state house',
  'place_nigeria_001/place_zone_south_west/place_state_lagos/place_state_constituency_sc_664_la',
  'politician', unixepoch(), unixepoch()
);

-- 34. Tijani Suraju O. – OJO II
INSERT OR IGNORE INTO individuals
  (id, full_name, tenant_id, workspace_id, verification_state, created_at, updated_at)
VALUES (
  'ind_694c44704dd97209', 'Tijani Suraju O.',
  'tenant_platform_seed', 'workspace_platform_seed_discovery', 'editorial_verified', unixepoch(), unixepoch()
);
INSERT OR IGNORE INTO profiles
  (id, subject_id, subject_type, primary_place_id, tenant_id, workspace_id,
   display_name, created_at, updated_at)
VALUES (
  'prof_694c44704dd97209', 'ind_694c44704dd97209', 'individual', 'place_state_constituency_sc_665_la',
  'tenant_platform_seed', 'workspace_platform_seed_discovery',
  'Tijani Suraju O.', unixepoch(), unixepoch()
);
INSERT OR IGNORE INTO politician_profiles
  (id, profile_id, office_title, jurisdiction_place_id, created_at, updated_at)
VALUES (
  'pp_694c44704dd97209', 'prof_694c44704dd97209',
  'Member, Lagos State House of Assembly (OJO II)',
  'place_state_constituency_sc_665_la', unixepoch(), unixepoch()
);
INSERT OR IGNORE INTO political_assignments
  (id, individual_id, term_id, jurisdiction_place_id, office_type,
   took_office_year, left_office_year, created_at, updated_at)
VALUES (
  'assign_694c44704dd97209', 'ind_694c44704dd97209', 'term_ng_lagos_state_assembly_10th_2023_2027',
  'place_state_constituency_sc_665_la', 'state_assembly_member', 2023, NULL, unixepoch(), unixepoch()
);
INSERT OR IGNORE INTO party_affiliations
  (id, individual_id, party_id, start_year, is_current, created_at, updated_at)
VALUES (
  'aff_694c44704dd97209', 'ind_694c44704dd97209', 'org_political_party_apc', 2023, 1, unixepoch(), unixepoch()
);
-- S04 sidecars
INSERT OR IGNORE INTO seed_dedupe_decisions
  (id, seed_run_id, entity_type, dedup_key, decision, canonical_id, notes)
VALUES (
  'dd_694c44704dd97209', 'seed_run_s05_political_foundation_lagos_assembly_20260422', 'individual', 'ng_state_assembly_member|lagos|ojo ii|2023',
  'insert', 'ind_694c44704dd97209',
  'Unique: Lagos OJO II seat 2023-2027');
INSERT OR IGNORE INTO seed_ingestion_records
  (id, seed_run_id, entity_type, entity_id, source_id, status)
VALUES (
  'ir_694c44704dd97209', 'seed_run_s05_political_foundation_lagos_assembly_20260422', 'individual', 'ind_694c44704dd97209', 'seed_source_wikipedia_lagos_assembly_2023_20260422', 'ingested');
INSERT OR IGNORE INTO seed_identity_map
  (id, seed_run_id, source_id, source_entity_key, canonical_entity_id, entity_type)
VALUES (
  'im_694c44704dd97209', 'seed_run_s05_political_foundation_lagos_assembly_20260422', 'seed_source_wikipedia_lagos_assembly_2023_20260422',
  'wp_lagos_assembly_2023_ojo_ii',
  'ind_694c44704dd97209', 'individual');
INSERT OR IGNORE INTO seed_place_resolutions
  (id, seed_run_id, source_name, resolved_place_id, resolution_method, confidence)
VALUES (
  'pr_694c44704dd97209', 'seed_run_s05_political_foundation_lagos_assembly_20260422',
  'Lagos OJO II', 'place_state_constituency_sc_665_la', 'exact_alias', 1.0);
INSERT OR IGNORE INTO seed_entity_sources
  (id, seed_run_id, entity_type, entity_id, source_id, confidence_tier)
VALUES (
  'es_694c44704dd97209', 'seed_run_s05_political_foundation_lagos_assembly_20260422', 'individual', 'ind_694c44704dd97209',
  'seed_source_wikipedia_lagos_assembly_2023_20260422', 'editorial_verified');
INSERT OR IGNORE INTO seed_enrichment
  (id, seed_run_id, entity_type, entity_id, enrichment_type, enrichment_json)
VALUES (
  'enr_694c44704dd97209', 'seed_run_s05_political_foundation_lagos_assembly_20260422', 'individual', 'ind_694c44704dd97209',
  'political_assignment', '{"constituency_wp": "Ojo 02", "constituency_inec": "OJO II", "party_abbrev": "APC", "position": "Member", "source_url": "https://en.wikipedia.org/wiki/List_of_members_of_the_Lagos_State_House_of_Assembly_(2023%E2%80%932027)", "resolution_method": "alias"}');
INSERT OR IGNORE INTO search_entries
  (id, profile_id, display_name, keywords, ancestry_path, vertical, created_at, updated_at)
VALUES (
  'se_694c44704dd97209', 'prof_694c44704dd97209',
  'Tijani Suraju O.',
  'Tijani Suraju O. lagos state assembly ojo ii apc politician legislator state house',
  'place_nigeria_001/place_zone_south_west/place_state_lagos/place_state_constituency_sc_665_la',
  'politician', unixepoch(), unixepoch()
);

-- 35. Stephen Ogundipe – OSHODI/ISOLO I
INSERT OR IGNORE INTO individuals
  (id, full_name, tenant_id, workspace_id, verification_state, created_at, updated_at)
VALUES (
  'ind_6a0cdfb506ab4510', 'Stephen Ogundipe',
  'tenant_platform_seed', 'workspace_platform_seed_discovery', 'editorial_verified', unixepoch(), unixepoch()
);
INSERT OR IGNORE INTO profiles
  (id, subject_id, subject_type, primary_place_id, tenant_id, workspace_id,
   display_name, created_at, updated_at)
VALUES (
  'prof_6a0cdfb506ab4510', 'ind_6a0cdfb506ab4510', 'individual', 'place_state_constituency_sc_666_la',
  'tenant_platform_seed', 'workspace_platform_seed_discovery',
  'Stephen Ogundipe', unixepoch(), unixepoch()
);
INSERT OR IGNORE INTO politician_profiles
  (id, profile_id, office_title, jurisdiction_place_id, created_at, updated_at)
VALUES (
  'pp_6a0cdfb506ab4510', 'prof_6a0cdfb506ab4510',
  'Member, Lagos State House of Assembly (OSHODI/ISOLO I)',
  'place_state_constituency_sc_666_la', unixepoch(), unixepoch()
);
INSERT OR IGNORE INTO political_assignments
  (id, individual_id, term_id, jurisdiction_place_id, office_type,
   took_office_year, left_office_year, created_at, updated_at)
VALUES (
  'assign_6a0cdfb506ab4510', 'ind_6a0cdfb506ab4510', 'term_ng_lagos_state_assembly_10th_2023_2027',
  'place_state_constituency_sc_666_la', 'state_assembly_member', 2023, NULL, unixepoch(), unixepoch()
);
INSERT OR IGNORE INTO party_affiliations
  (id, individual_id, party_id, start_year, is_current, created_at, updated_at)
VALUES (
  'aff_6a0cdfb506ab4510', 'ind_6a0cdfb506ab4510', 'org_political_party_apc', 2023, 1, unixepoch(), unixepoch()
);
-- S04 sidecars
INSERT OR IGNORE INTO seed_dedupe_decisions
  (id, seed_run_id, entity_type, dedup_key, decision, canonical_id, notes)
VALUES (
  'dd_6a0cdfb506ab4510', 'seed_run_s05_political_foundation_lagos_assembly_20260422', 'individual', 'ng_state_assembly_member|lagos|oshodi/isolo i|2023',
  'insert', 'ind_6a0cdfb506ab4510',
  'Unique: Lagos OSHODI/ISOLO I seat 2023-2027');
INSERT OR IGNORE INTO seed_ingestion_records
  (id, seed_run_id, entity_type, entity_id, source_id, status)
VALUES (
  'ir_6a0cdfb506ab4510', 'seed_run_s05_political_foundation_lagos_assembly_20260422', 'individual', 'ind_6a0cdfb506ab4510', 'seed_source_wikipedia_lagos_assembly_2023_20260422', 'ingested');
INSERT OR IGNORE INTO seed_identity_map
  (id, seed_run_id, source_id, source_entity_key, canonical_entity_id, entity_type)
VALUES (
  'im_6a0cdfb506ab4510', 'seed_run_s05_political_foundation_lagos_assembly_20260422', 'seed_source_wikipedia_lagos_assembly_2023_20260422',
  'wp_lagos_assembly_2023_oshodi_isolo_i',
  'ind_6a0cdfb506ab4510', 'individual');
INSERT OR IGNORE INTO seed_place_resolutions
  (id, seed_run_id, source_name, resolved_place_id, resolution_method, confidence)
VALUES (
  'pr_6a0cdfb506ab4510', 'seed_run_s05_political_foundation_lagos_assembly_20260422',
  'Lagos OSHODI/ISOLO I', 'place_state_constituency_sc_666_la', 'exact_alias', 1.0);
INSERT OR IGNORE INTO seed_entity_sources
  (id, seed_run_id, entity_type, entity_id, source_id, confidence_tier)
VALUES (
  'es_6a0cdfb506ab4510', 'seed_run_s05_political_foundation_lagos_assembly_20260422', 'individual', 'ind_6a0cdfb506ab4510',
  'seed_source_wikipedia_lagos_assembly_2023_20260422', 'editorial_verified');
INSERT OR IGNORE INTO seed_enrichment
  (id, seed_run_id, entity_type, entity_id, enrichment_type, enrichment_json)
VALUES (
  'enr_6a0cdfb506ab4510', 'seed_run_s05_political_foundation_lagos_assembly_20260422', 'individual', 'ind_6a0cdfb506ab4510',
  'political_assignment', '{"constituency_wp": "Oshodi Isolo 01", "constituency_inec": "OSHODI/ISOLO I", "party_abbrev": "APC", "position": "Member", "source_url": "https://en.wikipedia.org/wiki/List_of_members_of_the_Lagos_State_House_of_Assembly_(2023%E2%80%932027)", "resolution_method": "alias"}');
INSERT OR IGNORE INTO search_entries
  (id, profile_id, display_name, keywords, ancestry_path, vertical, created_at, updated_at)
VALUES (
  'se_6a0cdfb506ab4510', 'prof_6a0cdfb506ab4510',
  'Stephen Ogundipe',
  'Stephen Ogundipe lagos state assembly oshodi/isolo i apc politician legislator state house',
  'place_nigeria_001/place_zone_south_west/place_state_lagos/place_state_constituency_sc_666_la',
  'politician', unixepoch(), unixepoch()
);

-- 36. Oladapo Ajomale – OSHODI/ISOLO II
INSERT OR IGNORE INTO individuals
  (id, full_name, tenant_id, workspace_id, verification_state, created_at, updated_at)
VALUES (
  'ind_b0de8fc73ddf6cc9', 'Oladapo Ajomale',
  'tenant_platform_seed', 'workspace_platform_seed_discovery', 'editorial_verified', unixepoch(), unixepoch()
);
INSERT OR IGNORE INTO profiles
  (id, subject_id, subject_type, primary_place_id, tenant_id, workspace_id,
   display_name, created_at, updated_at)
VALUES (
  'prof_b0de8fc73ddf6cc9', 'ind_b0de8fc73ddf6cc9', 'individual', 'place_state_constituency_sc_667_la',
  'tenant_platform_seed', 'workspace_platform_seed_discovery',
  'Oladapo Ajomale', unixepoch(), unixepoch()
);
INSERT OR IGNORE INTO politician_profiles
  (id, profile_id, office_title, jurisdiction_place_id, created_at, updated_at)
VALUES (
  'pp_b0de8fc73ddf6cc9', 'prof_b0de8fc73ddf6cc9',
  'Member, Lagos State House of Assembly (OSHODI/ISOLO II)',
  'place_state_constituency_sc_667_la', unixepoch(), unixepoch()
);
INSERT OR IGNORE INTO political_assignments
  (id, individual_id, term_id, jurisdiction_place_id, office_type,
   took_office_year, left_office_year, created_at, updated_at)
VALUES (
  'assign_b0de8fc73ddf6cc9', 'ind_b0de8fc73ddf6cc9', 'term_ng_lagos_state_assembly_10th_2023_2027',
  'place_state_constituency_sc_667_la', 'state_assembly_member', 2023, NULL, unixepoch(), unixepoch()
);
INSERT OR IGNORE INTO party_affiliations
  (id, individual_id, party_id, start_year, is_current, created_at, updated_at)
VALUES (
  'aff_b0de8fc73ddf6cc9', 'ind_b0de8fc73ddf6cc9', 'org_political_party_apc', 2023, 1, unixepoch(), unixepoch()
);
-- S04 sidecars
INSERT OR IGNORE INTO seed_dedupe_decisions
  (id, seed_run_id, entity_type, dedup_key, decision, canonical_id, notes)
VALUES (
  'dd_b0de8fc73ddf6cc9', 'seed_run_s05_political_foundation_lagos_assembly_20260422', 'individual', 'ng_state_assembly_member|lagos|oshodi/isolo ii|2023',
  'insert', 'ind_b0de8fc73ddf6cc9',
  'Unique: Lagos OSHODI/ISOLO II seat 2023-2027');
INSERT OR IGNORE INTO seed_ingestion_records
  (id, seed_run_id, entity_type, entity_id, source_id, status)
VALUES (
  'ir_b0de8fc73ddf6cc9', 'seed_run_s05_political_foundation_lagos_assembly_20260422', 'individual', 'ind_b0de8fc73ddf6cc9', 'seed_source_wikipedia_lagos_assembly_2023_20260422', 'ingested');
INSERT OR IGNORE INTO seed_identity_map
  (id, seed_run_id, source_id, source_entity_key, canonical_entity_id, entity_type)
VALUES (
  'im_b0de8fc73ddf6cc9', 'seed_run_s05_political_foundation_lagos_assembly_20260422', 'seed_source_wikipedia_lagos_assembly_2023_20260422',
  'wp_lagos_assembly_2023_oshodi_isolo_ii',
  'ind_b0de8fc73ddf6cc9', 'individual');
INSERT OR IGNORE INTO seed_place_resolutions
  (id, seed_run_id, source_name, resolved_place_id, resolution_method, confidence)
VALUES (
  'pr_b0de8fc73ddf6cc9', 'seed_run_s05_political_foundation_lagos_assembly_20260422',
  'Lagos OSHODI/ISOLO II', 'place_state_constituency_sc_667_la', 'exact_alias', 1.0);
INSERT OR IGNORE INTO seed_entity_sources
  (id, seed_run_id, entity_type, entity_id, source_id, confidence_tier)
VALUES (
  'es_b0de8fc73ddf6cc9', 'seed_run_s05_political_foundation_lagos_assembly_20260422', 'individual', 'ind_b0de8fc73ddf6cc9',
  'seed_source_wikipedia_lagos_assembly_2023_20260422', 'editorial_verified');
INSERT OR IGNORE INTO seed_enrichment
  (id, seed_run_id, entity_type, entity_id, enrichment_type, enrichment_json)
VALUES (
  'enr_b0de8fc73ddf6cc9', 'seed_run_s05_political_foundation_lagos_assembly_20260422', 'individual', 'ind_b0de8fc73ddf6cc9',
  'political_assignment', '{"constituency_wp": "Oshodi Isolo 02", "constituency_inec": "OSHODI/ISOLO II", "party_abbrev": "APC", "position": "Member", "source_url": "https://en.wikipedia.org/wiki/List_of_members_of_the_Lagos_State_House_of_Assembly_(2023%E2%80%932027)", "resolution_method": "alias"}');
INSERT OR IGNORE INTO search_entries
  (id, profile_id, display_name, keywords, ancestry_path, vertical, created_at, updated_at)
VALUES (
  'se_b0de8fc73ddf6cc9', 'prof_b0de8fc73ddf6cc9',
  'Oladapo Ajomale',
  'Oladapo Ajomale lagos state assembly oshodi/isolo ii apc politician legislator state house',
  'place_nigeria_001/place_zone_south_west/place_state_lagos/place_state_constituency_sc_667_la',
  'politician', unixepoch(), unixepoch()
);

-- 37. Orekoya Abiodun Abimbola – SHOMOLU I
INSERT OR IGNORE INTO individuals
  (id, full_name, tenant_id, workspace_id, verification_state, created_at, updated_at)
VALUES (
  'ind_97d5c9ddd3ea2a57', 'Orekoya Abiodun Abimbola',
  'tenant_platform_seed', 'workspace_platform_seed_discovery', 'editorial_verified', unixepoch(), unixepoch()
);
INSERT OR IGNORE INTO profiles
  (id, subject_id, subject_type, primary_place_id, tenant_id, workspace_id,
   display_name, created_at, updated_at)
VALUES (
  'prof_97d5c9ddd3ea2a57', 'ind_97d5c9ddd3ea2a57', 'individual', 'place_state_constituency_sc_668_la',
  'tenant_platform_seed', 'workspace_platform_seed_discovery',
  'Orekoya Abiodun Abimbola', unixepoch(), unixepoch()
);
INSERT OR IGNORE INTO politician_profiles
  (id, profile_id, office_title, jurisdiction_place_id, created_at, updated_at)
VALUES (
  'pp_97d5c9ddd3ea2a57', 'prof_97d5c9ddd3ea2a57',
  'Member, Lagos State House of Assembly (SHOMOLU I)',
  'place_state_constituency_sc_668_la', unixepoch(), unixepoch()
);
INSERT OR IGNORE INTO political_assignments
  (id, individual_id, term_id, jurisdiction_place_id, office_type,
   took_office_year, left_office_year, created_at, updated_at)
VALUES (
  'assign_97d5c9ddd3ea2a57', 'ind_97d5c9ddd3ea2a57', 'term_ng_lagos_state_assembly_10th_2023_2027',
  'place_state_constituency_sc_668_la', 'state_assembly_member', 2023, NULL, unixepoch(), unixepoch()
);
INSERT OR IGNORE INTO party_affiliations
  (id, individual_id, party_id, start_year, is_current, created_at, updated_at)
VALUES (
  'aff_97d5c9ddd3ea2a57', 'ind_97d5c9ddd3ea2a57', 'org_political_party_apc', 2023, 1, unixepoch(), unixepoch()
);
-- S04 sidecars
INSERT OR IGNORE INTO seed_dedupe_decisions
  (id, seed_run_id, entity_type, dedup_key, decision, canonical_id, notes)
VALUES (
  'dd_97d5c9ddd3ea2a57', 'seed_run_s05_political_foundation_lagos_assembly_20260422', 'individual', 'ng_state_assembly_member|lagos|shomolu i|2023',
  'insert', 'ind_97d5c9ddd3ea2a57',
  'Unique: Lagos SHOMOLU I seat 2023-2027');
INSERT OR IGNORE INTO seed_ingestion_records
  (id, seed_run_id, entity_type, entity_id, source_id, status)
VALUES (
  'ir_97d5c9ddd3ea2a57', 'seed_run_s05_political_foundation_lagos_assembly_20260422', 'individual', 'ind_97d5c9ddd3ea2a57', 'seed_source_wikipedia_lagos_assembly_2023_20260422', 'ingested');
INSERT OR IGNORE INTO seed_identity_map
  (id, seed_run_id, source_id, source_entity_key, canonical_entity_id, entity_type)
VALUES (
  'im_97d5c9ddd3ea2a57', 'seed_run_s05_political_foundation_lagos_assembly_20260422', 'seed_source_wikipedia_lagos_assembly_2023_20260422',
  'wp_lagos_assembly_2023_shomolu_i',
  'ind_97d5c9ddd3ea2a57', 'individual');
INSERT OR IGNORE INTO seed_place_resolutions
  (id, seed_run_id, source_name, resolved_place_id, resolution_method, confidence)
VALUES (
  'pr_97d5c9ddd3ea2a57', 'seed_run_s05_political_foundation_lagos_assembly_20260422',
  'Lagos SHOMOLU I', 'place_state_constituency_sc_668_la', 'exact_alias', 1.0);
INSERT OR IGNORE INTO seed_entity_sources
  (id, seed_run_id, entity_type, entity_id, source_id, confidence_tier)
VALUES (
  'es_97d5c9ddd3ea2a57', 'seed_run_s05_political_foundation_lagos_assembly_20260422', 'individual', 'ind_97d5c9ddd3ea2a57',
  'seed_source_wikipedia_lagos_assembly_2023_20260422', 'editorial_verified');
INSERT OR IGNORE INTO seed_enrichment
  (id, seed_run_id, entity_type, entity_id, enrichment_type, enrichment_json)
VALUES (
  'enr_97d5c9ddd3ea2a57', 'seed_run_s05_political_foundation_lagos_assembly_20260422', 'individual', 'ind_97d5c9ddd3ea2a57',
  'political_assignment', '{"constituency_wp": "Somolu 01", "constituency_inec": "SHOMOLU I", "party_abbrev": "APC", "position": "Member", "source_url": "https://en.wikipedia.org/wiki/List_of_members_of_the_Lagos_State_House_of_Assembly_(2023%E2%80%932027)", "resolution_method": "alias"}');
INSERT OR IGNORE INTO search_entries
  (id, profile_id, display_name, keywords, ancestry_path, vertical, created_at, updated_at)
VALUES (
  'se_97d5c9ddd3ea2a57', 'prof_97d5c9ddd3ea2a57',
  'Orekoya Abiodun Abimbola',
  'Orekoya Abiodun Abimbola lagos state assembly shomolu i apc politician legislator state house',
  'place_nigeria_001/place_zone_south_west/place_state_lagos/place_state_constituency_sc_668_la',
  'politician', unixepoch(), unixepoch()
);

-- 38. Apata Samuel Olu – SHOMOLU II
INSERT OR IGNORE INTO individuals
  (id, full_name, tenant_id, workspace_id, verification_state, created_at, updated_at)
VALUES (
  'ind_e784435a8147797e', 'Apata Samuel Olu',
  'tenant_platform_seed', 'workspace_platform_seed_discovery', 'editorial_verified', unixepoch(), unixepoch()
);
INSERT OR IGNORE INTO profiles
  (id, subject_id, subject_type, primary_place_id, tenant_id, workspace_id,
   display_name, created_at, updated_at)
VALUES (
  'prof_e784435a8147797e', 'ind_e784435a8147797e', 'individual', 'place_state_constituency_sc_669_la',
  'tenant_platform_seed', 'workspace_platform_seed_discovery',
  'Apata Samuel Olu', unixepoch(), unixepoch()
);
INSERT OR IGNORE INTO politician_profiles
  (id, profile_id, office_title, jurisdiction_place_id, created_at, updated_at)
VALUES (
  'pp_e784435a8147797e', 'prof_e784435a8147797e',
  'Member, Lagos State House of Assembly (SHOMOLU II)',
  'place_state_constituency_sc_669_la', unixepoch(), unixepoch()
);
INSERT OR IGNORE INTO political_assignments
  (id, individual_id, term_id, jurisdiction_place_id, office_type,
   took_office_year, left_office_year, created_at, updated_at)
VALUES (
  'assign_e784435a8147797e', 'ind_e784435a8147797e', 'term_ng_lagos_state_assembly_10th_2023_2027',
  'place_state_constituency_sc_669_la', 'state_assembly_member', 2023, NULL, unixepoch(), unixepoch()
);
INSERT OR IGNORE INTO party_affiliations
  (id, individual_id, party_id, start_year, is_current, created_at, updated_at)
VALUES (
  'aff_e784435a8147797e', 'ind_e784435a8147797e', 'org_political_party_apc', 2023, 1, unixepoch(), unixepoch()
);
-- S04 sidecars
INSERT OR IGNORE INTO seed_dedupe_decisions
  (id, seed_run_id, entity_type, dedup_key, decision, canonical_id, notes)
VALUES (
  'dd_e784435a8147797e', 'seed_run_s05_political_foundation_lagos_assembly_20260422', 'individual', 'ng_state_assembly_member|lagos|shomolu ii|2023',
  'insert', 'ind_e784435a8147797e',
  'Unique: Lagos SHOMOLU II seat 2023-2027');
INSERT OR IGNORE INTO seed_ingestion_records
  (id, seed_run_id, entity_type, entity_id, source_id, status)
VALUES (
  'ir_e784435a8147797e', 'seed_run_s05_political_foundation_lagos_assembly_20260422', 'individual', 'ind_e784435a8147797e', 'seed_source_wikipedia_lagos_assembly_2023_20260422', 'ingested');
INSERT OR IGNORE INTO seed_identity_map
  (id, seed_run_id, source_id, source_entity_key, canonical_entity_id, entity_type)
VALUES (
  'im_e784435a8147797e', 'seed_run_s05_political_foundation_lagos_assembly_20260422', 'seed_source_wikipedia_lagos_assembly_2023_20260422',
  'wp_lagos_assembly_2023_shomolu_ii',
  'ind_e784435a8147797e', 'individual');
INSERT OR IGNORE INTO seed_place_resolutions
  (id, seed_run_id, source_name, resolved_place_id, resolution_method, confidence)
VALUES (
  'pr_e784435a8147797e', 'seed_run_s05_political_foundation_lagos_assembly_20260422',
  'Lagos SHOMOLU II', 'place_state_constituency_sc_669_la', 'exact_alias', 1.0);
INSERT OR IGNORE INTO seed_entity_sources
  (id, seed_run_id, entity_type, entity_id, source_id, confidence_tier)
VALUES (
  'es_e784435a8147797e', 'seed_run_s05_political_foundation_lagos_assembly_20260422', 'individual', 'ind_e784435a8147797e',
  'seed_source_wikipedia_lagos_assembly_2023_20260422', 'editorial_verified');
INSERT OR IGNORE INTO seed_enrichment
  (id, seed_run_id, entity_type, entity_id, enrichment_type, enrichment_json)
VALUES (
  'enr_e784435a8147797e', 'seed_run_s05_political_foundation_lagos_assembly_20260422', 'individual', 'ind_e784435a8147797e',
  'political_assignment', '{"constituency_wp": "Somolu 02", "constituency_inec": "SHOMOLU II", "party_abbrev": "APC", "position": "Member", "source_url": "https://en.wikipedia.org/wiki/List_of_members_of_the_Lagos_State_House_of_Assembly_(2023%E2%80%932027)", "resolution_method": "alias"}');
INSERT OR IGNORE INTO search_entries
  (id, profile_id, display_name, keywords, ancestry_path, vertical, created_at, updated_at)
VALUES (
  'se_e784435a8147797e', 'prof_e784435a8147797e',
  'Apata Samuel Olu',
  'Apata Samuel Olu lagos state assembly shomolu ii apc politician legislator state house',
  'place_nigeria_001/place_zone_south_west/place_state_lagos/place_state_constituency_sc_669_la',
  'politician', unixepoch(), unixepoch()
);

-- 39. Elliot Desmond O. – SURULERE I
INSERT OR IGNORE INTO individuals
  (id, full_name, tenant_id, workspace_id, verification_state, created_at, updated_at)
VALUES (
  'ind_57e509cce3be6742', 'Elliot Desmond O.',
  'tenant_platform_seed', 'workspace_platform_seed_discovery', 'editorial_verified', unixepoch(), unixepoch()
);
INSERT OR IGNORE INTO profiles
  (id, subject_id, subject_type, primary_place_id, tenant_id, workspace_id,
   display_name, created_at, updated_at)
VALUES (
  'prof_57e509cce3be6742', 'ind_57e509cce3be6742', 'individual', 'place_state_constituency_sc_670_la',
  'tenant_platform_seed', 'workspace_platform_seed_discovery',
  'Elliot Desmond O.', unixepoch(), unixepoch()
);
INSERT OR IGNORE INTO politician_profiles
  (id, profile_id, office_title, jurisdiction_place_id, created_at, updated_at)
VALUES (
  'pp_57e509cce3be6742', 'prof_57e509cce3be6742',
  'Member, Lagos State House of Assembly (SURULERE I)',
  'place_state_constituency_sc_670_la', unixepoch(), unixepoch()
);
INSERT OR IGNORE INTO political_assignments
  (id, individual_id, term_id, jurisdiction_place_id, office_type,
   took_office_year, left_office_year, created_at, updated_at)
VALUES (
  'assign_57e509cce3be6742', 'ind_57e509cce3be6742', 'term_ng_lagos_state_assembly_10th_2023_2027',
  'place_state_constituency_sc_670_la', 'state_assembly_member', 2023, NULL, unixepoch(), unixepoch()
);
INSERT OR IGNORE INTO party_affiliations
  (id, individual_id, party_id, start_year, is_current, created_at, updated_at)
VALUES (
  'aff_57e509cce3be6742', 'ind_57e509cce3be6742', 'org_political_party_apc', 2023, 1, unixepoch(), unixepoch()
);
-- S04 sidecars
INSERT OR IGNORE INTO seed_dedupe_decisions
  (id, seed_run_id, entity_type, dedup_key, decision, canonical_id, notes)
VALUES (
  'dd_57e509cce3be6742', 'seed_run_s05_political_foundation_lagos_assembly_20260422', 'individual', 'ng_state_assembly_member|lagos|surulere i|2023',
  'insert', 'ind_57e509cce3be6742',
  'Unique: Lagos SURULERE I seat 2023-2027');
INSERT OR IGNORE INTO seed_ingestion_records
  (id, seed_run_id, entity_type, entity_id, source_id, status)
VALUES (
  'ir_57e509cce3be6742', 'seed_run_s05_political_foundation_lagos_assembly_20260422', 'individual', 'ind_57e509cce3be6742', 'seed_source_wikipedia_lagos_assembly_2023_20260422', 'ingested');
INSERT OR IGNORE INTO seed_identity_map
  (id, seed_run_id, source_id, source_entity_key, canonical_entity_id, entity_type)
VALUES (
  'im_57e509cce3be6742', 'seed_run_s05_political_foundation_lagos_assembly_20260422', 'seed_source_wikipedia_lagos_assembly_2023_20260422',
  'wp_lagos_assembly_2023_surulere_i',
  'ind_57e509cce3be6742', 'individual');
INSERT OR IGNORE INTO seed_place_resolutions
  (id, seed_run_id, source_name, resolved_place_id, resolution_method, confidence)
VALUES (
  'pr_57e509cce3be6742', 'seed_run_s05_political_foundation_lagos_assembly_20260422',
  'Lagos SURULERE I', 'place_state_constituency_sc_670_la', 'exact_alias', 1.0);
INSERT OR IGNORE INTO seed_entity_sources
  (id, seed_run_id, entity_type, entity_id, source_id, confidence_tier)
VALUES (
  'es_57e509cce3be6742', 'seed_run_s05_political_foundation_lagos_assembly_20260422', 'individual', 'ind_57e509cce3be6742',
  'seed_source_wikipedia_lagos_assembly_2023_20260422', 'editorial_verified');
INSERT OR IGNORE INTO seed_enrichment
  (id, seed_run_id, entity_type, entity_id, enrichment_type, enrichment_json)
VALUES (
  'enr_57e509cce3be6742', 'seed_run_s05_political_foundation_lagos_assembly_20260422', 'individual', 'ind_57e509cce3be6742',
  'political_assignment', '{"constituency_wp": "Surulere 01", "constituency_inec": "SURULERE I", "party_abbrev": "APC", "position": "Member", "source_url": "https://en.wikipedia.org/wiki/List_of_members_of_the_Lagos_State_House_of_Assembly_(2023%E2%80%932027)", "resolution_method": "alias"}');
INSERT OR IGNORE INTO search_entries
  (id, profile_id, display_name, keywords, ancestry_path, vertical, created_at, updated_at)
VALUES (
  'se_57e509cce3be6742', 'prof_57e509cce3be6742',
  'Elliot Desmond O.',
  'Elliot Desmond O. lagos state assembly surulere i apc politician legislator state house',
  'place_nigeria_001/place_zone_south_west/place_state_lagos/place_state_constituency_sc_670_la',
  'politician', unixepoch(), unixepoch()
);

-- 40. Sangodara Mosunmola Rotimi – SURULERE II
INSERT OR IGNORE INTO individuals
  (id, full_name, tenant_id, workspace_id, verification_state, created_at, updated_at)
VALUES (
  'ind_248449a33503515f', 'Sangodara Mosunmola Rotimi',
  'tenant_platform_seed', 'workspace_platform_seed_discovery', 'editorial_verified', unixepoch(), unixepoch()
);
INSERT OR IGNORE INTO profiles
  (id, subject_id, subject_type, primary_place_id, tenant_id, workspace_id,
   display_name, created_at, updated_at)
VALUES (
  'prof_248449a33503515f', 'ind_248449a33503515f', 'individual', 'place_state_constituency_sc_671_la',
  'tenant_platform_seed', 'workspace_platform_seed_discovery',
  'Sangodara Mosunmola Rotimi', unixepoch(), unixepoch()
);
INSERT OR IGNORE INTO politician_profiles
  (id, profile_id, office_title, jurisdiction_place_id, created_at, updated_at)
VALUES (
  'pp_248449a33503515f', 'prof_248449a33503515f',
  'Member, Lagos State House of Assembly (SURULERE II)',
  'place_state_constituency_sc_671_la', unixepoch(), unixepoch()
);
INSERT OR IGNORE INTO political_assignments
  (id, individual_id, term_id, jurisdiction_place_id, office_type,
   took_office_year, left_office_year, created_at, updated_at)
VALUES (
  'assign_248449a33503515f', 'ind_248449a33503515f', 'term_ng_lagos_state_assembly_10th_2023_2027',
  'place_state_constituency_sc_671_la', 'state_assembly_member', 2023, NULL, unixepoch(), unixepoch()
);
INSERT OR IGNORE INTO party_affiliations
  (id, individual_id, party_id, start_year, is_current, created_at, updated_at)
VALUES (
  'aff_248449a33503515f', 'ind_248449a33503515f', 'org_political_party_apc', 2023, 1, unixepoch(), unixepoch()
);
-- S04 sidecars
INSERT OR IGNORE INTO seed_dedupe_decisions
  (id, seed_run_id, entity_type, dedup_key, decision, canonical_id, notes)
VALUES (
  'dd_248449a33503515f', 'seed_run_s05_political_foundation_lagos_assembly_20260422', 'individual', 'ng_state_assembly_member|lagos|surulere ii|2023',
  'insert', 'ind_248449a33503515f',
  'Unique: Lagos SURULERE II seat 2023-2027');
INSERT OR IGNORE INTO seed_ingestion_records
  (id, seed_run_id, entity_type, entity_id, source_id, status)
VALUES (
  'ir_248449a33503515f', 'seed_run_s05_political_foundation_lagos_assembly_20260422', 'individual', 'ind_248449a33503515f', 'seed_source_wikipedia_lagos_assembly_2023_20260422', 'ingested');
INSERT OR IGNORE INTO seed_identity_map
  (id, seed_run_id, source_id, source_entity_key, canonical_entity_id, entity_type)
VALUES (
  'im_248449a33503515f', 'seed_run_s05_political_foundation_lagos_assembly_20260422', 'seed_source_wikipedia_lagos_assembly_2023_20260422',
  'wp_lagos_assembly_2023_surulere_ii',
  'ind_248449a33503515f', 'individual');
INSERT OR IGNORE INTO seed_place_resolutions
  (id, seed_run_id, source_name, resolved_place_id, resolution_method, confidence)
VALUES (
  'pr_248449a33503515f', 'seed_run_s05_political_foundation_lagos_assembly_20260422',
  'Lagos SURULERE II', 'place_state_constituency_sc_671_la', 'exact_alias', 1.0);
INSERT OR IGNORE INTO seed_entity_sources
  (id, seed_run_id, entity_type, entity_id, source_id, confidence_tier)
VALUES (
  'es_248449a33503515f', 'seed_run_s05_political_foundation_lagos_assembly_20260422', 'individual', 'ind_248449a33503515f',
  'seed_source_wikipedia_lagos_assembly_2023_20260422', 'editorial_verified');
INSERT OR IGNORE INTO seed_enrichment
  (id, seed_run_id, entity_type, entity_id, enrichment_type, enrichment_json)
VALUES (
  'enr_248449a33503515f', 'seed_run_s05_political_foundation_lagos_assembly_20260422', 'individual', 'ind_248449a33503515f',
  'political_assignment', '{"constituency_wp": "Surulere 02", "constituency_inec": "SURULERE II", "party_abbrev": "APC", "position": "Member", "source_url": "https://en.wikipedia.org/wiki/List_of_members_of_the_Lagos_State_House_of_Assembly_(2023%E2%80%932027)", "resolution_method": "alias"}');
INSERT OR IGNORE INTO search_entries
  (id, profile_id, display_name, keywords, ancestry_path, vertical, created_at, updated_at)
VALUES (
  'se_248449a33503515f', 'prof_248449a33503515f',
  'Sangodara Mosunmola Rotimi',
  'Sangodara Mosunmola Rotimi lagos state assembly surulere ii apc politician legislator state house',
  'place_nigeria_001/place_zone_south_west/place_state_lagos/place_state_constituency_sc_671_la',
  'politician', unixepoch(), unixepoch()
);

INSERT OR IGNORE INTO seed_search_rebuild_jobs
  (id, seed_run_id, status, created_at)
VALUES ('rb_69904e34026c9ce8', 'seed_run_s05_political_foundation_lagos_assembly_20260422', 'pending', unixepoch());

-- FTS rebuild
INSERT OR REPLACE INTO search_fts(search_fts) VALUES ('rebuild');

COMMIT;