-- 0348a_s13_osm_laundry_seed.sql
-- S13 OSM Nigeria laundry services 2026-04-22
-- Source: OpenStreetMap Overpass API | Retrieved: 2026-04-22
-- Total named entities: 33 | vertical: laundry

INSERT OR IGNORE INTO seed_runs (id,source_id,run_label,run_state,started_at,completed_at,total_input_rows,total_inserted_rows,total_rejected_rows,notes) VALUES
  ('seed_run_s13_laundry_20260422','seed_source_osm_ng_laundry_20260422','S13 OSM Nigeria laundry services 2026-04-22','completed',unixepoch(),unixepoch(),33,33,0,'OSM laundry Nigeria 4-quad 33 named 2026-04-22');

INSERT OR IGNORE INTO seed_sources (id,source_label,source_type,owner_organisation,access_method,canonical_url,publication_date,retrieval_date,freshness_status,license_notes,row_count,notes) VALUES
  ('seed_source_osm_ng_laundry_20260422','OpenStreetMap Nigeria laundry','public_data','OpenStreetMap contributors','overpass_api','https://overpass-api.de/api/interpreter','2026-04-22','2026-04-22','snapshot','ODbL.',33,'OSM laundry Nigeria 4-quadrant 2026-04-22');

INSERT OR IGNORE INTO seed_raw_artifacts (id,seed_run_id,source_id,artifact_type,file_path,content_hash,row_count,schema_json,extraction_script,status) VALUES
  ('seed_artifact_s13_laundry_20260422','seed_run_s13_laundry_20260422','seed_source_osm_ng_laundry_20260422','raw','infra/db/seed/sources/s13_osm_laundry_ng_20260422.json','c2cd4d826d860604087ef1859744bc2d68358c6f295c36eb9a2286a85e6539f7',33,'{"columns":["osm_id","name","lat","lon","amenity","tags"]}','overpass 4-quad + python filter','captured');

INSERT OR IGNORE INTO organizations (id,tenant_id,organization_type,legal_name,display_name,registration_number,status,verification_state,created_at,updated_at) VALUES
  ('org_s13_laund_b195ed307d03594431956d38','tenant_platform_seed','facility','Beck & Call Cleans','Beck & Call Cleans',NULL,'active','seeded',unixepoch(),unixepoch()),
  ('org_s13_laund_064b033a62967b456ca6e886','tenant_platform_seed','facility','zenox cleaners','zenox cleaners',NULL,'active','seeded',unixepoch(),unixepoch()),
  ('org_s13_laund_3ff32c335bf1946de62895ea','tenant_platform_seed','facility','WashTech Laundry And Dry Cleaning Services','WashTech Laundry And Dry Cleaning Services',NULL,'active','seeded',unixepoch(),unixepoch()),
  ('org_s13_laund_7ed088c1d72340d85970600b','tenant_platform_seed','facility','WashTech Laundry And Dry Cleaning Services','WashTech Laundry And Dry Cleaning Services',NULL,'active','seeded',unixepoch(),unixepoch()),
  ('org_s13_laund_24f547e3683699a084332ec6','tenant_platform_seed','facility','Elite Luxury Suites','Elite Luxury Suites',NULL,'active','seeded',unixepoch(),unixepoch()),
  ('org_s13_laund_2bfb4f2ad4cc10e6db4caa07','tenant_platform_seed','facility','Westernb Laundry Limited','Westernb Laundry Limited',NULL,'active','seeded',unixepoch(),unixepoch()),
  ('org_s13_laund_2670fac341f3b008faee1c0e','tenant_platform_seed','facility','Sea-Mountain Washateria','Sea-Mountain Washateria',NULL,'active','seeded',unixepoch(),unixepoch()),
  ('org_s13_laund_69f56acb6f3a60d3c2eab609','tenant_platform_seed','facility','Primewash','Primewash',NULL,'active','seeded',unixepoch(),unixepoch()),
  ('org_s13_laund_e2607d2e9e28227f79f81f98','tenant_platform_seed','facility','Marwin Professional Laundry and Dry-Cleaning Services','Marwin Professional Laundry and Dry-Cleaning Services',NULL,'active','seeded',unixepoch(),unixepoch()),
  ('org_s13_laund_1a11e62f461299e3b0597bdc','tenant_platform_seed','facility','Prime Wash','Prime Wash',NULL,'active','seeded',unixepoch(),unixepoch()),
  ('org_s13_laund_148f9133f5b317ce2835010c','tenant_platform_seed','facility','ND Laundry and Dry Cleaning Services','ND Laundry and Dry Cleaning Services',NULL,'active','seeded',unixepoch(),unixepoch()),
  ('org_s13_laund_1c5c023c87f9310561b315bd','tenant_platform_seed','facility','Kendux Laundry','Kendux Laundry',NULL,'active','seeded',unixepoch(),unixepoch()),
  ('org_s13_laund_f293fefd189c03c1db3ba8fb','tenant_platform_seed','facility','A.O Laundry Services & Business Centre','A.O Laundry Services & Business Centre',NULL,'active','seeded',unixepoch(),unixepoch()),
  ('org_s13_laund_6c345afb66d3cb7c0e63fdc1','tenant_platform_seed','facility','FabriCare Laundry','FabriCare Laundry',NULL,'active','seeded',unixepoch(),unixepoch()),
  ('org_s13_laund_748e7aecea924cc72800dc8a','tenant_platform_seed','facility','Dejon Laundry Services','Dejon Laundry Services',NULL,'active','seeded',unixepoch(),unixepoch()),
  ('org_s13_laund_d86435670b6281fa60ff09d6','tenant_platform_seed','facility','Hillary''s laundry and dry cleaning','Hillary''s laundry and dry cleaning',NULL,'active','seeded',unixepoch(),unixepoch()),
  ('org_s13_laund_ef491cde84011cf2f4edf4ae','tenant_platform_seed','facility','Feod international service','Feod international service',NULL,'active','seeded',unixepoch(),unixepoch()),
  ('org_s13_laund_7d231c60bcba8114ae93e2ce','tenant_platform_seed','facility','Ebonydud','Ebonydud',NULL,'active','seeded',unixepoch(),unixepoch()),
  ('org_s13_laund_c114d8ad9d12f9ebe659d884','tenant_platform_seed','facility','OgoOluwa','OgoOluwa',NULL,'active','seeded',unixepoch(),unixepoch()),
  ('org_s13_laund_2f60f01cf968095e74ddce9a','tenant_platform_seed','facility','Mega Standard','Mega Standard',NULL,'active','seeded',unixepoch(),unixepoch()),
  ('org_s13_laund_f0ea94b41161a999dd9b860e','tenant_platform_seed','facility','Gwemo Cleans and Laundry Services','Gwemo Cleans and Laundry Services',NULL,'active','seeded',unixepoch(),unixepoch()),
  ('org_s13_laund_77ef6c09726c219fc0d8d17f','tenant_platform_seed','facility','Laverie akwa 1','Laverie akwa 1',NULL,'active','seeded',unixepoch(),unixepoch()),
  ('org_s13_laund_647a5454e212d615e7a3e4ce','tenant_platform_seed','facility','Laverie Akwa 2','Laverie Akwa 2',NULL,'active','seeded',unixepoch(),unixepoch()),
  ('org_s13_laund_9143199a4bcc2a3ef5bc92e0','tenant_platform_seed','facility','laverie auto','laverie auto',NULL,'active','seeded',unixepoch(),unixepoch()),
  ('org_s13_laund_c03def285781b6900c183d10','tenant_platform_seed','facility','préssing de dendi','préssing de dendi',NULL,'active','seeded',unixepoch(),unixepoch()),
  ('org_s13_laund_2e689498b59ffe245c7f028c','tenant_platform_seed','facility','La maison de nettoyage','La maison de nettoyage',NULL,'active','seeded',unixepoch(),unixepoch()),
  ('org_s13_laund_93dea59af60113582a235e54','tenant_platform_seed','facility','Kubba lavers','Kubba lavers',NULL,'active','seeded',unixepoch(),unixepoch()),
  ('org_s13_laund_0b16f72d5d023c4645ccdff9','tenant_platform_seed','facility','Wash Wise Laundry','Wash Wise Laundry',NULL,'active','seeded',unixepoch(),unixepoch()),
  ('org_s13_laund_4b86aa860c9231ed57590c49','tenant_platform_seed','facility','TOP Pressing','TOP Pressing',NULL,'active','seeded',unixepoch(),unixepoch()),
  ('org_s13_laund_8fb644dc54fff36c9cdbc009','tenant_platform_seed','facility','Amsag Laundry','Amsag Laundry',NULL,'active','seeded',unixepoch(),unixepoch()),
  ('org_s13_laund_9881aaf55a3be9f858366e8e','tenant_platform_seed','facility','De J''s laundry and Dry Cleaning Services','De J''s laundry and Dry Cleaning Services',NULL,'active','seeded',unixepoch(),unixepoch()),
  ('org_s13_laund_d41445ddb318437558f4762b','tenant_platform_seed','facility','Ba Matsala laundry Services','Ba Matsala laundry Services',NULL,'active','seeded',unixepoch(),unixepoch()),
  ('org_s13_laund_2df1691077674aa055935996','tenant_platform_seed','facility','LAV AUTO Prestige','LAV AUTO Prestige',NULL,'active','seeded',unixepoch(),unixepoch());

INSERT OR IGNORE INTO profiles (id,tenant_id,workspace_id,subject_type,subject_id,vertical_slug,primary_place_id,display_name,claim_state,visibility,created_at,updated_at) VALUES
  ('prof_s13_laund_b195ed307d03594431956d38','tenant_platform_seed','workspace_platform_seed_discovery','organization','org_s13_laund_b195ed307d03594431956d38','laundry','place_nigeria_001','Beck & Call Cleans','seeded','public',unixepoch(),unixepoch()),
  ('prof_s13_laund_064b033a62967b456ca6e886','tenant_platform_seed','workspace_platform_seed_discovery','organization','org_s13_laund_064b033a62967b456ca6e886','laundry','place_nigeria_001','zenox cleaners','seeded','public',unixepoch(),unixepoch()),
  ('prof_s13_laund_3ff32c335bf1946de62895ea','tenant_platform_seed','workspace_platform_seed_discovery','organization','org_s13_laund_3ff32c335bf1946de62895ea','laundry','place_nigeria_001','WashTech Laundry And Dry Cleaning Services','seeded','public',unixepoch(),unixepoch()),
  ('prof_s13_laund_7ed088c1d72340d85970600b','tenant_platform_seed','workspace_platform_seed_discovery','organization','org_s13_laund_7ed088c1d72340d85970600b','laundry','place_nigeria_001','WashTech Laundry And Dry Cleaning Services','seeded','public',unixepoch(),unixepoch()),
  ('prof_s13_laund_24f547e3683699a084332ec6','tenant_platform_seed','workspace_platform_seed_discovery','organization','org_s13_laund_24f547e3683699a084332ec6','laundry','place_nigeria_001','Elite Luxury Suites','seeded','public',unixepoch(),unixepoch()),
  ('prof_s13_laund_2bfb4f2ad4cc10e6db4caa07','tenant_platform_seed','workspace_platform_seed_discovery','organization','org_s13_laund_2bfb4f2ad4cc10e6db4caa07','laundry','place_nigeria_001','Westernb Laundry Limited','seeded','public',unixepoch(),unixepoch()),
  ('prof_s13_laund_2670fac341f3b008faee1c0e','tenant_platform_seed','workspace_platform_seed_discovery','organization','org_s13_laund_2670fac341f3b008faee1c0e','laundry','place_nigeria_001','Sea-Mountain Washateria','seeded','public',unixepoch(),unixepoch()),
  ('prof_s13_laund_69f56acb6f3a60d3c2eab609','tenant_platform_seed','workspace_platform_seed_discovery','organization','org_s13_laund_69f56acb6f3a60d3c2eab609','laundry','place_nigeria_001','Primewash','seeded','public',unixepoch(),unixepoch()),
  ('prof_s13_laund_e2607d2e9e28227f79f81f98','tenant_platform_seed','workspace_platform_seed_discovery','organization','org_s13_laund_e2607d2e9e28227f79f81f98','laundry','place_nigeria_001','Marwin Professional Laundry and Dry-Cleaning Services','seeded','public',unixepoch(),unixepoch()),
  ('prof_s13_laund_1a11e62f461299e3b0597bdc','tenant_platform_seed','workspace_platform_seed_discovery','organization','org_s13_laund_1a11e62f461299e3b0597bdc','laundry','place_nigeria_001','Prime Wash','seeded','public',unixepoch(),unixepoch()),
  ('prof_s13_laund_148f9133f5b317ce2835010c','tenant_platform_seed','workspace_platform_seed_discovery','organization','org_s13_laund_148f9133f5b317ce2835010c','laundry','place_nigeria_001','ND Laundry and Dry Cleaning Services','seeded','public',unixepoch(),unixepoch()),
  ('prof_s13_laund_1c5c023c87f9310561b315bd','tenant_platform_seed','workspace_platform_seed_discovery','organization','org_s13_laund_1c5c023c87f9310561b315bd','laundry','place_nigeria_001','Kendux Laundry','seeded','public',unixepoch(),unixepoch()),
  ('prof_s13_laund_f293fefd189c03c1db3ba8fb','tenant_platform_seed','workspace_platform_seed_discovery','organization','org_s13_laund_f293fefd189c03c1db3ba8fb','laundry','place_nigeria_001','A.O Laundry Services & Business Centre','seeded','public',unixepoch(),unixepoch()),
  ('prof_s13_laund_6c345afb66d3cb7c0e63fdc1','tenant_platform_seed','workspace_platform_seed_discovery','organization','org_s13_laund_6c345afb66d3cb7c0e63fdc1','laundry','place_nigeria_001','FabriCare Laundry','seeded','public',unixepoch(),unixepoch()),
  ('prof_s13_laund_748e7aecea924cc72800dc8a','tenant_platform_seed','workspace_platform_seed_discovery','organization','org_s13_laund_748e7aecea924cc72800dc8a','laundry','place_nigeria_001','Dejon Laundry Services','seeded','public',unixepoch(),unixepoch()),
  ('prof_s13_laund_d86435670b6281fa60ff09d6','tenant_platform_seed','workspace_platform_seed_discovery','organization','org_s13_laund_d86435670b6281fa60ff09d6','laundry','place_nigeria_001','Hillary''s laundry and dry cleaning','seeded','public',unixepoch(),unixepoch()),
  ('prof_s13_laund_ef491cde84011cf2f4edf4ae','tenant_platform_seed','workspace_platform_seed_discovery','organization','org_s13_laund_ef491cde84011cf2f4edf4ae','laundry','place_nigeria_001','Feod international service','seeded','public',unixepoch(),unixepoch()),
  ('prof_s13_laund_7d231c60bcba8114ae93e2ce','tenant_platform_seed','workspace_platform_seed_discovery','organization','org_s13_laund_7d231c60bcba8114ae93e2ce','laundry','place_nigeria_001','Ebonydud','seeded','public',unixepoch(),unixepoch()),
  ('prof_s13_laund_c114d8ad9d12f9ebe659d884','tenant_platform_seed','workspace_platform_seed_discovery','organization','org_s13_laund_c114d8ad9d12f9ebe659d884','laundry','place_state_kwara','OgoOluwa','seeded','public',unixepoch(),unixepoch()),
  ('prof_s13_laund_2f60f01cf968095e74ddce9a','tenant_platform_seed','workspace_platform_seed_discovery','organization','org_s13_laund_2f60f01cf968095e74ddce9a','laundry','place_state_kwara','Mega Standard','seeded','public',unixepoch(),unixepoch()),
  ('prof_s13_laund_f0ea94b41161a999dd9b860e','tenant_platform_seed','workspace_platform_seed_discovery','organization','org_s13_laund_f0ea94b41161a999dd9b860e','laundry','place_nigeria_001','Gwemo Cleans and Laundry Services','seeded','public',unixepoch(),unixepoch()),
  ('prof_s13_laund_77ef6c09726c219fc0d8d17f','tenant_platform_seed','workspace_platform_seed_discovery','organization','org_s13_laund_77ef6c09726c219fc0d8d17f','laundry','place_nigeria_001','Laverie akwa 1','seeded','public',unixepoch(),unixepoch()),
  ('prof_s13_laund_647a5454e212d615e7a3e4ce','tenant_platform_seed','workspace_platform_seed_discovery','organization','org_s13_laund_647a5454e212d615e7a3e4ce','laundry','place_nigeria_001','Laverie Akwa 2','seeded','public',unixepoch(),unixepoch()),
  ('prof_s13_laund_9143199a4bcc2a3ef5bc92e0','tenant_platform_seed','workspace_platform_seed_discovery','organization','org_s13_laund_9143199a4bcc2a3ef5bc92e0','laundry','place_nigeria_001','laverie auto','seeded','public',unixepoch(),unixepoch()),
  ('prof_s13_laund_c03def285781b6900c183d10','tenant_platform_seed','workspace_platform_seed_discovery','organization','org_s13_laund_c03def285781b6900c183d10','laundry','place_nigeria_001','préssing de dendi','seeded','public',unixepoch(),unixepoch()),
  ('prof_s13_laund_2e689498b59ffe245c7f028c','tenant_platform_seed','workspace_platform_seed_discovery','organization','org_s13_laund_2e689498b59ffe245c7f028c','laundry','place_nigeria_001','La maison de nettoyage','seeded','public',unixepoch(),unixepoch()),
  ('prof_s13_laund_93dea59af60113582a235e54','tenant_platform_seed','workspace_platform_seed_discovery','organization','org_s13_laund_93dea59af60113582a235e54','laundry','place_nigeria_001','Kubba lavers','seeded','public',unixepoch(),unixepoch()),
  ('prof_s13_laund_0b16f72d5d023c4645ccdff9','tenant_platform_seed','workspace_platform_seed_discovery','organization','org_s13_laund_0b16f72d5d023c4645ccdff9','laundry','place_state_fct','Wash Wise Laundry','seeded','public',unixepoch(),unixepoch()),
  ('prof_s13_laund_4b86aa860c9231ed57590c49','tenant_platform_seed','workspace_platform_seed_discovery','organization','org_s13_laund_4b86aa860c9231ed57590c49','laundry','place_nigeria_001','TOP Pressing','seeded','public',unixepoch(),unixepoch()),
  ('prof_s13_laund_8fb644dc54fff36c9cdbc009','tenant_platform_seed','workspace_platform_seed_discovery','organization','org_s13_laund_8fb644dc54fff36c9cdbc009','laundry','place_nigeria_001','Amsag Laundry','seeded','public',unixepoch(),unixepoch()),
  ('prof_s13_laund_9881aaf55a3be9f858366e8e','tenant_platform_seed','workspace_platform_seed_discovery','organization','org_s13_laund_9881aaf55a3be9f858366e8e','laundry','place_nigeria_001','De J''s laundry and Dry Cleaning Services','seeded','public',unixepoch(),unixepoch()),
  ('prof_s13_laund_d41445ddb318437558f4762b','tenant_platform_seed','workspace_platform_seed_discovery','organization','org_s13_laund_d41445ddb318437558f4762b','laundry','place_nigeria_001','Ba Matsala laundry Services','seeded','public',unixepoch(),unixepoch()),
  ('prof_s13_laund_2df1691077674aa055935996','tenant_platform_seed','workspace_platform_seed_discovery','organization','org_s13_laund_2df1691077674aa055935996','laundry','place_nigeria_001','LAV AUTO Prestige','seeded','public',unixepoch(),unixepoch());

INSERT OR IGNORE INTO laundry_profiles VALUES
  ('laundprof_s13_b195ed307d03594431956d38','workspace_platform_seed_discovery','tenant_platform_seed','Beck & Call Cleans',NULL,'both','seeded',unixepoch(),unixepoch()),
  ('laundprof_s13_064b033a62967b456ca6e886','workspace_platform_seed_discovery','tenant_platform_seed','zenox cleaners',NULL,'both','seeded',unixepoch(),unixepoch()),
  ('laundprof_s13_3ff32c335bf1946de62895ea','workspace_platform_seed_discovery','tenant_platform_seed','WashTech Laundry And Dry Cleaning Services',NULL,'both','seeded',unixepoch(),unixepoch()),
  ('laundprof_s13_7ed088c1d72340d85970600b','workspace_platform_seed_discovery','tenant_platform_seed','WashTech Laundry And Dry Cleaning Services',NULL,'both','seeded',unixepoch(),unixepoch()),
  ('laundprof_s13_24f547e3683699a084332ec6','workspace_platform_seed_discovery','tenant_platform_seed','Elite Luxury Suites',NULL,'both','seeded',unixepoch(),unixepoch()),
  ('laundprof_s13_2bfb4f2ad4cc10e6db4caa07','workspace_platform_seed_discovery','tenant_platform_seed','Westernb Laundry Limited',NULL,'both','seeded',unixepoch(),unixepoch()),
  ('laundprof_s13_2670fac341f3b008faee1c0e','workspace_platform_seed_discovery','tenant_platform_seed','Sea-Mountain Washateria',NULL,'both','seeded',unixepoch(),unixepoch()),
  ('laundprof_s13_69f56acb6f3a60d3c2eab609','workspace_platform_seed_discovery','tenant_platform_seed','Primewash',NULL,'both','seeded',unixepoch(),unixepoch()),
  ('laundprof_s13_e2607d2e9e28227f79f81f98','workspace_platform_seed_discovery','tenant_platform_seed','Marwin Professional Laundry and Dry-Cleaning Services',NULL,'both','seeded',unixepoch(),unixepoch()),
  ('laundprof_s13_1a11e62f461299e3b0597bdc','workspace_platform_seed_discovery','tenant_platform_seed','Prime Wash',NULL,'both','seeded',unixepoch(),unixepoch()),
  ('laundprof_s13_148f9133f5b317ce2835010c','workspace_platform_seed_discovery','tenant_platform_seed','ND Laundry and Dry Cleaning Services',NULL,'both','seeded',unixepoch(),unixepoch()),
  ('laundprof_s13_1c5c023c87f9310561b315bd','workspace_platform_seed_discovery','tenant_platform_seed','Kendux Laundry',NULL,'both','seeded',unixepoch(),unixepoch()),
  ('laundprof_s13_f293fefd189c03c1db3ba8fb','workspace_platform_seed_discovery','tenant_platform_seed','A.O Laundry Services & Business Centre',NULL,'both','seeded',unixepoch(),unixepoch()),
  ('laundprof_s13_6c345afb66d3cb7c0e63fdc1','workspace_platform_seed_discovery','tenant_platform_seed','FabriCare Laundry',NULL,'both','seeded',unixepoch(),unixepoch()),
  ('laundprof_s13_748e7aecea924cc72800dc8a','workspace_platform_seed_discovery','tenant_platform_seed','Dejon Laundry Services',NULL,'both','seeded',unixepoch(),unixepoch()),
  ('laundprof_s13_d86435670b6281fa60ff09d6','workspace_platform_seed_discovery','tenant_platform_seed','Hillary''s laundry and dry cleaning',NULL,'both','seeded',unixepoch(),unixepoch()),
  ('laundprof_s13_ef491cde84011cf2f4edf4ae','workspace_platform_seed_discovery','tenant_platform_seed','Feod international service',NULL,'both','seeded',unixepoch(),unixepoch()),
  ('laundprof_s13_7d231c60bcba8114ae93e2ce','workspace_platform_seed_discovery','tenant_platform_seed','Ebonydud',NULL,'both','seeded',unixepoch(),unixepoch()),
  ('laundprof_s13_c114d8ad9d12f9ebe659d884','workspace_platform_seed_discovery','tenant_platform_seed','OgoOluwa',NULL,'both','seeded',unixepoch(),unixepoch()),
  ('laundprof_s13_2f60f01cf968095e74ddce9a','workspace_platform_seed_discovery','tenant_platform_seed','Mega Standard',NULL,'both','seeded',unixepoch(),unixepoch()),
  ('laundprof_s13_f0ea94b41161a999dd9b860e','workspace_platform_seed_discovery','tenant_platform_seed','Gwemo Cleans and Laundry Services',NULL,'both','seeded',unixepoch(),unixepoch()),
  ('laundprof_s13_77ef6c09726c219fc0d8d17f','workspace_platform_seed_discovery','tenant_platform_seed','Laverie akwa 1',NULL,'both','seeded',unixepoch(),unixepoch()),
  ('laundprof_s13_647a5454e212d615e7a3e4ce','workspace_platform_seed_discovery','tenant_platform_seed','Laverie Akwa 2',NULL,'both','seeded',unixepoch(),unixepoch()),
  ('laundprof_s13_9143199a4bcc2a3ef5bc92e0','workspace_platform_seed_discovery','tenant_platform_seed','laverie auto',NULL,'both','seeded',unixepoch(),unixepoch()),
  ('laundprof_s13_c03def285781b6900c183d10','workspace_platform_seed_discovery','tenant_platform_seed','préssing de dendi',NULL,'both','seeded',unixepoch(),unixepoch()),
  ('laundprof_s13_2e689498b59ffe245c7f028c','workspace_platform_seed_discovery','tenant_platform_seed','La maison de nettoyage',NULL,'both','seeded',unixepoch(),unixepoch()),
  ('laundprof_s13_93dea59af60113582a235e54','workspace_platform_seed_discovery','tenant_platform_seed','Kubba lavers',NULL,'both','seeded',unixepoch(),unixepoch()),
  ('laundprof_s13_0b16f72d5d023c4645ccdff9','workspace_platform_seed_discovery','tenant_platform_seed','Wash Wise Laundry',NULL,'both','seeded',unixepoch(),unixepoch()),
  ('laundprof_s13_4b86aa860c9231ed57590c49','workspace_platform_seed_discovery','tenant_platform_seed','TOP Pressing',NULL,'both','seeded',unixepoch(),unixepoch()),
  ('laundprof_s13_8fb644dc54fff36c9cdbc009','workspace_platform_seed_discovery','tenant_platform_seed','Amsag Laundry',NULL,'both','seeded',unixepoch(),unixepoch()),
  ('laundprof_s13_9881aaf55a3be9f858366e8e','workspace_platform_seed_discovery','tenant_platform_seed','De J''s laundry and Dry Cleaning Services',NULL,'both','seeded',unixepoch(),unixepoch()),
  ('laundprof_s13_d41445ddb318437558f4762b','workspace_platform_seed_discovery','tenant_platform_seed','Ba Matsala laundry Services',NULL,'both','seeded',unixepoch(),unixepoch()),
  ('laundprof_s13_2df1691077674aa055935996','workspace_platform_seed_discovery','tenant_platform_seed','LAV AUTO Prestige',NULL,'both','seeded',unixepoch(),unixepoch());

INSERT OR IGNORE INTO search_entries (id,entity_type,entity_id,profile_id,tenant_id,display_name,keywords,primary_place_id,ancestry_path,created_at,updated_at) VALUES
  ('srch_s13_laund_b195ed307d03594431956d38','organization','org_s13_laund_b195ed307d03594431956d38','prof_s13_laund_b195ed307d03594431956d38','tenant_platform_seed','Beck & Call Cleans','Beck & Call Cleans laundry laundry dry clean wash clothes unknown','place_nigeria_001','["place_nigeria_001"]',unixepoch(),unixepoch()),
  ('srch_s13_laund_064b033a62967b456ca6e886','organization','org_s13_laund_064b033a62967b456ca6e886','prof_s13_laund_064b033a62967b456ca6e886','tenant_platform_seed','zenox cleaners','zenox cleaners laundry laundry dry clean wash clothes unknown','place_nigeria_001','["place_nigeria_001"]',unixepoch(),unixepoch()),
  ('srch_s13_laund_3ff32c335bf1946de62895ea','organization','org_s13_laund_3ff32c335bf1946de62895ea','prof_s13_laund_3ff32c335bf1946de62895ea','tenant_platform_seed','WashTech Laundry And Dry Cleaning Services','WashTech Laundry And Dry Cleaning Services laundry laundry dry clean wash clothes unknown','place_nigeria_001','["place_nigeria_001"]',unixepoch(),unixepoch()),
  ('srch_s13_laund_7ed088c1d72340d85970600b','organization','org_s13_laund_7ed088c1d72340d85970600b','prof_s13_laund_7ed088c1d72340d85970600b','tenant_platform_seed','WashTech Laundry And Dry Cleaning Services','WashTech Laundry And Dry Cleaning Services laundry laundry dry clean wash clothes unknown','place_nigeria_001','["place_nigeria_001"]',unixepoch(),unixepoch()),
  ('srch_s13_laund_24f547e3683699a084332ec6','organization','org_s13_laund_24f547e3683699a084332ec6','prof_s13_laund_24f547e3683699a084332ec6','tenant_platform_seed','Elite Luxury Suites','Elite Luxury Suites laundry laundry dry clean wash clothes unknown','place_nigeria_001','["place_nigeria_001"]',unixepoch(),unixepoch()),
  ('srch_s13_laund_2bfb4f2ad4cc10e6db4caa07','organization','org_s13_laund_2bfb4f2ad4cc10e6db4caa07','prof_s13_laund_2bfb4f2ad4cc10e6db4caa07','tenant_platform_seed','Westernb Laundry Limited','Westernb Laundry Limited laundry laundry dry clean wash clothes unknown','place_nigeria_001','["place_nigeria_001"]',unixepoch(),unixepoch()),
  ('srch_s13_laund_2670fac341f3b008faee1c0e','organization','org_s13_laund_2670fac341f3b008faee1c0e','prof_s13_laund_2670fac341f3b008faee1c0e','tenant_platform_seed','Sea-Mountain Washateria','Sea-Mountain Washateria laundry laundry dry clean wash clothes unknown','place_nigeria_001','["place_nigeria_001"]',unixepoch(),unixepoch()),
  ('srch_s13_laund_69f56acb6f3a60d3c2eab609','organization','org_s13_laund_69f56acb6f3a60d3c2eab609','prof_s13_laund_69f56acb6f3a60d3c2eab609','tenant_platform_seed','Primewash','Primewash laundry laundry dry clean wash clothes unknown','place_nigeria_001','["place_nigeria_001"]',unixepoch(),unixepoch()),
  ('srch_s13_laund_e2607d2e9e28227f79f81f98','organization','org_s13_laund_e2607d2e9e28227f79f81f98','prof_s13_laund_e2607d2e9e28227f79f81f98','tenant_platform_seed','Marwin Professional Laundry and Dry-Cleaning Services','Marwin Professional Laundry and Dry-Cleaning Services laundry laundry dry clean wash clothes unknown','place_nigeria_001','["place_nigeria_001"]',unixepoch(),unixepoch()),
  ('srch_s13_laund_1a11e62f461299e3b0597bdc','organization','org_s13_laund_1a11e62f461299e3b0597bdc','prof_s13_laund_1a11e62f461299e3b0597bdc','tenant_platform_seed','Prime Wash','Prime Wash laundry laundry dry clean wash clothes unknown','place_nigeria_001','["place_nigeria_001"]',unixepoch(),unixepoch()),
  ('srch_s13_laund_148f9133f5b317ce2835010c','organization','org_s13_laund_148f9133f5b317ce2835010c','prof_s13_laund_148f9133f5b317ce2835010c','tenant_platform_seed','ND Laundry and Dry Cleaning Services','ND Laundry and Dry Cleaning Services laundry laundry dry clean wash clothes unknown','place_nigeria_001','["place_nigeria_001"]',unixepoch(),unixepoch()),
  ('srch_s13_laund_1c5c023c87f9310561b315bd','organization','org_s13_laund_1c5c023c87f9310561b315bd','prof_s13_laund_1c5c023c87f9310561b315bd','tenant_platform_seed','Kendux Laundry','Kendux Laundry laundry laundry dry clean wash clothes unknown','place_nigeria_001','["place_nigeria_001"]',unixepoch(),unixepoch()),
  ('srch_s13_laund_f293fefd189c03c1db3ba8fb','organization','org_s13_laund_f293fefd189c03c1db3ba8fb','prof_s13_laund_f293fefd189c03c1db3ba8fb','tenant_platform_seed','A.O Laundry Services & Business Centre','A.O Laundry Services & Business Centre laundry laundry dry clean wash clothes unknown','place_nigeria_001','["place_nigeria_001"]',unixepoch(),unixepoch()),
  ('srch_s13_laund_6c345afb66d3cb7c0e63fdc1','organization','org_s13_laund_6c345afb66d3cb7c0e63fdc1','prof_s13_laund_6c345afb66d3cb7c0e63fdc1','tenant_platform_seed','FabriCare Laundry','FabriCare Laundry laundry laundry dry clean wash clothes unknown','place_nigeria_001','["place_nigeria_001"]',unixepoch(),unixepoch()),
  ('srch_s13_laund_748e7aecea924cc72800dc8a','organization','org_s13_laund_748e7aecea924cc72800dc8a','prof_s13_laund_748e7aecea924cc72800dc8a','tenant_platform_seed','Dejon Laundry Services','Dejon Laundry Services laundry laundry dry clean wash clothes unknown','place_nigeria_001','["place_nigeria_001"]',unixepoch(),unixepoch()),
  ('srch_s13_laund_d86435670b6281fa60ff09d6','organization','org_s13_laund_d86435670b6281fa60ff09d6','prof_s13_laund_d86435670b6281fa60ff09d6','tenant_platform_seed','Hillary''s laundry and dry cleaning','Hillary''s laundry and dry cleaning laundry laundry dry clean wash clothes unknown','place_nigeria_001','["place_nigeria_001"]',unixepoch(),unixepoch()),
  ('srch_s13_laund_ef491cde84011cf2f4edf4ae','organization','org_s13_laund_ef491cde84011cf2f4edf4ae','prof_s13_laund_ef491cde84011cf2f4edf4ae','tenant_platform_seed','Feod international service','Feod international service laundry laundry dry clean wash clothes unknown','place_nigeria_001','["place_nigeria_001"]',unixepoch(),unixepoch()),
  ('srch_s13_laund_7d231c60bcba8114ae93e2ce','organization','org_s13_laund_7d231c60bcba8114ae93e2ce','prof_s13_laund_7d231c60bcba8114ae93e2ce','tenant_platform_seed','Ebonydud','Ebonydud laundry laundry dry clean wash clothes unknown','place_nigeria_001','["place_nigeria_001"]',unixepoch(),unixepoch()),
  ('srch_s13_laund_c114d8ad9d12f9ebe659d884','organization','org_s13_laund_c114d8ad9d12f9ebe659d884','prof_s13_laund_c114d8ad9d12f9ebe659d884','tenant_platform_seed','OgoOluwa','OgoOluwa laundry laundry dry clean wash clothes kwara','place_state_kwara','["place_nigeria_001", "place_state_kwara"]',unixepoch(),unixepoch()),
  ('srch_s13_laund_2f60f01cf968095e74ddce9a','organization','org_s13_laund_2f60f01cf968095e74ddce9a','prof_s13_laund_2f60f01cf968095e74ddce9a','tenant_platform_seed','Mega Standard','Mega Standard laundry laundry dry clean wash clothes kwara','place_state_kwara','["place_nigeria_001", "place_state_kwara"]',unixepoch(),unixepoch()),
  ('srch_s13_laund_f0ea94b41161a999dd9b860e','organization','org_s13_laund_f0ea94b41161a999dd9b860e','prof_s13_laund_f0ea94b41161a999dd9b860e','tenant_platform_seed','Gwemo Cleans and Laundry Services','Gwemo Cleans and Laundry Services laundry laundry dry clean wash clothes unknown','place_nigeria_001','["place_nigeria_001"]',unixepoch(),unixepoch()),
  ('srch_s13_laund_77ef6c09726c219fc0d8d17f','organization','org_s13_laund_77ef6c09726c219fc0d8d17f','prof_s13_laund_77ef6c09726c219fc0d8d17f','tenant_platform_seed','Laverie akwa 1','Laverie akwa 1 laundry laundry dry clean wash clothes unknown','place_nigeria_001','["place_nigeria_001"]',unixepoch(),unixepoch()),
  ('srch_s13_laund_647a5454e212d615e7a3e4ce','organization','org_s13_laund_647a5454e212d615e7a3e4ce','prof_s13_laund_647a5454e212d615e7a3e4ce','tenant_platform_seed','Laverie Akwa 2','Laverie Akwa 2 laundry laundry dry clean wash clothes unknown','place_nigeria_001','["place_nigeria_001"]',unixepoch(),unixepoch()),
  ('srch_s13_laund_9143199a4bcc2a3ef5bc92e0','organization','org_s13_laund_9143199a4bcc2a3ef5bc92e0','prof_s13_laund_9143199a4bcc2a3ef5bc92e0','tenant_platform_seed','laverie auto','laverie auto laundry laundry dry clean wash clothes unknown','place_nigeria_001','["place_nigeria_001"]',unixepoch(),unixepoch()),
  ('srch_s13_laund_c03def285781b6900c183d10','organization','org_s13_laund_c03def285781b6900c183d10','prof_s13_laund_c03def285781b6900c183d10','tenant_platform_seed','préssing de dendi','préssing de dendi laundry laundry dry clean wash clothes unknown','place_nigeria_001','["place_nigeria_001"]',unixepoch(),unixepoch()),
  ('srch_s13_laund_2e689498b59ffe245c7f028c','organization','org_s13_laund_2e689498b59ffe245c7f028c','prof_s13_laund_2e689498b59ffe245c7f028c','tenant_platform_seed','La maison de nettoyage','La maison de nettoyage laundry laundry dry clean wash clothes unknown','place_nigeria_001','["place_nigeria_001"]',unixepoch(),unixepoch()),
  ('srch_s13_laund_93dea59af60113582a235e54','organization','org_s13_laund_93dea59af60113582a235e54','prof_s13_laund_93dea59af60113582a235e54','tenant_platform_seed','Kubba lavers','Kubba lavers laundry laundry dry clean wash clothes unknown','place_nigeria_001','["place_nigeria_001"]',unixepoch(),unixepoch()),
  ('srch_s13_laund_0b16f72d5d023c4645ccdff9','organization','org_s13_laund_0b16f72d5d023c4645ccdff9','prof_s13_laund_0b16f72d5d023c4645ccdff9','tenant_platform_seed','Wash Wise Laundry','Wash Wise Laundry laundry laundry dry clean wash clothes fct','place_state_fct','["place_nigeria_001", "place_state_fct"]',unixepoch(),unixepoch()),
  ('srch_s13_laund_4b86aa860c9231ed57590c49','organization','org_s13_laund_4b86aa860c9231ed57590c49','prof_s13_laund_4b86aa860c9231ed57590c49','tenant_platform_seed','TOP Pressing','TOP Pressing laundry laundry dry clean wash clothes unknown','place_nigeria_001','["place_nigeria_001"]',unixepoch(),unixepoch()),
  ('srch_s13_laund_8fb644dc54fff36c9cdbc009','organization','org_s13_laund_8fb644dc54fff36c9cdbc009','prof_s13_laund_8fb644dc54fff36c9cdbc009','tenant_platform_seed','Amsag Laundry','Amsag Laundry laundry laundry dry clean wash clothes unknown','place_nigeria_001','["place_nigeria_001"]',unixepoch(),unixepoch()),
  ('srch_s13_laund_9881aaf55a3be9f858366e8e','organization','org_s13_laund_9881aaf55a3be9f858366e8e','prof_s13_laund_9881aaf55a3be9f858366e8e','tenant_platform_seed','De J''s laundry and Dry Cleaning Services','De J''s laundry and Dry Cleaning Services laundry laundry dry clean wash clothes unknown','place_nigeria_001','["place_nigeria_001"]',unixepoch(),unixepoch()),
  ('srch_s13_laund_d41445ddb318437558f4762b','organization','org_s13_laund_d41445ddb318437558f4762b','prof_s13_laund_d41445ddb318437558f4762b','tenant_platform_seed','Ba Matsala laundry Services','Ba Matsala laundry Services laundry laundry dry clean wash clothes unknown','place_nigeria_001','["place_nigeria_001"]',unixepoch(),unixepoch()),
  ('srch_s13_laund_2df1691077674aa055935996','organization','org_s13_laund_2df1691077674aa055935996','prof_s13_laund_2df1691077674aa055935996','tenant_platform_seed','LAV AUTO Prestige','LAV AUTO Prestige laundry laundry dry clean wash clothes unknown','place_nigeria_001','["place_nigeria_001"]',unixepoch(),unixepoch());

INSERT OR IGNORE INTO seed_ingestion_records (id,seed_run_id,source_id,artifact_id,row_number,source_record_id,source_record_hash,target_entity_type,target_entity_id,target_profile_id,vertical_slug,primary_place_id,raw_json,normalized_json,record_status,error_json) VALUES
  ('seed_ingest_s13_laund_b195ed307d03594431956d38','seed_run_s13_laundry_20260422','seed_source_osm_ng_laundry_20260422','seed_artifact_s13_laundry_20260422',1,'osm_node_2154487255','c3638da1bb59afe6f16e50a0','organization','org_s13_laund_b195ed307d03594431956d38','prof_s13_laund_b195ed307d03594431956d38','laundry','place_nigeria_001',NULL,'{"name": "Beck & Call Cleans", "place_id": "place_nigeria_001", "lat": 6.3143472, "lon": 5.6114431}','accepted',NULL),
  ('seed_ingest_s13_laund_064b033a62967b456ca6e886','seed_run_s13_laundry_20260422','seed_source_osm_ng_laundry_20260422','seed_artifact_s13_laundry_20260422',2,'osm_node_2155805949','25a287ac4a230fe054e60807','organization','org_s13_laund_064b033a62967b456ca6e886','prof_s13_laund_064b033a62967b456ca6e886','laundry','place_nigeria_001',NULL,'{"name": "zenox cleaners", "place_id": "place_nigeria_001", "lat": 6.3140671, "lon": 5.6100961}','accepted',NULL),
  ('seed_ingest_s13_laund_3ff32c335bf1946de62895ea','seed_run_s13_laundry_20260422','seed_source_osm_ng_laundry_20260422','seed_artifact_s13_laundry_20260422',3,'osm_node_2160851573','5dcb7d687091d7ad52a9d913','organization','org_s13_laund_3ff32c335bf1946de62895ea','prof_s13_laund_3ff32c335bf1946de62895ea','laundry','place_nigeria_001',NULL,'{"name": "WashTech Laundry And Dry Cleaning Services", "place_id": "place_nigeria_001", "lat": 6.2989278, "lon": 5.5978666}','accepted',NULL),
  ('seed_ingest_s13_laund_7ed088c1d72340d85970600b','seed_run_s13_laundry_20260422','seed_source_osm_ng_laundry_20260422','seed_artifact_s13_laundry_20260422',4,'osm_node_2161118827','d707e98393a65f8095e69dc4','organization','org_s13_laund_7ed088c1d72340d85970600b','prof_s13_laund_7ed088c1d72340d85970600b','laundry','place_nigeria_001',NULL,'{"name": "WashTech Laundry And Dry Cleaning Services", "place_id": "place_nigeria_001", "lat": 6.2988504, "lon": 5.5976775}','accepted',NULL),
  ('seed_ingest_s13_laund_24f547e3683699a084332ec6','seed_run_s13_laundry_20260422','seed_source_osm_ng_laundry_20260422','seed_artifact_s13_laundry_20260422',5,'osm_node_2344316138','659bf10cf3f587706144a413','organization','org_s13_laund_24f547e3683699a084332ec6','prof_s13_laund_24f547e3683699a084332ec6','laundry','place_nigeria_001',NULL,'{"name": "Elite Luxury Suites", "place_id": "place_nigeria_001", "lat": 6.3323339, "lon": 5.6067831}','accepted',NULL),
  ('seed_ingest_s13_laund_2bfb4f2ad4cc10e6db4caa07','seed_run_s13_laundry_20260422','seed_source_osm_ng_laundry_20260422','seed_artifact_s13_laundry_20260422',6,'osm_node_2639220727','b015cab83fe889e86fd129c9','organization','org_s13_laund_2bfb4f2ad4cc10e6db4caa07','prof_s13_laund_2bfb4f2ad4cc10e6db4caa07','laundry','place_nigeria_001',NULL,'{"name": "Westernb Laundry Limited", "place_id": "place_nigeria_001", "lat": 7.3923987, "lon": 3.8825796}','accepted',NULL),
  ('seed_ingest_s13_laund_2670fac341f3b008faee1c0e','seed_run_s13_laundry_20260422','seed_source_osm_ng_laundry_20260422','seed_artifact_s13_laundry_20260422',7,'osm_node_4748828623','aa090db4f4addc9e657804e2','organization','org_s13_laund_2670fac341f3b008faee1c0e','prof_s13_laund_2670fac341f3b008faee1c0e','laundry','place_nigeria_001',NULL,'{"name": "Sea-Mountain Washateria", "place_id": "place_nigeria_001", "lat": 6.6713136, "lon": 3.322109}','accepted',NULL),
  ('seed_ingest_s13_laund_69f56acb6f3a60d3c2eab609','seed_run_s13_laundry_20260422','seed_source_osm_ng_laundry_20260422','seed_artifact_s13_laundry_20260422',8,'osm_node_5599585527','e21ad2d160659021d3f74611','organization','org_s13_laund_69f56acb6f3a60d3c2eab609','prof_s13_laund_69f56acb6f3a60d3c2eab609','laundry','place_nigeria_001',NULL,'{"name": "Primewash", "place_id": "place_nigeria_001", "lat": 4.8426875, "lon": 7.0403373}','accepted',NULL),
  ('seed_ingest_s13_laund_e2607d2e9e28227f79f81f98','seed_run_s13_laundry_20260422','seed_source_osm_ng_laundry_20260422','seed_artifact_s13_laundry_20260422',9,'osm_node_7030245517','c46c46448d0ed4380a892f26','organization','org_s13_laund_e2607d2e9e28227f79f81f98','prof_s13_laund_e2607d2e9e28227f79f81f98','laundry','place_nigeria_001',NULL,'{"name": "Marwin Professional Laundry and Dry-Cleaning Services", "place_id": "place_nigeria_001", "lat": 5.0366705, "lon": 7.9295482}','accepted',NULL),
  ('seed_ingest_s13_laund_1a11e62f461299e3b0597bdc','seed_run_s13_laundry_20260422','seed_source_osm_ng_laundry_20260422','seed_artifact_s13_laundry_20260422',10,'osm_node_7956172601','1b20517cf9c0fdd958e16655','organization','org_s13_laund_1a11e62f461299e3b0597bdc','prof_s13_laund_1a11e62f461299e3b0597bdc','laundry','place_nigeria_001',NULL,'{"name": "Prime Wash", "place_id": "place_nigeria_001", "lat": 4.9338677, "lon": 6.2840732}','accepted',NULL),
  ('seed_ingest_s13_laund_148f9133f5b317ce2835010c','seed_run_s13_laundry_20260422','seed_source_osm_ng_laundry_20260422','seed_artifact_s13_laundry_20260422',11,'osm_node_8753567670','4a6e27a17178946c0a89390f','organization','org_s13_laund_148f9133f5b317ce2835010c','prof_s13_laund_148f9133f5b317ce2835010c','laundry','place_nigeria_001',NULL,'{"name": "ND Laundry and Dry Cleaning Services", "place_id": "place_nigeria_001", "lat": 6.4567328, "lon": 7.5182214}','accepted',NULL),
  ('seed_ingest_s13_laund_1c5c023c87f9310561b315bd','seed_run_s13_laundry_20260422','seed_source_osm_ng_laundry_20260422','seed_artifact_s13_laundry_20260422',12,'osm_node_9651566346','55f7192d68f1e32b6faf3f49','organization','org_s13_laund_1c5c023c87f9310561b315bd','prof_s13_laund_1c5c023c87f9310561b315bd','laundry','place_nigeria_001',NULL,'{"name": "Kendux Laundry", "place_id": "place_nigeria_001", "lat": 6.4362132, "lon": 3.4897891}','accepted',NULL),
  ('seed_ingest_s13_laund_f293fefd189c03c1db3ba8fb','seed_run_s13_laundry_20260422','seed_source_osm_ng_laundry_20260422','seed_artifact_s13_laundry_20260422',13,'osm_node_11524798996','4836de578c55be4439159732','organization','org_s13_laund_f293fefd189c03c1db3ba8fb','prof_s13_laund_f293fefd189c03c1db3ba8fb','laundry','place_nigeria_001',NULL,'{"name": "A.O Laundry Services & Business Centre", "place_id": "place_nigeria_001", "lat": 8.9700771, "lon": 7.4373223}','accepted',NULL),
  ('seed_ingest_s13_laund_6c345afb66d3cb7c0e63fdc1','seed_run_s13_laundry_20260422','seed_source_osm_ng_laundry_20260422','seed_artifact_s13_laundry_20260422',14,'osm_node_11938935175','6f30ec136628e89ad212fa16','organization','org_s13_laund_6c345afb66d3cb7c0e63fdc1','prof_s13_laund_6c345afb66d3cb7c0e63fdc1','laundry','place_nigeria_001',NULL,'{"name": "FabriCare Laundry", "place_id": "place_nigeria_001", "lat": 7.2868685, "lon": 5.1518467}','accepted',NULL),
  ('seed_ingest_s13_laund_748e7aecea924cc72800dc8a','seed_run_s13_laundry_20260422','seed_source_osm_ng_laundry_20260422','seed_artifact_s13_laundry_20260422',15,'osm_node_11938991102','82d2cd3a46bc90e49ec89919','organization','org_s13_laund_748e7aecea924cc72800dc8a','prof_s13_laund_748e7aecea924cc72800dc8a','laundry','place_nigeria_001',NULL,'{"name": "Dejon Laundry Services", "place_id": "place_nigeria_001", "lat": 7.2899935, "lon": 5.1527366}','accepted',NULL),
  ('seed_ingest_s13_laund_d86435670b6281fa60ff09d6','seed_run_s13_laundry_20260422','seed_source_osm_ng_laundry_20260422','seed_artifact_s13_laundry_20260422',16,'osm_node_12281594040','ce914f2f9f0d8ee9173000c8','organization','org_s13_laund_d86435670b6281fa60ff09d6','prof_s13_laund_d86435670b6281fa60ff09d6','laundry','place_nigeria_001',NULL,'{"name": "Hillary''s laundry and dry cleaning", "place_id": "place_nigeria_001", "lat": 6.607749, "lon": 3.426534}','accepted',NULL),
  ('seed_ingest_s13_laund_ef491cde84011cf2f4edf4ae','seed_run_s13_laundry_20260422','seed_source_osm_ng_laundry_20260422','seed_artifact_s13_laundry_20260422',17,'osm_node_12281594041','42e72166cc3bb47d2c840430','organization','org_s13_laund_ef491cde84011cf2f4edf4ae','prof_s13_laund_ef491cde84011cf2f4edf4ae','laundry','place_nigeria_001',NULL,'{"name": "Feod international service", "place_id": "place_nigeria_001", "lat": 6.597843, "lon": 3.422928}','accepted',NULL),
  ('seed_ingest_s13_laund_7d231c60bcba8114ae93e2ce','seed_run_s13_laundry_20260422','seed_source_osm_ng_laundry_20260422','seed_artifact_s13_laundry_20260422',18,'osm_node_13395342825','0f2f0aa0471be31b2e6da013','organization','org_s13_laund_7d231c60bcba8114ae93e2ce','prof_s13_laund_7d231c60bcba8114ae93e2ce','laundry','place_nigeria_001',NULL,'{"name": "Ebonydud", "place_id": "place_nigeria_001", "lat": 7.6147399, "lon": 5.2521897}','accepted',NULL),
  ('seed_ingest_s13_laund_c114d8ad9d12f9ebe659d884','seed_run_s13_laundry_20260422','seed_source_osm_ng_laundry_20260422','seed_artifact_s13_laundry_20260422',19,'osm_node_13418604292','3845a9ce354b929c7c215545','organization','org_s13_laund_c114d8ad9d12f9ebe659d884','prof_s13_laund_c114d8ad9d12f9ebe659d884','laundry','place_state_kwara',NULL,'{"name": "OgoOluwa", "place_id": "place_state_kwara", "lat": 8.4656033, "lon": 4.5928957}','accepted',NULL),
  ('seed_ingest_s13_laund_2f60f01cf968095e74ddce9a','seed_run_s13_laundry_20260422','seed_source_osm_ng_laundry_20260422','seed_artifact_s13_laundry_20260422',20,'osm_node_13418653973','d2c0fdc824b57a94417c8b02','organization','org_s13_laund_2f60f01cf968095e74ddce9a','prof_s13_laund_2f60f01cf968095e74ddce9a','laundry','place_state_kwara',NULL,'{"name": "Mega Standard", "place_id": "place_state_kwara", "lat": 8.483364, "lon": 4.6668732}','accepted',NULL),
  ('seed_ingest_s13_laund_f0ea94b41161a999dd9b860e','seed_run_s13_laundry_20260422','seed_source_osm_ng_laundry_20260422','seed_artifact_s13_laundry_20260422',21,'osm_way_85516097','aa8f63d8c36f32f0f82a3803','organization','org_s13_laund_f0ea94b41161a999dd9b860e','prof_s13_laund_f0ea94b41161a999dd9b860e','laundry','place_nigeria_001',NULL,'{"name": "Gwemo Cleans and Laundry Services", "place_id": "place_nigeria_001", "lat": 6.3171738, "lon": 5.6137211}','accepted',NULL),
  ('seed_ingest_s13_laund_77ef6c09726c219fc0d8d17f','seed_run_s13_laundry_20260422','seed_source_osm_ng_laundry_20260422','seed_artifact_s13_laundry_20260422',22,'osm_way_425502893','1d5bb7460fb889539d8c6242','organization','org_s13_laund_77ef6c09726c219fc0d8d17f','prof_s13_laund_77ef6c09726c219fc0d8d17f','laundry','place_nigeria_001',NULL,'{"name": "Laverie akwa 1", "place_id": "place_nigeria_001", "lat": 5.477067, "lon": 10.4185448}','accepted',NULL),
  ('seed_ingest_s13_laund_647a5454e212d615e7a3e4ce','seed_run_s13_laundry_20260422','seed_source_osm_ng_laundry_20260422','seed_artifact_s13_laundry_20260422',23,'osm_way_425502895','b5cec00b2bea80004c596117','organization','org_s13_laund_647a5454e212d615e7a3e4ce','prof_s13_laund_647a5454e212d615e7a3e4ce','laundry','place_nigeria_001',NULL,'{"name": "Laverie Akwa 2", "place_id": "place_nigeria_001", "lat": 5.4763583, "lon": 10.419265}','accepted',NULL),
  ('seed_ingest_s13_laund_9143199a4bcc2a3ef5bc92e0','seed_run_s13_laundry_20260422','seed_source_osm_ng_laundry_20260422','seed_artifact_s13_laundry_20260422',24,'osm_way_582204038','32489767971736cb49988bdb','organization','org_s13_laund_9143199a4bcc2a3ef5bc92e0','prof_s13_laund_9143199a4bcc2a3ef5bc92e0','laundry','place_nigeria_001',NULL,'{"name": "laverie auto", "place_id": "place_nigeria_001", "lat": 7.3194882, "lon": 13.5845518}','accepted',NULL),
  ('seed_ingest_s13_laund_c03def285781b6900c183d10','seed_run_s13_laundry_20260422','seed_source_osm_ng_laundry_20260422','seed_artifact_s13_laundry_20260422',25,'osm_node_2428047909','0b62c86efb18a22ca0984988','organization','org_s13_laund_c03def285781b6900c183d10','prof_s13_laund_c03def285781b6900c183d10','laundry','place_nigeria_001',NULL,'{"name": "préssing de dendi", "place_id": "place_nigeria_001", "lat": 11.8943481, "lon": 3.4613697}','accepted',NULL),
  ('seed_ingest_s13_laund_2e689498b59ffe245c7f028c','seed_run_s13_laundry_20260422','seed_source_osm_ng_laundry_20260422','seed_artifact_s13_laundry_20260422',26,'osm_node_4317487492','6125e6df556090280752ecc4','organization','org_s13_laund_2e689498b59ffe245c7f028c','prof_s13_laund_2e689498b59ffe245c7f028c','laundry','place_nigeria_001',NULL,'{"name": "La maison de nettoyage", "place_id": "place_nigeria_001", "lat": 13.4801603, "lon": 7.1172433}','accepted',NULL),
  ('seed_ingest_s13_laund_93dea59af60113582a235e54','seed_run_s13_laundry_20260422','seed_source_osm_ng_laundry_20260422','seed_artifact_s13_laundry_20260422',27,'osm_node_13738730255','5e96d8451aadde3598e87d8c','organization','org_s13_laund_93dea59af60113582a235e54','prof_s13_laund_93dea59af60113582a235e54','laundry','place_nigeria_001',NULL,'{"name": "Kubba lavers", "place_id": "place_nigeria_001", "lat": 9.1413182, "lon": 7.3066196}','accepted',NULL),
  ('seed_ingest_s13_laund_0b16f72d5d023c4645ccdff9','seed_run_s13_laundry_20260422','seed_source_osm_ng_laundry_20260422','seed_artifact_s13_laundry_20260422',28,'osm_way_1411618299','dd23dd2155e57119195ef5bc','organization','org_s13_laund_0b16f72d5d023c4645ccdff9','prof_s13_laund_0b16f72d5d023c4645ccdff9','laundry','place_state_fct',NULL,'{"name": "Wash Wise Laundry", "place_id": "place_state_fct", "lat": 9.1102246, "lon": 7.4291141}','accepted',NULL),
  ('seed_ingest_s13_laund_4b86aa860c9231ed57590c49','seed_run_s13_laundry_20260422','seed_source_osm_ng_laundry_20260422','seed_artifact_s13_laundry_20260422',29,'osm_node_4729001589','91e2179d0d16f6a98e6e217b','organization','org_s13_laund_4b86aa860c9231ed57590c49','prof_s13_laund_4b86aa860c9231ed57590c49','laundry','place_nigeria_001',NULL,'{"name": "TOP Pressing", "place_id": "place_nigeria_001", "lat": 10.594745, "lon": 14.3152231}','accepted',NULL),
  ('seed_ingest_s13_laund_8fb644dc54fff36c9cdbc009','seed_run_s13_laundry_20260422','seed_source_osm_ng_laundry_20260422','seed_artifact_s13_laundry_20260422',30,'osm_node_11067423095','d9abafe236cd8962a559e339','organization','org_s13_laund_8fb644dc54fff36c9cdbc009','prof_s13_laund_8fb644dc54fff36c9cdbc009','laundry','place_nigeria_001',NULL,'{"name": "Amsag Laundry", "place_id": "place_nigeria_001", "lat": 10.2717878, "lon": 9.795714}','accepted',NULL),
  ('seed_ingest_s13_laund_9881aaf55a3be9f858366e8e','seed_run_s13_laundry_20260422','seed_source_osm_ng_laundry_20260422','seed_artifact_s13_laundry_20260422',31,'osm_node_11165058212','cce3f4d1419549cb56cf4438','organization','org_s13_laund_9881aaf55a3be9f858366e8e','prof_s13_laund_9881aaf55a3be9f858366e8e','laundry','place_nigeria_001',NULL,'{"name": "De J''s laundry and Dry Cleaning Services", "place_id": "place_nigeria_001", "lat": 10.296746, "lon": 11.1465409}','accepted',NULL),
  ('seed_ingest_s13_laund_d41445ddb318437558f4762b','seed_run_s13_laundry_20260422','seed_source_osm_ng_laundry_20260422','seed_artifact_s13_laundry_20260422',32,'osm_node_11165058505','7f2a22c4a4363b90c7d343f7','organization','org_s13_laund_d41445ddb318437558f4762b','prof_s13_laund_d41445ddb318437558f4762b','laundry','place_nigeria_001',NULL,'{"name": "Ba Matsala laundry Services", "place_id": "place_nigeria_001", "lat": 10.3042265, "lon": 11.1476435}','accepted',NULL),
  ('seed_ingest_s13_laund_2df1691077674aa055935996','seed_run_s13_laundry_20260422','seed_source_osm_ng_laundry_20260422','seed_artifact_s13_laundry_20260422',33,'osm_way_417508581','a3c0dfb7c21d05219f293ec6','organization','org_s13_laund_2df1691077674aa055935996','prof_s13_laund_2df1691077674aa055935996','laundry','place_nigeria_001',NULL,'{"name": "LAV AUTO Prestige", "place_id": "place_nigeria_001", "lat": 10.5946567, "lon": 14.337402}','accepted',NULL);

INSERT OR IGNORE INTO seed_identity_map (id,source_id,source_record_id,entity_type,entity_id,mapping_state,created_at) VALUES
  ('seedidmap_s13_laund_b195ed307d03594431956d38','seed_source_osm_ng_laundry_20260422','osm_node_2154487255','organization','org_s13_laund_b195ed307d03594431956d38','stable',unixepoch()),
  ('seedidmap_s13_laund_064b033a62967b456ca6e886','seed_source_osm_ng_laundry_20260422','osm_node_2155805949','organization','org_s13_laund_064b033a62967b456ca6e886','stable',unixepoch()),
  ('seedidmap_s13_laund_3ff32c335bf1946de62895ea','seed_source_osm_ng_laundry_20260422','osm_node_2160851573','organization','org_s13_laund_3ff32c335bf1946de62895ea','stable',unixepoch()),
  ('seedidmap_s13_laund_7ed088c1d72340d85970600b','seed_source_osm_ng_laundry_20260422','osm_node_2161118827','organization','org_s13_laund_7ed088c1d72340d85970600b','stable',unixepoch()),
  ('seedidmap_s13_laund_24f547e3683699a084332ec6','seed_source_osm_ng_laundry_20260422','osm_node_2344316138','organization','org_s13_laund_24f547e3683699a084332ec6','stable',unixepoch()),
  ('seedidmap_s13_laund_2bfb4f2ad4cc10e6db4caa07','seed_source_osm_ng_laundry_20260422','osm_node_2639220727','organization','org_s13_laund_2bfb4f2ad4cc10e6db4caa07','stable',unixepoch()),
  ('seedidmap_s13_laund_2670fac341f3b008faee1c0e','seed_source_osm_ng_laundry_20260422','osm_node_4748828623','organization','org_s13_laund_2670fac341f3b008faee1c0e','stable',unixepoch()),
  ('seedidmap_s13_laund_69f56acb6f3a60d3c2eab609','seed_source_osm_ng_laundry_20260422','osm_node_5599585527','organization','org_s13_laund_69f56acb6f3a60d3c2eab609','stable',unixepoch()),
  ('seedidmap_s13_laund_e2607d2e9e28227f79f81f98','seed_source_osm_ng_laundry_20260422','osm_node_7030245517','organization','org_s13_laund_e2607d2e9e28227f79f81f98','stable',unixepoch()),
  ('seedidmap_s13_laund_1a11e62f461299e3b0597bdc','seed_source_osm_ng_laundry_20260422','osm_node_7956172601','organization','org_s13_laund_1a11e62f461299e3b0597bdc','stable',unixepoch()),
  ('seedidmap_s13_laund_148f9133f5b317ce2835010c','seed_source_osm_ng_laundry_20260422','osm_node_8753567670','organization','org_s13_laund_148f9133f5b317ce2835010c','stable',unixepoch()),
  ('seedidmap_s13_laund_1c5c023c87f9310561b315bd','seed_source_osm_ng_laundry_20260422','osm_node_9651566346','organization','org_s13_laund_1c5c023c87f9310561b315bd','stable',unixepoch()),
  ('seedidmap_s13_laund_f293fefd189c03c1db3ba8fb','seed_source_osm_ng_laundry_20260422','osm_node_11524798996','organization','org_s13_laund_f293fefd189c03c1db3ba8fb','stable',unixepoch()),
  ('seedidmap_s13_laund_6c345afb66d3cb7c0e63fdc1','seed_source_osm_ng_laundry_20260422','osm_node_11938935175','organization','org_s13_laund_6c345afb66d3cb7c0e63fdc1','stable',unixepoch()),
  ('seedidmap_s13_laund_748e7aecea924cc72800dc8a','seed_source_osm_ng_laundry_20260422','osm_node_11938991102','organization','org_s13_laund_748e7aecea924cc72800dc8a','stable',unixepoch()),
  ('seedidmap_s13_laund_d86435670b6281fa60ff09d6','seed_source_osm_ng_laundry_20260422','osm_node_12281594040','organization','org_s13_laund_d86435670b6281fa60ff09d6','stable',unixepoch()),
  ('seedidmap_s13_laund_ef491cde84011cf2f4edf4ae','seed_source_osm_ng_laundry_20260422','osm_node_12281594041','organization','org_s13_laund_ef491cde84011cf2f4edf4ae','stable',unixepoch()),
  ('seedidmap_s13_laund_7d231c60bcba8114ae93e2ce','seed_source_osm_ng_laundry_20260422','osm_node_13395342825','organization','org_s13_laund_7d231c60bcba8114ae93e2ce','stable',unixepoch()),
  ('seedidmap_s13_laund_c114d8ad9d12f9ebe659d884','seed_source_osm_ng_laundry_20260422','osm_node_13418604292','organization','org_s13_laund_c114d8ad9d12f9ebe659d884','stable',unixepoch()),
  ('seedidmap_s13_laund_2f60f01cf968095e74ddce9a','seed_source_osm_ng_laundry_20260422','osm_node_13418653973','organization','org_s13_laund_2f60f01cf968095e74ddce9a','stable',unixepoch()),
  ('seedidmap_s13_laund_f0ea94b41161a999dd9b860e','seed_source_osm_ng_laundry_20260422','osm_way_85516097','organization','org_s13_laund_f0ea94b41161a999dd9b860e','stable',unixepoch()),
  ('seedidmap_s13_laund_77ef6c09726c219fc0d8d17f','seed_source_osm_ng_laundry_20260422','osm_way_425502893','organization','org_s13_laund_77ef6c09726c219fc0d8d17f','stable',unixepoch()),
  ('seedidmap_s13_laund_647a5454e212d615e7a3e4ce','seed_source_osm_ng_laundry_20260422','osm_way_425502895','organization','org_s13_laund_647a5454e212d615e7a3e4ce','stable',unixepoch()),
  ('seedidmap_s13_laund_9143199a4bcc2a3ef5bc92e0','seed_source_osm_ng_laundry_20260422','osm_way_582204038','organization','org_s13_laund_9143199a4bcc2a3ef5bc92e0','stable',unixepoch()),
  ('seedidmap_s13_laund_c03def285781b6900c183d10','seed_source_osm_ng_laundry_20260422','osm_node_2428047909','organization','org_s13_laund_c03def285781b6900c183d10','stable',unixepoch()),
  ('seedidmap_s13_laund_2e689498b59ffe245c7f028c','seed_source_osm_ng_laundry_20260422','osm_node_4317487492','organization','org_s13_laund_2e689498b59ffe245c7f028c','stable',unixepoch()),
  ('seedidmap_s13_laund_93dea59af60113582a235e54','seed_source_osm_ng_laundry_20260422','osm_node_13738730255','organization','org_s13_laund_93dea59af60113582a235e54','stable',unixepoch()),
  ('seedidmap_s13_laund_0b16f72d5d023c4645ccdff9','seed_source_osm_ng_laundry_20260422','osm_way_1411618299','organization','org_s13_laund_0b16f72d5d023c4645ccdff9','stable',unixepoch()),
  ('seedidmap_s13_laund_4b86aa860c9231ed57590c49','seed_source_osm_ng_laundry_20260422','osm_node_4729001589','organization','org_s13_laund_4b86aa860c9231ed57590c49','stable',unixepoch()),
  ('seedidmap_s13_laund_8fb644dc54fff36c9cdbc009','seed_source_osm_ng_laundry_20260422','osm_node_11067423095','organization','org_s13_laund_8fb644dc54fff36c9cdbc009','stable',unixepoch()),
  ('seedidmap_s13_laund_9881aaf55a3be9f858366e8e','seed_source_osm_ng_laundry_20260422','osm_node_11165058212','organization','org_s13_laund_9881aaf55a3be9f858366e8e','stable',unixepoch()),
  ('seedidmap_s13_laund_d41445ddb318437558f4762b','seed_source_osm_ng_laundry_20260422','osm_node_11165058505','organization','org_s13_laund_d41445ddb318437558f4762b','stable',unixepoch()),
  ('seedidmap_s13_laund_2df1691077674aa055935996','seed_source_osm_ng_laundry_20260422','osm_way_417508581','organization','org_s13_laund_2df1691077674aa055935996','stable',unixepoch());

INSERT OR IGNORE INTO seed_place_resolutions (id,seed_run_id,source_record_id,entity_type,entity_id,ward_id,lga_id,resolved_place_id,resolution_level,resolution_method,resolution_notes,created_at) VALUES
  ('seedplres_s13_laund_b195ed307d03594431956d38','seed_run_s13_laundry_20260422','osm_node_2154487255','organization','org_s13_laund_b195ed307d03594431956d38',NULL,NULL,'place_nigeria_001','country','country_fallback','OSM addr tags',unixepoch()),
  ('seedplres_s13_laund_064b033a62967b456ca6e886','seed_run_s13_laundry_20260422','osm_node_2155805949','organization','org_s13_laund_064b033a62967b456ca6e886',NULL,NULL,'place_nigeria_001','country','country_fallback','OSM addr tags',unixepoch()),
  ('seedplres_s13_laund_3ff32c335bf1946de62895ea','seed_run_s13_laundry_20260422','osm_node_2160851573','organization','org_s13_laund_3ff32c335bf1946de62895ea',NULL,NULL,'place_nigeria_001','country','country_fallback','OSM addr tags',unixepoch()),
  ('seedplres_s13_laund_7ed088c1d72340d85970600b','seed_run_s13_laundry_20260422','osm_node_2161118827','organization','org_s13_laund_7ed088c1d72340d85970600b',NULL,NULL,'place_nigeria_001','country','country_fallback','OSM addr tags',unixepoch()),
  ('seedplres_s13_laund_24f547e3683699a084332ec6','seed_run_s13_laundry_20260422','osm_node_2344316138','organization','org_s13_laund_24f547e3683699a084332ec6',NULL,NULL,'place_nigeria_001','country','country_fallback','OSM addr tags',unixepoch()),
  ('seedplres_s13_laund_2bfb4f2ad4cc10e6db4caa07','seed_run_s13_laundry_20260422','osm_node_2639220727','organization','org_s13_laund_2bfb4f2ad4cc10e6db4caa07',NULL,NULL,'place_nigeria_001','country','country_fallback','OSM addr tags',unixepoch()),
  ('seedplres_s13_laund_2670fac341f3b008faee1c0e','seed_run_s13_laundry_20260422','osm_node_4748828623','organization','org_s13_laund_2670fac341f3b008faee1c0e',NULL,NULL,'place_nigeria_001','country','country_fallback','OSM addr tags',unixepoch()),
  ('seedplres_s13_laund_69f56acb6f3a60d3c2eab609','seed_run_s13_laundry_20260422','osm_node_5599585527','organization','org_s13_laund_69f56acb6f3a60d3c2eab609',NULL,NULL,'place_nigeria_001','country','country_fallback','OSM addr tags',unixepoch()),
  ('seedplres_s13_laund_e2607d2e9e28227f79f81f98','seed_run_s13_laundry_20260422','osm_node_7030245517','organization','org_s13_laund_e2607d2e9e28227f79f81f98',NULL,NULL,'place_nigeria_001','country','country_fallback','OSM addr tags',unixepoch()),
  ('seedplres_s13_laund_1a11e62f461299e3b0597bdc','seed_run_s13_laundry_20260422','osm_node_7956172601','organization','org_s13_laund_1a11e62f461299e3b0597bdc',NULL,NULL,'place_nigeria_001','country','country_fallback','OSM addr tags',unixepoch()),
  ('seedplres_s13_laund_148f9133f5b317ce2835010c','seed_run_s13_laundry_20260422','osm_node_8753567670','organization','org_s13_laund_148f9133f5b317ce2835010c',NULL,NULL,'place_nigeria_001','country','country_fallback','OSM addr tags',unixepoch()),
  ('seedplres_s13_laund_1c5c023c87f9310561b315bd','seed_run_s13_laundry_20260422','osm_node_9651566346','organization','org_s13_laund_1c5c023c87f9310561b315bd',NULL,NULL,'place_nigeria_001','country','country_fallback','OSM addr tags',unixepoch()),
  ('seedplres_s13_laund_f293fefd189c03c1db3ba8fb','seed_run_s13_laundry_20260422','osm_node_11524798996','organization','org_s13_laund_f293fefd189c03c1db3ba8fb',NULL,NULL,'place_nigeria_001','country','country_fallback','OSM addr tags',unixepoch()),
  ('seedplres_s13_laund_6c345afb66d3cb7c0e63fdc1','seed_run_s13_laundry_20260422','osm_node_11938935175','organization','org_s13_laund_6c345afb66d3cb7c0e63fdc1',NULL,NULL,'place_nigeria_001','country','country_fallback','OSM addr tags',unixepoch()),
  ('seedplres_s13_laund_748e7aecea924cc72800dc8a','seed_run_s13_laundry_20260422','osm_node_11938991102','organization','org_s13_laund_748e7aecea924cc72800dc8a',NULL,NULL,'place_nigeria_001','country','country_fallback','OSM addr tags',unixepoch()),
  ('seedplres_s13_laund_d86435670b6281fa60ff09d6','seed_run_s13_laundry_20260422','osm_node_12281594040','organization','org_s13_laund_d86435670b6281fa60ff09d6',NULL,NULL,'place_nigeria_001','country','country_fallback','OSM addr tags',unixepoch()),
  ('seedplres_s13_laund_ef491cde84011cf2f4edf4ae','seed_run_s13_laundry_20260422','osm_node_12281594041','organization','org_s13_laund_ef491cde84011cf2f4edf4ae',NULL,NULL,'place_nigeria_001','country','country_fallback','OSM addr tags',unixepoch()),
  ('seedplres_s13_laund_7d231c60bcba8114ae93e2ce','seed_run_s13_laundry_20260422','osm_node_13395342825','organization','org_s13_laund_7d231c60bcba8114ae93e2ce',NULL,NULL,'place_nigeria_001','country','country_fallback','OSM addr tags',unixepoch()),
  ('seedplres_s13_laund_c114d8ad9d12f9ebe659d884','seed_run_s13_laundry_20260422','osm_node_13418604292','organization','org_s13_laund_c114d8ad9d12f9ebe659d884',NULL,NULL,'place_state_kwara','state','addr_tag_extraction','OSM addr tags',unixepoch()),
  ('seedplres_s13_laund_2f60f01cf968095e74ddce9a','seed_run_s13_laundry_20260422','osm_node_13418653973','organization','org_s13_laund_2f60f01cf968095e74ddce9a',NULL,NULL,'place_state_kwara','state','addr_tag_extraction','OSM addr tags',unixepoch()),
  ('seedplres_s13_laund_f0ea94b41161a999dd9b860e','seed_run_s13_laundry_20260422','osm_way_85516097','organization','org_s13_laund_f0ea94b41161a999dd9b860e',NULL,NULL,'place_nigeria_001','country','country_fallback','OSM addr tags',unixepoch()),
  ('seedplres_s13_laund_77ef6c09726c219fc0d8d17f','seed_run_s13_laundry_20260422','osm_way_425502893','organization','org_s13_laund_77ef6c09726c219fc0d8d17f',NULL,NULL,'place_nigeria_001','country','country_fallback','OSM addr tags',unixepoch()),
  ('seedplres_s13_laund_647a5454e212d615e7a3e4ce','seed_run_s13_laundry_20260422','osm_way_425502895','organization','org_s13_laund_647a5454e212d615e7a3e4ce',NULL,NULL,'place_nigeria_001','country','country_fallback','OSM addr tags',unixepoch()),
  ('seedplres_s13_laund_9143199a4bcc2a3ef5bc92e0','seed_run_s13_laundry_20260422','osm_way_582204038','organization','org_s13_laund_9143199a4bcc2a3ef5bc92e0',NULL,NULL,'place_nigeria_001','country','country_fallback','OSM addr tags',unixepoch()),
  ('seedplres_s13_laund_c03def285781b6900c183d10','seed_run_s13_laundry_20260422','osm_node_2428047909','organization','org_s13_laund_c03def285781b6900c183d10',NULL,NULL,'place_nigeria_001','country','country_fallback','OSM addr tags',unixepoch()),
  ('seedplres_s13_laund_2e689498b59ffe245c7f028c','seed_run_s13_laundry_20260422','osm_node_4317487492','organization','org_s13_laund_2e689498b59ffe245c7f028c',NULL,NULL,'place_nigeria_001','country','country_fallback','OSM addr tags',unixepoch()),
  ('seedplres_s13_laund_93dea59af60113582a235e54','seed_run_s13_laundry_20260422','osm_node_13738730255','organization','org_s13_laund_93dea59af60113582a235e54',NULL,NULL,'place_nigeria_001','country','country_fallback','OSM addr tags',unixepoch()),
  ('seedplres_s13_laund_0b16f72d5d023c4645ccdff9','seed_run_s13_laundry_20260422','osm_way_1411618299','organization','org_s13_laund_0b16f72d5d023c4645ccdff9',NULL,NULL,'place_state_fct','state','addr_tag_extraction','OSM addr tags',unixepoch()),
  ('seedplres_s13_laund_4b86aa860c9231ed57590c49','seed_run_s13_laundry_20260422','osm_node_4729001589','organization','org_s13_laund_4b86aa860c9231ed57590c49',NULL,NULL,'place_nigeria_001','country','country_fallback','OSM addr tags',unixepoch()),
  ('seedplres_s13_laund_8fb644dc54fff36c9cdbc009','seed_run_s13_laundry_20260422','osm_node_11067423095','organization','org_s13_laund_8fb644dc54fff36c9cdbc009',NULL,NULL,'place_nigeria_001','country','country_fallback','OSM addr tags',unixepoch()),
  ('seedplres_s13_laund_9881aaf55a3be9f858366e8e','seed_run_s13_laundry_20260422','osm_node_11165058212','organization','org_s13_laund_9881aaf55a3be9f858366e8e',NULL,NULL,'place_nigeria_001','country','country_fallback','OSM addr tags',unixepoch()),
  ('seedplres_s13_laund_d41445ddb318437558f4762b','seed_run_s13_laundry_20260422','osm_node_11165058505','organization','org_s13_laund_d41445ddb318437558f4762b',NULL,NULL,'place_nigeria_001','country','country_fallback','OSM addr tags',unixepoch()),
  ('seedplres_s13_laund_2df1691077674aa055935996','seed_run_s13_laundry_20260422','osm_way_417508581','organization','org_s13_laund_2df1691077674aa055935996',NULL,NULL,'place_nigeria_001','country','country_fallback','OSM addr tags',unixepoch());

INSERT OR IGNORE INTO seed_entity_sources (id,entity_id,entity_type,source_id,source_record_id,source_type,source_label,source_display_name,confidence_level,publication_date,retrieval_date,freshness_status,superseded_by_id,created_at) VALUES
  ('seedentsrc_s13_laund_b195ed307d03594431956d38','org_s13_laund_b195ed307d03594431956d38','organization','seed_source_osm_ng_laundry_20260422','osm_node_2154487255','public_data','OpenStreetMap Nigeria laundry','Beck & Call Cleans','public_high_confidence','2026-04-22','2026-04-22','snapshot',NULL,unixepoch()),
  ('seedentsrc_s13_laund_064b033a62967b456ca6e886','org_s13_laund_064b033a62967b456ca6e886','organization','seed_source_osm_ng_laundry_20260422','osm_node_2155805949','public_data','OpenStreetMap Nigeria laundry','zenox cleaners','public_high_confidence','2026-04-22','2026-04-22','snapshot',NULL,unixepoch()),
  ('seedentsrc_s13_laund_3ff32c335bf1946de62895ea','org_s13_laund_3ff32c335bf1946de62895ea','organization','seed_source_osm_ng_laundry_20260422','osm_node_2160851573','public_data','OpenStreetMap Nigeria laundry','WashTech Laundry And Dry Cleaning Services','public_high_confidence','2026-04-22','2026-04-22','snapshot',NULL,unixepoch()),
  ('seedentsrc_s13_laund_7ed088c1d72340d85970600b','org_s13_laund_7ed088c1d72340d85970600b','organization','seed_source_osm_ng_laundry_20260422','osm_node_2161118827','public_data','OpenStreetMap Nigeria laundry','WashTech Laundry And Dry Cleaning Services','public_high_confidence','2026-04-22','2026-04-22','snapshot',NULL,unixepoch()),
  ('seedentsrc_s13_laund_24f547e3683699a084332ec6','org_s13_laund_24f547e3683699a084332ec6','organization','seed_source_osm_ng_laundry_20260422','osm_node_2344316138','public_data','OpenStreetMap Nigeria laundry','Elite Luxury Suites','public_high_confidence','2026-04-22','2026-04-22','snapshot',NULL,unixepoch()),
  ('seedentsrc_s13_laund_2bfb4f2ad4cc10e6db4caa07','org_s13_laund_2bfb4f2ad4cc10e6db4caa07','organization','seed_source_osm_ng_laundry_20260422','osm_node_2639220727','public_data','OpenStreetMap Nigeria laundry','Westernb Laundry Limited','public_high_confidence','2026-04-22','2026-04-22','snapshot',NULL,unixepoch()),
  ('seedentsrc_s13_laund_2670fac341f3b008faee1c0e','org_s13_laund_2670fac341f3b008faee1c0e','organization','seed_source_osm_ng_laundry_20260422','osm_node_4748828623','public_data','OpenStreetMap Nigeria laundry','Sea-Mountain Washateria','public_high_confidence','2026-04-22','2026-04-22','snapshot',NULL,unixepoch()),
  ('seedentsrc_s13_laund_69f56acb6f3a60d3c2eab609','org_s13_laund_69f56acb6f3a60d3c2eab609','organization','seed_source_osm_ng_laundry_20260422','osm_node_5599585527','public_data','OpenStreetMap Nigeria laundry','Primewash','public_high_confidence','2026-04-22','2026-04-22','snapshot',NULL,unixepoch()),
  ('seedentsrc_s13_laund_e2607d2e9e28227f79f81f98','org_s13_laund_e2607d2e9e28227f79f81f98','organization','seed_source_osm_ng_laundry_20260422','osm_node_7030245517','public_data','OpenStreetMap Nigeria laundry','Marwin Professional Laundry and Dry-Cleaning Services','public_high_confidence','2026-04-22','2026-04-22','snapshot',NULL,unixepoch()),
  ('seedentsrc_s13_laund_1a11e62f461299e3b0597bdc','org_s13_laund_1a11e62f461299e3b0597bdc','organization','seed_source_osm_ng_laundry_20260422','osm_node_7956172601','public_data','OpenStreetMap Nigeria laundry','Prime Wash','public_high_confidence','2026-04-22','2026-04-22','snapshot',NULL,unixepoch()),
  ('seedentsrc_s13_laund_148f9133f5b317ce2835010c','org_s13_laund_148f9133f5b317ce2835010c','organization','seed_source_osm_ng_laundry_20260422','osm_node_8753567670','public_data','OpenStreetMap Nigeria laundry','ND Laundry and Dry Cleaning Services','public_high_confidence','2026-04-22','2026-04-22','snapshot',NULL,unixepoch()),
  ('seedentsrc_s13_laund_1c5c023c87f9310561b315bd','org_s13_laund_1c5c023c87f9310561b315bd','organization','seed_source_osm_ng_laundry_20260422','osm_node_9651566346','public_data','OpenStreetMap Nigeria laundry','Kendux Laundry','public_high_confidence','2026-04-22','2026-04-22','snapshot',NULL,unixepoch()),
  ('seedentsrc_s13_laund_f293fefd189c03c1db3ba8fb','org_s13_laund_f293fefd189c03c1db3ba8fb','organization','seed_source_osm_ng_laundry_20260422','osm_node_11524798996','public_data','OpenStreetMap Nigeria laundry','A.O Laundry Services & Business Centre','public_high_confidence','2026-04-22','2026-04-22','snapshot',NULL,unixepoch()),
  ('seedentsrc_s13_laund_6c345afb66d3cb7c0e63fdc1','org_s13_laund_6c345afb66d3cb7c0e63fdc1','organization','seed_source_osm_ng_laundry_20260422','osm_node_11938935175','public_data','OpenStreetMap Nigeria laundry','FabriCare Laundry','public_high_confidence','2026-04-22','2026-04-22','snapshot',NULL,unixepoch()),
  ('seedentsrc_s13_laund_748e7aecea924cc72800dc8a','org_s13_laund_748e7aecea924cc72800dc8a','organization','seed_source_osm_ng_laundry_20260422','osm_node_11938991102','public_data','OpenStreetMap Nigeria laundry','Dejon Laundry Services','public_high_confidence','2026-04-22','2026-04-22','snapshot',NULL,unixepoch()),
  ('seedentsrc_s13_laund_d86435670b6281fa60ff09d6','org_s13_laund_d86435670b6281fa60ff09d6','organization','seed_source_osm_ng_laundry_20260422','osm_node_12281594040','public_data','OpenStreetMap Nigeria laundry','Hillary''s laundry and dry cleaning','public_high_confidence','2026-04-22','2026-04-22','snapshot',NULL,unixepoch()),
  ('seedentsrc_s13_laund_ef491cde84011cf2f4edf4ae','org_s13_laund_ef491cde84011cf2f4edf4ae','organization','seed_source_osm_ng_laundry_20260422','osm_node_12281594041','public_data','OpenStreetMap Nigeria laundry','Feod international service','public_high_confidence','2026-04-22','2026-04-22','snapshot',NULL,unixepoch()),
  ('seedentsrc_s13_laund_7d231c60bcba8114ae93e2ce','org_s13_laund_7d231c60bcba8114ae93e2ce','organization','seed_source_osm_ng_laundry_20260422','osm_node_13395342825','public_data','OpenStreetMap Nigeria laundry','Ebonydud','public_high_confidence','2026-04-22','2026-04-22','snapshot',NULL,unixepoch()),
  ('seedentsrc_s13_laund_c114d8ad9d12f9ebe659d884','org_s13_laund_c114d8ad9d12f9ebe659d884','organization','seed_source_osm_ng_laundry_20260422','osm_node_13418604292','public_data','OpenStreetMap Nigeria laundry','OgoOluwa','public_high_confidence','2026-04-22','2026-04-22','snapshot',NULL,unixepoch()),
  ('seedentsrc_s13_laund_2f60f01cf968095e74ddce9a','org_s13_laund_2f60f01cf968095e74ddce9a','organization','seed_source_osm_ng_laundry_20260422','osm_node_13418653973','public_data','OpenStreetMap Nigeria laundry','Mega Standard','public_high_confidence','2026-04-22','2026-04-22','snapshot',NULL,unixepoch()),
  ('seedentsrc_s13_laund_f0ea94b41161a999dd9b860e','org_s13_laund_f0ea94b41161a999dd9b860e','organization','seed_source_osm_ng_laundry_20260422','osm_way_85516097','public_data','OpenStreetMap Nigeria laundry','Gwemo Cleans and Laundry Services','public_high_confidence','2026-04-22','2026-04-22','snapshot',NULL,unixepoch()),
  ('seedentsrc_s13_laund_77ef6c09726c219fc0d8d17f','org_s13_laund_77ef6c09726c219fc0d8d17f','organization','seed_source_osm_ng_laundry_20260422','osm_way_425502893','public_data','OpenStreetMap Nigeria laundry','Laverie akwa 1','public_high_confidence','2026-04-22','2026-04-22','snapshot',NULL,unixepoch()),
  ('seedentsrc_s13_laund_647a5454e212d615e7a3e4ce','org_s13_laund_647a5454e212d615e7a3e4ce','organization','seed_source_osm_ng_laundry_20260422','osm_way_425502895','public_data','OpenStreetMap Nigeria laundry','Laverie Akwa 2','public_high_confidence','2026-04-22','2026-04-22','snapshot',NULL,unixepoch()),
  ('seedentsrc_s13_laund_9143199a4bcc2a3ef5bc92e0','org_s13_laund_9143199a4bcc2a3ef5bc92e0','organization','seed_source_osm_ng_laundry_20260422','osm_way_582204038','public_data','OpenStreetMap Nigeria laundry','laverie auto','public_high_confidence','2026-04-22','2026-04-22','snapshot',NULL,unixepoch()),
  ('seedentsrc_s13_laund_c03def285781b6900c183d10','org_s13_laund_c03def285781b6900c183d10','organization','seed_source_osm_ng_laundry_20260422','osm_node_2428047909','public_data','OpenStreetMap Nigeria laundry','préssing de dendi','public_high_confidence','2026-04-22','2026-04-22','snapshot',NULL,unixepoch()),
  ('seedentsrc_s13_laund_2e689498b59ffe245c7f028c','org_s13_laund_2e689498b59ffe245c7f028c','organization','seed_source_osm_ng_laundry_20260422','osm_node_4317487492','public_data','OpenStreetMap Nigeria laundry','La maison de nettoyage','public_high_confidence','2026-04-22','2026-04-22','snapshot',NULL,unixepoch()),
  ('seedentsrc_s13_laund_93dea59af60113582a235e54','org_s13_laund_93dea59af60113582a235e54','organization','seed_source_osm_ng_laundry_20260422','osm_node_13738730255','public_data','OpenStreetMap Nigeria laundry','Kubba lavers','public_high_confidence','2026-04-22','2026-04-22','snapshot',NULL,unixepoch()),
  ('seedentsrc_s13_laund_0b16f72d5d023c4645ccdff9','org_s13_laund_0b16f72d5d023c4645ccdff9','organization','seed_source_osm_ng_laundry_20260422','osm_way_1411618299','public_data','OpenStreetMap Nigeria laundry','Wash Wise Laundry','public_high_confidence','2026-04-22','2026-04-22','snapshot',NULL,unixepoch()),
  ('seedentsrc_s13_laund_4b86aa860c9231ed57590c49','org_s13_laund_4b86aa860c9231ed57590c49','organization','seed_source_osm_ng_laundry_20260422','osm_node_4729001589','public_data','OpenStreetMap Nigeria laundry','TOP Pressing','public_high_confidence','2026-04-22','2026-04-22','snapshot',NULL,unixepoch()),
  ('seedentsrc_s13_laund_8fb644dc54fff36c9cdbc009','org_s13_laund_8fb644dc54fff36c9cdbc009','organization','seed_source_osm_ng_laundry_20260422','osm_node_11067423095','public_data','OpenStreetMap Nigeria laundry','Amsag Laundry','public_high_confidence','2026-04-22','2026-04-22','snapshot',NULL,unixepoch()),
  ('seedentsrc_s13_laund_9881aaf55a3be9f858366e8e','org_s13_laund_9881aaf55a3be9f858366e8e','organization','seed_source_osm_ng_laundry_20260422','osm_node_11165058212','public_data','OpenStreetMap Nigeria laundry','De J''s laundry and Dry Cleaning Services','public_high_confidence','2026-04-22','2026-04-22','snapshot',NULL,unixepoch()),
  ('seedentsrc_s13_laund_d41445ddb318437558f4762b','org_s13_laund_d41445ddb318437558f4762b','organization','seed_source_osm_ng_laundry_20260422','osm_node_11165058505','public_data','OpenStreetMap Nigeria laundry','Ba Matsala laundry Services','public_high_confidence','2026-04-22','2026-04-22','snapshot',NULL,unixepoch()),
  ('seedentsrc_s13_laund_2df1691077674aa055935996','org_s13_laund_2df1691077674aa055935996','organization','seed_source_osm_ng_laundry_20260422','osm_way_417508581','public_data','OpenStreetMap Nigeria laundry','LAV AUTO Prestige','public_high_confidence','2026-04-22','2026-04-22','snapshot',NULL,unixepoch());
