-- 0360_s14_osm_bank_fuel_pharma_area_seed.sql
-- S14 OSM Nigeria area-based query — bank_fuel_pharma (n=15)
-- Source: OpenStreetMap Overpass API admin_level=4 area queries | Retrieved: 2026-04-22
-- States covered: abia, benue, jigawa, sokoto, taraba
-- ODbL licensed — https://www.openstreetmap.org/copyright

INSERT OR IGNORE INTO seed_runs (id,source_id,run_label,run_state,started_at,completed_at,total_input_rows,total_inserted_rows,total_rejected_rows,notes) VALUES
  ('seed_run_s14_osm_bank_fuel_pharma_ng_20260422','seed_source_osm_ng_bank_fuel_pharma_area_20260422','S14 OSM Nigeria bank_fuel_pharma area 2026-04-22','completed',unixepoch(),unixepoch(),15,15,0,'OSM area admin_level=4 query 2026-04-22 bank_fuel_pharma');

INSERT OR IGNORE INTO seed_sources (id,source_label,source_type,owner_organisation,access_method,canonical_url,publication_date,retrieval_date,freshness_status,license_notes,row_count,notes) VALUES
  ('seed_source_osm_ng_bank_fuel_pharma_area_20260422','OpenStreetMap Nigeria bank_fuel_pharma','public_data','OpenStreetMap contributors','overpass_api','https://overpass-api.de/api/interpreter','2026-04-22','2026-04-22','snapshot','ODbL',15,'OSM admin_level=4 area query Nigeria bank_fuel_pharma 2026-04-22');

INSERT OR IGNORE INTO seed_raw_artifacts (id,seed_run_id,source_id,artifact_type,file_path,content_hash,row_count,schema_json,extraction_script,status) VALUES
  ('seed_artifact_s14_osm_bank_fuel_pharma_ng_20260422','seed_run_s14_osm_bank_fuel_pharma_ng_20260422','seed_source_osm_ng_bank_fuel_pharma_area_20260422','raw','infra/db/seed/sources/s14_osm_benue_bank_fuel_pharma_ng_20260422.json','s14_area_multi_state',15,'{"columns":["osm_id","name","lat","lon","amenity","tags","state"]}','overpass area query + python filter','captured');

INSERT OR IGNORE INTO organizations (id,tenant_id,organization_type,legal_name,display_name,registration_number,status,verification_state,created_at,updated_at) VALUES
  ('org_s14_osm_6472faba3b803d22e6f892f5','tenant_platform_seed','enterprise','Vision Ideal','Vision Ideal',NULL,'active','seeded',unixepoch(),unixepoch()),
  ('org_s14_osm_8b743ffc802097081d74817a','tenant_platform_seed','enterprise','GTBank','GTBank',NULL,'active','seeded',unixepoch(),unixepoch()),
  ('org_s14_osm_1fd062482f625c61423157ac','tenant_platform_seed','enterprise','A. A. Rano','A. A. Rano',NULL,'active','seeded',unixepoch(),unixepoch()),
  ('org_s14_osm_78f546ddca4b4f38a02fb0b0','tenant_platform_seed','enterprise','Ruwa dispensary','Ruwa dispensary',NULL,'active','seeded',unixepoch(),unixepoch()),
  ('org_s14_osm_47d553047012b2e3c72e6a8b','tenant_platform_seed','enterprise','Alkamu Dispensary','Alkamu Dispensary',NULL,'active','seeded',unixepoch(),unixepoch()),
  ('org_s14_osm_bddc25b865f5c30d5b6293ab','tenant_platform_seed','enterprise','NNPC MEGA STATION','NNPC MEGA STATION',NULL,'active','seeded',unixepoch(),unixepoch()),
  ('org_s14_osm_ff1474c95b2a78f3dcced991','tenant_platform_seed','enterprise','A A Rano','A A Rano',NULL,'active','seeded',unixepoch(),unixepoch()),
  ('org_s14_osm_8672fccee8b6d30bd747eb53','tenant_platform_seed','enterprise','First Bank','First Bank',NULL,'active','seeded',unixepoch(),unixepoch()),
  ('org_s14_osm_abbdc6a1f42846552bf26757','tenant_platform_seed','enterprise','GT Bank','GT Bank',NULL,'active','seeded',unixepoch(),unixepoch()),
  ('org_s14_osm_eb556f5668376c118d04c403','tenant_platform_seed','enterprise','Shago Oil and Gas Ltd Fuel Station','Shago Oil and Gas Ltd Fuel Station',NULL,'active','seeded',unixepoch(),unixepoch()),
  ('org_s14_osm_7a88a437a75665f4cb56f1c6','tenant_platform_seed','enterprise','Fuel station','Fuel station',NULL,'active','seeded',unixepoch(),unixepoch()),
  ('org_s14_osm_50d3bb3bd8472ba58df35fc9','tenant_platform_seed','enterprise','Nick Abu Nig','Nick Abu Nig',NULL,'active','seeded',unixepoch(),unixepoch()),
  ('org_s14_osm_728fcb354c2336616de52351','tenant_platform_seed','enterprise','Total petrol station','Total petrol station',NULL,'active','seeded',unixepoch(),unixepoch()),
  ('org_s14_osm_a986aff091e4bd110f19e3a1','tenant_platform_seed','enterprise','Petrol','Petrol',NULL,'active','seeded',unixepoch(),unixepoch()),
  ('org_s14_osm_d1181290980aeff4b5586e41','tenant_platform_seed','enterprise','diamond bank','diamond bank',NULL,'active','seeded',unixepoch(),unixepoch());

INSERT OR IGNORE INTO profiles (id,tenant_id,workspace_id,subject_type,subject_id,vertical_slug,primary_place_id,display_name,claim_state,visibility,created_at,updated_at) VALUES
  ('prof_s14_osm_6472faba3b803d22e6f892f5','tenant_platform_seed','workspace_platform_seed_discovery','organization','org_s14_osm_6472faba3b803d22e6f892f5','fuel_station','place_state_benue','Vision Ideal','seeded','public',unixepoch(),unixepoch()),
  ('prof_s14_osm_8b743ffc802097081d74817a','tenant_platform_seed','workspace_platform_seed_discovery','organization','org_s14_osm_8b743ffc802097081d74817a','bank','place_state_jigawa','GTBank','seeded','public',unixepoch(),unixepoch()),
  ('prof_s14_osm_1fd062482f625c61423157ac','tenant_platform_seed','workspace_platform_seed_discovery','organization','org_s14_osm_1fd062482f625c61423157ac','fuel_station','place_state_sokoto','A. A. Rano','seeded','public',unixepoch(),unixepoch()),
  ('prof_s14_osm_78f546ddca4b4f38a02fb0b0','tenant_platform_seed','workspace_platform_seed_discovery','organization','org_s14_osm_78f546ddca4b4f38a02fb0b0','pharmacy','place_state_sokoto','Ruwa dispensary','seeded','public',unixepoch(),unixepoch()),
  ('prof_s14_osm_47d553047012b2e3c72e6a8b','tenant_platform_seed','workspace_platform_seed_discovery','organization','org_s14_osm_47d553047012b2e3c72e6a8b','pharmacy','place_state_sokoto','Alkamu Dispensary','seeded','public',unixepoch(),unixepoch()),
  ('prof_s14_osm_bddc25b865f5c30d5b6293ab','tenant_platform_seed','workspace_platform_seed_discovery','organization','org_s14_osm_bddc25b865f5c30d5b6293ab','fuel_station','place_state_sokoto','NNPC MEGA STATION','seeded','public',unixepoch(),unixepoch()),
  ('prof_s14_osm_ff1474c95b2a78f3dcced991','tenant_platform_seed','workspace_platform_seed_discovery','organization','org_s14_osm_ff1474c95b2a78f3dcced991','fuel_station','place_state_sokoto','A A Rano','seeded','public',unixepoch(),unixepoch()),
  ('prof_s14_osm_8672fccee8b6d30bd747eb53','tenant_platform_seed','workspace_platform_seed_discovery','organization','org_s14_osm_8672fccee8b6d30bd747eb53','bank','place_state_sokoto','First Bank','seeded','public',unixepoch(),unixepoch()),
  ('prof_s14_osm_abbdc6a1f42846552bf26757','tenant_platform_seed','workspace_platform_seed_discovery','organization','org_s14_osm_abbdc6a1f42846552bf26757','bank','place_state_sokoto','GT Bank','seeded','public',unixepoch(),unixepoch()),
  ('prof_s14_osm_eb556f5668376c118d04c403','tenant_platform_seed','workspace_platform_seed_discovery','organization','org_s14_osm_eb556f5668376c118d04c403','fuel_station','place_state_taraba','Shago Oil and Gas Ltd Fuel Station','seeded','public',unixepoch(),unixepoch()),
  ('prof_s14_osm_7a88a437a75665f4cb56f1c6','tenant_platform_seed','workspace_platform_seed_discovery','organization','org_s14_osm_7a88a437a75665f4cb56f1c6','fuel_station','place_state_taraba','Fuel station','seeded','public',unixepoch(),unixepoch()),
  ('prof_s14_osm_50d3bb3bd8472ba58df35fc9','tenant_platform_seed','workspace_platform_seed_discovery','organization','org_s14_osm_50d3bb3bd8472ba58df35fc9','fuel_station','place_state_taraba','Nick Abu Nig','seeded','public',unixepoch(),unixepoch()),
  ('prof_s14_osm_728fcb354c2336616de52351','tenant_platform_seed','workspace_platform_seed_discovery','organization','org_s14_osm_728fcb354c2336616de52351','fuel_station','place_state_abia','Total petrol station','seeded','public',unixepoch(),unixepoch()),
  ('prof_s14_osm_a986aff091e4bd110f19e3a1','tenant_platform_seed','workspace_platform_seed_discovery','organization','org_s14_osm_a986aff091e4bd110f19e3a1','fuel_station','place_state_abia','Petrol','seeded','public',unixepoch(),unixepoch()),
  ('prof_s14_osm_d1181290980aeff4b5586e41','tenant_platform_seed','workspace_platform_seed_discovery','organization','org_s14_osm_d1181290980aeff4b5586e41','bank','place_state_abia','diamond bank','seeded','public',unixepoch(),unixepoch());

INSERT OR IGNORE INTO search_entries (id,entity_type,entity_id,profile_id,tenant_id,display_name,keywords,primary_place_id,ancestry_path,created_at,updated_at) VALUES
  ('srch_s14_osm_6472faba3b803d22e6f892f5','organization','org_s14_osm_6472faba3b803d22e6f892f5','prof_s14_osm_6472faba3b803d22e6f892f5','tenant_platform_seed','Vision Ideal','Vision Ideal fuel_station benue','place_state_benue','["place_nigeria_001","place_state_benue"]',unixepoch(),unixepoch()),
  ('srch_s14_osm_8b743ffc802097081d74817a','organization','org_s14_osm_8b743ffc802097081d74817a','prof_s14_osm_8b743ffc802097081d74817a','tenant_platform_seed','GTBank','GTBank bank jigawa','place_state_jigawa','["place_nigeria_001","place_state_jigawa"]',unixepoch(),unixepoch()),
  ('srch_s14_osm_1fd062482f625c61423157ac','organization','org_s14_osm_1fd062482f625c61423157ac','prof_s14_osm_1fd062482f625c61423157ac','tenant_platform_seed','A. A. Rano','A. A. Rano fuel_station sokoto','place_state_sokoto','["place_nigeria_001","place_state_sokoto"]',unixepoch(),unixepoch()),
  ('srch_s14_osm_78f546ddca4b4f38a02fb0b0','organization','org_s14_osm_78f546ddca4b4f38a02fb0b0','prof_s14_osm_78f546ddca4b4f38a02fb0b0','tenant_platform_seed','Ruwa dispensary','Ruwa dispensary pharmacy sokoto','place_state_sokoto','["place_nigeria_001","place_state_sokoto"]',unixepoch(),unixepoch()),
  ('srch_s14_osm_47d553047012b2e3c72e6a8b','organization','org_s14_osm_47d553047012b2e3c72e6a8b','prof_s14_osm_47d553047012b2e3c72e6a8b','tenant_platform_seed','Alkamu Dispensary','Alkamu Dispensary pharmacy sokoto','place_state_sokoto','["place_nigeria_001","place_state_sokoto"]',unixepoch(),unixepoch()),
  ('srch_s14_osm_bddc25b865f5c30d5b6293ab','organization','org_s14_osm_bddc25b865f5c30d5b6293ab','prof_s14_osm_bddc25b865f5c30d5b6293ab','tenant_platform_seed','NNPC MEGA STATION','NNPC MEGA STATION fuel_station sokoto','place_state_sokoto','["place_nigeria_001","place_state_sokoto"]',unixepoch(),unixepoch()),
  ('srch_s14_osm_ff1474c95b2a78f3dcced991','organization','org_s14_osm_ff1474c95b2a78f3dcced991','prof_s14_osm_ff1474c95b2a78f3dcced991','tenant_platform_seed','A A Rano','A A Rano fuel_station sokoto','place_state_sokoto','["place_nigeria_001","place_state_sokoto"]',unixepoch(),unixepoch()),
  ('srch_s14_osm_8672fccee8b6d30bd747eb53','organization','org_s14_osm_8672fccee8b6d30bd747eb53','prof_s14_osm_8672fccee8b6d30bd747eb53','tenant_platform_seed','First Bank','First Bank bank sokoto','place_state_sokoto','["place_nigeria_001","place_state_sokoto"]',unixepoch(),unixepoch()),
  ('srch_s14_osm_abbdc6a1f42846552bf26757','organization','org_s14_osm_abbdc6a1f42846552bf26757','prof_s14_osm_abbdc6a1f42846552bf26757','tenant_platform_seed','GT Bank','GT Bank bank sokoto','place_state_sokoto','["place_nigeria_001","place_state_sokoto"]',unixepoch(),unixepoch()),
  ('srch_s14_osm_eb556f5668376c118d04c403','organization','org_s14_osm_eb556f5668376c118d04c403','prof_s14_osm_eb556f5668376c118d04c403','tenant_platform_seed','Shago Oil and Gas Ltd Fuel Station','Shago Oil and Gas Ltd Fuel Station fuel_station taraba','place_state_taraba','["place_nigeria_001","place_state_taraba"]',unixepoch(),unixepoch()),
  ('srch_s14_osm_7a88a437a75665f4cb56f1c6','organization','org_s14_osm_7a88a437a75665f4cb56f1c6','prof_s14_osm_7a88a437a75665f4cb56f1c6','tenant_platform_seed','Fuel station','Fuel station fuel_station taraba','place_state_taraba','["place_nigeria_001","place_state_taraba"]',unixepoch(),unixepoch()),
  ('srch_s14_osm_50d3bb3bd8472ba58df35fc9','organization','org_s14_osm_50d3bb3bd8472ba58df35fc9','prof_s14_osm_50d3bb3bd8472ba58df35fc9','tenant_platform_seed','Nick Abu Nig','Nick Abu Nig fuel_station taraba','place_state_taraba','["place_nigeria_001","place_state_taraba"]',unixepoch(),unixepoch()),
  ('srch_s14_osm_728fcb354c2336616de52351','organization','org_s14_osm_728fcb354c2336616de52351','prof_s14_osm_728fcb354c2336616de52351','tenant_platform_seed','Total petrol station','Total petrol station fuel_station abia','place_state_abia','["place_nigeria_001","place_state_abia"]',unixepoch(),unixepoch()),
  ('srch_s14_osm_a986aff091e4bd110f19e3a1','organization','org_s14_osm_a986aff091e4bd110f19e3a1','prof_s14_osm_a986aff091e4bd110f19e3a1','tenant_platform_seed','Petrol','Petrol fuel_station abia','place_state_abia','["place_nigeria_001","place_state_abia"]',unixepoch(),unixepoch()),
  ('srch_s14_osm_d1181290980aeff4b5586e41','organization','org_s14_osm_d1181290980aeff4b5586e41','prof_s14_osm_d1181290980aeff4b5586e41','tenant_platform_seed','diamond bank','diamond bank bank abia','place_state_abia','["place_nigeria_001","place_state_abia"]',unixepoch(),unixepoch());

INSERT OR IGNORE INTO seed_identity_map (id,source_id,source_record_id,entity_type,entity_id,mapping_state,created_at) VALUES
  ('smap_s14_osm_6472faba3b803d22e6f892f5','seed_source_osm_ng_bank_fuel_pharma_area_20260422','osm_node_10744556305','organization','org_s14_osm_6472faba3b803d22e6f892f5','stable',unixepoch()),
  ('smap_s14_osm_8b743ffc802097081d74817a','seed_source_osm_ng_bank_fuel_pharma_area_20260422','osm_node_6244922588','organization','org_s14_osm_8b743ffc802097081d74817a','stable',unixepoch()),
  ('smap_s14_osm_1fd062482f625c61423157ac','seed_source_osm_ng_bank_fuel_pharma_area_20260422','osm_node_3249385579','organization','org_s14_osm_1fd062482f625c61423157ac','stable',unixepoch()),
  ('smap_s14_osm_78f546ddca4b4f38a02fb0b0','seed_source_osm_ng_bank_fuel_pharma_area_20260422','osm_node_5823887794','organization','org_s14_osm_78f546ddca4b4f38a02fb0b0','stable',unixepoch()),
  ('smap_s14_osm_47d553047012b2e3c72e6a8b','seed_source_osm_ng_bank_fuel_pharma_area_20260422','osm_node_5825026062','organization','org_s14_osm_47d553047012b2e3c72e6a8b','stable',unixepoch()),
  ('smap_s14_osm_bddc25b865f5c30d5b6293ab','seed_source_osm_ng_bank_fuel_pharma_area_20260422','osm_node_6787751986','organization','org_s14_osm_bddc25b865f5c30d5b6293ab','stable',unixepoch()),
  ('smap_s14_osm_ff1474c95b2a78f3dcced991','seed_source_osm_ng_bank_fuel_pharma_area_20260422','osm_node_6789671985','organization','org_s14_osm_ff1474c95b2a78f3dcced991','stable',unixepoch()),
  ('smap_s14_osm_8672fccee8b6d30bd747eb53','seed_source_osm_ng_bank_fuel_pharma_area_20260422','osm_way_318532522','organization','org_s14_osm_8672fccee8b6d30bd747eb53','stable',unixepoch()),
  ('smap_s14_osm_abbdc6a1f42846552bf26757','seed_source_osm_ng_bank_fuel_pharma_area_20260422','osm_way_318532524','organization','org_s14_osm_abbdc6a1f42846552bf26757','stable',unixepoch()),
  ('smap_s14_osm_eb556f5668376c118d04c403','seed_source_osm_ng_bank_fuel_pharma_area_20260422','osm_node_6347194186','organization','org_s14_osm_eb556f5668376c118d04c403','stable',unixepoch()),
  ('smap_s14_osm_7a88a437a75665f4cb56f1c6','seed_source_osm_ng_bank_fuel_pharma_area_20260422','osm_node_6347203985','organization','org_s14_osm_7a88a437a75665f4cb56f1c6','stable',unixepoch()),
  ('smap_s14_osm_50d3bb3bd8472ba58df35fc9','seed_source_osm_ng_bank_fuel_pharma_area_20260422','osm_way_763488633','organization','org_s14_osm_50d3bb3bd8472ba58df35fc9','stable',unixepoch()),
  ('smap_s14_osm_728fcb354c2336616de52351','seed_source_osm_ng_bank_fuel_pharma_area_20260422','osm_node_4975392789','organization','org_s14_osm_728fcb354c2336616de52351','stable',unixepoch()),
  ('smap_s14_osm_a986aff091e4bd110f19e3a1','seed_source_osm_ng_bank_fuel_pharma_area_20260422','osm_node_4975392792','organization','org_s14_osm_a986aff091e4bd110f19e3a1','stable',unixepoch()),
  ('smap_s14_osm_d1181290980aeff4b5586e41','seed_source_osm_ng_bank_fuel_pharma_area_20260422','osm_node_4975392794','organization','org_s14_osm_d1181290980aeff4b5586e41','stable',unixepoch());

INSERT OR IGNORE INTO seed_entity_sources (id,entity_id,entity_type,source_id,source_record_id,source_type,source_label,source_display_name,confidence_level,publication_date,retrieval_date,freshness_status,superseded_by_id,created_at) VALUES
  ('esrc_s14_osm_6472faba3b803d22e6f892f5','org_s14_osm_6472faba3b803d22e6f892f5','organization','seed_source_osm_ng_bank_fuel_pharma_area_20260422','osm_node_10744556305','public_data','OpenStreetMap Nigeria area','Vision Ideal','public_high_confidence','2026-04-22','2026-04-22','snapshot',NULL,unixepoch()),
  ('esrc_s14_osm_8b743ffc802097081d74817a','org_s14_osm_8b743ffc802097081d74817a','organization','seed_source_osm_ng_bank_fuel_pharma_area_20260422','osm_node_6244922588','public_data','OpenStreetMap Nigeria area','GTBank','public_high_confidence','2026-04-22','2026-04-22','snapshot',NULL,unixepoch()),
  ('esrc_s14_osm_1fd062482f625c61423157ac','org_s14_osm_1fd062482f625c61423157ac','organization','seed_source_osm_ng_bank_fuel_pharma_area_20260422','osm_node_3249385579','public_data','OpenStreetMap Nigeria area','A. A. Rano','public_high_confidence','2026-04-22','2026-04-22','snapshot',NULL,unixepoch()),
  ('esrc_s14_osm_78f546ddca4b4f38a02fb0b0','org_s14_osm_78f546ddca4b4f38a02fb0b0','organization','seed_source_osm_ng_bank_fuel_pharma_area_20260422','osm_node_5823887794','public_data','OpenStreetMap Nigeria area','Ruwa dispensary','public_high_confidence','2026-04-22','2026-04-22','snapshot',NULL,unixepoch()),
  ('esrc_s14_osm_47d553047012b2e3c72e6a8b','org_s14_osm_47d553047012b2e3c72e6a8b','organization','seed_source_osm_ng_bank_fuel_pharma_area_20260422','osm_node_5825026062','public_data','OpenStreetMap Nigeria area','Alkamu Dispensary','public_high_confidence','2026-04-22','2026-04-22','snapshot',NULL,unixepoch()),
  ('esrc_s14_osm_bddc25b865f5c30d5b6293ab','org_s14_osm_bddc25b865f5c30d5b6293ab','organization','seed_source_osm_ng_bank_fuel_pharma_area_20260422','osm_node_6787751986','public_data','OpenStreetMap Nigeria area','NNPC MEGA STATION','public_high_confidence','2026-04-22','2026-04-22','snapshot',NULL,unixepoch()),
  ('esrc_s14_osm_ff1474c95b2a78f3dcced991','org_s14_osm_ff1474c95b2a78f3dcced991','organization','seed_source_osm_ng_bank_fuel_pharma_area_20260422','osm_node_6789671985','public_data','OpenStreetMap Nigeria area','A A Rano','public_high_confidence','2026-04-22','2026-04-22','snapshot',NULL,unixepoch()),
  ('esrc_s14_osm_8672fccee8b6d30bd747eb53','org_s14_osm_8672fccee8b6d30bd747eb53','organization','seed_source_osm_ng_bank_fuel_pharma_area_20260422','osm_way_318532522','public_data','OpenStreetMap Nigeria area','First Bank','public_high_confidence','2026-04-22','2026-04-22','snapshot',NULL,unixepoch()),
  ('esrc_s14_osm_abbdc6a1f42846552bf26757','org_s14_osm_abbdc6a1f42846552bf26757','organization','seed_source_osm_ng_bank_fuel_pharma_area_20260422','osm_way_318532524','public_data','OpenStreetMap Nigeria area','GT Bank','public_high_confidence','2026-04-22','2026-04-22','snapshot',NULL,unixepoch()),
  ('esrc_s14_osm_eb556f5668376c118d04c403','org_s14_osm_eb556f5668376c118d04c403','organization','seed_source_osm_ng_bank_fuel_pharma_area_20260422','osm_node_6347194186','public_data','OpenStreetMap Nigeria area','Shago Oil and Gas Ltd Fuel Station','public_high_confidence','2026-04-22','2026-04-22','snapshot',NULL,unixepoch()),
  ('esrc_s14_osm_7a88a437a75665f4cb56f1c6','org_s14_osm_7a88a437a75665f4cb56f1c6','organization','seed_source_osm_ng_bank_fuel_pharma_area_20260422','osm_node_6347203985','public_data','OpenStreetMap Nigeria area','Fuel station','public_high_confidence','2026-04-22','2026-04-22','snapshot',NULL,unixepoch()),
  ('esrc_s14_osm_50d3bb3bd8472ba58df35fc9','org_s14_osm_50d3bb3bd8472ba58df35fc9','organization','seed_source_osm_ng_bank_fuel_pharma_area_20260422','osm_way_763488633','public_data','OpenStreetMap Nigeria area','Nick Abu Nig','public_high_confidence','2026-04-22','2026-04-22','snapshot',NULL,unixepoch()),
  ('esrc_s14_osm_728fcb354c2336616de52351','org_s14_osm_728fcb354c2336616de52351','organization','seed_source_osm_ng_bank_fuel_pharma_area_20260422','osm_node_4975392789','public_data','OpenStreetMap Nigeria area','Total petrol station','public_high_confidence','2026-04-22','2026-04-22','snapshot',NULL,unixepoch()),
  ('esrc_s14_osm_a986aff091e4bd110f19e3a1','org_s14_osm_a986aff091e4bd110f19e3a1','organization','seed_source_osm_ng_bank_fuel_pharma_area_20260422','osm_node_4975392792','public_data','OpenStreetMap Nigeria area','Petrol','public_high_confidence','2026-04-22','2026-04-22','snapshot',NULL,unixepoch()),
  ('esrc_s14_osm_d1181290980aeff4b5586e41','org_s14_osm_d1181290980aeff4b5586e41','organization','seed_source_osm_ng_bank_fuel_pharma_area_20260422','osm_node_4975392794','public_data','OpenStreetMap Nigeria area','diamond bank','public_high_confidence','2026-04-22','2026-04-22','snapshot',NULL,unixepoch());
