-- ============================================================
-- Migration 0478: OSM Nigeria Pharmacies & Chemists
-- Generated: 2026-05-02 | Records: 454
-- Source: OpenStreetMap Nigeria — Pharmacies & Chemists
-- Idempotent: all inserts use INSERT OR IGNORE
-- ============================================================
BEGIN TRANSACTION;
INSERT OR IGNORE INTO seed_sources (id,label,source_type,url,confidence_tier,notes) VALUES ('seed_source_osm_pharmacies_ng_20260502','OpenStreetMap Nigeria — Pharmacies & Chemists','osm_extract','https://www.openstreetmap.org','seeded','OpenStreetMap ODbL licensed data');
INSERT OR IGNORE INTO seed_runs (id,label,phase,status,started_at,completed_at) VALUES ('seed_run_s09_osm_pharmacies_20260502','S09 OSM OSM Nigeria Pharmacies & Chemists 2026-04-22','S07','completed',unixepoch(),unixepoch());
INSERT OR IGNORE INTO seed_raw_artifacts (id,seed_run_id,artifact_type,file_path,content_hash,row_count,notes) VALUES ('seed_artifact_seed_run_s09_osm_pharmacies_20260502','seed_run_s09_osm_pharmacies_20260502','normalized','infra/db/seed/sources',NULL,454,'Auto-generated from OpenStreetMap Nigeria — Pharmacies & Chemists');

INSERT OR IGNORE INTO organizations (id,tenant_id,organization_type,legal_name,display_name,registration_number,status,verification_state,created_at,updated_at) VALUES ('org_s09_pharmacy_df2b9ea739e3b1bb','tenant_platform_seed','pharmacy','Medicine Store','Medicine Store',NULL,'active','seeded',unixepoch(),unixepoch());
INSERT OR IGNORE INTO profiles (id,subject_id,subject_type,primary_place_id,tenant_id,workspace_id,display_name,created_at,updated_at) VALUES ('prof_s09_pharmacy_df2b9ea739e3b1bb','org_s09_pharmacy_df2b9ea739e3b1bb','organization','place_nigeria_001','tenant_platform_seed','workspace_platform_seed_discovery','Medicine Store',unixepoch(),unixepoch());
INSERT OR IGNORE INTO search_entries (id,profile_id,display_name,keywords,ancestry_path,vertical,created_at,updated_at) VALUES ('se_s09_pharmacy_df2b9ea739e3b1bb','prof_s09_pharmacy_df2b9ea739e3b1bb','Medicine Store','medicine store pharmacy chemist drug store medicine nigeria','place_nigeria_001','pharmacy',unixepoch(),unixepoch());
INSERT OR IGNORE INTO seed_ingestion_records (id,seed_run_id,entity_type,entity_id,source_id,status) VALUES ('ir_s09_pharmacy_df2b9ea739e3b1bb','seed_run_s09_osm_pharmacies_20260502','organization','org_s09_pharmacy_df2b9ea739e3b1bb','seed_source_osm_pharmacies_ng_20260502','ingested');
INSERT OR IGNORE INTO seed_entity_sources (id,seed_run_id,entity_type,entity_id,source_id,confidence_tier) VALUES ('es_s09_pharmacy_df2b9ea739e3b1bb','seed_run_s09_osm_pharmacies_20260502','organization','org_s09_pharmacy_df2b9ea739e3b1bb','seed_source_osm_pharmacies_ng_20260502','seeded');
INSERT OR IGNORE INTO seed_enrichment (id,seed_run_id,entity_type,entity_id,enrichment_type,enrichment_json) VALUES ('enr_s09_pharmacy_df2b9ea739e3b1bb','seed_run_s09_osm_pharmacies_20260502','organization','org_s09_pharmacy_df2b9ea739e3b1bb','licence_data','{"osm_id": "1994157404", "amenity": "pharmacy", "addr_state": null, "operator": null, "brand": null}');

INSERT OR IGNORE INTO organizations (id,tenant_id,organization_type,legal_name,display_name,registration_number,status,verification_state,created_at,updated_at) VALUES ('org_s09_pharmacy_5117dd254e2d9524','tenant_platform_seed','pharmacy','Conic Patent Medical Store','Conic Patent Medical Store',NULL,'active','seeded',unixepoch(),unixepoch());
INSERT OR IGNORE INTO profiles (id,subject_id,subject_type,primary_place_id,tenant_id,workspace_id,display_name,created_at,updated_at) VALUES ('prof_s09_pharmacy_5117dd254e2d9524','org_s09_pharmacy_5117dd254e2d9524','organization','place_nigeria_001','tenant_platform_seed','workspace_platform_seed_discovery','Conic Patent Medical Store',unixepoch(),unixepoch());
INSERT OR IGNORE INTO search_entries (id,profile_id,display_name,keywords,ancestry_path,vertical,created_at,updated_at) VALUES ('se_s09_pharmacy_5117dd254e2d9524','prof_s09_pharmacy_5117dd254e2d9524','Conic Patent Medical Store','conic patent medical store pharmacy chemist drug store medicine nigeria','place_nigeria_001','pharmacy',unixepoch(),unixepoch());
INSERT OR IGNORE INTO seed_ingestion_records (id,seed_run_id,entity_type,entity_id,source_id,status) VALUES ('ir_s09_pharmacy_5117dd254e2d9524','seed_run_s09_osm_pharmacies_20260502','organization','org_s09_pharmacy_5117dd254e2d9524','seed_source_osm_pharmacies_ng_20260502','ingested');
INSERT OR IGNORE INTO seed_entity_sources (id,seed_run_id,entity_type,entity_id,source_id,confidence_tier) VALUES ('es_s09_pharmacy_5117dd254e2d9524','seed_run_s09_osm_pharmacies_20260502','organization','org_s09_pharmacy_5117dd254e2d9524','seed_source_osm_pharmacies_ng_20260502','seeded');
INSERT OR IGNORE INTO seed_enrichment (id,seed_run_id,entity_type,entity_id,enrichment_type,enrichment_json) VALUES ('enr_s09_pharmacy_5117dd254e2d9524','seed_run_s09_osm_pharmacies_20260502','organization','org_s09_pharmacy_5117dd254e2d9524','licence_data','{"osm_id": "1994159677", "amenity": "pharmacy", "addr_state": null, "operator": null, "brand": null}');

INSERT OR IGNORE INTO organizations (id,tenant_id,organization_type,legal_name,display_name,registration_number,status,verification_state,created_at,updated_at) VALUES ('org_s09_pharmacy_84d63c924580da1f','tenant_platform_seed','pharmacy','Recall Life Pharmacy','Recall Life Pharmacy',NULL,'active','seeded',unixepoch(),unixepoch());
INSERT OR IGNORE INTO profiles (id,subject_id,subject_type,primary_place_id,tenant_id,workspace_id,display_name,created_at,updated_at) VALUES ('prof_s09_pharmacy_84d63c924580da1f','org_s09_pharmacy_84d63c924580da1f','organization','place_nigeria_001','tenant_platform_seed','workspace_platform_seed_discovery','Recall Life Pharmacy',unixepoch(),unixepoch());
INSERT OR IGNORE INTO search_entries (id,profile_id,display_name,keywords,ancestry_path,vertical,created_at,updated_at) VALUES ('se_s09_pharmacy_84d63c924580da1f','prof_s09_pharmacy_84d63c924580da1f','Recall Life Pharmacy','recall life pharmacy pharmacy chemist drug store medicine nigeria','place_nigeria_001','pharmacy',unixepoch(),unixepoch());
INSERT OR IGNORE INTO seed_ingestion_records (id,seed_run_id,entity_type,entity_id,source_id,status) VALUES ('ir_s09_pharmacy_84d63c924580da1f','seed_run_s09_osm_pharmacies_20260502','organization','org_s09_pharmacy_84d63c924580da1f','seed_source_osm_pharmacies_ng_20260502','ingested');
INSERT OR IGNORE INTO seed_entity_sources (id,seed_run_id,entity_type,entity_id,source_id,confidence_tier) VALUES ('es_s09_pharmacy_84d63c924580da1f','seed_run_s09_osm_pharmacies_20260502','organization','org_s09_pharmacy_84d63c924580da1f','seed_source_osm_pharmacies_ng_20260502','seeded');
INSERT OR IGNORE INTO seed_enrichment (id,seed_run_id,entity_type,entity_id,enrichment_type,enrichment_json) VALUES ('enr_s09_pharmacy_84d63c924580da1f','seed_run_s09_osm_pharmacies_20260502','organization','org_s09_pharmacy_84d63c924580da1f','licence_data','{"osm_id": "1994159685", "amenity": "pharmacy", "addr_state": null, "operator": null, "brand": null}');

INSERT OR IGNORE INTO organizations (id,tenant_id,organization_type,legal_name,display_name,registration_number,status,verification_state,created_at,updated_at) VALUES ('org_s09_pharmacy_3cb27474dd71fe1f','tenant_platform_seed','pharmacy','Kelvin Medical Store','Kelvin Medical Store',NULL,'active','seeded',unixepoch(),unixepoch());
INSERT OR IGNORE INTO profiles (id,subject_id,subject_type,primary_place_id,tenant_id,workspace_id,display_name,created_at,updated_at) VALUES ('prof_s09_pharmacy_3cb27474dd71fe1f','org_s09_pharmacy_3cb27474dd71fe1f','organization','place_nigeria_001','tenant_platform_seed','workspace_platform_seed_discovery','Kelvin Medical Store',unixepoch(),unixepoch());
INSERT OR IGNORE INTO search_entries (id,profile_id,display_name,keywords,ancestry_path,vertical,created_at,updated_at) VALUES ('se_s09_pharmacy_3cb27474dd71fe1f','prof_s09_pharmacy_3cb27474dd71fe1f','Kelvin Medical Store','kelvin medical store pharmacy chemist drug store medicine nigeria','place_nigeria_001','pharmacy',unixepoch(),unixepoch());
INSERT OR IGNORE INTO seed_ingestion_records (id,seed_run_id,entity_type,entity_id,source_id,status) VALUES ('ir_s09_pharmacy_3cb27474dd71fe1f','seed_run_s09_osm_pharmacies_20260502','organization','org_s09_pharmacy_3cb27474dd71fe1f','seed_source_osm_pharmacies_ng_20260502','ingested');
INSERT OR IGNORE INTO seed_entity_sources (id,seed_run_id,entity_type,entity_id,source_id,confidence_tier) VALUES ('es_s09_pharmacy_3cb27474dd71fe1f','seed_run_s09_osm_pharmacies_20260502','organization','org_s09_pharmacy_3cb27474dd71fe1f','seed_source_osm_pharmacies_ng_20260502','seeded');
INSERT OR IGNORE INTO seed_enrichment (id,seed_run_id,entity_type,entity_id,enrichment_type,enrichment_json) VALUES ('enr_s09_pharmacy_3cb27474dd71fe1f','seed_run_s09_osm_pharmacies_20260502','organization','org_s09_pharmacy_3cb27474dd71fe1f','licence_data','{"osm_id": "1995054549", "amenity": "pharmacy", "addr_state": null, "operator": null, "brand": null}');

INSERT OR IGNORE INTO organizations (id,tenant_id,organization_type,legal_name,display_name,registration_number,status,verification_state,created_at,updated_at) VALUES ('org_s09_pharmacy_fdcd9af3924bc038','tenant_platform_seed','pharmacy','Royal Okhia Pharmacy','Royal Okhia Pharmacy',NULL,'active','seeded',unixepoch(),unixepoch());
INSERT OR IGNORE INTO profiles (id,subject_id,subject_type,primary_place_id,tenant_id,workspace_id,display_name,created_at,updated_at) VALUES ('prof_s09_pharmacy_fdcd9af3924bc038','org_s09_pharmacy_fdcd9af3924bc038','organization','place_nigeria_001','tenant_platform_seed','workspace_platform_seed_discovery','Royal Okhia Pharmacy',unixepoch(),unixepoch());
INSERT OR IGNORE INTO search_entries (id,profile_id,display_name,keywords,ancestry_path,vertical,created_at,updated_at) VALUES ('se_s09_pharmacy_fdcd9af3924bc038','prof_s09_pharmacy_fdcd9af3924bc038','Royal Okhia Pharmacy','royal okhia pharmacy pharmacy chemist drug store medicine nigeria','place_nigeria_001','pharmacy',unixepoch(),unixepoch());
INSERT OR IGNORE INTO seed_ingestion_records (id,seed_run_id,entity_type,entity_id,source_id,status) VALUES ('ir_s09_pharmacy_fdcd9af3924bc038','seed_run_s09_osm_pharmacies_20260502','organization','org_s09_pharmacy_fdcd9af3924bc038','seed_source_osm_pharmacies_ng_20260502','ingested');
INSERT OR IGNORE INTO seed_entity_sources (id,seed_run_id,entity_type,entity_id,source_id,confidence_tier) VALUES ('es_s09_pharmacy_fdcd9af3924bc038','seed_run_s09_osm_pharmacies_20260502','organization','org_s09_pharmacy_fdcd9af3924bc038','seed_source_osm_pharmacies_ng_20260502','seeded');
INSERT OR IGNORE INTO seed_enrichment (id,seed_run_id,entity_type,entity_id,enrichment_type,enrichment_json) VALUES ('enr_s09_pharmacy_fdcd9af3924bc038','seed_run_s09_osm_pharmacies_20260502','organization','org_s09_pharmacy_fdcd9af3924bc038','licence_data','{"osm_id": "1995055581", "amenity": "pharmacy", "addr_state": null, "operator": null, "brand": null}');

INSERT OR IGNORE INTO organizations (id,tenant_id,organization_type,legal_name,display_name,registration_number,status,verification_state,created_at,updated_at) VALUES ('org_s09_pharmacy_65e9c4a01e2226ff','tenant_platform_seed','pharmacy','reliance medical laboratary','reliance medical laboratary',NULL,'active','seeded',unixepoch(),unixepoch());
INSERT OR IGNORE INTO profiles (id,subject_id,subject_type,primary_place_id,tenant_id,workspace_id,display_name,created_at,updated_at) VALUES ('prof_s09_pharmacy_65e9c4a01e2226ff','org_s09_pharmacy_65e9c4a01e2226ff','organization','place_nigeria_001','tenant_platform_seed','workspace_platform_seed_discovery','reliance medical laboratary',unixepoch(),unixepoch());
INSERT OR IGNORE INTO search_entries (id,profile_id,display_name,keywords,ancestry_path,vertical,created_at,updated_at) VALUES ('se_s09_pharmacy_65e9c4a01e2226ff','prof_s09_pharmacy_65e9c4a01e2226ff','reliance medical laboratary','reliance medical laboratary pharmacy chemist drug store medicine nigeria','place_nigeria_001','pharmacy',unixepoch(),unixepoch());
INSERT OR IGNORE INTO seed_ingestion_records (id,seed_run_id,entity_type,entity_id,source_id,status) VALUES ('ir_s09_pharmacy_65e9c4a01e2226ff','seed_run_s09_osm_pharmacies_20260502','organization','org_s09_pharmacy_65e9c4a01e2226ff','seed_source_osm_pharmacies_ng_20260502','ingested');
INSERT OR IGNORE INTO seed_entity_sources (id,seed_run_id,entity_type,entity_id,source_id,confidence_tier) VALUES ('es_s09_pharmacy_65e9c4a01e2226ff','seed_run_s09_osm_pharmacies_20260502','organization','org_s09_pharmacy_65e9c4a01e2226ff','seed_source_osm_pharmacies_ng_20260502','seeded');
INSERT OR IGNORE INTO seed_enrichment (id,seed_run_id,entity_type,entity_id,enrichment_type,enrichment_json) VALUES ('enr_s09_pharmacy_65e9c4a01e2226ff','seed_run_s09_osm_pharmacies_20260502','organization','org_s09_pharmacy_65e9c4a01e2226ff','licence_data','{"osm_id": "2000020871", "amenity": "pharmacy", "addr_state": null, "operator": null, "brand": null}');

INSERT OR IGNORE INTO organizations (id,tenant_id,organization_type,legal_name,display_name,registration_number,status,verification_state,created_at,updated_at) VALUES ('org_s09_pharmacy_5480b435f2e460fe','tenant_platform_seed','pharmacy','Pharmacist Council, Edo State Medical Store','Pharmacist Council, Edo State Medical Store',NULL,'active','seeded',unixepoch(),unixepoch());
INSERT OR IGNORE INTO profiles (id,subject_id,subject_type,primary_place_id,tenant_id,workspace_id,display_name,created_at,updated_at) VALUES ('prof_s09_pharmacy_5480b435f2e460fe','org_s09_pharmacy_5480b435f2e460fe','organization','place_nigeria_001','tenant_platform_seed','workspace_platform_seed_discovery','Pharmacist Council, Edo State Medical Store',unixepoch(),unixepoch());
INSERT OR IGNORE INTO search_entries (id,profile_id,display_name,keywords,ancestry_path,vertical,created_at,updated_at) VALUES ('se_s09_pharmacy_5480b435f2e460fe','prof_s09_pharmacy_5480b435f2e460fe','Pharmacist Council, Edo State Medical Store','pharmacist council, edo state medical store pharmacy chemist drug store medicine nigeria','place_nigeria_001','pharmacy',unixepoch(),unixepoch());
INSERT OR IGNORE INTO seed_ingestion_records (id,seed_run_id,entity_type,entity_id,source_id,status) VALUES ('ir_s09_pharmacy_5480b435f2e460fe','seed_run_s09_osm_pharmacies_20260502','organization','org_s09_pharmacy_5480b435f2e460fe','seed_source_osm_pharmacies_ng_20260502','ingested');
INSERT OR IGNORE INTO seed_entity_sources (id,seed_run_id,entity_type,entity_id,source_id,confidence_tier) VALUES ('es_s09_pharmacy_5480b435f2e460fe','seed_run_s09_osm_pharmacies_20260502','organization','org_s09_pharmacy_5480b435f2e460fe','seed_source_osm_pharmacies_ng_20260502','seeded');
INSERT OR IGNORE INTO seed_enrichment (id,seed_run_id,entity_type,entity_id,enrichment_type,enrichment_json) VALUES ('enr_s09_pharmacy_5480b435f2e460fe','seed_run_s09_osm_pharmacies_20260502','organization','org_s09_pharmacy_5480b435f2e460fe','licence_data','{"osm_id": "2072621420", "amenity": "pharmacy", "addr_state": null, "operator": null, "brand": null}');

INSERT OR IGNORE INTO organizations (id,tenant_id,organization_type,legal_name,display_name,registration_number,status,verification_state,created_at,updated_at) VALUES ('org_s09_pharmacy_5b5aa29c3fa9c87b','tenant_platform_seed','pharmacy','Medicine Store','Medicine Store',NULL,'active','seeded',unixepoch(),unixepoch());
INSERT OR IGNORE INTO profiles (id,subject_id,subject_type,primary_place_id,tenant_id,workspace_id,display_name,created_at,updated_at) VALUES ('prof_s09_pharmacy_5b5aa29c3fa9c87b','org_s09_pharmacy_5b5aa29c3fa9c87b','organization','place_nigeria_001','tenant_platform_seed','workspace_platform_seed_discovery','Medicine Store',unixepoch(),unixepoch());
INSERT OR IGNORE INTO search_entries (id,profile_id,display_name,keywords,ancestry_path,vertical,created_at,updated_at) VALUES ('se_s09_pharmacy_5b5aa29c3fa9c87b','prof_s09_pharmacy_5b5aa29c3fa9c87b','Medicine Store','medicine store pharmacy chemist drug store medicine nigeria','place_nigeria_001','pharmacy',unixepoch(),unixepoch());
INSERT OR IGNORE INTO seed_ingestion_records (id,seed_run_id,entity_type,entity_id,source_id,status) VALUES ('ir_s09_pharmacy_5b5aa29c3fa9c87b','seed_run_s09_osm_pharmacies_20260502','organization','org_s09_pharmacy_5b5aa29c3fa9c87b','seed_source_osm_pharmacies_ng_20260502','ingested');
INSERT OR IGNORE INTO seed_entity_sources (id,seed_run_id,entity_type,entity_id,source_id,confidence_tier) VALUES ('es_s09_pharmacy_5b5aa29c3fa9c87b','seed_run_s09_osm_pharmacies_20260502','organization','org_s09_pharmacy_5b5aa29c3fa9c87b','seed_source_osm_pharmacies_ng_20260502','seeded');
INSERT OR IGNORE INTO seed_enrichment (id,seed_run_id,entity_type,entity_id,enrichment_type,enrichment_json) VALUES ('enr_s09_pharmacy_5b5aa29c3fa9c87b','seed_run_s09_osm_pharmacies_20260502','organization','org_s09_pharmacy_5b5aa29c3fa9c87b','licence_data','{"osm_id": "2072662184", "amenity": "pharmacy", "addr_state": null, "operator": null, "brand": null}');

INSERT OR IGNORE INTO organizations (id,tenant_id,organization_type,legal_name,display_name,registration_number,status,verification_state,created_at,updated_at) VALUES ('org_s09_pharmacy_721ed33f62405e52','tenant_platform_seed','pharmacy','Okungbowa Medical Store','Okungbowa Medical Store',NULL,'active','seeded',unixepoch(),unixepoch());
INSERT OR IGNORE INTO profiles (id,subject_id,subject_type,primary_place_id,tenant_id,workspace_id,display_name,created_at,updated_at) VALUES ('prof_s09_pharmacy_721ed33f62405e52','org_s09_pharmacy_721ed33f62405e52','organization','place_nigeria_001','tenant_platform_seed','workspace_platform_seed_discovery','Okungbowa Medical Store',unixepoch(),unixepoch());
INSERT OR IGNORE INTO search_entries (id,profile_id,display_name,keywords,ancestry_path,vertical,created_at,updated_at) VALUES ('se_s09_pharmacy_721ed33f62405e52','prof_s09_pharmacy_721ed33f62405e52','Okungbowa Medical Store','okungbowa medical store pharmacy chemist drug store medicine nigeria','place_nigeria_001','pharmacy',unixepoch(),unixepoch());
INSERT OR IGNORE INTO seed_ingestion_records (id,seed_run_id,entity_type,entity_id,source_id,status) VALUES ('ir_s09_pharmacy_721ed33f62405e52','seed_run_s09_osm_pharmacies_20260502','organization','org_s09_pharmacy_721ed33f62405e52','seed_source_osm_pharmacies_ng_20260502','ingested');
INSERT OR IGNORE INTO seed_entity_sources (id,seed_run_id,entity_type,entity_id,source_id,confidence_tier) VALUES ('es_s09_pharmacy_721ed33f62405e52','seed_run_s09_osm_pharmacies_20260502','organization','org_s09_pharmacy_721ed33f62405e52','seed_source_osm_pharmacies_ng_20260502','seeded');
INSERT OR IGNORE INTO seed_enrichment (id,seed_run_id,entity_type,entity_id,enrichment_type,enrichment_json) VALUES ('enr_s09_pharmacy_721ed33f62405e52','seed_run_s09_osm_pharmacies_20260502','organization','org_s09_pharmacy_721ed33f62405e52','licence_data','{"osm_id": "2072662363", "amenity": "pharmacy", "addr_state": null, "operator": null, "brand": null}');

INSERT OR IGNORE INTO organizations (id,tenant_id,organization_type,legal_name,display_name,registration_number,status,verification_state,created_at,updated_at) VALUES ('org_s09_pharmacy_aa97742d50963095','tenant_platform_seed','pharmacy','Coka Pharmarcy','Coka Pharmarcy',NULL,'active','seeded',unixepoch(),unixepoch());
INSERT OR IGNORE INTO profiles (id,subject_id,subject_type,primary_place_id,tenant_id,workspace_id,display_name,created_at,updated_at) VALUES ('prof_s09_pharmacy_aa97742d50963095','org_s09_pharmacy_aa97742d50963095','organization','place_nigeria_001','tenant_platform_seed','workspace_platform_seed_discovery','Coka Pharmarcy',unixepoch(),unixepoch());
INSERT OR IGNORE INTO search_entries (id,profile_id,display_name,keywords,ancestry_path,vertical,created_at,updated_at) VALUES ('se_s09_pharmacy_aa97742d50963095','prof_s09_pharmacy_aa97742d50963095','Coka Pharmarcy','coka pharmarcy pharmacy chemist drug store medicine nigeria','place_nigeria_001','pharmacy',unixepoch(),unixepoch());
INSERT OR IGNORE INTO seed_ingestion_records (id,seed_run_id,entity_type,entity_id,source_id,status) VALUES ('ir_s09_pharmacy_aa97742d50963095','seed_run_s09_osm_pharmacies_20260502','organization','org_s09_pharmacy_aa97742d50963095','seed_source_osm_pharmacies_ng_20260502','ingested');
INSERT OR IGNORE INTO seed_entity_sources (id,seed_run_id,entity_type,entity_id,source_id,confidence_tier) VALUES ('es_s09_pharmacy_aa97742d50963095','seed_run_s09_osm_pharmacies_20260502','organization','org_s09_pharmacy_aa97742d50963095','seed_source_osm_pharmacies_ng_20260502','seeded');
INSERT OR IGNORE INTO seed_enrichment (id,seed_run_id,entity_type,entity_id,enrichment_type,enrichment_json) VALUES ('enr_s09_pharmacy_aa97742d50963095','seed_run_s09_osm_pharmacies_20260502','organization','org_s09_pharmacy_aa97742d50963095','licence_data','{"osm_id": "2075846061", "amenity": "pharmacy", "addr_state": null, "operator": null, "brand": null}');

INSERT OR IGNORE INTO organizations (id,tenant_id,organization_type,legal_name,display_name,registration_number,status,verification_state,created_at,updated_at) VALUES ('org_s09_pharmacy_1b8679c601738cca','tenant_platform_seed','pharmacy','Airen Pharmacy','Airen Pharmacy',NULL,'active','seeded',unixepoch(),unixepoch());
INSERT OR IGNORE INTO profiles (id,subject_id,subject_type,primary_place_id,tenant_id,workspace_id,display_name,created_at,updated_at) VALUES ('prof_s09_pharmacy_1b8679c601738cca','org_s09_pharmacy_1b8679c601738cca','organization','place_nigeria_001','tenant_platform_seed','workspace_platform_seed_discovery','Airen Pharmacy',unixepoch(),unixepoch());
INSERT OR IGNORE INTO search_entries (id,profile_id,display_name,keywords,ancestry_path,vertical,created_at,updated_at) VALUES ('se_s09_pharmacy_1b8679c601738cca','prof_s09_pharmacy_1b8679c601738cca','Airen Pharmacy','airen pharmacy pharmacy chemist drug store medicine nigeria','place_nigeria_001','pharmacy',unixepoch(),unixepoch());
INSERT OR IGNORE INTO seed_ingestion_records (id,seed_run_id,entity_type,entity_id,source_id,status) VALUES ('ir_s09_pharmacy_1b8679c601738cca','seed_run_s09_osm_pharmacies_20260502','organization','org_s09_pharmacy_1b8679c601738cca','seed_source_osm_pharmacies_ng_20260502','ingested');
INSERT OR IGNORE INTO seed_entity_sources (id,seed_run_id,entity_type,entity_id,source_id,confidence_tier) VALUES ('es_s09_pharmacy_1b8679c601738cca','seed_run_s09_osm_pharmacies_20260502','organization','org_s09_pharmacy_1b8679c601738cca','seed_source_osm_pharmacies_ng_20260502','seeded');
INSERT OR IGNORE INTO seed_enrichment (id,seed_run_id,entity_type,entity_id,enrichment_type,enrichment_json) VALUES ('enr_s09_pharmacy_1b8679c601738cca','seed_run_s09_osm_pharmacies_20260502','organization','org_s09_pharmacy_1b8679c601738cca','licence_data','{"osm_id": "2152941179", "amenity": "pharmacy", "addr_state": null, "operator": null, "brand": null}');

INSERT OR IGNORE INTO organizations (id,tenant_id,organization_type,legal_name,display_name,registration_number,status,verification_state,created_at,updated_at) VALUES ('org_s09_pharmacy_1f4af6de3aa195db','tenant_platform_seed','pharmacy','Flowell Pharnacy','Flowell Pharnacy',NULL,'active','seeded',unixepoch(),unixepoch());
INSERT OR IGNORE INTO profiles (id,subject_id,subject_type,primary_place_id,tenant_id,workspace_id,display_name,created_at,updated_at) VALUES ('prof_s09_pharmacy_1f4af6de3aa195db','org_s09_pharmacy_1f4af6de3aa195db','organization','place_nigeria_001','tenant_platform_seed','workspace_platform_seed_discovery','Flowell Pharnacy',unixepoch(),unixepoch());
INSERT OR IGNORE INTO search_entries (id,profile_id,display_name,keywords,ancestry_path,vertical,created_at,updated_at) VALUES ('se_s09_pharmacy_1f4af6de3aa195db','prof_s09_pharmacy_1f4af6de3aa195db','Flowell Pharnacy','flowell pharnacy pharmacy chemist drug store medicine nigeria','place_nigeria_001','pharmacy',unixepoch(),unixepoch());
INSERT OR IGNORE INTO seed_ingestion_records (id,seed_run_id,entity_type,entity_id,source_id,status) VALUES ('ir_s09_pharmacy_1f4af6de3aa195db','seed_run_s09_osm_pharmacies_20260502','organization','org_s09_pharmacy_1f4af6de3aa195db','seed_source_osm_pharmacies_ng_20260502','ingested');
INSERT OR IGNORE INTO seed_entity_sources (id,seed_run_id,entity_type,entity_id,source_id,confidence_tier) VALUES ('es_s09_pharmacy_1f4af6de3aa195db','seed_run_s09_osm_pharmacies_20260502','organization','org_s09_pharmacy_1f4af6de3aa195db','seed_source_osm_pharmacies_ng_20260502','seeded');
INSERT OR IGNORE INTO seed_enrichment (id,seed_run_id,entity_type,entity_id,enrichment_type,enrichment_json) VALUES ('enr_s09_pharmacy_1f4af6de3aa195db','seed_run_s09_osm_pharmacies_20260502','organization','org_s09_pharmacy_1f4af6de3aa195db','licence_data','{"osm_id": "2153205718", "amenity": "pharmacy", "addr_state": null, "operator": null, "brand": null}');

INSERT OR IGNORE INTO organizations (id,tenant_id,organization_type,legal_name,display_name,registration_number,status,verification_state,created_at,updated_at) VALUES ('org_s09_pharmacy_060c76369edb3040','tenant_platform_seed','pharmacy','Flowell Pharmacy','Flowell Pharmacy',NULL,'active','seeded',unixepoch(),unixepoch());
INSERT OR IGNORE INTO profiles (id,subject_id,subject_type,primary_place_id,tenant_id,workspace_id,display_name,created_at,updated_at) VALUES ('prof_s09_pharmacy_060c76369edb3040','org_s09_pharmacy_060c76369edb3040','organization','place_nigeria_001','tenant_platform_seed','workspace_platform_seed_discovery','Flowell Pharmacy',unixepoch(),unixepoch());
INSERT OR IGNORE INTO search_entries (id,profile_id,display_name,keywords,ancestry_path,vertical,created_at,updated_at) VALUES ('se_s09_pharmacy_060c76369edb3040','prof_s09_pharmacy_060c76369edb3040','Flowell Pharmacy','flowell pharmacy pharmacy chemist drug store medicine nigeria','place_nigeria_001','pharmacy',unixepoch(),unixepoch());
INSERT OR IGNORE INTO seed_ingestion_records (id,seed_run_id,entity_type,entity_id,source_id,status) VALUES ('ir_s09_pharmacy_060c76369edb3040','seed_run_s09_osm_pharmacies_20260502','organization','org_s09_pharmacy_060c76369edb3040','seed_source_osm_pharmacies_ng_20260502','ingested');
INSERT OR IGNORE INTO seed_entity_sources (id,seed_run_id,entity_type,entity_id,source_id,confidence_tier) VALUES ('es_s09_pharmacy_060c76369edb3040','seed_run_s09_osm_pharmacies_20260502','organization','org_s09_pharmacy_060c76369edb3040','seed_source_osm_pharmacies_ng_20260502','seeded');
INSERT OR IGNORE INTO seed_enrichment (id,seed_run_id,entity_type,entity_id,enrichment_type,enrichment_json) VALUES ('enr_s09_pharmacy_060c76369edb3040','seed_run_s09_osm_pharmacies_20260502','organization','org_s09_pharmacy_060c76369edb3040','licence_data','{"osm_id": "2153205858", "amenity": "pharmacy", "addr_state": null, "operator": null, "brand": null}');

INSERT OR IGNORE INTO organizations (id,tenant_id,organization_type,legal_name,display_name,registration_number,status,verification_state,created_at,updated_at) VALUES ('org_s09_pharmacy_1f4e1a7ff2a96f78','tenant_platform_seed','pharmacy','Golden Berries','Golden Berries',NULL,'active','seeded',unixepoch(),unixepoch());
INSERT OR IGNORE INTO profiles (id,subject_id,subject_type,primary_place_id,tenant_id,workspace_id,display_name,created_at,updated_at) VALUES ('prof_s09_pharmacy_1f4e1a7ff2a96f78','org_s09_pharmacy_1f4e1a7ff2a96f78','organization','place_nigeria_001','tenant_platform_seed','workspace_platform_seed_discovery','Golden Berries',unixepoch(),unixepoch());
INSERT OR IGNORE INTO search_entries (id,profile_id,display_name,keywords,ancestry_path,vertical,created_at,updated_at) VALUES ('se_s09_pharmacy_1f4e1a7ff2a96f78','prof_s09_pharmacy_1f4e1a7ff2a96f78','Golden Berries','golden berries pharmacy chemist drug store medicine nigeria','place_nigeria_001','pharmacy',unixepoch(),unixepoch());
INSERT OR IGNORE INTO seed_ingestion_records (id,seed_run_id,entity_type,entity_id,source_id,status) VALUES ('ir_s09_pharmacy_1f4e1a7ff2a96f78','seed_run_s09_osm_pharmacies_20260502','organization','org_s09_pharmacy_1f4e1a7ff2a96f78','seed_source_osm_pharmacies_ng_20260502','ingested');
INSERT OR IGNORE INTO seed_entity_sources (id,seed_run_id,entity_type,entity_id,source_id,confidence_tier) VALUES ('es_s09_pharmacy_1f4e1a7ff2a96f78','seed_run_s09_osm_pharmacies_20260502','organization','org_s09_pharmacy_1f4e1a7ff2a96f78','seed_source_osm_pharmacies_ng_20260502','seeded');
INSERT OR IGNORE INTO seed_enrichment (id,seed_run_id,entity_type,entity_id,enrichment_type,enrichment_json) VALUES ('enr_s09_pharmacy_1f4e1a7ff2a96f78','seed_run_s09_osm_pharmacies_20260502','organization','org_s09_pharmacy_1f4e1a7ff2a96f78','licence_data','{"osm_id": "2154550310", "amenity": "pharmacy", "addr_state": null, "operator": null, "brand": null}');

INSERT OR IGNORE INTO organizations (id,tenant_id,organization_type,legal_name,display_name,registration_number,status,verification_state,created_at,updated_at) VALUES ('org_s09_pharmacy_865da60a0fe7a679','tenant_platform_seed','pharmacy','IK Pharmacy','IK Pharmacy',NULL,'active','seeded',unixepoch(),unixepoch());
INSERT OR IGNORE INTO profiles (id,subject_id,subject_type,primary_place_id,tenant_id,workspace_id,display_name,created_at,updated_at) VALUES ('prof_s09_pharmacy_865da60a0fe7a679','org_s09_pharmacy_865da60a0fe7a679','organization','place_nigeria_001','tenant_platform_seed','workspace_platform_seed_discovery','IK Pharmacy',unixepoch(),unixepoch());
INSERT OR IGNORE INTO search_entries (id,profile_id,display_name,keywords,ancestry_path,vertical,created_at,updated_at) VALUES ('se_s09_pharmacy_865da60a0fe7a679','prof_s09_pharmacy_865da60a0fe7a679','IK Pharmacy','ik pharmacy pharmacy chemist drug store medicine nigeria','place_nigeria_001','pharmacy',unixepoch(),unixepoch());
INSERT OR IGNORE INTO seed_ingestion_records (id,seed_run_id,entity_type,entity_id,source_id,status) VALUES ('ir_s09_pharmacy_865da60a0fe7a679','seed_run_s09_osm_pharmacies_20260502','organization','org_s09_pharmacy_865da60a0fe7a679','seed_source_osm_pharmacies_ng_20260502','ingested');
INSERT OR IGNORE INTO seed_entity_sources (id,seed_run_id,entity_type,entity_id,source_id,confidence_tier) VALUES ('es_s09_pharmacy_865da60a0fe7a679','seed_run_s09_osm_pharmacies_20260502','organization','org_s09_pharmacy_865da60a0fe7a679','seed_source_osm_pharmacies_ng_20260502','seeded');
INSERT OR IGNORE INTO seed_enrichment (id,seed_run_id,entity_type,entity_id,enrichment_type,enrichment_json) VALUES ('enr_s09_pharmacy_865da60a0fe7a679','seed_run_s09_osm_pharmacies_20260502','organization','org_s09_pharmacy_865da60a0fe7a679','licence_data','{"osm_id": "2154559627", "amenity": "pharmacy", "addr_state": null, "operator": null, "brand": null}');

INSERT OR IGNORE INTO organizations (id,tenant_id,organization_type,legal_name,display_name,registration_number,status,verification_state,created_at,updated_at) VALUES ('org_s09_pharmacy_90d2ae3db8be5325','tenant_platform_seed','pharmacy','Itohan Chemist','Itohan Chemist',NULL,'active','seeded',unixepoch(),unixepoch());
INSERT OR IGNORE INTO profiles (id,subject_id,subject_type,primary_place_id,tenant_id,workspace_id,display_name,created_at,updated_at) VALUES ('prof_s09_pharmacy_90d2ae3db8be5325','org_s09_pharmacy_90d2ae3db8be5325','organization','place_nigeria_001','tenant_platform_seed','workspace_platform_seed_discovery','Itohan Chemist',unixepoch(),unixepoch());
INSERT OR IGNORE INTO search_entries (id,profile_id,display_name,keywords,ancestry_path,vertical,created_at,updated_at) VALUES ('se_s09_pharmacy_90d2ae3db8be5325','prof_s09_pharmacy_90d2ae3db8be5325','Itohan Chemist','itohan chemist pharmacy chemist drug store medicine nigeria','place_nigeria_001','pharmacy',unixepoch(),unixepoch());
INSERT OR IGNORE INTO seed_ingestion_records (id,seed_run_id,entity_type,entity_id,source_id,status) VALUES ('ir_s09_pharmacy_90d2ae3db8be5325','seed_run_s09_osm_pharmacies_20260502','organization','org_s09_pharmacy_90d2ae3db8be5325','seed_source_osm_pharmacies_ng_20260502','ingested');
INSERT OR IGNORE INTO seed_entity_sources (id,seed_run_id,entity_type,entity_id,source_id,confidence_tier) VALUES ('es_s09_pharmacy_90d2ae3db8be5325','seed_run_s09_osm_pharmacies_20260502','organization','org_s09_pharmacy_90d2ae3db8be5325','seed_source_osm_pharmacies_ng_20260502','seeded');
INSERT OR IGNORE INTO seed_enrichment (id,seed_run_id,entity_type,entity_id,enrichment_type,enrichment_json) VALUES ('enr_s09_pharmacy_90d2ae3db8be5325','seed_run_s09_osm_pharmacies_20260502','organization','org_s09_pharmacy_90d2ae3db8be5325','licence_data','{"osm_id": "2154569173", "amenity": "pharmacy", "addr_state": null, "operator": null, "brand": null}');

INSERT OR IGNORE INTO organizations (id,tenant_id,organization_type,legal_name,display_name,registration_number,status,verification_state,created_at,updated_at) VALUES ('org_s09_pharmacy_fe0cb909caaf69c3','tenant_platform_seed','pharmacy','Korban Pharmacy & Stores','Korban Pharmacy & Stores',NULL,'active','seeded',unixepoch(),unixepoch());
INSERT OR IGNORE INTO profiles (id,subject_id,subject_type,primary_place_id,tenant_id,workspace_id,display_name,created_at,updated_at) VALUES ('prof_s09_pharmacy_fe0cb909caaf69c3','org_s09_pharmacy_fe0cb909caaf69c3','organization','place_nigeria_001','tenant_platform_seed','workspace_platform_seed_discovery','Korban Pharmacy & Stores',unixepoch(),unixepoch());
INSERT OR IGNORE INTO search_entries (id,profile_id,display_name,keywords,ancestry_path,vertical,created_at,updated_at) VALUES ('se_s09_pharmacy_fe0cb909caaf69c3','prof_s09_pharmacy_fe0cb909caaf69c3','Korban Pharmacy & Stores','korban pharmacy & stores pharmacy chemist drug store medicine nigeria','place_nigeria_001','pharmacy',unixepoch(),unixepoch());
INSERT OR IGNORE INTO seed_ingestion_records (id,seed_run_id,entity_type,entity_id,source_id,status) VALUES ('ir_s09_pharmacy_fe0cb909caaf69c3','seed_run_s09_osm_pharmacies_20260502','organization','org_s09_pharmacy_fe0cb909caaf69c3','seed_source_osm_pharmacies_ng_20260502','ingested');
INSERT OR IGNORE INTO seed_entity_sources (id,seed_run_id,entity_type,entity_id,source_id,confidence_tier) VALUES ('es_s09_pharmacy_fe0cb909caaf69c3','seed_run_s09_osm_pharmacies_20260502','organization','org_s09_pharmacy_fe0cb909caaf69c3','seed_source_osm_pharmacies_ng_20260502','seeded');
INSERT OR IGNORE INTO seed_enrichment (id,seed_run_id,entity_type,entity_id,enrichment_type,enrichment_json) VALUES ('enr_s09_pharmacy_fe0cb909caaf69c3','seed_run_s09_osm_pharmacies_20260502','organization','org_s09_pharmacy_fe0cb909caaf69c3','licence_data','{"osm_id": "2154570763", "amenity": "pharmacy", "addr_state": null, "operator": null, "brand": null}');

INSERT OR IGNORE INTO organizations (id,tenant_id,organization_type,legal_name,display_name,registration_number,status,verification_state,created_at,updated_at) VALUES ('org_s09_pharmacy_b01ba9d5b1926878','tenant_platform_seed','pharmacy','Ladith centre pharmacy','Ladith centre pharmacy',NULL,'active','seeded',unixepoch(),unixepoch());
INSERT OR IGNORE INTO profiles (id,subject_id,subject_type,primary_place_id,tenant_id,workspace_id,display_name,created_at,updated_at) VALUES ('prof_s09_pharmacy_b01ba9d5b1926878','org_s09_pharmacy_b01ba9d5b1926878','organization','place_nigeria_001','tenant_platform_seed','workspace_platform_seed_discovery','Ladith centre pharmacy',unixepoch(),unixepoch());
INSERT OR IGNORE INTO search_entries (id,profile_id,display_name,keywords,ancestry_path,vertical,created_at,updated_at) VALUES ('se_s09_pharmacy_b01ba9d5b1926878','prof_s09_pharmacy_b01ba9d5b1926878','Ladith centre pharmacy','ladith centre pharmacy pharmacy chemist drug store medicine nigeria','place_nigeria_001','pharmacy',unixepoch(),unixepoch());
INSERT OR IGNORE INTO seed_ingestion_records (id,seed_run_id,entity_type,entity_id,source_id,status) VALUES ('ir_s09_pharmacy_b01ba9d5b1926878','seed_run_s09_osm_pharmacies_20260502','organization','org_s09_pharmacy_b01ba9d5b1926878','seed_source_osm_pharmacies_ng_20260502','ingested');
INSERT OR IGNORE INTO seed_entity_sources (id,seed_run_id,entity_type,entity_id,source_id,confidence_tier) VALUES ('es_s09_pharmacy_b01ba9d5b1926878','seed_run_s09_osm_pharmacies_20260502','organization','org_s09_pharmacy_b01ba9d5b1926878','seed_source_osm_pharmacies_ng_20260502','seeded');
INSERT OR IGNORE INTO seed_enrichment (id,seed_run_id,entity_type,entity_id,enrichment_type,enrichment_json) VALUES ('enr_s09_pharmacy_b01ba9d5b1926878','seed_run_s09_osm_pharmacies_20260502','organization','org_s09_pharmacy_b01ba9d5b1926878','licence_data','{"osm_id": "2155787295", "amenity": "pharmacy", "addr_state": null, "operator": null, "brand": null}');

INSERT OR IGNORE INTO organizations (id,tenant_id,organization_type,legal_name,display_name,registration_number,status,verification_state,created_at,updated_at) VALUES ('org_s09_pharmacy_b7817fd6dc3002f1','tenant_platform_seed','pharmacy','Josaf Pharm','Josaf Pharm',NULL,'active','seeded',unixepoch(),unixepoch());
INSERT OR IGNORE INTO profiles (id,subject_id,subject_type,primary_place_id,tenant_id,workspace_id,display_name,created_at,updated_at) VALUES ('prof_s09_pharmacy_b7817fd6dc3002f1','org_s09_pharmacy_b7817fd6dc3002f1','organization','place_nigeria_001','tenant_platform_seed','workspace_platform_seed_discovery','Josaf Pharm',unixepoch(),unixepoch());
INSERT OR IGNORE INTO search_entries (id,profile_id,display_name,keywords,ancestry_path,vertical,created_at,updated_at) VALUES ('se_s09_pharmacy_b7817fd6dc3002f1','prof_s09_pharmacy_b7817fd6dc3002f1','Josaf Pharm','josaf pharm pharmacy chemist drug store medicine nigeria','place_nigeria_001','pharmacy',unixepoch(),unixepoch());
INSERT OR IGNORE INTO seed_ingestion_records (id,seed_run_id,entity_type,entity_id,source_id,status) VALUES ('ir_s09_pharmacy_b7817fd6dc3002f1','seed_run_s09_osm_pharmacies_20260502','organization','org_s09_pharmacy_b7817fd6dc3002f1','seed_source_osm_pharmacies_ng_20260502','ingested');
INSERT OR IGNORE INTO seed_entity_sources (id,seed_run_id,entity_type,entity_id,source_id,confidence_tier) VALUES ('es_s09_pharmacy_b7817fd6dc3002f1','seed_run_s09_osm_pharmacies_20260502','organization','org_s09_pharmacy_b7817fd6dc3002f1','seed_source_osm_pharmacies_ng_20260502','seeded');
INSERT OR IGNORE INTO seed_enrichment (id,seed_run_id,entity_type,entity_id,enrichment_type,enrichment_json) VALUES ('enr_s09_pharmacy_b7817fd6dc3002f1','seed_run_s09_osm_pharmacies_20260502','organization','org_s09_pharmacy_b7817fd6dc3002f1','licence_data','{"osm_id": "2161060443", "amenity": "pharmacy", "addr_state": null, "operator": null, "brand": null}');

INSERT OR IGNORE INTO organizations (id,tenant_id,organization_type,legal_name,display_name,registration_number,status,verification_state,created_at,updated_at) VALUES ('org_s09_pharmacy_c67c15af03e657a9','tenant_platform_seed','pharmacy','Nasi Pharmacy','Nasi Pharmacy',NULL,'active','seeded',unixepoch(),unixepoch());
INSERT OR IGNORE INTO profiles (id,subject_id,subject_type,primary_place_id,tenant_id,workspace_id,display_name,created_at,updated_at) VALUES ('prof_s09_pharmacy_c67c15af03e657a9','org_s09_pharmacy_c67c15af03e657a9','organization','place_nigeria_001','tenant_platform_seed','workspace_platform_seed_discovery','Nasi Pharmacy',unixepoch(),unixepoch());
INSERT OR IGNORE INTO search_entries (id,profile_id,display_name,keywords,ancestry_path,vertical,created_at,updated_at) VALUES ('se_s09_pharmacy_c67c15af03e657a9','prof_s09_pharmacy_c67c15af03e657a9','Nasi Pharmacy','nasi pharmacy pharmacy chemist drug store medicine nigeria','place_nigeria_001','pharmacy',unixepoch(),unixepoch());
INSERT OR IGNORE INTO seed_ingestion_records (id,seed_run_id,entity_type,entity_id,source_id,status) VALUES ('ir_s09_pharmacy_c67c15af03e657a9','seed_run_s09_osm_pharmacies_20260502','organization','org_s09_pharmacy_c67c15af03e657a9','seed_source_osm_pharmacies_ng_20260502','ingested');
INSERT OR IGNORE INTO seed_entity_sources (id,seed_run_id,entity_type,entity_id,source_id,confidence_tier) VALUES ('es_s09_pharmacy_c67c15af03e657a9','seed_run_s09_osm_pharmacies_20260502','organization','org_s09_pharmacy_c67c15af03e657a9','seed_source_osm_pharmacies_ng_20260502','seeded');
INSERT OR IGNORE INTO seed_enrichment (id,seed_run_id,entity_type,entity_id,enrichment_type,enrichment_json) VALUES ('enr_s09_pharmacy_c67c15af03e657a9','seed_run_s09_osm_pharmacies_20260502','organization','org_s09_pharmacy_c67c15af03e657a9','licence_data','{"osm_id": "2161071405", "amenity": "pharmacy", "addr_state": null, "operator": null, "brand": null}');

INSERT OR IGNORE INTO organizations (id,tenant_id,organization_type,legal_name,display_name,registration_number,status,verification_state,created_at,updated_at) VALUES ('org_s09_pharmacy_154f5159778cf797','tenant_platform_seed','pharmacy','Royal end pharmancy','Royal end pharmancy',NULL,'active','seeded',unixepoch(),unixepoch());
INSERT OR IGNORE INTO profiles (id,subject_id,subject_type,primary_place_id,tenant_id,workspace_id,display_name,created_at,updated_at) VALUES ('prof_s09_pharmacy_154f5159778cf797','org_s09_pharmacy_154f5159778cf797','organization','place_nigeria_001','tenant_platform_seed','workspace_platform_seed_discovery','Royal end pharmancy',unixepoch(),unixepoch());
INSERT OR IGNORE INTO search_entries (id,profile_id,display_name,keywords,ancestry_path,vertical,created_at,updated_at) VALUES ('se_s09_pharmacy_154f5159778cf797','prof_s09_pharmacy_154f5159778cf797','Royal end pharmancy','royal end pharmancy pharmacy chemist drug store medicine nigeria','place_nigeria_001','pharmacy',unixepoch(),unixepoch());
INSERT OR IGNORE INTO seed_ingestion_records (id,seed_run_id,entity_type,entity_id,source_id,status) VALUES ('ir_s09_pharmacy_154f5159778cf797','seed_run_s09_osm_pharmacies_20260502','organization','org_s09_pharmacy_154f5159778cf797','seed_source_osm_pharmacies_ng_20260502','ingested');
INSERT OR IGNORE INTO seed_entity_sources (id,seed_run_id,entity_type,entity_id,source_id,confidence_tier) VALUES ('es_s09_pharmacy_154f5159778cf797','seed_run_s09_osm_pharmacies_20260502','organization','org_s09_pharmacy_154f5159778cf797','seed_source_osm_pharmacies_ng_20260502','seeded');
INSERT OR IGNORE INTO seed_enrichment (id,seed_run_id,entity_type,entity_id,enrichment_type,enrichment_json) VALUES ('enr_s09_pharmacy_154f5159778cf797','seed_run_s09_osm_pharmacies_20260502','organization','org_s09_pharmacy_154f5159778cf797','licence_data','{"osm_id": "2161074868", "amenity": "pharmacy", "addr_state": null, "operator": null, "brand": null}');

INSERT OR IGNORE INTO organizations (id,tenant_id,organization_type,legal_name,display_name,registration_number,status,verification_state,created_at,updated_at) VALUES ('org_s09_pharmacy_ab599b221ea6361c','tenant_platform_seed','pharmacy','Spring Oak Pharmacy','Spring Oak Pharmacy',NULL,'active','seeded',unixepoch(),unixepoch());
INSERT OR IGNORE INTO profiles (id,subject_id,subject_type,primary_place_id,tenant_id,workspace_id,display_name,created_at,updated_at) VALUES ('prof_s09_pharmacy_ab599b221ea6361c','org_s09_pharmacy_ab599b221ea6361c','organization','place_nigeria_001','tenant_platform_seed','workspace_platform_seed_discovery','Spring Oak Pharmacy',unixepoch(),unixepoch());
INSERT OR IGNORE INTO search_entries (id,profile_id,display_name,keywords,ancestry_path,vertical,created_at,updated_at) VALUES ('se_s09_pharmacy_ab599b221ea6361c','prof_s09_pharmacy_ab599b221ea6361c','Spring Oak Pharmacy','spring oak pharmacy pharmacy chemist drug store medicine nigeria','place_nigeria_001','pharmacy',unixepoch(),unixepoch());
INSERT OR IGNORE INTO seed_ingestion_records (id,seed_run_id,entity_type,entity_id,source_id,status) VALUES ('ir_s09_pharmacy_ab599b221ea6361c','seed_run_s09_osm_pharmacies_20260502','organization','org_s09_pharmacy_ab599b221ea6361c','seed_source_osm_pharmacies_ng_20260502','ingested');
INSERT OR IGNORE INTO seed_entity_sources (id,seed_run_id,entity_type,entity_id,source_id,confidence_tier) VALUES ('es_s09_pharmacy_ab599b221ea6361c','seed_run_s09_osm_pharmacies_20260502','organization','org_s09_pharmacy_ab599b221ea6361c','seed_source_osm_pharmacies_ng_20260502','seeded');
INSERT OR IGNORE INTO seed_enrichment (id,seed_run_id,entity_type,entity_id,enrichment_type,enrichment_json) VALUES ('enr_s09_pharmacy_ab599b221ea6361c','seed_run_s09_osm_pharmacies_20260502','organization','org_s09_pharmacy_ab599b221ea6361c','licence_data','{"osm_id": "2161097166", "amenity": "pharmacy", "addr_state": null, "operator": null, "brand": null}');

INSERT OR IGNORE INTO organizations (id,tenant_id,organization_type,legal_name,display_name,registration_number,status,verification_state,created_at,updated_at) VALUES ('org_s09_pharmacy_53f97b99cdbdabab','tenant_platform_seed','pharmacy','Union Diagnostics','Union Diagnostics',NULL,'active','seeded',unixepoch(),unixepoch());
INSERT OR IGNORE INTO profiles (id,subject_id,subject_type,primary_place_id,tenant_id,workspace_id,display_name,created_at,updated_at) VALUES ('prof_s09_pharmacy_53f97b99cdbdabab','org_s09_pharmacy_53f97b99cdbdabab','organization','place_nigeria_001','tenant_platform_seed','workspace_platform_seed_discovery','Union Diagnostics',unixepoch(),unixepoch());
INSERT OR IGNORE INTO search_entries (id,profile_id,display_name,keywords,ancestry_path,vertical,created_at,updated_at) VALUES ('se_s09_pharmacy_53f97b99cdbdabab','prof_s09_pharmacy_53f97b99cdbdabab','Union Diagnostics','union diagnostics pharmacy chemist drug store medicine nigeria','place_nigeria_001','pharmacy',unixepoch(),unixepoch());
INSERT OR IGNORE INTO seed_ingestion_records (id,seed_run_id,entity_type,entity_id,source_id,status) VALUES ('ir_s09_pharmacy_53f97b99cdbdabab','seed_run_s09_osm_pharmacies_20260502','organization','org_s09_pharmacy_53f97b99cdbdabab','seed_source_osm_pharmacies_ng_20260502','ingested');
INSERT OR IGNORE INTO seed_entity_sources (id,seed_run_id,entity_type,entity_id,source_id,confidence_tier) VALUES ('es_s09_pharmacy_53f97b99cdbdabab','seed_run_s09_osm_pharmacies_20260502','organization','org_s09_pharmacy_53f97b99cdbdabab','seed_source_osm_pharmacies_ng_20260502','seeded');
INSERT OR IGNORE INTO seed_enrichment (id,seed_run_id,entity_type,entity_id,enrichment_type,enrichment_json) VALUES ('enr_s09_pharmacy_53f97b99cdbdabab','seed_run_s09_osm_pharmacies_20260502','organization','org_s09_pharmacy_53f97b99cdbdabab','licence_data','{"osm_id": "2161111257", "amenity": "pharmacy", "addr_state": null, "operator": null, "brand": null}');

INSERT OR IGNORE INTO organizations (id,tenant_id,organization_type,legal_name,display_name,registration_number,status,verification_state,created_at,updated_at) VALUES ('org_s09_pharmacy_5b46a0c3113107e4','tenant_platform_seed','pharmacy','Valif Pharmacy','Valif Pharmacy',NULL,'active','seeded',unixepoch(),unixepoch());
INSERT OR IGNORE INTO profiles (id,subject_id,subject_type,primary_place_id,tenant_id,workspace_id,display_name,created_at,updated_at) VALUES ('prof_s09_pharmacy_5b46a0c3113107e4','org_s09_pharmacy_5b46a0c3113107e4','organization','place_nigeria_001','tenant_platform_seed','workspace_platform_seed_discovery','Valif Pharmacy',unixepoch(),unixepoch());
INSERT OR IGNORE INTO search_entries (id,profile_id,display_name,keywords,ancestry_path,vertical,created_at,updated_at) VALUES ('se_s09_pharmacy_5b46a0c3113107e4','prof_s09_pharmacy_5b46a0c3113107e4','Valif Pharmacy','valif pharmacy pharmacy chemist drug store medicine nigeria','place_nigeria_001','pharmacy',unixepoch(),unixepoch());
INSERT OR IGNORE INTO seed_ingestion_records (id,seed_run_id,entity_type,entity_id,source_id,status) VALUES ('ir_s09_pharmacy_5b46a0c3113107e4','seed_run_s09_osm_pharmacies_20260502','organization','org_s09_pharmacy_5b46a0c3113107e4','seed_source_osm_pharmacies_ng_20260502','ingested');
INSERT OR IGNORE INTO seed_entity_sources (id,seed_run_id,entity_type,entity_id,source_id,confidence_tier) VALUES ('es_s09_pharmacy_5b46a0c3113107e4','seed_run_s09_osm_pharmacies_20260502','organization','org_s09_pharmacy_5b46a0c3113107e4','seed_source_osm_pharmacies_ng_20260502','seeded');
INSERT OR IGNORE INTO seed_enrichment (id,seed_run_id,entity_type,entity_id,enrichment_type,enrichment_json) VALUES ('enr_s09_pharmacy_5b46a0c3113107e4','seed_run_s09_osm_pharmacies_20260502','organization','org_s09_pharmacy_5b46a0c3113107e4','licence_data','{"osm_id": "2161111550", "amenity": "pharmacy", "addr_state": null, "operator": null, "brand": null}');

INSERT OR IGNORE INTO organizations (id,tenant_id,organization_type,legal_name,display_name,registration_number,status,verification_state,created_at,updated_at) VALUES ('org_s09_pharmacy_39698639b51fa8ba','tenant_platform_seed','pharmacy','Pharmacy','Pharmacy',NULL,'active','seeded',unixepoch(),unixepoch());
INSERT OR IGNORE INTO profiles (id,subject_id,subject_type,primary_place_id,tenant_id,workspace_id,display_name,created_at,updated_at) VALUES ('prof_s09_pharmacy_39698639b51fa8ba','org_s09_pharmacy_39698639b51fa8ba','organization','place_nigeria_001','tenant_platform_seed','workspace_platform_seed_discovery','Pharmacy',unixepoch(),unixepoch());
INSERT OR IGNORE INTO search_entries (id,profile_id,display_name,keywords,ancestry_path,vertical,created_at,updated_at) VALUES ('se_s09_pharmacy_39698639b51fa8ba','prof_s09_pharmacy_39698639b51fa8ba','Pharmacy','pharmacy pharmacy chemist drug store medicine nigeria','place_nigeria_001','pharmacy',unixepoch(),unixepoch());
INSERT OR IGNORE INTO seed_ingestion_records (id,seed_run_id,entity_type,entity_id,source_id,status) VALUES ('ir_s09_pharmacy_39698639b51fa8ba','seed_run_s09_osm_pharmacies_20260502','organization','org_s09_pharmacy_39698639b51fa8ba','seed_source_osm_pharmacies_ng_20260502','ingested');
INSERT OR IGNORE INTO seed_entity_sources (id,seed_run_id,entity_type,entity_id,source_id,confidence_tier) VALUES ('es_s09_pharmacy_39698639b51fa8ba','seed_run_s09_osm_pharmacies_20260502','organization','org_s09_pharmacy_39698639b51fa8ba','seed_source_osm_pharmacies_ng_20260502','seeded');
INSERT OR IGNORE INTO seed_enrichment (id,seed_run_id,entity_type,entity_id,enrichment_type,enrichment_json) VALUES ('enr_s09_pharmacy_39698639b51fa8ba','seed_run_s09_osm_pharmacies_20260502','organization','org_s09_pharmacy_39698639b51fa8ba','licence_data','{"osm_id": "2344332416", "amenity": "pharmacy", "addr_state": null, "operator": null, "brand": null}');

INSERT OR IGNORE INTO organizations (id,tenant_id,organization_type,legal_name,display_name,registration_number,status,verification_state,created_at,updated_at) VALUES ('org_s09_pharmacy_480ada6eede37f49','tenant_platform_seed','pharmacy','Newgate Trust Pharmacy','Newgate Trust Pharmacy',NULL,'active','seeded',unixepoch(),unixepoch());
INSERT OR IGNORE INTO profiles (id,subject_id,subject_type,primary_place_id,tenant_id,workspace_id,display_name,created_at,updated_at) VALUES ('prof_s09_pharmacy_480ada6eede37f49','org_s09_pharmacy_480ada6eede37f49','organization','place_nigeria_001','tenant_platform_seed','workspace_platform_seed_discovery','Newgate Trust Pharmacy',unixepoch(),unixepoch());
INSERT OR IGNORE INTO search_entries (id,profile_id,display_name,keywords,ancestry_path,vertical,created_at,updated_at) VALUES ('se_s09_pharmacy_480ada6eede37f49','prof_s09_pharmacy_480ada6eede37f49','Newgate Trust Pharmacy','newgate trust pharmacy pharmacy chemist drug store medicine nigeria','place_nigeria_001','pharmacy',unixepoch(),unixepoch());
INSERT OR IGNORE INTO seed_ingestion_records (id,seed_run_id,entity_type,entity_id,source_id,status) VALUES ('ir_s09_pharmacy_480ada6eede37f49','seed_run_s09_osm_pharmacies_20260502','organization','org_s09_pharmacy_480ada6eede37f49','seed_source_osm_pharmacies_ng_20260502','ingested');
INSERT OR IGNORE INTO seed_entity_sources (id,seed_run_id,entity_type,entity_id,source_id,confidence_tier) VALUES ('es_s09_pharmacy_480ada6eede37f49','seed_run_s09_osm_pharmacies_20260502','organization','org_s09_pharmacy_480ada6eede37f49','seed_source_osm_pharmacies_ng_20260502','seeded');
INSERT OR IGNORE INTO seed_enrichment (id,seed_run_id,entity_type,entity_id,enrichment_type,enrichment_json) VALUES ('enr_s09_pharmacy_480ada6eede37f49','seed_run_s09_osm_pharmacies_20260502','organization','org_s09_pharmacy_480ada6eede37f49','licence_data','{"osm_id": "2344543050", "amenity": "pharmacy", "addr_state": null, "operator": null, "brand": null}');

INSERT OR IGNORE INTO organizations (id,tenant_id,organization_type,legal_name,display_name,registration_number,status,verification_state,created_at,updated_at) VALUES ('org_s09_pharmacy_06ac1465d884b105','tenant_platform_seed','pharmacy','Jofeg health and life pharmacy','Jofeg health and life pharmacy',NULL,'active','seeded',unixepoch(),unixepoch());
INSERT OR IGNORE INTO profiles (id,subject_id,subject_type,primary_place_id,tenant_id,workspace_id,display_name,created_at,updated_at) VALUES ('prof_s09_pharmacy_06ac1465d884b105','org_s09_pharmacy_06ac1465d884b105','organization','place_nigeria_001','tenant_platform_seed','workspace_platform_seed_discovery','Jofeg health and life pharmacy',unixepoch(),unixepoch());
INSERT OR IGNORE INTO search_entries (id,profile_id,display_name,keywords,ancestry_path,vertical,created_at,updated_at) VALUES ('se_s09_pharmacy_06ac1465d884b105','prof_s09_pharmacy_06ac1465d884b105','Jofeg health and life pharmacy','jofeg health and life pharmacy pharmacy chemist drug store medicine nigeria','place_nigeria_001','pharmacy',unixepoch(),unixepoch());
INSERT OR IGNORE INTO seed_ingestion_records (id,seed_run_id,entity_type,entity_id,source_id,status) VALUES ('ir_s09_pharmacy_06ac1465d884b105','seed_run_s09_osm_pharmacies_20260502','organization','org_s09_pharmacy_06ac1465d884b105','seed_source_osm_pharmacies_ng_20260502','ingested');
INSERT OR IGNORE INTO seed_entity_sources (id,seed_run_id,entity_type,entity_id,source_id,confidence_tier) VALUES ('es_s09_pharmacy_06ac1465d884b105','seed_run_s09_osm_pharmacies_20260502','organization','org_s09_pharmacy_06ac1465d884b105','seed_source_osm_pharmacies_ng_20260502','seeded');
INSERT OR IGNORE INTO seed_enrichment (id,seed_run_id,entity_type,entity_id,enrichment_type,enrichment_json) VALUES ('enr_s09_pharmacy_06ac1465d884b105','seed_run_s09_osm_pharmacies_20260502','organization','org_s09_pharmacy_06ac1465d884b105','licence_data','{"osm_id": "2344554585", "amenity": "pharmacy", "addr_state": null, "operator": null, "brand": null}');

INSERT OR IGNORE INTO organizations (id,tenant_id,organization_type,legal_name,display_name,registration_number,status,verification_state,created_at,updated_at) VALUES ('org_s09_pharmacy_2b3e53391cf1d029','tenant_platform_seed','pharmacy','Service Pharmacetical','Service Pharmacetical',NULL,'active','seeded',unixepoch(),unixepoch());
INSERT OR IGNORE INTO profiles (id,subject_id,subject_type,primary_place_id,tenant_id,workspace_id,display_name,created_at,updated_at) VALUES ('prof_s09_pharmacy_2b3e53391cf1d029','org_s09_pharmacy_2b3e53391cf1d029','organization','place_nigeria_001','tenant_platform_seed','workspace_platform_seed_discovery','Service Pharmacetical',unixepoch(),unixepoch());
INSERT OR IGNORE INTO search_entries (id,profile_id,display_name,keywords,ancestry_path,vertical,created_at,updated_at) VALUES ('se_s09_pharmacy_2b3e53391cf1d029','prof_s09_pharmacy_2b3e53391cf1d029','Service Pharmacetical','service pharmacetical pharmacy chemist drug store medicine nigeria','place_nigeria_001','pharmacy',unixepoch(),unixepoch());
INSERT OR IGNORE INTO seed_ingestion_records (id,seed_run_id,entity_type,entity_id,source_id,status) VALUES ('ir_s09_pharmacy_2b3e53391cf1d029','seed_run_s09_osm_pharmacies_20260502','organization','org_s09_pharmacy_2b3e53391cf1d029','seed_source_osm_pharmacies_ng_20260502','ingested');
INSERT OR IGNORE INTO seed_entity_sources (id,seed_run_id,entity_type,entity_id,source_id,confidence_tier) VALUES ('es_s09_pharmacy_2b3e53391cf1d029','seed_run_s09_osm_pharmacies_20260502','organization','org_s09_pharmacy_2b3e53391cf1d029','seed_source_osm_pharmacies_ng_20260502','seeded');
INSERT OR IGNORE INTO seed_enrichment (id,seed_run_id,entity_type,entity_id,enrichment_type,enrichment_json) VALUES ('enr_s09_pharmacy_2b3e53391cf1d029','seed_run_s09_osm_pharmacies_20260502','organization','org_s09_pharmacy_2b3e53391cf1d029','licence_data','{"osm_id": "2344596615", "amenity": "pharmacy", "addr_state": null, "operator": null, "brand": null}');

INSERT OR IGNORE INTO organizations (id,tenant_id,organization_type,legal_name,display_name,registration_number,status,verification_state,created_at,updated_at) VALUES ('org_s09_pharmacy_838debc7ca9228cf','tenant_platform_seed','pharmacy','Toni Care Pharmacy','Toni Care Pharmacy',NULL,'active','seeded',unixepoch(),unixepoch());
INSERT OR IGNORE INTO profiles (id,subject_id,subject_type,primary_place_id,tenant_id,workspace_id,display_name,created_at,updated_at) VALUES ('prof_s09_pharmacy_838debc7ca9228cf','org_s09_pharmacy_838debc7ca9228cf','organization','place_nigeria_001','tenant_platform_seed','workspace_platform_seed_discovery','Toni Care Pharmacy',unixepoch(),unixepoch());
INSERT OR IGNORE INTO search_entries (id,profile_id,display_name,keywords,ancestry_path,vertical,created_at,updated_at) VALUES ('se_s09_pharmacy_838debc7ca9228cf','prof_s09_pharmacy_838debc7ca9228cf','Toni Care Pharmacy','toni care pharmacy pharmacy chemist drug store medicine nigeria','place_nigeria_001','pharmacy',unixepoch(),unixepoch());
INSERT OR IGNORE INTO seed_ingestion_records (id,seed_run_id,entity_type,entity_id,source_id,status) VALUES ('ir_s09_pharmacy_838debc7ca9228cf','seed_run_s09_osm_pharmacies_20260502','organization','org_s09_pharmacy_838debc7ca9228cf','seed_source_osm_pharmacies_ng_20260502','ingested');
INSERT OR IGNORE INTO seed_entity_sources (id,seed_run_id,entity_type,entity_id,source_id,confidence_tier) VALUES ('es_s09_pharmacy_838debc7ca9228cf','seed_run_s09_osm_pharmacies_20260502','organization','org_s09_pharmacy_838debc7ca9228cf','seed_source_osm_pharmacies_ng_20260502','seeded');
INSERT OR IGNORE INTO seed_enrichment (id,seed_run_id,entity_type,entity_id,enrichment_type,enrichment_json) VALUES ('enr_s09_pharmacy_838debc7ca9228cf','seed_run_s09_osm_pharmacies_20260502','organization','org_s09_pharmacy_838debc7ca9228cf','licence_data','{"osm_id": "2344596628", "amenity": "pharmacy", "addr_state": null, "operator": null, "brand": null}');

INSERT OR IGNORE INTO organizations (id,tenant_id,organization_type,legal_name,display_name,registration_number,status,verification_state,created_at,updated_at) VALUES ('org_s09_pharmacy_21dcb60d644630e6','tenant_platform_seed','pharmacy','Ladith Pharmacy','Ladith Pharmacy',NULL,'active','seeded',unixepoch(),unixepoch());
INSERT OR IGNORE INTO profiles (id,subject_id,subject_type,primary_place_id,tenant_id,workspace_id,display_name,created_at,updated_at) VALUES ('prof_s09_pharmacy_21dcb60d644630e6','org_s09_pharmacy_21dcb60d644630e6','organization','place_nigeria_001','tenant_platform_seed','workspace_platform_seed_discovery','Ladith Pharmacy',unixepoch(),unixepoch());
INSERT OR IGNORE INTO search_entries (id,profile_id,display_name,keywords,ancestry_path,vertical,created_at,updated_at) VALUES ('se_s09_pharmacy_21dcb60d644630e6','prof_s09_pharmacy_21dcb60d644630e6','Ladith Pharmacy','ladith pharmacy pharmacy chemist drug store medicine nigeria','place_nigeria_001','pharmacy',unixepoch(),unixepoch());
INSERT OR IGNORE INTO seed_ingestion_records (id,seed_run_id,entity_type,entity_id,source_id,status) VALUES ('ir_s09_pharmacy_21dcb60d644630e6','seed_run_s09_osm_pharmacies_20260502','organization','org_s09_pharmacy_21dcb60d644630e6','seed_source_osm_pharmacies_ng_20260502','ingested');
INSERT OR IGNORE INTO seed_entity_sources (id,seed_run_id,entity_type,entity_id,source_id,confidence_tier) VALUES ('es_s09_pharmacy_21dcb60d644630e6','seed_run_s09_osm_pharmacies_20260502','organization','org_s09_pharmacy_21dcb60d644630e6','seed_source_osm_pharmacies_ng_20260502','seeded');
INSERT OR IGNORE INTO seed_enrichment (id,seed_run_id,entity_type,entity_id,enrichment_type,enrichment_json) VALUES ('enr_s09_pharmacy_21dcb60d644630e6','seed_run_s09_osm_pharmacies_20260502','organization','org_s09_pharmacy_21dcb60d644630e6','licence_data','{"osm_id": "2350815002", "amenity": "pharmacy", "addr_state": null, "operator": null, "brand": null}');

INSERT OR IGNORE INTO organizations (id,tenant_id,organization_type,legal_name,display_name,registration_number,status,verification_state,created_at,updated_at) VALUES ('org_s09_pharmacy_eb8722a147b6ed73','tenant_platform_seed','pharmacy','Ehibass Pharmacy Store','Ehibass Pharmacy Store',NULL,'active','seeded',unixepoch(),unixepoch());
INSERT OR IGNORE INTO profiles (id,subject_id,subject_type,primary_place_id,tenant_id,workspace_id,display_name,created_at,updated_at) VALUES ('prof_s09_pharmacy_eb8722a147b6ed73','org_s09_pharmacy_eb8722a147b6ed73','organization','place_nigeria_001','tenant_platform_seed','workspace_platform_seed_discovery','Ehibass Pharmacy Store',unixepoch(),unixepoch());
INSERT OR IGNORE INTO search_entries (id,profile_id,display_name,keywords,ancestry_path,vertical,created_at,updated_at) VALUES ('se_s09_pharmacy_eb8722a147b6ed73','prof_s09_pharmacy_eb8722a147b6ed73','Ehibass Pharmacy Store','ehibass pharmacy store pharmacy chemist drug store medicine nigeria','place_nigeria_001','pharmacy',unixepoch(),unixepoch());
INSERT OR IGNORE INTO seed_ingestion_records (id,seed_run_id,entity_type,entity_id,source_id,status) VALUES ('ir_s09_pharmacy_eb8722a147b6ed73','seed_run_s09_osm_pharmacies_20260502','organization','org_s09_pharmacy_eb8722a147b6ed73','seed_source_osm_pharmacies_ng_20260502','ingested');
INSERT OR IGNORE INTO seed_entity_sources (id,seed_run_id,entity_type,entity_id,source_id,confidence_tier) VALUES ('es_s09_pharmacy_eb8722a147b6ed73','seed_run_s09_osm_pharmacies_20260502','organization','org_s09_pharmacy_eb8722a147b6ed73','seed_source_osm_pharmacies_ng_20260502','seeded');
INSERT OR IGNORE INTO seed_enrichment (id,seed_run_id,entity_type,entity_id,enrichment_type,enrichment_json) VALUES ('enr_s09_pharmacy_eb8722a147b6ed73','seed_run_s09_osm_pharmacies_20260502','organization','org_s09_pharmacy_eb8722a147b6ed73','licence_data','{"osm_id": "2350849577", "amenity": "pharmacy", "addr_state": null, "operator": null, "brand": null}');

INSERT OR IGNORE INTO organizations (id,tenant_id,organization_type,legal_name,display_name,registration_number,status,verification_state,created_at,updated_at) VALUES ('org_s09_pharmacy_1c735a0272ed1a85','tenant_platform_seed','pharmacy','Julsam Pharmacy','Julsam Pharmacy',NULL,'active','seeded',unixepoch(),unixepoch());
INSERT OR IGNORE INTO profiles (id,subject_id,subject_type,primary_place_id,tenant_id,workspace_id,display_name,created_at,updated_at) VALUES ('prof_s09_pharmacy_1c735a0272ed1a85','org_s09_pharmacy_1c735a0272ed1a85','organization','place_nigeria_001','tenant_platform_seed','workspace_platform_seed_discovery','Julsam Pharmacy',unixepoch(),unixepoch());
INSERT OR IGNORE INTO search_entries (id,profile_id,display_name,keywords,ancestry_path,vertical,created_at,updated_at) VALUES ('se_s09_pharmacy_1c735a0272ed1a85','prof_s09_pharmacy_1c735a0272ed1a85','Julsam Pharmacy','julsam pharmacy pharmacy chemist drug store medicine nigeria','place_nigeria_001','pharmacy',unixepoch(),unixepoch());
INSERT OR IGNORE INTO seed_ingestion_records (id,seed_run_id,entity_type,entity_id,source_id,status) VALUES ('ir_s09_pharmacy_1c735a0272ed1a85','seed_run_s09_osm_pharmacies_20260502','organization','org_s09_pharmacy_1c735a0272ed1a85','seed_source_osm_pharmacies_ng_20260502','ingested');
INSERT OR IGNORE INTO seed_entity_sources (id,seed_run_id,entity_type,entity_id,source_id,confidence_tier) VALUES ('es_s09_pharmacy_1c735a0272ed1a85','seed_run_s09_osm_pharmacies_20260502','organization','org_s09_pharmacy_1c735a0272ed1a85','seed_source_osm_pharmacies_ng_20260502','seeded');
INSERT OR IGNORE INTO seed_enrichment (id,seed_run_id,entity_type,entity_id,enrichment_type,enrichment_json) VALUES ('enr_s09_pharmacy_1c735a0272ed1a85','seed_run_s09_osm_pharmacies_20260502','organization','org_s09_pharmacy_1c735a0272ed1a85','licence_data','{"osm_id": "2350899870", "amenity": "pharmacy", "addr_state": null, "operator": null, "brand": null}');

INSERT OR IGNORE INTO organizations (id,tenant_id,organization_type,legal_name,display_name,registration_number,status,verification_state,created_at,updated_at) VALUES ('org_s09_pharmacy_2d54f1c39f07c121','tenant_platform_seed','pharmacy','Health Of Ihe Sick Pharmacy','Health Of Ihe Sick Pharmacy',NULL,'active','seeded',unixepoch(),unixepoch());
INSERT OR IGNORE INTO profiles (id,subject_id,subject_type,primary_place_id,tenant_id,workspace_id,display_name,created_at,updated_at) VALUES ('prof_s09_pharmacy_2d54f1c39f07c121','org_s09_pharmacy_2d54f1c39f07c121','organization','place_nigeria_001','tenant_platform_seed','workspace_platform_seed_discovery','Health Of Ihe Sick Pharmacy',unixepoch(),unixepoch());
INSERT OR IGNORE INTO search_entries (id,profile_id,display_name,keywords,ancestry_path,vertical,created_at,updated_at) VALUES ('se_s09_pharmacy_2d54f1c39f07c121','prof_s09_pharmacy_2d54f1c39f07c121','Health Of Ihe Sick Pharmacy','health of ihe sick pharmacy pharmacy chemist drug store medicine nigeria','place_nigeria_001','pharmacy',unixepoch(),unixepoch());
INSERT OR IGNORE INTO seed_ingestion_records (id,seed_run_id,entity_type,entity_id,source_id,status) VALUES ('ir_s09_pharmacy_2d54f1c39f07c121','seed_run_s09_osm_pharmacies_20260502','organization','org_s09_pharmacy_2d54f1c39f07c121','seed_source_osm_pharmacies_ng_20260502','ingested');
INSERT OR IGNORE INTO seed_entity_sources (id,seed_run_id,entity_type,entity_id,source_id,confidence_tier) VALUES ('es_s09_pharmacy_2d54f1c39f07c121','seed_run_s09_osm_pharmacies_20260502','organization','org_s09_pharmacy_2d54f1c39f07c121','seed_source_osm_pharmacies_ng_20260502','seeded');
INSERT OR IGNORE INTO seed_enrichment (id,seed_run_id,entity_type,entity_id,enrichment_type,enrichment_json) VALUES ('enr_s09_pharmacy_2d54f1c39f07c121','seed_run_s09_osm_pharmacies_20260502','organization','org_s09_pharmacy_2d54f1c39f07c121','licence_data','{"osm_id": "2455133125", "amenity": "pharmacy", "addr_state": null, "operator": null, "brand": null}');

INSERT OR IGNORE INTO organizations (id,tenant_id,organization_type,legal_name,display_name,registration_number,status,verification_state,created_at,updated_at) VALUES ('org_s09_pharmacy_75a6cb51afcd9cbd','tenant_platform_seed','pharmacy','Planet Medical Centre','Planet Medical Centre',NULL,'active','seeded',unixepoch(),unixepoch());
INSERT OR IGNORE INTO profiles (id,subject_id,subject_type,primary_place_id,tenant_id,workspace_id,display_name,created_at,updated_at) VALUES ('prof_s09_pharmacy_75a6cb51afcd9cbd','org_s09_pharmacy_75a6cb51afcd9cbd','organization','place_nigeria_001','tenant_platform_seed','workspace_platform_seed_discovery','Planet Medical Centre',unixepoch(),unixepoch());
INSERT OR IGNORE INTO search_entries (id,profile_id,display_name,keywords,ancestry_path,vertical,created_at,updated_at) VALUES ('se_s09_pharmacy_75a6cb51afcd9cbd','prof_s09_pharmacy_75a6cb51afcd9cbd','Planet Medical Centre','planet medical centre pharmacy chemist drug store medicine nigeria','place_nigeria_001','pharmacy',unixepoch(),unixepoch());
INSERT OR IGNORE INTO seed_ingestion_records (id,seed_run_id,entity_type,entity_id,source_id,status) VALUES ('ir_s09_pharmacy_75a6cb51afcd9cbd','seed_run_s09_osm_pharmacies_20260502','organization','org_s09_pharmacy_75a6cb51afcd9cbd','seed_source_osm_pharmacies_ng_20260502','ingested');
INSERT OR IGNORE INTO seed_entity_sources (id,seed_run_id,entity_type,entity_id,source_id,confidence_tier) VALUES ('es_s09_pharmacy_75a6cb51afcd9cbd','seed_run_s09_osm_pharmacies_20260502','organization','org_s09_pharmacy_75a6cb51afcd9cbd','seed_source_osm_pharmacies_ng_20260502','seeded');
INSERT OR IGNORE INTO seed_enrichment (id,seed_run_id,entity_type,entity_id,enrichment_type,enrichment_json) VALUES ('enr_s09_pharmacy_75a6cb51afcd9cbd','seed_run_s09_osm_pharmacies_20260502','organization','org_s09_pharmacy_75a6cb51afcd9cbd','licence_data','{"osm_id": "2455133390", "amenity": "pharmacy", "addr_state": null, "operator": null, "brand": null}');

INSERT OR IGNORE INTO organizations (id,tenant_id,organization_type,legal_name,display_name,registration_number,status,verification_state,created_at,updated_at) VALUES ('org_s09_pharmacy_e529262d157610ed','tenant_platform_seed','pharmacy','White Hall Medical Centre','White Hall Medical Centre',NULL,'active','seeded',unixepoch(),unixepoch());
INSERT OR IGNORE INTO profiles (id,subject_id,subject_type,primary_place_id,tenant_id,workspace_id,display_name,created_at,updated_at) VALUES ('prof_s09_pharmacy_e529262d157610ed','org_s09_pharmacy_e529262d157610ed','organization','place_nigeria_001','tenant_platform_seed','workspace_platform_seed_discovery','White Hall Medical Centre',unixepoch(),unixepoch());
INSERT OR IGNORE INTO search_entries (id,profile_id,display_name,keywords,ancestry_path,vertical,created_at,updated_at) VALUES ('se_s09_pharmacy_e529262d157610ed','prof_s09_pharmacy_e529262d157610ed','White Hall Medical Centre','white hall medical centre pharmacy chemist drug store medicine nigeria','place_nigeria_001','pharmacy',unixepoch(),unixepoch());
INSERT OR IGNORE INTO seed_ingestion_records (id,seed_run_id,entity_type,entity_id,source_id,status) VALUES ('ir_s09_pharmacy_e529262d157610ed','seed_run_s09_osm_pharmacies_20260502','organization','org_s09_pharmacy_e529262d157610ed','seed_source_osm_pharmacies_ng_20260502','ingested');
INSERT OR IGNORE INTO seed_entity_sources (id,seed_run_id,entity_type,entity_id,source_id,confidence_tier) VALUES ('es_s09_pharmacy_e529262d157610ed','seed_run_s09_osm_pharmacies_20260502','organization','org_s09_pharmacy_e529262d157610ed','seed_source_osm_pharmacies_ng_20260502','seeded');
INSERT OR IGNORE INTO seed_enrichment (id,seed_run_id,entity_type,entity_id,enrichment_type,enrichment_json) VALUES ('enr_s09_pharmacy_e529262d157610ed','seed_run_s09_osm_pharmacies_20260502','organization','org_s09_pharmacy_e529262d157610ed','licence_data','{"osm_id": "2455133484", "amenity": "pharmacy", "addr_state": null, "operator": null, "brand": null}');

INSERT OR IGNORE INTO organizations (id,tenant_id,organization_type,legal_name,display_name,registration_number,status,verification_state,created_at,updated_at) VALUES ('org_s09_pharmacy_5826b7c9b88ecb9e','tenant_platform_seed','pharmacy','Hilma Chemist','Hilma Chemist',NULL,'active','seeded',unixepoch(),unixepoch());
INSERT OR IGNORE INTO profiles (id,subject_id,subject_type,primary_place_id,tenant_id,workspace_id,display_name,created_at,updated_at) VALUES ('prof_s09_pharmacy_5826b7c9b88ecb9e','org_s09_pharmacy_5826b7c9b88ecb9e','organization','place_nigeria_001','tenant_platform_seed','workspace_platform_seed_discovery','Hilma Chemist',unixepoch(),unixepoch());
INSERT OR IGNORE INTO search_entries (id,profile_id,display_name,keywords,ancestry_path,vertical,created_at,updated_at) VALUES ('se_s09_pharmacy_5826b7c9b88ecb9e','prof_s09_pharmacy_5826b7c9b88ecb9e','Hilma Chemist','hilma chemist pharmacy chemist drug store medicine nigeria','place_nigeria_001','pharmacy',unixepoch(),unixepoch());
INSERT OR IGNORE INTO seed_ingestion_records (id,seed_run_id,entity_type,entity_id,source_id,status) VALUES ('ir_s09_pharmacy_5826b7c9b88ecb9e','seed_run_s09_osm_pharmacies_20260502','organization','org_s09_pharmacy_5826b7c9b88ecb9e','seed_source_osm_pharmacies_ng_20260502','ingested');
INSERT OR IGNORE INTO seed_entity_sources (id,seed_run_id,entity_type,entity_id,source_id,confidence_tier) VALUES ('es_s09_pharmacy_5826b7c9b88ecb9e','seed_run_s09_osm_pharmacies_20260502','organization','org_s09_pharmacy_5826b7c9b88ecb9e','seed_source_osm_pharmacies_ng_20260502','seeded');
INSERT OR IGNORE INTO seed_enrichment (id,seed_run_id,entity_type,entity_id,enrichment_type,enrichment_json) VALUES ('enr_s09_pharmacy_5826b7c9b88ecb9e','seed_run_s09_osm_pharmacies_20260502','organization','org_s09_pharmacy_5826b7c9b88ecb9e','licence_data','{"osm_id": "2594871752", "amenity": "pharmacy", "addr_state": null, "operator": null, "brand": null}');

INSERT OR IGNORE INTO organizations (id,tenant_id,organization_type,legal_name,display_name,registration_number,status,verification_state,created_at,updated_at) VALUES ('org_s09_pharmacy_22198b2cee33b7ac','tenant_platform_seed','pharmacy','Moris Pharmacy','Moris Pharmacy',NULL,'active','seeded',unixepoch(),unixepoch());
INSERT OR IGNORE INTO profiles (id,subject_id,subject_type,primary_place_id,tenant_id,workspace_id,display_name,created_at,updated_at) VALUES ('prof_s09_pharmacy_22198b2cee33b7ac','org_s09_pharmacy_22198b2cee33b7ac','organization','place_nigeria_001','tenant_platform_seed','workspace_platform_seed_discovery','Moris Pharmacy',unixepoch(),unixepoch());
INSERT OR IGNORE INTO search_entries (id,profile_id,display_name,keywords,ancestry_path,vertical,created_at,updated_at) VALUES ('se_s09_pharmacy_22198b2cee33b7ac','prof_s09_pharmacy_22198b2cee33b7ac','Moris Pharmacy','moris pharmacy pharmacy chemist drug store medicine nigeria','place_nigeria_001','pharmacy',unixepoch(),unixepoch());
INSERT OR IGNORE INTO seed_ingestion_records (id,seed_run_id,entity_type,entity_id,source_id,status) VALUES ('ir_s09_pharmacy_22198b2cee33b7ac','seed_run_s09_osm_pharmacies_20260502','organization','org_s09_pharmacy_22198b2cee33b7ac','seed_source_osm_pharmacies_ng_20260502','ingested');
INSERT OR IGNORE INTO seed_entity_sources (id,seed_run_id,entity_type,entity_id,source_id,confidence_tier) VALUES ('es_s09_pharmacy_22198b2cee33b7ac','seed_run_s09_osm_pharmacies_20260502','organization','org_s09_pharmacy_22198b2cee33b7ac','seed_source_osm_pharmacies_ng_20260502','seeded');
INSERT OR IGNORE INTO seed_enrichment (id,seed_run_id,entity_type,entity_id,enrichment_type,enrichment_json) VALUES ('enr_s09_pharmacy_22198b2cee33b7ac','seed_run_s09_osm_pharmacies_20260502','organization','org_s09_pharmacy_22198b2cee33b7ac','licence_data','{"osm_id": "3084930065", "amenity": "pharmacy", "addr_state": null, "operator": null, "brand": null}');

INSERT OR IGNORE INTO organizations (id,tenant_id,organization_type,legal_name,display_name,registration_number,status,verification_state,created_at,updated_at) VALUES ('org_s09_pharmacy_dbc3e8cce46a8b91','tenant_platform_seed','pharmacy','Allahu Lateef Chemist','Allahu Lateef Chemist',NULL,'active','seeded',unixepoch(),unixepoch());
INSERT OR IGNORE INTO profiles (id,subject_id,subject_type,primary_place_id,tenant_id,workspace_id,display_name,created_at,updated_at) VALUES ('prof_s09_pharmacy_dbc3e8cce46a8b91','org_s09_pharmacy_dbc3e8cce46a8b91','organization','place_nigeria_001','tenant_platform_seed','workspace_platform_seed_discovery','Allahu Lateef Chemist',unixepoch(),unixepoch());
INSERT OR IGNORE INTO search_entries (id,profile_id,display_name,keywords,ancestry_path,vertical,created_at,updated_at) VALUES ('se_s09_pharmacy_dbc3e8cce46a8b91','prof_s09_pharmacy_dbc3e8cce46a8b91','Allahu Lateef Chemist','allahu lateef chemist pharmacy chemist drug store medicine nigeria','place_nigeria_001','pharmacy',unixepoch(),unixepoch());
INSERT OR IGNORE INTO seed_ingestion_records (id,seed_run_id,entity_type,entity_id,source_id,status) VALUES ('ir_s09_pharmacy_dbc3e8cce46a8b91','seed_run_s09_osm_pharmacies_20260502','organization','org_s09_pharmacy_dbc3e8cce46a8b91','seed_source_osm_pharmacies_ng_20260502','ingested');
INSERT OR IGNORE INTO seed_entity_sources (id,seed_run_id,entity_type,entity_id,source_id,confidence_tier) VALUES ('es_s09_pharmacy_dbc3e8cce46a8b91','seed_run_s09_osm_pharmacies_20260502','organization','org_s09_pharmacy_dbc3e8cce46a8b91','seed_source_osm_pharmacies_ng_20260502','seeded');
INSERT OR IGNORE INTO seed_enrichment (id,seed_run_id,entity_type,entity_id,enrichment_type,enrichment_json) VALUES ('enr_s09_pharmacy_dbc3e8cce46a8b91','seed_run_s09_osm_pharmacies_20260502','organization','org_s09_pharmacy_dbc3e8cce46a8b91','licence_data','{"osm_id": "3084979307", "amenity": "pharmacy", "addr_state": null, "operator": null, "brand": null}');

INSERT OR IGNORE INTO organizations (id,tenant_id,organization_type,legal_name,display_name,registration_number,status,verification_state,created_at,updated_at) VALUES ('org_s09_pharmacy_50d2be62d0e51952','tenant_platform_seed','pharmacy','Havilah Pharmacy','Havilah Pharmacy',NULL,'active','seeded',unixepoch(),unixepoch());
INSERT OR IGNORE INTO profiles (id,subject_id,subject_type,primary_place_id,tenant_id,workspace_id,display_name,created_at,updated_at) VALUES ('prof_s09_pharmacy_50d2be62d0e51952','org_s09_pharmacy_50d2be62d0e51952','organization','place_nigeria_001','tenant_platform_seed','workspace_platform_seed_discovery','Havilah Pharmacy',unixepoch(),unixepoch());
INSERT OR IGNORE INTO search_entries (id,profile_id,display_name,keywords,ancestry_path,vertical,created_at,updated_at) VALUES ('se_s09_pharmacy_50d2be62d0e51952','prof_s09_pharmacy_50d2be62d0e51952','Havilah Pharmacy','havilah pharmacy pharmacy chemist drug store medicine nigeria','place_nigeria_001','pharmacy',unixepoch(),unixepoch());
INSERT OR IGNORE INTO seed_ingestion_records (id,seed_run_id,entity_type,entity_id,source_id,status) VALUES ('ir_s09_pharmacy_50d2be62d0e51952','seed_run_s09_osm_pharmacies_20260502','organization','org_s09_pharmacy_50d2be62d0e51952','seed_source_osm_pharmacies_ng_20260502','ingested');
INSERT OR IGNORE INTO seed_entity_sources (id,seed_run_id,entity_type,entity_id,source_id,confidence_tier) VALUES ('es_s09_pharmacy_50d2be62d0e51952','seed_run_s09_osm_pharmacies_20260502','organization','org_s09_pharmacy_50d2be62d0e51952','seed_source_osm_pharmacies_ng_20260502','seeded');
INSERT OR IGNORE INTO seed_enrichment (id,seed_run_id,entity_type,entity_id,enrichment_type,enrichment_json) VALUES ('enr_s09_pharmacy_50d2be62d0e51952','seed_run_s09_osm_pharmacies_20260502','organization','org_s09_pharmacy_50d2be62d0e51952','licence_data','{"osm_id": "3358483583", "amenity": "pharmacy", "addr_state": null, "operator": null, "brand": null}');

INSERT OR IGNORE INTO organizations (id,tenant_id,organization_type,legal_name,display_name,registration_number,status,verification_state,created_at,updated_at) VALUES ('org_s09_pharmacy_79f218249be02bf8','tenant_platform_seed','pharmacy','AKOL Pharmacy','AKOL Pharmacy',NULL,'active','seeded',unixepoch(),unixepoch());
INSERT OR IGNORE INTO profiles (id,subject_id,subject_type,primary_place_id,tenant_id,workspace_id,display_name,created_at,updated_at) VALUES ('prof_s09_pharmacy_79f218249be02bf8','org_s09_pharmacy_79f218249be02bf8','organization','place_nigeria_001','tenant_platform_seed','workspace_platform_seed_discovery','AKOL Pharmacy',unixepoch(),unixepoch());
INSERT OR IGNORE INTO search_entries (id,profile_id,display_name,keywords,ancestry_path,vertical,created_at,updated_at) VALUES ('se_s09_pharmacy_79f218249be02bf8','prof_s09_pharmacy_79f218249be02bf8','AKOL Pharmacy','akol pharmacy pharmacy chemist drug store medicine nigeria','place_nigeria_001','pharmacy',unixepoch(),unixepoch());
INSERT OR IGNORE INTO seed_ingestion_records (id,seed_run_id,entity_type,entity_id,source_id,status) VALUES ('ir_s09_pharmacy_79f218249be02bf8','seed_run_s09_osm_pharmacies_20260502','organization','org_s09_pharmacy_79f218249be02bf8','seed_source_osm_pharmacies_ng_20260502','ingested');
INSERT OR IGNORE INTO seed_entity_sources (id,seed_run_id,entity_type,entity_id,source_id,confidence_tier) VALUES ('es_s09_pharmacy_79f218249be02bf8','seed_run_s09_osm_pharmacies_20260502','organization','org_s09_pharmacy_79f218249be02bf8','seed_source_osm_pharmacies_ng_20260502','seeded');
INSERT OR IGNORE INTO seed_enrichment (id,seed_run_id,entity_type,entity_id,enrichment_type,enrichment_json) VALUES ('enr_s09_pharmacy_79f218249be02bf8','seed_run_s09_osm_pharmacies_20260502','organization','org_s09_pharmacy_79f218249be02bf8','licence_data','{"osm_id": "3391696939", "amenity": "pharmacy", "addr_state": null, "operator": null, "brand": null}');

INSERT OR IGNORE INTO organizations (id,tenant_id,organization_type,legal_name,display_name,registration_number,status,verification_state,created_at,updated_at) VALUES ('org_s09_pharmacy_6976daacd7341efb','tenant_platform_seed','pharmacy','ITA SUMBA','ITA SUMBA',NULL,'active','seeded',unixepoch(),unixepoch());
INSERT OR IGNORE INTO profiles (id,subject_id,subject_type,primary_place_id,tenant_id,workspace_id,display_name,created_at,updated_at) VALUES ('prof_s09_pharmacy_6976daacd7341efb','org_s09_pharmacy_6976daacd7341efb','organization','place_nigeria_001','tenant_platform_seed','workspace_platform_seed_discovery','ITA SUMBA',unixepoch(),unixepoch());
INSERT OR IGNORE INTO search_entries (id,profile_id,display_name,keywords,ancestry_path,vertical,created_at,updated_at) VALUES ('se_s09_pharmacy_6976daacd7341efb','prof_s09_pharmacy_6976daacd7341efb','ITA SUMBA','ita sumba pharmacy chemist drug store medicine nigeria','place_nigeria_001','pharmacy',unixepoch(),unixepoch());
INSERT OR IGNORE INTO seed_ingestion_records (id,seed_run_id,entity_type,entity_id,source_id,status) VALUES ('ir_s09_pharmacy_6976daacd7341efb','seed_run_s09_osm_pharmacies_20260502','organization','org_s09_pharmacy_6976daacd7341efb','seed_source_osm_pharmacies_ng_20260502','ingested');
INSERT OR IGNORE INTO seed_entity_sources (id,seed_run_id,entity_type,entity_id,source_id,confidence_tier) VALUES ('es_s09_pharmacy_6976daacd7341efb','seed_run_s09_osm_pharmacies_20260502','organization','org_s09_pharmacy_6976daacd7341efb','seed_source_osm_pharmacies_ng_20260502','seeded');
INSERT OR IGNORE INTO seed_enrichment (id,seed_run_id,entity_type,entity_id,enrichment_type,enrichment_json) VALUES ('enr_s09_pharmacy_6976daacd7341efb','seed_run_s09_osm_pharmacies_20260502','organization','org_s09_pharmacy_6976daacd7341efb','licence_data','{"osm_id": "3995343803", "amenity": "pharmacy", "addr_state": null, "operator": null, "brand": null}');

INSERT OR IGNORE INTO organizations (id,tenant_id,organization_type,legal_name,display_name,registration_number,status,verification_state,created_at,updated_at) VALUES ('org_s09_pharmacy_b43181130e8f14c0','tenant_platform_seed','pharmacy','d','d',NULL,'active','seeded',unixepoch(),unixepoch());
INSERT OR IGNORE INTO profiles (id,subject_id,subject_type,primary_place_id,tenant_id,workspace_id,display_name,created_at,updated_at) VALUES ('prof_s09_pharmacy_b43181130e8f14c0','org_s09_pharmacy_b43181130e8f14c0','organization','place_nigeria_001','tenant_platform_seed','workspace_platform_seed_discovery','d',unixepoch(),unixepoch());
INSERT OR IGNORE INTO search_entries (id,profile_id,display_name,keywords,ancestry_path,vertical,created_at,updated_at) VALUES ('se_s09_pharmacy_b43181130e8f14c0','prof_s09_pharmacy_b43181130e8f14c0','d','d pharmacy chemist drug store medicine nigeria','place_nigeria_001','pharmacy',unixepoch(),unixepoch());
INSERT OR IGNORE INTO seed_ingestion_records (id,seed_run_id,entity_type,entity_id,source_id,status) VALUES ('ir_s09_pharmacy_b43181130e8f14c0','seed_run_s09_osm_pharmacies_20260502','organization','org_s09_pharmacy_b43181130e8f14c0','seed_source_osm_pharmacies_ng_20260502','ingested');
INSERT OR IGNORE INTO seed_entity_sources (id,seed_run_id,entity_type,entity_id,source_id,confidence_tier) VALUES ('es_s09_pharmacy_b43181130e8f14c0','seed_run_s09_osm_pharmacies_20260502','organization','org_s09_pharmacy_b43181130e8f14c0','seed_source_osm_pharmacies_ng_20260502','seeded');
INSERT OR IGNORE INTO seed_enrichment (id,seed_run_id,entity_type,entity_id,enrichment_type,enrichment_json) VALUES ('enr_s09_pharmacy_b43181130e8f14c0','seed_run_s09_osm_pharmacies_20260502','organization','org_s09_pharmacy_b43181130e8f14c0','licence_data','{"osm_id": "3995348360", "amenity": "pharmacy", "addr_state": null, "operator": null, "brand": null}');

INSERT OR IGNORE INTO organizations (id,tenant_id,organization_type,legal_name,display_name,registration_number,status,verification_state,created_at,updated_at) VALUES ('org_s09_pharmacy_95cb0cd79adf5fe6','tenant_platform_seed','pharmacy','CLINIQUE LA PAIX','CLINIQUE LA PAIX',NULL,'active','seeded',unixepoch(),unixepoch());
INSERT OR IGNORE INTO profiles (id,subject_id,subject_type,primary_place_id,tenant_id,workspace_id,display_name,created_at,updated_at) VALUES ('prof_s09_pharmacy_95cb0cd79adf5fe6','org_s09_pharmacy_95cb0cd79adf5fe6','organization','place_nigeria_001','tenant_platform_seed','workspace_platform_seed_discovery','CLINIQUE LA PAIX',unixepoch(),unixepoch());
INSERT OR IGNORE INTO search_entries (id,profile_id,display_name,keywords,ancestry_path,vertical,created_at,updated_at) VALUES ('se_s09_pharmacy_95cb0cd79adf5fe6','prof_s09_pharmacy_95cb0cd79adf5fe6','CLINIQUE LA PAIX','clinique la paix pharmacy chemist drug store medicine nigeria','place_nigeria_001','pharmacy',unixepoch(),unixepoch());
INSERT OR IGNORE INTO seed_ingestion_records (id,seed_run_id,entity_type,entity_id,source_id,status) VALUES ('ir_s09_pharmacy_95cb0cd79adf5fe6','seed_run_s09_osm_pharmacies_20260502','organization','org_s09_pharmacy_95cb0cd79adf5fe6','seed_source_osm_pharmacies_ng_20260502','ingested');
INSERT OR IGNORE INTO seed_entity_sources (id,seed_run_id,entity_type,entity_id,source_id,confidence_tier) VALUES ('es_s09_pharmacy_95cb0cd79adf5fe6','seed_run_s09_osm_pharmacies_20260502','organization','org_s09_pharmacy_95cb0cd79adf5fe6','seed_source_osm_pharmacies_ng_20260502','seeded');
INSERT OR IGNORE INTO seed_enrichment (id,seed_run_id,entity_type,entity_id,enrichment_type,enrichment_json) VALUES ('enr_s09_pharmacy_95cb0cd79adf5fe6','seed_run_s09_osm_pharmacies_20260502','organization','org_s09_pharmacy_95cb0cd79adf5fe6','licence_data','{"osm_id": "3995348458", "amenity": "pharmacy", "addr_state": null, "operator": null, "brand": null}');

INSERT OR IGNORE INTO organizations (id,tenant_id,organization_type,legal_name,display_name,registration_number,status,verification_state,created_at,updated_at) VALUES ('org_s09_pharmacy_c61c5754ffbb4660','tenant_platform_seed','pharmacy','Chemart Pharmacy','Chemart Pharmacy',NULL,'active','seeded',unixepoch(),unixepoch());
INSERT OR IGNORE INTO profiles (id,subject_id,subject_type,primary_place_id,tenant_id,workspace_id,display_name,created_at,updated_at) VALUES ('prof_s09_pharmacy_c61c5754ffbb4660','org_s09_pharmacy_c61c5754ffbb4660','organization','place_nigeria_001','tenant_platform_seed','workspace_platform_seed_discovery','Chemart Pharmacy',unixepoch(),unixepoch());
INSERT OR IGNORE INTO search_entries (id,profile_id,display_name,keywords,ancestry_path,vertical,created_at,updated_at) VALUES ('se_s09_pharmacy_c61c5754ffbb4660','prof_s09_pharmacy_c61c5754ffbb4660','Chemart Pharmacy','chemart pharmacy pharmacy chemist drug store medicine nigeria','place_nigeria_001','pharmacy',unixepoch(),unixepoch());
INSERT OR IGNORE INTO seed_ingestion_records (id,seed_run_id,entity_type,entity_id,source_id,status) VALUES ('ir_s09_pharmacy_c61c5754ffbb4660','seed_run_s09_osm_pharmacies_20260502','organization','org_s09_pharmacy_c61c5754ffbb4660','seed_source_osm_pharmacies_ng_20260502','ingested');
INSERT OR IGNORE INTO seed_entity_sources (id,seed_run_id,entity_type,entity_id,source_id,confidence_tier) VALUES ('es_s09_pharmacy_c61c5754ffbb4660','seed_run_s09_osm_pharmacies_20260502','organization','org_s09_pharmacy_c61c5754ffbb4660','seed_source_osm_pharmacies_ng_20260502','seeded');
INSERT OR IGNORE INTO seed_enrichment (id,seed_run_id,entity_type,entity_id,enrichment_type,enrichment_json) VALUES ('enr_s09_pharmacy_c61c5754ffbb4660','seed_run_s09_osm_pharmacies_20260502','organization','org_s09_pharmacy_c61c5754ffbb4660','licence_data','{"osm_id": "4612339989", "amenity": "pharmacy", "addr_state": null, "operator": null, "brand": null}');

INSERT OR IGNORE INTO organizations (id,tenant_id,organization_type,legal_name,display_name,registration_number,status,verification_state,created_at,updated_at) VALUES ('org_s09_pharmacy_72433ed14cc1e697','tenant_platform_seed','pharmacy','Bay-Kins','Bay-Kins',NULL,'active','seeded',unixepoch(),unixepoch());
INSERT OR IGNORE INTO profiles (id,subject_id,subject_type,primary_place_id,tenant_id,workspace_id,display_name,created_at,updated_at) VALUES ('prof_s09_pharmacy_72433ed14cc1e697','org_s09_pharmacy_72433ed14cc1e697','organization','place_nigeria_001','tenant_platform_seed','workspace_platform_seed_discovery','Bay-Kins',unixepoch(),unixepoch());
INSERT OR IGNORE INTO search_entries (id,profile_id,display_name,keywords,ancestry_path,vertical,created_at,updated_at) VALUES ('se_s09_pharmacy_72433ed14cc1e697','prof_s09_pharmacy_72433ed14cc1e697','Bay-Kins','bay-kins pharmacy chemist drug store medicine nigeria','place_nigeria_001','pharmacy',unixepoch(),unixepoch());
INSERT OR IGNORE INTO seed_ingestion_records (id,seed_run_id,entity_type,entity_id,source_id,status) VALUES ('ir_s09_pharmacy_72433ed14cc1e697','seed_run_s09_osm_pharmacies_20260502','organization','org_s09_pharmacy_72433ed14cc1e697','seed_source_osm_pharmacies_ng_20260502','ingested');
INSERT OR IGNORE INTO seed_entity_sources (id,seed_run_id,entity_type,entity_id,source_id,confidence_tier) VALUES ('es_s09_pharmacy_72433ed14cc1e697','seed_run_s09_osm_pharmacies_20260502','organization','org_s09_pharmacy_72433ed14cc1e697','seed_source_osm_pharmacies_ng_20260502','seeded');
INSERT OR IGNORE INTO seed_enrichment (id,seed_run_id,entity_type,entity_id,enrichment_type,enrichment_json) VALUES ('enr_s09_pharmacy_72433ed14cc1e697','seed_run_s09_osm_pharmacies_20260502','organization','org_s09_pharmacy_72433ed14cc1e697','licence_data','{"osm_id": "4722581530", "amenity": "pharmacy", "addr_state": null, "operator": null, "brand": null}');

INSERT OR IGNORE INTO organizations (id,tenant_id,organization_type,legal_name,display_name,registration_number,status,verification_state,created_at,updated_at) VALUES ('org_s09_pharmacy_c94014e420c5cc24','tenant_platform_seed','pharmacy','EDMARK','EDMARK',NULL,'active','seeded',unixepoch(),unixepoch());
INSERT OR IGNORE INTO profiles (id,subject_id,subject_type,primary_place_id,tenant_id,workspace_id,display_name,created_at,updated_at) VALUES ('prof_s09_pharmacy_c94014e420c5cc24','org_s09_pharmacy_c94014e420c5cc24','organization','place_nigeria_001','tenant_platform_seed','workspace_platform_seed_discovery','EDMARK',unixepoch(),unixepoch());
INSERT OR IGNORE INTO search_entries (id,profile_id,display_name,keywords,ancestry_path,vertical,created_at,updated_at) VALUES ('se_s09_pharmacy_c94014e420c5cc24','prof_s09_pharmacy_c94014e420c5cc24','EDMARK','edmark pharmacy chemist drug store medicine nigeria','place_nigeria_001','pharmacy',unixepoch(),unixepoch());
INSERT OR IGNORE INTO seed_ingestion_records (id,seed_run_id,entity_type,entity_id,source_id,status) VALUES ('ir_s09_pharmacy_c94014e420c5cc24','seed_run_s09_osm_pharmacies_20260502','organization','org_s09_pharmacy_c94014e420c5cc24','seed_source_osm_pharmacies_ng_20260502','ingested');
INSERT OR IGNORE INTO seed_entity_sources (id,seed_run_id,entity_type,entity_id,source_id,confidence_tier) VALUES ('es_s09_pharmacy_c94014e420c5cc24','seed_run_s09_osm_pharmacies_20260502','organization','org_s09_pharmacy_c94014e420c5cc24','seed_source_osm_pharmacies_ng_20260502','seeded');
INSERT OR IGNORE INTO seed_enrichment (id,seed_run_id,entity_type,entity_id,enrichment_type,enrichment_json) VALUES ('enr_s09_pharmacy_c94014e420c5cc24','seed_run_s09_osm_pharmacies_20260502','organization','org_s09_pharmacy_c94014e420c5cc24','licence_data','{"osm_id": "4987528630", "amenity": "pharmacy", "addr_state": null, "operator": null, "brand": null}');

INSERT OR IGNORE INTO organizations (id,tenant_id,organization_type,legal_name,display_name,registration_number,status,verification_state,created_at,updated_at) VALUES ('org_s09_pharmacy_4350ab2ce294037b','tenant_platform_seed','pharmacy','COKA Pharmarcy','COKA Pharmarcy',NULL,'active','seeded',unixepoch(),unixepoch());
INSERT OR IGNORE INTO profiles (id,subject_id,subject_type,primary_place_id,tenant_id,workspace_id,display_name,created_at,updated_at) VALUES ('prof_s09_pharmacy_4350ab2ce294037b','org_s09_pharmacy_4350ab2ce294037b','organization','place_nigeria_001','tenant_platform_seed','workspace_platform_seed_discovery','COKA Pharmarcy',unixepoch(),unixepoch());
INSERT OR IGNORE INTO search_entries (id,profile_id,display_name,keywords,ancestry_path,vertical,created_at,updated_at) VALUES ('se_s09_pharmacy_4350ab2ce294037b','prof_s09_pharmacy_4350ab2ce294037b','COKA Pharmarcy','coka pharmarcy pharmacy chemist drug store medicine nigeria','place_nigeria_001','pharmacy',unixepoch(),unixepoch());
INSERT OR IGNORE INTO seed_ingestion_records (id,seed_run_id,entity_type,entity_id,source_id,status) VALUES ('ir_s09_pharmacy_4350ab2ce294037b','seed_run_s09_osm_pharmacies_20260502','organization','org_s09_pharmacy_4350ab2ce294037b','seed_source_osm_pharmacies_ng_20260502','ingested');
INSERT OR IGNORE INTO seed_entity_sources (id,seed_run_id,entity_type,entity_id,source_id,confidence_tier) VALUES ('es_s09_pharmacy_4350ab2ce294037b','seed_run_s09_osm_pharmacies_20260502','organization','org_s09_pharmacy_4350ab2ce294037b','seed_source_osm_pharmacies_ng_20260502','seeded');
INSERT OR IGNORE INTO seed_enrichment (id,seed_run_id,entity_type,entity_id,enrichment_type,enrichment_json) VALUES ('enr_s09_pharmacy_4350ab2ce294037b','seed_run_s09_osm_pharmacies_20260502','organization','org_s09_pharmacy_4350ab2ce294037b','licence_data','{"osm_id": "4987528631", "amenity": "pharmacy", "addr_state": null, "operator": null, "brand": null}');

INSERT OR IGNORE INTO organizations (id,tenant_id,organization_type,legal_name,display_name,registration_number,status,verification_state,created_at,updated_at) VALUES ('org_s09_pharmacy_43bbc378932f6fe2','tenant_platform_seed','pharmacy','Medplus','Medplus',NULL,'active','seeded',unixepoch(),unixepoch());
INSERT OR IGNORE INTO profiles (id,subject_id,subject_type,primary_place_id,tenant_id,workspace_id,display_name,created_at,updated_at) VALUES ('prof_s09_pharmacy_43bbc378932f6fe2','org_s09_pharmacy_43bbc378932f6fe2','organization','place_nigeria_001','tenant_platform_seed','workspace_platform_seed_discovery','Medplus',unixepoch(),unixepoch());
INSERT OR IGNORE INTO search_entries (id,profile_id,display_name,keywords,ancestry_path,vertical,created_at,updated_at) VALUES ('se_s09_pharmacy_43bbc378932f6fe2','prof_s09_pharmacy_43bbc378932f6fe2','Medplus','medplus pharmacy chemist drug store medicine nigeria','place_nigeria_001','pharmacy',unixepoch(),unixepoch());
INSERT OR IGNORE INTO seed_ingestion_records (id,seed_run_id,entity_type,entity_id,source_id,status) VALUES ('ir_s09_pharmacy_43bbc378932f6fe2','seed_run_s09_osm_pharmacies_20260502','organization','org_s09_pharmacy_43bbc378932f6fe2','seed_source_osm_pharmacies_ng_20260502','ingested');
INSERT OR IGNORE INTO seed_entity_sources (id,seed_run_id,entity_type,entity_id,source_id,confidence_tier) VALUES ('es_s09_pharmacy_43bbc378932f6fe2','seed_run_s09_osm_pharmacies_20260502','organization','org_s09_pharmacy_43bbc378932f6fe2','seed_source_osm_pharmacies_ng_20260502','seeded');
INSERT OR IGNORE INTO seed_enrichment (id,seed_run_id,entity_type,entity_id,enrichment_type,enrichment_json) VALUES ('enr_s09_pharmacy_43bbc378932f6fe2','seed_run_s09_osm_pharmacies_20260502','organization','org_s09_pharmacy_43bbc378932f6fe2','licence_data','{"osm_id": "5144668739", "amenity": "pharmacy", "addr_state": null, "operator": null, "brand": null}');

INSERT OR IGNORE INTO organizations (id,tenant_id,organization_type,legal_name,display_name,registration_number,status,verification_state,created_at,updated_at) VALUES ('org_s09_pharmacy_f3d69a8a6b400b41','tenant_platform_seed','pharmacy','HealthPlus','HealthPlus',NULL,'active','seeded',unixepoch(),unixepoch());
INSERT OR IGNORE INTO profiles (id,subject_id,subject_type,primary_place_id,tenant_id,workspace_id,display_name,created_at,updated_at) VALUES ('prof_s09_pharmacy_f3d69a8a6b400b41','org_s09_pharmacy_f3d69a8a6b400b41','organization','place_nigeria_001','tenant_platform_seed','workspace_platform_seed_discovery','HealthPlus',unixepoch(),unixepoch());
INSERT OR IGNORE INTO search_entries (id,profile_id,display_name,keywords,ancestry_path,vertical,created_at,updated_at) VALUES ('se_s09_pharmacy_f3d69a8a6b400b41','prof_s09_pharmacy_f3d69a8a6b400b41','HealthPlus','healthplus pharmacy chemist drug store medicine nigeria','place_nigeria_001','pharmacy',unixepoch(),unixepoch());
INSERT OR IGNORE INTO seed_ingestion_records (id,seed_run_id,entity_type,entity_id,source_id,status) VALUES ('ir_s09_pharmacy_f3d69a8a6b400b41','seed_run_s09_osm_pharmacies_20260502','organization','org_s09_pharmacy_f3d69a8a6b400b41','seed_source_osm_pharmacies_ng_20260502','ingested');
INSERT OR IGNORE INTO seed_entity_sources (id,seed_run_id,entity_type,entity_id,source_id,confidence_tier) VALUES ('es_s09_pharmacy_f3d69a8a6b400b41','seed_run_s09_osm_pharmacies_20260502','organization','org_s09_pharmacy_f3d69a8a6b400b41','seed_source_osm_pharmacies_ng_20260502','seeded');
INSERT OR IGNORE INTO seed_enrichment (id,seed_run_id,entity_type,entity_id,enrichment_type,enrichment_json) VALUES ('enr_s09_pharmacy_f3d69a8a6b400b41','seed_run_s09_osm_pharmacies_20260502','organization','org_s09_pharmacy_f3d69a8a6b400b41','licence_data','{"osm_id": "5144668740", "amenity": "pharmacy", "addr_state": null, "operator": null, "brand": null}');

INSERT OR IGNORE INTO organizations (id,tenant_id,organization_type,legal_name,display_name,registration_number,status,verification_state,created_at,updated_at) VALUES ('org_s09_pharmacy_b6ee0116e8b767eb','tenant_platform_seed','pharmacy','JJC','JJC',NULL,'active','seeded',unixepoch(),unixepoch());
INSERT OR IGNORE INTO profiles (id,subject_id,subject_type,primary_place_id,tenant_id,workspace_id,display_name,created_at,updated_at) VALUES ('prof_s09_pharmacy_b6ee0116e8b767eb','org_s09_pharmacy_b6ee0116e8b767eb','organization','place_nigeria_001','tenant_platform_seed','workspace_platform_seed_discovery','JJC',unixepoch(),unixepoch());
INSERT OR IGNORE INTO search_entries (id,profile_id,display_name,keywords,ancestry_path,vertical,created_at,updated_at) VALUES ('se_s09_pharmacy_b6ee0116e8b767eb','prof_s09_pharmacy_b6ee0116e8b767eb','JJC','jjc pharmacy chemist drug store medicine nigeria','place_nigeria_001','pharmacy',unixepoch(),unixepoch());
INSERT OR IGNORE INTO seed_ingestion_records (id,seed_run_id,entity_type,entity_id,source_id,status) VALUES ('ir_s09_pharmacy_b6ee0116e8b767eb','seed_run_s09_osm_pharmacies_20260502','organization','org_s09_pharmacy_b6ee0116e8b767eb','seed_source_osm_pharmacies_ng_20260502','ingested');
INSERT OR IGNORE INTO seed_entity_sources (id,seed_run_id,entity_type,entity_id,source_id,confidence_tier) VALUES ('es_s09_pharmacy_b6ee0116e8b767eb','seed_run_s09_osm_pharmacies_20260502','organization','org_s09_pharmacy_b6ee0116e8b767eb','seed_source_osm_pharmacies_ng_20260502','seeded');
INSERT OR IGNORE INTO seed_enrichment (id,seed_run_id,entity_type,entity_id,enrichment_type,enrichment_json) VALUES ('enr_s09_pharmacy_b6ee0116e8b767eb','seed_run_s09_osm_pharmacies_20260502','organization','org_s09_pharmacy_b6ee0116e8b767eb','licence_data','{"osm_id": "5522257231", "amenity": "pharmacy", "addr_state": null, "operator": null, "brand": null}');

INSERT OR IGNORE INTO organizations (id,tenant_id,organization_type,legal_name,display_name,registration_number,status,verification_state,created_at,updated_at) VALUES ('org_s09_pharmacy_5d592227dedde9be','tenant_platform_seed','pharmacy','Carlvon Pharmacy','Carlvon Pharmacy',NULL,'active','seeded',unixepoch(),unixepoch());
INSERT OR IGNORE INTO profiles (id,subject_id,subject_type,primary_place_id,tenant_id,workspace_id,display_name,created_at,updated_at) VALUES ('prof_s09_pharmacy_5d592227dedde9be','org_s09_pharmacy_5d592227dedde9be','organization','place_nigeria_001','tenant_platform_seed','workspace_platform_seed_discovery','Carlvon Pharmacy',unixepoch(),unixepoch());
INSERT OR IGNORE INTO search_entries (id,profile_id,display_name,keywords,ancestry_path,vertical,created_at,updated_at) VALUES ('se_s09_pharmacy_5d592227dedde9be','prof_s09_pharmacy_5d592227dedde9be','Carlvon Pharmacy','carlvon pharmacy pharmacy chemist drug store medicine nigeria','place_nigeria_001','pharmacy',unixepoch(),unixepoch());
INSERT OR IGNORE INTO seed_ingestion_records (id,seed_run_id,entity_type,entity_id,source_id,status) VALUES ('ir_s09_pharmacy_5d592227dedde9be','seed_run_s09_osm_pharmacies_20260502','organization','org_s09_pharmacy_5d592227dedde9be','seed_source_osm_pharmacies_ng_20260502','ingested');
INSERT OR IGNORE INTO seed_entity_sources (id,seed_run_id,entity_type,entity_id,source_id,confidence_tier) VALUES ('es_s09_pharmacy_5d592227dedde9be','seed_run_s09_osm_pharmacies_20260502','organization','org_s09_pharmacy_5d592227dedde9be','seed_source_osm_pharmacies_ng_20260502','seeded');
INSERT OR IGNORE INTO seed_enrichment (id,seed_run_id,entity_type,entity_id,enrichment_type,enrichment_json) VALUES ('enr_s09_pharmacy_5d592227dedde9be','seed_run_s09_osm_pharmacies_20260502','organization','org_s09_pharmacy_5d592227dedde9be','licence_data','{"osm_id": "5596396128", "amenity": "pharmacy", "addr_state": null, "operator": null, "brand": null}');

INSERT OR IGNORE INTO organizations (id,tenant_id,organization_type,legal_name,display_name,registration_number,status,verification_state,created_at,updated_at) VALUES ('org_s09_pharmacy_1412bbf0d37f7ff8','tenant_platform_seed','pharmacy','JSK Pharmacy','JSK Pharmacy',NULL,'active','seeded',unixepoch(),unixepoch());
INSERT OR IGNORE INTO profiles (id,subject_id,subject_type,primary_place_id,tenant_id,workspace_id,display_name,created_at,updated_at) VALUES ('prof_s09_pharmacy_1412bbf0d37f7ff8','org_s09_pharmacy_1412bbf0d37f7ff8','organization','place_nigeria_001','tenant_platform_seed','workspace_platform_seed_discovery','JSK Pharmacy',unixepoch(),unixepoch());
INSERT OR IGNORE INTO search_entries (id,profile_id,display_name,keywords,ancestry_path,vertical,created_at,updated_at) VALUES ('se_s09_pharmacy_1412bbf0d37f7ff8','prof_s09_pharmacy_1412bbf0d37f7ff8','JSK Pharmacy','jsk pharmacy pharmacy chemist drug store medicine nigeria','place_nigeria_001','pharmacy',unixepoch(),unixepoch());
INSERT OR IGNORE INTO seed_ingestion_records (id,seed_run_id,entity_type,entity_id,source_id,status) VALUES ('ir_s09_pharmacy_1412bbf0d37f7ff8','seed_run_s09_osm_pharmacies_20260502','organization','org_s09_pharmacy_1412bbf0d37f7ff8','seed_source_osm_pharmacies_ng_20260502','ingested');
INSERT OR IGNORE INTO seed_entity_sources (id,seed_run_id,entity_type,entity_id,source_id,confidence_tier) VALUES ('es_s09_pharmacy_1412bbf0d37f7ff8','seed_run_s09_osm_pharmacies_20260502','organization','org_s09_pharmacy_1412bbf0d37f7ff8','seed_source_osm_pharmacies_ng_20260502','seeded');
INSERT OR IGNORE INTO seed_enrichment (id,seed_run_id,entity_type,entity_id,enrichment_type,enrichment_json) VALUES ('enr_s09_pharmacy_1412bbf0d37f7ff8','seed_run_s09_osm_pharmacies_20260502','organization','org_s09_pharmacy_1412bbf0d37f7ff8','licence_data','{"osm_id": "5599578863", "amenity": "pharmacy", "addr_state": null, "operator": null, "brand": null}');

INSERT OR IGNORE INTO organizations (id,tenant_id,organization_type,legal_name,display_name,registration_number,status,verification_state,created_at,updated_at) VALUES ('org_s09_pharmacy_2f25349971bcceb7','tenant_platform_seed','pharmacy','Healthway','Healthway',NULL,'active','seeded',unixepoch(),unixepoch());
INSERT OR IGNORE INTO profiles (id,subject_id,subject_type,primary_place_id,tenant_id,workspace_id,display_name,created_at,updated_at) VALUES ('prof_s09_pharmacy_2f25349971bcceb7','org_s09_pharmacy_2f25349971bcceb7','organization','place_nigeria_001','tenant_platform_seed','workspace_platform_seed_discovery','Healthway',unixepoch(),unixepoch());
INSERT OR IGNORE INTO search_entries (id,profile_id,display_name,keywords,ancestry_path,vertical,created_at,updated_at) VALUES ('se_s09_pharmacy_2f25349971bcceb7','prof_s09_pharmacy_2f25349971bcceb7','Healthway','healthway pharmacy chemist drug store medicine nigeria','place_nigeria_001','pharmacy',unixepoch(),unixepoch());
INSERT OR IGNORE INTO seed_ingestion_records (id,seed_run_id,entity_type,entity_id,source_id,status) VALUES ('ir_s09_pharmacy_2f25349971bcceb7','seed_run_s09_osm_pharmacies_20260502','organization','org_s09_pharmacy_2f25349971bcceb7','seed_source_osm_pharmacies_ng_20260502','ingested');
INSERT OR IGNORE INTO seed_entity_sources (id,seed_run_id,entity_type,entity_id,source_id,confidence_tier) VALUES ('es_s09_pharmacy_2f25349971bcceb7','seed_run_s09_osm_pharmacies_20260502','organization','org_s09_pharmacy_2f25349971bcceb7','seed_source_osm_pharmacies_ng_20260502','seeded');
INSERT OR IGNORE INTO seed_enrichment (id,seed_run_id,entity_type,entity_id,enrichment_type,enrichment_json) VALUES ('enr_s09_pharmacy_2f25349971bcceb7','seed_run_s09_osm_pharmacies_20260502','organization','org_s09_pharmacy_2f25349971bcceb7','licence_data','{"osm_id": "5604092021", "amenity": "pharmacy", "addr_state": null, "operator": null, "brand": null}');

INSERT OR IGNORE INTO organizations (id,tenant_id,organization_type,legal_name,display_name,registration_number,status,verification_state,created_at,updated_at) VALUES ('org_s09_pharmacy_64c1fc2442c81922','tenant_platform_seed','pharmacy','SFOUR HEALTH SERVICES LTD','SFOUR HEALTH SERVICES LTD',NULL,'active','seeded',unixepoch(),unixepoch());
INSERT OR IGNORE INTO profiles (id,subject_id,subject_type,primary_place_id,tenant_id,workspace_id,display_name,created_at,updated_at) VALUES ('prof_s09_pharmacy_64c1fc2442c81922','org_s09_pharmacy_64c1fc2442c81922','organization','place_nigeria_001','tenant_platform_seed','workspace_platform_seed_discovery','SFOUR HEALTH SERVICES LTD',unixepoch(),unixepoch());
INSERT OR IGNORE INTO search_entries (id,profile_id,display_name,keywords,ancestry_path,vertical,created_at,updated_at) VALUES ('se_s09_pharmacy_64c1fc2442c81922','prof_s09_pharmacy_64c1fc2442c81922','SFOUR HEALTH SERVICES LTD','sfour health services ltd pharmacy chemist drug store medicine nigeria','place_nigeria_001','pharmacy',unixepoch(),unixepoch());
INSERT OR IGNORE INTO seed_ingestion_records (id,seed_run_id,entity_type,entity_id,source_id,status) VALUES ('ir_s09_pharmacy_64c1fc2442c81922','seed_run_s09_osm_pharmacies_20260502','organization','org_s09_pharmacy_64c1fc2442c81922','seed_source_osm_pharmacies_ng_20260502','ingested');
INSERT OR IGNORE INTO seed_entity_sources (id,seed_run_id,entity_type,entity_id,source_id,confidence_tier) VALUES ('es_s09_pharmacy_64c1fc2442c81922','seed_run_s09_osm_pharmacies_20260502','organization','org_s09_pharmacy_64c1fc2442c81922','seed_source_osm_pharmacies_ng_20260502','seeded');
INSERT OR IGNORE INTO seed_enrichment (id,seed_run_id,entity_type,entity_id,enrichment_type,enrichment_json) VALUES ('enr_s09_pharmacy_64c1fc2442c81922','seed_run_s09_osm_pharmacies_20260502','organization','org_s09_pharmacy_64c1fc2442c81922','licence_data','{"osm_id": "5630743521", "amenity": "pharmacy", "addr_state": null, "operator": null, "brand": null}');

INSERT OR IGNORE INTO organizations (id,tenant_id,organization_type,legal_name,display_name,registration_number,status,verification_state,created_at,updated_at) VALUES ('org_s09_pharmacy_8c1774dc8d441b68','tenant_platform_seed','pharmacy','HealthPlus','HealthPlus',NULL,'active','seeded',unixepoch(),unixepoch());
INSERT OR IGNORE INTO profiles (id,subject_id,subject_type,primary_place_id,tenant_id,workspace_id,display_name,created_at,updated_at) VALUES ('prof_s09_pharmacy_8c1774dc8d441b68','org_s09_pharmacy_8c1774dc8d441b68','organization','place_nigeria_001','tenant_platform_seed','workspace_platform_seed_discovery','HealthPlus',unixepoch(),unixepoch());
INSERT OR IGNORE INTO search_entries (id,profile_id,display_name,keywords,ancestry_path,vertical,created_at,updated_at) VALUES ('se_s09_pharmacy_8c1774dc8d441b68','prof_s09_pharmacy_8c1774dc8d441b68','HealthPlus','healthplus pharmacy chemist drug store medicine nigeria','place_nigeria_001','pharmacy',unixepoch(),unixepoch());
INSERT OR IGNORE INTO seed_ingestion_records (id,seed_run_id,entity_type,entity_id,source_id,status) VALUES ('ir_s09_pharmacy_8c1774dc8d441b68','seed_run_s09_osm_pharmacies_20260502','organization','org_s09_pharmacy_8c1774dc8d441b68','seed_source_osm_pharmacies_ng_20260502','ingested');
INSERT OR IGNORE INTO seed_entity_sources (id,seed_run_id,entity_type,entity_id,source_id,confidence_tier) VALUES ('es_s09_pharmacy_8c1774dc8d441b68','seed_run_s09_osm_pharmacies_20260502','organization','org_s09_pharmacy_8c1774dc8d441b68','seed_source_osm_pharmacies_ng_20260502','seeded');
INSERT OR IGNORE INTO seed_enrichment (id,seed_run_id,entity_type,entity_id,enrichment_type,enrichment_json) VALUES ('enr_s09_pharmacy_8c1774dc8d441b68','seed_run_s09_osm_pharmacies_20260502','organization','org_s09_pharmacy_8c1774dc8d441b68','licence_data','{"osm_id": "5649291420", "amenity": "pharmacy", "addr_state": null, "operator": null, "brand": null}');

INSERT OR IGNORE INTO organizations (id,tenant_id,organization_type,legal_name,display_name,registration_number,status,verification_state,created_at,updated_at) VALUES ('org_s09_pharmacy_5d9a9461e39a0875','tenant_platform_seed','pharmacy','MedPlus','MedPlus',NULL,'active','seeded',unixepoch(),unixepoch());
INSERT OR IGNORE INTO profiles (id,subject_id,subject_type,primary_place_id,tenant_id,workspace_id,display_name,created_at,updated_at) VALUES ('prof_s09_pharmacy_5d9a9461e39a0875','org_s09_pharmacy_5d9a9461e39a0875','organization','place_nigeria_001','tenant_platform_seed','workspace_platform_seed_discovery','MedPlus',unixepoch(),unixepoch());
INSERT OR IGNORE INTO search_entries (id,profile_id,display_name,keywords,ancestry_path,vertical,created_at,updated_at) VALUES ('se_s09_pharmacy_5d9a9461e39a0875','prof_s09_pharmacy_5d9a9461e39a0875','MedPlus','medplus pharmacy chemist drug store medicine nigeria','place_nigeria_001','pharmacy',unixepoch(),unixepoch());
INSERT OR IGNORE INTO seed_ingestion_records (id,seed_run_id,entity_type,entity_id,source_id,status) VALUES ('ir_s09_pharmacy_5d9a9461e39a0875','seed_run_s09_osm_pharmacies_20260502','organization','org_s09_pharmacy_5d9a9461e39a0875','seed_source_osm_pharmacies_ng_20260502','ingested');
INSERT OR IGNORE INTO seed_entity_sources (id,seed_run_id,entity_type,entity_id,source_id,confidence_tier) VALUES ('es_s09_pharmacy_5d9a9461e39a0875','seed_run_s09_osm_pharmacies_20260502','organization','org_s09_pharmacy_5d9a9461e39a0875','seed_source_osm_pharmacies_ng_20260502','seeded');
INSERT OR IGNORE INTO seed_enrichment (id,seed_run_id,entity_type,entity_id,enrichment_type,enrichment_json) VALUES ('enr_s09_pharmacy_5d9a9461e39a0875','seed_run_s09_osm_pharmacies_20260502','organization','org_s09_pharmacy_5d9a9461e39a0875','licence_data','{"osm_id": "5649641159", "amenity": "pharmacy", "addr_state": null, "operator": null, "brand": null}');

INSERT OR IGNORE INTO organizations (id,tenant_id,organization_type,legal_name,display_name,registration_number,status,verification_state,created_at,updated_at) VALUES ('org_s09_pharmacy_06d1900bffae4ad3','tenant_platform_seed','pharmacy','Slon','Slon',NULL,'active','seeded',unixepoch(),unixepoch());
INSERT OR IGNORE INTO profiles (id,subject_id,subject_type,primary_place_id,tenant_id,workspace_id,display_name,created_at,updated_at) VALUES ('prof_s09_pharmacy_06d1900bffae4ad3','org_s09_pharmacy_06d1900bffae4ad3','organization','place_nigeria_001','tenant_platform_seed','workspace_platform_seed_discovery','Slon',unixepoch(),unixepoch());
INSERT OR IGNORE INTO search_entries (id,profile_id,display_name,keywords,ancestry_path,vertical,created_at,updated_at) VALUES ('se_s09_pharmacy_06d1900bffae4ad3','prof_s09_pharmacy_06d1900bffae4ad3','Slon','slon pharmacy chemist drug store medicine nigeria','place_nigeria_001','pharmacy',unixepoch(),unixepoch());
INSERT OR IGNORE INTO seed_ingestion_records (id,seed_run_id,entity_type,entity_id,source_id,status) VALUES ('ir_s09_pharmacy_06d1900bffae4ad3','seed_run_s09_osm_pharmacies_20260502','organization','org_s09_pharmacy_06d1900bffae4ad3','seed_source_osm_pharmacies_ng_20260502','ingested');
INSERT OR IGNORE INTO seed_entity_sources (id,seed_run_id,entity_type,entity_id,source_id,confidence_tier) VALUES ('es_s09_pharmacy_06d1900bffae4ad3','seed_run_s09_osm_pharmacies_20260502','organization','org_s09_pharmacy_06d1900bffae4ad3','seed_source_osm_pharmacies_ng_20260502','seeded');
INSERT OR IGNORE INTO seed_enrichment (id,seed_run_id,entity_type,entity_id,enrichment_type,enrichment_json) VALUES ('enr_s09_pharmacy_06d1900bffae4ad3','seed_run_s09_osm_pharmacies_20260502','organization','org_s09_pharmacy_06d1900bffae4ad3','licence_data','{"osm_id": "5665680242", "amenity": "pharmacy", "addr_state": null, "operator": null, "brand": null}');

INSERT OR IGNORE INTO organizations (id,tenant_id,organization_type,legal_name,display_name,registration_number,status,verification_state,created_at,updated_at) VALUES ('org_s09_pharmacy_4b6fb054639086eb','tenant_platform_seed','pharmacy','Semper','Semper',NULL,'active','seeded',unixepoch(),unixepoch());
INSERT OR IGNORE INTO profiles (id,subject_id,subject_type,primary_place_id,tenant_id,workspace_id,display_name,created_at,updated_at) VALUES ('prof_s09_pharmacy_4b6fb054639086eb','org_s09_pharmacy_4b6fb054639086eb','organization','place_nigeria_001','tenant_platform_seed','workspace_platform_seed_discovery','Semper',unixepoch(),unixepoch());
INSERT OR IGNORE INTO search_entries (id,profile_id,display_name,keywords,ancestry_path,vertical,created_at,updated_at) VALUES ('se_s09_pharmacy_4b6fb054639086eb','prof_s09_pharmacy_4b6fb054639086eb','Semper','semper pharmacy chemist drug store medicine nigeria','place_nigeria_001','pharmacy',unixepoch(),unixepoch());
INSERT OR IGNORE INTO seed_ingestion_records (id,seed_run_id,entity_type,entity_id,source_id,status) VALUES ('ir_s09_pharmacy_4b6fb054639086eb','seed_run_s09_osm_pharmacies_20260502','organization','org_s09_pharmacy_4b6fb054639086eb','seed_source_osm_pharmacies_ng_20260502','ingested');
INSERT OR IGNORE INTO seed_entity_sources (id,seed_run_id,entity_type,entity_id,source_id,confidence_tier) VALUES ('es_s09_pharmacy_4b6fb054639086eb','seed_run_s09_osm_pharmacies_20260502','organization','org_s09_pharmacy_4b6fb054639086eb','seed_source_osm_pharmacies_ng_20260502','seeded');
INSERT OR IGNORE INTO seed_enrichment (id,seed_run_id,entity_type,entity_id,enrichment_type,enrichment_json) VALUES ('enr_s09_pharmacy_4b6fb054639086eb','seed_run_s09_osm_pharmacies_20260502','organization','org_s09_pharmacy_4b6fb054639086eb','licence_data','{"osm_id": "5665680244", "amenity": "pharmacy", "addr_state": null, "operator": null, "brand": null}');

INSERT OR IGNORE INTO organizations (id,tenant_id,organization_type,legal_name,display_name,registration_number,status,verification_state,created_at,updated_at) VALUES ('org_s09_pharmacy_877b341ef9d7faf8','tenant_platform_seed','pharmacy','SFOUR HEALTH SERVICES LTD','SFOUR HEALTH SERVICES LTD',NULL,'active','seeded',unixepoch(),unixepoch());
INSERT OR IGNORE INTO profiles (id,subject_id,subject_type,primary_place_id,tenant_id,workspace_id,display_name,created_at,updated_at) VALUES ('prof_s09_pharmacy_877b341ef9d7faf8','org_s09_pharmacy_877b341ef9d7faf8','organization','place_nigeria_001','tenant_platform_seed','workspace_platform_seed_discovery','SFOUR HEALTH SERVICES LTD',unixepoch(),unixepoch());
INSERT OR IGNORE INTO search_entries (id,profile_id,display_name,keywords,ancestry_path,vertical,created_at,updated_at) VALUES ('se_s09_pharmacy_877b341ef9d7faf8','prof_s09_pharmacy_877b341ef9d7faf8','SFOUR HEALTH SERVICES LTD','sfour health services ltd pharmacy chemist drug store medicine nigeria','place_nigeria_001','pharmacy',unixepoch(),unixepoch());
INSERT OR IGNORE INTO seed_ingestion_records (id,seed_run_id,entity_type,entity_id,source_id,status) VALUES ('ir_s09_pharmacy_877b341ef9d7faf8','seed_run_s09_osm_pharmacies_20260502','organization','org_s09_pharmacy_877b341ef9d7faf8','seed_source_osm_pharmacies_ng_20260502','ingested');
INSERT OR IGNORE INTO seed_entity_sources (id,seed_run_id,entity_type,entity_id,source_id,confidence_tier) VALUES ('es_s09_pharmacy_877b341ef9d7faf8','seed_run_s09_osm_pharmacies_20260502','organization','org_s09_pharmacy_877b341ef9d7faf8','seed_source_osm_pharmacies_ng_20260502','seeded');
INSERT OR IGNORE INTO seed_enrichment (id,seed_run_id,entity_type,entity_id,enrichment_type,enrichment_json) VALUES ('enr_s09_pharmacy_877b341ef9d7faf8','seed_run_s09_osm_pharmacies_20260502','organization','org_s09_pharmacy_877b341ef9d7faf8','licence_data','{"osm_id": "5683475721", "amenity": "pharmacy", "addr_state": null, "operator": null, "brand": null}');

INSERT OR IGNORE INTO organizations (id,tenant_id,organization_type,legal_name,display_name,registration_number,status,verification_state,created_at,updated_at) VALUES ('org_s09_pharmacy_fb017c232d9dd0e5','tenant_platform_seed','pharmacy','Health Plus','Health Plus',NULL,'active','seeded',unixepoch(),unixepoch());
INSERT OR IGNORE INTO profiles (id,subject_id,subject_type,primary_place_id,tenant_id,workspace_id,display_name,created_at,updated_at) VALUES ('prof_s09_pharmacy_fb017c232d9dd0e5','org_s09_pharmacy_fb017c232d9dd0e5','organization','place_nigeria_001','tenant_platform_seed','workspace_platform_seed_discovery','Health Plus',unixepoch(),unixepoch());
INSERT OR IGNORE INTO search_entries (id,profile_id,display_name,keywords,ancestry_path,vertical,created_at,updated_at) VALUES ('se_s09_pharmacy_fb017c232d9dd0e5','prof_s09_pharmacy_fb017c232d9dd0e5','Health Plus','health plus pharmacy chemist drug store medicine nigeria','place_nigeria_001','pharmacy',unixepoch(),unixepoch());
INSERT OR IGNORE INTO seed_ingestion_records (id,seed_run_id,entity_type,entity_id,source_id,status) VALUES ('ir_s09_pharmacy_fb017c232d9dd0e5','seed_run_s09_osm_pharmacies_20260502','organization','org_s09_pharmacy_fb017c232d9dd0e5','seed_source_osm_pharmacies_ng_20260502','ingested');
INSERT OR IGNORE INTO seed_entity_sources (id,seed_run_id,entity_type,entity_id,source_id,confidence_tier) VALUES ('es_s09_pharmacy_fb017c232d9dd0e5','seed_run_s09_osm_pharmacies_20260502','organization','org_s09_pharmacy_fb017c232d9dd0e5','seed_source_osm_pharmacies_ng_20260502','seeded');
INSERT OR IGNORE INTO seed_enrichment (id,seed_run_id,entity_type,entity_id,enrichment_type,enrichment_json) VALUES ('enr_s09_pharmacy_fb017c232d9dd0e5','seed_run_s09_osm_pharmacies_20260502','organization','org_s09_pharmacy_fb017c232d9dd0e5','licence_data','{"osm_id": "5902076590", "amenity": "pharmacy", "addr_state": null, "operator": null, "brand": null}');

INSERT OR IGNORE INTO organizations (id,tenant_id,organization_type,legal_name,display_name,registration_number,status,verification_state,created_at,updated_at) VALUES ('org_s09_pharmacy_456bf0ea8974b852','tenant_platform_seed','pharmacy','Dhal Pharmacy','Dhal Pharmacy',NULL,'active','seeded',unixepoch(),unixepoch());
INSERT OR IGNORE INTO profiles (id,subject_id,subject_type,primary_place_id,tenant_id,workspace_id,display_name,created_at,updated_at) VALUES ('prof_s09_pharmacy_456bf0ea8974b852','org_s09_pharmacy_456bf0ea8974b852','organization','place_nigeria_001','tenant_platform_seed','workspace_platform_seed_discovery','Dhal Pharmacy',unixepoch(),unixepoch());
INSERT OR IGNORE INTO search_entries (id,profile_id,display_name,keywords,ancestry_path,vertical,created_at,updated_at) VALUES ('se_s09_pharmacy_456bf0ea8974b852','prof_s09_pharmacy_456bf0ea8974b852','Dhal Pharmacy','dhal pharmacy pharmacy chemist drug store medicine nigeria','place_nigeria_001','pharmacy',unixepoch(),unixepoch());
INSERT OR IGNORE INTO seed_ingestion_records (id,seed_run_id,entity_type,entity_id,source_id,status) VALUES ('ir_s09_pharmacy_456bf0ea8974b852','seed_run_s09_osm_pharmacies_20260502','organization','org_s09_pharmacy_456bf0ea8974b852','seed_source_osm_pharmacies_ng_20260502','ingested');
INSERT OR IGNORE INTO seed_entity_sources (id,seed_run_id,entity_type,entity_id,source_id,confidence_tier) VALUES ('es_s09_pharmacy_456bf0ea8974b852','seed_run_s09_osm_pharmacies_20260502','organization','org_s09_pharmacy_456bf0ea8974b852','seed_source_osm_pharmacies_ng_20260502','seeded');
INSERT OR IGNORE INTO seed_enrichment (id,seed_run_id,entity_type,entity_id,enrichment_type,enrichment_json) VALUES ('enr_s09_pharmacy_456bf0ea8974b852','seed_run_s09_osm_pharmacies_20260502','organization','org_s09_pharmacy_456bf0ea8974b852','licence_data','{"osm_id": "6150658487", "amenity": "pharmacy", "addr_state": null, "operator": null, "brand": null}');

INSERT OR IGNORE INTO organizations (id,tenant_id,organization_type,legal_name,display_name,registration_number,status,verification_state,created_at,updated_at) VALUES ('org_s09_pharmacy_40a1ea27b2220a3c','tenant_platform_seed','pharmacy','Oriwu Pharmacy & Supermarket','Oriwu Pharmacy & Supermarket',NULL,'active','seeded',unixepoch(),unixepoch());
INSERT OR IGNORE INTO profiles (id,subject_id,subject_type,primary_place_id,tenant_id,workspace_id,display_name,created_at,updated_at) VALUES ('prof_s09_pharmacy_40a1ea27b2220a3c','org_s09_pharmacy_40a1ea27b2220a3c','organization','place_nigeria_001','tenant_platform_seed','workspace_platform_seed_discovery','Oriwu Pharmacy & Supermarket',unixepoch(),unixepoch());
INSERT OR IGNORE INTO search_entries (id,profile_id,display_name,keywords,ancestry_path,vertical,created_at,updated_at) VALUES ('se_s09_pharmacy_40a1ea27b2220a3c','prof_s09_pharmacy_40a1ea27b2220a3c','Oriwu Pharmacy & Supermarket','oriwu pharmacy & supermarket pharmacy chemist drug store medicine nigeria','place_nigeria_001','pharmacy',unixepoch(),unixepoch());
INSERT OR IGNORE INTO seed_ingestion_records (id,seed_run_id,entity_type,entity_id,source_id,status) VALUES ('ir_s09_pharmacy_40a1ea27b2220a3c','seed_run_s09_osm_pharmacies_20260502','organization','org_s09_pharmacy_40a1ea27b2220a3c','seed_source_osm_pharmacies_ng_20260502','ingested');
INSERT OR IGNORE INTO seed_entity_sources (id,seed_run_id,entity_type,entity_id,source_id,confidence_tier) VALUES ('es_s09_pharmacy_40a1ea27b2220a3c','seed_run_s09_osm_pharmacies_20260502','organization','org_s09_pharmacy_40a1ea27b2220a3c','seed_source_osm_pharmacies_ng_20260502','seeded');
INSERT OR IGNORE INTO seed_enrichment (id,seed_run_id,entity_type,entity_id,enrichment_type,enrichment_json) VALUES ('enr_s09_pharmacy_40a1ea27b2220a3c','seed_run_s09_osm_pharmacies_20260502','organization','org_s09_pharmacy_40a1ea27b2220a3c','licence_data','{"osm_id": "6465379773", "amenity": "pharmacy", "addr_state": null, "operator": null, "brand": null}');

INSERT OR IGNORE INTO organizations (id,tenant_id,organization_type,legal_name,display_name,registration_number,status,verification_state,created_at,updated_at) VALUES ('org_s09_pharmacy_8da7a5b9c2e77ff2','tenant_platform_seed','pharmacy','Akol Pharmacy','Akol Pharmacy',NULL,'active','seeded',unixepoch(),unixepoch());
INSERT OR IGNORE INTO profiles (id,subject_id,subject_type,primary_place_id,tenant_id,workspace_id,display_name,created_at,updated_at) VALUES ('prof_s09_pharmacy_8da7a5b9c2e77ff2','org_s09_pharmacy_8da7a5b9c2e77ff2','organization','place_nigeria_001','tenant_platform_seed','workspace_platform_seed_discovery','Akol Pharmacy',unixepoch(),unixepoch());
INSERT OR IGNORE INTO search_entries (id,profile_id,display_name,keywords,ancestry_path,vertical,created_at,updated_at) VALUES ('se_s09_pharmacy_8da7a5b9c2e77ff2','prof_s09_pharmacy_8da7a5b9c2e77ff2','Akol Pharmacy','akol pharmacy pharmacy chemist drug store medicine nigeria','place_nigeria_001','pharmacy',unixepoch(),unixepoch());
INSERT OR IGNORE INTO seed_ingestion_records (id,seed_run_id,entity_type,entity_id,source_id,status) VALUES ('ir_s09_pharmacy_8da7a5b9c2e77ff2','seed_run_s09_osm_pharmacies_20260502','organization','org_s09_pharmacy_8da7a5b9c2e77ff2','seed_source_osm_pharmacies_ng_20260502','ingested');
INSERT OR IGNORE INTO seed_entity_sources (id,seed_run_id,entity_type,entity_id,source_id,confidence_tier) VALUES ('es_s09_pharmacy_8da7a5b9c2e77ff2','seed_run_s09_osm_pharmacies_20260502','organization','org_s09_pharmacy_8da7a5b9c2e77ff2','seed_source_osm_pharmacies_ng_20260502','seeded');
INSERT OR IGNORE INTO seed_enrichment (id,seed_run_id,entity_type,entity_id,enrichment_type,enrichment_json) VALUES ('enr_s09_pharmacy_8da7a5b9c2e77ff2','seed_run_s09_osm_pharmacies_20260502','organization','org_s09_pharmacy_8da7a5b9c2e77ff2','licence_data','{"osm_id": "6783310299", "amenity": "pharmacy", "addr_state": null, "operator": null, "brand": null}');

INSERT OR IGNORE INTO organizations (id,tenant_id,organization_type,legal_name,display_name,registration_number,status,verification_state,created_at,updated_at) VALUES ('org_s09_pharmacy_68c9ce94294fc9f9','tenant_platform_seed','pharmacy','Patient Medicine Shop','Patient Medicine Shop',NULL,'active','seeded',unixepoch(),unixepoch());
INSERT OR IGNORE INTO profiles (id,subject_id,subject_type,primary_place_id,tenant_id,workspace_id,display_name,created_at,updated_at) VALUES ('prof_s09_pharmacy_68c9ce94294fc9f9','org_s09_pharmacy_68c9ce94294fc9f9','organization','place_nigeria_001','tenant_platform_seed','workspace_platform_seed_discovery','Patient Medicine Shop',unixepoch(),unixepoch());
INSERT OR IGNORE INTO search_entries (id,profile_id,display_name,keywords,ancestry_path,vertical,created_at,updated_at) VALUES ('se_s09_pharmacy_68c9ce94294fc9f9','prof_s09_pharmacy_68c9ce94294fc9f9','Patient Medicine Shop','patient medicine shop pharmacy chemist drug store medicine nigeria','place_nigeria_001','pharmacy',unixepoch(),unixepoch());
INSERT OR IGNORE INTO seed_ingestion_records (id,seed_run_id,entity_type,entity_id,source_id,status) VALUES ('ir_s09_pharmacy_68c9ce94294fc9f9','seed_run_s09_osm_pharmacies_20260502','organization','org_s09_pharmacy_68c9ce94294fc9f9','seed_source_osm_pharmacies_ng_20260502','ingested');
INSERT OR IGNORE INTO seed_entity_sources (id,seed_run_id,entity_type,entity_id,source_id,confidence_tier) VALUES ('es_s09_pharmacy_68c9ce94294fc9f9','seed_run_s09_osm_pharmacies_20260502','organization','org_s09_pharmacy_68c9ce94294fc9f9','seed_source_osm_pharmacies_ng_20260502','seeded');
INSERT OR IGNORE INTO seed_enrichment (id,seed_run_id,entity_type,entity_id,enrichment_type,enrichment_json) VALUES ('enr_s09_pharmacy_68c9ce94294fc9f9','seed_run_s09_osm_pharmacies_20260502','organization','org_s09_pharmacy_68c9ce94294fc9f9','licence_data','{"osm_id": "6988071163", "amenity": "pharmacy", "addr_state": null, "operator": null, "brand": null}');

INSERT OR IGNORE INTO organizations (id,tenant_id,organization_type,legal_name,display_name,registration_number,status,verification_state,created_at,updated_at) VALUES ('org_s09_pharmacy_71a850a3b961efca','tenant_platform_seed','pharmacy','Pharmacy','Pharmacy',NULL,'active','seeded',unixepoch(),unixepoch());
INSERT OR IGNORE INTO profiles (id,subject_id,subject_type,primary_place_id,tenant_id,workspace_id,display_name,created_at,updated_at) VALUES ('prof_s09_pharmacy_71a850a3b961efca','org_s09_pharmacy_71a850a3b961efca','organization','place_nigeria_001','tenant_platform_seed','workspace_platform_seed_discovery','Pharmacy',unixepoch(),unixepoch());
INSERT OR IGNORE INTO search_entries (id,profile_id,display_name,keywords,ancestry_path,vertical,created_at,updated_at) VALUES ('se_s09_pharmacy_71a850a3b961efca','prof_s09_pharmacy_71a850a3b961efca','Pharmacy','pharmacy pharmacy chemist drug store medicine nigeria','place_nigeria_001','pharmacy',unixepoch(),unixepoch());
INSERT OR IGNORE INTO seed_ingestion_records (id,seed_run_id,entity_type,entity_id,source_id,status) VALUES ('ir_s09_pharmacy_71a850a3b961efca','seed_run_s09_osm_pharmacies_20260502','organization','org_s09_pharmacy_71a850a3b961efca','seed_source_osm_pharmacies_ng_20260502','ingested');
INSERT OR IGNORE INTO seed_entity_sources (id,seed_run_id,entity_type,entity_id,source_id,confidence_tier) VALUES ('es_s09_pharmacy_71a850a3b961efca','seed_run_s09_osm_pharmacies_20260502','organization','org_s09_pharmacy_71a850a3b961efca','seed_source_osm_pharmacies_ng_20260502','seeded');
INSERT OR IGNORE INTO seed_enrichment (id,seed_run_id,entity_type,entity_id,enrichment_type,enrichment_json) VALUES ('enr_s09_pharmacy_71a850a3b961efca','seed_run_s09_osm_pharmacies_20260502','organization','org_s09_pharmacy_71a850a3b961efca','licence_data','{"osm_id": "7234360265", "amenity": "pharmacy", "addr_state": null, "operator": null, "brand": null}');

INSERT OR IGNORE INTO organizations (id,tenant_id,organization_type,legal_name,display_name,registration_number,status,verification_state,created_at,updated_at) VALUES ('org_s09_pharmacy_aca6446ea6b91906','tenant_platform_seed','pharmacy','Megacare+ Pharmacy','Megacare+ Pharmacy',NULL,'active','seeded',unixepoch(),unixepoch());
INSERT OR IGNORE INTO profiles (id,subject_id,subject_type,primary_place_id,tenant_id,workspace_id,display_name,created_at,updated_at) VALUES ('prof_s09_pharmacy_aca6446ea6b91906','org_s09_pharmacy_aca6446ea6b91906','organization','place_nigeria_001','tenant_platform_seed','workspace_platform_seed_discovery','Megacare+ Pharmacy',unixepoch(),unixepoch());
INSERT OR IGNORE INTO search_entries (id,profile_id,display_name,keywords,ancestry_path,vertical,created_at,updated_at) VALUES ('se_s09_pharmacy_aca6446ea6b91906','prof_s09_pharmacy_aca6446ea6b91906','Megacare+ Pharmacy','megacare+ pharmacy pharmacy chemist drug store medicine nigeria','place_nigeria_001','pharmacy',unixepoch(),unixepoch());
INSERT OR IGNORE INTO seed_ingestion_records (id,seed_run_id,entity_type,entity_id,source_id,status) VALUES ('ir_s09_pharmacy_aca6446ea6b91906','seed_run_s09_osm_pharmacies_20260502','organization','org_s09_pharmacy_aca6446ea6b91906','seed_source_osm_pharmacies_ng_20260502','ingested');
INSERT OR IGNORE INTO seed_entity_sources (id,seed_run_id,entity_type,entity_id,source_id,confidence_tier) VALUES ('es_s09_pharmacy_aca6446ea6b91906','seed_run_s09_osm_pharmacies_20260502','organization','org_s09_pharmacy_aca6446ea6b91906','seed_source_osm_pharmacies_ng_20260502','seeded');
INSERT OR IGNORE INTO seed_enrichment (id,seed_run_id,entity_type,entity_id,enrichment_type,enrichment_json) VALUES ('enr_s09_pharmacy_aca6446ea6b91906','seed_run_s09_osm_pharmacies_20260502','organization','org_s09_pharmacy_aca6446ea6b91906','licence_data','{"osm_id": "7260810872", "amenity": "pharmacy", "addr_state": null, "operator": null, "brand": null}');

INSERT OR IGNORE INTO organizations (id,tenant_id,organization_type,legal_name,display_name,registration_number,status,verification_state,created_at,updated_at) VALUES ('org_s09_pharmacy_96524c024ae2f6fa','tenant_platform_seed','pharmacy','Helix Pharmacy','Helix Pharmacy',NULL,'active','seeded',unixepoch(),unixepoch());
INSERT OR IGNORE INTO profiles (id,subject_id,subject_type,primary_place_id,tenant_id,workspace_id,display_name,created_at,updated_at) VALUES ('prof_s09_pharmacy_96524c024ae2f6fa','org_s09_pharmacy_96524c024ae2f6fa','organization','place_nigeria_001','tenant_platform_seed','workspace_platform_seed_discovery','Helix Pharmacy',unixepoch(),unixepoch());
INSERT OR IGNORE INTO search_entries (id,profile_id,display_name,keywords,ancestry_path,vertical,created_at,updated_at) VALUES ('se_s09_pharmacy_96524c024ae2f6fa','prof_s09_pharmacy_96524c024ae2f6fa','Helix Pharmacy','helix pharmacy pharmacy chemist drug store medicine nigeria','place_nigeria_001','pharmacy',unixepoch(),unixepoch());
INSERT OR IGNORE INTO seed_ingestion_records (id,seed_run_id,entity_type,entity_id,source_id,status) VALUES ('ir_s09_pharmacy_96524c024ae2f6fa','seed_run_s09_osm_pharmacies_20260502','organization','org_s09_pharmacy_96524c024ae2f6fa','seed_source_osm_pharmacies_ng_20260502','ingested');
INSERT OR IGNORE INTO seed_entity_sources (id,seed_run_id,entity_type,entity_id,source_id,confidence_tier) VALUES ('es_s09_pharmacy_96524c024ae2f6fa','seed_run_s09_osm_pharmacies_20260502','organization','org_s09_pharmacy_96524c024ae2f6fa','seed_source_osm_pharmacies_ng_20260502','seeded');
INSERT OR IGNORE INTO seed_enrichment (id,seed_run_id,entity_type,entity_id,enrichment_type,enrichment_json) VALUES ('enr_s09_pharmacy_96524c024ae2f6fa','seed_run_s09_osm_pharmacies_20260502','organization','org_s09_pharmacy_96524c024ae2f6fa','licence_data','{"osm_id": "7267104685", "amenity": "pharmacy", "addr_state": null, "operator": null, "brand": null}');

INSERT OR IGNORE INTO organizations (id,tenant_id,organization_type,legal_name,display_name,registration_number,status,verification_state,created_at,updated_at) VALUES ('org_s09_pharmacy_1675d2a2e1d066fe','tenant_platform_seed','pharmacy','Pharmacy','Pharmacy',NULL,'active','seeded',unixepoch(),unixepoch());
INSERT OR IGNORE INTO profiles (id,subject_id,subject_type,primary_place_id,tenant_id,workspace_id,display_name,created_at,updated_at) VALUES ('prof_s09_pharmacy_1675d2a2e1d066fe','org_s09_pharmacy_1675d2a2e1d066fe','organization','place_nigeria_001','tenant_platform_seed','workspace_platform_seed_discovery','Pharmacy',unixepoch(),unixepoch());
INSERT OR IGNORE INTO search_entries (id,profile_id,display_name,keywords,ancestry_path,vertical,created_at,updated_at) VALUES ('se_s09_pharmacy_1675d2a2e1d066fe','prof_s09_pharmacy_1675d2a2e1d066fe','Pharmacy','pharmacy pharmacy chemist drug store medicine nigeria','place_nigeria_001','pharmacy',unixepoch(),unixepoch());
INSERT OR IGNORE INTO seed_ingestion_records (id,seed_run_id,entity_type,entity_id,source_id,status) VALUES ('ir_s09_pharmacy_1675d2a2e1d066fe','seed_run_s09_osm_pharmacies_20260502','organization','org_s09_pharmacy_1675d2a2e1d066fe','seed_source_osm_pharmacies_ng_20260502','ingested');
INSERT OR IGNORE INTO seed_entity_sources (id,seed_run_id,entity_type,entity_id,source_id,confidence_tier) VALUES ('es_s09_pharmacy_1675d2a2e1d066fe','seed_run_s09_osm_pharmacies_20260502','organization','org_s09_pharmacy_1675d2a2e1d066fe','seed_source_osm_pharmacies_ng_20260502','seeded');
INSERT OR IGNORE INTO seed_enrichment (id,seed_run_id,entity_type,entity_id,enrichment_type,enrichment_json) VALUES ('enr_s09_pharmacy_1675d2a2e1d066fe','seed_run_s09_osm_pharmacies_20260502','organization','org_s09_pharmacy_1675d2a2e1d066fe','licence_data','{"osm_id": "7272034217", "amenity": "pharmacy", "addr_state": null, "operator": null, "brand": null}');

INSERT OR IGNORE INTO organizations (id,tenant_id,organization_type,legal_name,display_name,registration_number,status,verification_state,created_at,updated_at) VALUES ('org_s09_pharmacy_841223c80fc5d76a','tenant_platform_seed','pharmacy','Pharmacy','Pharmacy',NULL,'active','seeded',unixepoch(),unixepoch());
INSERT OR IGNORE INTO profiles (id,subject_id,subject_type,primary_place_id,tenant_id,workspace_id,display_name,created_at,updated_at) VALUES ('prof_s09_pharmacy_841223c80fc5d76a','org_s09_pharmacy_841223c80fc5d76a','organization','place_nigeria_001','tenant_platform_seed','workspace_platform_seed_discovery','Pharmacy',unixepoch(),unixepoch());
INSERT OR IGNORE INTO search_entries (id,profile_id,display_name,keywords,ancestry_path,vertical,created_at,updated_at) VALUES ('se_s09_pharmacy_841223c80fc5d76a','prof_s09_pharmacy_841223c80fc5d76a','Pharmacy','pharmacy pharmacy chemist drug store medicine nigeria','place_nigeria_001','pharmacy',unixepoch(),unixepoch());
INSERT OR IGNORE INTO seed_ingestion_records (id,seed_run_id,entity_type,entity_id,source_id,status) VALUES ('ir_s09_pharmacy_841223c80fc5d76a','seed_run_s09_osm_pharmacies_20260502','organization','org_s09_pharmacy_841223c80fc5d76a','seed_source_osm_pharmacies_ng_20260502','ingested');
INSERT OR IGNORE INTO seed_entity_sources (id,seed_run_id,entity_type,entity_id,source_id,confidence_tier) VALUES ('es_s09_pharmacy_841223c80fc5d76a','seed_run_s09_osm_pharmacies_20260502','organization','org_s09_pharmacy_841223c80fc5d76a','seed_source_osm_pharmacies_ng_20260502','seeded');
INSERT OR IGNORE INTO seed_enrichment (id,seed_run_id,entity_type,entity_id,enrichment_type,enrichment_json) VALUES ('enr_s09_pharmacy_841223c80fc5d76a','seed_run_s09_osm_pharmacies_20260502','organization','org_s09_pharmacy_841223c80fc5d76a','licence_data','{"osm_id": "7281003987", "amenity": "pharmacy", "addr_state": null, "operator": null, "brand": null}');

INSERT OR IGNORE INTO organizations (id,tenant_id,organization_type,legal_name,display_name,registration_number,status,verification_state,created_at,updated_at) VALUES ('org_s09_pharmacy_c0faacce2eb4ba71','tenant_platform_seed','pharmacy','Dr. Rita''s','Dr. Rita''s',NULL,'active','seeded',unixepoch(),unixepoch());
INSERT OR IGNORE INTO profiles (id,subject_id,subject_type,primary_place_id,tenant_id,workspace_id,display_name,created_at,updated_at) VALUES ('prof_s09_pharmacy_c0faacce2eb4ba71','org_s09_pharmacy_c0faacce2eb4ba71','organization','place_nigeria_001','tenant_platform_seed','workspace_platform_seed_discovery','Dr. Rita''s',unixepoch(),unixepoch());
INSERT OR IGNORE INTO search_entries (id,profile_id,display_name,keywords,ancestry_path,vertical,created_at,updated_at) VALUES ('se_s09_pharmacy_c0faacce2eb4ba71','prof_s09_pharmacy_c0faacce2eb4ba71','Dr. Rita''s','dr. rita''s pharmacy chemist drug store medicine nigeria','place_nigeria_001','pharmacy',unixepoch(),unixepoch());
INSERT OR IGNORE INTO seed_ingestion_records (id,seed_run_id,entity_type,entity_id,source_id,status) VALUES ('ir_s09_pharmacy_c0faacce2eb4ba71','seed_run_s09_osm_pharmacies_20260502','organization','org_s09_pharmacy_c0faacce2eb4ba71','seed_source_osm_pharmacies_ng_20260502','ingested');
INSERT OR IGNORE INTO seed_entity_sources (id,seed_run_id,entity_type,entity_id,source_id,confidence_tier) VALUES ('es_s09_pharmacy_c0faacce2eb4ba71','seed_run_s09_osm_pharmacies_20260502','organization','org_s09_pharmacy_c0faacce2eb4ba71','seed_source_osm_pharmacies_ng_20260502','seeded');
INSERT OR IGNORE INTO seed_enrichment (id,seed_run_id,entity_type,entity_id,enrichment_type,enrichment_json) VALUES ('enr_s09_pharmacy_c0faacce2eb4ba71','seed_run_s09_osm_pharmacies_20260502','organization','org_s09_pharmacy_c0faacce2eb4ba71','licence_data','{"osm_id": "7366843587", "amenity": "pharmacy", "addr_state": null, "operator": null, "brand": null}');

INSERT OR IGNORE INTO organizations (id,tenant_id,organization_type,legal_name,display_name,registration_number,status,verification_state,created_at,updated_at) VALUES ('org_s09_pharmacy_5e0cba2104142fa2','tenant_platform_seed','pharmacy','Pharmacy','Pharmacy',NULL,'active','seeded',unixepoch(),unixepoch());
INSERT OR IGNORE INTO profiles (id,subject_id,subject_type,primary_place_id,tenant_id,workspace_id,display_name,created_at,updated_at) VALUES ('prof_s09_pharmacy_5e0cba2104142fa2','org_s09_pharmacy_5e0cba2104142fa2','organization','place_nigeria_001','tenant_platform_seed','workspace_platform_seed_discovery','Pharmacy',unixepoch(),unixepoch());
INSERT OR IGNORE INTO search_entries (id,profile_id,display_name,keywords,ancestry_path,vertical,created_at,updated_at) VALUES ('se_s09_pharmacy_5e0cba2104142fa2','prof_s09_pharmacy_5e0cba2104142fa2','Pharmacy','pharmacy pharmacy chemist drug store medicine nigeria','place_nigeria_001','pharmacy',unixepoch(),unixepoch());
INSERT OR IGNORE INTO seed_ingestion_records (id,seed_run_id,entity_type,entity_id,source_id,status) VALUES ('ir_s09_pharmacy_5e0cba2104142fa2','seed_run_s09_osm_pharmacies_20260502','organization','org_s09_pharmacy_5e0cba2104142fa2','seed_source_osm_pharmacies_ng_20260502','ingested');
INSERT OR IGNORE INTO seed_entity_sources (id,seed_run_id,entity_type,entity_id,source_id,confidence_tier) VALUES ('es_s09_pharmacy_5e0cba2104142fa2','seed_run_s09_osm_pharmacies_20260502','organization','org_s09_pharmacy_5e0cba2104142fa2','seed_source_osm_pharmacies_ng_20260502','seeded');
INSERT OR IGNORE INTO seed_enrichment (id,seed_run_id,entity_type,entity_id,enrichment_type,enrichment_json) VALUES ('enr_s09_pharmacy_5e0cba2104142fa2','seed_run_s09_osm_pharmacies_20260502','organization','org_s09_pharmacy_5e0cba2104142fa2','licence_data','{"osm_id": "7419153060", "amenity": "pharmacy", "addr_state": null, "operator": null, "brand": null}');

INSERT OR IGNORE INTO organizations (id,tenant_id,organization_type,legal_name,display_name,registration_number,status,verification_state,created_at,updated_at) VALUES ('org_s09_pharmacy_d684aad7850a3fd1','tenant_platform_seed','pharmacy','Pharmacy','Pharmacy',NULL,'active','seeded',unixepoch(),unixepoch());
INSERT OR IGNORE INTO profiles (id,subject_id,subject_type,primary_place_id,tenant_id,workspace_id,display_name,created_at,updated_at) VALUES ('prof_s09_pharmacy_d684aad7850a3fd1','org_s09_pharmacy_d684aad7850a3fd1','organization','place_nigeria_001','tenant_platform_seed','workspace_platform_seed_discovery','Pharmacy',unixepoch(),unixepoch());
INSERT OR IGNORE INTO search_entries (id,profile_id,display_name,keywords,ancestry_path,vertical,created_at,updated_at) VALUES ('se_s09_pharmacy_d684aad7850a3fd1','prof_s09_pharmacy_d684aad7850a3fd1','Pharmacy','pharmacy pharmacy chemist drug store medicine nigeria','place_nigeria_001','pharmacy',unixepoch(),unixepoch());
INSERT OR IGNORE INTO seed_ingestion_records (id,seed_run_id,entity_type,entity_id,source_id,status) VALUES ('ir_s09_pharmacy_d684aad7850a3fd1','seed_run_s09_osm_pharmacies_20260502','organization','org_s09_pharmacy_d684aad7850a3fd1','seed_source_osm_pharmacies_ng_20260502','ingested');
INSERT OR IGNORE INTO seed_entity_sources (id,seed_run_id,entity_type,entity_id,source_id,confidence_tier) VALUES ('es_s09_pharmacy_d684aad7850a3fd1','seed_run_s09_osm_pharmacies_20260502','organization','org_s09_pharmacy_d684aad7850a3fd1','seed_source_osm_pharmacies_ng_20260502','seeded');
INSERT OR IGNORE INTO seed_enrichment (id,seed_run_id,entity_type,entity_id,enrichment_type,enrichment_json) VALUES ('enr_s09_pharmacy_d684aad7850a3fd1','seed_run_s09_osm_pharmacies_20260502','organization','org_s09_pharmacy_d684aad7850a3fd1','licence_data','{"osm_id": "7460533011", "amenity": "pharmacy", "addr_state": null, "operator": null, "brand": null}');

INSERT OR IGNORE INTO organizations (id,tenant_id,organization_type,legal_name,display_name,registration_number,status,verification_state,created_at,updated_at) VALUES ('org_s09_pharmacy_d23af07b57025ec7','tenant_platform_seed','pharmacy','Mayaflora Pharmacy','Mayaflora Pharmacy',NULL,'active','seeded',unixepoch(),unixepoch());
INSERT OR IGNORE INTO profiles (id,subject_id,subject_type,primary_place_id,tenant_id,workspace_id,display_name,created_at,updated_at) VALUES ('prof_s09_pharmacy_d23af07b57025ec7','org_s09_pharmacy_d23af07b57025ec7','organization','place_nigeria_001','tenant_platform_seed','workspace_platform_seed_discovery','Mayaflora Pharmacy',unixepoch(),unixepoch());
INSERT OR IGNORE INTO search_entries (id,profile_id,display_name,keywords,ancestry_path,vertical,created_at,updated_at) VALUES ('se_s09_pharmacy_d23af07b57025ec7','prof_s09_pharmacy_d23af07b57025ec7','Mayaflora Pharmacy','mayaflora pharmacy pharmacy chemist drug store medicine nigeria','place_nigeria_001','pharmacy',unixepoch(),unixepoch());
INSERT OR IGNORE INTO seed_ingestion_records (id,seed_run_id,entity_type,entity_id,source_id,status) VALUES ('ir_s09_pharmacy_d23af07b57025ec7','seed_run_s09_osm_pharmacies_20260502','organization','org_s09_pharmacy_d23af07b57025ec7','seed_source_osm_pharmacies_ng_20260502','ingested');
INSERT OR IGNORE INTO seed_entity_sources (id,seed_run_id,entity_type,entity_id,source_id,confidence_tier) VALUES ('es_s09_pharmacy_d23af07b57025ec7','seed_run_s09_osm_pharmacies_20260502','organization','org_s09_pharmacy_d23af07b57025ec7','seed_source_osm_pharmacies_ng_20260502','seeded');
INSERT OR IGNORE INTO seed_enrichment (id,seed_run_id,entity_type,entity_id,enrichment_type,enrichment_json) VALUES ('enr_s09_pharmacy_d23af07b57025ec7','seed_run_s09_osm_pharmacies_20260502','organization','org_s09_pharmacy_d23af07b57025ec7','licence_data','{"osm_id": "7460585880", "amenity": "pharmacy", "addr_state": null, "operator": null, "brand": null}');

INSERT OR IGNORE INTO organizations (id,tenant_id,organization_type,legal_name,display_name,registration_number,status,verification_state,created_at,updated_at) VALUES ('org_s09_pharmacy_7d33c0a72a95cdd2','tenant_platform_seed','pharmacy','Estandar Pharmacy','Estandar Pharmacy',NULL,'active','seeded',unixepoch(),unixepoch());
INSERT OR IGNORE INTO profiles (id,subject_id,subject_type,primary_place_id,tenant_id,workspace_id,display_name,created_at,updated_at) VALUES ('prof_s09_pharmacy_7d33c0a72a95cdd2','org_s09_pharmacy_7d33c0a72a95cdd2','organization','place_nigeria_001','tenant_platform_seed','workspace_platform_seed_discovery','Estandar Pharmacy',unixepoch(),unixepoch());
INSERT OR IGNORE INTO search_entries (id,profile_id,display_name,keywords,ancestry_path,vertical,created_at,updated_at) VALUES ('se_s09_pharmacy_7d33c0a72a95cdd2','prof_s09_pharmacy_7d33c0a72a95cdd2','Estandar Pharmacy','estandar pharmacy pharmacy chemist drug store medicine nigeria','place_nigeria_001','pharmacy',unixepoch(),unixepoch());
INSERT OR IGNORE INTO seed_ingestion_records (id,seed_run_id,entity_type,entity_id,source_id,status) VALUES ('ir_s09_pharmacy_7d33c0a72a95cdd2','seed_run_s09_osm_pharmacies_20260502','organization','org_s09_pharmacy_7d33c0a72a95cdd2','seed_source_osm_pharmacies_ng_20260502','ingested');
INSERT OR IGNORE INTO seed_entity_sources (id,seed_run_id,entity_type,entity_id,source_id,confidence_tier) VALUES ('es_s09_pharmacy_7d33c0a72a95cdd2','seed_run_s09_osm_pharmacies_20260502','organization','org_s09_pharmacy_7d33c0a72a95cdd2','seed_source_osm_pharmacies_ng_20260502','seeded');
INSERT OR IGNORE INTO seed_enrichment (id,seed_run_id,entity_type,entity_id,enrichment_type,enrichment_json) VALUES ('enr_s09_pharmacy_7d33c0a72a95cdd2','seed_run_s09_osm_pharmacies_20260502','organization','org_s09_pharmacy_7d33c0a72a95cdd2','licence_data','{"osm_id": "7509441122", "amenity": "pharmacy", "addr_state": null, "operator": null, "brand": null}');

INSERT OR IGNORE INTO organizations (id,tenant_id,organization_type,legal_name,display_name,registration_number,status,verification_state,created_at,updated_at) VALUES ('org_s09_pharmacy_cf39f74910d8a50a','tenant_platform_seed','pharmacy','BPS','BPS',NULL,'active','seeded',unixepoch(),unixepoch());
INSERT OR IGNORE INTO profiles (id,subject_id,subject_type,primary_place_id,tenant_id,workspace_id,display_name,created_at,updated_at) VALUES ('prof_s09_pharmacy_cf39f74910d8a50a','org_s09_pharmacy_cf39f74910d8a50a','organization','place_nigeria_001','tenant_platform_seed','workspace_platform_seed_discovery','BPS',unixepoch(),unixepoch());
INSERT OR IGNORE INTO search_entries (id,profile_id,display_name,keywords,ancestry_path,vertical,created_at,updated_at) VALUES ('se_s09_pharmacy_cf39f74910d8a50a','prof_s09_pharmacy_cf39f74910d8a50a','BPS','bps pharmacy chemist drug store medicine nigeria','place_nigeria_001','pharmacy',unixepoch(),unixepoch());
INSERT OR IGNORE INTO seed_ingestion_records (id,seed_run_id,entity_type,entity_id,source_id,status) VALUES ('ir_s09_pharmacy_cf39f74910d8a50a','seed_run_s09_osm_pharmacies_20260502','organization','org_s09_pharmacy_cf39f74910d8a50a','seed_source_osm_pharmacies_ng_20260502','ingested');
INSERT OR IGNORE INTO seed_entity_sources (id,seed_run_id,entity_type,entity_id,source_id,confidence_tier) VALUES ('es_s09_pharmacy_cf39f74910d8a50a','seed_run_s09_osm_pharmacies_20260502','organization','org_s09_pharmacy_cf39f74910d8a50a','seed_source_osm_pharmacies_ng_20260502','seeded');
INSERT OR IGNORE INTO seed_enrichment (id,seed_run_id,entity_type,entity_id,enrichment_type,enrichment_json) VALUES ('enr_s09_pharmacy_cf39f74910d8a50a','seed_run_s09_osm_pharmacies_20260502','organization','org_s09_pharmacy_cf39f74910d8a50a','licence_data','{"osm_id": "8554836919", "amenity": "pharmacy", "addr_state": null, "operator": null, "brand": null}');

INSERT OR IGNORE INTO organizations (id,tenant_id,organization_type,legal_name,display_name,registration_number,status,verification_state,created_at,updated_at) VALUES ('org_s09_pharmacy_9bca9dd3da6e43e3','tenant_platform_seed','pharmacy','Hanacy Stores and Pharmacy','Hanacy Stores and Pharmacy',NULL,'active','seeded',unixepoch(),unixepoch());
INSERT OR IGNORE INTO profiles (id,subject_id,subject_type,primary_place_id,tenant_id,workspace_id,display_name,created_at,updated_at) VALUES ('prof_s09_pharmacy_9bca9dd3da6e43e3','org_s09_pharmacy_9bca9dd3da6e43e3','organization','place_nigeria_001','tenant_platform_seed','workspace_platform_seed_discovery','Hanacy Stores and Pharmacy',unixepoch(),unixepoch());
INSERT OR IGNORE INTO search_entries (id,profile_id,display_name,keywords,ancestry_path,vertical,created_at,updated_at) VALUES ('se_s09_pharmacy_9bca9dd3da6e43e3','prof_s09_pharmacy_9bca9dd3da6e43e3','Hanacy Stores and Pharmacy','hanacy stores and pharmacy pharmacy chemist drug store medicine nigeria','place_nigeria_001','pharmacy',unixepoch(),unixepoch());
INSERT OR IGNORE INTO seed_ingestion_records (id,seed_run_id,entity_type,entity_id,source_id,status) VALUES ('ir_s09_pharmacy_9bca9dd3da6e43e3','seed_run_s09_osm_pharmacies_20260502','organization','org_s09_pharmacy_9bca9dd3da6e43e3','seed_source_osm_pharmacies_ng_20260502','ingested');
INSERT OR IGNORE INTO seed_entity_sources (id,seed_run_id,entity_type,entity_id,source_id,confidence_tier) VALUES ('es_s09_pharmacy_9bca9dd3da6e43e3','seed_run_s09_osm_pharmacies_20260502','organization','org_s09_pharmacy_9bca9dd3da6e43e3','seed_source_osm_pharmacies_ng_20260502','seeded');
INSERT OR IGNORE INTO seed_enrichment (id,seed_run_id,entity_type,entity_id,enrichment_type,enrichment_json) VALUES ('enr_s09_pharmacy_9bca9dd3da6e43e3','seed_run_s09_osm_pharmacies_20260502','organization','org_s09_pharmacy_9bca9dd3da6e43e3','licence_data','{"osm_id": "8752943982", "amenity": "pharmacy", "addr_state": null, "operator": null, "brand": null}');

INSERT OR IGNORE INTO organizations (id,tenant_id,organization_type,legal_name,display_name,registration_number,status,verification_state,created_at,updated_at) VALUES ('org_s09_pharmacy_42e0a369c67c88be','tenant_platform_seed','pharmacy','God''s and Glory Pharmacy Ltd','God''s and Glory Pharmacy Ltd',NULL,'active','seeded',unixepoch(),unixepoch());
INSERT OR IGNORE INTO profiles (id,subject_id,subject_type,primary_place_id,tenant_id,workspace_id,display_name,created_at,updated_at) VALUES ('prof_s09_pharmacy_42e0a369c67c88be','org_s09_pharmacy_42e0a369c67c88be','organization','place_nigeria_001','tenant_platform_seed','workspace_platform_seed_discovery','God''s and Glory Pharmacy Ltd',unixepoch(),unixepoch());
INSERT OR IGNORE INTO search_entries (id,profile_id,display_name,keywords,ancestry_path,vertical,created_at,updated_at) VALUES ('se_s09_pharmacy_42e0a369c67c88be','prof_s09_pharmacy_42e0a369c67c88be','God''s and Glory Pharmacy Ltd','god''s and glory pharmacy ltd pharmacy chemist drug store medicine nigeria','place_nigeria_001','pharmacy',unixepoch(),unixepoch());
INSERT OR IGNORE INTO seed_ingestion_records (id,seed_run_id,entity_type,entity_id,source_id,status) VALUES ('ir_s09_pharmacy_42e0a369c67c88be','seed_run_s09_osm_pharmacies_20260502','organization','org_s09_pharmacy_42e0a369c67c88be','seed_source_osm_pharmacies_ng_20260502','ingested');
INSERT OR IGNORE INTO seed_entity_sources (id,seed_run_id,entity_type,entity_id,source_id,confidence_tier) VALUES ('es_s09_pharmacy_42e0a369c67c88be','seed_run_s09_osm_pharmacies_20260502','organization','org_s09_pharmacy_42e0a369c67c88be','seed_source_osm_pharmacies_ng_20260502','seeded');
INSERT OR IGNORE INTO seed_enrichment (id,seed_run_id,entity_type,entity_id,enrichment_type,enrichment_json) VALUES ('enr_s09_pharmacy_42e0a369c67c88be','seed_run_s09_osm_pharmacies_20260502','organization','org_s09_pharmacy_42e0a369c67c88be','licence_data','{"osm_id": "8753087407", "amenity": "pharmacy", "addr_state": null, "operator": null, "brand": null}');

INSERT OR IGNORE INTO organizations (id,tenant_id,organization_type,legal_name,display_name,registration_number,status,verification_state,created_at,updated_at) VALUES ('org_s09_pharmacy_16da81b0fd078833','tenant_platform_seed','pharmacy','Crownpoint Pharmacy & Stores Ltd','Crownpoint Pharmacy & Stores Ltd',NULL,'active','seeded',unixepoch(),unixepoch());
INSERT OR IGNORE INTO profiles (id,subject_id,subject_type,primary_place_id,tenant_id,workspace_id,display_name,created_at,updated_at) VALUES ('prof_s09_pharmacy_16da81b0fd078833','org_s09_pharmacy_16da81b0fd078833','organization','place_nigeria_001','tenant_platform_seed','workspace_platform_seed_discovery','Crownpoint Pharmacy & Stores Ltd',unixepoch(),unixepoch());
INSERT OR IGNORE INTO search_entries (id,profile_id,display_name,keywords,ancestry_path,vertical,created_at,updated_at) VALUES ('se_s09_pharmacy_16da81b0fd078833','prof_s09_pharmacy_16da81b0fd078833','Crownpoint Pharmacy & Stores Ltd','crownpoint pharmacy & stores ltd pharmacy chemist drug store medicine nigeria','place_nigeria_001','pharmacy',unixepoch(),unixepoch());
INSERT OR IGNORE INTO seed_ingestion_records (id,seed_run_id,entity_type,entity_id,source_id,status) VALUES ('ir_s09_pharmacy_16da81b0fd078833','seed_run_s09_osm_pharmacies_20260502','organization','org_s09_pharmacy_16da81b0fd078833','seed_source_osm_pharmacies_ng_20260502','ingested');
INSERT OR IGNORE INTO seed_entity_sources (id,seed_run_id,entity_type,entity_id,source_id,confidence_tier) VALUES ('es_s09_pharmacy_16da81b0fd078833','seed_run_s09_osm_pharmacies_20260502','organization','org_s09_pharmacy_16da81b0fd078833','seed_source_osm_pharmacies_ng_20260502','seeded');
INSERT OR IGNORE INTO seed_enrichment (id,seed_run_id,entity_type,entity_id,enrichment_type,enrichment_json) VALUES ('enr_s09_pharmacy_16da81b0fd078833','seed_run_s09_osm_pharmacies_20260502','organization','org_s09_pharmacy_16da81b0fd078833','licence_data','{"osm_id": "8753126187", "amenity": "pharmacy", "addr_state": null, "operator": null, "brand": null}');

INSERT OR IGNORE INTO organizations (id,tenant_id,organization_type,legal_name,display_name,registration_number,status,verification_state,created_at,updated_at) VALUES ('org_s09_pharmacy_7e4bbedb5e6ed587','tenant_platform_seed','pharmacy','Faith Durham Pharmacy','Faith Durham Pharmacy',NULL,'active','seeded',unixepoch(),unixepoch());
INSERT OR IGNORE INTO profiles (id,subject_id,subject_type,primary_place_id,tenant_id,workspace_id,display_name,created_at,updated_at) VALUES ('prof_s09_pharmacy_7e4bbedb5e6ed587','org_s09_pharmacy_7e4bbedb5e6ed587','organization','place_nigeria_001','tenant_platform_seed','workspace_platform_seed_discovery','Faith Durham Pharmacy',unixepoch(),unixepoch());
INSERT OR IGNORE INTO search_entries (id,profile_id,display_name,keywords,ancestry_path,vertical,created_at,updated_at) VALUES ('se_s09_pharmacy_7e4bbedb5e6ed587','prof_s09_pharmacy_7e4bbedb5e6ed587','Faith Durham Pharmacy','faith durham pharmacy pharmacy chemist drug store medicine nigeria','place_nigeria_001','pharmacy',unixepoch(),unixepoch());
INSERT OR IGNORE INTO seed_ingestion_records (id,seed_run_id,entity_type,entity_id,source_id,status) VALUES ('ir_s09_pharmacy_7e4bbedb5e6ed587','seed_run_s09_osm_pharmacies_20260502','organization','org_s09_pharmacy_7e4bbedb5e6ed587','seed_source_osm_pharmacies_ng_20260502','ingested');
INSERT OR IGNORE INTO seed_entity_sources (id,seed_run_id,entity_type,entity_id,source_id,confidence_tier) VALUES ('es_s09_pharmacy_7e4bbedb5e6ed587','seed_run_s09_osm_pharmacies_20260502','organization','org_s09_pharmacy_7e4bbedb5e6ed587','seed_source_osm_pharmacies_ng_20260502','seeded');
INSERT OR IGNORE INTO seed_enrichment (id,seed_run_id,entity_type,entity_id,enrichment_type,enrichment_json) VALUES ('enr_s09_pharmacy_7e4bbedb5e6ed587','seed_run_s09_osm_pharmacies_20260502','organization','org_s09_pharmacy_7e4bbedb5e6ed587','licence_data','{"osm_id": "8753151380", "amenity": "pharmacy", "addr_state": null, "operator": null, "brand": null}');

INSERT OR IGNORE INTO organizations (id,tenant_id,organization_type,legal_name,display_name,registration_number,status,verification_state,created_at,updated_at) VALUES ('org_s09_pharmacy_18df226a24d9ddab','tenant_platform_seed','pharmacy','Medicine Store','Medicine Store',NULL,'active','seeded',unixepoch(),unixepoch());
INSERT OR IGNORE INTO profiles (id,subject_id,subject_type,primary_place_id,tenant_id,workspace_id,display_name,created_at,updated_at) VALUES ('prof_s09_pharmacy_18df226a24d9ddab','org_s09_pharmacy_18df226a24d9ddab','organization','place_nigeria_001','tenant_platform_seed','workspace_platform_seed_discovery','Medicine Store',unixepoch(),unixepoch());
INSERT OR IGNORE INTO search_entries (id,profile_id,display_name,keywords,ancestry_path,vertical,created_at,updated_at) VALUES ('se_s09_pharmacy_18df226a24d9ddab','prof_s09_pharmacy_18df226a24d9ddab','Medicine Store','medicine store pharmacy chemist drug store medicine nigeria','place_nigeria_001','pharmacy',unixepoch(),unixepoch());
INSERT OR IGNORE INTO seed_ingestion_records (id,seed_run_id,entity_type,entity_id,source_id,status) VALUES ('ir_s09_pharmacy_18df226a24d9ddab','seed_run_s09_osm_pharmacies_20260502','organization','org_s09_pharmacy_18df226a24d9ddab','seed_source_osm_pharmacies_ng_20260502','ingested');
INSERT OR IGNORE INTO seed_entity_sources (id,seed_run_id,entity_type,entity_id,source_id,confidence_tier) VALUES ('es_s09_pharmacy_18df226a24d9ddab','seed_run_s09_osm_pharmacies_20260502','organization','org_s09_pharmacy_18df226a24d9ddab','seed_source_osm_pharmacies_ng_20260502','seeded');
INSERT OR IGNORE INTO seed_enrichment (id,seed_run_id,entity_type,entity_id,enrichment_type,enrichment_json) VALUES ('enr_s09_pharmacy_18df226a24d9ddab','seed_run_s09_osm_pharmacies_20260502','organization','org_s09_pharmacy_18df226a24d9ddab','licence_data','{"osm_id": "8753154011", "amenity": "pharmacy", "addr_state": null, "operator": null, "brand": null}');

INSERT OR IGNORE INTO organizations (id,tenant_id,organization_type,legal_name,display_name,registration_number,status,verification_state,created_at,updated_at) VALUES ('org_s09_pharmacy_d7dc9f5117848bfb','tenant_platform_seed','pharmacy','Chuks Pharmacy','Chuks Pharmacy',NULL,'active','seeded',unixepoch(),unixepoch());
INSERT OR IGNORE INTO profiles (id,subject_id,subject_type,primary_place_id,tenant_id,workspace_id,display_name,created_at,updated_at) VALUES ('prof_s09_pharmacy_d7dc9f5117848bfb','org_s09_pharmacy_d7dc9f5117848bfb','organization','place_nigeria_001','tenant_platform_seed','workspace_platform_seed_discovery','Chuks Pharmacy',unixepoch(),unixepoch());
INSERT OR IGNORE INTO search_entries (id,profile_id,display_name,keywords,ancestry_path,vertical,created_at,updated_at) VALUES ('se_s09_pharmacy_d7dc9f5117848bfb','prof_s09_pharmacy_d7dc9f5117848bfb','Chuks Pharmacy','chuks pharmacy pharmacy chemist drug store medicine nigeria','place_nigeria_001','pharmacy',unixepoch(),unixepoch());
INSERT OR IGNORE INTO seed_ingestion_records (id,seed_run_id,entity_type,entity_id,source_id,status) VALUES ('ir_s09_pharmacy_d7dc9f5117848bfb','seed_run_s09_osm_pharmacies_20260502','organization','org_s09_pharmacy_d7dc9f5117848bfb','seed_source_osm_pharmacies_ng_20260502','ingested');
INSERT OR IGNORE INTO seed_entity_sources (id,seed_run_id,entity_type,entity_id,source_id,confidence_tier) VALUES ('es_s09_pharmacy_d7dc9f5117848bfb','seed_run_s09_osm_pharmacies_20260502','organization','org_s09_pharmacy_d7dc9f5117848bfb','seed_source_osm_pharmacies_ng_20260502','seeded');
INSERT OR IGNORE INTO seed_enrichment (id,seed_run_id,entity_type,entity_id,enrichment_type,enrichment_json) VALUES ('enr_s09_pharmacy_d7dc9f5117848bfb','seed_run_s09_osm_pharmacies_20260502','organization','org_s09_pharmacy_d7dc9f5117848bfb','licence_data','{"osm_id": "8753159224", "amenity": "pharmacy", "addr_state": null, "operator": null, "brand": null}');

INSERT OR IGNORE INTO organizations (id,tenant_id,organization_type,legal_name,display_name,registration_number,status,verification_state,created_at,updated_at) VALUES ('org_s09_pharmacy_e3c1a92f818fa622','tenant_platform_seed','pharmacy','Denis Pharmacy','Denis Pharmacy',NULL,'active','seeded',unixepoch(),unixepoch());
INSERT OR IGNORE INTO profiles (id,subject_id,subject_type,primary_place_id,tenant_id,workspace_id,display_name,created_at,updated_at) VALUES ('prof_s09_pharmacy_e3c1a92f818fa622','org_s09_pharmacy_e3c1a92f818fa622','organization','place_nigeria_001','tenant_platform_seed','workspace_platform_seed_discovery','Denis Pharmacy',unixepoch(),unixepoch());
INSERT OR IGNORE INTO search_entries (id,profile_id,display_name,keywords,ancestry_path,vertical,created_at,updated_at) VALUES ('se_s09_pharmacy_e3c1a92f818fa622','prof_s09_pharmacy_e3c1a92f818fa622','Denis Pharmacy','denis pharmacy pharmacy chemist drug store medicine nigeria','place_nigeria_001','pharmacy',unixepoch(),unixepoch());
INSERT OR IGNORE INTO seed_ingestion_records (id,seed_run_id,entity_type,entity_id,source_id,status) VALUES ('ir_s09_pharmacy_e3c1a92f818fa622','seed_run_s09_osm_pharmacies_20260502','organization','org_s09_pharmacy_e3c1a92f818fa622','seed_source_osm_pharmacies_ng_20260502','ingested');
INSERT OR IGNORE INTO seed_entity_sources (id,seed_run_id,entity_type,entity_id,source_id,confidence_tier) VALUES ('es_s09_pharmacy_e3c1a92f818fa622','seed_run_s09_osm_pharmacies_20260502','organization','org_s09_pharmacy_e3c1a92f818fa622','seed_source_osm_pharmacies_ng_20260502','seeded');
INSERT OR IGNORE INTO seed_enrichment (id,seed_run_id,entity_type,entity_id,enrichment_type,enrichment_json) VALUES ('enr_s09_pharmacy_e3c1a92f818fa622','seed_run_s09_osm_pharmacies_20260502','organization','org_s09_pharmacy_e3c1a92f818fa622','licence_data','{"osm_id": "8753187761", "amenity": "pharmacy", "addr_state": null, "operator": null, "brand": null}');

INSERT OR IGNORE INTO organizations (id,tenant_id,organization_type,legal_name,display_name,registration_number,status,verification_state,created_at,updated_at) VALUES ('org_s09_pharmacy_86f9e77a7a53efa1','tenant_platform_seed','pharmacy','Cleon Pharmacy','Cleon Pharmacy',NULL,'active','seeded',unixepoch(),unixepoch());
INSERT OR IGNORE INTO profiles (id,subject_id,subject_type,primary_place_id,tenant_id,workspace_id,display_name,created_at,updated_at) VALUES ('prof_s09_pharmacy_86f9e77a7a53efa1','org_s09_pharmacy_86f9e77a7a53efa1','organization','place_nigeria_001','tenant_platform_seed','workspace_platform_seed_discovery','Cleon Pharmacy',unixepoch(),unixepoch());
INSERT OR IGNORE INTO search_entries (id,profile_id,display_name,keywords,ancestry_path,vertical,created_at,updated_at) VALUES ('se_s09_pharmacy_86f9e77a7a53efa1','prof_s09_pharmacy_86f9e77a7a53efa1','Cleon Pharmacy','cleon pharmacy pharmacy chemist drug store medicine nigeria','place_nigeria_001','pharmacy',unixepoch(),unixepoch());
INSERT OR IGNORE INTO seed_ingestion_records (id,seed_run_id,entity_type,entity_id,source_id,status) VALUES ('ir_s09_pharmacy_86f9e77a7a53efa1','seed_run_s09_osm_pharmacies_20260502','organization','org_s09_pharmacy_86f9e77a7a53efa1','seed_source_osm_pharmacies_ng_20260502','ingested');
INSERT OR IGNORE INTO seed_entity_sources (id,seed_run_id,entity_type,entity_id,source_id,confidence_tier) VALUES ('es_s09_pharmacy_86f9e77a7a53efa1','seed_run_s09_osm_pharmacies_20260502','organization','org_s09_pharmacy_86f9e77a7a53efa1','seed_source_osm_pharmacies_ng_20260502','seeded');
INSERT OR IGNORE INTO seed_enrichment (id,seed_run_id,entity_type,entity_id,enrichment_type,enrichment_json) VALUES ('enr_s09_pharmacy_86f9e77a7a53efa1','seed_run_s09_osm_pharmacies_20260502','organization','org_s09_pharmacy_86f9e77a7a53efa1','licence_data','{"osm_id": "8753188125", "amenity": "pharmacy", "addr_state": null, "operator": null, "brand": null}');

INSERT OR IGNORE INTO organizations (id,tenant_id,organization_type,legal_name,display_name,registration_number,status,verification_state,created_at,updated_at) VALUES ('org_s09_pharmacy_9f9f4b4e67b2a7e1','tenant_platform_seed','pharmacy','Paus Pharmacy','Paus Pharmacy',NULL,'active','seeded',unixepoch(),unixepoch());
INSERT OR IGNORE INTO profiles (id,subject_id,subject_type,primary_place_id,tenant_id,workspace_id,display_name,created_at,updated_at) VALUES ('prof_s09_pharmacy_9f9f4b4e67b2a7e1','org_s09_pharmacy_9f9f4b4e67b2a7e1','organization','place_nigeria_001','tenant_platform_seed','workspace_platform_seed_discovery','Paus Pharmacy',unixepoch(),unixepoch());
INSERT OR IGNORE INTO search_entries (id,profile_id,display_name,keywords,ancestry_path,vertical,created_at,updated_at) VALUES ('se_s09_pharmacy_9f9f4b4e67b2a7e1','prof_s09_pharmacy_9f9f4b4e67b2a7e1','Paus Pharmacy','paus pharmacy pharmacy chemist drug store medicine nigeria','place_nigeria_001','pharmacy',unixepoch(),unixepoch());
INSERT OR IGNORE INTO seed_ingestion_records (id,seed_run_id,entity_type,entity_id,source_id,status) VALUES ('ir_s09_pharmacy_9f9f4b4e67b2a7e1','seed_run_s09_osm_pharmacies_20260502','organization','org_s09_pharmacy_9f9f4b4e67b2a7e1','seed_source_osm_pharmacies_ng_20260502','ingested');
INSERT OR IGNORE INTO seed_entity_sources (id,seed_run_id,entity_type,entity_id,source_id,confidence_tier) VALUES ('es_s09_pharmacy_9f9f4b4e67b2a7e1','seed_run_s09_osm_pharmacies_20260502','organization','org_s09_pharmacy_9f9f4b4e67b2a7e1','seed_source_osm_pharmacies_ng_20260502','seeded');
INSERT OR IGNORE INTO seed_enrichment (id,seed_run_id,entity_type,entity_id,enrichment_type,enrichment_json) VALUES ('enr_s09_pharmacy_9f9f4b4e67b2a7e1','seed_run_s09_osm_pharmacies_20260502','organization','org_s09_pharmacy_9f9f4b4e67b2a7e1','licence_data','{"osm_id": "8753193039", "amenity": "pharmacy", "addr_state": null, "operator": null, "brand": null}');

INSERT OR IGNORE INTO organizations (id,tenant_id,organization_type,legal_name,display_name,registration_number,status,verification_state,created_at,updated_at) VALUES ('org_s09_pharmacy_4531e2aaff4f2ea4','tenant_platform_seed','pharmacy','Nigus PHarmacy','Nigus PHarmacy',NULL,'active','seeded',unixepoch(),unixepoch());
INSERT OR IGNORE INTO profiles (id,subject_id,subject_type,primary_place_id,tenant_id,workspace_id,display_name,created_at,updated_at) VALUES ('prof_s09_pharmacy_4531e2aaff4f2ea4','org_s09_pharmacy_4531e2aaff4f2ea4','organization','place_nigeria_001','tenant_platform_seed','workspace_platform_seed_discovery','Nigus PHarmacy',unixepoch(),unixepoch());
INSERT OR IGNORE INTO search_entries (id,profile_id,display_name,keywords,ancestry_path,vertical,created_at,updated_at) VALUES ('se_s09_pharmacy_4531e2aaff4f2ea4','prof_s09_pharmacy_4531e2aaff4f2ea4','Nigus PHarmacy','nigus pharmacy pharmacy chemist drug store medicine nigeria','place_nigeria_001','pharmacy',unixepoch(),unixepoch());
INSERT OR IGNORE INTO seed_ingestion_records (id,seed_run_id,entity_type,entity_id,source_id,status) VALUES ('ir_s09_pharmacy_4531e2aaff4f2ea4','seed_run_s09_osm_pharmacies_20260502','organization','org_s09_pharmacy_4531e2aaff4f2ea4','seed_source_osm_pharmacies_ng_20260502','ingested');
INSERT OR IGNORE INTO seed_entity_sources (id,seed_run_id,entity_type,entity_id,source_id,confidence_tier) VALUES ('es_s09_pharmacy_4531e2aaff4f2ea4','seed_run_s09_osm_pharmacies_20260502','organization','org_s09_pharmacy_4531e2aaff4f2ea4','seed_source_osm_pharmacies_ng_20260502','seeded');
INSERT OR IGNORE INTO seed_enrichment (id,seed_run_id,entity_type,entity_id,enrichment_type,enrichment_json) VALUES ('enr_s09_pharmacy_4531e2aaff4f2ea4','seed_run_s09_osm_pharmacies_20260502','organization','org_s09_pharmacy_4531e2aaff4f2ea4','licence_data','{"osm_id": "8753193040", "amenity": "pharmacy", "addr_state": null, "operator": null, "brand": null}');

INSERT OR IGNORE INTO organizations (id,tenant_id,organization_type,legal_name,display_name,registration_number,status,verification_state,created_at,updated_at) VALUES ('org_s09_pharmacy_376add6c8000bb12','tenant_platform_seed','pharmacy','Melody Pharmacy','Melody Pharmacy',NULL,'active','seeded',unixepoch(),unixepoch());
INSERT OR IGNORE INTO profiles (id,subject_id,subject_type,primary_place_id,tenant_id,workspace_id,display_name,created_at,updated_at) VALUES ('prof_s09_pharmacy_376add6c8000bb12','org_s09_pharmacy_376add6c8000bb12','organization','place_nigeria_001','tenant_platform_seed','workspace_platform_seed_discovery','Melody Pharmacy',unixepoch(),unixepoch());
INSERT OR IGNORE INTO search_entries (id,profile_id,display_name,keywords,ancestry_path,vertical,created_at,updated_at) VALUES ('se_s09_pharmacy_376add6c8000bb12','prof_s09_pharmacy_376add6c8000bb12','Melody Pharmacy','melody pharmacy pharmacy chemist drug store medicine nigeria','place_nigeria_001','pharmacy',unixepoch(),unixepoch());
INSERT OR IGNORE INTO seed_ingestion_records (id,seed_run_id,entity_type,entity_id,source_id,status) VALUES ('ir_s09_pharmacy_376add6c8000bb12','seed_run_s09_osm_pharmacies_20260502','organization','org_s09_pharmacy_376add6c8000bb12','seed_source_osm_pharmacies_ng_20260502','ingested');
INSERT OR IGNORE INTO seed_entity_sources (id,seed_run_id,entity_type,entity_id,source_id,confidence_tier) VALUES ('es_s09_pharmacy_376add6c8000bb12','seed_run_s09_osm_pharmacies_20260502','organization','org_s09_pharmacy_376add6c8000bb12','seed_source_osm_pharmacies_ng_20260502','seeded');
INSERT OR IGNORE INTO seed_enrichment (id,seed_run_id,entity_type,entity_id,enrichment_type,enrichment_json) VALUES ('enr_s09_pharmacy_376add6c8000bb12','seed_run_s09_osm_pharmacies_20260502','organization','org_s09_pharmacy_376add6c8000bb12','licence_data','{"osm_id": "8753214767", "amenity": "pharmacy", "addr_state": null, "operator": null, "brand": null}');

INSERT OR IGNORE INTO organizations (id,tenant_id,organization_type,legal_name,display_name,registration_number,status,verification_state,created_at,updated_at) VALUES ('org_s09_pharmacy_1be28f716cbc5fb7','tenant_platform_seed','pharmacy','Donald Pharmacy','Donald Pharmacy',NULL,'active','seeded',unixepoch(),unixepoch());
INSERT OR IGNORE INTO profiles (id,subject_id,subject_type,primary_place_id,tenant_id,workspace_id,display_name,created_at,updated_at) VALUES ('prof_s09_pharmacy_1be28f716cbc5fb7','org_s09_pharmacy_1be28f716cbc5fb7','organization','place_nigeria_001','tenant_platform_seed','workspace_platform_seed_discovery','Donald Pharmacy',unixepoch(),unixepoch());
INSERT OR IGNORE INTO search_entries (id,profile_id,display_name,keywords,ancestry_path,vertical,created_at,updated_at) VALUES ('se_s09_pharmacy_1be28f716cbc5fb7','prof_s09_pharmacy_1be28f716cbc5fb7','Donald Pharmacy','donald pharmacy pharmacy chemist drug store medicine nigeria','place_nigeria_001','pharmacy',unixepoch(),unixepoch());
INSERT OR IGNORE INTO seed_ingestion_records (id,seed_run_id,entity_type,entity_id,source_id,status) VALUES ('ir_s09_pharmacy_1be28f716cbc5fb7','seed_run_s09_osm_pharmacies_20260502','organization','org_s09_pharmacy_1be28f716cbc5fb7','seed_source_osm_pharmacies_ng_20260502','ingested');
INSERT OR IGNORE INTO seed_entity_sources (id,seed_run_id,entity_type,entity_id,source_id,confidence_tier) VALUES ('es_s09_pharmacy_1be28f716cbc5fb7','seed_run_s09_osm_pharmacies_20260502','organization','org_s09_pharmacy_1be28f716cbc5fb7','seed_source_osm_pharmacies_ng_20260502','seeded');
INSERT OR IGNORE INTO seed_enrichment (id,seed_run_id,entity_type,entity_id,enrichment_type,enrichment_json) VALUES ('enr_s09_pharmacy_1be28f716cbc5fb7','seed_run_s09_osm_pharmacies_20260502','organization','org_s09_pharmacy_1be28f716cbc5fb7','licence_data','{"osm_id": "8753232879", "amenity": "pharmacy", "addr_state": null, "operator": null, "brand": null}');

INSERT OR IGNORE INTO organizations (id,tenant_id,organization_type,legal_name,display_name,registration_number,status,verification_state,created_at,updated_at) VALUES ('org_s09_pharmacy_74c976a7d0f8e5b6','tenant_platform_seed','pharmacy','Dominic Pharmacy','Dominic Pharmacy',NULL,'active','seeded',unixepoch(),unixepoch());
INSERT OR IGNORE INTO profiles (id,subject_id,subject_type,primary_place_id,tenant_id,workspace_id,display_name,created_at,updated_at) VALUES ('prof_s09_pharmacy_74c976a7d0f8e5b6','org_s09_pharmacy_74c976a7d0f8e5b6','organization','place_nigeria_001','tenant_platform_seed','workspace_platform_seed_discovery','Dominic Pharmacy',unixepoch(),unixepoch());
INSERT OR IGNORE INTO search_entries (id,profile_id,display_name,keywords,ancestry_path,vertical,created_at,updated_at) VALUES ('se_s09_pharmacy_74c976a7d0f8e5b6','prof_s09_pharmacy_74c976a7d0f8e5b6','Dominic Pharmacy','dominic pharmacy pharmacy chemist drug store medicine nigeria','place_nigeria_001','pharmacy',unixepoch(),unixepoch());
INSERT OR IGNORE INTO seed_ingestion_records (id,seed_run_id,entity_type,entity_id,source_id,status) VALUES ('ir_s09_pharmacy_74c976a7d0f8e5b6','seed_run_s09_osm_pharmacies_20260502','organization','org_s09_pharmacy_74c976a7d0f8e5b6','seed_source_osm_pharmacies_ng_20260502','ingested');
INSERT OR IGNORE INTO seed_entity_sources (id,seed_run_id,entity_type,entity_id,source_id,confidence_tier) VALUES ('es_s09_pharmacy_74c976a7d0f8e5b6','seed_run_s09_osm_pharmacies_20260502','organization','org_s09_pharmacy_74c976a7d0f8e5b6','seed_source_osm_pharmacies_ng_20260502','seeded');
INSERT OR IGNORE INTO seed_enrichment (id,seed_run_id,entity_type,entity_id,enrichment_type,enrichment_json) VALUES ('enr_s09_pharmacy_74c976a7d0f8e5b6','seed_run_s09_osm_pharmacies_20260502','organization','org_s09_pharmacy_74c976a7d0f8e5b6','licence_data','{"osm_id": "8753235812", "amenity": "pharmacy", "addr_state": null, "operator": null, "brand": null}');

INSERT OR IGNORE INTO organizations (id,tenant_id,organization_type,legal_name,display_name,registration_number,status,verification_state,created_at,updated_at) VALUES ('org_s09_pharmacy_9cb587df388aa9c8','tenant_platform_seed','pharmacy','Nagode Pharmacy','Nagode Pharmacy',NULL,'active','seeded',unixepoch(),unixepoch());
INSERT OR IGNORE INTO profiles (id,subject_id,subject_type,primary_place_id,tenant_id,workspace_id,display_name,created_at,updated_at) VALUES ('prof_s09_pharmacy_9cb587df388aa9c8','org_s09_pharmacy_9cb587df388aa9c8','organization','place_nigeria_001','tenant_platform_seed','workspace_platform_seed_discovery','Nagode Pharmacy',unixepoch(),unixepoch());
INSERT OR IGNORE INTO search_entries (id,profile_id,display_name,keywords,ancestry_path,vertical,created_at,updated_at) VALUES ('se_s09_pharmacy_9cb587df388aa9c8','prof_s09_pharmacy_9cb587df388aa9c8','Nagode Pharmacy','nagode pharmacy pharmacy chemist drug store medicine nigeria','place_nigeria_001','pharmacy',unixepoch(),unixepoch());
INSERT OR IGNORE INTO seed_ingestion_records (id,seed_run_id,entity_type,entity_id,source_id,status) VALUES ('ir_s09_pharmacy_9cb587df388aa9c8','seed_run_s09_osm_pharmacies_20260502','organization','org_s09_pharmacy_9cb587df388aa9c8','seed_source_osm_pharmacies_ng_20260502','ingested');
INSERT OR IGNORE INTO seed_entity_sources (id,seed_run_id,entity_type,entity_id,source_id,confidence_tier) VALUES ('es_s09_pharmacy_9cb587df388aa9c8','seed_run_s09_osm_pharmacies_20260502','organization','org_s09_pharmacy_9cb587df388aa9c8','seed_source_osm_pharmacies_ng_20260502','seeded');
INSERT OR IGNORE INTO seed_enrichment (id,seed_run_id,entity_type,entity_id,enrichment_type,enrichment_json) VALUES ('enr_s09_pharmacy_9cb587df388aa9c8','seed_run_s09_osm_pharmacies_20260502','organization','org_s09_pharmacy_9cb587df388aa9c8','licence_data','{"osm_id": "8753251611", "amenity": "pharmacy", "addr_state": null, "operator": null, "brand": null}');

INSERT OR IGNORE INTO organizations (id,tenant_id,organization_type,legal_name,display_name,registration_number,status,verification_state,created_at,updated_at) VALUES ('org_s09_pharmacy_d42d650f732f9da9','tenant_platform_seed','pharmacy','Johnson Pharmacy','Johnson Pharmacy',NULL,'active','seeded',unixepoch(),unixepoch());
INSERT OR IGNORE INTO profiles (id,subject_id,subject_type,primary_place_id,tenant_id,workspace_id,display_name,created_at,updated_at) VALUES ('prof_s09_pharmacy_d42d650f732f9da9','org_s09_pharmacy_d42d650f732f9da9','organization','place_nigeria_001','tenant_platform_seed','workspace_platform_seed_discovery','Johnson Pharmacy',unixepoch(),unixepoch());
INSERT OR IGNORE INTO search_entries (id,profile_id,display_name,keywords,ancestry_path,vertical,created_at,updated_at) VALUES ('se_s09_pharmacy_d42d650f732f9da9','prof_s09_pharmacy_d42d650f732f9da9','Johnson Pharmacy','johnson pharmacy pharmacy chemist drug store medicine nigeria','place_nigeria_001','pharmacy',unixepoch(),unixepoch());
INSERT OR IGNORE INTO seed_ingestion_records (id,seed_run_id,entity_type,entity_id,source_id,status) VALUES ('ir_s09_pharmacy_d42d650f732f9da9','seed_run_s09_osm_pharmacies_20260502','organization','org_s09_pharmacy_d42d650f732f9da9','seed_source_osm_pharmacies_ng_20260502','ingested');
INSERT OR IGNORE INTO seed_entity_sources (id,seed_run_id,entity_type,entity_id,source_id,confidence_tier) VALUES ('es_s09_pharmacy_d42d650f732f9da9','seed_run_s09_osm_pharmacies_20260502','organization','org_s09_pharmacy_d42d650f732f9da9','seed_source_osm_pharmacies_ng_20260502','seeded');
INSERT OR IGNORE INTO seed_enrichment (id,seed_run_id,entity_type,entity_id,enrichment_type,enrichment_json) VALUES ('enr_s09_pharmacy_d42d650f732f9da9','seed_run_s09_osm_pharmacies_20260502','organization','org_s09_pharmacy_d42d650f732f9da9','licence_data','{"osm_id": "8753293779", "amenity": "pharmacy", "addr_state": null, "operator": null, "brand": null}');

INSERT OR IGNORE INTO organizations (id,tenant_id,organization_type,legal_name,display_name,registration_number,status,verification_state,created_at,updated_at) VALUES ('org_s09_pharmacy_bce9408642d2a9d2','tenant_platform_seed','pharmacy','Alex Pharmacy','Alex Pharmacy',NULL,'active','seeded',unixepoch(),unixepoch());
INSERT OR IGNORE INTO profiles (id,subject_id,subject_type,primary_place_id,tenant_id,workspace_id,display_name,created_at,updated_at) VALUES ('prof_s09_pharmacy_bce9408642d2a9d2','org_s09_pharmacy_bce9408642d2a9d2','organization','place_nigeria_001','tenant_platform_seed','workspace_platform_seed_discovery','Alex Pharmacy',unixepoch(),unixepoch());
INSERT OR IGNORE INTO search_entries (id,profile_id,display_name,keywords,ancestry_path,vertical,created_at,updated_at) VALUES ('se_s09_pharmacy_bce9408642d2a9d2','prof_s09_pharmacy_bce9408642d2a9d2','Alex Pharmacy','alex pharmacy pharmacy chemist drug store medicine nigeria','place_nigeria_001','pharmacy',unixepoch(),unixepoch());
INSERT OR IGNORE INTO seed_ingestion_records (id,seed_run_id,entity_type,entity_id,source_id,status) VALUES ('ir_s09_pharmacy_bce9408642d2a9d2','seed_run_s09_osm_pharmacies_20260502','organization','org_s09_pharmacy_bce9408642d2a9d2','seed_source_osm_pharmacies_ng_20260502','ingested');
INSERT OR IGNORE INTO seed_entity_sources (id,seed_run_id,entity_type,entity_id,source_id,confidence_tier) VALUES ('es_s09_pharmacy_bce9408642d2a9d2','seed_run_s09_osm_pharmacies_20260502','organization','org_s09_pharmacy_bce9408642d2a9d2','seed_source_osm_pharmacies_ng_20260502','seeded');
INSERT OR IGNORE INTO seed_enrichment (id,seed_run_id,entity_type,entity_id,enrichment_type,enrichment_json) VALUES ('enr_s09_pharmacy_bce9408642d2a9d2','seed_run_s09_osm_pharmacies_20260502','organization','org_s09_pharmacy_bce9408642d2a9d2','licence_data','{"osm_id": "8753305974", "amenity": "pharmacy", "addr_state": null, "operator": null, "brand": null}');

INSERT OR IGNORE INTO organizations (id,tenant_id,organization_type,legal_name,display_name,registration_number,status,verification_state,created_at,updated_at) VALUES ('org_s09_pharmacy_f600bf4f8049a1f4','tenant_platform_seed','pharmacy','Darlington Pharmacy','Darlington Pharmacy',NULL,'active','seeded',unixepoch(),unixepoch());
INSERT OR IGNORE INTO profiles (id,subject_id,subject_type,primary_place_id,tenant_id,workspace_id,display_name,created_at,updated_at) VALUES ('prof_s09_pharmacy_f600bf4f8049a1f4','org_s09_pharmacy_f600bf4f8049a1f4','organization','place_nigeria_001','tenant_platform_seed','workspace_platform_seed_discovery','Darlington Pharmacy',unixepoch(),unixepoch());
INSERT OR IGNORE INTO search_entries (id,profile_id,display_name,keywords,ancestry_path,vertical,created_at,updated_at) VALUES ('se_s09_pharmacy_f600bf4f8049a1f4','prof_s09_pharmacy_f600bf4f8049a1f4','Darlington Pharmacy','darlington pharmacy pharmacy chemist drug store medicine nigeria','place_nigeria_001','pharmacy',unixepoch(),unixepoch());
INSERT OR IGNORE INTO seed_ingestion_records (id,seed_run_id,entity_type,entity_id,source_id,status) VALUES ('ir_s09_pharmacy_f600bf4f8049a1f4','seed_run_s09_osm_pharmacies_20260502','organization','org_s09_pharmacy_f600bf4f8049a1f4','seed_source_osm_pharmacies_ng_20260502','ingested');
INSERT OR IGNORE INTO seed_entity_sources (id,seed_run_id,entity_type,entity_id,source_id,confidence_tier) VALUES ('es_s09_pharmacy_f600bf4f8049a1f4','seed_run_s09_osm_pharmacies_20260502','organization','org_s09_pharmacy_f600bf4f8049a1f4','seed_source_osm_pharmacies_ng_20260502','seeded');
INSERT OR IGNORE INTO seed_enrichment (id,seed_run_id,entity_type,entity_id,enrichment_type,enrichment_json) VALUES ('enr_s09_pharmacy_f600bf4f8049a1f4','seed_run_s09_osm_pharmacies_20260502','organization','org_s09_pharmacy_f600bf4f8049a1f4','licence_data','{"osm_id": "8753307619", "amenity": "pharmacy", "addr_state": null, "operator": null, "brand": null}');

INSERT OR IGNORE INTO organizations (id,tenant_id,organization_type,legal_name,display_name,registration_number,status,verification_state,created_at,updated_at) VALUES ('org_s09_pharmacy_1614a25e076c6e09','tenant_platform_seed','pharmacy','Pat Medicine Store','Pat Medicine Store',NULL,'active','seeded',unixepoch(),unixepoch());
INSERT OR IGNORE INTO profiles (id,subject_id,subject_type,primary_place_id,tenant_id,workspace_id,display_name,created_at,updated_at) VALUES ('prof_s09_pharmacy_1614a25e076c6e09','org_s09_pharmacy_1614a25e076c6e09','organization','place_nigeria_001','tenant_platform_seed','workspace_platform_seed_discovery','Pat Medicine Store',unixepoch(),unixepoch());
INSERT OR IGNORE INTO search_entries (id,profile_id,display_name,keywords,ancestry_path,vertical,created_at,updated_at) VALUES ('se_s09_pharmacy_1614a25e076c6e09','prof_s09_pharmacy_1614a25e076c6e09','Pat Medicine Store','pat medicine store pharmacy chemist drug store medicine nigeria','place_nigeria_001','pharmacy',unixepoch(),unixepoch());
INSERT OR IGNORE INTO seed_ingestion_records (id,seed_run_id,entity_type,entity_id,source_id,status) VALUES ('ir_s09_pharmacy_1614a25e076c6e09','seed_run_s09_osm_pharmacies_20260502','organization','org_s09_pharmacy_1614a25e076c6e09','seed_source_osm_pharmacies_ng_20260502','ingested');
INSERT OR IGNORE INTO seed_entity_sources (id,seed_run_id,entity_type,entity_id,source_id,confidence_tier) VALUES ('es_s09_pharmacy_1614a25e076c6e09','seed_run_s09_osm_pharmacies_20260502','organization','org_s09_pharmacy_1614a25e076c6e09','seed_source_osm_pharmacies_ng_20260502','seeded');
INSERT OR IGNORE INTO seed_enrichment (id,seed_run_id,entity_type,entity_id,enrichment_type,enrichment_json) VALUES ('enr_s09_pharmacy_1614a25e076c6e09','seed_run_s09_osm_pharmacies_20260502','organization','org_s09_pharmacy_1614a25e076c6e09','licence_data','{"osm_id": "8753308108", "amenity": "pharmacy", "addr_state": null, "operator": null, "brand": null}');

INSERT OR IGNORE INTO organizations (id,tenant_id,organization_type,legal_name,display_name,registration_number,status,verification_state,created_at,updated_at) VALUES ('org_s09_pharmacy_034545efe32e05dc','tenant_platform_seed','pharmacy','Dalila Pharmacy','Dalila Pharmacy',NULL,'active','seeded',unixepoch(),unixepoch());
INSERT OR IGNORE INTO profiles (id,subject_id,subject_type,primary_place_id,tenant_id,workspace_id,display_name,created_at,updated_at) VALUES ('prof_s09_pharmacy_034545efe32e05dc','org_s09_pharmacy_034545efe32e05dc','organization','place_nigeria_001','tenant_platform_seed','workspace_platform_seed_discovery','Dalila Pharmacy',unixepoch(),unixepoch());
INSERT OR IGNORE INTO search_entries (id,profile_id,display_name,keywords,ancestry_path,vertical,created_at,updated_at) VALUES ('se_s09_pharmacy_034545efe32e05dc','prof_s09_pharmacy_034545efe32e05dc','Dalila Pharmacy','dalila pharmacy pharmacy chemist drug store medicine nigeria','place_nigeria_001','pharmacy',unixepoch(),unixepoch());
INSERT OR IGNORE INTO seed_ingestion_records (id,seed_run_id,entity_type,entity_id,source_id,status) VALUES ('ir_s09_pharmacy_034545efe32e05dc','seed_run_s09_osm_pharmacies_20260502','organization','org_s09_pharmacy_034545efe32e05dc','seed_source_osm_pharmacies_ng_20260502','ingested');
INSERT OR IGNORE INTO seed_entity_sources (id,seed_run_id,entity_type,entity_id,source_id,confidence_tier) VALUES ('es_s09_pharmacy_034545efe32e05dc','seed_run_s09_osm_pharmacies_20260502','organization','org_s09_pharmacy_034545efe32e05dc','seed_source_osm_pharmacies_ng_20260502','seeded');
INSERT OR IGNORE INTO seed_enrichment (id,seed_run_id,entity_type,entity_id,enrichment_type,enrichment_json) VALUES ('enr_s09_pharmacy_034545efe32e05dc','seed_run_s09_osm_pharmacies_20260502','organization','org_s09_pharmacy_034545efe32e05dc','licence_data','{"osm_id": "8753320313", "amenity": "pharmacy", "addr_state": null, "operator": null, "brand": null}');

INSERT OR IGNORE INTO organizations (id,tenant_id,organization_type,legal_name,display_name,registration_number,status,verification_state,created_at,updated_at) VALUES ('org_s09_pharmacy_13e3a8113df6459c','tenant_platform_seed','pharmacy','Monte Pharmacy','Monte Pharmacy',NULL,'active','seeded',unixepoch(),unixepoch());
INSERT OR IGNORE INTO profiles (id,subject_id,subject_type,primary_place_id,tenant_id,workspace_id,display_name,created_at,updated_at) VALUES ('prof_s09_pharmacy_13e3a8113df6459c','org_s09_pharmacy_13e3a8113df6459c','organization','place_nigeria_001','tenant_platform_seed','workspace_platform_seed_discovery','Monte Pharmacy',unixepoch(),unixepoch());
INSERT OR IGNORE INTO search_entries (id,profile_id,display_name,keywords,ancestry_path,vertical,created_at,updated_at) VALUES ('se_s09_pharmacy_13e3a8113df6459c','prof_s09_pharmacy_13e3a8113df6459c','Monte Pharmacy','monte pharmacy pharmacy chemist drug store medicine nigeria','place_nigeria_001','pharmacy',unixepoch(),unixepoch());
INSERT OR IGNORE INTO seed_ingestion_records (id,seed_run_id,entity_type,entity_id,source_id,status) VALUES ('ir_s09_pharmacy_13e3a8113df6459c','seed_run_s09_osm_pharmacies_20260502','organization','org_s09_pharmacy_13e3a8113df6459c','seed_source_osm_pharmacies_ng_20260502','ingested');
INSERT OR IGNORE INTO seed_entity_sources (id,seed_run_id,entity_type,entity_id,source_id,confidence_tier) VALUES ('es_s09_pharmacy_13e3a8113df6459c','seed_run_s09_osm_pharmacies_20260502','organization','org_s09_pharmacy_13e3a8113df6459c','seed_source_osm_pharmacies_ng_20260502','seeded');
INSERT OR IGNORE INTO seed_enrichment (id,seed_run_id,entity_type,entity_id,enrichment_type,enrichment_json) VALUES ('enr_s09_pharmacy_13e3a8113df6459c','seed_run_s09_osm_pharmacies_20260502','organization','org_s09_pharmacy_13e3a8113df6459c','licence_data','{"osm_id": "8753341669", "amenity": "pharmacy", "addr_state": null, "operator": null, "brand": null}');

INSERT OR IGNORE INTO organizations (id,tenant_id,organization_type,legal_name,display_name,registration_number,status,verification_state,created_at,updated_at) VALUES ('org_s09_pharmacy_136f5dd82f689783','tenant_platform_seed','pharmacy','Author Pharmacy','Author Pharmacy',NULL,'active','seeded',unixepoch(),unixepoch());
INSERT OR IGNORE INTO profiles (id,subject_id,subject_type,primary_place_id,tenant_id,workspace_id,display_name,created_at,updated_at) VALUES ('prof_s09_pharmacy_136f5dd82f689783','org_s09_pharmacy_136f5dd82f689783','organization','place_nigeria_001','tenant_platform_seed','workspace_platform_seed_discovery','Author Pharmacy',unixepoch(),unixepoch());
INSERT OR IGNORE INTO search_entries (id,profile_id,display_name,keywords,ancestry_path,vertical,created_at,updated_at) VALUES ('se_s09_pharmacy_136f5dd82f689783','prof_s09_pharmacy_136f5dd82f689783','Author Pharmacy','author pharmacy pharmacy chemist drug store medicine nigeria','place_nigeria_001','pharmacy',unixepoch(),unixepoch());
INSERT OR IGNORE INTO seed_ingestion_records (id,seed_run_id,entity_type,entity_id,source_id,status) VALUES ('ir_s09_pharmacy_136f5dd82f689783','seed_run_s09_osm_pharmacies_20260502','organization','org_s09_pharmacy_136f5dd82f689783','seed_source_osm_pharmacies_ng_20260502','ingested');
INSERT OR IGNORE INTO seed_entity_sources (id,seed_run_id,entity_type,entity_id,source_id,confidence_tier) VALUES ('es_s09_pharmacy_136f5dd82f689783','seed_run_s09_osm_pharmacies_20260502','organization','org_s09_pharmacy_136f5dd82f689783','seed_source_osm_pharmacies_ng_20260502','seeded');
INSERT OR IGNORE INTO seed_enrichment (id,seed_run_id,entity_type,entity_id,enrichment_type,enrichment_json) VALUES ('enr_s09_pharmacy_136f5dd82f689783','seed_run_s09_osm_pharmacies_20260502','organization','org_s09_pharmacy_136f5dd82f689783','licence_data','{"osm_id": "8753346785", "amenity": "pharmacy", "addr_state": null, "operator": null, "brand": null}');

INSERT OR IGNORE INTO organizations (id,tenant_id,organization_type,legal_name,display_name,registration_number,status,verification_state,created_at,updated_at) VALUES ('org_s09_pharmacy_bfe3dc13b4b801b3','tenant_platform_seed','pharmacy','Chuckstar Pharmacy','Chuckstar Pharmacy',NULL,'active','seeded',unixepoch(),unixepoch());
INSERT OR IGNORE INTO profiles (id,subject_id,subject_type,primary_place_id,tenant_id,workspace_id,display_name,created_at,updated_at) VALUES ('prof_s09_pharmacy_bfe3dc13b4b801b3','org_s09_pharmacy_bfe3dc13b4b801b3','organization','place_nigeria_001','tenant_platform_seed','workspace_platform_seed_discovery','Chuckstar Pharmacy',unixepoch(),unixepoch());
INSERT OR IGNORE INTO search_entries (id,profile_id,display_name,keywords,ancestry_path,vertical,created_at,updated_at) VALUES ('se_s09_pharmacy_bfe3dc13b4b801b3','prof_s09_pharmacy_bfe3dc13b4b801b3','Chuckstar Pharmacy','chuckstar pharmacy pharmacy chemist drug store medicine nigeria','place_nigeria_001','pharmacy',unixepoch(),unixepoch());
INSERT OR IGNORE INTO seed_ingestion_records (id,seed_run_id,entity_type,entity_id,source_id,status) VALUES ('ir_s09_pharmacy_bfe3dc13b4b801b3','seed_run_s09_osm_pharmacies_20260502','organization','org_s09_pharmacy_bfe3dc13b4b801b3','seed_source_osm_pharmacies_ng_20260502','ingested');
INSERT OR IGNORE INTO seed_entity_sources (id,seed_run_id,entity_type,entity_id,source_id,confidence_tier) VALUES ('es_s09_pharmacy_bfe3dc13b4b801b3','seed_run_s09_osm_pharmacies_20260502','organization','org_s09_pharmacy_bfe3dc13b4b801b3','seed_source_osm_pharmacies_ng_20260502','seeded');
INSERT OR IGNORE INTO seed_enrichment (id,seed_run_id,entity_type,entity_id,enrichment_type,enrichment_json) VALUES ('enr_s09_pharmacy_bfe3dc13b4b801b3','seed_run_s09_osm_pharmacies_20260502','organization','org_s09_pharmacy_bfe3dc13b4b801b3','licence_data','{"osm_id": "8753349162", "amenity": "pharmacy", "addr_state": null, "operator": null, "brand": null}');

INSERT OR IGNORE INTO organizations (id,tenant_id,organization_type,legal_name,display_name,registration_number,status,verification_state,created_at,updated_at) VALUES ('org_s09_pharmacy_7bf2c60dc63746fc','tenant_platform_seed','pharmacy','Braunx Pharmaceuticals','Braunx Pharmaceuticals',NULL,'active','seeded',unixepoch(),unixepoch());
INSERT OR IGNORE INTO profiles (id,subject_id,subject_type,primary_place_id,tenant_id,workspace_id,display_name,created_at,updated_at) VALUES ('prof_s09_pharmacy_7bf2c60dc63746fc','org_s09_pharmacy_7bf2c60dc63746fc','organization','place_nigeria_001','tenant_platform_seed','workspace_platform_seed_discovery','Braunx Pharmaceuticals',unixepoch(),unixepoch());
INSERT OR IGNORE INTO search_entries (id,profile_id,display_name,keywords,ancestry_path,vertical,created_at,updated_at) VALUES ('se_s09_pharmacy_7bf2c60dc63746fc','prof_s09_pharmacy_7bf2c60dc63746fc','Braunx Pharmaceuticals','braunx pharmaceuticals pharmacy chemist drug store medicine nigeria','place_nigeria_001','pharmacy',unixepoch(),unixepoch());
INSERT OR IGNORE INTO seed_ingestion_records (id,seed_run_id,entity_type,entity_id,source_id,status) VALUES ('ir_s09_pharmacy_7bf2c60dc63746fc','seed_run_s09_osm_pharmacies_20260502','organization','org_s09_pharmacy_7bf2c60dc63746fc','seed_source_osm_pharmacies_ng_20260502','ingested');
INSERT OR IGNORE INTO seed_entity_sources (id,seed_run_id,entity_type,entity_id,source_id,confidence_tier) VALUES ('es_s09_pharmacy_7bf2c60dc63746fc','seed_run_s09_osm_pharmacies_20260502','organization','org_s09_pharmacy_7bf2c60dc63746fc','seed_source_osm_pharmacies_ng_20260502','seeded');
INSERT OR IGNORE INTO seed_enrichment (id,seed_run_id,entity_type,entity_id,enrichment_type,enrichment_json) VALUES ('enr_s09_pharmacy_7bf2c60dc63746fc','seed_run_s09_osm_pharmacies_20260502','organization','org_s09_pharmacy_7bf2c60dc63746fc','licence_data','{"osm_id": "8753386234", "amenity": "pharmacy", "addr_state": null, "operator": null, "brand": null}');

INSERT OR IGNORE INTO organizations (id,tenant_id,organization_type,legal_name,display_name,registration_number,status,verification_state,created_at,updated_at) VALUES ('org_s09_pharmacy_5ba37727382f0f94','tenant_platform_seed','pharmacy','Edit Pharmacy','Edit Pharmacy',NULL,'active','seeded',unixepoch(),unixepoch());
INSERT OR IGNORE INTO profiles (id,subject_id,subject_type,primary_place_id,tenant_id,workspace_id,display_name,created_at,updated_at) VALUES ('prof_s09_pharmacy_5ba37727382f0f94','org_s09_pharmacy_5ba37727382f0f94','organization','place_nigeria_001','tenant_platform_seed','workspace_platform_seed_discovery','Edit Pharmacy',unixepoch(),unixepoch());
INSERT OR IGNORE INTO search_entries (id,profile_id,display_name,keywords,ancestry_path,vertical,created_at,updated_at) VALUES ('se_s09_pharmacy_5ba37727382f0f94','prof_s09_pharmacy_5ba37727382f0f94','Edit Pharmacy','edit pharmacy pharmacy chemist drug store medicine nigeria','place_nigeria_001','pharmacy',unixepoch(),unixepoch());
INSERT OR IGNORE INTO seed_ingestion_records (id,seed_run_id,entity_type,entity_id,source_id,status) VALUES ('ir_s09_pharmacy_5ba37727382f0f94','seed_run_s09_osm_pharmacies_20260502','organization','org_s09_pharmacy_5ba37727382f0f94','seed_source_osm_pharmacies_ng_20260502','ingested');
INSERT OR IGNORE INTO seed_entity_sources (id,seed_run_id,entity_type,entity_id,source_id,confidence_tier) VALUES ('es_s09_pharmacy_5ba37727382f0f94','seed_run_s09_osm_pharmacies_20260502','organization','org_s09_pharmacy_5ba37727382f0f94','seed_source_osm_pharmacies_ng_20260502','seeded');
INSERT OR IGNORE INTO seed_enrichment (id,seed_run_id,entity_type,entity_id,enrichment_type,enrichment_json) VALUES ('enr_s09_pharmacy_5ba37727382f0f94','seed_run_s09_osm_pharmacies_20260502','organization','org_s09_pharmacy_5ba37727382f0f94','licence_data','{"osm_id": "8753387087", "amenity": "pharmacy", "addr_state": null, "operator": null, "brand": null}');

INSERT OR IGNORE INTO organizations (id,tenant_id,organization_type,legal_name,display_name,registration_number,status,verification_state,created_at,updated_at) VALUES ('org_s09_pharmacy_4f6ec130f7b9a956','tenant_platform_seed','pharmacy','Godwin Pharmacy','Godwin Pharmacy',NULL,'active','seeded',unixepoch(),unixepoch());
INSERT OR IGNORE INTO profiles (id,subject_id,subject_type,primary_place_id,tenant_id,workspace_id,display_name,created_at,updated_at) VALUES ('prof_s09_pharmacy_4f6ec130f7b9a956','org_s09_pharmacy_4f6ec130f7b9a956','organization','place_nigeria_001','tenant_platform_seed','workspace_platform_seed_discovery','Godwin Pharmacy',unixepoch(),unixepoch());
INSERT OR IGNORE INTO search_entries (id,profile_id,display_name,keywords,ancestry_path,vertical,created_at,updated_at) VALUES ('se_s09_pharmacy_4f6ec130f7b9a956','prof_s09_pharmacy_4f6ec130f7b9a956','Godwin Pharmacy','godwin pharmacy pharmacy chemist drug store medicine nigeria','place_nigeria_001','pharmacy',unixepoch(),unixepoch());
INSERT OR IGNORE INTO seed_ingestion_records (id,seed_run_id,entity_type,entity_id,source_id,status) VALUES ('ir_s09_pharmacy_4f6ec130f7b9a956','seed_run_s09_osm_pharmacies_20260502','organization','org_s09_pharmacy_4f6ec130f7b9a956','seed_source_osm_pharmacies_ng_20260502','ingested');
INSERT OR IGNORE INTO seed_entity_sources (id,seed_run_id,entity_type,entity_id,source_id,confidence_tier) VALUES ('es_s09_pharmacy_4f6ec130f7b9a956','seed_run_s09_osm_pharmacies_20260502','organization','org_s09_pharmacy_4f6ec130f7b9a956','seed_source_osm_pharmacies_ng_20260502','seeded');
INSERT OR IGNORE INTO seed_enrichment (id,seed_run_id,entity_type,entity_id,enrichment_type,enrichment_json) VALUES ('enr_s09_pharmacy_4f6ec130f7b9a956','seed_run_s09_osm_pharmacies_20260502','organization','org_s09_pharmacy_4f6ec130f7b9a956','licence_data','{"osm_id": "8753436798", "amenity": "pharmacy", "addr_state": null, "operator": null, "brand": null}');

INSERT OR IGNORE INTO organizations (id,tenant_id,organization_type,legal_name,display_name,registration_number,status,verification_state,created_at,updated_at) VALUES ('org_s09_pharmacy_a895a3c0a843695f','tenant_platform_seed','pharmacy','Fegnolak Pharmacy','Fegnolak Pharmacy',NULL,'active','seeded',unixepoch(),unixepoch());
INSERT OR IGNORE INTO profiles (id,subject_id,subject_type,primary_place_id,tenant_id,workspace_id,display_name,created_at,updated_at) VALUES ('prof_s09_pharmacy_a895a3c0a843695f','org_s09_pharmacy_a895a3c0a843695f','organization','place_nigeria_001','tenant_platform_seed','workspace_platform_seed_discovery','Fegnolak Pharmacy',unixepoch(),unixepoch());
INSERT OR IGNORE INTO search_entries (id,profile_id,display_name,keywords,ancestry_path,vertical,created_at,updated_at) VALUES ('se_s09_pharmacy_a895a3c0a843695f','prof_s09_pharmacy_a895a3c0a843695f','Fegnolak Pharmacy','fegnolak pharmacy pharmacy chemist drug store medicine nigeria','place_nigeria_001','pharmacy',unixepoch(),unixepoch());
INSERT OR IGNORE INTO seed_ingestion_records (id,seed_run_id,entity_type,entity_id,source_id,status) VALUES ('ir_s09_pharmacy_a895a3c0a843695f','seed_run_s09_osm_pharmacies_20260502','organization','org_s09_pharmacy_a895a3c0a843695f','seed_source_osm_pharmacies_ng_20260502','ingested');
INSERT OR IGNORE INTO seed_entity_sources (id,seed_run_id,entity_type,entity_id,source_id,confidence_tier) VALUES ('es_s09_pharmacy_a895a3c0a843695f','seed_run_s09_osm_pharmacies_20260502','organization','org_s09_pharmacy_a895a3c0a843695f','seed_source_osm_pharmacies_ng_20260502','seeded');
INSERT OR IGNORE INTO seed_enrichment (id,seed_run_id,entity_type,entity_id,enrichment_type,enrichment_json) VALUES ('enr_s09_pharmacy_a895a3c0a843695f','seed_run_s09_osm_pharmacies_20260502','organization','org_s09_pharmacy_a895a3c0a843695f','licence_data','{"osm_id": "8753457222", "amenity": "pharmacy", "addr_state": null, "operator": null, "brand": null}');

INSERT OR IGNORE INTO organizations (id,tenant_id,organization_type,legal_name,display_name,registration_number,status,verification_state,created_at,updated_at) VALUES ('org_s09_pharmacy_5cd5f69dd428f9c5','tenant_platform_seed','pharmacy','Emly Pharmacy','Emly Pharmacy',NULL,'active','seeded',unixepoch(),unixepoch());
INSERT OR IGNORE INTO profiles (id,subject_id,subject_type,primary_place_id,tenant_id,workspace_id,display_name,created_at,updated_at) VALUES ('prof_s09_pharmacy_5cd5f69dd428f9c5','org_s09_pharmacy_5cd5f69dd428f9c5','organization','place_nigeria_001','tenant_platform_seed','workspace_platform_seed_discovery','Emly Pharmacy',unixepoch(),unixepoch());
INSERT OR IGNORE INTO search_entries (id,profile_id,display_name,keywords,ancestry_path,vertical,created_at,updated_at) VALUES ('se_s09_pharmacy_5cd5f69dd428f9c5','prof_s09_pharmacy_5cd5f69dd428f9c5','Emly Pharmacy','emly pharmacy pharmacy chemist drug store medicine nigeria','place_nigeria_001','pharmacy',unixepoch(),unixepoch());
INSERT OR IGNORE INTO seed_ingestion_records (id,seed_run_id,entity_type,entity_id,source_id,status) VALUES ('ir_s09_pharmacy_5cd5f69dd428f9c5','seed_run_s09_osm_pharmacies_20260502','organization','org_s09_pharmacy_5cd5f69dd428f9c5','seed_source_osm_pharmacies_ng_20260502','ingested');
INSERT OR IGNORE INTO seed_entity_sources (id,seed_run_id,entity_type,entity_id,source_id,confidence_tier) VALUES ('es_s09_pharmacy_5cd5f69dd428f9c5','seed_run_s09_osm_pharmacies_20260502','organization','org_s09_pharmacy_5cd5f69dd428f9c5','seed_source_osm_pharmacies_ng_20260502','seeded');
INSERT OR IGNORE INTO seed_enrichment (id,seed_run_id,entity_type,entity_id,enrichment_type,enrichment_json) VALUES ('enr_s09_pharmacy_5cd5f69dd428f9c5','seed_run_s09_osm_pharmacies_20260502','organization','org_s09_pharmacy_5cd5f69dd428f9c5','licence_data','{"osm_id": "8753457223", "amenity": "pharmacy", "addr_state": null, "operator": null, "brand": null}');

INSERT OR IGNORE INTO organizations (id,tenant_id,organization_type,legal_name,display_name,registration_number,status,verification_state,created_at,updated_at) VALUES ('org_s09_pharmacy_1139a00454398ab8','tenant_platform_seed','pharmacy','Dozzy Pharmacy','Dozzy Pharmacy',NULL,'active','seeded',unixepoch(),unixepoch());
INSERT OR IGNORE INTO profiles (id,subject_id,subject_type,primary_place_id,tenant_id,workspace_id,display_name,created_at,updated_at) VALUES ('prof_s09_pharmacy_1139a00454398ab8','org_s09_pharmacy_1139a00454398ab8','organization','place_nigeria_001','tenant_platform_seed','workspace_platform_seed_discovery','Dozzy Pharmacy',unixepoch(),unixepoch());
INSERT OR IGNORE INTO search_entries (id,profile_id,display_name,keywords,ancestry_path,vertical,created_at,updated_at) VALUES ('se_s09_pharmacy_1139a00454398ab8','prof_s09_pharmacy_1139a00454398ab8','Dozzy Pharmacy','dozzy pharmacy pharmacy chemist drug store medicine nigeria','place_nigeria_001','pharmacy',unixepoch(),unixepoch());
INSERT OR IGNORE INTO seed_ingestion_records (id,seed_run_id,entity_type,entity_id,source_id,status) VALUES ('ir_s09_pharmacy_1139a00454398ab8','seed_run_s09_osm_pharmacies_20260502','organization','org_s09_pharmacy_1139a00454398ab8','seed_source_osm_pharmacies_ng_20260502','ingested');
INSERT OR IGNORE INTO seed_entity_sources (id,seed_run_id,entity_type,entity_id,source_id,confidence_tier) VALUES ('es_s09_pharmacy_1139a00454398ab8','seed_run_s09_osm_pharmacies_20260502','organization','org_s09_pharmacy_1139a00454398ab8','seed_source_osm_pharmacies_ng_20260502','seeded');
INSERT OR IGNORE INTO seed_enrichment (id,seed_run_id,entity_type,entity_id,enrichment_type,enrichment_json) VALUES ('enr_s09_pharmacy_1139a00454398ab8','seed_run_s09_osm_pharmacies_20260502','organization','org_s09_pharmacy_1139a00454398ab8','licence_data','{"osm_id": "8753465559", "amenity": "pharmacy", "addr_state": null, "operator": null, "brand": null}');

INSERT OR IGNORE INTO organizations (id,tenant_id,organization_type,legal_name,display_name,registration_number,status,verification_state,created_at,updated_at) VALUES ('org_s09_pharmacy_97bcd5ba4b63b3da','tenant_platform_seed','pharmacy','Ada Pharmacy Tech','Ada Pharmacy Tech',NULL,'active','seeded',unixepoch(),unixepoch());
INSERT OR IGNORE INTO profiles (id,subject_id,subject_type,primary_place_id,tenant_id,workspace_id,display_name,created_at,updated_at) VALUES ('prof_s09_pharmacy_97bcd5ba4b63b3da','org_s09_pharmacy_97bcd5ba4b63b3da','organization','place_nigeria_001','tenant_platform_seed','workspace_platform_seed_discovery','Ada Pharmacy Tech',unixepoch(),unixepoch());
INSERT OR IGNORE INTO search_entries (id,profile_id,display_name,keywords,ancestry_path,vertical,created_at,updated_at) VALUES ('se_s09_pharmacy_97bcd5ba4b63b3da','prof_s09_pharmacy_97bcd5ba4b63b3da','Ada Pharmacy Tech','ada pharmacy tech pharmacy chemist drug store medicine nigeria','place_nigeria_001','pharmacy',unixepoch(),unixepoch());
INSERT OR IGNORE INTO seed_ingestion_records (id,seed_run_id,entity_type,entity_id,source_id,status) VALUES ('ir_s09_pharmacy_97bcd5ba4b63b3da','seed_run_s09_osm_pharmacies_20260502','organization','org_s09_pharmacy_97bcd5ba4b63b3da','seed_source_osm_pharmacies_ng_20260502','ingested');
INSERT OR IGNORE INTO seed_entity_sources (id,seed_run_id,entity_type,entity_id,source_id,confidence_tier) VALUES ('es_s09_pharmacy_97bcd5ba4b63b3da','seed_run_s09_osm_pharmacies_20260502','organization','org_s09_pharmacy_97bcd5ba4b63b3da','seed_source_osm_pharmacies_ng_20260502','seeded');
INSERT OR IGNORE INTO seed_enrichment (id,seed_run_id,entity_type,entity_id,enrichment_type,enrichment_json) VALUES ('enr_s09_pharmacy_97bcd5ba4b63b3da','seed_run_s09_osm_pharmacies_20260502','organization','org_s09_pharmacy_97bcd5ba4b63b3da','licence_data','{"osm_id": "8753488436", "amenity": "pharmacy", "addr_state": null, "operator": null, "brand": null}');

INSERT OR IGNORE INTO organizations (id,tenant_id,organization_type,legal_name,display_name,registration_number,status,verification_state,created_at,updated_at) VALUES ('org_s09_pharmacy_56cfeadba0b583fb','tenant_platform_seed','pharmacy','Desmond Pharmacy','Desmond Pharmacy',NULL,'active','seeded',unixepoch(),unixepoch());
INSERT OR IGNORE INTO profiles (id,subject_id,subject_type,primary_place_id,tenant_id,workspace_id,display_name,created_at,updated_at) VALUES ('prof_s09_pharmacy_56cfeadba0b583fb','org_s09_pharmacy_56cfeadba0b583fb','organization','place_nigeria_001','tenant_platform_seed','workspace_platform_seed_discovery','Desmond Pharmacy',unixepoch(),unixepoch());
INSERT OR IGNORE INTO search_entries (id,profile_id,display_name,keywords,ancestry_path,vertical,created_at,updated_at) VALUES ('se_s09_pharmacy_56cfeadba0b583fb','prof_s09_pharmacy_56cfeadba0b583fb','Desmond Pharmacy','desmond pharmacy pharmacy chemist drug store medicine nigeria','place_nigeria_001','pharmacy',unixepoch(),unixepoch());
INSERT OR IGNORE INTO seed_ingestion_records (id,seed_run_id,entity_type,entity_id,source_id,status) VALUES ('ir_s09_pharmacy_56cfeadba0b583fb','seed_run_s09_osm_pharmacies_20260502','organization','org_s09_pharmacy_56cfeadba0b583fb','seed_source_osm_pharmacies_ng_20260502','ingested');
INSERT OR IGNORE INTO seed_entity_sources (id,seed_run_id,entity_type,entity_id,source_id,confidence_tier) VALUES ('es_s09_pharmacy_56cfeadba0b583fb','seed_run_s09_osm_pharmacies_20260502','organization','org_s09_pharmacy_56cfeadba0b583fb','seed_source_osm_pharmacies_ng_20260502','seeded');
INSERT OR IGNORE INTO seed_enrichment (id,seed_run_id,entity_type,entity_id,enrichment_type,enrichment_json) VALUES ('enr_s09_pharmacy_56cfeadba0b583fb','seed_run_s09_osm_pharmacies_20260502','organization','org_s09_pharmacy_56cfeadba0b583fb','licence_data','{"osm_id": "8753499228", "amenity": "pharmacy", "addr_state": null, "operator": null, "brand": null}');

INSERT OR IGNORE INTO organizations (id,tenant_id,organization_type,legal_name,display_name,registration_number,status,verification_state,created_at,updated_at) VALUES ('org_s09_pharmacy_220203708fe21c60','tenant_platform_seed','pharmacy','Babu Pharmacy','Babu Pharmacy',NULL,'active','seeded',unixepoch(),unixepoch());
INSERT OR IGNORE INTO profiles (id,subject_id,subject_type,primary_place_id,tenant_id,workspace_id,display_name,created_at,updated_at) VALUES ('prof_s09_pharmacy_220203708fe21c60','org_s09_pharmacy_220203708fe21c60','organization','place_nigeria_001','tenant_platform_seed','workspace_platform_seed_discovery','Babu Pharmacy',unixepoch(),unixepoch());
INSERT OR IGNORE INTO search_entries (id,profile_id,display_name,keywords,ancestry_path,vertical,created_at,updated_at) VALUES ('se_s09_pharmacy_220203708fe21c60','prof_s09_pharmacy_220203708fe21c60','Babu Pharmacy','babu pharmacy pharmacy chemist drug store medicine nigeria','place_nigeria_001','pharmacy',unixepoch(),unixepoch());
INSERT OR IGNORE INTO seed_ingestion_records (id,seed_run_id,entity_type,entity_id,source_id,status) VALUES ('ir_s09_pharmacy_220203708fe21c60','seed_run_s09_osm_pharmacies_20260502','organization','org_s09_pharmacy_220203708fe21c60','seed_source_osm_pharmacies_ng_20260502','ingested');
INSERT OR IGNORE INTO seed_entity_sources (id,seed_run_id,entity_type,entity_id,source_id,confidence_tier) VALUES ('es_s09_pharmacy_220203708fe21c60','seed_run_s09_osm_pharmacies_20260502','organization','org_s09_pharmacy_220203708fe21c60','seed_source_osm_pharmacies_ng_20260502','seeded');
INSERT OR IGNORE INTO seed_enrichment (id,seed_run_id,entity_type,entity_id,enrichment_type,enrichment_json) VALUES ('enr_s09_pharmacy_220203708fe21c60','seed_run_s09_osm_pharmacies_20260502','organization','org_s09_pharmacy_220203708fe21c60','licence_data','{"osm_id": "8753500145", "amenity": "pharmacy", "addr_state": null, "operator": null, "brand": null}');

INSERT OR IGNORE INTO organizations (id,tenant_id,organization_type,legal_name,display_name,registration_number,status,verification_state,created_at,updated_at) VALUES ('org_s09_pharmacy_a74b17c3077672c7','tenant_platform_seed','pharmacy','Romchi Pharmacy','Romchi Pharmacy',NULL,'active','seeded',unixepoch(),unixepoch());
INSERT OR IGNORE INTO profiles (id,subject_id,subject_type,primary_place_id,tenant_id,workspace_id,display_name,created_at,updated_at) VALUES ('prof_s09_pharmacy_a74b17c3077672c7','org_s09_pharmacy_a74b17c3077672c7','organization','place_nigeria_001','tenant_platform_seed','workspace_platform_seed_discovery','Romchi Pharmacy',unixepoch(),unixepoch());
INSERT OR IGNORE INTO search_entries (id,profile_id,display_name,keywords,ancestry_path,vertical,created_at,updated_at) VALUES ('se_s09_pharmacy_a74b17c3077672c7','prof_s09_pharmacy_a74b17c3077672c7','Romchi Pharmacy','romchi pharmacy pharmacy chemist drug store medicine nigeria','place_nigeria_001','pharmacy',unixepoch(),unixepoch());
INSERT OR IGNORE INTO seed_ingestion_records (id,seed_run_id,entity_type,entity_id,source_id,status) VALUES ('ir_s09_pharmacy_a74b17c3077672c7','seed_run_s09_osm_pharmacies_20260502','organization','org_s09_pharmacy_a74b17c3077672c7','seed_source_osm_pharmacies_ng_20260502','ingested');
INSERT OR IGNORE INTO seed_entity_sources (id,seed_run_id,entity_type,entity_id,source_id,confidence_tier) VALUES ('es_s09_pharmacy_a74b17c3077672c7','seed_run_s09_osm_pharmacies_20260502','organization','org_s09_pharmacy_a74b17c3077672c7','seed_source_osm_pharmacies_ng_20260502','seeded');
INSERT OR IGNORE INTO seed_enrichment (id,seed_run_id,entity_type,entity_id,enrichment_type,enrichment_json) VALUES ('enr_s09_pharmacy_a74b17c3077672c7','seed_run_s09_osm_pharmacies_20260502','organization','org_s09_pharmacy_a74b17c3077672c7','licence_data','{"osm_id": "8753503652", "amenity": "pharmacy", "addr_state": null, "operator": null, "brand": null}');

INSERT OR IGNORE INTO organizations (id,tenant_id,organization_type,legal_name,display_name,registration_number,status,verification_state,created_at,updated_at) VALUES ('org_s09_pharmacy_bf2c09f71bc0081e','tenant_platform_seed','pharmacy','Darlington Pharmacy','Darlington Pharmacy',NULL,'active','seeded',unixepoch(),unixepoch());
INSERT OR IGNORE INTO profiles (id,subject_id,subject_type,primary_place_id,tenant_id,workspace_id,display_name,created_at,updated_at) VALUES ('prof_s09_pharmacy_bf2c09f71bc0081e','org_s09_pharmacy_bf2c09f71bc0081e','organization','place_nigeria_001','tenant_platform_seed','workspace_platform_seed_discovery','Darlington Pharmacy',unixepoch(),unixepoch());
INSERT OR IGNORE INTO search_entries (id,profile_id,display_name,keywords,ancestry_path,vertical,created_at,updated_at) VALUES ('se_s09_pharmacy_bf2c09f71bc0081e','prof_s09_pharmacy_bf2c09f71bc0081e','Darlington Pharmacy','darlington pharmacy pharmacy chemist drug store medicine nigeria','place_nigeria_001','pharmacy',unixepoch(),unixepoch());
INSERT OR IGNORE INTO seed_ingestion_records (id,seed_run_id,entity_type,entity_id,source_id,status) VALUES ('ir_s09_pharmacy_bf2c09f71bc0081e','seed_run_s09_osm_pharmacies_20260502','organization','org_s09_pharmacy_bf2c09f71bc0081e','seed_source_osm_pharmacies_ng_20260502','ingested');
INSERT OR IGNORE INTO seed_entity_sources (id,seed_run_id,entity_type,entity_id,source_id,confidence_tier) VALUES ('es_s09_pharmacy_bf2c09f71bc0081e','seed_run_s09_osm_pharmacies_20260502','organization','org_s09_pharmacy_bf2c09f71bc0081e','seed_source_osm_pharmacies_ng_20260502','seeded');
INSERT OR IGNORE INTO seed_enrichment (id,seed_run_id,entity_type,entity_id,enrichment_type,enrichment_json) VALUES ('enr_s09_pharmacy_bf2c09f71bc0081e','seed_run_s09_osm_pharmacies_20260502','organization','org_s09_pharmacy_bf2c09f71bc0081e','licence_data','{"osm_id": "8753536618", "amenity": "pharmacy", "addr_state": null, "operator": null, "brand": null}');

INSERT OR IGNORE INTO organizations (id,tenant_id,organization_type,legal_name,display_name,registration_number,status,verification_state,created_at,updated_at) VALUES ('org_s09_pharmacy_592e7bb7d3f19cb3','tenant_platform_seed','pharmacy','Richard Pharmacy','Richard Pharmacy',NULL,'active','seeded',unixepoch(),unixepoch());
INSERT OR IGNORE INTO profiles (id,subject_id,subject_type,primary_place_id,tenant_id,workspace_id,display_name,created_at,updated_at) VALUES ('prof_s09_pharmacy_592e7bb7d3f19cb3','org_s09_pharmacy_592e7bb7d3f19cb3','organization','place_nigeria_001','tenant_platform_seed','workspace_platform_seed_discovery','Richard Pharmacy',unixepoch(),unixepoch());
INSERT OR IGNORE INTO search_entries (id,profile_id,display_name,keywords,ancestry_path,vertical,created_at,updated_at) VALUES ('se_s09_pharmacy_592e7bb7d3f19cb3','prof_s09_pharmacy_592e7bb7d3f19cb3','Richard Pharmacy','richard pharmacy pharmacy chemist drug store medicine nigeria','place_nigeria_001','pharmacy',unixepoch(),unixepoch());
INSERT OR IGNORE INTO seed_ingestion_records (id,seed_run_id,entity_type,entity_id,source_id,status) VALUES ('ir_s09_pharmacy_592e7bb7d3f19cb3','seed_run_s09_osm_pharmacies_20260502','organization','org_s09_pharmacy_592e7bb7d3f19cb3','seed_source_osm_pharmacies_ng_20260502','ingested');
INSERT OR IGNORE INTO seed_entity_sources (id,seed_run_id,entity_type,entity_id,source_id,confidence_tier) VALUES ('es_s09_pharmacy_592e7bb7d3f19cb3','seed_run_s09_osm_pharmacies_20260502','organization','org_s09_pharmacy_592e7bb7d3f19cb3','seed_source_osm_pharmacies_ng_20260502','seeded');
INSERT OR IGNORE INTO seed_enrichment (id,seed_run_id,entity_type,entity_id,enrichment_type,enrichment_json) VALUES ('enr_s09_pharmacy_592e7bb7d3f19cb3','seed_run_s09_osm_pharmacies_20260502','organization','org_s09_pharmacy_592e7bb7d3f19cb3','licence_data','{"osm_id": "8753550298", "amenity": "pharmacy", "addr_state": null, "operator": null, "brand": null}');

INSERT OR IGNORE INTO organizations (id,tenant_id,organization_type,legal_name,display_name,registration_number,status,verification_state,created_at,updated_at) VALUES ('org_s09_pharmacy_80e0f15277f8983b','tenant_platform_seed','pharmacy','Alvine Pharmacy','Alvine Pharmacy',NULL,'active','seeded',unixepoch(),unixepoch());
INSERT OR IGNORE INTO profiles (id,subject_id,subject_type,primary_place_id,tenant_id,workspace_id,display_name,created_at,updated_at) VALUES ('prof_s09_pharmacy_80e0f15277f8983b','org_s09_pharmacy_80e0f15277f8983b','organization','place_nigeria_001','tenant_platform_seed','workspace_platform_seed_discovery','Alvine Pharmacy',unixepoch(),unixepoch());
INSERT OR IGNORE INTO search_entries (id,profile_id,display_name,keywords,ancestry_path,vertical,created_at,updated_at) VALUES ('se_s09_pharmacy_80e0f15277f8983b','prof_s09_pharmacy_80e0f15277f8983b','Alvine Pharmacy','alvine pharmacy pharmacy chemist drug store medicine nigeria','place_nigeria_001','pharmacy',unixepoch(),unixepoch());
INSERT OR IGNORE INTO seed_ingestion_records (id,seed_run_id,entity_type,entity_id,source_id,status) VALUES ('ir_s09_pharmacy_80e0f15277f8983b','seed_run_s09_osm_pharmacies_20260502','organization','org_s09_pharmacy_80e0f15277f8983b','seed_source_osm_pharmacies_ng_20260502','ingested');
INSERT OR IGNORE INTO seed_entity_sources (id,seed_run_id,entity_type,entity_id,source_id,confidence_tier) VALUES ('es_s09_pharmacy_80e0f15277f8983b','seed_run_s09_osm_pharmacies_20260502','organization','org_s09_pharmacy_80e0f15277f8983b','seed_source_osm_pharmacies_ng_20260502','seeded');
INSERT OR IGNORE INTO seed_enrichment (id,seed_run_id,entity_type,entity_id,enrichment_type,enrichment_json) VALUES ('enr_s09_pharmacy_80e0f15277f8983b','seed_run_s09_osm_pharmacies_20260502','organization','org_s09_pharmacy_80e0f15277f8983b','licence_data','{"osm_id": "8753556554", "amenity": "pharmacy", "addr_state": null, "operator": null, "brand": null}');

INSERT OR IGNORE INTO organizations (id,tenant_id,organization_type,legal_name,display_name,registration_number,status,verification_state,created_at,updated_at) VALUES ('org_s09_pharmacy_828064651286c891','tenant_platform_seed','pharmacy','First Choice Pharmacy','First Choice Pharmacy',NULL,'active','seeded',unixepoch(),unixepoch());
INSERT OR IGNORE INTO profiles (id,subject_id,subject_type,primary_place_id,tenant_id,workspace_id,display_name,created_at,updated_at) VALUES ('prof_s09_pharmacy_828064651286c891','org_s09_pharmacy_828064651286c891','organization','place_nigeria_001','tenant_platform_seed','workspace_platform_seed_discovery','First Choice Pharmacy',unixepoch(),unixepoch());
INSERT OR IGNORE INTO search_entries (id,profile_id,display_name,keywords,ancestry_path,vertical,created_at,updated_at) VALUES ('se_s09_pharmacy_828064651286c891','prof_s09_pharmacy_828064651286c891','First Choice Pharmacy','first choice pharmacy pharmacy chemist drug store medicine nigeria','place_nigeria_001','pharmacy',unixepoch(),unixepoch());
INSERT OR IGNORE INTO seed_ingestion_records (id,seed_run_id,entity_type,entity_id,source_id,status) VALUES ('ir_s09_pharmacy_828064651286c891','seed_run_s09_osm_pharmacies_20260502','organization','org_s09_pharmacy_828064651286c891','seed_source_osm_pharmacies_ng_20260502','ingested');
INSERT OR IGNORE INTO seed_entity_sources (id,seed_run_id,entity_type,entity_id,source_id,confidence_tier) VALUES ('es_s09_pharmacy_828064651286c891','seed_run_s09_osm_pharmacies_20260502','organization','org_s09_pharmacy_828064651286c891','seed_source_osm_pharmacies_ng_20260502','seeded');
INSERT OR IGNORE INTO seed_enrichment (id,seed_run_id,entity_type,entity_id,enrichment_type,enrichment_json) VALUES ('enr_s09_pharmacy_828064651286c891','seed_run_s09_osm_pharmacies_20260502','organization','org_s09_pharmacy_828064651286c891','licence_data','{"osm_id": "8753557940", "amenity": "pharmacy", "addr_state": null, "operator": null, "brand": null}');

INSERT OR IGNORE INTO organizations (id,tenant_id,organization_type,legal_name,display_name,registration_number,status,verification_state,created_at,updated_at) VALUES ('org_s09_pharmacy_ea68c255c46b1f22','tenant_platform_seed','pharmacy','Pauline Medicine Shop','Pauline Medicine Shop',NULL,'active','seeded',unixepoch(),unixepoch());
INSERT OR IGNORE INTO profiles (id,subject_id,subject_type,primary_place_id,tenant_id,workspace_id,display_name,created_at,updated_at) VALUES ('prof_s09_pharmacy_ea68c255c46b1f22','org_s09_pharmacy_ea68c255c46b1f22','organization','place_nigeria_001','tenant_platform_seed','workspace_platform_seed_discovery','Pauline Medicine Shop',unixepoch(),unixepoch());
INSERT OR IGNORE INTO search_entries (id,profile_id,display_name,keywords,ancestry_path,vertical,created_at,updated_at) VALUES ('se_s09_pharmacy_ea68c255c46b1f22','prof_s09_pharmacy_ea68c255c46b1f22','Pauline Medicine Shop','pauline medicine shop pharmacy chemist drug store medicine nigeria','place_nigeria_001','pharmacy',unixepoch(),unixepoch());
INSERT OR IGNORE INTO seed_ingestion_records (id,seed_run_id,entity_type,entity_id,source_id,status) VALUES ('ir_s09_pharmacy_ea68c255c46b1f22','seed_run_s09_osm_pharmacies_20260502','organization','org_s09_pharmacy_ea68c255c46b1f22','seed_source_osm_pharmacies_ng_20260502','ingested');
INSERT OR IGNORE INTO seed_entity_sources (id,seed_run_id,entity_type,entity_id,source_id,confidence_tier) VALUES ('es_s09_pharmacy_ea68c255c46b1f22','seed_run_s09_osm_pharmacies_20260502','organization','org_s09_pharmacy_ea68c255c46b1f22','seed_source_osm_pharmacies_ng_20260502','seeded');
INSERT OR IGNORE INTO seed_enrichment (id,seed_run_id,entity_type,entity_id,enrichment_type,enrichment_json) VALUES ('enr_s09_pharmacy_ea68c255c46b1f22','seed_run_s09_osm_pharmacies_20260502','organization','org_s09_pharmacy_ea68c255c46b1f22','licence_data','{"osm_id": "8753558021", "amenity": "pharmacy", "addr_state": null, "operator": null, "brand": null}');

INSERT OR IGNORE INTO organizations (id,tenant_id,organization_type,legal_name,display_name,registration_number,status,verification_state,created_at,updated_at) VALUES ('org_s09_pharmacy_ec2a5d8faee63a97','tenant_platform_seed','pharmacy','Jonap Pharmacy','Jonap Pharmacy',NULL,'active','seeded',unixepoch(),unixepoch());
INSERT OR IGNORE INTO profiles (id,subject_id,subject_type,primary_place_id,tenant_id,workspace_id,display_name,created_at,updated_at) VALUES ('prof_s09_pharmacy_ec2a5d8faee63a97','org_s09_pharmacy_ec2a5d8faee63a97','organization','place_nigeria_001','tenant_platform_seed','workspace_platform_seed_discovery','Jonap Pharmacy',unixepoch(),unixepoch());
INSERT OR IGNORE INTO search_entries (id,profile_id,display_name,keywords,ancestry_path,vertical,created_at,updated_at) VALUES ('se_s09_pharmacy_ec2a5d8faee63a97','prof_s09_pharmacy_ec2a5d8faee63a97','Jonap Pharmacy','jonap pharmacy pharmacy chemist drug store medicine nigeria','place_nigeria_001','pharmacy',unixepoch(),unixepoch());
INSERT OR IGNORE INTO seed_ingestion_records (id,seed_run_id,entity_type,entity_id,source_id,status) VALUES ('ir_s09_pharmacy_ec2a5d8faee63a97','seed_run_s09_osm_pharmacies_20260502','organization','org_s09_pharmacy_ec2a5d8faee63a97','seed_source_osm_pharmacies_ng_20260502','ingested');
INSERT OR IGNORE INTO seed_entity_sources (id,seed_run_id,entity_type,entity_id,source_id,confidence_tier) VALUES ('es_s09_pharmacy_ec2a5d8faee63a97','seed_run_s09_osm_pharmacies_20260502','organization','org_s09_pharmacy_ec2a5d8faee63a97','seed_source_osm_pharmacies_ng_20260502','seeded');
INSERT OR IGNORE INTO seed_enrichment (id,seed_run_id,entity_type,entity_id,enrichment_type,enrichment_json) VALUES ('enr_s09_pharmacy_ec2a5d8faee63a97','seed_run_s09_osm_pharmacies_20260502','organization','org_s09_pharmacy_ec2a5d8faee63a97','licence_data','{"osm_id": "8753559556", "amenity": "pharmacy", "addr_state": null, "operator": null, "brand": null}');

INSERT OR IGNORE INTO organizations (id,tenant_id,organization_type,legal_name,display_name,registration_number,status,verification_state,created_at,updated_at) VALUES ('org_s09_pharmacy_c9b0d1f9fec4f8e0','tenant_platform_seed','pharmacy','Pharmacy','Pharmacy',NULL,'active','seeded',unixepoch(),unixepoch());
INSERT OR IGNORE INTO profiles (id,subject_id,subject_type,primary_place_id,tenant_id,workspace_id,display_name,created_at,updated_at) VALUES ('prof_s09_pharmacy_c9b0d1f9fec4f8e0','org_s09_pharmacy_c9b0d1f9fec4f8e0','organization','place_nigeria_001','tenant_platform_seed','workspace_platform_seed_discovery','Pharmacy',unixepoch(),unixepoch());
INSERT OR IGNORE INTO search_entries (id,profile_id,display_name,keywords,ancestry_path,vertical,created_at,updated_at) VALUES ('se_s09_pharmacy_c9b0d1f9fec4f8e0','prof_s09_pharmacy_c9b0d1f9fec4f8e0','Pharmacy','pharmacy pharmacy chemist drug store medicine nigeria','place_nigeria_001','pharmacy',unixepoch(),unixepoch());
INSERT OR IGNORE INTO seed_ingestion_records (id,seed_run_id,entity_type,entity_id,source_id,status) VALUES ('ir_s09_pharmacy_c9b0d1f9fec4f8e0','seed_run_s09_osm_pharmacies_20260502','organization','org_s09_pharmacy_c9b0d1f9fec4f8e0','seed_source_osm_pharmacies_ng_20260502','ingested');
INSERT OR IGNORE INTO seed_entity_sources (id,seed_run_id,entity_type,entity_id,source_id,confidence_tier) VALUES ('es_s09_pharmacy_c9b0d1f9fec4f8e0','seed_run_s09_osm_pharmacies_20260502','organization','org_s09_pharmacy_c9b0d1f9fec4f8e0','seed_source_osm_pharmacies_ng_20260502','seeded');
INSERT OR IGNORE INTO seed_enrichment (id,seed_run_id,entity_type,entity_id,enrichment_type,enrichment_json) VALUES ('enr_s09_pharmacy_c9b0d1f9fec4f8e0','seed_run_s09_osm_pharmacies_20260502','organization','org_s09_pharmacy_c9b0d1f9fec4f8e0','licence_data','{"osm_id": "8813139036", "amenity": "pharmacy", "addr_state": null, "operator": null, "brand": null}');

INSERT OR IGNORE INTO organizations (id,tenant_id,organization_type,legal_name,display_name,registration_number,status,verification_state,created_at,updated_at) VALUES ('org_s09_pharmacy_c5a37619d6c1b314','tenant_platform_seed','pharmacy','Allahu Sammad Patent Medicine','Allahu Sammad Patent Medicine',NULL,'active','seeded',unixepoch(),unixepoch());
INSERT OR IGNORE INTO profiles (id,subject_id,subject_type,primary_place_id,tenant_id,workspace_id,display_name,created_at,updated_at) VALUES ('prof_s09_pharmacy_c5a37619d6c1b314','org_s09_pharmacy_c5a37619d6c1b314','organization','place_nigeria_001','tenant_platform_seed','workspace_platform_seed_discovery','Allahu Sammad Patent Medicine',unixepoch(),unixepoch());
INSERT OR IGNORE INTO search_entries (id,profile_id,display_name,keywords,ancestry_path,vertical,created_at,updated_at) VALUES ('se_s09_pharmacy_c5a37619d6c1b314','prof_s09_pharmacy_c5a37619d6c1b314','Allahu Sammad Patent Medicine','allahu sammad patent medicine pharmacy chemist drug store medicine nigeria','place_nigeria_001','pharmacy',unixepoch(),unixepoch());
INSERT OR IGNORE INTO seed_ingestion_records (id,seed_run_id,entity_type,entity_id,source_id,status) VALUES ('ir_s09_pharmacy_c5a37619d6c1b314','seed_run_s09_osm_pharmacies_20260502','organization','org_s09_pharmacy_c5a37619d6c1b314','seed_source_osm_pharmacies_ng_20260502','ingested');
INSERT OR IGNORE INTO seed_entity_sources (id,seed_run_id,entity_type,entity_id,source_id,confidence_tier) VALUES ('es_s09_pharmacy_c5a37619d6c1b314','seed_run_s09_osm_pharmacies_20260502','organization','org_s09_pharmacy_c5a37619d6c1b314','seed_source_osm_pharmacies_ng_20260502','seeded');
INSERT OR IGNORE INTO seed_enrichment (id,seed_run_id,entity_type,entity_id,enrichment_type,enrichment_json) VALUES ('enr_s09_pharmacy_c5a37619d6c1b314','seed_run_s09_osm_pharmacies_20260502','organization','org_s09_pharmacy_c5a37619d6c1b314','licence_data','{"osm_id": "8859853246", "amenity": "pharmacy", "addr_state": null, "operator": null, "brand": null}');

INSERT OR IGNORE INTO organizations (id,tenant_id,organization_type,legal_name,display_name,registration_number,status,verification_state,created_at,updated_at) VALUES ('org_s09_pharmacy_415b482c2ba758eb','tenant_platform_seed','pharmacy','Tommy Patent Store','Tommy Patent Store',NULL,'active','seeded',unixepoch(),unixepoch());
INSERT OR IGNORE INTO profiles (id,subject_id,subject_type,primary_place_id,tenant_id,workspace_id,display_name,created_at,updated_at) VALUES ('prof_s09_pharmacy_415b482c2ba758eb','org_s09_pharmacy_415b482c2ba758eb','organization','place_nigeria_001','tenant_platform_seed','workspace_platform_seed_discovery','Tommy Patent Store',unixepoch(),unixepoch());
INSERT OR IGNORE INTO search_entries (id,profile_id,display_name,keywords,ancestry_path,vertical,created_at,updated_at) VALUES ('se_s09_pharmacy_415b482c2ba758eb','prof_s09_pharmacy_415b482c2ba758eb','Tommy Patent Store','tommy patent store pharmacy chemist drug store medicine nigeria','place_nigeria_001','pharmacy',unixepoch(),unixepoch());
INSERT OR IGNORE INTO seed_ingestion_records (id,seed_run_id,entity_type,entity_id,source_id,status) VALUES ('ir_s09_pharmacy_415b482c2ba758eb','seed_run_s09_osm_pharmacies_20260502','organization','org_s09_pharmacy_415b482c2ba758eb','seed_source_osm_pharmacies_ng_20260502','ingested');
INSERT OR IGNORE INTO seed_entity_sources (id,seed_run_id,entity_type,entity_id,source_id,confidence_tier) VALUES ('es_s09_pharmacy_415b482c2ba758eb','seed_run_s09_osm_pharmacies_20260502','organization','org_s09_pharmacy_415b482c2ba758eb','seed_source_osm_pharmacies_ng_20260502','seeded');
INSERT OR IGNORE INTO seed_enrichment (id,seed_run_id,entity_type,entity_id,enrichment_type,enrichment_json) VALUES ('enr_s09_pharmacy_415b482c2ba758eb','seed_run_s09_osm_pharmacies_20260502','organization','org_s09_pharmacy_415b482c2ba758eb','licence_data','{"osm_id": "8859853247", "amenity": "pharmacy", "addr_state": null, "operator": null, "brand": null}');

INSERT OR IGNORE INTO organizations (id,tenant_id,organization_type,legal_name,display_name,registration_number,status,verification_state,created_at,updated_at) VALUES ('org_s09_pharmacy_b80e8bab527abe11','tenant_platform_seed','pharmacy','God''s Power Health Centre','God''s Power Health Centre',NULL,'active','seeded',unixepoch(),unixepoch());
INSERT OR IGNORE INTO profiles (id,subject_id,subject_type,primary_place_id,tenant_id,workspace_id,display_name,created_at,updated_at) VALUES ('prof_s09_pharmacy_b80e8bab527abe11','org_s09_pharmacy_b80e8bab527abe11','organization','place_nigeria_001','tenant_platform_seed','workspace_platform_seed_discovery','God''s Power Health Centre',unixepoch(),unixepoch());
INSERT OR IGNORE INTO search_entries (id,profile_id,display_name,keywords,ancestry_path,vertical,created_at,updated_at) VALUES ('se_s09_pharmacy_b80e8bab527abe11','prof_s09_pharmacy_b80e8bab527abe11','God''s Power Health Centre','god''s power health centre pharmacy chemist drug store medicine nigeria','place_nigeria_001','pharmacy',unixepoch(),unixepoch());
INSERT OR IGNORE INTO seed_ingestion_records (id,seed_run_id,entity_type,entity_id,source_id,status) VALUES ('ir_s09_pharmacy_b80e8bab527abe11','seed_run_s09_osm_pharmacies_20260502','organization','org_s09_pharmacy_b80e8bab527abe11','seed_source_osm_pharmacies_ng_20260502','ingested');
INSERT OR IGNORE INTO seed_entity_sources (id,seed_run_id,entity_type,entity_id,source_id,confidence_tier) VALUES ('es_s09_pharmacy_b80e8bab527abe11','seed_run_s09_osm_pharmacies_20260502','organization','org_s09_pharmacy_b80e8bab527abe11','seed_source_osm_pharmacies_ng_20260502','seeded');
INSERT OR IGNORE INTO seed_enrichment (id,seed_run_id,entity_type,entity_id,enrichment_type,enrichment_json) VALUES ('enr_s09_pharmacy_b80e8bab527abe11','seed_run_s09_osm_pharmacies_20260502','organization','org_s09_pharmacy_b80e8bab527abe11','licence_data','{"osm_id": "8859853248", "amenity": "pharmacy", "addr_state": null, "operator": null, "brand": null}');

INSERT OR IGNORE INTO organizations (id,tenant_id,organization_type,legal_name,display_name,registration_number,status,verification_state,created_at,updated_at) VALUES ('org_s09_pharmacy_d242e198152886b1','tenant_platform_seed','pharmacy','Assamad Medicine Store','Assamad Medicine Store',NULL,'active','seeded',unixepoch(),unixepoch());
INSERT OR IGNORE INTO profiles (id,subject_id,subject_type,primary_place_id,tenant_id,workspace_id,display_name,created_at,updated_at) VALUES ('prof_s09_pharmacy_d242e198152886b1','org_s09_pharmacy_d242e198152886b1','organization','place_nigeria_001','tenant_platform_seed','workspace_platform_seed_discovery','Assamad Medicine Store',unixepoch(),unixepoch());
INSERT OR IGNORE INTO search_entries (id,profile_id,display_name,keywords,ancestry_path,vertical,created_at,updated_at) VALUES ('se_s09_pharmacy_d242e198152886b1','prof_s09_pharmacy_d242e198152886b1','Assamad Medicine Store','assamad medicine store pharmacy chemist drug store medicine nigeria','place_nigeria_001','pharmacy',unixepoch(),unixepoch());
INSERT OR IGNORE INTO seed_ingestion_records (id,seed_run_id,entity_type,entity_id,source_id,status) VALUES ('ir_s09_pharmacy_d242e198152886b1','seed_run_s09_osm_pharmacies_20260502','organization','org_s09_pharmacy_d242e198152886b1','seed_source_osm_pharmacies_ng_20260502','ingested');
INSERT OR IGNORE INTO seed_entity_sources (id,seed_run_id,entity_type,entity_id,source_id,confidence_tier) VALUES ('es_s09_pharmacy_d242e198152886b1','seed_run_s09_osm_pharmacies_20260502','organization','org_s09_pharmacy_d242e198152886b1','seed_source_osm_pharmacies_ng_20260502','seeded');
INSERT OR IGNORE INTO seed_enrichment (id,seed_run_id,entity_type,entity_id,enrichment_type,enrichment_json) VALUES ('enr_s09_pharmacy_d242e198152886b1','seed_run_s09_osm_pharmacies_20260502','organization','org_s09_pharmacy_d242e198152886b1','licence_data','{"osm_id": "8859853249", "amenity": "pharmacy", "addr_state": null, "operator": null, "brand": null}');

INSERT OR IGNORE INTO organizations (id,tenant_id,organization_type,legal_name,display_name,registration_number,status,verification_state,created_at,updated_at) VALUES ('org_s09_pharmacy_2f1400c925b9adbe','tenant_platform_seed','pharmacy','B.B Omoniyi Patent Medicine Store','B.B Omoniyi Patent Medicine Store',NULL,'active','seeded',unixepoch(),unixepoch());
INSERT OR IGNORE INTO profiles (id,subject_id,subject_type,primary_place_id,tenant_id,workspace_id,display_name,created_at,updated_at) VALUES ('prof_s09_pharmacy_2f1400c925b9adbe','org_s09_pharmacy_2f1400c925b9adbe','organization','place_nigeria_001','tenant_platform_seed','workspace_platform_seed_discovery','B.B Omoniyi Patent Medicine Store',unixepoch(),unixepoch());
INSERT OR IGNORE INTO search_entries (id,profile_id,display_name,keywords,ancestry_path,vertical,created_at,updated_at) VALUES ('se_s09_pharmacy_2f1400c925b9adbe','prof_s09_pharmacy_2f1400c925b9adbe','B.B Omoniyi Patent Medicine Store','b.b omoniyi patent medicine store pharmacy chemist drug store medicine nigeria','place_nigeria_001','pharmacy',unixepoch(),unixepoch());
INSERT OR IGNORE INTO seed_ingestion_records (id,seed_run_id,entity_type,entity_id,source_id,status) VALUES ('ir_s09_pharmacy_2f1400c925b9adbe','seed_run_s09_osm_pharmacies_20260502','organization','org_s09_pharmacy_2f1400c925b9adbe','seed_source_osm_pharmacies_ng_20260502','ingested');
INSERT OR IGNORE INTO seed_entity_sources (id,seed_run_id,entity_type,entity_id,source_id,confidence_tier) VALUES ('es_s09_pharmacy_2f1400c925b9adbe','seed_run_s09_osm_pharmacies_20260502','organization','org_s09_pharmacy_2f1400c925b9adbe','seed_source_osm_pharmacies_ng_20260502','seeded');
INSERT OR IGNORE INTO seed_enrichment (id,seed_run_id,entity_type,entity_id,enrichment_type,enrichment_json) VALUES ('enr_s09_pharmacy_2f1400c925b9adbe','seed_run_s09_osm_pharmacies_20260502','organization','org_s09_pharmacy_2f1400c925b9adbe','licence_data','{"osm_id": "8859853250", "amenity": "pharmacy", "addr_state": null, "operator": null, "brand": null}');

INSERT OR IGNORE INTO organizations (id,tenant_id,organization_type,legal_name,display_name,registration_number,status,verification_state,created_at,updated_at) VALUES ('org_s09_pharmacy_08262233b040e16a','tenant_platform_seed','pharmacy','Bidemi Medicine Store','Bidemi Medicine Store',NULL,'active','seeded',unixepoch(),unixepoch());
INSERT OR IGNORE INTO profiles (id,subject_id,subject_type,primary_place_id,tenant_id,workspace_id,display_name,created_at,updated_at) VALUES ('prof_s09_pharmacy_08262233b040e16a','org_s09_pharmacy_08262233b040e16a','organization','place_nigeria_001','tenant_platform_seed','workspace_platform_seed_discovery','Bidemi Medicine Store',unixepoch(),unixepoch());
INSERT OR IGNORE INTO search_entries (id,profile_id,display_name,keywords,ancestry_path,vertical,created_at,updated_at) VALUES ('se_s09_pharmacy_08262233b040e16a','prof_s09_pharmacy_08262233b040e16a','Bidemi Medicine Store','bidemi medicine store pharmacy chemist drug store medicine nigeria','place_nigeria_001','pharmacy',unixepoch(),unixepoch());
INSERT OR IGNORE INTO seed_ingestion_records (id,seed_run_id,entity_type,entity_id,source_id,status) VALUES ('ir_s09_pharmacy_08262233b040e16a','seed_run_s09_osm_pharmacies_20260502','organization','org_s09_pharmacy_08262233b040e16a','seed_source_osm_pharmacies_ng_20260502','ingested');
INSERT OR IGNORE INTO seed_entity_sources (id,seed_run_id,entity_type,entity_id,source_id,confidence_tier) VALUES ('es_s09_pharmacy_08262233b040e16a','seed_run_s09_osm_pharmacies_20260502','organization','org_s09_pharmacy_08262233b040e16a','seed_source_osm_pharmacies_ng_20260502','seeded');
INSERT OR IGNORE INTO seed_enrichment (id,seed_run_id,entity_type,entity_id,enrichment_type,enrichment_json) VALUES ('enr_s09_pharmacy_08262233b040e16a','seed_run_s09_osm_pharmacies_20260502','organization','org_s09_pharmacy_08262233b040e16a','licence_data','{"osm_id": "8859853251", "amenity": "pharmacy", "addr_state": null, "operator": null, "brand": null}');

INSERT OR IGNORE INTO organizations (id,tenant_id,organization_type,legal_name,display_name,registration_number,status,verification_state,created_at,updated_at) VALUES ('org_s09_pharmacy_ccc4c41388b39b23','tenant_platform_seed','pharmacy','Adex Patent Medicine Store','Adex Patent Medicine Store',NULL,'active','seeded',unixepoch(),unixepoch());
INSERT OR IGNORE INTO profiles (id,subject_id,subject_type,primary_place_id,tenant_id,workspace_id,display_name,created_at,updated_at) VALUES ('prof_s09_pharmacy_ccc4c41388b39b23','org_s09_pharmacy_ccc4c41388b39b23','organization','place_nigeria_001','tenant_platform_seed','workspace_platform_seed_discovery','Adex Patent Medicine Store',unixepoch(),unixepoch());
INSERT OR IGNORE INTO search_entries (id,profile_id,display_name,keywords,ancestry_path,vertical,created_at,updated_at) VALUES ('se_s09_pharmacy_ccc4c41388b39b23','prof_s09_pharmacy_ccc4c41388b39b23','Adex Patent Medicine Store','adex patent medicine store pharmacy chemist drug store medicine nigeria','place_nigeria_001','pharmacy',unixepoch(),unixepoch());
INSERT OR IGNORE INTO seed_ingestion_records (id,seed_run_id,entity_type,entity_id,source_id,status) VALUES ('ir_s09_pharmacy_ccc4c41388b39b23','seed_run_s09_osm_pharmacies_20260502','organization','org_s09_pharmacy_ccc4c41388b39b23','seed_source_osm_pharmacies_ng_20260502','ingested');
INSERT OR IGNORE INTO seed_entity_sources (id,seed_run_id,entity_type,entity_id,source_id,confidence_tier) VALUES ('es_s09_pharmacy_ccc4c41388b39b23','seed_run_s09_osm_pharmacies_20260502','organization','org_s09_pharmacy_ccc4c41388b39b23','seed_source_osm_pharmacies_ng_20260502','seeded');
INSERT OR IGNORE INTO seed_enrichment (id,seed_run_id,entity_type,entity_id,enrichment_type,enrichment_json) VALUES ('enr_s09_pharmacy_ccc4c41388b39b23','seed_run_s09_osm_pharmacies_20260502','organization','org_s09_pharmacy_ccc4c41388b39b23','licence_data','{"osm_id": "8859853252", "amenity": "pharmacy", "addr_state": null, "operator": null, "brand": null}');

INSERT OR IGNORE INTO organizations (id,tenant_id,organization_type,legal_name,display_name,registration_number,status,verification_state,created_at,updated_at) VALUES ('org_s09_pharmacy_955f4369782a2c9d','tenant_platform_seed','pharmacy','IfeOluwa Patent Medicine','IfeOluwa Patent Medicine',NULL,'active','seeded',unixepoch(),unixepoch());
INSERT OR IGNORE INTO profiles (id,subject_id,subject_type,primary_place_id,tenant_id,workspace_id,display_name,created_at,updated_at) VALUES ('prof_s09_pharmacy_955f4369782a2c9d','org_s09_pharmacy_955f4369782a2c9d','organization','place_nigeria_001','tenant_platform_seed','workspace_platform_seed_discovery','IfeOluwa Patent Medicine',unixepoch(),unixepoch());
INSERT OR IGNORE INTO search_entries (id,profile_id,display_name,keywords,ancestry_path,vertical,created_at,updated_at) VALUES ('se_s09_pharmacy_955f4369782a2c9d','prof_s09_pharmacy_955f4369782a2c9d','IfeOluwa Patent Medicine','ifeoluwa patent medicine pharmacy chemist drug store medicine nigeria','place_nigeria_001','pharmacy',unixepoch(),unixepoch());
INSERT OR IGNORE INTO seed_ingestion_records (id,seed_run_id,entity_type,entity_id,source_id,status) VALUES ('ir_s09_pharmacy_955f4369782a2c9d','seed_run_s09_osm_pharmacies_20260502','organization','org_s09_pharmacy_955f4369782a2c9d','seed_source_osm_pharmacies_ng_20260502','ingested');
INSERT OR IGNORE INTO seed_entity_sources (id,seed_run_id,entity_type,entity_id,source_id,confidence_tier) VALUES ('es_s09_pharmacy_955f4369782a2c9d','seed_run_s09_osm_pharmacies_20260502','organization','org_s09_pharmacy_955f4369782a2c9d','seed_source_osm_pharmacies_ng_20260502','seeded');
INSERT OR IGNORE INTO seed_enrichment (id,seed_run_id,entity_type,entity_id,enrichment_type,enrichment_json) VALUES ('enr_s09_pharmacy_955f4369782a2c9d','seed_run_s09_osm_pharmacies_20260502','organization','org_s09_pharmacy_955f4369782a2c9d','licence_data','{"osm_id": "8859853253", "amenity": "pharmacy", "addr_state": null, "operator": null, "brand": null}');

INSERT OR IGNORE INTO organizations (id,tenant_id,organization_type,legal_name,display_name,registration_number,status,verification_state,created_at,updated_at) VALUES ('org_s09_pharmacy_fbba26ae2ef01baf','tenant_platform_seed','pharmacy','Hasbuna Ilahu Patent Medicine Store','Hasbuna Ilahu Patent Medicine Store',NULL,'active','seeded',unixepoch(),unixepoch());
INSERT OR IGNORE INTO profiles (id,subject_id,subject_type,primary_place_id,tenant_id,workspace_id,display_name,created_at,updated_at) VALUES ('prof_s09_pharmacy_fbba26ae2ef01baf','org_s09_pharmacy_fbba26ae2ef01baf','organization','place_nigeria_001','tenant_platform_seed','workspace_platform_seed_discovery','Hasbuna Ilahu Patent Medicine Store',unixepoch(),unixepoch());
INSERT OR IGNORE INTO search_entries (id,profile_id,display_name,keywords,ancestry_path,vertical,created_at,updated_at) VALUES ('se_s09_pharmacy_fbba26ae2ef01baf','prof_s09_pharmacy_fbba26ae2ef01baf','Hasbuna Ilahu Patent Medicine Store','hasbuna ilahu patent medicine store pharmacy chemist drug store medicine nigeria','place_nigeria_001','pharmacy',unixepoch(),unixepoch());
INSERT OR IGNORE INTO seed_ingestion_records (id,seed_run_id,entity_type,entity_id,source_id,status) VALUES ('ir_s09_pharmacy_fbba26ae2ef01baf','seed_run_s09_osm_pharmacies_20260502','organization','org_s09_pharmacy_fbba26ae2ef01baf','seed_source_osm_pharmacies_ng_20260502','ingested');
INSERT OR IGNORE INTO seed_entity_sources (id,seed_run_id,entity_type,entity_id,source_id,confidence_tier) VALUES ('es_s09_pharmacy_fbba26ae2ef01baf','seed_run_s09_osm_pharmacies_20260502','organization','org_s09_pharmacy_fbba26ae2ef01baf','seed_source_osm_pharmacies_ng_20260502','seeded');
INSERT OR IGNORE INTO seed_enrichment (id,seed_run_id,entity_type,entity_id,enrichment_type,enrichment_json) VALUES ('enr_s09_pharmacy_fbba26ae2ef01baf','seed_run_s09_osm_pharmacies_20260502','organization','org_s09_pharmacy_fbba26ae2ef01baf','licence_data','{"osm_id": "8859853254", "amenity": "pharmacy", "addr_state": null, "operator": null, "brand": null}');

INSERT OR IGNORE INTO organizations (id,tenant_id,organization_type,legal_name,display_name,registration_number,status,verification_state,created_at,updated_at) VALUES ('org_s09_pharmacy_0316baf1bad98405','tenant_platform_seed','pharmacy','His Grace Patent Medicine Store','His Grace Patent Medicine Store',NULL,'active','seeded',unixepoch(),unixepoch());
INSERT OR IGNORE INTO profiles (id,subject_id,subject_type,primary_place_id,tenant_id,workspace_id,display_name,created_at,updated_at) VALUES ('prof_s09_pharmacy_0316baf1bad98405','org_s09_pharmacy_0316baf1bad98405','organization','place_nigeria_001','tenant_platform_seed','workspace_platform_seed_discovery','His Grace Patent Medicine Store',unixepoch(),unixepoch());
INSERT OR IGNORE INTO search_entries (id,profile_id,display_name,keywords,ancestry_path,vertical,created_at,updated_at) VALUES ('se_s09_pharmacy_0316baf1bad98405','prof_s09_pharmacy_0316baf1bad98405','His Grace Patent Medicine Store','his grace patent medicine store pharmacy chemist drug store medicine nigeria','place_nigeria_001','pharmacy',unixepoch(),unixepoch());
INSERT OR IGNORE INTO seed_ingestion_records (id,seed_run_id,entity_type,entity_id,source_id,status) VALUES ('ir_s09_pharmacy_0316baf1bad98405','seed_run_s09_osm_pharmacies_20260502','organization','org_s09_pharmacy_0316baf1bad98405','seed_source_osm_pharmacies_ng_20260502','ingested');
INSERT OR IGNORE INTO seed_entity_sources (id,seed_run_id,entity_type,entity_id,source_id,confidence_tier) VALUES ('es_s09_pharmacy_0316baf1bad98405','seed_run_s09_osm_pharmacies_20260502','organization','org_s09_pharmacy_0316baf1bad98405','seed_source_osm_pharmacies_ng_20260502','seeded');
INSERT OR IGNORE INTO seed_enrichment (id,seed_run_id,entity_type,entity_id,enrichment_type,enrichment_json) VALUES ('enr_s09_pharmacy_0316baf1bad98405','seed_run_s09_osm_pharmacies_20260502','organization','org_s09_pharmacy_0316baf1bad98405','licence_data','{"osm_id": "8865672305", "amenity": "pharmacy", "addr_state": null, "operator": null, "brand": null}');

INSERT OR IGNORE INTO organizations (id,tenant_id,organization_type,legal_name,display_name,registration_number,status,verification_state,created_at,updated_at) VALUES ('org_s09_pharmacy_0dba6407fb70a56c','tenant_platform_seed','pharmacy','Funmak Medicine Store','Funmak Medicine Store',NULL,'active','seeded',unixepoch(),unixepoch());
INSERT OR IGNORE INTO profiles (id,subject_id,subject_type,primary_place_id,tenant_id,workspace_id,display_name,created_at,updated_at) VALUES ('prof_s09_pharmacy_0dba6407fb70a56c','org_s09_pharmacy_0dba6407fb70a56c','organization','place_nigeria_001','tenant_platform_seed','workspace_platform_seed_discovery','Funmak Medicine Store',unixepoch(),unixepoch());
INSERT OR IGNORE INTO search_entries (id,profile_id,display_name,keywords,ancestry_path,vertical,created_at,updated_at) VALUES ('se_s09_pharmacy_0dba6407fb70a56c','prof_s09_pharmacy_0dba6407fb70a56c','Funmak Medicine Store','funmak medicine store pharmacy chemist drug store medicine nigeria','place_nigeria_001','pharmacy',unixepoch(),unixepoch());
INSERT OR IGNORE INTO seed_ingestion_records (id,seed_run_id,entity_type,entity_id,source_id,status) VALUES ('ir_s09_pharmacy_0dba6407fb70a56c','seed_run_s09_osm_pharmacies_20260502','organization','org_s09_pharmacy_0dba6407fb70a56c','seed_source_osm_pharmacies_ng_20260502','ingested');
INSERT OR IGNORE INTO seed_entity_sources (id,seed_run_id,entity_type,entity_id,source_id,confidence_tier) VALUES ('es_s09_pharmacy_0dba6407fb70a56c','seed_run_s09_osm_pharmacies_20260502','organization','org_s09_pharmacy_0dba6407fb70a56c','seed_source_osm_pharmacies_ng_20260502','seeded');
INSERT OR IGNORE INTO seed_enrichment (id,seed_run_id,entity_type,entity_id,enrichment_type,enrichment_json) VALUES ('enr_s09_pharmacy_0dba6407fb70a56c','seed_run_s09_osm_pharmacies_20260502','organization','org_s09_pharmacy_0dba6407fb70a56c','licence_data','{"osm_id": "8865672306", "amenity": "pharmacy", "addr_state": null, "operator": null, "brand": null}');

INSERT OR IGNORE INTO organizations (id,tenant_id,organization_type,legal_name,display_name,registration_number,status,verification_state,created_at,updated_at) VALUES ('org_s09_pharmacy_3fd8cdf43ccb1210','tenant_platform_seed','pharmacy','Salaam Kaula Patent Medicine Store','Salaam Kaula Patent Medicine Store',NULL,'active','seeded',unixepoch(),unixepoch());
INSERT OR IGNORE INTO profiles (id,subject_id,subject_type,primary_place_id,tenant_id,workspace_id,display_name,created_at,updated_at) VALUES ('prof_s09_pharmacy_3fd8cdf43ccb1210','org_s09_pharmacy_3fd8cdf43ccb1210','organization','place_nigeria_001','tenant_platform_seed','workspace_platform_seed_discovery','Salaam Kaula Patent Medicine Store',unixepoch(),unixepoch());
INSERT OR IGNORE INTO search_entries (id,profile_id,display_name,keywords,ancestry_path,vertical,created_at,updated_at) VALUES ('se_s09_pharmacy_3fd8cdf43ccb1210','prof_s09_pharmacy_3fd8cdf43ccb1210','Salaam Kaula Patent Medicine Store','salaam kaula patent medicine store pharmacy chemist drug store medicine nigeria','place_nigeria_001','pharmacy',unixepoch(),unixepoch());
INSERT OR IGNORE INTO seed_ingestion_records (id,seed_run_id,entity_type,entity_id,source_id,status) VALUES ('ir_s09_pharmacy_3fd8cdf43ccb1210','seed_run_s09_osm_pharmacies_20260502','organization','org_s09_pharmacy_3fd8cdf43ccb1210','seed_source_osm_pharmacies_ng_20260502','ingested');
INSERT OR IGNORE INTO seed_entity_sources (id,seed_run_id,entity_type,entity_id,source_id,confidence_tier) VALUES ('es_s09_pharmacy_3fd8cdf43ccb1210','seed_run_s09_osm_pharmacies_20260502','organization','org_s09_pharmacy_3fd8cdf43ccb1210','seed_source_osm_pharmacies_ng_20260502','seeded');
INSERT OR IGNORE INTO seed_enrichment (id,seed_run_id,entity_type,entity_id,enrichment_type,enrichment_json) VALUES ('enr_s09_pharmacy_3fd8cdf43ccb1210','seed_run_s09_osm_pharmacies_20260502','organization','org_s09_pharmacy_3fd8cdf43ccb1210','licence_data','{"osm_id": "8865672307", "amenity": "pharmacy", "addr_state": null, "operator": null, "brand": null}');

INSERT OR IGNORE INTO organizations (id,tenant_id,organization_type,legal_name,display_name,registration_number,status,verification_state,created_at,updated_at) VALUES ('org_s09_pharmacy_cec2854da681dbb0','tenant_platform_seed','pharmacy','Idera Oluwa Patent Medicine Store','Idera Oluwa Patent Medicine Store',NULL,'active','seeded',unixepoch(),unixepoch());
INSERT OR IGNORE INTO profiles (id,subject_id,subject_type,primary_place_id,tenant_id,workspace_id,display_name,created_at,updated_at) VALUES ('prof_s09_pharmacy_cec2854da681dbb0','org_s09_pharmacy_cec2854da681dbb0','organization','place_nigeria_001','tenant_platform_seed','workspace_platform_seed_discovery','Idera Oluwa Patent Medicine Store',unixepoch(),unixepoch());
INSERT OR IGNORE INTO search_entries (id,profile_id,display_name,keywords,ancestry_path,vertical,created_at,updated_at) VALUES ('se_s09_pharmacy_cec2854da681dbb0','prof_s09_pharmacy_cec2854da681dbb0','Idera Oluwa Patent Medicine Store','idera oluwa patent medicine store pharmacy chemist drug store medicine nigeria','place_nigeria_001','pharmacy',unixepoch(),unixepoch());
INSERT OR IGNORE INTO seed_ingestion_records (id,seed_run_id,entity_type,entity_id,source_id,status) VALUES ('ir_s09_pharmacy_cec2854da681dbb0','seed_run_s09_osm_pharmacies_20260502','organization','org_s09_pharmacy_cec2854da681dbb0','seed_source_osm_pharmacies_ng_20260502','ingested');
INSERT OR IGNORE INTO seed_entity_sources (id,seed_run_id,entity_type,entity_id,source_id,confidence_tier) VALUES ('es_s09_pharmacy_cec2854da681dbb0','seed_run_s09_osm_pharmacies_20260502','organization','org_s09_pharmacy_cec2854da681dbb0','seed_source_osm_pharmacies_ng_20260502','seeded');
INSERT OR IGNORE INTO seed_enrichment (id,seed_run_id,entity_type,entity_id,enrichment_type,enrichment_json) VALUES ('enr_s09_pharmacy_cec2854da681dbb0','seed_run_s09_osm_pharmacies_20260502','organization','org_s09_pharmacy_cec2854da681dbb0','licence_data','{"osm_id": "8865672308", "amenity": "pharmacy", "addr_state": null, "operator": null, "brand": null}');

INSERT OR IGNORE INTO organizations (id,tenant_id,organization_type,legal_name,display_name,registration_number,status,verification_state,created_at,updated_at) VALUES ('org_s09_pharmacy_79cbeb6aa0d5f1f8','tenant_platform_seed','pharmacy','Ifey Patent Medicine Store','Ifey Patent Medicine Store',NULL,'active','seeded',unixepoch(),unixepoch());
INSERT OR IGNORE INTO profiles (id,subject_id,subject_type,primary_place_id,tenant_id,workspace_id,display_name,created_at,updated_at) VALUES ('prof_s09_pharmacy_79cbeb6aa0d5f1f8','org_s09_pharmacy_79cbeb6aa0d5f1f8','organization','place_nigeria_001','tenant_platform_seed','workspace_platform_seed_discovery','Ifey Patent Medicine Store',unixepoch(),unixepoch());
INSERT OR IGNORE INTO search_entries (id,profile_id,display_name,keywords,ancestry_path,vertical,created_at,updated_at) VALUES ('se_s09_pharmacy_79cbeb6aa0d5f1f8','prof_s09_pharmacy_79cbeb6aa0d5f1f8','Ifey Patent Medicine Store','ifey patent medicine store pharmacy chemist drug store medicine nigeria','place_nigeria_001','pharmacy',unixepoch(),unixepoch());
INSERT OR IGNORE INTO seed_ingestion_records (id,seed_run_id,entity_type,entity_id,source_id,status) VALUES ('ir_s09_pharmacy_79cbeb6aa0d5f1f8','seed_run_s09_osm_pharmacies_20260502','organization','org_s09_pharmacy_79cbeb6aa0d5f1f8','seed_source_osm_pharmacies_ng_20260502','ingested');
INSERT OR IGNORE INTO seed_entity_sources (id,seed_run_id,entity_type,entity_id,source_id,confidence_tier) VALUES ('es_s09_pharmacy_79cbeb6aa0d5f1f8','seed_run_s09_osm_pharmacies_20260502','organization','org_s09_pharmacy_79cbeb6aa0d5f1f8','seed_source_osm_pharmacies_ng_20260502','seeded');
INSERT OR IGNORE INTO seed_enrichment (id,seed_run_id,entity_type,entity_id,enrichment_type,enrichment_json) VALUES ('enr_s09_pharmacy_79cbeb6aa0d5f1f8','seed_run_s09_osm_pharmacies_20260502','organization','org_s09_pharmacy_79cbeb6aa0d5f1f8','licence_data','{"osm_id": "8865672309", "amenity": "pharmacy", "addr_state": null, "operator": null, "brand": null}');

INSERT OR IGNORE INTO organizations (id,tenant_id,organization_type,legal_name,display_name,registration_number,status,verification_state,created_at,updated_at) VALUES ('org_s09_pharmacy_aaea27943efd4a57','tenant_platform_seed','pharmacy','Alnur Patent Medicine and Store (Ventures)','Alnur Patent Medicine and Store (Ventures)',NULL,'active','seeded',unixepoch(),unixepoch());
INSERT OR IGNORE INTO profiles (id,subject_id,subject_type,primary_place_id,tenant_id,workspace_id,display_name,created_at,updated_at) VALUES ('prof_s09_pharmacy_aaea27943efd4a57','org_s09_pharmacy_aaea27943efd4a57','organization','place_nigeria_001','tenant_platform_seed','workspace_platform_seed_discovery','Alnur Patent Medicine and Store (Ventures)',unixepoch(),unixepoch());
INSERT OR IGNORE INTO search_entries (id,profile_id,display_name,keywords,ancestry_path,vertical,created_at,updated_at) VALUES ('se_s09_pharmacy_aaea27943efd4a57','prof_s09_pharmacy_aaea27943efd4a57','Alnur Patent Medicine and Store (Ventures)','alnur patent medicine and store (ventures) pharmacy chemist drug store medicine nigeria','place_nigeria_001','pharmacy',unixepoch(),unixepoch());
INSERT OR IGNORE INTO seed_ingestion_records (id,seed_run_id,entity_type,entity_id,source_id,status) VALUES ('ir_s09_pharmacy_aaea27943efd4a57','seed_run_s09_osm_pharmacies_20260502','organization','org_s09_pharmacy_aaea27943efd4a57','seed_source_osm_pharmacies_ng_20260502','ingested');
INSERT OR IGNORE INTO seed_entity_sources (id,seed_run_id,entity_type,entity_id,source_id,confidence_tier) VALUES ('es_s09_pharmacy_aaea27943efd4a57','seed_run_s09_osm_pharmacies_20260502','organization','org_s09_pharmacy_aaea27943efd4a57','seed_source_osm_pharmacies_ng_20260502','seeded');
INSERT OR IGNORE INTO seed_enrichment (id,seed_run_id,entity_type,entity_id,enrichment_type,enrichment_json) VALUES ('enr_s09_pharmacy_aaea27943efd4a57','seed_run_s09_osm_pharmacies_20260502','organization','org_s09_pharmacy_aaea27943efd4a57','licence_data','{"osm_id": "8865672310", "amenity": "pharmacy", "addr_state": null, "operator": null, "brand": null}');

INSERT OR IGNORE INTO organizations (id,tenant_id,organization_type,legal_name,display_name,registration_number,status,verification_state,created_at,updated_at) VALUES ('org_s09_pharmacy_52d78d3f45adba59','tenant_platform_seed','pharmacy','Yisau Patent Medicine Store','Yisau Patent Medicine Store',NULL,'active','seeded',unixepoch(),unixepoch());
INSERT OR IGNORE INTO profiles (id,subject_id,subject_type,primary_place_id,tenant_id,workspace_id,display_name,created_at,updated_at) VALUES ('prof_s09_pharmacy_52d78d3f45adba59','org_s09_pharmacy_52d78d3f45adba59','organization','place_nigeria_001','tenant_platform_seed','workspace_platform_seed_discovery','Yisau Patent Medicine Store',unixepoch(),unixepoch());
INSERT OR IGNORE INTO search_entries (id,profile_id,display_name,keywords,ancestry_path,vertical,created_at,updated_at) VALUES ('se_s09_pharmacy_52d78d3f45adba59','prof_s09_pharmacy_52d78d3f45adba59','Yisau Patent Medicine Store','yisau patent medicine store pharmacy chemist drug store medicine nigeria','place_nigeria_001','pharmacy',unixepoch(),unixepoch());
INSERT OR IGNORE INTO seed_ingestion_records (id,seed_run_id,entity_type,entity_id,source_id,status) VALUES ('ir_s09_pharmacy_52d78d3f45adba59','seed_run_s09_osm_pharmacies_20260502','organization','org_s09_pharmacy_52d78d3f45adba59','seed_source_osm_pharmacies_ng_20260502','ingested');
INSERT OR IGNORE INTO seed_entity_sources (id,seed_run_id,entity_type,entity_id,source_id,confidence_tier) VALUES ('es_s09_pharmacy_52d78d3f45adba59','seed_run_s09_osm_pharmacies_20260502','organization','org_s09_pharmacy_52d78d3f45adba59','seed_source_osm_pharmacies_ng_20260502','seeded');
INSERT OR IGNORE INTO seed_enrichment (id,seed_run_id,entity_type,entity_id,enrichment_type,enrichment_json) VALUES ('enr_s09_pharmacy_52d78d3f45adba59','seed_run_s09_osm_pharmacies_20260502','organization','org_s09_pharmacy_52d78d3f45adba59','licence_data','{"osm_id": "8865672311", "amenity": "pharmacy", "addr_state": null, "operator": null, "brand": null}');

INSERT OR IGNORE INTO organizations (id,tenant_id,organization_type,legal_name,display_name,registration_number,status,verification_state,created_at,updated_at) VALUES ('org_s09_pharmacy_ee0b38e7bd8ccec5','tenant_platform_seed','pharmacy','Warafanau Patent Medicine Store','Warafanau Patent Medicine Store',NULL,'active','seeded',unixepoch(),unixepoch());
INSERT OR IGNORE INTO profiles (id,subject_id,subject_type,primary_place_id,tenant_id,workspace_id,display_name,created_at,updated_at) VALUES ('prof_s09_pharmacy_ee0b38e7bd8ccec5','org_s09_pharmacy_ee0b38e7bd8ccec5','organization','place_nigeria_001','tenant_platform_seed','workspace_platform_seed_discovery','Warafanau Patent Medicine Store',unixepoch(),unixepoch());
INSERT OR IGNORE INTO search_entries (id,profile_id,display_name,keywords,ancestry_path,vertical,created_at,updated_at) VALUES ('se_s09_pharmacy_ee0b38e7bd8ccec5','prof_s09_pharmacy_ee0b38e7bd8ccec5','Warafanau Patent Medicine Store','warafanau patent medicine store pharmacy chemist drug store medicine nigeria','place_nigeria_001','pharmacy',unixepoch(),unixepoch());
INSERT OR IGNORE INTO seed_ingestion_records (id,seed_run_id,entity_type,entity_id,source_id,status) VALUES ('ir_s09_pharmacy_ee0b38e7bd8ccec5','seed_run_s09_osm_pharmacies_20260502','organization','org_s09_pharmacy_ee0b38e7bd8ccec5','seed_source_osm_pharmacies_ng_20260502','ingested');
INSERT OR IGNORE INTO seed_entity_sources (id,seed_run_id,entity_type,entity_id,source_id,confidence_tier) VALUES ('es_s09_pharmacy_ee0b38e7bd8ccec5','seed_run_s09_osm_pharmacies_20260502','organization','org_s09_pharmacy_ee0b38e7bd8ccec5','seed_source_osm_pharmacies_ng_20260502','seeded');
INSERT OR IGNORE INTO seed_enrichment (id,seed_run_id,entity_type,entity_id,enrichment_type,enrichment_json) VALUES ('enr_s09_pharmacy_ee0b38e7bd8ccec5','seed_run_s09_osm_pharmacies_20260502','organization','org_s09_pharmacy_ee0b38e7bd8ccec5','licence_data','{"osm_id": "8865672312", "amenity": "pharmacy", "addr_state": null, "operator": null, "brand": null}');

INSERT OR IGNORE INTO organizations (id,tenant_id,organization_type,legal_name,display_name,registration_number,status,verification_state,created_at,updated_at) VALUES ('org_s09_pharmacy_643a36988635e797','tenant_platform_seed','pharmacy','Emmanuel Chosen','Emmanuel Chosen',NULL,'active','seeded',unixepoch(),unixepoch());
INSERT OR IGNORE INTO profiles (id,subject_id,subject_type,primary_place_id,tenant_id,workspace_id,display_name,created_at,updated_at) VALUES ('prof_s09_pharmacy_643a36988635e797','org_s09_pharmacy_643a36988635e797','organization','place_nigeria_001','tenant_platform_seed','workspace_platform_seed_discovery','Emmanuel Chosen',unixepoch(),unixepoch());
INSERT OR IGNORE INTO search_entries (id,profile_id,display_name,keywords,ancestry_path,vertical,created_at,updated_at) VALUES ('se_s09_pharmacy_643a36988635e797','prof_s09_pharmacy_643a36988635e797','Emmanuel Chosen','emmanuel chosen pharmacy chemist drug store medicine nigeria','place_nigeria_001','pharmacy',unixepoch(),unixepoch());
INSERT OR IGNORE INTO seed_ingestion_records (id,seed_run_id,entity_type,entity_id,source_id,status) VALUES ('ir_s09_pharmacy_643a36988635e797','seed_run_s09_osm_pharmacies_20260502','organization','org_s09_pharmacy_643a36988635e797','seed_source_osm_pharmacies_ng_20260502','ingested');
INSERT OR IGNORE INTO seed_entity_sources (id,seed_run_id,entity_type,entity_id,source_id,confidence_tier) VALUES ('es_s09_pharmacy_643a36988635e797','seed_run_s09_osm_pharmacies_20260502','organization','org_s09_pharmacy_643a36988635e797','seed_source_osm_pharmacies_ng_20260502','seeded');
INSERT OR IGNORE INTO seed_enrichment (id,seed_run_id,entity_type,entity_id,enrichment_type,enrichment_json) VALUES ('enr_s09_pharmacy_643a36988635e797','seed_run_s09_osm_pharmacies_20260502','organization','org_s09_pharmacy_643a36988635e797','licence_data','{"osm_id": "8865672313", "amenity": "pharmacy", "addr_state": null, "operator": null, "brand": null}');

INSERT OR IGNORE INTO organizations (id,tenant_id,organization_type,legal_name,display_name,registration_number,status,verification_state,created_at,updated_at) VALUES ('org_s09_pharmacy_b20fc549e750a4c2','tenant_platform_seed','pharmacy','Al Qidan Patent Medicine Store','Al Qidan Patent Medicine Store',NULL,'active','seeded',unixepoch(),unixepoch());
INSERT OR IGNORE INTO profiles (id,subject_id,subject_type,primary_place_id,tenant_id,workspace_id,display_name,created_at,updated_at) VALUES ('prof_s09_pharmacy_b20fc549e750a4c2','org_s09_pharmacy_b20fc549e750a4c2','organization','place_nigeria_001','tenant_platform_seed','workspace_platform_seed_discovery','Al Qidan Patent Medicine Store',unixepoch(),unixepoch());
INSERT OR IGNORE INTO search_entries (id,profile_id,display_name,keywords,ancestry_path,vertical,created_at,updated_at) VALUES ('se_s09_pharmacy_b20fc549e750a4c2','prof_s09_pharmacy_b20fc549e750a4c2','Al Qidan Patent Medicine Store','al qidan patent medicine store pharmacy chemist drug store medicine nigeria','place_nigeria_001','pharmacy',unixepoch(),unixepoch());
INSERT OR IGNORE INTO seed_ingestion_records (id,seed_run_id,entity_type,entity_id,source_id,status) VALUES ('ir_s09_pharmacy_b20fc549e750a4c2','seed_run_s09_osm_pharmacies_20260502','organization','org_s09_pharmacy_b20fc549e750a4c2','seed_source_osm_pharmacies_ng_20260502','ingested');
INSERT OR IGNORE INTO seed_entity_sources (id,seed_run_id,entity_type,entity_id,source_id,confidence_tier) VALUES ('es_s09_pharmacy_b20fc549e750a4c2','seed_run_s09_osm_pharmacies_20260502','organization','org_s09_pharmacy_b20fc549e750a4c2','seed_source_osm_pharmacies_ng_20260502','seeded');
INSERT OR IGNORE INTO seed_enrichment (id,seed_run_id,entity_type,entity_id,enrichment_type,enrichment_json) VALUES ('enr_s09_pharmacy_b20fc549e750a4c2','seed_run_s09_osm_pharmacies_20260502','organization','org_s09_pharmacy_b20fc549e750a4c2','licence_data','{"osm_id": "8865672314", "amenity": "pharmacy", "addr_state": null, "operator": null, "brand": null}');

INSERT OR IGNORE INTO organizations (id,tenant_id,organization_type,legal_name,display_name,registration_number,status,verification_state,created_at,updated_at) VALUES ('org_s09_pharmacy_afefdb523381840a','tenant_platform_seed','pharmacy','As Salam Patent Medicine Store','As Salam Patent Medicine Store',NULL,'active','seeded',unixepoch(),unixepoch());
INSERT OR IGNORE INTO profiles (id,subject_id,subject_type,primary_place_id,tenant_id,workspace_id,display_name,created_at,updated_at) VALUES ('prof_s09_pharmacy_afefdb523381840a','org_s09_pharmacy_afefdb523381840a','organization','place_nigeria_001','tenant_platform_seed','workspace_platform_seed_discovery','As Salam Patent Medicine Store',unixepoch(),unixepoch());
INSERT OR IGNORE INTO search_entries (id,profile_id,display_name,keywords,ancestry_path,vertical,created_at,updated_at) VALUES ('se_s09_pharmacy_afefdb523381840a','prof_s09_pharmacy_afefdb523381840a','As Salam Patent Medicine Store','as salam patent medicine store pharmacy chemist drug store medicine nigeria','place_nigeria_001','pharmacy',unixepoch(),unixepoch());
INSERT OR IGNORE INTO seed_ingestion_records (id,seed_run_id,entity_type,entity_id,source_id,status) VALUES ('ir_s09_pharmacy_afefdb523381840a','seed_run_s09_osm_pharmacies_20260502','organization','org_s09_pharmacy_afefdb523381840a','seed_source_osm_pharmacies_ng_20260502','ingested');
INSERT OR IGNORE INTO seed_entity_sources (id,seed_run_id,entity_type,entity_id,source_id,confidence_tier) VALUES ('es_s09_pharmacy_afefdb523381840a','seed_run_s09_osm_pharmacies_20260502','organization','org_s09_pharmacy_afefdb523381840a','seed_source_osm_pharmacies_ng_20260502','seeded');
INSERT OR IGNORE INTO seed_enrichment (id,seed_run_id,entity_type,entity_id,enrichment_type,enrichment_json) VALUES ('enr_s09_pharmacy_afefdb523381840a','seed_run_s09_osm_pharmacies_20260502','organization','org_s09_pharmacy_afefdb523381840a','licence_data','{"osm_id": "8865672315", "amenity": "pharmacy", "addr_state": null, "operator": null, "brand": null}');

INSERT OR IGNORE INTO organizations (id,tenant_id,organization_type,legal_name,display_name,registration_number,status,verification_state,created_at,updated_at) VALUES ('org_s09_pharmacy_d16c8d8e68dad23f','tenant_platform_seed','pharmacy','Divine Mercy Patent Medicine','Divine Mercy Patent Medicine',NULL,'active','seeded',unixepoch(),unixepoch());
INSERT OR IGNORE INTO profiles (id,subject_id,subject_type,primary_place_id,tenant_id,workspace_id,display_name,created_at,updated_at) VALUES ('prof_s09_pharmacy_d16c8d8e68dad23f','org_s09_pharmacy_d16c8d8e68dad23f','organization','place_nigeria_001','tenant_platform_seed','workspace_platform_seed_discovery','Divine Mercy Patent Medicine',unixepoch(),unixepoch());
INSERT OR IGNORE INTO search_entries (id,profile_id,display_name,keywords,ancestry_path,vertical,created_at,updated_at) VALUES ('se_s09_pharmacy_d16c8d8e68dad23f','prof_s09_pharmacy_d16c8d8e68dad23f','Divine Mercy Patent Medicine','divine mercy patent medicine pharmacy chemist drug store medicine nigeria','place_nigeria_001','pharmacy',unixepoch(),unixepoch());
INSERT OR IGNORE INTO seed_ingestion_records (id,seed_run_id,entity_type,entity_id,source_id,status) VALUES ('ir_s09_pharmacy_d16c8d8e68dad23f','seed_run_s09_osm_pharmacies_20260502','organization','org_s09_pharmacy_d16c8d8e68dad23f','seed_source_osm_pharmacies_ng_20260502','ingested');
INSERT OR IGNORE INTO seed_entity_sources (id,seed_run_id,entity_type,entity_id,source_id,confidence_tier) VALUES ('es_s09_pharmacy_d16c8d8e68dad23f','seed_run_s09_osm_pharmacies_20260502','organization','org_s09_pharmacy_d16c8d8e68dad23f','seed_source_osm_pharmacies_ng_20260502','seeded');
INSERT OR IGNORE INTO seed_enrichment (id,seed_run_id,entity_type,entity_id,enrichment_type,enrichment_json) VALUES ('enr_s09_pharmacy_d16c8d8e68dad23f','seed_run_s09_osm_pharmacies_20260502','organization','org_s09_pharmacy_d16c8d8e68dad23f','licence_data','{"osm_id": "8865672316", "amenity": "pharmacy", "addr_state": null, "operator": null, "brand": null}');

INSERT OR IGNORE INTO organizations (id,tenant_id,organization_type,legal_name,display_name,registration_number,status,verification_state,created_at,updated_at) VALUES ('org_s09_pharmacy_c59586275cb92454','tenant_platform_seed','pharmacy','Moboluwaduro Patent Medicine Store','Moboluwaduro Patent Medicine Store',NULL,'active','seeded',unixepoch(),unixepoch());
INSERT OR IGNORE INTO profiles (id,subject_id,subject_type,primary_place_id,tenant_id,workspace_id,display_name,created_at,updated_at) VALUES ('prof_s09_pharmacy_c59586275cb92454','org_s09_pharmacy_c59586275cb92454','organization','place_nigeria_001','tenant_platform_seed','workspace_platform_seed_discovery','Moboluwaduro Patent Medicine Store',unixepoch(),unixepoch());
INSERT OR IGNORE INTO search_entries (id,profile_id,display_name,keywords,ancestry_path,vertical,created_at,updated_at) VALUES ('se_s09_pharmacy_c59586275cb92454','prof_s09_pharmacy_c59586275cb92454','Moboluwaduro Patent Medicine Store','moboluwaduro patent medicine store pharmacy chemist drug store medicine nigeria','place_nigeria_001','pharmacy',unixepoch(),unixepoch());
INSERT OR IGNORE INTO seed_ingestion_records (id,seed_run_id,entity_type,entity_id,source_id,status) VALUES ('ir_s09_pharmacy_c59586275cb92454','seed_run_s09_osm_pharmacies_20260502','organization','org_s09_pharmacy_c59586275cb92454','seed_source_osm_pharmacies_ng_20260502','ingested');
INSERT OR IGNORE INTO seed_entity_sources (id,seed_run_id,entity_type,entity_id,source_id,confidence_tier) VALUES ('es_s09_pharmacy_c59586275cb92454','seed_run_s09_osm_pharmacies_20260502','organization','org_s09_pharmacy_c59586275cb92454','seed_source_osm_pharmacies_ng_20260502','seeded');
INSERT OR IGNORE INTO seed_enrichment (id,seed_run_id,entity_type,entity_id,enrichment_type,enrichment_json) VALUES ('enr_s09_pharmacy_c59586275cb92454','seed_run_s09_osm_pharmacies_20260502','organization','org_s09_pharmacy_c59586275cb92454','licence_data','{"osm_id": "8865697917", "amenity": "pharmacy", "addr_state": null, "operator": null, "brand": null}');

INSERT OR IGNORE INTO organizations (id,tenant_id,organization_type,legal_name,display_name,registration_number,status,verification_state,created_at,updated_at) VALUES ('org_s09_pharmacy_3c7324f59e358c70','tenant_platform_seed','pharmacy','God First PPM (Patent and Preparatory Medicine Vendor)','God First PPM (Patent and Preparatory Medicine Vendor)',NULL,'active','seeded',unixepoch(),unixepoch());
INSERT OR IGNORE INTO profiles (id,subject_id,subject_type,primary_place_id,tenant_id,workspace_id,display_name,created_at,updated_at) VALUES ('prof_s09_pharmacy_3c7324f59e358c70','org_s09_pharmacy_3c7324f59e358c70','organization','place_nigeria_001','tenant_platform_seed','workspace_platform_seed_discovery','God First PPM (Patent and Preparatory Medicine Vendor)',unixepoch(),unixepoch());
INSERT OR IGNORE INTO search_entries (id,profile_id,display_name,keywords,ancestry_path,vertical,created_at,updated_at) VALUES ('se_s09_pharmacy_3c7324f59e358c70','prof_s09_pharmacy_3c7324f59e358c70','God First PPM (Patent and Preparatory Medicine Vendor)','god first ppm (patent and preparatory medicine vendor) pharmacy chemist drug store medicine nigeria','place_nigeria_001','pharmacy',unixepoch(),unixepoch());
INSERT OR IGNORE INTO seed_ingestion_records (id,seed_run_id,entity_type,entity_id,source_id,status) VALUES ('ir_s09_pharmacy_3c7324f59e358c70','seed_run_s09_osm_pharmacies_20260502','organization','org_s09_pharmacy_3c7324f59e358c70','seed_source_osm_pharmacies_ng_20260502','ingested');
INSERT OR IGNORE INTO seed_entity_sources (id,seed_run_id,entity_type,entity_id,source_id,confidence_tier) VALUES ('es_s09_pharmacy_3c7324f59e358c70','seed_run_s09_osm_pharmacies_20260502','organization','org_s09_pharmacy_3c7324f59e358c70','seed_source_osm_pharmacies_ng_20260502','seeded');
INSERT OR IGNORE INTO seed_enrichment (id,seed_run_id,entity_type,entity_id,enrichment_type,enrichment_json) VALUES ('enr_s09_pharmacy_3c7324f59e358c70','seed_run_s09_osm_pharmacies_20260502','organization','org_s09_pharmacy_3c7324f59e358c70','licence_data','{"osm_id": "8865697918", "amenity": "pharmacy", "addr_state": null, "operator": null, "brand": null}');

INSERT OR IGNORE INTO organizations (id,tenant_id,organization_type,legal_name,display_name,registration_number,status,verification_state,created_at,updated_at) VALUES ('org_s09_pharmacy_108d63d49b58ebb1','tenant_platform_seed','pharmacy','God''s Time Patent Medicine Store','God''s Time Patent Medicine Store',NULL,'active','seeded',unixepoch(),unixepoch());
INSERT OR IGNORE INTO profiles (id,subject_id,subject_type,primary_place_id,tenant_id,workspace_id,display_name,created_at,updated_at) VALUES ('prof_s09_pharmacy_108d63d49b58ebb1','org_s09_pharmacy_108d63d49b58ebb1','organization','place_nigeria_001','tenant_platform_seed','workspace_platform_seed_discovery','God''s Time Patent Medicine Store',unixepoch(),unixepoch());
INSERT OR IGNORE INTO search_entries (id,profile_id,display_name,keywords,ancestry_path,vertical,created_at,updated_at) VALUES ('se_s09_pharmacy_108d63d49b58ebb1','prof_s09_pharmacy_108d63d49b58ebb1','God''s Time Patent Medicine Store','god''s time patent medicine store pharmacy chemist drug store medicine nigeria','place_nigeria_001','pharmacy',unixepoch(),unixepoch());
INSERT OR IGNORE INTO seed_ingestion_records (id,seed_run_id,entity_type,entity_id,source_id,status) VALUES ('ir_s09_pharmacy_108d63d49b58ebb1','seed_run_s09_osm_pharmacies_20260502','organization','org_s09_pharmacy_108d63d49b58ebb1','seed_source_osm_pharmacies_ng_20260502','ingested');
INSERT OR IGNORE INTO seed_entity_sources (id,seed_run_id,entity_type,entity_id,source_id,confidence_tier) VALUES ('es_s09_pharmacy_108d63d49b58ebb1','seed_run_s09_osm_pharmacies_20260502','organization','org_s09_pharmacy_108d63d49b58ebb1','seed_source_osm_pharmacies_ng_20260502','seeded');
INSERT OR IGNORE INTO seed_enrichment (id,seed_run_id,entity_type,entity_id,enrichment_type,enrichment_json) VALUES ('enr_s09_pharmacy_108d63d49b58ebb1','seed_run_s09_osm_pharmacies_20260502','organization','org_s09_pharmacy_108d63d49b58ebb1','licence_data','{"osm_id": "8865697919", "amenity": "pharmacy", "addr_state": null, "operator": null, "brand": null}');

INSERT OR IGNORE INTO organizations (id,tenant_id,organization_type,legal_name,display_name,registration_number,status,verification_state,created_at,updated_at) VALUES ('org_s09_pharmacy_7c8aad2d9a1b71ed','tenant_platform_seed','pharmacy','HealthPlus Pharmacy','HealthPlus Pharmacy',NULL,'active','seeded',unixepoch(),unixepoch());
INSERT OR IGNORE INTO profiles (id,subject_id,subject_type,primary_place_id,tenant_id,workspace_id,display_name,created_at,updated_at) VALUES ('prof_s09_pharmacy_7c8aad2d9a1b71ed','org_s09_pharmacy_7c8aad2d9a1b71ed','organization','place_nigeria_001','tenant_platform_seed','workspace_platform_seed_discovery','HealthPlus Pharmacy',unixepoch(),unixepoch());
INSERT OR IGNORE INTO search_entries (id,profile_id,display_name,keywords,ancestry_path,vertical,created_at,updated_at) VALUES ('se_s09_pharmacy_7c8aad2d9a1b71ed','prof_s09_pharmacy_7c8aad2d9a1b71ed','HealthPlus Pharmacy','healthplus pharmacy pharmacy chemist drug store medicine nigeria','place_nigeria_001','pharmacy',unixepoch(),unixepoch());
INSERT OR IGNORE INTO seed_ingestion_records (id,seed_run_id,entity_type,entity_id,source_id,status) VALUES ('ir_s09_pharmacy_7c8aad2d9a1b71ed','seed_run_s09_osm_pharmacies_20260502','organization','org_s09_pharmacy_7c8aad2d9a1b71ed','seed_source_osm_pharmacies_ng_20260502','ingested');
INSERT OR IGNORE INTO seed_entity_sources (id,seed_run_id,entity_type,entity_id,source_id,confidence_tier) VALUES ('es_s09_pharmacy_7c8aad2d9a1b71ed','seed_run_s09_osm_pharmacies_20260502','organization','org_s09_pharmacy_7c8aad2d9a1b71ed','seed_source_osm_pharmacies_ng_20260502','seeded');
INSERT OR IGNORE INTO seed_enrichment (id,seed_run_id,entity_type,entity_id,enrichment_type,enrichment_json) VALUES ('enr_s09_pharmacy_7c8aad2d9a1b71ed','seed_run_s09_osm_pharmacies_20260502','organization','org_s09_pharmacy_7c8aad2d9a1b71ed','licence_data','{"osm_id": "8957031048", "amenity": "pharmacy", "addr_state": null, "operator": null, "brand": null}');

INSERT OR IGNORE INTO organizations (id,tenant_id,organization_type,legal_name,display_name,registration_number,status,verification_state,created_at,updated_at) VALUES ('org_s09_pharmacy_ba1d6d58ef1f2e6b','tenant_platform_seed','pharmacy','Oluyole Chemist, Eleyele Road','Oluyole Chemist, Eleyele Road',NULL,'active','seeded',unixepoch(),unixepoch());
INSERT OR IGNORE INTO profiles (id,subject_id,subject_type,primary_place_id,tenant_id,workspace_id,display_name,created_at,updated_at) VALUES ('prof_s09_pharmacy_ba1d6d58ef1f2e6b','org_s09_pharmacy_ba1d6d58ef1f2e6b','organization','place_nigeria_001','tenant_platform_seed','workspace_platform_seed_discovery','Oluyole Chemist, Eleyele Road',unixepoch(),unixepoch());
INSERT OR IGNORE INTO search_entries (id,profile_id,display_name,keywords,ancestry_path,vertical,created_at,updated_at) VALUES ('se_s09_pharmacy_ba1d6d58ef1f2e6b','prof_s09_pharmacy_ba1d6d58ef1f2e6b','Oluyole Chemist, Eleyele Road','oluyole chemist, eleyele road pharmacy chemist drug store medicine nigeria','place_nigeria_001','pharmacy',unixepoch(),unixepoch());
INSERT OR IGNORE INTO seed_ingestion_records (id,seed_run_id,entity_type,entity_id,source_id,status) VALUES ('ir_s09_pharmacy_ba1d6d58ef1f2e6b','seed_run_s09_osm_pharmacies_20260502','organization','org_s09_pharmacy_ba1d6d58ef1f2e6b','seed_source_osm_pharmacies_ng_20260502','ingested');
INSERT OR IGNORE INTO seed_entity_sources (id,seed_run_id,entity_type,entity_id,source_id,confidence_tier) VALUES ('es_s09_pharmacy_ba1d6d58ef1f2e6b','seed_run_s09_osm_pharmacies_20260502','organization','org_s09_pharmacy_ba1d6d58ef1f2e6b','seed_source_osm_pharmacies_ng_20260502','seeded');
INSERT OR IGNORE INTO seed_enrichment (id,seed_run_id,entity_type,entity_id,enrichment_type,enrichment_json) VALUES ('enr_s09_pharmacy_ba1d6d58ef1f2e6b','seed_run_s09_osm_pharmacies_20260502','organization','org_s09_pharmacy_ba1d6d58ef1f2e6b','licence_data','{"osm_id": "8959563921", "amenity": "pharmacy", "addr_state": null, "operator": null, "brand": null}');

INSERT OR IGNORE INTO organizations (id,tenant_id,organization_type,legal_name,display_name,registration_number,status,verification_state,created_at,updated_at) VALUES ('org_s09_pharmacy_5aeb5bee6a0db7fd','tenant_platform_seed','pharmacy','Kunle Ara Pharmacy, Harboni Compound 2, Queen Elizabeth Road, Opp UCH, Ibadan','Kunle Ara Pharmacy, Harboni Compound 2, Queen Elizabeth Road, Opp UCH, Ibadan',NULL,'active','seeded',unixepoch(),unixepoch());
INSERT OR IGNORE INTO profiles (id,subject_id,subject_type,primary_place_id,tenant_id,workspace_id,display_name,created_at,updated_at) VALUES ('prof_s09_pharmacy_5aeb5bee6a0db7fd','org_s09_pharmacy_5aeb5bee6a0db7fd','organization','place_nigeria_001','tenant_platform_seed','workspace_platform_seed_discovery','Kunle Ara Pharmacy, Harboni Compound 2, Queen Elizabeth Road, Opp UCH, Ibadan',unixepoch(),unixepoch());
INSERT OR IGNORE INTO search_entries (id,profile_id,display_name,keywords,ancestry_path,vertical,created_at,updated_at) VALUES ('se_s09_pharmacy_5aeb5bee6a0db7fd','prof_s09_pharmacy_5aeb5bee6a0db7fd','Kunle Ara Pharmacy, Harboni Compound 2, Queen Elizabeth Road, Opp UCH, Ibadan','kunle ara pharmacy, harboni compound 2, queen elizabeth road, opp uch, ibadan pharmacy chemist drug store medicine nigeria','place_nigeria_001','pharmacy',unixepoch(),unixepoch());
INSERT OR IGNORE INTO seed_ingestion_records (id,seed_run_id,entity_type,entity_id,source_id,status) VALUES ('ir_s09_pharmacy_5aeb5bee6a0db7fd','seed_run_s09_osm_pharmacies_20260502','organization','org_s09_pharmacy_5aeb5bee6a0db7fd','seed_source_osm_pharmacies_ng_20260502','ingested');
INSERT OR IGNORE INTO seed_entity_sources (id,seed_run_id,entity_type,entity_id,source_id,confidence_tier) VALUES ('es_s09_pharmacy_5aeb5bee6a0db7fd','seed_run_s09_osm_pharmacies_20260502','organization','org_s09_pharmacy_5aeb5bee6a0db7fd','seed_source_osm_pharmacies_ng_20260502','seeded');
INSERT OR IGNORE INTO seed_enrichment (id,seed_run_id,entity_type,entity_id,enrichment_type,enrichment_json) VALUES ('enr_s09_pharmacy_5aeb5bee6a0db7fd','seed_run_s09_osm_pharmacies_20260502','organization','org_s09_pharmacy_5aeb5bee6a0db7fd','licence_data','{"osm_id": "8959563922", "amenity": "pharmacy", "addr_state": null, "operator": null, "brand": null}');

INSERT OR IGNORE INTO organizations (id,tenant_id,organization_type,legal_name,display_name,registration_number,status,verification_state,created_at,updated_at) VALUES ('org_s09_pharmacy_576242c561b725ae','tenant_platform_seed','pharmacy','Danax Pharmacy, Adamasingba Junction, Ibadan','Danax Pharmacy, Adamasingba Junction, Ibadan',NULL,'active','seeded',unixepoch(),unixepoch());
INSERT OR IGNORE INTO profiles (id,subject_id,subject_type,primary_place_id,tenant_id,workspace_id,display_name,created_at,updated_at) VALUES ('prof_s09_pharmacy_576242c561b725ae','org_s09_pharmacy_576242c561b725ae','organization','place_nigeria_001','tenant_platform_seed','workspace_platform_seed_discovery','Danax Pharmacy, Adamasingba Junction, Ibadan',unixepoch(),unixepoch());
INSERT OR IGNORE INTO search_entries (id,profile_id,display_name,keywords,ancestry_path,vertical,created_at,updated_at) VALUES ('se_s09_pharmacy_576242c561b725ae','prof_s09_pharmacy_576242c561b725ae','Danax Pharmacy, Adamasingba Junction, Ibadan','danax pharmacy, adamasingba junction, ibadan pharmacy chemist drug store medicine nigeria','place_nigeria_001','pharmacy',unixepoch(),unixepoch());
INSERT OR IGNORE INTO seed_ingestion_records (id,seed_run_id,entity_type,entity_id,source_id,status) VALUES ('ir_s09_pharmacy_576242c561b725ae','seed_run_s09_osm_pharmacies_20260502','organization','org_s09_pharmacy_576242c561b725ae','seed_source_osm_pharmacies_ng_20260502','ingested');
INSERT OR IGNORE INTO seed_entity_sources (id,seed_run_id,entity_type,entity_id,source_id,confidence_tier) VALUES ('es_s09_pharmacy_576242c561b725ae','seed_run_s09_osm_pharmacies_20260502','organization','org_s09_pharmacy_576242c561b725ae','seed_source_osm_pharmacies_ng_20260502','seeded');
INSERT OR IGNORE INTO seed_enrichment (id,seed_run_id,entity_type,entity_id,enrichment_type,enrichment_json) VALUES ('enr_s09_pharmacy_576242c561b725ae','seed_run_s09_osm_pharmacies_20260502','organization','org_s09_pharmacy_576242c561b725ae','licence_data','{"osm_id": "8959563923", "amenity": "pharmacy", "addr_state": null, "operator": null, "brand": null}');

INSERT OR IGNORE INTO organizations (id,tenant_id,organization_type,legal_name,display_name,registration_number,status,verification_state,created_at,updated_at) VALUES ('org_s09_pharmacy_c90a526e0cd42da2','tenant_platform_seed','pharmacy','Portal-Gate Pharmacy','Portal-Gate Pharmacy',NULL,'active','seeded',unixepoch(),unixepoch());
INSERT OR IGNORE INTO profiles (id,subject_id,subject_type,primary_place_id,tenant_id,workspace_id,display_name,created_at,updated_at) VALUES ('prof_s09_pharmacy_c90a526e0cd42da2','org_s09_pharmacy_c90a526e0cd42da2','organization','place_nigeria_001','tenant_platform_seed','workspace_platform_seed_discovery','Portal-Gate Pharmacy',unixepoch(),unixepoch());
INSERT OR IGNORE INTO search_entries (id,profile_id,display_name,keywords,ancestry_path,vertical,created_at,updated_at) VALUES ('se_s09_pharmacy_c90a526e0cd42da2','prof_s09_pharmacy_c90a526e0cd42da2','Portal-Gate Pharmacy','portal-gate pharmacy pharmacy chemist drug store medicine nigeria','place_nigeria_001','pharmacy',unixepoch(),unixepoch());
INSERT OR IGNORE INTO seed_ingestion_records (id,seed_run_id,entity_type,entity_id,source_id,status) VALUES ('ir_s09_pharmacy_c90a526e0cd42da2','seed_run_s09_osm_pharmacies_20260502','organization','org_s09_pharmacy_c90a526e0cd42da2','seed_source_osm_pharmacies_ng_20260502','ingested');
INSERT OR IGNORE INTO seed_entity_sources (id,seed_run_id,entity_type,entity_id,source_id,confidence_tier) VALUES ('es_s09_pharmacy_c90a526e0cd42da2','seed_run_s09_osm_pharmacies_20260502','organization','org_s09_pharmacy_c90a526e0cd42da2','seed_source_osm_pharmacies_ng_20260502','seeded');
INSERT OR IGNORE INTO seed_enrichment (id,seed_run_id,entity_type,entity_id,enrichment_type,enrichment_json) VALUES ('enr_s09_pharmacy_c90a526e0cd42da2','seed_run_s09_osm_pharmacies_20260502','organization','org_s09_pharmacy_c90a526e0cd42da2','licence_data','{"osm_id": "8960415284", "amenity": "pharmacy", "addr_state": null, "operator": null, "brand": null}');

INSERT OR IGNORE INTO organizations (id,tenant_id,organization_type,legal_name,display_name,registration_number,status,verification_state,created_at,updated_at) VALUES ('org_s09_pharmacy_7c691616052136dd','tenant_platform_seed','pharmacy','Mummy Segun pharmacy, Sagbe Ibadan','Mummy Segun pharmacy, Sagbe Ibadan',NULL,'active','seeded',unixepoch(),unixepoch());
INSERT OR IGNORE INTO profiles (id,subject_id,subject_type,primary_place_id,tenant_id,workspace_id,display_name,created_at,updated_at) VALUES ('prof_s09_pharmacy_7c691616052136dd','org_s09_pharmacy_7c691616052136dd','organization','place_nigeria_001','tenant_platform_seed','workspace_platform_seed_discovery','Mummy Segun pharmacy, Sagbe Ibadan',unixepoch(),unixepoch());
INSERT OR IGNORE INTO search_entries (id,profile_id,display_name,keywords,ancestry_path,vertical,created_at,updated_at) VALUES ('se_s09_pharmacy_7c691616052136dd','prof_s09_pharmacy_7c691616052136dd','Mummy Segun pharmacy, Sagbe Ibadan','mummy segun pharmacy, sagbe ibadan pharmacy chemist drug store medicine nigeria','place_nigeria_001','pharmacy',unixepoch(),unixepoch());
INSERT OR IGNORE INTO seed_ingestion_records (id,seed_run_id,entity_type,entity_id,source_id,status) VALUES ('ir_s09_pharmacy_7c691616052136dd','seed_run_s09_osm_pharmacies_20260502','organization','org_s09_pharmacy_7c691616052136dd','seed_source_osm_pharmacies_ng_20260502','ingested');
INSERT OR IGNORE INTO seed_entity_sources (id,seed_run_id,entity_type,entity_id,source_id,confidence_tier) VALUES ('es_s09_pharmacy_7c691616052136dd','seed_run_s09_osm_pharmacies_20260502','organization','org_s09_pharmacy_7c691616052136dd','seed_source_osm_pharmacies_ng_20260502','seeded');
INSERT OR IGNORE INTO seed_enrichment (id,seed_run_id,entity_type,entity_id,enrichment_type,enrichment_json) VALUES ('enr_s09_pharmacy_7c691616052136dd','seed_run_s09_osm_pharmacies_20260502','organization','org_s09_pharmacy_7c691616052136dd','licence_data','{"osm_id": "8960415285", "amenity": "pharmacy", "addr_state": null, "operator": null, "brand": null}');

INSERT OR IGNORE INTO organizations (id,tenant_id,organization_type,legal_name,display_name,registration_number,status,verification_state,created_at,updated_at) VALUES ('org_s09_pharmacy_fd9c2ebed7ff4ac1','tenant_platform_seed','pharmacy','Omak Pharmacy, opposite UI','Omak Pharmacy, opposite UI',NULL,'active','seeded',unixepoch(),unixepoch());
INSERT OR IGNORE INTO profiles (id,subject_id,subject_type,primary_place_id,tenant_id,workspace_id,display_name,created_at,updated_at) VALUES ('prof_s09_pharmacy_fd9c2ebed7ff4ac1','org_s09_pharmacy_fd9c2ebed7ff4ac1','organization','place_nigeria_001','tenant_platform_seed','workspace_platform_seed_discovery','Omak Pharmacy, opposite UI',unixepoch(),unixepoch());
INSERT OR IGNORE INTO search_entries (id,profile_id,display_name,keywords,ancestry_path,vertical,created_at,updated_at) VALUES ('se_s09_pharmacy_fd9c2ebed7ff4ac1','prof_s09_pharmacy_fd9c2ebed7ff4ac1','Omak Pharmacy, opposite UI','omak pharmacy, opposite ui pharmacy chemist drug store medicine nigeria','place_nigeria_001','pharmacy',unixepoch(),unixepoch());
INSERT OR IGNORE INTO seed_ingestion_records (id,seed_run_id,entity_type,entity_id,source_id,status) VALUES ('ir_s09_pharmacy_fd9c2ebed7ff4ac1','seed_run_s09_osm_pharmacies_20260502','organization','org_s09_pharmacy_fd9c2ebed7ff4ac1','seed_source_osm_pharmacies_ng_20260502','ingested');
INSERT OR IGNORE INTO seed_entity_sources (id,seed_run_id,entity_type,entity_id,source_id,confidence_tier) VALUES ('es_s09_pharmacy_fd9c2ebed7ff4ac1','seed_run_s09_osm_pharmacies_20260502','organization','org_s09_pharmacy_fd9c2ebed7ff4ac1','seed_source_osm_pharmacies_ng_20260502','seeded');
INSERT OR IGNORE INTO seed_enrichment (id,seed_run_id,entity_type,entity_id,enrichment_type,enrichment_json) VALUES ('enr_s09_pharmacy_fd9c2ebed7ff4ac1','seed_run_s09_osm_pharmacies_20260502','organization','org_s09_pharmacy_fd9c2ebed7ff4ac1','licence_data','{"osm_id": "8960415286", "amenity": "pharmacy", "addr_state": null, "operator": null, "brand": null}');

INSERT OR IGNORE INTO organizations (id,tenant_id,organization_type,legal_name,display_name,registration_number,status,verification_state,created_at,updated_at) VALUES ('org_s09_pharmacy_6050fda7e5e67d13','tenant_platform_seed','pharmacy','Iyawo Amuludun''s Chemist (Toluwani Pharmacy) Moniya road','Iyawo Amuludun''s Chemist (Toluwani Pharmacy) Moniya road',NULL,'active','seeded',unixepoch(),unixepoch());
INSERT OR IGNORE INTO profiles (id,subject_id,subject_type,primary_place_id,tenant_id,workspace_id,display_name,created_at,updated_at) VALUES ('prof_s09_pharmacy_6050fda7e5e67d13','org_s09_pharmacy_6050fda7e5e67d13','organization','place_nigeria_001','tenant_platform_seed','workspace_platform_seed_discovery','Iyawo Amuludun''s Chemist (Toluwani Pharmacy) Moniya road',unixepoch(),unixepoch());
INSERT OR IGNORE INTO search_entries (id,profile_id,display_name,keywords,ancestry_path,vertical,created_at,updated_at) VALUES ('se_s09_pharmacy_6050fda7e5e67d13','prof_s09_pharmacy_6050fda7e5e67d13','Iyawo Amuludun''s Chemist (Toluwani Pharmacy) Moniya road','iyawo amuludun''s chemist (toluwani pharmacy) moniya road pharmacy chemist drug store medicine nigeria','place_nigeria_001','pharmacy',unixepoch(),unixepoch());
INSERT OR IGNORE INTO seed_ingestion_records (id,seed_run_id,entity_type,entity_id,source_id,status) VALUES ('ir_s09_pharmacy_6050fda7e5e67d13','seed_run_s09_osm_pharmacies_20260502','organization','org_s09_pharmacy_6050fda7e5e67d13','seed_source_osm_pharmacies_ng_20260502','ingested');
INSERT OR IGNORE INTO seed_entity_sources (id,seed_run_id,entity_type,entity_id,source_id,confidence_tier) VALUES ('es_s09_pharmacy_6050fda7e5e67d13','seed_run_s09_osm_pharmacies_20260502','organization','org_s09_pharmacy_6050fda7e5e67d13','seed_source_osm_pharmacies_ng_20260502','seeded');
INSERT OR IGNORE INTO seed_enrichment (id,seed_run_id,entity_type,entity_id,enrichment_type,enrichment_json) VALUES ('enr_s09_pharmacy_6050fda7e5e67d13','seed_run_s09_osm_pharmacies_20260502','organization','org_s09_pharmacy_6050fda7e5e67d13','licence_data','{"osm_id": "8960415287", "amenity": "pharmacy", "addr_state": null, "operator": null, "brand": null}');

INSERT OR IGNORE INTO organizations (id,tenant_id,organization_type,legal_name,display_name,registration_number,status,verification_state,created_at,updated_at) VALUES ('org_s09_pharmacy_5863768ff4b10c02','tenant_platform_seed','pharmacy','Insta-pharm Pharmacy, Office bus-stop sasa','Insta-pharm Pharmacy, Office bus-stop sasa',NULL,'active','seeded',unixepoch(),unixepoch());
INSERT OR IGNORE INTO profiles (id,subject_id,subject_type,primary_place_id,tenant_id,workspace_id,display_name,created_at,updated_at) VALUES ('prof_s09_pharmacy_5863768ff4b10c02','org_s09_pharmacy_5863768ff4b10c02','organization','place_nigeria_001','tenant_platform_seed','workspace_platform_seed_discovery','Insta-pharm Pharmacy, Office bus-stop sasa',unixepoch(),unixepoch());
INSERT OR IGNORE INTO search_entries (id,profile_id,display_name,keywords,ancestry_path,vertical,created_at,updated_at) VALUES ('se_s09_pharmacy_5863768ff4b10c02','prof_s09_pharmacy_5863768ff4b10c02','Insta-pharm Pharmacy, Office bus-stop sasa','insta-pharm pharmacy, office bus-stop sasa pharmacy chemist drug store medicine nigeria','place_nigeria_001','pharmacy',unixepoch(),unixepoch());
INSERT OR IGNORE INTO seed_ingestion_records (id,seed_run_id,entity_type,entity_id,source_id,status) VALUES ('ir_s09_pharmacy_5863768ff4b10c02','seed_run_s09_osm_pharmacies_20260502','organization','org_s09_pharmacy_5863768ff4b10c02','seed_source_osm_pharmacies_ng_20260502','ingested');
INSERT OR IGNORE INTO seed_entity_sources (id,seed_run_id,entity_type,entity_id,source_id,confidence_tier) VALUES ('es_s09_pharmacy_5863768ff4b10c02','seed_run_s09_osm_pharmacies_20260502','organization','org_s09_pharmacy_5863768ff4b10c02','seed_source_osm_pharmacies_ng_20260502','seeded');
INSERT OR IGNORE INTO seed_enrichment (id,seed_run_id,entity_type,entity_id,enrichment_type,enrichment_json) VALUES ('enr_s09_pharmacy_5863768ff4b10c02','seed_run_s09_osm_pharmacies_20260502','organization','org_s09_pharmacy_5863768ff4b10c02','licence_data','{"osm_id": "8960415288", "amenity": "pharmacy", "addr_state": null, "operator": null, "brand": null}');

INSERT OR IGNORE INTO organizations (id,tenant_id,organization_type,legal_name,display_name,registration_number,status,verification_state,created_at,updated_at) VALUES ('org_s09_pharmacy_449207260c52c8b2','tenant_platform_seed','pharmacy','Diadem Pharmacy, Ojoo','Diadem Pharmacy, Ojoo',NULL,'active','seeded',unixepoch(),unixepoch());
INSERT OR IGNORE INTO profiles (id,subject_id,subject_type,primary_place_id,tenant_id,workspace_id,display_name,created_at,updated_at) VALUES ('prof_s09_pharmacy_449207260c52c8b2','org_s09_pharmacy_449207260c52c8b2','organization','place_nigeria_001','tenant_platform_seed','workspace_platform_seed_discovery','Diadem Pharmacy, Ojoo',unixepoch(),unixepoch());
INSERT OR IGNORE INTO search_entries (id,profile_id,display_name,keywords,ancestry_path,vertical,created_at,updated_at) VALUES ('se_s09_pharmacy_449207260c52c8b2','prof_s09_pharmacy_449207260c52c8b2','Diadem Pharmacy, Ojoo','diadem pharmacy, ojoo pharmacy chemist drug store medicine nigeria','place_nigeria_001','pharmacy',unixepoch(),unixepoch());
INSERT OR IGNORE INTO seed_ingestion_records (id,seed_run_id,entity_type,entity_id,source_id,status) VALUES ('ir_s09_pharmacy_449207260c52c8b2','seed_run_s09_osm_pharmacies_20260502','organization','org_s09_pharmacy_449207260c52c8b2','seed_source_osm_pharmacies_ng_20260502','ingested');
INSERT OR IGNORE INTO seed_entity_sources (id,seed_run_id,entity_type,entity_id,source_id,confidence_tier) VALUES ('es_s09_pharmacy_449207260c52c8b2','seed_run_s09_osm_pharmacies_20260502','organization','org_s09_pharmacy_449207260c52c8b2','seed_source_osm_pharmacies_ng_20260502','seeded');
INSERT OR IGNORE INTO seed_enrichment (id,seed_run_id,entity_type,entity_id,enrichment_type,enrichment_json) VALUES ('enr_s09_pharmacy_449207260c52c8b2','seed_run_s09_osm_pharmacies_20260502','organization','org_s09_pharmacy_449207260c52c8b2','licence_data','{"osm_id": "8960415289", "amenity": "pharmacy", "addr_state": null, "operator": null, "brand": null}');

INSERT OR IGNORE INTO organizations (id,tenant_id,organization_type,legal_name,display_name,registration_number,status,verification_state,created_at,updated_at) VALUES ('org_s09_pharmacy_343949c886dd417a','tenant_platform_seed','pharmacy','Pharmacie La Frontière','Pharmacie La Frontière',NULL,'active','seeded',unixepoch(),unixepoch());
INSERT OR IGNORE INTO profiles (id,subject_id,subject_type,primary_place_id,tenant_id,workspace_id,display_name,created_at,updated_at) VALUES ('prof_s09_pharmacy_343949c886dd417a','org_s09_pharmacy_343949c886dd417a','organization','place_nigeria_001','tenant_platform_seed','workspace_platform_seed_discovery','Pharmacie La Frontière',unixepoch(),unixepoch());
INSERT OR IGNORE INTO search_entries (id,profile_id,display_name,keywords,ancestry_path,vertical,created_at,updated_at) VALUES ('se_s09_pharmacy_343949c886dd417a','prof_s09_pharmacy_343949c886dd417a','Pharmacie La Frontière','pharmacie la frontière pharmacy chemist drug store medicine nigeria','place_nigeria_001','pharmacy',unixepoch(),unixepoch());
INSERT OR IGNORE INTO seed_ingestion_records (id,seed_run_id,entity_type,entity_id,source_id,status) VALUES ('ir_s09_pharmacy_343949c886dd417a','seed_run_s09_osm_pharmacies_20260502','organization','org_s09_pharmacy_343949c886dd417a','seed_source_osm_pharmacies_ng_20260502','ingested');
INSERT OR IGNORE INTO seed_entity_sources (id,seed_run_id,entity_type,entity_id,source_id,confidence_tier) VALUES ('es_s09_pharmacy_343949c886dd417a','seed_run_s09_osm_pharmacies_20260502','organization','org_s09_pharmacy_343949c886dd417a','seed_source_osm_pharmacies_ng_20260502','seeded');
INSERT OR IGNORE INTO seed_enrichment (id,seed_run_id,entity_type,entity_id,enrichment_type,enrichment_json) VALUES ('enr_s09_pharmacy_343949c886dd417a','seed_run_s09_osm_pharmacies_20260502','organization','org_s09_pharmacy_343949c886dd417a','licence_data','{"osm_id": "8997305517", "amenity": "pharmacy", "addr_state": null, "operator": null, "brand": null}');

INSERT OR IGNORE INTO organizations (id,tenant_id,organization_type,legal_name,display_name,registration_number,status,verification_state,created_at,updated_at) VALUES ('org_s09_pharmacy_98cb2a95d4fd86e6','tenant_platform_seed','pharmacy','Health','Health',NULL,'active','seeded',unixepoch(),unixepoch());
INSERT OR IGNORE INTO profiles (id,subject_id,subject_type,primary_place_id,tenant_id,workspace_id,display_name,created_at,updated_at) VALUES ('prof_s09_pharmacy_98cb2a95d4fd86e6','org_s09_pharmacy_98cb2a95d4fd86e6','organization','place_nigeria_001','tenant_platform_seed','workspace_platform_seed_discovery','Health',unixepoch(),unixepoch());
INSERT OR IGNORE INTO search_entries (id,profile_id,display_name,keywords,ancestry_path,vertical,created_at,updated_at) VALUES ('se_s09_pharmacy_98cb2a95d4fd86e6','prof_s09_pharmacy_98cb2a95d4fd86e6','Health','health pharmacy chemist drug store medicine nigeria','place_nigeria_001','pharmacy',unixepoch(),unixepoch());
INSERT OR IGNORE INTO seed_ingestion_records (id,seed_run_id,entity_type,entity_id,source_id,status) VALUES ('ir_s09_pharmacy_98cb2a95d4fd86e6','seed_run_s09_osm_pharmacies_20260502','organization','org_s09_pharmacy_98cb2a95d4fd86e6','seed_source_osm_pharmacies_ng_20260502','ingested');
INSERT OR IGNORE INTO seed_entity_sources (id,seed_run_id,entity_type,entity_id,source_id,confidence_tier) VALUES ('es_s09_pharmacy_98cb2a95d4fd86e6','seed_run_s09_osm_pharmacies_20260502','organization','org_s09_pharmacy_98cb2a95d4fd86e6','seed_source_osm_pharmacies_ng_20260502','seeded');
INSERT OR IGNORE INTO seed_enrichment (id,seed_run_id,entity_type,entity_id,enrichment_type,enrichment_json) VALUES ('enr_s09_pharmacy_98cb2a95d4fd86e6','seed_run_s09_osm_pharmacies_20260502','organization','org_s09_pharmacy_98cb2a95d4fd86e6','licence_data','{"osm_id": "9248888859", "amenity": "pharmacy", "addr_state": null, "operator": null, "brand": null}');

INSERT OR IGNORE INTO organizations (id,tenant_id,organization_type,legal_name,display_name,registration_number,status,verification_state,created_at,updated_at) VALUES ('org_s09_pharmacy_162d6a47a69d1e39','tenant_platform_seed','pharmacy','God''s Will Ogbonna Medical Complex','God''s Will Ogbonna Medical Complex',NULL,'active','seeded',unixepoch(),unixepoch());
INSERT OR IGNORE INTO profiles (id,subject_id,subject_type,primary_place_id,tenant_id,workspace_id,display_name,created_at,updated_at) VALUES ('prof_s09_pharmacy_162d6a47a69d1e39','org_s09_pharmacy_162d6a47a69d1e39','organization','place_nigeria_001','tenant_platform_seed','workspace_platform_seed_discovery','God''s Will Ogbonna Medical Complex',unixepoch(),unixepoch());
INSERT OR IGNORE INTO search_entries (id,profile_id,display_name,keywords,ancestry_path,vertical,created_at,updated_at) VALUES ('se_s09_pharmacy_162d6a47a69d1e39','prof_s09_pharmacy_162d6a47a69d1e39','God''s Will Ogbonna Medical Complex','god''s will ogbonna medical complex pharmacy chemist drug store medicine nigeria','place_nigeria_001','pharmacy',unixepoch(),unixepoch());
INSERT OR IGNORE INTO seed_ingestion_records (id,seed_run_id,entity_type,entity_id,source_id,status) VALUES ('ir_s09_pharmacy_162d6a47a69d1e39','seed_run_s09_osm_pharmacies_20260502','organization','org_s09_pharmacy_162d6a47a69d1e39','seed_source_osm_pharmacies_ng_20260502','ingested');
INSERT OR IGNORE INTO seed_entity_sources (id,seed_run_id,entity_type,entity_id,source_id,confidence_tier) VALUES ('es_s09_pharmacy_162d6a47a69d1e39','seed_run_s09_osm_pharmacies_20260502','organization','org_s09_pharmacy_162d6a47a69d1e39','seed_source_osm_pharmacies_ng_20260502','seeded');
INSERT OR IGNORE INTO seed_enrichment (id,seed_run_id,entity_type,entity_id,enrichment_type,enrichment_json) VALUES ('enr_s09_pharmacy_162d6a47a69d1e39','seed_run_s09_osm_pharmacies_20260502','organization','org_s09_pharmacy_162d6a47a69d1e39','licence_data','{"osm_id": "9279926739", "amenity": "pharmacy", "addr_state": null, "operator": null, "brand": null}');

INSERT OR IGNORE INTO organizations (id,tenant_id,organization_type,legal_name,display_name,registration_number,status,verification_state,created_at,updated_at) VALUES ('org_s09_pharmacy_8afe83aa7f889682','tenant_platform_seed','pharmacy','Medicine & Stores','Medicine & Stores',NULL,'active','seeded',unixepoch(),unixepoch());
INSERT OR IGNORE INTO profiles (id,subject_id,subject_type,primary_place_id,tenant_id,workspace_id,display_name,created_at,updated_at) VALUES ('prof_s09_pharmacy_8afe83aa7f889682','org_s09_pharmacy_8afe83aa7f889682','organization','place_nigeria_001','tenant_platform_seed','workspace_platform_seed_discovery','Medicine & Stores',unixepoch(),unixepoch());
INSERT OR IGNORE INTO search_entries (id,profile_id,display_name,keywords,ancestry_path,vertical,created_at,updated_at) VALUES ('se_s09_pharmacy_8afe83aa7f889682','prof_s09_pharmacy_8afe83aa7f889682','Medicine & Stores','medicine & stores pharmacy chemist drug store medicine nigeria','place_nigeria_001','pharmacy',unixepoch(),unixepoch());
INSERT OR IGNORE INTO seed_ingestion_records (id,seed_run_id,entity_type,entity_id,source_id,status) VALUES ('ir_s09_pharmacy_8afe83aa7f889682','seed_run_s09_osm_pharmacies_20260502','organization','org_s09_pharmacy_8afe83aa7f889682','seed_source_osm_pharmacies_ng_20260502','ingested');
INSERT OR IGNORE INTO seed_entity_sources (id,seed_run_id,entity_type,entity_id,source_id,confidence_tier) VALUES ('es_s09_pharmacy_8afe83aa7f889682','seed_run_s09_osm_pharmacies_20260502','organization','org_s09_pharmacy_8afe83aa7f889682','seed_source_osm_pharmacies_ng_20260502','seeded');
INSERT OR IGNORE INTO seed_enrichment (id,seed_run_id,entity_type,entity_id,enrichment_type,enrichment_json) VALUES ('enr_s09_pharmacy_8afe83aa7f889682','seed_run_s09_osm_pharmacies_20260502','organization','org_s09_pharmacy_8afe83aa7f889682','licence_data','{"osm_id": "9280131048", "amenity": "pharmacy", "addr_state": null, "operator": null, "brand": null}');

INSERT OR IGNORE INTO organizations (id,tenant_id,organization_type,legal_name,display_name,registration_number,status,verification_state,created_at,updated_at) VALUES ('org_s09_pharmacy_da5401662766bbd4','tenant_platform_seed','pharmacy','Pills & Tabs','Pills & Tabs',NULL,'active','seeded',unixepoch(),unixepoch());
INSERT OR IGNORE INTO profiles (id,subject_id,subject_type,primary_place_id,tenant_id,workspace_id,display_name,created_at,updated_at) VALUES ('prof_s09_pharmacy_da5401662766bbd4','org_s09_pharmacy_da5401662766bbd4','organization','place_nigeria_001','tenant_platform_seed','workspace_platform_seed_discovery','Pills & Tabs',unixepoch(),unixepoch());
INSERT OR IGNORE INTO search_entries (id,profile_id,display_name,keywords,ancestry_path,vertical,created_at,updated_at) VALUES ('se_s09_pharmacy_da5401662766bbd4','prof_s09_pharmacy_da5401662766bbd4','Pills & Tabs','pills & tabs pharmacy chemist drug store medicine nigeria','place_nigeria_001','pharmacy',unixepoch(),unixepoch());
INSERT OR IGNORE INTO seed_ingestion_records (id,seed_run_id,entity_type,entity_id,source_id,status) VALUES ('ir_s09_pharmacy_da5401662766bbd4','seed_run_s09_osm_pharmacies_20260502','organization','org_s09_pharmacy_da5401662766bbd4','seed_source_osm_pharmacies_ng_20260502','ingested');
INSERT OR IGNORE INTO seed_entity_sources (id,seed_run_id,entity_type,entity_id,source_id,confidence_tier) VALUES ('es_s09_pharmacy_da5401662766bbd4','seed_run_s09_osm_pharmacies_20260502','organization','org_s09_pharmacy_da5401662766bbd4','seed_source_osm_pharmacies_ng_20260502','seeded');
INSERT OR IGNORE INTO seed_enrichment (id,seed_run_id,entity_type,entity_id,enrichment_type,enrichment_json) VALUES ('enr_s09_pharmacy_da5401662766bbd4','seed_run_s09_osm_pharmacies_20260502','organization','org_s09_pharmacy_da5401662766bbd4','licence_data','{"osm_id": "9651566344", "amenity": "pharmacy", "addr_state": null, "operator": null, "brand": null}');

INSERT OR IGNORE INTO organizations (id,tenant_id,organization_type,legal_name,display_name,registration_number,status,verification_state,created_at,updated_at) VALUES ('org_s09_pharmacy_0e59cc29d7f0746a','tenant_platform_seed','pharmacy','Enord pharmacy','Enord pharmacy',NULL,'active','seeded',unixepoch(),unixepoch());
INSERT OR IGNORE INTO profiles (id,subject_id,subject_type,primary_place_id,tenant_id,workspace_id,display_name,created_at,updated_at) VALUES ('prof_s09_pharmacy_0e59cc29d7f0746a','org_s09_pharmacy_0e59cc29d7f0746a','organization','place_nigeria_001','tenant_platform_seed','workspace_platform_seed_discovery','Enord pharmacy',unixepoch(),unixepoch());
INSERT OR IGNORE INTO search_entries (id,profile_id,display_name,keywords,ancestry_path,vertical,created_at,updated_at) VALUES ('se_s09_pharmacy_0e59cc29d7f0746a','prof_s09_pharmacy_0e59cc29d7f0746a','Enord pharmacy','enord pharmacy pharmacy chemist drug store medicine nigeria','place_nigeria_001','pharmacy',unixepoch(),unixepoch());
INSERT OR IGNORE INTO seed_ingestion_records (id,seed_run_id,entity_type,entity_id,source_id,status) VALUES ('ir_s09_pharmacy_0e59cc29d7f0746a','seed_run_s09_osm_pharmacies_20260502','organization','org_s09_pharmacy_0e59cc29d7f0746a','seed_source_osm_pharmacies_ng_20260502','ingested');
INSERT OR IGNORE INTO seed_entity_sources (id,seed_run_id,entity_type,entity_id,source_id,confidence_tier) VALUES ('es_s09_pharmacy_0e59cc29d7f0746a','seed_run_s09_osm_pharmacies_20260502','organization','org_s09_pharmacy_0e59cc29d7f0746a','seed_source_osm_pharmacies_ng_20260502','seeded');
INSERT OR IGNORE INTO seed_enrichment (id,seed_run_id,entity_type,entity_id,enrichment_type,enrichment_json) VALUES ('enr_s09_pharmacy_0e59cc29d7f0746a','seed_run_s09_osm_pharmacies_20260502','organization','org_s09_pharmacy_0e59cc29d7f0746a','licence_data','{"osm_id": "9866201633", "amenity": "pharmacy", "addr_state": null, "operator": null, "brand": null}');

INSERT OR IGNORE INTO organizations (id,tenant_id,organization_type,legal_name,display_name,registration_number,status,verification_state,created_at,updated_at) VALUES ('org_s09_pharmacy_766b9b37403d52ba','tenant_platform_seed','pharmacy','Basmard Pharmacy','Basmard Pharmacy',NULL,'active','seeded',unixepoch(),unixepoch());
INSERT OR IGNORE INTO profiles (id,subject_id,subject_type,primary_place_id,tenant_id,workspace_id,display_name,created_at,updated_at) VALUES ('prof_s09_pharmacy_766b9b37403d52ba','org_s09_pharmacy_766b9b37403d52ba','organization','place_nigeria_001','tenant_platform_seed','workspace_platform_seed_discovery','Basmard Pharmacy',unixepoch(),unixepoch());
INSERT OR IGNORE INTO search_entries (id,profile_id,display_name,keywords,ancestry_path,vertical,created_at,updated_at) VALUES ('se_s09_pharmacy_766b9b37403d52ba','prof_s09_pharmacy_766b9b37403d52ba','Basmard Pharmacy','basmard pharmacy pharmacy chemist drug store medicine nigeria','place_nigeria_001','pharmacy',unixepoch(),unixepoch());
INSERT OR IGNORE INTO seed_ingestion_records (id,seed_run_id,entity_type,entity_id,source_id,status) VALUES ('ir_s09_pharmacy_766b9b37403d52ba','seed_run_s09_osm_pharmacies_20260502','organization','org_s09_pharmacy_766b9b37403d52ba','seed_source_osm_pharmacies_ng_20260502','ingested');
INSERT OR IGNORE INTO seed_entity_sources (id,seed_run_id,entity_type,entity_id,source_id,confidence_tier) VALUES ('es_s09_pharmacy_766b9b37403d52ba','seed_run_s09_osm_pharmacies_20260502','organization','org_s09_pharmacy_766b9b37403d52ba','seed_source_osm_pharmacies_ng_20260502','seeded');
INSERT OR IGNORE INTO seed_enrichment (id,seed_run_id,entity_type,entity_id,enrichment_type,enrichment_json) VALUES ('enr_s09_pharmacy_766b9b37403d52ba','seed_run_s09_osm_pharmacies_20260502','organization','org_s09_pharmacy_766b9b37403d52ba','licence_data','{"osm_id": "10032932538", "amenity": "pharmacy", "addr_state": null, "operator": null, "brand": null}');

INSERT OR IGNORE INTO organizations (id,tenant_id,organization_type,legal_name,display_name,registration_number,status,verification_state,created_at,updated_at) VALUES ('org_s09_pharmacy_24bb8c4ed5753c51','tenant_platform_seed','pharmacy','Reference health','Reference health',NULL,'active','seeded',unixepoch(),unixepoch());
INSERT OR IGNORE INTO profiles (id,subject_id,subject_type,primary_place_id,tenant_id,workspace_id,display_name,created_at,updated_at) VALUES ('prof_s09_pharmacy_24bb8c4ed5753c51','org_s09_pharmacy_24bb8c4ed5753c51','organization','place_nigeria_001','tenant_platform_seed','workspace_platform_seed_discovery','Reference health',unixepoch(),unixepoch());
INSERT OR IGNORE INTO search_entries (id,profile_id,display_name,keywords,ancestry_path,vertical,created_at,updated_at) VALUES ('se_s09_pharmacy_24bb8c4ed5753c51','prof_s09_pharmacy_24bb8c4ed5753c51','Reference health','reference health pharmacy chemist drug store medicine nigeria','place_nigeria_001','pharmacy',unixepoch(),unixepoch());
INSERT OR IGNORE INTO seed_ingestion_records (id,seed_run_id,entity_type,entity_id,source_id,status) VALUES ('ir_s09_pharmacy_24bb8c4ed5753c51','seed_run_s09_osm_pharmacies_20260502','organization','org_s09_pharmacy_24bb8c4ed5753c51','seed_source_osm_pharmacies_ng_20260502','ingested');
INSERT OR IGNORE INTO seed_entity_sources (id,seed_run_id,entity_type,entity_id,source_id,confidence_tier) VALUES ('es_s09_pharmacy_24bb8c4ed5753c51','seed_run_s09_osm_pharmacies_20260502','organization','org_s09_pharmacy_24bb8c4ed5753c51','seed_source_osm_pharmacies_ng_20260502','seeded');
INSERT OR IGNORE INTO seed_enrichment (id,seed_run_id,entity_type,entity_id,enrichment_type,enrichment_json) VALUES ('enr_s09_pharmacy_24bb8c4ed5753c51','seed_run_s09_osm_pharmacies_20260502','organization','org_s09_pharmacy_24bb8c4ed5753c51','licence_data','{"osm_id": "10097309846", "amenity": "pharmacy", "addr_state": null, "operator": null, "brand": null}');

INSERT OR IGNORE INTO organizations (id,tenant_id,organization_type,legal_name,display_name,registration_number,status,verification_state,created_at,updated_at) VALUES ('org_s09_pharmacy_add766d2ddf1eae4','tenant_platform_seed','pharmacy','Ezanol Pharmacy ltd','Ezanol Pharmacy ltd',NULL,'active','seeded',unixepoch(),unixepoch());
INSERT OR IGNORE INTO profiles (id,subject_id,subject_type,primary_place_id,tenant_id,workspace_id,display_name,created_at,updated_at) VALUES ('prof_s09_pharmacy_add766d2ddf1eae4','org_s09_pharmacy_add766d2ddf1eae4','organization','place_nigeria_001','tenant_platform_seed','workspace_platform_seed_discovery','Ezanol Pharmacy ltd',unixepoch(),unixepoch());
INSERT OR IGNORE INTO search_entries (id,profile_id,display_name,keywords,ancestry_path,vertical,created_at,updated_at) VALUES ('se_s09_pharmacy_add766d2ddf1eae4','prof_s09_pharmacy_add766d2ddf1eae4','Ezanol Pharmacy ltd','ezanol pharmacy ltd pharmacy chemist drug store medicine nigeria','place_nigeria_001','pharmacy',unixepoch(),unixepoch());
INSERT OR IGNORE INTO seed_ingestion_records (id,seed_run_id,entity_type,entity_id,source_id,status) VALUES ('ir_s09_pharmacy_add766d2ddf1eae4','seed_run_s09_osm_pharmacies_20260502','organization','org_s09_pharmacy_add766d2ddf1eae4','seed_source_osm_pharmacies_ng_20260502','ingested');
INSERT OR IGNORE INTO seed_entity_sources (id,seed_run_id,entity_type,entity_id,source_id,confidence_tier) VALUES ('es_s09_pharmacy_add766d2ddf1eae4','seed_run_s09_osm_pharmacies_20260502','organization','org_s09_pharmacy_add766d2ddf1eae4','seed_source_osm_pharmacies_ng_20260502','seeded');
INSERT OR IGNORE INTO seed_enrichment (id,seed_run_id,entity_type,entity_id,enrichment_type,enrichment_json) VALUES ('enr_s09_pharmacy_add766d2ddf1eae4','seed_run_s09_osm_pharmacies_20260502','organization','org_s09_pharmacy_add766d2ddf1eae4','licence_data','{"osm_id": "10550583552", "amenity": "pharmacy", "addr_state": null, "operator": "Ezanol Pharmacy ltd", "brand": null}');

INSERT OR IGNORE INTO organizations (id,tenant_id,organization_type,legal_name,display_name,registration_number,status,verification_state,created_at,updated_at) VALUES ('org_s09_pharmacy_a7f860e3a26a9e0d','tenant_platform_seed','pharmacy','Ohbye Pharmacy Ltd.','Ohbye Pharmacy Ltd.',NULL,'active','seeded',unixepoch(),unixepoch());
INSERT OR IGNORE INTO profiles (id,subject_id,subject_type,primary_place_id,tenant_id,workspace_id,display_name,created_at,updated_at) VALUES ('prof_s09_pharmacy_a7f860e3a26a9e0d','org_s09_pharmacy_a7f860e3a26a9e0d','organization','place_nigeria_001','tenant_platform_seed','workspace_platform_seed_discovery','Ohbye Pharmacy Ltd.',unixepoch(),unixepoch());
INSERT OR IGNORE INTO search_entries (id,profile_id,display_name,keywords,ancestry_path,vertical,created_at,updated_at) VALUES ('se_s09_pharmacy_a7f860e3a26a9e0d','prof_s09_pharmacy_a7f860e3a26a9e0d','Ohbye Pharmacy Ltd.','ohbye pharmacy ltd. pharmacy chemist drug store medicine nigeria','place_nigeria_001','pharmacy',unixepoch(),unixepoch());
INSERT OR IGNORE INTO seed_ingestion_records (id,seed_run_id,entity_type,entity_id,source_id,status) VALUES ('ir_s09_pharmacy_a7f860e3a26a9e0d','seed_run_s09_osm_pharmacies_20260502','organization','org_s09_pharmacy_a7f860e3a26a9e0d','seed_source_osm_pharmacies_ng_20260502','ingested');
INSERT OR IGNORE INTO seed_entity_sources (id,seed_run_id,entity_type,entity_id,source_id,confidence_tier) VALUES ('es_s09_pharmacy_a7f860e3a26a9e0d','seed_run_s09_osm_pharmacies_20260502','organization','org_s09_pharmacy_a7f860e3a26a9e0d','seed_source_osm_pharmacies_ng_20260502','seeded');
INSERT OR IGNORE INTO seed_enrichment (id,seed_run_id,entity_type,entity_id,enrichment_type,enrichment_json) VALUES ('enr_s09_pharmacy_a7f860e3a26a9e0d','seed_run_s09_osm_pharmacies_20260502','organization','org_s09_pharmacy_a7f860e3a26a9e0d','licence_data','{"osm_id": "10750472007", "amenity": "pharmacy", "addr_state": null, "operator": "Ohbye Limited", "brand": null}');

INSERT OR IGNORE INTO organizations (id,tenant_id,organization_type,legal_name,display_name,registration_number,status,verification_state,created_at,updated_at) VALUES ('org_s09_pharmacy_994678525d87f5ab','tenant_platform_seed','pharmacy','Prime Care Medicine Shop','Prime Care Medicine Shop',NULL,'active','seeded',unixepoch(),unixepoch());
INSERT OR IGNORE INTO profiles (id,subject_id,subject_type,primary_place_id,tenant_id,workspace_id,display_name,created_at,updated_at) VALUES ('prof_s09_pharmacy_994678525d87f5ab','org_s09_pharmacy_994678525d87f5ab','organization','place_nigeria_001','tenant_platform_seed','workspace_platform_seed_discovery','Prime Care Medicine Shop',unixepoch(),unixepoch());
INSERT OR IGNORE INTO search_entries (id,profile_id,display_name,keywords,ancestry_path,vertical,created_at,updated_at) VALUES ('se_s09_pharmacy_994678525d87f5ab','prof_s09_pharmacy_994678525d87f5ab','Prime Care Medicine Shop','prime care medicine shop pharmacy chemist drug store medicine nigeria','place_nigeria_001','pharmacy',unixepoch(),unixepoch());
INSERT OR IGNORE INTO seed_ingestion_records (id,seed_run_id,entity_type,entity_id,source_id,status) VALUES ('ir_s09_pharmacy_994678525d87f5ab','seed_run_s09_osm_pharmacies_20260502','organization','org_s09_pharmacy_994678525d87f5ab','seed_source_osm_pharmacies_ng_20260502','ingested');
INSERT OR IGNORE INTO seed_entity_sources (id,seed_run_id,entity_type,entity_id,source_id,confidence_tier) VALUES ('es_s09_pharmacy_994678525d87f5ab','seed_run_s09_osm_pharmacies_20260502','organization','org_s09_pharmacy_994678525d87f5ab','seed_source_osm_pharmacies_ng_20260502','seeded');
INSERT OR IGNORE INTO seed_enrichment (id,seed_run_id,entity_type,entity_id,enrichment_type,enrichment_json) VALUES ('enr_s09_pharmacy_994678525d87f5ab','seed_run_s09_osm_pharmacies_20260502','organization','org_s09_pharmacy_994678525d87f5ab','licence_data','{"osm_id": "10750539980", "amenity": "pharmacy", "addr_state": null, "operator": null, "brand": null}');

INSERT OR IGNORE INTO organizations (id,tenant_id,organization_type,legal_name,display_name,registration_number,status,verification_state,created_at,updated_at) VALUES ('org_s09_pharmacy_60ec43916699977e','tenant_platform_seed','pharmacy','White heart Pharmaceutical and Supermarket','White heart Pharmaceutical and Supermarket',NULL,'active','seeded',unixepoch(),unixepoch());
INSERT OR IGNORE INTO profiles (id,subject_id,subject_type,primary_place_id,tenant_id,workspace_id,display_name,created_at,updated_at) VALUES ('prof_s09_pharmacy_60ec43916699977e','org_s09_pharmacy_60ec43916699977e','organization','place_nigeria_001','tenant_platform_seed','workspace_platform_seed_discovery','White heart Pharmaceutical and Supermarket',unixepoch(),unixepoch());
INSERT OR IGNORE INTO search_entries (id,profile_id,display_name,keywords,ancestry_path,vertical,created_at,updated_at) VALUES ('se_s09_pharmacy_60ec43916699977e','prof_s09_pharmacy_60ec43916699977e','White heart Pharmaceutical and Supermarket','white heart pharmaceutical and supermarket pharmacy chemist drug store medicine nigeria','place_nigeria_001','pharmacy',unixepoch(),unixepoch());
INSERT OR IGNORE INTO seed_ingestion_records (id,seed_run_id,entity_type,entity_id,source_id,status) VALUES ('ir_s09_pharmacy_60ec43916699977e','seed_run_s09_osm_pharmacies_20260502','organization','org_s09_pharmacy_60ec43916699977e','seed_source_osm_pharmacies_ng_20260502','ingested');
INSERT OR IGNORE INTO seed_entity_sources (id,seed_run_id,entity_type,entity_id,source_id,confidence_tier) VALUES ('es_s09_pharmacy_60ec43916699977e','seed_run_s09_osm_pharmacies_20260502','organization','org_s09_pharmacy_60ec43916699977e','seed_source_osm_pharmacies_ng_20260502','seeded');
INSERT OR IGNORE INTO seed_enrichment (id,seed_run_id,entity_type,entity_id,enrichment_type,enrichment_json) VALUES ('enr_s09_pharmacy_60ec43916699977e','seed_run_s09_osm_pharmacies_20260502','organization','org_s09_pharmacy_60ec43916699977e','licence_data','{"osm_id": "10750539981", "amenity": "pharmacy", "addr_state": null, "operator": null, "brand": null}');

INSERT OR IGNORE INTO organizations (id,tenant_id,organization_type,legal_name,display_name,registration_number,status,verification_state,created_at,updated_at) VALUES ('org_s09_pharmacy_a30fd498e6cd140b','tenant_platform_seed','pharmacy','Keecee Pharmacy','Keecee Pharmacy',NULL,'active','seeded',unixepoch(),unixepoch());
INSERT OR IGNORE INTO profiles (id,subject_id,subject_type,primary_place_id,tenant_id,workspace_id,display_name,created_at,updated_at) VALUES ('prof_s09_pharmacy_a30fd498e6cd140b','org_s09_pharmacy_a30fd498e6cd140b','organization','place_nigeria_001','tenant_platform_seed','workspace_platform_seed_discovery','Keecee Pharmacy',unixepoch(),unixepoch());
INSERT OR IGNORE INTO search_entries (id,profile_id,display_name,keywords,ancestry_path,vertical,created_at,updated_at) VALUES ('se_s09_pharmacy_a30fd498e6cd140b','prof_s09_pharmacy_a30fd498e6cd140b','Keecee Pharmacy','keecee pharmacy pharmacy chemist drug store medicine nigeria','place_nigeria_001','pharmacy',unixepoch(),unixepoch());
INSERT OR IGNORE INTO seed_ingestion_records (id,seed_run_id,entity_type,entity_id,source_id,status) VALUES ('ir_s09_pharmacy_a30fd498e6cd140b','seed_run_s09_osm_pharmacies_20260502','organization','org_s09_pharmacy_a30fd498e6cd140b','seed_source_osm_pharmacies_ng_20260502','ingested');
INSERT OR IGNORE INTO seed_entity_sources (id,seed_run_id,entity_type,entity_id,source_id,confidence_tier) VALUES ('es_s09_pharmacy_a30fd498e6cd140b','seed_run_s09_osm_pharmacies_20260502','organization','org_s09_pharmacy_a30fd498e6cd140b','seed_source_osm_pharmacies_ng_20260502','seeded');
INSERT OR IGNORE INTO seed_enrichment (id,seed_run_id,entity_type,entity_id,enrichment_type,enrichment_json) VALUES ('enr_s09_pharmacy_a30fd498e6cd140b','seed_run_s09_osm_pharmacies_20260502','organization','org_s09_pharmacy_a30fd498e6cd140b','licence_data','{"osm_id": "10759282336", "amenity": "pharmacy", "addr_state": null, "operator": null, "brand": null}');

INSERT OR IGNORE INTO organizations (id,tenant_id,organization_type,legal_name,display_name,registration_number,status,verification_state,created_at,updated_at) VALUES ('org_s09_pharmacy_8c2237d443b8a642','tenant_platform_seed','pharmacy','beval pharmacy','beval pharmacy',NULL,'active','seeded',unixepoch(),unixepoch());
INSERT OR IGNORE INTO profiles (id,subject_id,subject_type,primary_place_id,tenant_id,workspace_id,display_name,created_at,updated_at) VALUES ('prof_s09_pharmacy_8c2237d443b8a642','org_s09_pharmacy_8c2237d443b8a642','organization','place_nigeria_001','tenant_platform_seed','workspace_platform_seed_discovery','beval pharmacy',unixepoch(),unixepoch());
INSERT OR IGNORE INTO search_entries (id,profile_id,display_name,keywords,ancestry_path,vertical,created_at,updated_at) VALUES ('se_s09_pharmacy_8c2237d443b8a642','prof_s09_pharmacy_8c2237d443b8a642','beval pharmacy','beval pharmacy pharmacy chemist drug store medicine nigeria','place_nigeria_001','pharmacy',unixepoch(),unixepoch());
INSERT OR IGNORE INTO seed_ingestion_records (id,seed_run_id,entity_type,entity_id,source_id,status) VALUES ('ir_s09_pharmacy_8c2237d443b8a642','seed_run_s09_osm_pharmacies_20260502','organization','org_s09_pharmacy_8c2237d443b8a642','seed_source_osm_pharmacies_ng_20260502','ingested');
INSERT OR IGNORE INTO seed_entity_sources (id,seed_run_id,entity_type,entity_id,source_id,confidence_tier) VALUES ('es_s09_pharmacy_8c2237d443b8a642','seed_run_s09_osm_pharmacies_20260502','organization','org_s09_pharmacy_8c2237d443b8a642','seed_source_osm_pharmacies_ng_20260502','seeded');
INSERT OR IGNORE INTO seed_enrichment (id,seed_run_id,entity_type,entity_id,enrichment_type,enrichment_json) VALUES ('enr_s09_pharmacy_8c2237d443b8a642','seed_run_s09_osm_pharmacies_20260502','organization','org_s09_pharmacy_8c2237d443b8a642','licence_data','{"osm_id": "10991926505", "amenity": "pharmacy", "addr_state": null, "operator": null, "brand": null}');

INSERT OR IGNORE INTO organizations (id,tenant_id,organization_type,legal_name,display_name,registration_number,status,verification_state,created_at,updated_at) VALUES ('org_s09_pharmacy_202b3acad30d0217','tenant_platform_seed','pharmacy','midline pharmacy','midline pharmacy',NULL,'active','seeded',unixepoch(),unixepoch());
INSERT OR IGNORE INTO profiles (id,subject_id,subject_type,primary_place_id,tenant_id,workspace_id,display_name,created_at,updated_at) VALUES ('prof_s09_pharmacy_202b3acad30d0217','org_s09_pharmacy_202b3acad30d0217','organization','place_nigeria_001','tenant_platform_seed','workspace_platform_seed_discovery','midline pharmacy',unixepoch(),unixepoch());
INSERT OR IGNORE INTO search_entries (id,profile_id,display_name,keywords,ancestry_path,vertical,created_at,updated_at) VALUES ('se_s09_pharmacy_202b3acad30d0217','prof_s09_pharmacy_202b3acad30d0217','midline pharmacy','midline pharmacy pharmacy chemist drug store medicine nigeria','place_nigeria_001','pharmacy',unixepoch(),unixepoch());
INSERT OR IGNORE INTO seed_ingestion_records (id,seed_run_id,entity_type,entity_id,source_id,status) VALUES ('ir_s09_pharmacy_202b3acad30d0217','seed_run_s09_osm_pharmacies_20260502','organization','org_s09_pharmacy_202b3acad30d0217','seed_source_osm_pharmacies_ng_20260502','ingested');
INSERT OR IGNORE INTO seed_entity_sources (id,seed_run_id,entity_type,entity_id,source_id,confidence_tier) VALUES ('es_s09_pharmacy_202b3acad30d0217','seed_run_s09_osm_pharmacies_20260502','organization','org_s09_pharmacy_202b3acad30d0217','seed_source_osm_pharmacies_ng_20260502','seeded');
INSERT OR IGNORE INTO seed_enrichment (id,seed_run_id,entity_type,entity_id,enrichment_type,enrichment_json) VALUES ('enr_s09_pharmacy_202b3acad30d0217','seed_run_s09_osm_pharmacies_20260502','organization','org_s09_pharmacy_202b3acad30d0217','licence_data','{"osm_id": "10995573711", "amenity": "pharmacy", "addr_state": null, "operator": null, "brand": null}');

INSERT OR IGNORE INTO organizations (id,tenant_id,organization_type,legal_name,display_name,registration_number,status,verification_state,created_at,updated_at) VALUES ('org_s09_pharmacy_8bdf52e7d674bbd9','tenant_platform_seed','pharmacy','Cornemed Pharmacy and Stores','Cornemed Pharmacy and Stores',NULL,'active','seeded',unixepoch(),unixepoch());
INSERT OR IGNORE INTO profiles (id,subject_id,subject_type,primary_place_id,tenant_id,workspace_id,display_name,created_at,updated_at) VALUES ('prof_s09_pharmacy_8bdf52e7d674bbd9','org_s09_pharmacy_8bdf52e7d674bbd9','organization','place_nigeria_001','tenant_platform_seed','workspace_platform_seed_discovery','Cornemed Pharmacy and Stores',unixepoch(),unixepoch());
INSERT OR IGNORE INTO search_entries (id,profile_id,display_name,keywords,ancestry_path,vertical,created_at,updated_at) VALUES ('se_s09_pharmacy_8bdf52e7d674bbd9','prof_s09_pharmacy_8bdf52e7d674bbd9','Cornemed Pharmacy and Stores','cornemed pharmacy and stores pharmacy chemist drug store medicine nigeria','place_nigeria_001','pharmacy',unixepoch(),unixepoch());
INSERT OR IGNORE INTO seed_ingestion_records (id,seed_run_id,entity_type,entity_id,source_id,status) VALUES ('ir_s09_pharmacy_8bdf52e7d674bbd9','seed_run_s09_osm_pharmacies_20260502','organization','org_s09_pharmacy_8bdf52e7d674bbd9','seed_source_osm_pharmacies_ng_20260502','ingested');
INSERT OR IGNORE INTO seed_entity_sources (id,seed_run_id,entity_type,entity_id,source_id,confidence_tier) VALUES ('es_s09_pharmacy_8bdf52e7d674bbd9','seed_run_s09_osm_pharmacies_20260502','organization','org_s09_pharmacy_8bdf52e7d674bbd9','seed_source_osm_pharmacies_ng_20260502','seeded');
INSERT OR IGNORE INTO seed_enrichment (id,seed_run_id,entity_type,entity_id,enrichment_type,enrichment_json) VALUES ('enr_s09_pharmacy_8bdf52e7d674bbd9','seed_run_s09_osm_pharmacies_20260502','organization','org_s09_pharmacy_8bdf52e7d674bbd9','licence_data','{"osm_id": "11505516690", "amenity": "pharmacy", "addr_state": null, "operator": null, "brand": null}');

INSERT OR IGNORE INTO organizations (id,tenant_id,organization_type,legal_name,display_name,registration_number,status,verification_state,created_at,updated_at) VALUES ('org_s09_pharmacy_2de1bfbb8eaeeeb3','tenant_platform_seed','pharmacy','Patent Pharmacy','Patent Pharmacy',NULL,'active','seeded',unixepoch(),unixepoch());
INSERT OR IGNORE INTO profiles (id,subject_id,subject_type,primary_place_id,tenant_id,workspace_id,display_name,created_at,updated_at) VALUES ('prof_s09_pharmacy_2de1bfbb8eaeeeb3','org_s09_pharmacy_2de1bfbb8eaeeeb3','organization','place_nigeria_001','tenant_platform_seed','workspace_platform_seed_discovery','Patent Pharmacy',unixepoch(),unixepoch());
INSERT OR IGNORE INTO search_entries (id,profile_id,display_name,keywords,ancestry_path,vertical,created_at,updated_at) VALUES ('se_s09_pharmacy_2de1bfbb8eaeeeb3','prof_s09_pharmacy_2de1bfbb8eaeeeb3','Patent Pharmacy','patent pharmacy pharmacy chemist drug store medicine nigeria','place_nigeria_001','pharmacy',unixepoch(),unixepoch());
INSERT OR IGNORE INTO seed_ingestion_records (id,seed_run_id,entity_type,entity_id,source_id,status) VALUES ('ir_s09_pharmacy_2de1bfbb8eaeeeb3','seed_run_s09_osm_pharmacies_20260502','organization','org_s09_pharmacy_2de1bfbb8eaeeeb3','seed_source_osm_pharmacies_ng_20260502','ingested');
INSERT OR IGNORE INTO seed_entity_sources (id,seed_run_id,entity_type,entity_id,source_id,confidence_tier) VALUES ('es_s09_pharmacy_2de1bfbb8eaeeeb3','seed_run_s09_osm_pharmacies_20260502','organization','org_s09_pharmacy_2de1bfbb8eaeeeb3','seed_source_osm_pharmacies_ng_20260502','seeded');
INSERT OR IGNORE INTO seed_enrichment (id,seed_run_id,entity_type,entity_id,enrichment_type,enrichment_json) VALUES ('enr_s09_pharmacy_2de1bfbb8eaeeeb3','seed_run_s09_osm_pharmacies_20260502','organization','org_s09_pharmacy_2de1bfbb8eaeeeb3','licence_data','{"osm_id": "11737904227", "amenity": "pharmacy", "addr_state": null, "operator": null, "brand": null}');

INSERT OR IGNORE INTO organizations (id,tenant_id,organization_type,legal_name,display_name,registration_number,status,verification_state,created_at,updated_at) VALUES ('org_s09_pharmacy_22af6e238f843661','tenant_platform_seed','pharmacy','Ben Cee Divine Medical','Ben Cee Divine Medical',NULL,'active','seeded',unixepoch(),unixepoch());
INSERT OR IGNORE INTO profiles (id,subject_id,subject_type,primary_place_id,tenant_id,workspace_id,display_name,created_at,updated_at) VALUES ('prof_s09_pharmacy_22af6e238f843661','org_s09_pharmacy_22af6e238f843661','organization','place_nigeria_001','tenant_platform_seed','workspace_platform_seed_discovery','Ben Cee Divine Medical',unixepoch(),unixepoch());
INSERT OR IGNORE INTO search_entries (id,profile_id,display_name,keywords,ancestry_path,vertical,created_at,updated_at) VALUES ('se_s09_pharmacy_22af6e238f843661','prof_s09_pharmacy_22af6e238f843661','Ben Cee Divine Medical','ben cee divine medical pharmacy chemist drug store medicine nigeria','place_nigeria_001','pharmacy',unixepoch(),unixepoch());
INSERT OR IGNORE INTO seed_ingestion_records (id,seed_run_id,entity_type,entity_id,source_id,status) VALUES ('ir_s09_pharmacy_22af6e238f843661','seed_run_s09_osm_pharmacies_20260502','organization','org_s09_pharmacy_22af6e238f843661','seed_source_osm_pharmacies_ng_20260502','ingested');
INSERT OR IGNORE INTO seed_entity_sources (id,seed_run_id,entity_type,entity_id,source_id,confidence_tier) VALUES ('es_s09_pharmacy_22af6e238f843661','seed_run_s09_osm_pharmacies_20260502','organization','org_s09_pharmacy_22af6e238f843661','seed_source_osm_pharmacies_ng_20260502','seeded');
INSERT OR IGNORE INTO seed_enrichment (id,seed_run_id,entity_type,entity_id,enrichment_type,enrichment_json) VALUES ('enr_s09_pharmacy_22af6e238f843661','seed_run_s09_osm_pharmacies_20260502','organization','org_s09_pharmacy_22af6e238f843661','licence_data','{"osm_id": "11795312540", "amenity": "pharmacy", "addr_state": null, "operator": null, "brand": null}');

INSERT OR IGNORE INTO organizations (id,tenant_id,organization_type,legal_name,display_name,registration_number,status,verification_state,created_at,updated_at) VALUES ('org_s09_pharmacy_e37aa667811c4fa6','tenant_platform_seed','pharmacy','ACE Health & Medical Stores','ACE Health & Medical Stores',NULL,'active','seeded',unixepoch(),unixepoch());
INSERT OR IGNORE INTO profiles (id,subject_id,subject_type,primary_place_id,tenant_id,workspace_id,display_name,created_at,updated_at) VALUES ('prof_s09_pharmacy_e37aa667811c4fa6','org_s09_pharmacy_e37aa667811c4fa6','organization','place_nigeria_001','tenant_platform_seed','workspace_platform_seed_discovery','ACE Health & Medical Stores',unixepoch(),unixepoch());
INSERT OR IGNORE INTO search_entries (id,profile_id,display_name,keywords,ancestry_path,vertical,created_at,updated_at) VALUES ('se_s09_pharmacy_e37aa667811c4fa6','prof_s09_pharmacy_e37aa667811c4fa6','ACE Health & Medical Stores','ace health & medical stores pharmacy chemist drug store medicine nigeria','place_nigeria_001','pharmacy',unixepoch(),unixepoch());
INSERT OR IGNORE INTO seed_ingestion_records (id,seed_run_id,entity_type,entity_id,source_id,status) VALUES ('ir_s09_pharmacy_e37aa667811c4fa6','seed_run_s09_osm_pharmacies_20260502','organization','org_s09_pharmacy_e37aa667811c4fa6','seed_source_osm_pharmacies_ng_20260502','ingested');
INSERT OR IGNORE INTO seed_entity_sources (id,seed_run_id,entity_type,entity_id,source_id,confidence_tier) VALUES ('es_s09_pharmacy_e37aa667811c4fa6','seed_run_s09_osm_pharmacies_20260502','organization','org_s09_pharmacy_e37aa667811c4fa6','seed_source_osm_pharmacies_ng_20260502','seeded');
INSERT OR IGNORE INTO seed_enrichment (id,seed_run_id,entity_type,entity_id,enrichment_type,enrichment_json) VALUES ('enr_s09_pharmacy_e37aa667811c4fa6','seed_run_s09_osm_pharmacies_20260502','organization','org_s09_pharmacy_e37aa667811c4fa6','licence_data','{"osm_id": "11813530403", "amenity": "pharmacy", "addr_state": null, "operator": null, "brand": null}');

INSERT OR IGNORE INTO organizations (id,tenant_id,organization_type,legal_name,display_name,registration_number,status,verification_state,created_at,updated_at) VALUES ('org_s09_pharmacy_8b826f2a6c8a7af7','tenant_platform_seed','pharmacy','Will Of God Medicine & Supermarket','Will Of God Medicine & Supermarket',NULL,'active','seeded',unixepoch(),unixepoch());
INSERT OR IGNORE INTO profiles (id,subject_id,subject_type,primary_place_id,tenant_id,workspace_id,display_name,created_at,updated_at) VALUES ('prof_s09_pharmacy_8b826f2a6c8a7af7','org_s09_pharmacy_8b826f2a6c8a7af7','organization','place_nigeria_001','tenant_platform_seed','workspace_platform_seed_discovery','Will Of God Medicine & Supermarket',unixepoch(),unixepoch());
INSERT OR IGNORE INTO search_entries (id,profile_id,display_name,keywords,ancestry_path,vertical,created_at,updated_at) VALUES ('se_s09_pharmacy_8b826f2a6c8a7af7','prof_s09_pharmacy_8b826f2a6c8a7af7','Will Of God Medicine & Supermarket','will of god medicine & supermarket pharmacy chemist drug store medicine nigeria','place_nigeria_001','pharmacy',unixepoch(),unixepoch());
INSERT OR IGNORE INTO seed_ingestion_records (id,seed_run_id,entity_type,entity_id,source_id,status) VALUES ('ir_s09_pharmacy_8b826f2a6c8a7af7','seed_run_s09_osm_pharmacies_20260502','organization','org_s09_pharmacy_8b826f2a6c8a7af7','seed_source_osm_pharmacies_ng_20260502','ingested');
INSERT OR IGNORE INTO seed_entity_sources (id,seed_run_id,entity_type,entity_id,source_id,confidence_tier) VALUES ('es_s09_pharmacy_8b826f2a6c8a7af7','seed_run_s09_osm_pharmacies_20260502','organization','org_s09_pharmacy_8b826f2a6c8a7af7','seed_source_osm_pharmacies_ng_20260502','seeded');
INSERT OR IGNORE INTO seed_enrichment (id,seed_run_id,entity_type,entity_id,enrichment_type,enrichment_json) VALUES ('enr_s09_pharmacy_8b826f2a6c8a7af7','seed_run_s09_osm_pharmacies_20260502','organization','org_s09_pharmacy_8b826f2a6c8a7af7','licence_data','{"osm_id": "11934291536", "amenity": "pharmacy", "addr_state": null, "operator": null, "brand": null}');

INSERT OR IGNORE INTO organizations (id,tenant_id,organization_type,legal_name,display_name,registration_number,status,verification_state,created_at,updated_at) VALUES ('org_s09_pharmacy_6eda408783e157ca','tenant_platform_seed','pharmacy','PX Pharmacy','PX Pharmacy',NULL,'active','seeded',unixepoch(),unixepoch());
INSERT OR IGNORE INTO profiles (id,subject_id,subject_type,primary_place_id,tenant_id,workspace_id,display_name,created_at,updated_at) VALUES ('prof_s09_pharmacy_6eda408783e157ca','org_s09_pharmacy_6eda408783e157ca','organization','place_nigeria_001','tenant_platform_seed','workspace_platform_seed_discovery','PX Pharmacy',unixepoch(),unixepoch());
INSERT OR IGNORE INTO search_entries (id,profile_id,display_name,keywords,ancestry_path,vertical,created_at,updated_at) VALUES ('se_s09_pharmacy_6eda408783e157ca','prof_s09_pharmacy_6eda408783e157ca','PX Pharmacy','px pharmacy pharmacy chemist drug store medicine nigeria','place_nigeria_001','pharmacy',unixepoch(),unixepoch());
INSERT OR IGNORE INTO seed_ingestion_records (id,seed_run_id,entity_type,entity_id,source_id,status) VALUES ('ir_s09_pharmacy_6eda408783e157ca','seed_run_s09_osm_pharmacies_20260502','organization','org_s09_pharmacy_6eda408783e157ca','seed_source_osm_pharmacies_ng_20260502','ingested');
INSERT OR IGNORE INTO seed_entity_sources (id,seed_run_id,entity_type,entity_id,source_id,confidence_tier) VALUES ('es_s09_pharmacy_6eda408783e157ca','seed_run_s09_osm_pharmacies_20260502','organization','org_s09_pharmacy_6eda408783e157ca','seed_source_osm_pharmacies_ng_20260502','seeded');
INSERT OR IGNORE INTO seed_enrichment (id,seed_run_id,entity_type,entity_id,enrichment_type,enrichment_json) VALUES ('enr_s09_pharmacy_6eda408783e157ca','seed_run_s09_osm_pharmacies_20260502','organization','org_s09_pharmacy_6eda408783e157ca','licence_data','{"osm_id": "11938989612", "amenity": "pharmacy", "addr_state": null, "operator": null, "brand": null}');

INSERT OR IGNORE INTO organizations (id,tenant_id,organization_type,legal_name,display_name,registration_number,status,verification_state,created_at,updated_at) VALUES ('org_s09_pharmacy_8378c821a57c2a24','tenant_platform_seed','pharmacy','Muttex Pharmacy','Muttex Pharmacy',NULL,'active','seeded',unixepoch(),unixepoch());
INSERT OR IGNORE INTO profiles (id,subject_id,subject_type,primary_place_id,tenant_id,workspace_id,display_name,created_at,updated_at) VALUES ('prof_s09_pharmacy_8378c821a57c2a24','org_s09_pharmacy_8378c821a57c2a24','organization','place_nigeria_001','tenant_platform_seed','workspace_platform_seed_discovery','Muttex Pharmacy',unixepoch(),unixepoch());
INSERT OR IGNORE INTO search_entries (id,profile_id,display_name,keywords,ancestry_path,vertical,created_at,updated_at) VALUES ('se_s09_pharmacy_8378c821a57c2a24','prof_s09_pharmacy_8378c821a57c2a24','Muttex Pharmacy','muttex pharmacy pharmacy chemist drug store medicine nigeria','place_nigeria_001','pharmacy',unixepoch(),unixepoch());
INSERT OR IGNORE INTO seed_ingestion_records (id,seed_run_id,entity_type,entity_id,source_id,status) VALUES ('ir_s09_pharmacy_8378c821a57c2a24','seed_run_s09_osm_pharmacies_20260502','organization','org_s09_pharmacy_8378c821a57c2a24','seed_source_osm_pharmacies_ng_20260502','ingested');
INSERT OR IGNORE INTO seed_entity_sources (id,seed_run_id,entity_type,entity_id,source_id,confidence_tier) VALUES ('es_s09_pharmacy_8378c821a57c2a24','seed_run_s09_osm_pharmacies_20260502','organization','org_s09_pharmacy_8378c821a57c2a24','seed_source_osm_pharmacies_ng_20260502','seeded');
INSERT OR IGNORE INTO seed_enrichment (id,seed_run_id,entity_type,entity_id,enrichment_type,enrichment_json) VALUES ('enr_s09_pharmacy_8378c821a57c2a24','seed_run_s09_osm_pharmacies_20260502','organization','org_s09_pharmacy_8378c821a57c2a24','licence_data','{"osm_id": "11940703797", "amenity": "pharmacy", "addr_state": null, "operator": null, "brand": null}');

INSERT OR IGNORE INTO organizations (id,tenant_id,organization_type,legal_name,display_name,registration_number,status,verification_state,created_at,updated_at) VALUES ('org_s09_pharmacy_227c71839e8375ca','tenant_platform_seed','pharmacy','Sowaaf(Omo Daddy)','Sowaaf(Omo Daddy)',NULL,'active','seeded',unixepoch(),unixepoch());
INSERT OR IGNORE INTO profiles (id,subject_id,subject_type,primary_place_id,tenant_id,workspace_id,display_name,created_at,updated_at) VALUES ('prof_s09_pharmacy_227c71839e8375ca','org_s09_pharmacy_227c71839e8375ca','organization','place_nigeria_001','tenant_platform_seed','workspace_platform_seed_discovery','Sowaaf(Omo Daddy)',unixepoch(),unixepoch());
INSERT OR IGNORE INTO search_entries (id,profile_id,display_name,keywords,ancestry_path,vertical,created_at,updated_at) VALUES ('se_s09_pharmacy_227c71839e8375ca','prof_s09_pharmacy_227c71839e8375ca','Sowaaf(Omo Daddy)','sowaaf(omo daddy) pharmacy chemist drug store medicine nigeria','place_nigeria_001','pharmacy',unixepoch(),unixepoch());
INSERT OR IGNORE INTO seed_ingestion_records (id,seed_run_id,entity_type,entity_id,source_id,status) VALUES ('ir_s09_pharmacy_227c71839e8375ca','seed_run_s09_osm_pharmacies_20260502','organization','org_s09_pharmacy_227c71839e8375ca','seed_source_osm_pharmacies_ng_20260502','ingested');
INSERT OR IGNORE INTO seed_entity_sources (id,seed_run_id,entity_type,entity_id,source_id,confidence_tier) VALUES ('es_s09_pharmacy_227c71839e8375ca','seed_run_s09_osm_pharmacies_20260502','organization','org_s09_pharmacy_227c71839e8375ca','seed_source_osm_pharmacies_ng_20260502','seeded');
INSERT OR IGNORE INTO seed_enrichment (id,seed_run_id,entity_type,entity_id,enrichment_type,enrichment_json) VALUES ('enr_s09_pharmacy_227c71839e8375ca','seed_run_s09_osm_pharmacies_20260502','organization','org_s09_pharmacy_227c71839e8375ca','licence_data','{"osm_id": "11968658948", "amenity": "pharmacy", "addr_state": null, "operator": null, "brand": null}');

INSERT OR IGNORE INTO organizations (id,tenant_id,organization_type,legal_name,display_name,registration_number,status,verification_state,created_at,updated_at) VALUES ('org_s09_pharmacy_56a5e267d57906f5','tenant_platform_seed','pharmacy','Adebayo','Adebayo',NULL,'active','seeded',unixepoch(),unixepoch());
INSERT OR IGNORE INTO profiles (id,subject_id,subject_type,primary_place_id,tenant_id,workspace_id,display_name,created_at,updated_at) VALUES ('prof_s09_pharmacy_56a5e267d57906f5','org_s09_pharmacy_56a5e267d57906f5','organization','place_nigeria_001','tenant_platform_seed','workspace_platform_seed_discovery','Adebayo',unixepoch(),unixepoch());
INSERT OR IGNORE INTO search_entries (id,profile_id,display_name,keywords,ancestry_path,vertical,created_at,updated_at) VALUES ('se_s09_pharmacy_56a5e267d57906f5','prof_s09_pharmacy_56a5e267d57906f5','Adebayo','adebayo pharmacy chemist drug store medicine nigeria','place_nigeria_001','pharmacy',unixepoch(),unixepoch());
INSERT OR IGNORE INTO seed_ingestion_records (id,seed_run_id,entity_type,entity_id,source_id,status) VALUES ('ir_s09_pharmacy_56a5e267d57906f5','seed_run_s09_osm_pharmacies_20260502','organization','org_s09_pharmacy_56a5e267d57906f5','seed_source_osm_pharmacies_ng_20260502','ingested');
INSERT OR IGNORE INTO seed_entity_sources (id,seed_run_id,entity_type,entity_id,source_id,confidence_tier) VALUES ('es_s09_pharmacy_56a5e267d57906f5','seed_run_s09_osm_pharmacies_20260502','organization','org_s09_pharmacy_56a5e267d57906f5','seed_source_osm_pharmacies_ng_20260502','seeded');
INSERT OR IGNORE INTO seed_enrichment (id,seed_run_id,entity_type,entity_id,enrichment_type,enrichment_json) VALUES ('enr_s09_pharmacy_56a5e267d57906f5','seed_run_s09_osm_pharmacies_20260502','organization','org_s09_pharmacy_56a5e267d57906f5','licence_data','{"osm_id": "11968941797", "amenity": "pharmacy", "addr_state": null, "operator": null, "brand": null}');

INSERT OR IGNORE INTO organizations (id,tenant_id,organization_type,legal_name,display_name,registration_number,status,verification_state,created_at,updated_at) VALUES ('org_s09_pharmacy_ab0cee626ef65747','tenant_platform_seed','pharmacy','Hand of God medicine store','Hand of God medicine store',NULL,'active','seeded',unixepoch(),unixepoch());
INSERT OR IGNORE INTO profiles (id,subject_id,subject_type,primary_place_id,tenant_id,workspace_id,display_name,created_at,updated_at) VALUES ('prof_s09_pharmacy_ab0cee626ef65747','org_s09_pharmacy_ab0cee626ef65747','organization','place_nigeria_001','tenant_platform_seed','workspace_platform_seed_discovery','Hand of God medicine store',unixepoch(),unixepoch());
INSERT OR IGNORE INTO search_entries (id,profile_id,display_name,keywords,ancestry_path,vertical,created_at,updated_at) VALUES ('se_s09_pharmacy_ab0cee626ef65747','prof_s09_pharmacy_ab0cee626ef65747','Hand of God medicine store','hand of god medicine store pharmacy chemist drug store medicine nigeria','place_nigeria_001','pharmacy',unixepoch(),unixepoch());
INSERT OR IGNORE INTO seed_ingestion_records (id,seed_run_id,entity_type,entity_id,source_id,status) VALUES ('ir_s09_pharmacy_ab0cee626ef65747','seed_run_s09_osm_pharmacies_20260502','organization','org_s09_pharmacy_ab0cee626ef65747','seed_source_osm_pharmacies_ng_20260502','ingested');
INSERT OR IGNORE INTO seed_entity_sources (id,seed_run_id,entity_type,entity_id,source_id,confidence_tier) VALUES ('es_s09_pharmacy_ab0cee626ef65747','seed_run_s09_osm_pharmacies_20260502','organization','org_s09_pharmacy_ab0cee626ef65747','seed_source_osm_pharmacies_ng_20260502','seeded');
INSERT OR IGNORE INTO seed_enrichment (id,seed_run_id,entity_type,entity_id,enrichment_type,enrichment_json) VALUES ('enr_s09_pharmacy_ab0cee626ef65747','seed_run_s09_osm_pharmacies_20260502','organization','org_s09_pharmacy_ab0cee626ef65747','licence_data','{"osm_id": "12281555808", "amenity": "pharmacy", "addr_state": null, "operator": "private/individual", "brand": null}');

INSERT OR IGNORE INTO organizations (id,tenant_id,organization_type,legal_name,display_name,registration_number,status,verification_state,created_at,updated_at) VALUES ('org_s09_pharmacy_a8be201e964b4510','tenant_platform_seed','pharmacy','varg pharmacy','varg pharmacy',NULL,'active','seeded',unixepoch(),unixepoch());
INSERT OR IGNORE INTO profiles (id,subject_id,subject_type,primary_place_id,tenant_id,workspace_id,display_name,created_at,updated_at) VALUES ('prof_s09_pharmacy_a8be201e964b4510','org_s09_pharmacy_a8be201e964b4510','organization','place_nigeria_001','tenant_platform_seed','workspace_platform_seed_discovery','varg pharmacy',unixepoch(),unixepoch());
INSERT OR IGNORE INTO search_entries (id,profile_id,display_name,keywords,ancestry_path,vertical,created_at,updated_at) VALUES ('se_s09_pharmacy_a8be201e964b4510','prof_s09_pharmacy_a8be201e964b4510','varg pharmacy','varg pharmacy pharmacy chemist drug store medicine nigeria','place_nigeria_001','pharmacy',unixepoch(),unixepoch());
INSERT OR IGNORE INTO seed_ingestion_records (id,seed_run_id,entity_type,entity_id,source_id,status) VALUES ('ir_s09_pharmacy_a8be201e964b4510','seed_run_s09_osm_pharmacies_20260502','organization','org_s09_pharmacy_a8be201e964b4510','seed_source_osm_pharmacies_ng_20260502','ingested');
INSERT OR IGNORE INTO seed_entity_sources (id,seed_run_id,entity_type,entity_id,source_id,confidence_tier) VALUES ('es_s09_pharmacy_a8be201e964b4510','seed_run_s09_osm_pharmacies_20260502','organization','org_s09_pharmacy_a8be201e964b4510','seed_source_osm_pharmacies_ng_20260502','seeded');
INSERT OR IGNORE INTO seed_enrichment (id,seed_run_id,entity_type,entity_id,enrichment_type,enrichment_json) VALUES ('enr_s09_pharmacy_a8be201e964b4510','seed_run_s09_osm_pharmacies_20260502','organization','org_s09_pharmacy_a8be201e964b4510','licence_data','{"osm_id": "12281555818", "amenity": "pharmacy", "addr_state": null, "operator": "private/individual", "brand": null}');

INSERT OR IGNORE INTO organizations (id,tenant_id,organization_type,legal_name,display_name,registration_number,status,verification_state,created_at,updated_at) VALUES ('org_s09_pharmacy_6e87afe64f6846cb','tenant_platform_seed','pharmacy','Seal Pharmacy','Seal Pharmacy',NULL,'active','seeded',unixepoch(),unixepoch());
INSERT OR IGNORE INTO profiles (id,subject_id,subject_type,primary_place_id,tenant_id,workspace_id,display_name,created_at,updated_at) VALUES ('prof_s09_pharmacy_6e87afe64f6846cb','org_s09_pharmacy_6e87afe64f6846cb','organization','place_nigeria_001','tenant_platform_seed','workspace_platform_seed_discovery','Seal Pharmacy',unixepoch(),unixepoch());
INSERT OR IGNORE INTO search_entries (id,profile_id,display_name,keywords,ancestry_path,vertical,created_at,updated_at) VALUES ('se_s09_pharmacy_6e87afe64f6846cb','prof_s09_pharmacy_6e87afe64f6846cb','Seal Pharmacy','seal pharmacy pharmacy chemist drug store medicine nigeria','place_nigeria_001','pharmacy',unixepoch(),unixepoch());
INSERT OR IGNORE INTO seed_ingestion_records (id,seed_run_id,entity_type,entity_id,source_id,status) VALUES ('ir_s09_pharmacy_6e87afe64f6846cb','seed_run_s09_osm_pharmacies_20260502','organization','org_s09_pharmacy_6e87afe64f6846cb','seed_source_osm_pharmacies_ng_20260502','ingested');
INSERT OR IGNORE INTO seed_entity_sources (id,seed_run_id,entity_type,entity_id,source_id,confidence_tier) VALUES ('es_s09_pharmacy_6e87afe64f6846cb','seed_run_s09_osm_pharmacies_20260502','organization','org_s09_pharmacy_6e87afe64f6846cb','seed_source_osm_pharmacies_ng_20260502','seeded');
INSERT OR IGNORE INTO seed_enrichment (id,seed_run_id,entity_type,entity_id,enrichment_type,enrichment_json) VALUES ('enr_s09_pharmacy_6e87afe64f6846cb','seed_run_s09_osm_pharmacies_20260502','organization','org_s09_pharmacy_6e87afe64f6846cb','licence_data','{"osm_id": "12281555819", "amenity": "pharmacy", "addr_state": null, "operator": "private/individual", "brand": null}');

INSERT OR IGNORE INTO organizations (id,tenant_id,organization_type,legal_name,display_name,registration_number,status,verification_state,created_at,updated_at) VALUES ('org_s09_pharmacy_0a5e34bf8361c9e9','tenant_platform_seed','pharmacy','None','None',NULL,'active','seeded',unixepoch(),unixepoch());
INSERT OR IGNORE INTO profiles (id,subject_id,subject_type,primary_place_id,tenant_id,workspace_id,display_name,created_at,updated_at) VALUES ('prof_s09_pharmacy_0a5e34bf8361c9e9','org_s09_pharmacy_0a5e34bf8361c9e9','organization','place_nigeria_001','tenant_platform_seed','workspace_platform_seed_discovery','None',unixepoch(),unixepoch());
INSERT OR IGNORE INTO search_entries (id,profile_id,display_name,keywords,ancestry_path,vertical,created_at,updated_at) VALUES ('se_s09_pharmacy_0a5e34bf8361c9e9','prof_s09_pharmacy_0a5e34bf8361c9e9','None','none pharmacy chemist drug store medicine nigeria','place_nigeria_001','pharmacy',unixepoch(),unixepoch());
INSERT OR IGNORE INTO seed_ingestion_records (id,seed_run_id,entity_type,entity_id,source_id,status) VALUES ('ir_s09_pharmacy_0a5e34bf8361c9e9','seed_run_s09_osm_pharmacies_20260502','organization','org_s09_pharmacy_0a5e34bf8361c9e9','seed_source_osm_pharmacies_ng_20260502','ingested');
INSERT OR IGNORE INTO seed_entity_sources (id,seed_run_id,entity_type,entity_id,source_id,confidence_tier) VALUES ('es_s09_pharmacy_0a5e34bf8361c9e9','seed_run_s09_osm_pharmacies_20260502','organization','org_s09_pharmacy_0a5e34bf8361c9e9','seed_source_osm_pharmacies_ng_20260502','seeded');
INSERT OR IGNORE INTO seed_enrichment (id,seed_run_id,entity_type,entity_id,enrichment_type,enrichment_json) VALUES ('enr_s09_pharmacy_0a5e34bf8361c9e9','seed_run_s09_osm_pharmacies_20260502','organization','org_s09_pharmacy_0a5e34bf8361c9e9','licence_data','{"osm_id": "12281555820", "amenity": "pharmacy", "addr_state": null, "operator": "private/individual", "brand": null}');

INSERT OR IGNORE INTO organizations (id,tenant_id,organization_type,legal_name,display_name,registration_number,status,verification_state,created_at,updated_at) VALUES ('org_s09_pharmacy_837f73eac5cc96a0','tenant_platform_seed','pharmacy','Botschre','Botschre',NULL,'active','seeded',unixepoch(),unixepoch());
INSERT OR IGNORE INTO profiles (id,subject_id,subject_type,primary_place_id,tenant_id,workspace_id,display_name,created_at,updated_at) VALUES ('prof_s09_pharmacy_837f73eac5cc96a0','org_s09_pharmacy_837f73eac5cc96a0','organization','place_nigeria_001','tenant_platform_seed','workspace_platform_seed_discovery','Botschre',unixepoch(),unixepoch());
INSERT OR IGNORE INTO search_entries (id,profile_id,display_name,keywords,ancestry_path,vertical,created_at,updated_at) VALUES ('se_s09_pharmacy_837f73eac5cc96a0','prof_s09_pharmacy_837f73eac5cc96a0','Botschre','botschre pharmacy chemist drug store medicine nigeria','place_nigeria_001','pharmacy',unixepoch(),unixepoch());
INSERT OR IGNORE INTO seed_ingestion_records (id,seed_run_id,entity_type,entity_id,source_id,status) VALUES ('ir_s09_pharmacy_837f73eac5cc96a0','seed_run_s09_osm_pharmacies_20260502','organization','org_s09_pharmacy_837f73eac5cc96a0','seed_source_osm_pharmacies_ng_20260502','ingested');
INSERT OR IGNORE INTO seed_entity_sources (id,seed_run_id,entity_type,entity_id,source_id,confidence_tier) VALUES ('es_s09_pharmacy_837f73eac5cc96a0','seed_run_s09_osm_pharmacies_20260502','organization','org_s09_pharmacy_837f73eac5cc96a0','seed_source_osm_pharmacies_ng_20260502','seeded');
INSERT OR IGNORE INTO seed_enrichment (id,seed_run_id,entity_type,entity_id,enrichment_type,enrichment_json) VALUES ('enr_s09_pharmacy_837f73eac5cc96a0','seed_run_s09_osm_pharmacies_20260502','organization','org_s09_pharmacy_837f73eac5cc96a0','licence_data','{"osm_id": "12281555821", "amenity": "pharmacy", "addr_state": null, "operator": "private/individual", "brand": null}');

INSERT OR IGNORE INTO organizations (id,tenant_id,organization_type,legal_name,display_name,registration_number,status,verification_state,created_at,updated_at) VALUES ('org_s09_pharmacy_3fdeebecc1ed204d','tenant_platform_seed','pharmacy','Kojos Pharmacy','Kojos Pharmacy',NULL,'active','seeded',unixepoch(),unixepoch());
INSERT OR IGNORE INTO profiles (id,subject_id,subject_type,primary_place_id,tenant_id,workspace_id,display_name,created_at,updated_at) VALUES ('prof_s09_pharmacy_3fdeebecc1ed204d','org_s09_pharmacy_3fdeebecc1ed204d','organization','place_nigeria_001','tenant_platform_seed','workspace_platform_seed_discovery','Kojos Pharmacy',unixepoch(),unixepoch());
INSERT OR IGNORE INTO search_entries (id,profile_id,display_name,keywords,ancestry_path,vertical,created_at,updated_at) VALUES ('se_s09_pharmacy_3fdeebecc1ed204d','prof_s09_pharmacy_3fdeebecc1ed204d','Kojos Pharmacy','kojos pharmacy pharmacy chemist drug store medicine nigeria','place_nigeria_001','pharmacy',unixepoch(),unixepoch());
INSERT OR IGNORE INTO seed_ingestion_records (id,seed_run_id,entity_type,entity_id,source_id,status) VALUES ('ir_s09_pharmacy_3fdeebecc1ed204d','seed_run_s09_osm_pharmacies_20260502','organization','org_s09_pharmacy_3fdeebecc1ed204d','seed_source_osm_pharmacies_ng_20260502','ingested');
INSERT OR IGNORE INTO seed_entity_sources (id,seed_run_id,entity_type,entity_id,source_id,confidence_tier) VALUES ('es_s09_pharmacy_3fdeebecc1ed204d','seed_run_s09_osm_pharmacies_20260502','organization','org_s09_pharmacy_3fdeebecc1ed204d','seed_source_osm_pharmacies_ng_20260502','seeded');
INSERT OR IGNORE INTO seed_enrichment (id,seed_run_id,entity_type,entity_id,enrichment_type,enrichment_json) VALUES ('enr_s09_pharmacy_3fdeebecc1ed204d','seed_run_s09_osm_pharmacies_20260502','organization','org_s09_pharmacy_3fdeebecc1ed204d','licence_data','{"osm_id": "12281555822", "amenity": "pharmacy", "addr_state": null, "operator": "private/individual", "brand": null}');

INSERT OR IGNORE INTO organizations (id,tenant_id,organization_type,legal_name,display_name,registration_number,status,verification_state,created_at,updated_at) VALUES ('org_s09_pharmacy_36f1499b31450984','tenant_platform_seed','pharmacy','Bosycare.','Bosycare.',NULL,'active','seeded',unixepoch(),unixepoch());
INSERT OR IGNORE INTO profiles (id,subject_id,subject_type,primary_place_id,tenant_id,workspace_id,display_name,created_at,updated_at) VALUES ('prof_s09_pharmacy_36f1499b31450984','org_s09_pharmacy_36f1499b31450984','organization','place_nigeria_001','tenant_platform_seed','workspace_platform_seed_discovery','Bosycare.',unixepoch(),unixepoch());
INSERT OR IGNORE INTO search_entries (id,profile_id,display_name,keywords,ancestry_path,vertical,created_at,updated_at) VALUES ('se_s09_pharmacy_36f1499b31450984','prof_s09_pharmacy_36f1499b31450984','Bosycare.','bosycare. pharmacy chemist drug store medicine nigeria','place_nigeria_001','pharmacy',unixepoch(),unixepoch());
INSERT OR IGNORE INTO seed_ingestion_records (id,seed_run_id,entity_type,entity_id,source_id,status) VALUES ('ir_s09_pharmacy_36f1499b31450984','seed_run_s09_osm_pharmacies_20260502','organization','org_s09_pharmacy_36f1499b31450984','seed_source_osm_pharmacies_ng_20260502','ingested');
INSERT OR IGNORE INTO seed_entity_sources (id,seed_run_id,entity_type,entity_id,source_id,confidence_tier) VALUES ('es_s09_pharmacy_36f1499b31450984','seed_run_s09_osm_pharmacies_20260502','organization','org_s09_pharmacy_36f1499b31450984','seed_source_osm_pharmacies_ng_20260502','seeded');
INSERT OR IGNORE INTO seed_enrichment (id,seed_run_id,entity_type,entity_id,enrichment_type,enrichment_json) VALUES ('enr_s09_pharmacy_36f1499b31450984','seed_run_s09_osm_pharmacies_20260502','organization','org_s09_pharmacy_36f1499b31450984','licence_data','{"osm_id": "12281555823", "amenity": "pharmacy", "addr_state": null, "operator": "private/individual", "brand": null}');

INSERT OR IGNORE INTO organizations (id,tenant_id,organization_type,legal_name,display_name,registration_number,status,verification_state,created_at,updated_at) VALUES ('org_s09_pharmacy_1b63359a0944ece4','tenant_platform_seed','pharmacy','Okerube pharmacy','Okerube pharmacy',NULL,'active','seeded',unixepoch(),unixepoch());
INSERT OR IGNORE INTO profiles (id,subject_id,subject_type,primary_place_id,tenant_id,workspace_id,display_name,created_at,updated_at) VALUES ('prof_s09_pharmacy_1b63359a0944ece4','org_s09_pharmacy_1b63359a0944ece4','organization','place_nigeria_001','tenant_platform_seed','workspace_platform_seed_discovery','Okerube pharmacy',unixepoch(),unixepoch());
INSERT OR IGNORE INTO search_entries (id,profile_id,display_name,keywords,ancestry_path,vertical,created_at,updated_at) VALUES ('se_s09_pharmacy_1b63359a0944ece4','prof_s09_pharmacy_1b63359a0944ece4','Okerube pharmacy','okerube pharmacy pharmacy chemist drug store medicine nigeria','place_nigeria_001','pharmacy',unixepoch(),unixepoch());
INSERT OR IGNORE INTO seed_ingestion_records (id,seed_run_id,entity_type,entity_id,source_id,status) VALUES ('ir_s09_pharmacy_1b63359a0944ece4','seed_run_s09_osm_pharmacies_20260502','organization','org_s09_pharmacy_1b63359a0944ece4','seed_source_osm_pharmacies_ng_20260502','ingested');
INSERT OR IGNORE INTO seed_entity_sources (id,seed_run_id,entity_type,entity_id,source_id,confidence_tier) VALUES ('es_s09_pharmacy_1b63359a0944ece4','seed_run_s09_osm_pharmacies_20260502','organization','org_s09_pharmacy_1b63359a0944ece4','seed_source_osm_pharmacies_ng_20260502','seeded');
INSERT OR IGNORE INTO seed_enrichment (id,seed_run_id,entity_type,entity_id,enrichment_type,enrichment_json) VALUES ('enr_s09_pharmacy_1b63359a0944ece4','seed_run_s09_osm_pharmacies_20260502','organization','org_s09_pharmacy_1b63359a0944ece4','licence_data','{"osm_id": "12282723402", "amenity": "pharmacy", "addr_state": null, "operator": "private/ individual", "brand": null}');

INSERT OR IGNORE INTO organizations (id,tenant_id,organization_type,legal_name,display_name,registration_number,status,verification_state,created_at,updated_at) VALUES ('org_s09_pharmacy_4cbf92026b2d1bf7','tenant_platform_seed','pharmacy','Pharmacy','Pharmacy',NULL,'active','seeded',unixepoch(),unixepoch());
INSERT OR IGNORE INTO profiles (id,subject_id,subject_type,primary_place_id,tenant_id,workspace_id,display_name,created_at,updated_at) VALUES ('prof_s09_pharmacy_4cbf92026b2d1bf7','org_s09_pharmacy_4cbf92026b2d1bf7','organization','place_nigeria_001','tenant_platform_seed','workspace_platform_seed_discovery','Pharmacy',unixepoch(),unixepoch());
INSERT OR IGNORE INTO search_entries (id,profile_id,display_name,keywords,ancestry_path,vertical,created_at,updated_at) VALUES ('se_s09_pharmacy_4cbf92026b2d1bf7','prof_s09_pharmacy_4cbf92026b2d1bf7','Pharmacy','pharmacy pharmacy chemist drug store medicine nigeria','place_nigeria_001','pharmacy',unixepoch(),unixepoch());
INSERT OR IGNORE INTO seed_ingestion_records (id,seed_run_id,entity_type,entity_id,source_id,status) VALUES ('ir_s09_pharmacy_4cbf92026b2d1bf7','seed_run_s09_osm_pharmacies_20260502','organization','org_s09_pharmacy_4cbf92026b2d1bf7','seed_source_osm_pharmacies_ng_20260502','ingested');
INSERT OR IGNORE INTO seed_entity_sources (id,seed_run_id,entity_type,entity_id,source_id,confidence_tier) VALUES ('es_s09_pharmacy_4cbf92026b2d1bf7','seed_run_s09_osm_pharmacies_20260502','organization','org_s09_pharmacy_4cbf92026b2d1bf7','seed_source_osm_pharmacies_ng_20260502','seeded');
INSERT OR IGNORE INTO seed_enrichment (id,seed_run_id,entity_type,entity_id,enrichment_type,enrichment_json) VALUES ('enr_s09_pharmacy_4cbf92026b2d1bf7','seed_run_s09_osm_pharmacies_20260502','organization','org_s09_pharmacy_4cbf92026b2d1bf7','licence_data','{"osm_id": "12282723403", "amenity": "pharmacy", "addr_state": null, "operator": "private/ individual", "brand": null}');

INSERT OR IGNORE INTO organizations (id,tenant_id,organization_type,legal_name,display_name,registration_number,status,verification_state,created_at,updated_at) VALUES ('org_s09_pharmacy_1e53a2f23a849876','tenant_platform_seed','pharmacy','Favor chemist store','Favor chemist store',NULL,'active','seeded',unixepoch(),unixepoch());
INSERT OR IGNORE INTO profiles (id,subject_id,subject_type,primary_place_id,tenant_id,workspace_id,display_name,created_at,updated_at) VALUES ('prof_s09_pharmacy_1e53a2f23a849876','org_s09_pharmacy_1e53a2f23a849876','organization','place_nigeria_001','tenant_platform_seed','workspace_platform_seed_discovery','Favor chemist store',unixepoch(),unixepoch());
INSERT OR IGNORE INTO search_entries (id,profile_id,display_name,keywords,ancestry_path,vertical,created_at,updated_at) VALUES ('se_s09_pharmacy_1e53a2f23a849876','prof_s09_pharmacy_1e53a2f23a849876','Favor chemist store','favor chemist store pharmacy chemist drug store medicine nigeria','place_nigeria_001','pharmacy',unixepoch(),unixepoch());
INSERT OR IGNORE INTO seed_ingestion_records (id,seed_run_id,entity_type,entity_id,source_id,status) VALUES ('ir_s09_pharmacy_1e53a2f23a849876','seed_run_s09_osm_pharmacies_20260502','organization','org_s09_pharmacy_1e53a2f23a849876','seed_source_osm_pharmacies_ng_20260502','ingested');
INSERT OR IGNORE INTO seed_entity_sources (id,seed_run_id,entity_type,entity_id,source_id,confidence_tier) VALUES ('es_s09_pharmacy_1e53a2f23a849876','seed_run_s09_osm_pharmacies_20260502','organization','org_s09_pharmacy_1e53a2f23a849876','seed_source_osm_pharmacies_ng_20260502','seeded');
INSERT OR IGNORE INTO seed_enrichment (id,seed_run_id,entity_type,entity_id,enrichment_type,enrichment_json) VALUES ('enr_s09_pharmacy_1e53a2f23a849876','seed_run_s09_osm_pharmacies_20260502','organization','org_s09_pharmacy_1e53a2f23a849876','licence_data','{"osm_id": "12282723404", "amenity": "pharmacy", "addr_state": null, "operator": "private/ individual", "brand": null}');

INSERT OR IGNORE INTO organizations (id,tenant_id,organization_type,legal_name,display_name,registration_number,status,verification_state,created_at,updated_at) VALUES ('org_s09_pharmacy_ae27eea3fc1e2b0d','tenant_platform_seed','pharmacy','Phamarcy','Phamarcy',NULL,'active','seeded',unixepoch(),unixepoch());
INSERT OR IGNORE INTO profiles (id,subject_id,subject_type,primary_place_id,tenant_id,workspace_id,display_name,created_at,updated_at) VALUES ('prof_s09_pharmacy_ae27eea3fc1e2b0d','org_s09_pharmacy_ae27eea3fc1e2b0d','organization','place_nigeria_001','tenant_platform_seed','workspace_platform_seed_discovery','Phamarcy',unixepoch(),unixepoch());
INSERT OR IGNORE INTO search_entries (id,profile_id,display_name,keywords,ancestry_path,vertical,created_at,updated_at) VALUES ('se_s09_pharmacy_ae27eea3fc1e2b0d','prof_s09_pharmacy_ae27eea3fc1e2b0d','Phamarcy','phamarcy pharmacy chemist drug store medicine nigeria','place_nigeria_001','pharmacy',unixepoch(),unixepoch());
INSERT OR IGNORE INTO seed_ingestion_records (id,seed_run_id,entity_type,entity_id,source_id,status) VALUES ('ir_s09_pharmacy_ae27eea3fc1e2b0d','seed_run_s09_osm_pharmacies_20260502','organization','org_s09_pharmacy_ae27eea3fc1e2b0d','seed_source_osm_pharmacies_ng_20260502','ingested');
INSERT OR IGNORE INTO seed_entity_sources (id,seed_run_id,entity_type,entity_id,source_id,confidence_tier) VALUES ('es_s09_pharmacy_ae27eea3fc1e2b0d','seed_run_s09_osm_pharmacies_20260502','organization','org_s09_pharmacy_ae27eea3fc1e2b0d','seed_source_osm_pharmacies_ng_20260502','seeded');
INSERT OR IGNORE INTO seed_enrichment (id,seed_run_id,entity_type,entity_id,enrichment_type,enrichment_json) VALUES ('enr_s09_pharmacy_ae27eea3fc1e2b0d','seed_run_s09_osm_pharmacies_20260502','organization','org_s09_pharmacy_ae27eea3fc1e2b0d','licence_data','{"osm_id": "12282723405", "amenity": "pharmacy", "addr_state": null, "operator": "private/ individual", "brand": null}');

INSERT OR IGNORE INTO organizations (id,tenant_id,organization_type,legal_name,display_name,registration_number,status,verification_state,created_at,updated_at) VALUES ('org_s09_pharmacy_8120888f699aab5a','tenant_platform_seed','pharmacy','Pharmaceutical shop','Pharmaceutical shop',NULL,'active','seeded',unixepoch(),unixepoch());
INSERT OR IGNORE INTO profiles (id,subject_id,subject_type,primary_place_id,tenant_id,workspace_id,display_name,created_at,updated_at) VALUES ('prof_s09_pharmacy_8120888f699aab5a','org_s09_pharmacy_8120888f699aab5a','organization','place_nigeria_001','tenant_platform_seed','workspace_platform_seed_discovery','Pharmaceutical shop',unixepoch(),unixepoch());
INSERT OR IGNORE INTO search_entries (id,profile_id,display_name,keywords,ancestry_path,vertical,created_at,updated_at) VALUES ('se_s09_pharmacy_8120888f699aab5a','prof_s09_pharmacy_8120888f699aab5a','Pharmaceutical shop','pharmaceutical shop pharmacy chemist drug store medicine nigeria','place_nigeria_001','pharmacy',unixepoch(),unixepoch());
INSERT OR IGNORE INTO seed_ingestion_records (id,seed_run_id,entity_type,entity_id,source_id,status) VALUES ('ir_s09_pharmacy_8120888f699aab5a','seed_run_s09_osm_pharmacies_20260502','organization','org_s09_pharmacy_8120888f699aab5a','seed_source_osm_pharmacies_ng_20260502','ingested');
INSERT OR IGNORE INTO seed_entity_sources (id,seed_run_id,entity_type,entity_id,source_id,confidence_tier) VALUES ('es_s09_pharmacy_8120888f699aab5a','seed_run_s09_osm_pharmacies_20260502','organization','org_s09_pharmacy_8120888f699aab5a','seed_source_osm_pharmacies_ng_20260502','seeded');
INSERT OR IGNORE INTO seed_enrichment (id,seed_run_id,entity_type,entity_id,enrichment_type,enrichment_json) VALUES ('enr_s09_pharmacy_8120888f699aab5a','seed_run_s09_osm_pharmacies_20260502','organization','org_s09_pharmacy_8120888f699aab5a','licence_data','{"osm_id": "12282723409", "amenity": "pharmacy", "addr_state": null, "operator": "private/ individual", "brand": null}');

INSERT OR IGNORE INTO organizations (id,tenant_id,organization_type,legal_name,display_name,registration_number,status,verification_state,created_at,updated_at) VALUES ('org_s09_pharmacy_2ced0c08e2a8e04a','tenant_platform_seed','pharmacy','MedPlus pharmacy','MedPlus pharmacy',NULL,'active','seeded',unixepoch(),unixepoch());
INSERT OR IGNORE INTO profiles (id,subject_id,subject_type,primary_place_id,tenant_id,workspace_id,display_name,created_at,updated_at) VALUES ('prof_s09_pharmacy_2ced0c08e2a8e04a','org_s09_pharmacy_2ced0c08e2a8e04a','organization','place_nigeria_001','tenant_platform_seed','workspace_platform_seed_discovery','MedPlus pharmacy',unixepoch(),unixepoch());
INSERT OR IGNORE INTO search_entries (id,profile_id,display_name,keywords,ancestry_path,vertical,created_at,updated_at) VALUES ('se_s09_pharmacy_2ced0c08e2a8e04a','prof_s09_pharmacy_2ced0c08e2a8e04a','MedPlus pharmacy','medplus pharmacy pharmacy chemist drug store medicine nigeria','place_nigeria_001','pharmacy',unixepoch(),unixepoch());
INSERT OR IGNORE INTO seed_ingestion_records (id,seed_run_id,entity_type,entity_id,source_id,status) VALUES ('ir_s09_pharmacy_2ced0c08e2a8e04a','seed_run_s09_osm_pharmacies_20260502','organization','org_s09_pharmacy_2ced0c08e2a8e04a','seed_source_osm_pharmacies_ng_20260502','ingested');
INSERT OR IGNORE INTO seed_entity_sources (id,seed_run_id,entity_type,entity_id,source_id,confidence_tier) VALUES ('es_s09_pharmacy_2ced0c08e2a8e04a','seed_run_s09_osm_pharmacies_20260502','organization','org_s09_pharmacy_2ced0c08e2a8e04a','seed_source_osm_pharmacies_ng_20260502','seeded');
INSERT OR IGNORE INTO seed_enrichment (id,seed_run_id,entity_type,entity_id,enrichment_type,enrichment_json) VALUES ('enr_s09_pharmacy_2ced0c08e2a8e04a','seed_run_s09_osm_pharmacies_20260502','organization','org_s09_pharmacy_2ced0c08e2a8e04a','licence_data','{"osm_id": "12469043358", "amenity": "pharmacy", "addr_state": null, "operator": null, "brand": null}');

INSERT OR IGNORE INTO organizations (id,tenant_id,organization_type,legal_name,display_name,registration_number,status,verification_state,created_at,updated_at) VALUES ('org_s09_pharmacy_83c72cbaddd97c76','tenant_platform_seed','pharmacy','Dezubik','Dezubik',NULL,'active','seeded',unixepoch(),unixepoch());
INSERT OR IGNORE INTO profiles (id,subject_id,subject_type,primary_place_id,tenant_id,workspace_id,display_name,created_at,updated_at) VALUES ('prof_s09_pharmacy_83c72cbaddd97c76','org_s09_pharmacy_83c72cbaddd97c76','organization','place_nigeria_001','tenant_platform_seed','workspace_platform_seed_discovery','Dezubik',unixepoch(),unixepoch());
INSERT OR IGNORE INTO search_entries (id,profile_id,display_name,keywords,ancestry_path,vertical,created_at,updated_at) VALUES ('se_s09_pharmacy_83c72cbaddd97c76','prof_s09_pharmacy_83c72cbaddd97c76','Dezubik','dezubik pharmacy chemist drug store medicine nigeria','place_nigeria_001','pharmacy',unixepoch(),unixepoch());
INSERT OR IGNORE INTO seed_ingestion_records (id,seed_run_id,entity_type,entity_id,source_id,status) VALUES ('ir_s09_pharmacy_83c72cbaddd97c76','seed_run_s09_osm_pharmacies_20260502','organization','org_s09_pharmacy_83c72cbaddd97c76','seed_source_osm_pharmacies_ng_20260502','ingested');
INSERT OR IGNORE INTO seed_entity_sources (id,seed_run_id,entity_type,entity_id,source_id,confidence_tier) VALUES ('es_s09_pharmacy_83c72cbaddd97c76','seed_run_s09_osm_pharmacies_20260502','organization','org_s09_pharmacy_83c72cbaddd97c76','seed_source_osm_pharmacies_ng_20260502','seeded');
INSERT OR IGNORE INTO seed_enrichment (id,seed_run_id,entity_type,entity_id,enrichment_type,enrichment_json) VALUES ('enr_s09_pharmacy_83c72cbaddd97c76','seed_run_s09_osm_pharmacies_20260502','organization','org_s09_pharmacy_83c72cbaddd97c76','licence_data','{"osm_id": "12569299310", "amenity": "pharmacy", "addr_state": null, "operator": null, "brand": null}');

INSERT OR IGNORE INTO organizations (id,tenant_id,organization_type,legal_name,display_name,registration_number,status,verification_state,created_at,updated_at) VALUES ('org_s09_pharmacy_fdc66cebcf7667d2','tenant_platform_seed','pharmacy','Pharmacy','Pharmacy',NULL,'active','seeded',unixepoch(),unixepoch());
INSERT OR IGNORE INTO profiles (id,subject_id,subject_type,primary_place_id,tenant_id,workspace_id,display_name,created_at,updated_at) VALUES ('prof_s09_pharmacy_fdc66cebcf7667d2','org_s09_pharmacy_fdc66cebcf7667d2','organization','place_nigeria_001','tenant_platform_seed','workspace_platform_seed_discovery','Pharmacy',unixepoch(),unixepoch());
INSERT OR IGNORE INTO search_entries (id,profile_id,display_name,keywords,ancestry_path,vertical,created_at,updated_at) VALUES ('se_s09_pharmacy_fdc66cebcf7667d2','prof_s09_pharmacy_fdc66cebcf7667d2','Pharmacy','pharmacy pharmacy chemist drug store medicine nigeria','place_nigeria_001','pharmacy',unixepoch(),unixepoch());
INSERT OR IGNORE INTO seed_ingestion_records (id,seed_run_id,entity_type,entity_id,source_id,status) VALUES ('ir_s09_pharmacy_fdc66cebcf7667d2','seed_run_s09_osm_pharmacies_20260502','organization','org_s09_pharmacy_fdc66cebcf7667d2','seed_source_osm_pharmacies_ng_20260502','ingested');
INSERT OR IGNORE INTO seed_entity_sources (id,seed_run_id,entity_type,entity_id,source_id,confidence_tier) VALUES ('es_s09_pharmacy_fdc66cebcf7667d2','seed_run_s09_osm_pharmacies_20260502','organization','org_s09_pharmacy_fdc66cebcf7667d2','seed_source_osm_pharmacies_ng_20260502','seeded');
INSERT OR IGNORE INTO seed_enrichment (id,seed_run_id,entity_type,entity_id,enrichment_type,enrichment_json) VALUES ('enr_s09_pharmacy_fdc66cebcf7667d2','seed_run_s09_osm_pharmacies_20260502','organization','org_s09_pharmacy_fdc66cebcf7667d2','licence_data','{"osm_id": "12569309424", "amenity": "pharmacy", "addr_state": null, "operator": null, "brand": null}');

INSERT OR IGNORE INTO organizations (id,tenant_id,organization_type,legal_name,display_name,registration_number,status,verification_state,created_at,updated_at) VALUES ('org_s09_pharmacy_542d52aef2db3ae8','tenant_platform_seed','pharmacy','Fiolu Pharmacy Ltd, Gambari Road, Oko Erin, Nigeria','Fiolu Pharmacy Ltd, Gambari Road, Oko Erin, Nigeria',NULL,'active','seeded',unixepoch(),unixepoch());
INSERT OR IGNORE INTO profiles (id,subject_id,subject_type,primary_place_id,tenant_id,workspace_id,display_name,created_at,updated_at) VALUES ('prof_s09_pharmacy_542d52aef2db3ae8','org_s09_pharmacy_542d52aef2db3ae8','organization','place_nigeria_001','tenant_platform_seed','workspace_platform_seed_discovery','Fiolu Pharmacy Ltd, Gambari Road, Oko Erin, Nigeria',unixepoch(),unixepoch());
INSERT OR IGNORE INTO search_entries (id,profile_id,display_name,keywords,ancestry_path,vertical,created_at,updated_at) VALUES ('se_s09_pharmacy_542d52aef2db3ae8','prof_s09_pharmacy_542d52aef2db3ae8','Fiolu Pharmacy Ltd, Gambari Road, Oko Erin, Nigeria','fiolu pharmacy ltd, gambari road, oko erin, nigeria pharmacy chemist drug store medicine nigeria','place_nigeria_001','pharmacy',unixepoch(),unixepoch());
INSERT OR IGNORE INTO seed_ingestion_records (id,seed_run_id,entity_type,entity_id,source_id,status) VALUES ('ir_s09_pharmacy_542d52aef2db3ae8','seed_run_s09_osm_pharmacies_20260502','organization','org_s09_pharmacy_542d52aef2db3ae8','seed_source_osm_pharmacies_ng_20260502','ingested');
INSERT OR IGNORE INTO seed_entity_sources (id,seed_run_id,entity_type,entity_id,source_id,confidence_tier) VALUES ('es_s09_pharmacy_542d52aef2db3ae8','seed_run_s09_osm_pharmacies_20260502','organization','org_s09_pharmacy_542d52aef2db3ae8','seed_source_osm_pharmacies_ng_20260502','seeded');
INSERT OR IGNORE INTO seed_enrichment (id,seed_run_id,entity_type,entity_id,enrichment_type,enrichment_json) VALUES ('enr_s09_pharmacy_542d52aef2db3ae8','seed_run_s09_osm_pharmacies_20260502','organization','org_s09_pharmacy_542d52aef2db3ae8','licence_data','{"osm_id": "13047974997", "amenity": "pharmacy", "addr_state": null, "operator": null, "brand": null}');

INSERT OR IGNORE INTO organizations (id,tenant_id,organization_type,legal_name,display_name,registration_number,status,verification_state,created_at,updated_at) VALUES ('org_s09_pharmacy_915ec354666c9ad5','tenant_platform_seed','pharmacy','FIOLU PHARMACY LTD Pharm Awotuyi G127, Isale, Gambari Rd, Oko Erin 240101, Kwara, Nigeria','FIOLU PHARMACY LTD Pharm Awotuyi G127, Isale, Gambari Rd, Oko Erin 240101, Kwara, Nigeria',NULL,'active','seeded',unixepoch(),unixepoch());
INSERT OR IGNORE INTO profiles (id,subject_id,subject_type,primary_place_id,tenant_id,workspace_id,display_name,created_at,updated_at) VALUES ('prof_s09_pharmacy_915ec354666c9ad5','org_s09_pharmacy_915ec354666c9ad5','organization','place_nigeria_001','tenant_platform_seed','workspace_platform_seed_discovery','FIOLU PHARMACY LTD Pharm Awotuyi G127, Isale, Gambari Rd, Oko Erin 240101, Kwara, Nigeria',unixepoch(),unixepoch());
INSERT OR IGNORE INTO search_entries (id,profile_id,display_name,keywords,ancestry_path,vertical,created_at,updated_at) VALUES ('se_s09_pharmacy_915ec354666c9ad5','prof_s09_pharmacy_915ec354666c9ad5','FIOLU PHARMACY LTD Pharm Awotuyi G127, Isale, Gambari Rd, Oko Erin 240101, Kwara, Nigeria','fiolu pharmacy ltd pharm awotuyi g127, isale, gambari rd, oko erin 240101, kwara, nigeria pharmacy chemist drug store medicine nigeria','place_nigeria_001','pharmacy',unixepoch(),unixepoch());
INSERT OR IGNORE INTO seed_ingestion_records (id,seed_run_id,entity_type,entity_id,source_id,status) VALUES ('ir_s09_pharmacy_915ec354666c9ad5','seed_run_s09_osm_pharmacies_20260502','organization','org_s09_pharmacy_915ec354666c9ad5','seed_source_osm_pharmacies_ng_20260502','ingested');
INSERT OR IGNORE INTO seed_entity_sources (id,seed_run_id,entity_type,entity_id,source_id,confidence_tier) VALUES ('es_s09_pharmacy_915ec354666c9ad5','seed_run_s09_osm_pharmacies_20260502','organization','org_s09_pharmacy_915ec354666c9ad5','seed_source_osm_pharmacies_ng_20260502','seeded');
INSERT OR IGNORE INTO seed_enrichment (id,seed_run_id,entity_type,entity_id,enrichment_type,enrichment_json) VALUES ('enr_s09_pharmacy_915ec354666c9ad5','seed_run_s09_osm_pharmacies_20260502','organization','org_s09_pharmacy_915ec354666c9ad5','licence_data','{"osm_id": "13047974998", "amenity": "pharmacy", "addr_state": null, "operator": null, "brand": null}');

INSERT OR IGNORE INTO organizations (id,tenant_id,organization_type,legal_name,display_name,registration_number,status,verification_state,created_at,updated_at) VALUES ('org_s09_pharmacy_5abc0d3fbcbcae64','tenant_platform_seed','pharmacy','Aromokeye pharmacy, Oko Erin, Nigeria','Aromokeye pharmacy, Oko Erin, Nigeria',NULL,'active','seeded',unixepoch(),unixepoch());
INSERT OR IGNORE INTO profiles (id,subject_id,subject_type,primary_place_id,tenant_id,workspace_id,display_name,created_at,updated_at) VALUES ('prof_s09_pharmacy_5abc0d3fbcbcae64','org_s09_pharmacy_5abc0d3fbcbcae64','organization','place_nigeria_001','tenant_platform_seed','workspace_platform_seed_discovery','Aromokeye pharmacy, Oko Erin, Nigeria',unixepoch(),unixepoch());
INSERT OR IGNORE INTO search_entries (id,profile_id,display_name,keywords,ancestry_path,vertical,created_at,updated_at) VALUES ('se_s09_pharmacy_5abc0d3fbcbcae64','prof_s09_pharmacy_5abc0d3fbcbcae64','Aromokeye pharmacy, Oko Erin, Nigeria','aromokeye pharmacy, oko erin, nigeria pharmacy chemist drug store medicine nigeria','place_nigeria_001','pharmacy',unixepoch(),unixepoch());
INSERT OR IGNORE INTO seed_ingestion_records (id,seed_run_id,entity_type,entity_id,source_id,status) VALUES ('ir_s09_pharmacy_5abc0d3fbcbcae64','seed_run_s09_osm_pharmacies_20260502','organization','org_s09_pharmacy_5abc0d3fbcbcae64','seed_source_osm_pharmacies_ng_20260502','ingested');
INSERT OR IGNORE INTO seed_entity_sources (id,seed_run_id,entity_type,entity_id,source_id,confidence_tier) VALUES ('es_s09_pharmacy_5abc0d3fbcbcae64','seed_run_s09_osm_pharmacies_20260502','organization','org_s09_pharmacy_5abc0d3fbcbcae64','seed_source_osm_pharmacies_ng_20260502','seeded');
INSERT OR IGNORE INTO seed_enrichment (id,seed_run_id,entity_type,entity_id,enrichment_type,enrichment_json) VALUES ('enr_s09_pharmacy_5abc0d3fbcbcae64','seed_run_s09_osm_pharmacies_20260502','organization','org_s09_pharmacy_5abc0d3fbcbcae64','licence_data','{"osm_id": "13047975282", "amenity": "pharmacy", "addr_state": null, "operator": null, "brand": null}');

INSERT OR IGNORE INTO organizations (id,tenant_id,organization_type,legal_name,display_name,registration_number,status,verification_state,created_at,updated_at) VALUES ('org_s09_pharmacy_861e3c0441297cc1','tenant_platform_seed','pharmacy','Aromokeye Pharmacy, Muritala Muhamed Way, Oko Erin, Nigeria','Aromokeye Pharmacy, Muritala Muhamed Way, Oko Erin, Nigeria',NULL,'active','seeded',unixepoch(),unixepoch());
INSERT OR IGNORE INTO profiles (id,subject_id,subject_type,primary_place_id,tenant_id,workspace_id,display_name,created_at,updated_at) VALUES ('prof_s09_pharmacy_861e3c0441297cc1','org_s09_pharmacy_861e3c0441297cc1','organization','place_nigeria_001','tenant_platform_seed','workspace_platform_seed_discovery','Aromokeye Pharmacy, Muritala Muhamed Way, Oko Erin, Nigeria',unixepoch(),unixepoch());
INSERT OR IGNORE INTO search_entries (id,profile_id,display_name,keywords,ancestry_path,vertical,created_at,updated_at) VALUES ('se_s09_pharmacy_861e3c0441297cc1','prof_s09_pharmacy_861e3c0441297cc1','Aromokeye Pharmacy, Muritala Muhamed Way, Oko Erin, Nigeria','aromokeye pharmacy, muritala muhamed way, oko erin, nigeria pharmacy chemist drug store medicine nigeria','place_nigeria_001','pharmacy',unixepoch(),unixepoch());
INSERT OR IGNORE INTO seed_ingestion_records (id,seed_run_id,entity_type,entity_id,source_id,status) VALUES ('ir_s09_pharmacy_861e3c0441297cc1','seed_run_s09_osm_pharmacies_20260502','organization','org_s09_pharmacy_861e3c0441297cc1','seed_source_osm_pharmacies_ng_20260502','ingested');
INSERT OR IGNORE INTO seed_entity_sources (id,seed_run_id,entity_type,entity_id,source_id,confidence_tier) VALUES ('es_s09_pharmacy_861e3c0441297cc1','seed_run_s09_osm_pharmacies_20260502','organization','org_s09_pharmacy_861e3c0441297cc1','seed_source_osm_pharmacies_ng_20260502','seeded');
INSERT OR IGNORE INTO seed_enrichment (id,seed_run_id,entity_type,entity_id,enrichment_type,enrichment_json) VALUES ('enr_s09_pharmacy_861e3c0441297cc1','seed_run_s09_osm_pharmacies_20260502','organization','org_s09_pharmacy_861e3c0441297cc1','licence_data','{"osm_id": "13047975283", "amenity": "pharmacy", "addr_state": null, "operator": null, "brand": null}');

INSERT OR IGNORE INTO organizations (id,tenant_id,organization_type,legal_name,display_name,registration_number,status,verification_state,created_at,updated_at) VALUES ('org_s09_pharmacy_59e4a44f07354a8d','tenant_platform_seed','pharmacy','One Step Pharm Ltd, Ilorin, Nigeria','One Step Pharm Ltd, Ilorin, Nigeria',NULL,'active','seeded',unixepoch(),unixepoch());
INSERT OR IGNORE INTO profiles (id,subject_id,subject_type,primary_place_id,tenant_id,workspace_id,display_name,created_at,updated_at) VALUES ('prof_s09_pharmacy_59e4a44f07354a8d','org_s09_pharmacy_59e4a44f07354a8d','organization','place_nigeria_001','tenant_platform_seed','workspace_platform_seed_discovery','One Step Pharm Ltd, Ilorin, Nigeria',unixepoch(),unixepoch());
INSERT OR IGNORE INTO search_entries (id,profile_id,display_name,keywords,ancestry_path,vertical,created_at,updated_at) VALUES ('se_s09_pharmacy_59e4a44f07354a8d','prof_s09_pharmacy_59e4a44f07354a8d','One Step Pharm Ltd, Ilorin, Nigeria','one step pharm ltd, ilorin, nigeria pharmacy chemist drug store medicine nigeria','place_nigeria_001','pharmacy',unixepoch(),unixepoch());
INSERT OR IGNORE INTO seed_ingestion_records (id,seed_run_id,entity_type,entity_id,source_id,status) VALUES ('ir_s09_pharmacy_59e4a44f07354a8d','seed_run_s09_osm_pharmacies_20260502','organization','org_s09_pharmacy_59e4a44f07354a8d','seed_source_osm_pharmacies_ng_20260502','ingested');
INSERT OR IGNORE INTO seed_entity_sources (id,seed_run_id,entity_type,entity_id,source_id,confidence_tier) VALUES ('es_s09_pharmacy_59e4a44f07354a8d','seed_run_s09_osm_pharmacies_20260502','organization','org_s09_pharmacy_59e4a44f07354a8d','seed_source_osm_pharmacies_ng_20260502','seeded');
INSERT OR IGNORE INTO seed_enrichment (id,seed_run_id,entity_type,entity_id,enrichment_type,enrichment_json) VALUES ('enr_s09_pharmacy_59e4a44f07354a8d','seed_run_s09_osm_pharmacies_20260502','organization','org_s09_pharmacy_59e4a44f07354a8d','licence_data','{"osm_id": "13048286603", "amenity": "pharmacy", "addr_state": null, "operator": null, "brand": null}');

INSERT OR IGNORE INTO organizations (id,tenant_id,organization_type,legal_name,display_name,registration_number,status,verification_state,created_at,updated_at) VALUES ('org_s09_pharmacy_fffac6600cb8d401','tenant_platform_seed','pharmacy','Orchad Pharmacy','Orchad Pharmacy',NULL,'active','seeded',unixepoch(),unixepoch());
INSERT OR IGNORE INTO profiles (id,subject_id,subject_type,primary_place_id,tenant_id,workspace_id,display_name,created_at,updated_at) VALUES ('prof_s09_pharmacy_fffac6600cb8d401','org_s09_pharmacy_fffac6600cb8d401','organization','place_nigeria_001','tenant_platform_seed','workspace_platform_seed_discovery','Orchad Pharmacy',unixepoch(),unixepoch());
INSERT OR IGNORE INTO search_entries (id,profile_id,display_name,keywords,ancestry_path,vertical,created_at,updated_at) VALUES ('se_s09_pharmacy_fffac6600cb8d401','prof_s09_pharmacy_fffac6600cb8d401','Orchad Pharmacy','orchad pharmacy pharmacy chemist drug store medicine nigeria','place_nigeria_001','pharmacy',unixepoch(),unixepoch());
INSERT OR IGNORE INTO seed_ingestion_records (id,seed_run_id,entity_type,entity_id,source_id,status) VALUES ('ir_s09_pharmacy_fffac6600cb8d401','seed_run_s09_osm_pharmacies_20260502','organization','org_s09_pharmacy_fffac6600cb8d401','seed_source_osm_pharmacies_ng_20260502','ingested');
INSERT OR IGNORE INTO seed_entity_sources (id,seed_run_id,entity_type,entity_id,source_id,confidence_tier) VALUES ('es_s09_pharmacy_fffac6600cb8d401','seed_run_s09_osm_pharmacies_20260502','organization','org_s09_pharmacy_fffac6600cb8d401','seed_source_osm_pharmacies_ng_20260502','seeded');
INSERT OR IGNORE INTO seed_enrichment (id,seed_run_id,entity_type,entity_id,enrichment_type,enrichment_json) VALUES ('enr_s09_pharmacy_fffac6600cb8d401','seed_run_s09_osm_pharmacies_20260502','organization','org_s09_pharmacy_fffac6600cb8d401','licence_data','{"osm_id": "13446154507", "amenity": "pharmacy", "addr_state": null, "operator": null, "brand": null}');

INSERT OR IGNORE INTO organizations (id,tenant_id,organization_type,legal_name,display_name,registration_number,status,verification_state,created_at,updated_at) VALUES ('org_s09_pharmacy_aa2e4c78699a85bb','tenant_platform_seed','pharmacy','ALF Pharmacy and Stores','ALF Pharmacy and Stores',NULL,'active','seeded',unixepoch(),unixepoch());
INSERT OR IGNORE INTO profiles (id,subject_id,subject_type,primary_place_id,tenant_id,workspace_id,display_name,created_at,updated_at) VALUES ('prof_s09_pharmacy_aa2e4c78699a85bb','org_s09_pharmacy_aa2e4c78699a85bb','organization','place_nigeria_001','tenant_platform_seed','workspace_platform_seed_discovery','ALF Pharmacy and Stores',unixepoch(),unixepoch());
INSERT OR IGNORE INTO search_entries (id,profile_id,display_name,keywords,ancestry_path,vertical,created_at,updated_at) VALUES ('se_s09_pharmacy_aa2e4c78699a85bb','prof_s09_pharmacy_aa2e4c78699a85bb','ALF Pharmacy and Stores','alf pharmacy and stores pharmacy chemist drug store medicine nigeria','place_nigeria_001','pharmacy',unixepoch(),unixepoch());
INSERT OR IGNORE INTO seed_ingestion_records (id,seed_run_id,entity_type,entity_id,source_id,status) VALUES ('ir_s09_pharmacy_aa2e4c78699a85bb','seed_run_s09_osm_pharmacies_20260502','organization','org_s09_pharmacy_aa2e4c78699a85bb','seed_source_osm_pharmacies_ng_20260502','ingested');
INSERT OR IGNORE INTO seed_entity_sources (id,seed_run_id,entity_type,entity_id,source_id,confidence_tier) VALUES ('es_s09_pharmacy_aa2e4c78699a85bb','seed_run_s09_osm_pharmacies_20260502','organization','org_s09_pharmacy_aa2e4c78699a85bb','seed_source_osm_pharmacies_ng_20260502','seeded');
INSERT OR IGNORE INTO seed_enrichment (id,seed_run_id,entity_type,entity_id,enrichment_type,enrichment_json) VALUES ('enr_s09_pharmacy_aa2e4c78699a85bb','seed_run_s09_osm_pharmacies_20260502','organization','org_s09_pharmacy_aa2e4c78699a85bb','licence_data','{"osm_id": "84396919", "amenity": "pharmacy", "addr_state": null, "operator": null, "brand": null}');

INSERT OR IGNORE INTO organizations (id,tenant_id,organization_type,legal_name,display_name,registration_number,status,verification_state,created_at,updated_at) VALUES ('org_s09_pharmacy_028875658baa6b7e','tenant_platform_seed','pharmacy','Trumax Pharmacy and Supermarket','Trumax Pharmacy and Supermarket',NULL,'active','seeded',unixepoch(),unixepoch());
INSERT OR IGNORE INTO profiles (id,subject_id,subject_type,primary_place_id,tenant_id,workspace_id,display_name,created_at,updated_at) VALUES ('prof_s09_pharmacy_028875658baa6b7e','org_s09_pharmacy_028875658baa6b7e','organization','place_nigeria_001','tenant_platform_seed','workspace_platform_seed_discovery','Trumax Pharmacy and Supermarket',unixepoch(),unixepoch());
INSERT OR IGNORE INTO search_entries (id,profile_id,display_name,keywords,ancestry_path,vertical,created_at,updated_at) VALUES ('se_s09_pharmacy_028875658baa6b7e','prof_s09_pharmacy_028875658baa6b7e','Trumax Pharmacy and Supermarket','trumax pharmacy and supermarket pharmacy chemist drug store medicine nigeria','place_nigeria_001','pharmacy',unixepoch(),unixepoch());
INSERT OR IGNORE INTO seed_ingestion_records (id,seed_run_id,entity_type,entity_id,source_id,status) VALUES ('ir_s09_pharmacy_028875658baa6b7e','seed_run_s09_osm_pharmacies_20260502','organization','org_s09_pharmacy_028875658baa6b7e','seed_source_osm_pharmacies_ng_20260502','ingested');
INSERT OR IGNORE INTO seed_entity_sources (id,seed_run_id,entity_type,entity_id,source_id,confidence_tier) VALUES ('es_s09_pharmacy_028875658baa6b7e','seed_run_s09_osm_pharmacies_20260502','organization','org_s09_pharmacy_028875658baa6b7e','seed_source_osm_pharmacies_ng_20260502','seeded');
INSERT OR IGNORE INTO seed_enrichment (id,seed_run_id,entity_type,entity_id,enrichment_type,enrichment_json) VALUES ('enr_s09_pharmacy_028875658baa6b7e','seed_run_s09_osm_pharmacies_20260502','organization','org_s09_pharmacy_028875658baa6b7e','licence_data','{"osm_id": "378297561", "amenity": "pharmacy", "addr_state": null, "operator": null, "brand": null}');

INSERT OR IGNORE INTO organizations (id,tenant_id,organization_type,legal_name,display_name,registration_number,status,verification_state,created_at,updated_at) VALUES ('org_s09_pharmacy_731ef55da2dc77db','tenant_platform_seed','pharmacy','Akol Mega Pharmacy','Akol Mega Pharmacy',NULL,'active','seeded',unixepoch(),unixepoch());
INSERT OR IGNORE INTO profiles (id,subject_id,subject_type,primary_place_id,tenant_id,workspace_id,display_name,created_at,updated_at) VALUES ('prof_s09_pharmacy_731ef55da2dc77db','org_s09_pharmacy_731ef55da2dc77db','organization','place_nigeria_001','tenant_platform_seed','workspace_platform_seed_discovery','Akol Mega Pharmacy',unixepoch(),unixepoch());
INSERT OR IGNORE INTO search_entries (id,profile_id,display_name,keywords,ancestry_path,vertical,created_at,updated_at) VALUES ('se_s09_pharmacy_731ef55da2dc77db','prof_s09_pharmacy_731ef55da2dc77db','Akol Mega Pharmacy','akol mega pharmacy pharmacy chemist drug store medicine nigeria','place_nigeria_001','pharmacy',unixepoch(),unixepoch());
INSERT OR IGNORE INTO seed_ingestion_records (id,seed_run_id,entity_type,entity_id,source_id,status) VALUES ('ir_s09_pharmacy_731ef55da2dc77db','seed_run_s09_osm_pharmacies_20260502','organization','org_s09_pharmacy_731ef55da2dc77db','seed_source_osm_pharmacies_ng_20260502','ingested');
INSERT OR IGNORE INTO seed_entity_sources (id,seed_run_id,entity_type,entity_id,source_id,confidence_tier) VALUES ('es_s09_pharmacy_731ef55da2dc77db','seed_run_s09_osm_pharmacies_20260502','organization','org_s09_pharmacy_731ef55da2dc77db','seed_source_osm_pharmacies_ng_20260502','seeded');
INSERT OR IGNORE INTO seed_enrichment (id,seed_run_id,entity_type,entity_id,enrichment_type,enrichment_json) VALUES ('enr_s09_pharmacy_731ef55da2dc77db','seed_run_s09_osm_pharmacies_20260502','organization','org_s09_pharmacy_731ef55da2dc77db','licence_data','{"osm_id": "378869322", "amenity": "pharmacy", "addr_state": null, "operator": null, "brand": null}');

INSERT OR IGNORE INTO organizations (id,tenant_id,organization_type,legal_name,display_name,registration_number,status,verification_state,created_at,updated_at) VALUES ('org_s09_pharmacy_a014dc53c99bce51','tenant_platform_seed','pharmacy','HealthPlus','HealthPlus',NULL,'active','seeded',unixepoch(),unixepoch());
INSERT OR IGNORE INTO profiles (id,subject_id,subject_type,primary_place_id,tenant_id,workspace_id,display_name,created_at,updated_at) VALUES ('prof_s09_pharmacy_a014dc53c99bce51','org_s09_pharmacy_a014dc53c99bce51','organization','place_nigeria_001','tenant_platform_seed','workspace_platform_seed_discovery','HealthPlus',unixepoch(),unixepoch());
INSERT OR IGNORE INTO search_entries (id,profile_id,display_name,keywords,ancestry_path,vertical,created_at,updated_at) VALUES ('se_s09_pharmacy_a014dc53c99bce51','prof_s09_pharmacy_a014dc53c99bce51','HealthPlus','healthplus pharmacy chemist drug store medicine nigeria','place_nigeria_001','pharmacy',unixepoch(),unixepoch());
INSERT OR IGNORE INTO seed_ingestion_records (id,seed_run_id,entity_type,entity_id,source_id,status) VALUES ('ir_s09_pharmacy_a014dc53c99bce51','seed_run_s09_osm_pharmacies_20260502','organization','org_s09_pharmacy_a014dc53c99bce51','seed_source_osm_pharmacies_ng_20260502','ingested');
INSERT OR IGNORE INTO seed_entity_sources (id,seed_run_id,entity_type,entity_id,source_id,confidence_tier) VALUES ('es_s09_pharmacy_a014dc53c99bce51','seed_run_s09_osm_pharmacies_20260502','organization','org_s09_pharmacy_a014dc53c99bce51','seed_source_osm_pharmacies_ng_20260502','seeded');
INSERT OR IGNORE INTO seed_enrichment (id,seed_run_id,entity_type,entity_id,enrichment_type,enrichment_json) VALUES ('enr_s09_pharmacy_a014dc53c99bce51','seed_run_s09_osm_pharmacies_20260502','organization','org_s09_pharmacy_a014dc53c99bce51','licence_data','{"osm_id": "540869064", "amenity": "pharmacy", "addr_state": null, "operator": null, "brand": null}');

INSERT OR IGNORE INTO organizations (id,tenant_id,organization_type,legal_name,display_name,registration_number,status,verification_state,created_at,updated_at) VALUES ('org_s09_pharmacy_d3b5af9c0ca50b4e','tenant_platform_seed','pharmacy','36.6','36.6',NULL,'active','seeded',unixepoch(),unixepoch());
INSERT OR IGNORE INTO profiles (id,subject_id,subject_type,primary_place_id,tenant_id,workspace_id,display_name,created_at,updated_at) VALUES ('prof_s09_pharmacy_d3b5af9c0ca50b4e','org_s09_pharmacy_d3b5af9c0ca50b4e','organization','place_nigeria_001','tenant_platform_seed','workspace_platform_seed_discovery','36.6',unixepoch(),unixepoch());
INSERT OR IGNORE INTO search_entries (id,profile_id,display_name,keywords,ancestry_path,vertical,created_at,updated_at) VALUES ('se_s09_pharmacy_d3b5af9c0ca50b4e','prof_s09_pharmacy_d3b5af9c0ca50b4e','36.6','36.6 pharmacy chemist drug store medicine nigeria','place_nigeria_001','pharmacy',unixepoch(),unixepoch());
INSERT OR IGNORE INTO seed_ingestion_records (id,seed_run_id,entity_type,entity_id,source_id,status) VALUES ('ir_s09_pharmacy_d3b5af9c0ca50b4e','seed_run_s09_osm_pharmacies_20260502','organization','org_s09_pharmacy_d3b5af9c0ca50b4e','seed_source_osm_pharmacies_ng_20260502','ingested');
INSERT OR IGNORE INTO seed_entity_sources (id,seed_run_id,entity_type,entity_id,source_id,confidence_tier) VALUES ('es_s09_pharmacy_d3b5af9c0ca50b4e','seed_run_s09_osm_pharmacies_20260502','organization','org_s09_pharmacy_d3b5af9c0ca50b4e','seed_source_osm_pharmacies_ng_20260502','seeded');
INSERT OR IGNORE INTO seed_enrichment (id,seed_run_id,entity_type,entity_id,enrichment_type,enrichment_json) VALUES ('enr_s09_pharmacy_d3b5af9c0ca50b4e','seed_run_s09_osm_pharmacies_20260502','organization','org_s09_pharmacy_d3b5af9c0ca50b4e','licence_data','{"osm_id": "581983942", "amenity": "pharmacy", "addr_state": null, "operator": null, "brand": null}');

INSERT OR IGNORE INTO organizations (id,tenant_id,organization_type,legal_name,display_name,registration_number,status,verification_state,created_at,updated_at) VALUES ('org_s09_pharmacy_24666b44929a591c','tenant_platform_seed','pharmacy','HealthPlus','HealthPlus',NULL,'active','seeded',unixepoch(),unixepoch());
INSERT OR IGNORE INTO profiles (id,subject_id,subject_type,primary_place_id,tenant_id,workspace_id,display_name,created_at,updated_at) VALUES ('prof_s09_pharmacy_24666b44929a591c','org_s09_pharmacy_24666b44929a591c','organization','place_nigeria_001','tenant_platform_seed','workspace_platform_seed_discovery','HealthPlus',unixepoch(),unixepoch());
INSERT OR IGNORE INTO search_entries (id,profile_id,display_name,keywords,ancestry_path,vertical,created_at,updated_at) VALUES ('se_s09_pharmacy_24666b44929a591c','prof_s09_pharmacy_24666b44929a591c','HealthPlus','healthplus pharmacy chemist drug store medicine nigeria','place_nigeria_001','pharmacy',unixepoch(),unixepoch());
INSERT OR IGNORE INTO seed_ingestion_records (id,seed_run_id,entity_type,entity_id,source_id,status) VALUES ('ir_s09_pharmacy_24666b44929a591c','seed_run_s09_osm_pharmacies_20260502','organization','org_s09_pharmacy_24666b44929a591c','seed_source_osm_pharmacies_ng_20260502','ingested');
INSERT OR IGNORE INTO seed_entity_sources (id,seed_run_id,entity_type,entity_id,source_id,confidence_tier) VALUES ('es_s09_pharmacy_24666b44929a591c','seed_run_s09_osm_pharmacies_20260502','organization','org_s09_pharmacy_24666b44929a591c','seed_source_osm_pharmacies_ng_20260502','seeded');
INSERT OR IGNORE INTO seed_enrichment (id,seed_run_id,entity_type,entity_id,enrichment_type,enrichment_json) VALUES ('enr_s09_pharmacy_24666b44929a591c','seed_run_s09_osm_pharmacies_20260502','organization','org_s09_pharmacy_24666b44929a591c','licence_data','{"osm_id": "625815357", "amenity": "pharmacy", "addr_state": null, "operator": null, "brand": null}');

INSERT OR IGNORE INTO organizations (id,tenant_id,organization_type,legal_name,display_name,registration_number,status,verification_state,created_at,updated_at) VALUES ('org_s09_pharmacy_49245f842218bc65','tenant_platform_seed','pharmacy','Chucks Shopping Mall','Chucks Shopping Mall',NULL,'active','seeded',unixepoch(),unixepoch());
INSERT OR IGNORE INTO profiles (id,subject_id,subject_type,primary_place_id,tenant_id,workspace_id,display_name,created_at,updated_at) VALUES ('prof_s09_pharmacy_49245f842218bc65','org_s09_pharmacy_49245f842218bc65','organization','place_nigeria_001','tenant_platform_seed','workspace_platform_seed_discovery','Chucks Shopping Mall',unixepoch(),unixepoch());
INSERT OR IGNORE INTO search_entries (id,profile_id,display_name,keywords,ancestry_path,vertical,created_at,updated_at) VALUES ('se_s09_pharmacy_49245f842218bc65','prof_s09_pharmacy_49245f842218bc65','Chucks Shopping Mall','chucks shopping mall pharmacy chemist drug store medicine nigeria','place_nigeria_001','pharmacy',unixepoch(),unixepoch());
INSERT OR IGNORE INTO seed_ingestion_records (id,seed_run_id,entity_type,entity_id,source_id,status) VALUES ('ir_s09_pharmacy_49245f842218bc65','seed_run_s09_osm_pharmacies_20260502','organization','org_s09_pharmacy_49245f842218bc65','seed_source_osm_pharmacies_ng_20260502','ingested');
INSERT OR IGNORE INTO seed_entity_sources (id,seed_run_id,entity_type,entity_id,source_id,confidence_tier) VALUES ('es_s09_pharmacy_49245f842218bc65','seed_run_s09_osm_pharmacies_20260502','organization','org_s09_pharmacy_49245f842218bc65','seed_source_osm_pharmacies_ng_20260502','seeded');
INSERT OR IGNORE INTO seed_enrichment (id,seed_run_id,entity_type,entity_id,enrichment_type,enrichment_json) VALUES ('enr_s09_pharmacy_49245f842218bc65','seed_run_s09_osm_pharmacies_20260502','organization','org_s09_pharmacy_49245f842218bc65','licence_data','{"osm_id": "632763108", "amenity": "pharmacy", "addr_state": null, "operator": null, "brand": null}');

INSERT OR IGNORE INTO organizations (id,tenant_id,organization_type,legal_name,display_name,registration_number,status,verification_state,created_at,updated_at) VALUES ('org_s09_pharmacy_bc5b9e8b620aa6dc','tenant_platform_seed','pharmacy','Careforte','Careforte',NULL,'active','seeded',unixepoch(),unixepoch());
INSERT OR IGNORE INTO profiles (id,subject_id,subject_type,primary_place_id,tenant_id,workspace_id,display_name,created_at,updated_at) VALUES ('prof_s09_pharmacy_bc5b9e8b620aa6dc','org_s09_pharmacy_bc5b9e8b620aa6dc','organization','place_nigeria_001','tenant_platform_seed','workspace_platform_seed_discovery','Careforte',unixepoch(),unixepoch());
INSERT OR IGNORE INTO search_entries (id,profile_id,display_name,keywords,ancestry_path,vertical,created_at,updated_at) VALUES ('se_s09_pharmacy_bc5b9e8b620aa6dc','prof_s09_pharmacy_bc5b9e8b620aa6dc','Careforte','careforte pharmacy chemist drug store medicine nigeria','place_nigeria_001','pharmacy',unixepoch(),unixepoch());
INSERT OR IGNORE INTO seed_ingestion_records (id,seed_run_id,entity_type,entity_id,source_id,status) VALUES ('ir_s09_pharmacy_bc5b9e8b620aa6dc','seed_run_s09_osm_pharmacies_20260502','organization','org_s09_pharmacy_bc5b9e8b620aa6dc','seed_source_osm_pharmacies_ng_20260502','ingested');
INSERT OR IGNORE INTO seed_entity_sources (id,seed_run_id,entity_type,entity_id,source_id,confidence_tier) VALUES ('es_s09_pharmacy_bc5b9e8b620aa6dc','seed_run_s09_osm_pharmacies_20260502','organization','org_s09_pharmacy_bc5b9e8b620aa6dc','seed_source_osm_pharmacies_ng_20260502','seeded');
INSERT OR IGNORE INTO seed_enrichment (id,seed_run_id,entity_type,entity_id,enrichment_type,enrichment_json) VALUES ('enr_s09_pharmacy_bc5b9e8b620aa6dc','seed_run_s09_osm_pharmacies_20260502','organization','org_s09_pharmacy_bc5b9e8b620aa6dc','licence_data','{"osm_id": "653348028", "amenity": "pharmacy", "addr_state": null, "operator": null, "brand": null}');

INSERT OR IGNORE INTO organizations (id,tenant_id,organization_type,legal_name,display_name,registration_number,status,verification_state,created_at,updated_at) VALUES ('org_s09_pharmacy_e21452887d8ca6cc','tenant_platform_seed','pharmacy','Bona Pharmacy','Bona Pharmacy',NULL,'active','seeded',unixepoch(),unixepoch());
INSERT OR IGNORE INTO profiles (id,subject_id,subject_type,primary_place_id,tenant_id,workspace_id,display_name,created_at,updated_at) VALUES ('prof_s09_pharmacy_e21452887d8ca6cc','org_s09_pharmacy_e21452887d8ca6cc','organization','place_nigeria_001','tenant_platform_seed','workspace_platform_seed_discovery','Bona Pharmacy',unixepoch(),unixepoch());
INSERT OR IGNORE INTO search_entries (id,profile_id,display_name,keywords,ancestry_path,vertical,created_at,updated_at) VALUES ('se_s09_pharmacy_e21452887d8ca6cc','prof_s09_pharmacy_e21452887d8ca6cc','Bona Pharmacy','bona pharmacy pharmacy chemist drug store medicine nigeria','place_nigeria_001','pharmacy',unixepoch(),unixepoch());
INSERT OR IGNORE INTO seed_ingestion_records (id,seed_run_id,entity_type,entity_id,source_id,status) VALUES ('ir_s09_pharmacy_e21452887d8ca6cc','seed_run_s09_osm_pharmacies_20260502','organization','org_s09_pharmacy_e21452887d8ca6cc','seed_source_osm_pharmacies_ng_20260502','ingested');
INSERT OR IGNORE INTO seed_entity_sources (id,seed_run_id,entity_type,entity_id,source_id,confidence_tier) VALUES ('es_s09_pharmacy_e21452887d8ca6cc','seed_run_s09_osm_pharmacies_20260502','organization','org_s09_pharmacy_e21452887d8ca6cc','seed_source_osm_pharmacies_ng_20260502','seeded');
INSERT OR IGNORE INTO seed_enrichment (id,seed_run_id,entity_type,entity_id,enrichment_type,enrichment_json) VALUES ('enr_s09_pharmacy_e21452887d8ca6cc','seed_run_s09_osm_pharmacies_20260502','organization','org_s09_pharmacy_e21452887d8ca6cc','licence_data','{"osm_id": "1067483764", "amenity": "pharmacy", "addr_state": null, "operator": null, "brand": null}');

INSERT OR IGNORE INTO organizations (id,tenant_id,organization_type,legal_name,display_name,registration_number,status,verification_state,created_at,updated_at) VALUES ('org_s09_pharmacy_74181da85cc848ca','tenant_platform_seed','pharmacy','Green Access Pharmacy Ltd.','Green Access Pharmacy Ltd.',NULL,'active','seeded',unixepoch(),unixepoch());
INSERT OR IGNORE INTO profiles (id,subject_id,subject_type,primary_place_id,tenant_id,workspace_id,display_name,created_at,updated_at) VALUES ('prof_s09_pharmacy_74181da85cc848ca','org_s09_pharmacy_74181da85cc848ca','organization','place_nigeria_001','tenant_platform_seed','workspace_platform_seed_discovery','Green Access Pharmacy Ltd.',unixepoch(),unixepoch());
INSERT OR IGNORE INTO search_entries (id,profile_id,display_name,keywords,ancestry_path,vertical,created_at,updated_at) VALUES ('se_s09_pharmacy_74181da85cc848ca','prof_s09_pharmacy_74181da85cc848ca','Green Access Pharmacy Ltd.','green access pharmacy ltd. pharmacy chemist drug store medicine nigeria','place_nigeria_001','pharmacy',unixepoch(),unixepoch());
INSERT OR IGNORE INTO seed_ingestion_records (id,seed_run_id,entity_type,entity_id,source_id,status) VALUES ('ir_s09_pharmacy_74181da85cc848ca','seed_run_s09_osm_pharmacies_20260502','organization','org_s09_pharmacy_74181da85cc848ca','seed_source_osm_pharmacies_ng_20260502','ingested');
INSERT OR IGNORE INTO seed_entity_sources (id,seed_run_id,entity_type,entity_id,source_id,confidence_tier) VALUES ('es_s09_pharmacy_74181da85cc848ca','seed_run_s09_osm_pharmacies_20260502','organization','org_s09_pharmacy_74181da85cc848ca','seed_source_osm_pharmacies_ng_20260502','seeded');
INSERT OR IGNORE INTO seed_enrichment (id,seed_run_id,entity_type,entity_id,enrichment_type,enrichment_json) VALUES ('enr_s09_pharmacy_74181da85cc848ca','seed_run_s09_osm_pharmacies_20260502','organization','org_s09_pharmacy_74181da85cc848ca','licence_data','{"osm_id": "1303733895", "amenity": "pharmacy", "addr_state": null, "operator": null, "brand": null}');

INSERT OR IGNORE INTO organizations (id,tenant_id,organization_type,legal_name,display_name,registration_number,status,verification_state,created_at,updated_at) VALUES ('org_s09_pharmacy_7d1ed95a75abedf8','tenant_platform_seed','pharmacy','Zuman Pharmacy','Zuman Pharmacy',NULL,'active','seeded',unixepoch(),unixepoch());
INSERT OR IGNORE INTO profiles (id,subject_id,subject_type,primary_place_id,tenant_id,workspace_id,display_name,created_at,updated_at) VALUES ('prof_s09_pharmacy_7d1ed95a75abedf8','org_s09_pharmacy_7d1ed95a75abedf8','organization','place_nigeria_001','tenant_platform_seed','workspace_platform_seed_discovery','Zuman Pharmacy',unixepoch(),unixepoch());
INSERT OR IGNORE INTO search_entries (id,profile_id,display_name,keywords,ancestry_path,vertical,created_at,updated_at) VALUES ('se_s09_pharmacy_7d1ed95a75abedf8','prof_s09_pharmacy_7d1ed95a75abedf8','Zuman Pharmacy','zuman pharmacy pharmacy chemist drug store medicine nigeria','place_nigeria_001','pharmacy',unixepoch(),unixepoch());
INSERT OR IGNORE INTO seed_ingestion_records (id,seed_run_id,entity_type,entity_id,source_id,status) VALUES ('ir_s09_pharmacy_7d1ed95a75abedf8','seed_run_s09_osm_pharmacies_20260502','organization','org_s09_pharmacy_7d1ed95a75abedf8','seed_source_osm_pharmacies_ng_20260502','ingested');
INSERT OR IGNORE INTO seed_entity_sources (id,seed_run_id,entity_type,entity_id,source_id,confidence_tier) VALUES ('es_s09_pharmacy_7d1ed95a75abedf8','seed_run_s09_osm_pharmacies_20260502','organization','org_s09_pharmacy_7d1ed95a75abedf8','seed_source_osm_pharmacies_ng_20260502','seeded');
INSERT OR IGNORE INTO seed_enrichment (id,seed_run_id,entity_type,entity_id,enrichment_type,enrichment_json) VALUES ('enr_s09_pharmacy_7d1ed95a75abedf8','seed_run_s09_osm_pharmacies_20260502','organization','org_s09_pharmacy_7d1ed95a75abedf8','licence_data','{"osm_id": "1754869254", "amenity": "pharmacy", "addr_state": null, "operator": null, "brand": null}');

INSERT OR IGNORE INTO organizations (id,tenant_id,organization_type,legal_name,display_name,registration_number,status,verification_state,created_at,updated_at) VALUES ('org_s09_pharmacy_3979982523302496','tenant_platform_seed','pharmacy','Pharmacie Dandi Abarchi','Pharmacie Dandi Abarchi',NULL,'active','seeded',unixepoch(),unixepoch());
INSERT OR IGNORE INTO profiles (id,subject_id,subject_type,primary_place_id,tenant_id,workspace_id,display_name,created_at,updated_at) VALUES ('prof_s09_pharmacy_3979982523302496','org_s09_pharmacy_3979982523302496','organization','place_nigeria_001','tenant_platform_seed','workspace_platform_seed_discovery','Pharmacie Dandi Abarchi',unixepoch(),unixepoch());
INSERT OR IGNORE INTO search_entries (id,profile_id,display_name,keywords,ancestry_path,vertical,created_at,updated_at) VALUES ('se_s09_pharmacy_3979982523302496','prof_s09_pharmacy_3979982523302496','Pharmacie Dandi Abarchi','pharmacie dandi abarchi pharmacy chemist drug store medicine nigeria','place_nigeria_001','pharmacy',unixepoch(),unixepoch());
INSERT OR IGNORE INTO seed_ingestion_records (id,seed_run_id,entity_type,entity_id,source_id,status) VALUES ('ir_s09_pharmacy_3979982523302496','seed_run_s09_osm_pharmacies_20260502','organization','org_s09_pharmacy_3979982523302496','seed_source_osm_pharmacies_ng_20260502','ingested');
INSERT OR IGNORE INTO seed_entity_sources (id,seed_run_id,entity_type,entity_id,source_id,confidence_tier) VALUES ('es_s09_pharmacy_3979982523302496','seed_run_s09_osm_pharmacies_20260502','organization','org_s09_pharmacy_3979982523302496','seed_source_osm_pharmacies_ng_20260502','seeded');
INSERT OR IGNORE INTO seed_enrichment (id,seed_run_id,entity_type,entity_id,enrichment_type,enrichment_json) VALUES ('enr_s09_pharmacy_3979982523302496','seed_run_s09_osm_pharmacies_20260502','organization','org_s09_pharmacy_3979982523302496','licence_data','{"osm_id": "2624942377", "amenity": "pharmacy", "addr_state": null, "operator": null, "brand": null}');

INSERT OR IGNORE INTO organizations (id,tenant_id,organization_type,legal_name,display_name,registration_number,status,verification_state,created_at,updated_at) VALUES ('org_s09_pharmacy_68e68d0ca70c9b67','tenant_platform_seed','pharmacy','Tagour','Tagour',NULL,'active','seeded',unixepoch(),unixepoch());
INSERT OR IGNORE INTO profiles (id,subject_id,subject_type,primary_place_id,tenant_id,workspace_id,display_name,created_at,updated_at) VALUES ('prof_s09_pharmacy_68e68d0ca70c9b67','org_s09_pharmacy_68e68d0ca70c9b67','organization','place_nigeria_001','tenant_platform_seed','workspace_platform_seed_discovery','Tagour',unixepoch(),unixepoch());
INSERT OR IGNORE INTO search_entries (id,profile_id,display_name,keywords,ancestry_path,vertical,created_at,updated_at) VALUES ('se_s09_pharmacy_68e68d0ca70c9b67','prof_s09_pharmacy_68e68d0ca70c9b67','Tagour','tagour pharmacy chemist drug store medicine nigeria','place_nigeria_001','pharmacy',unixepoch(),unixepoch());
INSERT OR IGNORE INTO seed_ingestion_records (id,seed_run_id,entity_type,entity_id,source_id,status) VALUES ('ir_s09_pharmacy_68e68d0ca70c9b67','seed_run_s09_osm_pharmacies_20260502','organization','org_s09_pharmacy_68e68d0ca70c9b67','seed_source_osm_pharmacies_ng_20260502','ingested');
INSERT OR IGNORE INTO seed_entity_sources (id,seed_run_id,entity_type,entity_id,source_id,confidence_tier) VALUES ('es_s09_pharmacy_68e68d0ca70c9b67','seed_run_s09_osm_pharmacies_20260502','organization','org_s09_pharmacy_68e68d0ca70c9b67','seed_source_osm_pharmacies_ng_20260502','seeded');
INSERT OR IGNORE INTO seed_enrichment (id,seed_run_id,entity_type,entity_id,enrichment_type,enrichment_json) VALUES ('enr_s09_pharmacy_68e68d0ca70c9b67','seed_run_s09_osm_pharmacies_20260502','organization','org_s09_pharmacy_68e68d0ca70c9b67','licence_data','{"osm_id": "3218376481", "amenity": "pharmacy", "addr_state": null, "operator": null, "brand": null}');

INSERT OR IGNORE INTO organizations (id,tenant_id,organization_type,legal_name,display_name,registration_number,status,verification_state,created_at,updated_at) VALUES ('org_s09_pharmacy_b2b094f80f52ea19','tenant_platform_seed','pharmacy','17 Portes de maradi','17 Portes de maradi',NULL,'active','seeded',unixepoch(),unixepoch());
INSERT OR IGNORE INTO profiles (id,subject_id,subject_type,primary_place_id,tenant_id,workspace_id,display_name,created_at,updated_at) VALUES ('prof_s09_pharmacy_b2b094f80f52ea19','org_s09_pharmacy_b2b094f80f52ea19','organization','place_nigeria_001','tenant_platform_seed','workspace_platform_seed_discovery','17 Portes de maradi',unixepoch(),unixepoch());
INSERT OR IGNORE INTO search_entries (id,profile_id,display_name,keywords,ancestry_path,vertical,created_at,updated_at) VALUES ('se_s09_pharmacy_b2b094f80f52ea19','prof_s09_pharmacy_b2b094f80f52ea19','17 Portes de maradi','17 portes de maradi pharmacy chemist drug store medicine nigeria','place_nigeria_001','pharmacy',unixepoch(),unixepoch());
INSERT OR IGNORE INTO seed_ingestion_records (id,seed_run_id,entity_type,entity_id,source_id,status) VALUES ('ir_s09_pharmacy_b2b094f80f52ea19','seed_run_s09_osm_pharmacies_20260502','organization','org_s09_pharmacy_b2b094f80f52ea19','seed_source_osm_pharmacies_ng_20260502','ingested');
INSERT OR IGNORE INTO seed_entity_sources (id,seed_run_id,entity_type,entity_id,source_id,confidence_tier) VALUES ('es_s09_pharmacy_b2b094f80f52ea19','seed_run_s09_osm_pharmacies_20260502','organization','org_s09_pharmacy_b2b094f80f52ea19','seed_source_osm_pharmacies_ng_20260502','seeded');
INSERT OR IGNORE INTO seed_enrichment (id,seed_run_id,entity_type,entity_id,enrichment_type,enrichment_json) VALUES ('enr_s09_pharmacy_b2b094f80f52ea19','seed_run_s09_osm_pharmacies_20260502','organization','org_s09_pharmacy_b2b094f80f52ea19','licence_data','{"osm_id": "3353670792", "amenity": "pharmacy", "addr_state": null, "operator": null, "brand": null}');

INSERT OR IGNORE INTO organizations (id,tenant_id,organization_type,legal_name,display_name,registration_number,status,verification_state,created_at,updated_at) VALUES ('org_s09_pharmacy_44d267480af3d463','tenant_platform_seed','pharmacy','Barazaké','Barazaké',NULL,'active','seeded',unixepoch(),unixepoch());
INSERT OR IGNORE INTO profiles (id,subject_id,subject_type,primary_place_id,tenant_id,workspace_id,display_name,created_at,updated_at) VALUES ('prof_s09_pharmacy_44d267480af3d463','org_s09_pharmacy_44d267480af3d463','organization','place_nigeria_001','tenant_platform_seed','workspace_platform_seed_discovery','Barazaké',unixepoch(),unixepoch());
INSERT OR IGNORE INTO search_entries (id,profile_id,display_name,keywords,ancestry_path,vertical,created_at,updated_at) VALUES ('se_s09_pharmacy_44d267480af3d463','prof_s09_pharmacy_44d267480af3d463','Barazaké','barazaké pharmacy chemist drug store medicine nigeria','place_nigeria_001','pharmacy',unixepoch(),unixepoch());
INSERT OR IGNORE INTO seed_ingestion_records (id,seed_run_id,entity_type,entity_id,source_id,status) VALUES ('ir_s09_pharmacy_44d267480af3d463','seed_run_s09_osm_pharmacies_20260502','organization','org_s09_pharmacy_44d267480af3d463','seed_source_osm_pharmacies_ng_20260502','ingested');
INSERT OR IGNORE INTO seed_entity_sources (id,seed_run_id,entity_type,entity_id,source_id,confidence_tier) VALUES ('es_s09_pharmacy_44d267480af3d463','seed_run_s09_osm_pharmacies_20260502','organization','org_s09_pharmacy_44d267480af3d463','seed_source_osm_pharmacies_ng_20260502','seeded');
INSERT OR IGNORE INTO seed_enrichment (id,seed_run_id,entity_type,entity_id,enrichment_type,enrichment_json) VALUES ('enr_s09_pharmacy_44d267480af3d463','seed_run_s09_osm_pharmacies_20260502','organization','org_s09_pharmacy_44d267480af3d463','licence_data','{"osm_id": "3353674819", "amenity": "pharmacy", "addr_state": null, "operator": null, "brand": null}');

INSERT OR IGNORE INTO organizations (id,tenant_id,organization_type,legal_name,display_name,registration_number,status,verification_state,created_at,updated_at) VALUES ('org_s09_pharmacy_b8e0dc6ec3128335','tenant_platform_seed','pharmacy','GOURAMA','GOURAMA',NULL,'active','seeded',unixepoch(),unixepoch());
INSERT OR IGNORE INTO profiles (id,subject_id,subject_type,primary_place_id,tenant_id,workspace_id,display_name,created_at,updated_at) VALUES ('prof_s09_pharmacy_b8e0dc6ec3128335','org_s09_pharmacy_b8e0dc6ec3128335','organization','place_nigeria_001','tenant_platform_seed','workspace_platform_seed_discovery','GOURAMA',unixepoch(),unixepoch());
INSERT OR IGNORE INTO search_entries (id,profile_id,display_name,keywords,ancestry_path,vertical,created_at,updated_at) VALUES ('se_s09_pharmacy_b8e0dc6ec3128335','prof_s09_pharmacy_b8e0dc6ec3128335','GOURAMA','gourama pharmacy chemist drug store medicine nigeria','place_nigeria_001','pharmacy',unixepoch(),unixepoch());
INSERT OR IGNORE INTO seed_ingestion_records (id,seed_run_id,entity_type,entity_id,source_id,status) VALUES ('ir_s09_pharmacy_b8e0dc6ec3128335','seed_run_s09_osm_pharmacies_20260502','organization','org_s09_pharmacy_b8e0dc6ec3128335','seed_source_osm_pharmacies_ng_20260502','ingested');
INSERT OR IGNORE INTO seed_entity_sources (id,seed_run_id,entity_type,entity_id,source_id,confidence_tier) VALUES ('es_s09_pharmacy_b8e0dc6ec3128335','seed_run_s09_osm_pharmacies_20260502','organization','org_s09_pharmacy_b8e0dc6ec3128335','seed_source_osm_pharmacies_ng_20260502','seeded');
INSERT OR IGNORE INTO seed_enrichment (id,seed_run_id,entity_type,entity_id,enrichment_type,enrichment_json) VALUES ('enr_s09_pharmacy_b8e0dc6ec3128335','seed_run_s09_osm_pharmacies_20260502','organization','org_s09_pharmacy_b8e0dc6ec3128335','licence_data','{"osm_id": "3709911766", "amenity": "pharmacy", "addr_state": null, "operator": null, "brand": null}');

INSERT OR IGNORE INTO organizations (id,tenant_id,organization_type,legal_name,display_name,registration_number,status,verification_state,created_at,updated_at) VALUES ('org_s09_pharmacy_c55454183eff6cf7','tenant_platform_seed','pharmacy','Pharmacie Populaire','Pharmacie Populaire',NULL,'active','seeded',unixepoch(),unixepoch());
INSERT OR IGNORE INTO profiles (id,subject_id,subject_type,primary_place_id,tenant_id,workspace_id,display_name,created_at,updated_at) VALUES ('prof_s09_pharmacy_c55454183eff6cf7','org_s09_pharmacy_c55454183eff6cf7','organization','place_nigeria_001','tenant_platform_seed','workspace_platform_seed_discovery','Pharmacie Populaire',unixepoch(),unixepoch());
INSERT OR IGNORE INTO search_entries (id,profile_id,display_name,keywords,ancestry_path,vertical,created_at,updated_at) VALUES ('se_s09_pharmacy_c55454183eff6cf7','prof_s09_pharmacy_c55454183eff6cf7','Pharmacie Populaire','pharmacie populaire pharmacy chemist drug store medicine nigeria','place_nigeria_001','pharmacy',unixepoch(),unixepoch());
INSERT OR IGNORE INTO seed_ingestion_records (id,seed_run_id,entity_type,entity_id,source_id,status) VALUES ('ir_s09_pharmacy_c55454183eff6cf7','seed_run_s09_osm_pharmacies_20260502','organization','org_s09_pharmacy_c55454183eff6cf7','seed_source_osm_pharmacies_ng_20260502','ingested');
INSERT OR IGNORE INTO seed_entity_sources (id,seed_run_id,entity_type,entity_id,source_id,confidence_tier) VALUES ('es_s09_pharmacy_c55454183eff6cf7','seed_run_s09_osm_pharmacies_20260502','organization','org_s09_pharmacy_c55454183eff6cf7','seed_source_osm_pharmacies_ng_20260502','seeded');
INSERT OR IGNORE INTO seed_enrichment (id,seed_run_id,entity_type,entity_id,enrichment_type,enrichment_json) VALUES ('enr_s09_pharmacy_c55454183eff6cf7','seed_run_s09_osm_pharmacies_20260502','organization','org_s09_pharmacy_c55454183eff6cf7','licence_data','{"osm_id": "3709911773", "amenity": "pharmacy", "addr_state": null, "operator": null, "brand": null}');

INSERT OR IGNORE INTO organizations (id,tenant_id,organization_type,legal_name,display_name,registration_number,status,verification_state,created_at,updated_at) VALUES ('org_s09_pharmacy_7a5b992cadddd443','tenant_platform_seed','pharmacy','pharmacie Mounwadata 2','pharmacie Mounwadata 2',NULL,'active','seeded',unixepoch(),unixepoch());
INSERT OR IGNORE INTO profiles (id,subject_id,subject_type,primary_place_id,tenant_id,workspace_id,display_name,created_at,updated_at) VALUES ('prof_s09_pharmacy_7a5b992cadddd443','org_s09_pharmacy_7a5b992cadddd443','organization','place_nigeria_001','tenant_platform_seed','workspace_platform_seed_discovery','pharmacie Mounwadata 2',unixepoch(),unixepoch());
INSERT OR IGNORE INTO search_entries (id,profile_id,display_name,keywords,ancestry_path,vertical,created_at,updated_at) VALUES ('se_s09_pharmacy_7a5b992cadddd443','prof_s09_pharmacy_7a5b992cadddd443','pharmacie Mounwadata 2','pharmacie mounwadata 2 pharmacy chemist drug store medicine nigeria','place_nigeria_001','pharmacy',unixepoch(),unixepoch());
INSERT OR IGNORE INTO seed_ingestion_records (id,seed_run_id,entity_type,entity_id,source_id,status) VALUES ('ir_s09_pharmacy_7a5b992cadddd443','seed_run_s09_osm_pharmacies_20260502','organization','org_s09_pharmacy_7a5b992cadddd443','seed_source_osm_pharmacies_ng_20260502','ingested');
INSERT OR IGNORE INTO seed_entity_sources (id,seed_run_id,entity_type,entity_id,source_id,confidence_tier) VALUES ('es_s09_pharmacy_7a5b992cadddd443','seed_run_s09_osm_pharmacies_20260502','organization','org_s09_pharmacy_7a5b992cadddd443','seed_source_osm_pharmacies_ng_20260502','seeded');
INSERT OR IGNORE INTO seed_enrichment (id,seed_run_id,entity_type,entity_id,enrichment_type,enrichment_json) VALUES ('enr_s09_pharmacy_7a5b992cadddd443','seed_run_s09_osm_pharmacies_20260502','organization','org_s09_pharmacy_7a5b992cadddd443','licence_data','{"osm_id": "3709912090", "amenity": "pharmacy", "addr_state": null, "operator": null, "brand": null}');

INSERT OR IGNORE INTO organizations (id,tenant_id,organization_type,legal_name,display_name,registration_number,status,verification_state,created_at,updated_at) VALUES ('org_s09_pharmacy_0802d622c2de35cc','tenant_platform_seed','pharmacy','pharmacie Souley konni','pharmacie Souley konni',NULL,'active','seeded',unixepoch(),unixepoch());
INSERT OR IGNORE INTO profiles (id,subject_id,subject_type,primary_place_id,tenant_id,workspace_id,display_name,created_at,updated_at) VALUES ('prof_s09_pharmacy_0802d622c2de35cc','org_s09_pharmacy_0802d622c2de35cc','organization','place_nigeria_001','tenant_platform_seed','workspace_platform_seed_discovery','pharmacie Souley konni',unixepoch(),unixepoch());
INSERT OR IGNORE INTO search_entries (id,profile_id,display_name,keywords,ancestry_path,vertical,created_at,updated_at) VALUES ('se_s09_pharmacy_0802d622c2de35cc','prof_s09_pharmacy_0802d622c2de35cc','pharmacie Souley konni','pharmacie souley konni pharmacy chemist drug store medicine nigeria','place_nigeria_001','pharmacy',unixepoch(),unixepoch());
INSERT OR IGNORE INTO seed_ingestion_records (id,seed_run_id,entity_type,entity_id,source_id,status) VALUES ('ir_s09_pharmacy_0802d622c2de35cc','seed_run_s09_osm_pharmacies_20260502','organization','org_s09_pharmacy_0802d622c2de35cc','seed_source_osm_pharmacies_ng_20260502','ingested');
INSERT OR IGNORE INTO seed_entity_sources (id,seed_run_id,entity_type,entity_id,source_id,confidence_tier) VALUES ('es_s09_pharmacy_0802d622c2de35cc','seed_run_s09_osm_pharmacies_20260502','organization','org_s09_pharmacy_0802d622c2de35cc','seed_source_osm_pharmacies_ng_20260502','seeded');
INSERT OR IGNORE INTO seed_enrichment (id,seed_run_id,entity_type,entity_id,enrichment_type,enrichment_json) VALUES ('enr_s09_pharmacy_0802d622c2de35cc','seed_run_s09_osm_pharmacies_20260502','organization','org_s09_pharmacy_0802d622c2de35cc','licence_data','{"osm_id": "3709912091", "amenity": "pharmacy", "addr_state": null, "operator": null, "brand": null}');

INSERT OR IGNORE INTO organizations (id,tenant_id,organization_type,legal_name,display_name,registration_number,status,verification_state,created_at,updated_at) VALUES ('org_s09_pharmacy_4ab08202331ee116','tenant_platform_seed','pharmacy','Pharmacie Bourdja','Pharmacie Bourdja',NULL,'active','seeded',unixepoch(),unixepoch());
INSERT OR IGNORE INTO profiles (id,subject_id,subject_type,primary_place_id,tenant_id,workspace_id,display_name,created_at,updated_at) VALUES ('prof_s09_pharmacy_4ab08202331ee116','org_s09_pharmacy_4ab08202331ee116','organization','place_nigeria_001','tenant_platform_seed','workspace_platform_seed_discovery','Pharmacie Bourdja',unixepoch(),unixepoch());
INSERT OR IGNORE INTO search_entries (id,profile_id,display_name,keywords,ancestry_path,vertical,created_at,updated_at) VALUES ('se_s09_pharmacy_4ab08202331ee116','prof_s09_pharmacy_4ab08202331ee116','Pharmacie Bourdja','pharmacie bourdja pharmacy chemist drug store medicine nigeria','place_nigeria_001','pharmacy',unixepoch(),unixepoch());
INSERT OR IGNORE INTO seed_ingestion_records (id,seed_run_id,entity_type,entity_id,source_id,status) VALUES ('ir_s09_pharmacy_4ab08202331ee116','seed_run_s09_osm_pharmacies_20260502','organization','org_s09_pharmacy_4ab08202331ee116','seed_source_osm_pharmacies_ng_20260502','ingested');
INSERT OR IGNORE INTO seed_entity_sources (id,seed_run_id,entity_type,entity_id,source_id,confidence_tier) VALUES ('es_s09_pharmacy_4ab08202331ee116','seed_run_s09_osm_pharmacies_20260502','organization','org_s09_pharmacy_4ab08202331ee116','seed_source_osm_pharmacies_ng_20260502','seeded');
INSERT OR IGNORE INTO seed_enrichment (id,seed_run_id,entity_type,entity_id,enrichment_type,enrichment_json) VALUES ('enr_s09_pharmacy_4ab08202331ee116','seed_run_s09_osm_pharmacies_20260502','organization','org_s09_pharmacy_4ab08202331ee116','licence_data','{"osm_id": "3900153027", "amenity": "pharmacy", "addr_state": null, "operator": null, "brand": null}');

INSERT OR IGNORE INTO organizations (id,tenant_id,organization_type,legal_name,display_name,registration_number,status,verification_state,created_at,updated_at) VALUES ('org_s09_pharmacy_da8e676cda00b8f5','tenant_platform_seed','pharmacy','Pharmacie Auto','Pharmacie Auto',NULL,'active','seeded',unixepoch(),unixepoch());
INSERT OR IGNORE INTO profiles (id,subject_id,subject_type,primary_place_id,tenant_id,workspace_id,display_name,created_at,updated_at) VALUES ('prof_s09_pharmacy_da8e676cda00b8f5','org_s09_pharmacy_da8e676cda00b8f5','organization','place_nigeria_001','tenant_platform_seed','workspace_platform_seed_discovery','Pharmacie Auto',unixepoch(),unixepoch());
INSERT OR IGNORE INTO search_entries (id,profile_id,display_name,keywords,ancestry_path,vertical,created_at,updated_at) VALUES ('se_s09_pharmacy_da8e676cda00b8f5','prof_s09_pharmacy_da8e676cda00b8f5','Pharmacie Auto','pharmacie auto pharmacy chemist drug store medicine nigeria','place_nigeria_001','pharmacy',unixepoch(),unixepoch());
INSERT OR IGNORE INTO seed_ingestion_records (id,seed_run_id,entity_type,entity_id,source_id,status) VALUES ('ir_s09_pharmacy_da8e676cda00b8f5','seed_run_s09_osm_pharmacies_20260502','organization','org_s09_pharmacy_da8e676cda00b8f5','seed_source_osm_pharmacies_ng_20260502','ingested');
INSERT OR IGNORE INTO seed_entity_sources (id,seed_run_id,entity_type,entity_id,source_id,confidence_tier) VALUES ('es_s09_pharmacy_da8e676cda00b8f5','seed_run_s09_osm_pharmacies_20260502','organization','org_s09_pharmacy_da8e676cda00b8f5','seed_source_osm_pharmacies_ng_20260502','seeded');
INSERT OR IGNORE INTO seed_enrichment (id,seed_run_id,entity_type,entity_id,enrichment_type,enrichment_json) VALUES ('enr_s09_pharmacy_da8e676cda00b8f5','seed_run_s09_osm_pharmacies_20260502','organization','org_s09_pharmacy_da8e676cda00b8f5','licence_data','{"osm_id": "3906045888", "amenity": "pharmacy", "addr_state": null, "operator": null, "brand": null}');

INSERT OR IGNORE INTO organizations (id,tenant_id,organization_type,legal_name,display_name,registration_number,status,verification_state,created_at,updated_at) VALUES ('org_s09_pharmacy_fa09a524f09d857d','tenant_platform_seed','pharmacy','Global Phama SARL','Global Phama SARL',NULL,'active','seeded',unixepoch(),unixepoch());
INSERT OR IGNORE INTO profiles (id,subject_id,subject_type,primary_place_id,tenant_id,workspace_id,display_name,created_at,updated_at) VALUES ('prof_s09_pharmacy_fa09a524f09d857d','org_s09_pharmacy_fa09a524f09d857d','organization','place_nigeria_001','tenant_platform_seed','workspace_platform_seed_discovery','Global Phama SARL',unixepoch(),unixepoch());
INSERT OR IGNORE INTO search_entries (id,profile_id,display_name,keywords,ancestry_path,vertical,created_at,updated_at) VALUES ('se_s09_pharmacy_fa09a524f09d857d','prof_s09_pharmacy_fa09a524f09d857d','Global Phama SARL','global phama sarl pharmacy chemist drug store medicine nigeria','place_nigeria_001','pharmacy',unixepoch(),unixepoch());
INSERT OR IGNORE INTO seed_ingestion_records (id,seed_run_id,entity_type,entity_id,source_id,status) VALUES ('ir_s09_pharmacy_fa09a524f09d857d','seed_run_s09_osm_pharmacies_20260502','organization','org_s09_pharmacy_fa09a524f09d857d','seed_source_osm_pharmacies_ng_20260502','ingested');
INSERT OR IGNORE INTO seed_entity_sources (id,seed_run_id,entity_type,entity_id,source_id,confidence_tier) VALUES ('es_s09_pharmacy_fa09a524f09d857d','seed_run_s09_osm_pharmacies_20260502','organization','org_s09_pharmacy_fa09a524f09d857d','seed_source_osm_pharmacies_ng_20260502','seeded');
INSERT OR IGNORE INTO seed_enrichment (id,seed_run_id,entity_type,entity_id,enrichment_type,enrichment_json) VALUES ('enr_s09_pharmacy_fa09a524f09d857d','seed_run_s09_osm_pharmacies_20260502','organization','org_s09_pharmacy_fa09a524f09d857d','licence_data','{"osm_id": "4316158349", "amenity": "pharmacy", "addr_state": null, "operator": null, "brand": null}');

INSERT OR IGNORE INTO organizations (id,tenant_id,organization_type,legal_name,display_name,registration_number,status,verification_state,created_at,updated_at) VALUES ('org_s09_pharmacy_0b6c05b1561aa56b','tenant_platform_seed','pharmacy','Pharmacie Maradaoua','Pharmacie Maradaoua',NULL,'active','seeded',unixepoch(),unixepoch());
INSERT OR IGNORE INTO profiles (id,subject_id,subject_type,primary_place_id,tenant_id,workspace_id,display_name,created_at,updated_at) VALUES ('prof_s09_pharmacy_0b6c05b1561aa56b','org_s09_pharmacy_0b6c05b1561aa56b','organization','place_nigeria_001','tenant_platform_seed','workspace_platform_seed_discovery','Pharmacie Maradaoua',unixepoch(),unixepoch());
INSERT OR IGNORE INTO search_entries (id,profile_id,display_name,keywords,ancestry_path,vertical,created_at,updated_at) VALUES ('se_s09_pharmacy_0b6c05b1561aa56b','prof_s09_pharmacy_0b6c05b1561aa56b','Pharmacie Maradaoua','pharmacie maradaoua pharmacy chemist drug store medicine nigeria','place_nigeria_001','pharmacy',unixepoch(),unixepoch());
INSERT OR IGNORE INTO seed_ingestion_records (id,seed_run_id,entity_type,entity_id,source_id,status) VALUES ('ir_s09_pharmacy_0b6c05b1561aa56b','seed_run_s09_osm_pharmacies_20260502','organization','org_s09_pharmacy_0b6c05b1561aa56b','seed_source_osm_pharmacies_ng_20260502','ingested');
INSERT OR IGNORE INTO seed_entity_sources (id,seed_run_id,entity_type,entity_id,source_id,confidence_tier) VALUES ('es_s09_pharmacy_0b6c05b1561aa56b','seed_run_s09_osm_pharmacies_20260502','organization','org_s09_pharmacy_0b6c05b1561aa56b','seed_source_osm_pharmacies_ng_20260502','seeded');
INSERT OR IGNORE INTO seed_enrichment (id,seed_run_id,entity_type,entity_id,enrichment_type,enrichment_json) VALUES ('enr_s09_pharmacy_0b6c05b1561aa56b','seed_run_s09_osm_pharmacies_20260502','organization','org_s09_pharmacy_0b6c05b1561aa56b','licence_data','{"osm_id": "4318183316", "amenity": "pharmacy", "addr_state": null, "operator": null, "brand": null}');

INSERT OR IGNORE INTO organizations (id,tenant_id,organization_type,legal_name,display_name,registration_number,status,verification_state,created_at,updated_at) VALUES ('org_s09_pharmacy_72dc1ebfc7f4df69','tenant_platform_seed','pharmacy','Pharmacie 17portes','Pharmacie 17portes',NULL,'active','seeded',unixepoch(),unixepoch());
INSERT OR IGNORE INTO profiles (id,subject_id,subject_type,primary_place_id,tenant_id,workspace_id,display_name,created_at,updated_at) VALUES ('prof_s09_pharmacy_72dc1ebfc7f4df69','org_s09_pharmacy_72dc1ebfc7f4df69','organization','place_nigeria_001','tenant_platform_seed','workspace_platform_seed_discovery','Pharmacie 17portes',unixepoch(),unixepoch());
INSERT OR IGNORE INTO search_entries (id,profile_id,display_name,keywords,ancestry_path,vertical,created_at,updated_at) VALUES ('se_s09_pharmacy_72dc1ebfc7f4df69','prof_s09_pharmacy_72dc1ebfc7f4df69','Pharmacie 17portes','pharmacie 17portes pharmacy chemist drug store medicine nigeria','place_nigeria_001','pharmacy',unixepoch(),unixepoch());
INSERT OR IGNORE INTO seed_ingestion_records (id,seed_run_id,entity_type,entity_id,source_id,status) VALUES ('ir_s09_pharmacy_72dc1ebfc7f4df69','seed_run_s09_osm_pharmacies_20260502','organization','org_s09_pharmacy_72dc1ebfc7f4df69','seed_source_osm_pharmacies_ng_20260502','ingested');
INSERT OR IGNORE INTO seed_entity_sources (id,seed_run_id,entity_type,entity_id,source_id,confidence_tier) VALUES ('es_s09_pharmacy_72dc1ebfc7f4df69','seed_run_s09_osm_pharmacies_20260502','organization','org_s09_pharmacy_72dc1ebfc7f4df69','seed_source_osm_pharmacies_ng_20260502','seeded');
INSERT OR IGNORE INTO seed_enrichment (id,seed_run_id,entity_type,entity_id,enrichment_type,enrichment_json) VALUES ('enr_s09_pharmacy_72dc1ebfc7f4df69','seed_run_s09_osm_pharmacies_20260502','organization','org_s09_pharmacy_72dc1ebfc7f4df69','licence_data','{"osm_id": "4318562792", "amenity": "pharmacy", "addr_state": null, "operator": null, "brand": null}');

INSERT OR IGNORE INTO organizations (id,tenant_id,organization_type,legal_name,display_name,registration_number,status,verification_state,created_at,updated_at) VALUES ('org_s09_pharmacy_ef7b55d0129725b2','tenant_platform_seed','pharmacy','Pharma Store Sarl','Pharma Store Sarl',NULL,'active','seeded',unixepoch(),unixepoch());
INSERT OR IGNORE INTO profiles (id,subject_id,subject_type,primary_place_id,tenant_id,workspace_id,display_name,created_at,updated_at) VALUES ('prof_s09_pharmacy_ef7b55d0129725b2','org_s09_pharmacy_ef7b55d0129725b2','organization','place_nigeria_001','tenant_platform_seed','workspace_platform_seed_discovery','Pharma Store Sarl',unixepoch(),unixepoch());
INSERT OR IGNORE INTO search_entries (id,profile_id,display_name,keywords,ancestry_path,vertical,created_at,updated_at) VALUES ('se_s09_pharmacy_ef7b55d0129725b2','prof_s09_pharmacy_ef7b55d0129725b2','Pharma Store Sarl','pharma store sarl pharmacy chemist drug store medicine nigeria','place_nigeria_001','pharmacy',unixepoch(),unixepoch());
INSERT OR IGNORE INTO seed_ingestion_records (id,seed_run_id,entity_type,entity_id,source_id,status) VALUES ('ir_s09_pharmacy_ef7b55d0129725b2','seed_run_s09_osm_pharmacies_20260502','organization','org_s09_pharmacy_ef7b55d0129725b2','seed_source_osm_pharmacies_ng_20260502','ingested');
INSERT OR IGNORE INTO seed_entity_sources (id,seed_run_id,entity_type,entity_id,source_id,confidence_tier) VALUES ('es_s09_pharmacy_ef7b55d0129725b2','seed_run_s09_osm_pharmacies_20260502','organization','org_s09_pharmacy_ef7b55d0129725b2','seed_source_osm_pharmacies_ng_20260502','seeded');
INSERT OR IGNORE INTO seed_enrichment (id,seed_run_id,entity_type,entity_id,enrichment_type,enrichment_json) VALUES ('enr_s09_pharmacy_ef7b55d0129725b2','seed_run_s09_osm_pharmacies_20260502','organization','org_s09_pharmacy_ef7b55d0129725b2','licence_data','{"osm_id": "4319251002", "amenity": "pharmacy", "addr_state": null, "operator": null, "brand": null}');

INSERT OR IGNORE INTO organizations (id,tenant_id,organization_type,legal_name,display_name,registration_number,status,verification_state,created_at,updated_at) VALUES ('org_s09_pharmacy_8c784a3251a69b7f','tenant_platform_seed','pharmacy','Pharmacie Islamique','Pharmacie Islamique',NULL,'active','seeded',unixepoch(),unixepoch());
INSERT OR IGNORE INTO profiles (id,subject_id,subject_type,primary_place_id,tenant_id,workspace_id,display_name,created_at,updated_at) VALUES ('prof_s09_pharmacy_8c784a3251a69b7f','org_s09_pharmacy_8c784a3251a69b7f','organization','place_nigeria_001','tenant_platform_seed','workspace_platform_seed_discovery','Pharmacie Islamique',unixepoch(),unixepoch());
INSERT OR IGNORE INTO search_entries (id,profile_id,display_name,keywords,ancestry_path,vertical,created_at,updated_at) VALUES ('se_s09_pharmacy_8c784a3251a69b7f','prof_s09_pharmacy_8c784a3251a69b7f','Pharmacie Islamique','pharmacie islamique pharmacy chemist drug store medicine nigeria','place_nigeria_001','pharmacy',unixepoch(),unixepoch());
INSERT OR IGNORE INTO seed_ingestion_records (id,seed_run_id,entity_type,entity_id,source_id,status) VALUES ('ir_s09_pharmacy_8c784a3251a69b7f','seed_run_s09_osm_pharmacies_20260502','organization','org_s09_pharmacy_8c784a3251a69b7f','seed_source_osm_pharmacies_ng_20260502','ingested');
INSERT OR IGNORE INTO seed_entity_sources (id,seed_run_id,entity_type,entity_id,source_id,confidence_tier) VALUES ('es_s09_pharmacy_8c784a3251a69b7f','seed_run_s09_osm_pharmacies_20260502','organization','org_s09_pharmacy_8c784a3251a69b7f','seed_source_osm_pharmacies_ng_20260502','seeded');
INSERT OR IGNORE INTO seed_enrichment (id,seed_run_id,entity_type,entity_id,enrichment_type,enrichment_json) VALUES ('enr_s09_pharmacy_8c784a3251a69b7f','seed_run_s09_osm_pharmacies_20260502','organization','org_s09_pharmacy_8c784a3251a69b7f','licence_data','{"osm_id": "4319550451", "amenity": "pharmacy", "addr_state": null, "operator": null, "brand": null}');

INSERT OR IGNORE INTO organizations (id,tenant_id,organization_type,legal_name,display_name,registration_number,status,verification_state,created_at,updated_at) VALUES ('org_s09_pharmacy_5ac1878838b69f53','tenant_platform_seed','pharmacy','Pharmacie Islamique','Pharmacie Islamique',NULL,'active','seeded',unixepoch(),unixepoch());
INSERT OR IGNORE INTO profiles (id,subject_id,subject_type,primary_place_id,tenant_id,workspace_id,display_name,created_at,updated_at) VALUES ('prof_s09_pharmacy_5ac1878838b69f53','org_s09_pharmacy_5ac1878838b69f53','organization','place_nigeria_001','tenant_platform_seed','workspace_platform_seed_discovery','Pharmacie Islamique',unixepoch(),unixepoch());
INSERT OR IGNORE INTO search_entries (id,profile_id,display_name,keywords,ancestry_path,vertical,created_at,updated_at) VALUES ('se_s09_pharmacy_5ac1878838b69f53','prof_s09_pharmacy_5ac1878838b69f53','Pharmacie Islamique','pharmacie islamique pharmacy chemist drug store medicine nigeria','place_nigeria_001','pharmacy',unixepoch(),unixepoch());
INSERT OR IGNORE INTO seed_ingestion_records (id,seed_run_id,entity_type,entity_id,source_id,status) VALUES ('ir_s09_pharmacy_5ac1878838b69f53','seed_run_s09_osm_pharmacies_20260502','organization','org_s09_pharmacy_5ac1878838b69f53','seed_source_osm_pharmacies_ng_20260502','ingested');
INSERT OR IGNORE INTO seed_entity_sources (id,seed_run_id,entity_type,entity_id,source_id,confidence_tier) VALUES ('es_s09_pharmacy_5ac1878838b69f53','seed_run_s09_osm_pharmacies_20260502','organization','org_s09_pharmacy_5ac1878838b69f53','seed_source_osm_pharmacies_ng_20260502','seeded');
INSERT OR IGNORE INTO seed_enrichment (id,seed_run_id,entity_type,entity_id,enrichment_type,enrichment_json) VALUES ('enr_s09_pharmacy_5ac1878838b69f53','seed_run_s09_osm_pharmacies_20260502','organization','org_s09_pharmacy_5ac1878838b69f53','licence_data','{"osm_id": "4319551495", "amenity": "pharmacy", "addr_state": null, "operator": null, "brand": null}');

INSERT OR IGNORE INTO organizations (id,tenant_id,organization_type,legal_name,display_name,registration_number,status,verification_state,created_at,updated_at) VALUES ('org_s09_pharmacy_1c7c880ca6915a7c','tenant_platform_seed','pharmacy','NA SIARA','NA SIARA',NULL,'active','seeded',unixepoch(),unixepoch());
INSERT OR IGNORE INTO profiles (id,subject_id,subject_type,primary_place_id,tenant_id,workspace_id,display_name,created_at,updated_at) VALUES ('prof_s09_pharmacy_1c7c880ca6915a7c','org_s09_pharmacy_1c7c880ca6915a7c','organization','place_nigeria_001','tenant_platform_seed','workspace_platform_seed_discovery','NA SIARA',unixepoch(),unixepoch());
INSERT OR IGNORE INTO search_entries (id,profile_id,display_name,keywords,ancestry_path,vertical,created_at,updated_at) VALUES ('se_s09_pharmacy_1c7c880ca6915a7c','prof_s09_pharmacy_1c7c880ca6915a7c','NA SIARA','na siara pharmacy chemist drug store medicine nigeria','place_nigeria_001','pharmacy',unixepoch(),unixepoch());
INSERT OR IGNORE INTO seed_ingestion_records (id,seed_run_id,entity_type,entity_id,source_id,status) VALUES ('ir_s09_pharmacy_1c7c880ca6915a7c','seed_run_s09_osm_pharmacies_20260502','organization','org_s09_pharmacy_1c7c880ca6915a7c','seed_source_osm_pharmacies_ng_20260502','ingested');
INSERT OR IGNORE INTO seed_entity_sources (id,seed_run_id,entity_type,entity_id,source_id,confidence_tier) VALUES ('es_s09_pharmacy_1c7c880ca6915a7c','seed_run_s09_osm_pharmacies_20260502','organization','org_s09_pharmacy_1c7c880ca6915a7c','seed_source_osm_pharmacies_ng_20260502','seeded');
INSERT OR IGNORE INTO seed_enrichment (id,seed_run_id,entity_type,entity_id,enrichment_type,enrichment_json) VALUES ('enr_s09_pharmacy_1c7c880ca6915a7c','seed_run_s09_osm_pharmacies_20260502','organization','org_s09_pharmacy_1c7c880ca6915a7c','licence_data','{"osm_id": "4402436093", "amenity": "pharmacy", "addr_state": null, "operator": null, "brand": null}');

INSERT OR IGNORE INTO organizations (id,tenant_id,organization_type,legal_name,display_name,registration_number,status,verification_state,created_at,updated_at) VALUES ('org_s09_pharmacy_cd7e26e9dd3f9a05','tenant_platform_seed','pharmacy','Albarka','Albarka',NULL,'active','seeded',unixepoch(),unixepoch());
INSERT OR IGNORE INTO profiles (id,subject_id,subject_type,primary_place_id,tenant_id,workspace_id,display_name,created_at,updated_at) VALUES ('prof_s09_pharmacy_cd7e26e9dd3f9a05','org_s09_pharmacy_cd7e26e9dd3f9a05','organization','place_nigeria_001','tenant_platform_seed','workspace_platform_seed_discovery','Albarka',unixepoch(),unixepoch());
INSERT OR IGNORE INTO search_entries (id,profile_id,display_name,keywords,ancestry_path,vertical,created_at,updated_at) VALUES ('se_s09_pharmacy_cd7e26e9dd3f9a05','prof_s09_pharmacy_cd7e26e9dd3f9a05','Albarka','albarka pharmacy chemist drug store medicine nigeria','place_nigeria_001','pharmacy',unixepoch(),unixepoch());
INSERT OR IGNORE INTO seed_ingestion_records (id,seed_run_id,entity_type,entity_id,source_id,status) VALUES ('ir_s09_pharmacy_cd7e26e9dd3f9a05','seed_run_s09_osm_pharmacies_20260502','organization','org_s09_pharmacy_cd7e26e9dd3f9a05','seed_source_osm_pharmacies_ng_20260502','ingested');
INSERT OR IGNORE INTO seed_entity_sources (id,seed_run_id,entity_type,entity_id,source_id,confidence_tier) VALUES ('es_s09_pharmacy_cd7e26e9dd3f9a05','seed_run_s09_osm_pharmacies_20260502','organization','org_s09_pharmacy_cd7e26e9dd3f9a05','seed_source_osm_pharmacies_ng_20260502','seeded');
INSERT OR IGNORE INTO seed_enrichment (id,seed_run_id,entity_type,entity_id,enrichment_type,enrichment_json) VALUES ('enr_s09_pharmacy_cd7e26e9dd3f9a05','seed_run_s09_osm_pharmacies_20260502','organization','org_s09_pharmacy_cd7e26e9dd3f9a05','licence_data','{"osm_id": "4402557389", "amenity": "pharmacy", "addr_state": null, "operator": null, "brand": null}');

INSERT OR IGNORE INTO organizations (id,tenant_id,organization_type,legal_name,display_name,registration_number,status,verification_state,created_at,updated_at) VALUES ('org_s09_pharmacy_bcaec303845545f2','tenant_platform_seed','pharmacy','Dialogue Pharmacy','Dialogue Pharmacy',NULL,'active','seeded',unixepoch(),unixepoch());
INSERT OR IGNORE INTO profiles (id,subject_id,subject_type,primary_place_id,tenant_id,workspace_id,display_name,created_at,updated_at) VALUES ('prof_s09_pharmacy_bcaec303845545f2','org_s09_pharmacy_bcaec303845545f2','organization','place_nigeria_001','tenant_platform_seed','workspace_platform_seed_discovery','Dialogue Pharmacy',unixepoch(),unixepoch());
INSERT OR IGNORE INTO search_entries (id,profile_id,display_name,keywords,ancestry_path,vertical,created_at,updated_at) VALUES ('se_s09_pharmacy_bcaec303845545f2','prof_s09_pharmacy_bcaec303845545f2','Dialogue Pharmacy','dialogue pharmacy pharmacy chemist drug store medicine nigeria','place_nigeria_001','pharmacy',unixepoch(),unixepoch());
INSERT OR IGNORE INTO seed_ingestion_records (id,seed_run_id,entity_type,entity_id,source_id,status) VALUES ('ir_s09_pharmacy_bcaec303845545f2','seed_run_s09_osm_pharmacies_20260502','organization','org_s09_pharmacy_bcaec303845545f2','seed_source_osm_pharmacies_ng_20260502','ingested');
INSERT OR IGNORE INTO seed_entity_sources (id,seed_run_id,entity_type,entity_id,source_id,confidence_tier) VALUES ('es_s09_pharmacy_bcaec303845545f2','seed_run_s09_osm_pharmacies_20260502','organization','org_s09_pharmacy_bcaec303845545f2','seed_source_osm_pharmacies_ng_20260502','seeded');
INSERT OR IGNORE INTO seed_enrichment (id,seed_run_id,entity_type,entity_id,enrichment_type,enrichment_json) VALUES ('enr_s09_pharmacy_bcaec303845545f2','seed_run_s09_osm_pharmacies_20260502','organization','org_s09_pharmacy_bcaec303845545f2','licence_data','{"osm_id": "4912505223", "amenity": "pharmacy", "addr_state": null, "operator": null, "brand": null}');

INSERT OR IGNORE INTO organizations (id,tenant_id,organization_type,legal_name,display_name,registration_number,status,verification_state,created_at,updated_at) VALUES ('org_s09_pharmacy_8903cedfb538512f','tenant_platform_seed','pharmacy','Pharmacie Saraounia','Pharmacie Saraounia',NULL,'active','seeded',unixepoch(),unixepoch());
INSERT OR IGNORE INTO profiles (id,subject_id,subject_type,primary_place_id,tenant_id,workspace_id,display_name,created_at,updated_at) VALUES ('prof_s09_pharmacy_8903cedfb538512f','org_s09_pharmacy_8903cedfb538512f','organization','place_nigeria_001','tenant_platform_seed','workspace_platform_seed_discovery','Pharmacie Saraounia',unixepoch(),unixepoch());
INSERT OR IGNORE INTO search_entries (id,profile_id,display_name,keywords,ancestry_path,vertical,created_at,updated_at) VALUES ('se_s09_pharmacy_8903cedfb538512f','prof_s09_pharmacy_8903cedfb538512f','Pharmacie Saraounia','pharmacie saraounia pharmacy chemist drug store medicine nigeria','place_nigeria_001','pharmacy',unixepoch(),unixepoch());
INSERT OR IGNORE INTO seed_ingestion_records (id,seed_run_id,entity_type,entity_id,source_id,status) VALUES ('ir_s09_pharmacy_8903cedfb538512f','seed_run_s09_osm_pharmacies_20260502','organization','org_s09_pharmacy_8903cedfb538512f','seed_source_osm_pharmacies_ng_20260502','ingested');
INSERT OR IGNORE INTO seed_entity_sources (id,seed_run_id,entity_type,entity_id,source_id,confidence_tier) VALUES ('es_s09_pharmacy_8903cedfb538512f','seed_run_s09_osm_pharmacies_20260502','organization','org_s09_pharmacy_8903cedfb538512f','seed_source_osm_pharmacies_ng_20260502','seeded');
INSERT OR IGNORE INTO seed_enrichment (id,seed_run_id,entity_type,entity_id,enrichment_type,enrichment_json) VALUES ('enr_s09_pharmacy_8903cedfb538512f','seed_run_s09_osm_pharmacies_20260502','organization','org_s09_pharmacy_8903cedfb538512f','licence_data','{"osm_id": "5225275431", "amenity": "pharmacy", "addr_state": null, "operator": null, "brand": null}');

INSERT OR IGNORE INTO organizations (id,tenant_id,organization_type,legal_name,display_name,registration_number,status,verification_state,created_at,updated_at) VALUES ('org_s09_pharmacy_e3295e5bdb42ea6b','tenant_platform_seed','pharmacy','Skylark Pharmacy','Skylark Pharmacy',NULL,'active','seeded',unixepoch(),unixepoch());
INSERT OR IGNORE INTO profiles (id,subject_id,subject_type,primary_place_id,tenant_id,workspace_id,display_name,created_at,updated_at) VALUES ('prof_s09_pharmacy_e3295e5bdb42ea6b','org_s09_pharmacy_e3295e5bdb42ea6b','organization','place_nigeria_001','tenant_platform_seed','workspace_platform_seed_discovery','Skylark Pharmacy',unixepoch(),unixepoch());
INSERT OR IGNORE INTO search_entries (id,profile_id,display_name,keywords,ancestry_path,vertical,created_at,updated_at) VALUES ('se_s09_pharmacy_e3295e5bdb42ea6b','prof_s09_pharmacy_e3295e5bdb42ea6b','Skylark Pharmacy','skylark pharmacy pharmacy chemist drug store medicine nigeria','place_nigeria_001','pharmacy',unixepoch(),unixepoch());
INSERT OR IGNORE INTO seed_ingestion_records (id,seed_run_id,entity_type,entity_id,source_id,status) VALUES ('ir_s09_pharmacy_e3295e5bdb42ea6b','seed_run_s09_osm_pharmacies_20260502','organization','org_s09_pharmacy_e3295e5bdb42ea6b','seed_source_osm_pharmacies_ng_20260502','ingested');
INSERT OR IGNORE INTO seed_entity_sources (id,seed_run_id,entity_type,entity_id,source_id,confidence_tier) VALUES ('es_s09_pharmacy_e3295e5bdb42ea6b','seed_run_s09_osm_pharmacies_20260502','organization','org_s09_pharmacy_e3295e5bdb42ea6b','seed_source_osm_pharmacies_ng_20260502','seeded');
INSERT OR IGNORE INTO seed_enrichment (id,seed_run_id,entity_type,entity_id,enrichment_type,enrichment_json) VALUES ('enr_s09_pharmacy_e3295e5bdb42ea6b','seed_run_s09_osm_pharmacies_20260502','organization','org_s09_pharmacy_e3295e5bdb42ea6b','licence_data','{"osm_id": "5738249266", "amenity": "pharmacy", "addr_state": null, "operator": null, "brand": null}');

INSERT OR IGNORE INTO organizations (id,tenant_id,organization_type,legal_name,display_name,registration_number,status,verification_state,created_at,updated_at) VALUES ('org_s09_pharmacy_371062752c125f0c','tenant_platform_seed','pharmacy','Ruwa dispensary','Ruwa dispensary',NULL,'active','seeded',unixepoch(),unixepoch());
INSERT OR IGNORE INTO profiles (id,subject_id,subject_type,primary_place_id,tenant_id,workspace_id,display_name,created_at,updated_at) VALUES ('prof_s09_pharmacy_371062752c125f0c','org_s09_pharmacy_371062752c125f0c','organization','place_nigeria_001','tenant_platform_seed','workspace_platform_seed_discovery','Ruwa dispensary',unixepoch(),unixepoch());
INSERT OR IGNORE INTO search_entries (id,profile_id,display_name,keywords,ancestry_path,vertical,created_at,updated_at) VALUES ('se_s09_pharmacy_371062752c125f0c','prof_s09_pharmacy_371062752c125f0c','Ruwa dispensary','ruwa dispensary pharmacy chemist drug store medicine nigeria','place_nigeria_001','pharmacy',unixepoch(),unixepoch());
INSERT OR IGNORE INTO seed_ingestion_records (id,seed_run_id,entity_type,entity_id,source_id,status) VALUES ('ir_s09_pharmacy_371062752c125f0c','seed_run_s09_osm_pharmacies_20260502','organization','org_s09_pharmacy_371062752c125f0c','seed_source_osm_pharmacies_ng_20260502','ingested');
INSERT OR IGNORE INTO seed_entity_sources (id,seed_run_id,entity_type,entity_id,source_id,confidence_tier) VALUES ('es_s09_pharmacy_371062752c125f0c','seed_run_s09_osm_pharmacies_20260502','organization','org_s09_pharmacy_371062752c125f0c','seed_source_osm_pharmacies_ng_20260502','seeded');
INSERT OR IGNORE INTO seed_enrichment (id,seed_run_id,entity_type,entity_id,enrichment_type,enrichment_json) VALUES ('enr_s09_pharmacy_371062752c125f0c','seed_run_s09_osm_pharmacies_20260502','organization','org_s09_pharmacy_371062752c125f0c','licence_data','{"osm_id": "5823887794", "amenity": "pharmacy", "addr_state": null, "operator": null, "brand": null}');

INSERT OR IGNORE INTO organizations (id,tenant_id,organization_type,legal_name,display_name,registration_number,status,verification_state,created_at,updated_at) VALUES ('org_s09_pharmacy_c8af7750d9787dba','tenant_platform_seed','pharmacy','Alkamu Dispensary','Alkamu Dispensary',NULL,'active','seeded',unixepoch(),unixepoch());
INSERT OR IGNORE INTO profiles (id,subject_id,subject_type,primary_place_id,tenant_id,workspace_id,display_name,created_at,updated_at) VALUES ('prof_s09_pharmacy_c8af7750d9787dba','org_s09_pharmacy_c8af7750d9787dba','organization','place_nigeria_001','tenant_platform_seed','workspace_platform_seed_discovery','Alkamu Dispensary',unixepoch(),unixepoch());
INSERT OR IGNORE INTO search_entries (id,profile_id,display_name,keywords,ancestry_path,vertical,created_at,updated_at) VALUES ('se_s09_pharmacy_c8af7750d9787dba','prof_s09_pharmacy_c8af7750d9787dba','Alkamu Dispensary','alkamu dispensary pharmacy chemist drug store medicine nigeria','place_nigeria_001','pharmacy',unixepoch(),unixepoch());
INSERT OR IGNORE INTO seed_ingestion_records (id,seed_run_id,entity_type,entity_id,source_id,status) VALUES ('ir_s09_pharmacy_c8af7750d9787dba','seed_run_s09_osm_pharmacies_20260502','organization','org_s09_pharmacy_c8af7750d9787dba','seed_source_osm_pharmacies_ng_20260502','ingested');
INSERT OR IGNORE INTO seed_entity_sources (id,seed_run_id,entity_type,entity_id,source_id,confidence_tier) VALUES ('es_s09_pharmacy_c8af7750d9787dba','seed_run_s09_osm_pharmacies_20260502','organization','org_s09_pharmacy_c8af7750d9787dba','seed_source_osm_pharmacies_ng_20260502','seeded');
INSERT OR IGNORE INTO seed_enrichment (id,seed_run_id,entity_type,entity_id,enrichment_type,enrichment_json) VALUES ('enr_s09_pharmacy_c8af7750d9787dba','seed_run_s09_osm_pharmacies_20260502','organization','org_s09_pharmacy_c8af7750d9787dba','licence_data','{"osm_id": "5825026062", "amenity": "pharmacy", "addr_state": null, "operator": null, "brand": null}');

INSERT OR IGNORE INTO organizations (id,tenant_id,organization_type,legal_name,display_name,registration_number,status,verification_state,created_at,updated_at) VALUES ('org_s09_pharmacy_b8750ed562ab241c','tenant_platform_seed','pharmacy','Dan Hyrum Pharmacy','Dan Hyrum Pharmacy',NULL,'active','seeded',unixepoch(),unixepoch());
INSERT OR IGNORE INTO profiles (id,subject_id,subject_type,primary_place_id,tenant_id,workspace_id,display_name,created_at,updated_at) VALUES ('prof_s09_pharmacy_b8750ed562ab241c','org_s09_pharmacy_b8750ed562ab241c','organization','place_nigeria_001','tenant_platform_seed','workspace_platform_seed_discovery','Dan Hyrum Pharmacy',unixepoch(),unixepoch());
INSERT OR IGNORE INTO search_entries (id,profile_id,display_name,keywords,ancestry_path,vertical,created_at,updated_at) VALUES ('se_s09_pharmacy_b8750ed562ab241c','prof_s09_pharmacy_b8750ed562ab241c','Dan Hyrum Pharmacy','dan hyrum pharmacy pharmacy chemist drug store medicine nigeria','place_nigeria_001','pharmacy',unixepoch(),unixepoch());
INSERT OR IGNORE INTO seed_ingestion_records (id,seed_run_id,entity_type,entity_id,source_id,status) VALUES ('ir_s09_pharmacy_b8750ed562ab241c','seed_run_s09_osm_pharmacies_20260502','organization','org_s09_pharmacy_b8750ed562ab241c','seed_source_osm_pharmacies_ng_20260502','ingested');
INSERT OR IGNORE INTO seed_entity_sources (id,seed_run_id,entity_type,entity_id,source_id,confidence_tier) VALUES ('es_s09_pharmacy_b8750ed562ab241c','seed_run_s09_osm_pharmacies_20260502','organization','org_s09_pharmacy_b8750ed562ab241c','seed_source_osm_pharmacies_ng_20260502','seeded');
INSERT OR IGNORE INTO seed_enrichment (id,seed_run_id,entity_type,entity_id,enrichment_type,enrichment_json) VALUES ('enr_s09_pharmacy_b8750ed562ab241c','seed_run_s09_osm_pharmacies_20260502','organization','org_s09_pharmacy_b8750ed562ab241c','licence_data','{"osm_id": "5894943785", "amenity": "pharmacy", "addr_state": null, "operator": null, "brand": null}');

INSERT OR IGNORE INTO organizations (id,tenant_id,organization_type,legal_name,display_name,registration_number,status,verification_state,created_at,updated_at) VALUES ('org_s09_pharmacy_647fa4247e5d999a','tenant_platform_seed','pharmacy','Jerusaves pharmacy & Lab','Jerusaves pharmacy & Lab',NULL,'active','seeded',unixepoch(),unixepoch());
INSERT OR IGNORE INTO profiles (id,subject_id,subject_type,primary_place_id,tenant_id,workspace_id,display_name,created_at,updated_at) VALUES ('prof_s09_pharmacy_647fa4247e5d999a','org_s09_pharmacy_647fa4247e5d999a','organization','place_nigeria_001','tenant_platform_seed','workspace_platform_seed_discovery','Jerusaves pharmacy & Lab',unixepoch(),unixepoch());
INSERT OR IGNORE INTO search_entries (id,profile_id,display_name,keywords,ancestry_path,vertical,created_at,updated_at) VALUES ('se_s09_pharmacy_647fa4247e5d999a','prof_s09_pharmacy_647fa4247e5d999a','Jerusaves pharmacy & Lab','jerusaves pharmacy & lab pharmacy chemist drug store medicine nigeria','place_nigeria_001','pharmacy',unixepoch(),unixepoch());
INSERT OR IGNORE INTO seed_ingestion_records (id,seed_run_id,entity_type,entity_id,source_id,status) VALUES ('ir_s09_pharmacy_647fa4247e5d999a','seed_run_s09_osm_pharmacies_20260502','organization','org_s09_pharmacy_647fa4247e5d999a','seed_source_osm_pharmacies_ng_20260502','ingested');
INSERT OR IGNORE INTO seed_entity_sources (id,seed_run_id,entity_type,entity_id,source_id,confidence_tier) VALUES ('es_s09_pharmacy_647fa4247e5d999a','seed_run_s09_osm_pharmacies_20260502','organization','org_s09_pharmacy_647fa4247e5d999a','seed_source_osm_pharmacies_ng_20260502','seeded');
INSERT OR IGNORE INTO seed_enrichment (id,seed_run_id,entity_type,entity_id,enrichment_type,enrichment_json) VALUES ('enr_s09_pharmacy_647fa4247e5d999a','seed_run_s09_osm_pharmacies_20260502','organization','org_s09_pharmacy_647fa4247e5d999a','licence_data','{"osm_id": "6139347686", "amenity": "pharmacy", "addr_state": null, "operator": null, "brand": null}');

INSERT OR IGNORE INTO organizations (id,tenant_id,organization_type,legal_name,display_name,registration_number,status,verification_state,created_at,updated_at) VALUES ('org_s09_pharmacy_b016f8c9bfb086b7','tenant_platform_seed','pharmacy','Dialogue Pharmacy','Dialogue Pharmacy',NULL,'active','seeded',unixepoch(),unixepoch());
INSERT OR IGNORE INTO profiles (id,subject_id,subject_type,primary_place_id,tenant_id,workspace_id,display_name,created_at,updated_at) VALUES ('prof_s09_pharmacy_b016f8c9bfb086b7','org_s09_pharmacy_b016f8c9bfb086b7','organization','place_nigeria_001','tenant_platform_seed','workspace_platform_seed_discovery','Dialogue Pharmacy',unixepoch(),unixepoch());
INSERT OR IGNORE INTO search_entries (id,profile_id,display_name,keywords,ancestry_path,vertical,created_at,updated_at) VALUES ('se_s09_pharmacy_b016f8c9bfb086b7','prof_s09_pharmacy_b016f8c9bfb086b7','Dialogue Pharmacy','dialogue pharmacy pharmacy chemist drug store medicine nigeria','place_nigeria_001','pharmacy',unixepoch(),unixepoch());
INSERT OR IGNORE INTO seed_ingestion_records (id,seed_run_id,entity_type,entity_id,source_id,status) VALUES ('ir_s09_pharmacy_b016f8c9bfb086b7','seed_run_s09_osm_pharmacies_20260502','organization','org_s09_pharmacy_b016f8c9bfb086b7','seed_source_osm_pharmacies_ng_20260502','ingested');
INSERT OR IGNORE INTO seed_entity_sources (id,seed_run_id,entity_type,entity_id,source_id,confidence_tier) VALUES ('es_s09_pharmacy_b016f8c9bfb086b7','seed_run_s09_osm_pharmacies_20260502','organization','org_s09_pharmacy_b016f8c9bfb086b7','seed_source_osm_pharmacies_ng_20260502','seeded');
INSERT OR IGNORE INTO seed_enrichment (id,seed_run_id,entity_type,entity_id,enrichment_type,enrichment_json) VALUES ('enr_s09_pharmacy_b016f8c9bfb086b7','seed_run_s09_osm_pharmacies_20260502','organization','org_s09_pharmacy_b016f8c9bfb086b7','licence_data','{"osm_id": "7512805485", "amenity": "pharmacy", "addr_state": null, "operator": "Dialogue ", "brand": null}');

INSERT OR IGNORE INTO organizations (id,tenant_id,organization_type,legal_name,display_name,registration_number,status,verification_state,created_at,updated_at) VALUES ('org_s09_pharmacy_4999350e8f06719a','tenant_platform_seed','pharmacy','Dallol','Dallol',NULL,'active','seeded',unixepoch(),unixepoch());
INSERT OR IGNORE INTO profiles (id,subject_id,subject_type,primary_place_id,tenant_id,workspace_id,display_name,created_at,updated_at) VALUES ('prof_s09_pharmacy_4999350e8f06719a','org_s09_pharmacy_4999350e8f06719a','organization','place_nigeria_001','tenant_platform_seed','workspace_platform_seed_discovery','Dallol',unixepoch(),unixepoch());
INSERT OR IGNORE INTO search_entries (id,profile_id,display_name,keywords,ancestry_path,vertical,created_at,updated_at) VALUES ('se_s09_pharmacy_4999350e8f06719a','prof_s09_pharmacy_4999350e8f06719a','Dallol','dallol pharmacy chemist drug store medicine nigeria','place_nigeria_001','pharmacy',unixepoch(),unixepoch());
INSERT OR IGNORE INTO seed_ingestion_records (id,seed_run_id,entity_type,entity_id,source_id,status) VALUES ('ir_s09_pharmacy_4999350e8f06719a','seed_run_s09_osm_pharmacies_20260502','organization','org_s09_pharmacy_4999350e8f06719a','seed_source_osm_pharmacies_ng_20260502','ingested');
INSERT OR IGNORE INTO seed_entity_sources (id,seed_run_id,entity_type,entity_id,source_id,confidence_tier) VALUES ('es_s09_pharmacy_4999350e8f06719a','seed_run_s09_osm_pharmacies_20260502','organization','org_s09_pharmacy_4999350e8f06719a','seed_source_osm_pharmacies_ng_20260502','seeded');
INSERT OR IGNORE INTO seed_enrichment (id,seed_run_id,entity_type,entity_id,enrichment_type,enrichment_json) VALUES ('enr_s09_pharmacy_4999350e8f06719a','seed_run_s09_osm_pharmacies_20260502','organization','org_s09_pharmacy_4999350e8f06719a','licence_data','{"osm_id": "7674190317", "amenity": "pharmacy", "addr_state": null, "operator": null, "brand": null}');

INSERT OR IGNORE INTO organizations (id,tenant_id,organization_type,legal_name,display_name,registration_number,status,verification_state,created_at,updated_at) VALUES ('org_s09_pharmacy_a372d0590bc10e68','tenant_platform_seed','pharmacy','Pharmacie espoir','Pharmacie espoir',NULL,'active','seeded',unixepoch(),unixepoch());
INSERT OR IGNORE INTO profiles (id,subject_id,subject_type,primary_place_id,tenant_id,workspace_id,display_name,created_at,updated_at) VALUES ('prof_s09_pharmacy_a372d0590bc10e68','org_s09_pharmacy_a372d0590bc10e68','organization','place_nigeria_001','tenant_platform_seed','workspace_platform_seed_discovery','Pharmacie espoir',unixepoch(),unixepoch());
INSERT OR IGNORE INTO search_entries (id,profile_id,display_name,keywords,ancestry_path,vertical,created_at,updated_at) VALUES ('se_s09_pharmacy_a372d0590bc10e68','prof_s09_pharmacy_a372d0590bc10e68','Pharmacie espoir','pharmacie espoir pharmacy chemist drug store medicine nigeria','place_nigeria_001','pharmacy',unixepoch(),unixepoch());
INSERT OR IGNORE INTO seed_ingestion_records (id,seed_run_id,entity_type,entity_id,source_id,status) VALUES ('ir_s09_pharmacy_a372d0590bc10e68','seed_run_s09_osm_pharmacies_20260502','organization','org_s09_pharmacy_a372d0590bc10e68','seed_source_osm_pharmacies_ng_20260502','ingested');
INSERT OR IGNORE INTO seed_entity_sources (id,seed_run_id,entity_type,entity_id,source_id,confidence_tier) VALUES ('es_s09_pharmacy_a372d0590bc10e68','seed_run_s09_osm_pharmacies_20260502','organization','org_s09_pharmacy_a372d0590bc10e68','seed_source_osm_pharmacies_ng_20260502','seeded');
INSERT OR IGNORE INTO seed_enrichment (id,seed_run_id,entity_type,entity_id,enrichment_type,enrichment_json) VALUES ('enr_s09_pharmacy_a372d0590bc10e68','seed_run_s09_osm_pharmacies_20260502','organization','org_s09_pharmacy_a372d0590bc10e68','licence_data','{"osm_id": "7720971886", "amenity": "pharmacy", "addr_state": null, "operator": null, "brand": null}');

INSERT OR IGNORE INTO organizations (id,tenant_id,organization_type,legal_name,display_name,registration_number,status,verification_state,created_at,updated_at) VALUES ('org_s09_pharmacy_af30ce5b96f0e2f2','tenant_platform_seed','pharmacy','Dépôt pharmaceutique','Dépôt pharmaceutique',NULL,'active','seeded',unixepoch(),unixepoch());
INSERT OR IGNORE INTO profiles (id,subject_id,subject_type,primary_place_id,tenant_id,workspace_id,display_name,created_at,updated_at) VALUES ('prof_s09_pharmacy_af30ce5b96f0e2f2','org_s09_pharmacy_af30ce5b96f0e2f2','organization','place_nigeria_001','tenant_platform_seed','workspace_platform_seed_discovery','Dépôt pharmaceutique',unixepoch(),unixepoch());
INSERT OR IGNORE INTO search_entries (id,profile_id,display_name,keywords,ancestry_path,vertical,created_at,updated_at) VALUES ('se_s09_pharmacy_af30ce5b96f0e2f2','prof_s09_pharmacy_af30ce5b96f0e2f2','Dépôt pharmaceutique','dépôt pharmaceutique pharmacy chemist drug store medicine nigeria','place_nigeria_001','pharmacy',unixepoch(),unixepoch());
INSERT OR IGNORE INTO seed_ingestion_records (id,seed_run_id,entity_type,entity_id,source_id,status) VALUES ('ir_s09_pharmacy_af30ce5b96f0e2f2','seed_run_s09_osm_pharmacies_20260502','organization','org_s09_pharmacy_af30ce5b96f0e2f2','seed_source_osm_pharmacies_ng_20260502','ingested');
INSERT OR IGNORE INTO seed_entity_sources (id,seed_run_id,entity_type,entity_id,source_id,confidence_tier) VALUES ('es_s09_pharmacy_af30ce5b96f0e2f2','seed_run_s09_osm_pharmacies_20260502','organization','org_s09_pharmacy_af30ce5b96f0e2f2','seed_source_osm_pharmacies_ng_20260502','seeded');
INSERT OR IGNORE INTO seed_enrichment (id,seed_run_id,entity_type,entity_id,enrichment_type,enrichment_json) VALUES ('enr_s09_pharmacy_af30ce5b96f0e2f2','seed_run_s09_osm_pharmacies_20260502','organization','org_s09_pharmacy_af30ce5b96f0e2f2','licence_data','{"osm_id": "7954283285", "amenity": "pharmacy", "addr_state": null, "operator": null, "brand": null}');

INSERT OR IGNORE INTO organizations (id,tenant_id,organization_type,legal_name,display_name,registration_number,status,verification_state,created_at,updated_at) VALUES ('org_s09_pharmacy_059d621015fe1c62','tenant_platform_seed','pharmacy','Tonia Pharmacy','Tonia Pharmacy',NULL,'active','seeded',unixepoch(),unixepoch());
INSERT OR IGNORE INTO profiles (id,subject_id,subject_type,primary_place_id,tenant_id,workspace_id,display_name,created_at,updated_at) VALUES ('prof_s09_pharmacy_059d621015fe1c62','org_s09_pharmacy_059d621015fe1c62','organization','place_nigeria_001','tenant_platform_seed','workspace_platform_seed_discovery','Tonia Pharmacy',unixepoch(),unixepoch());
INSERT OR IGNORE INTO search_entries (id,profile_id,display_name,keywords,ancestry_path,vertical,created_at,updated_at) VALUES ('se_s09_pharmacy_059d621015fe1c62','prof_s09_pharmacy_059d621015fe1c62','Tonia Pharmacy','tonia pharmacy pharmacy chemist drug store medicine nigeria','place_nigeria_001','pharmacy',unixepoch(),unixepoch());
INSERT OR IGNORE INTO seed_ingestion_records (id,seed_run_id,entity_type,entity_id,source_id,status) VALUES ('ir_s09_pharmacy_059d621015fe1c62','seed_run_s09_osm_pharmacies_20260502','organization','org_s09_pharmacy_059d621015fe1c62','seed_source_osm_pharmacies_ng_20260502','ingested');
INSERT OR IGNORE INTO seed_entity_sources (id,seed_run_id,entity_type,entity_id,source_id,confidence_tier) VALUES ('es_s09_pharmacy_059d621015fe1c62','seed_run_s09_osm_pharmacies_20260502','organization','org_s09_pharmacy_059d621015fe1c62','seed_source_osm_pharmacies_ng_20260502','seeded');
INSERT OR IGNORE INTO seed_enrichment (id,seed_run_id,entity_type,entity_id,enrichment_type,enrichment_json) VALUES ('enr_s09_pharmacy_059d621015fe1c62','seed_run_s09_osm_pharmacies_20260502','organization','org_s09_pharmacy_059d621015fe1c62','licence_data','{"osm_id": "8415816450", "amenity": "pharmacy", "addr_state": null, "operator": null, "brand": null}');

INSERT OR IGNORE INTO organizations (id,tenant_id,organization_type,legal_name,display_name,registration_number,status,verification_state,created_at,updated_at) VALUES ('org_s09_pharmacy_caccf18e32bb8f25','tenant_platform_seed','pharmacy','Ajata Aboki Dispensary','Ajata Aboki Dispensary',NULL,'active','seeded',unixepoch(),unixepoch());
INSERT OR IGNORE INTO profiles (id,subject_id,subject_type,primary_place_id,tenant_id,workspace_id,display_name,created_at,updated_at) VALUES ('prof_s09_pharmacy_caccf18e32bb8f25','org_s09_pharmacy_caccf18e32bb8f25','organization','place_nigeria_001','tenant_platform_seed','workspace_platform_seed_discovery','Ajata Aboki Dispensary',unixepoch(),unixepoch());
INSERT OR IGNORE INTO search_entries (id,profile_id,display_name,keywords,ancestry_path,vertical,created_at,updated_at) VALUES ('se_s09_pharmacy_caccf18e32bb8f25','prof_s09_pharmacy_caccf18e32bb8f25','Ajata Aboki Dispensary','ajata aboki dispensary pharmacy chemist drug store medicine nigeria','place_nigeria_001','pharmacy',unixepoch(),unixepoch());
INSERT OR IGNORE INTO seed_ingestion_records (id,seed_run_id,entity_type,entity_id,source_id,status) VALUES ('ir_s09_pharmacy_caccf18e32bb8f25','seed_run_s09_osm_pharmacies_20260502','organization','org_s09_pharmacy_caccf18e32bb8f25','seed_source_osm_pharmacies_ng_20260502','ingested');
INSERT OR IGNORE INTO seed_entity_sources (id,seed_run_id,entity_type,entity_id,source_id,confidence_tier) VALUES ('es_s09_pharmacy_caccf18e32bb8f25','seed_run_s09_osm_pharmacies_20260502','organization','org_s09_pharmacy_caccf18e32bb8f25','seed_source_osm_pharmacies_ng_20260502','seeded');
INSERT OR IGNORE INTO seed_enrichment (id,seed_run_id,entity_type,entity_id,enrichment_type,enrichment_json) VALUES ('enr_s09_pharmacy_caccf18e32bb8f25','seed_run_s09_osm_pharmacies_20260502','organization','org_s09_pharmacy_caccf18e32bb8f25','licence_data','{"osm_id": "8429869876", "amenity": "pharmacy", "addr_state": null, "operator": null, "brand": null}');

INSERT OR IGNORE INTO organizations (id,tenant_id,organization_type,legal_name,display_name,registration_number,status,verification_state,created_at,updated_at) VALUES ('org_s09_pharmacy_73addb0114ec2878','tenant_platform_seed','pharmacy','Taonet Pharmacy','Taonet Pharmacy',NULL,'active','seeded',unixepoch(),unixepoch());
INSERT OR IGNORE INTO profiles (id,subject_id,subject_type,primary_place_id,tenant_id,workspace_id,display_name,created_at,updated_at) VALUES ('prof_s09_pharmacy_73addb0114ec2878','org_s09_pharmacy_73addb0114ec2878','organization','place_nigeria_001','tenant_platform_seed','workspace_platform_seed_discovery','Taonet Pharmacy',unixepoch(),unixepoch());
INSERT OR IGNORE INTO search_entries (id,profile_id,display_name,keywords,ancestry_path,vertical,created_at,updated_at) VALUES ('se_s09_pharmacy_73addb0114ec2878','prof_s09_pharmacy_73addb0114ec2878','Taonet Pharmacy','taonet pharmacy pharmacy chemist drug store medicine nigeria','place_nigeria_001','pharmacy',unixepoch(),unixepoch());
INSERT OR IGNORE INTO seed_ingestion_records (id,seed_run_id,entity_type,entity_id,source_id,status) VALUES ('ir_s09_pharmacy_73addb0114ec2878','seed_run_s09_osm_pharmacies_20260502','organization','org_s09_pharmacy_73addb0114ec2878','seed_source_osm_pharmacies_ng_20260502','ingested');
INSERT OR IGNORE INTO seed_entity_sources (id,seed_run_id,entity_type,entity_id,source_id,confidence_tier) VALUES ('es_s09_pharmacy_73addb0114ec2878','seed_run_s09_osm_pharmacies_20260502','organization','org_s09_pharmacy_73addb0114ec2878','seed_source_osm_pharmacies_ng_20260502','seeded');
INSERT OR IGNORE INTO seed_enrichment (id,seed_run_id,entity_type,entity_id,enrichment_type,enrichment_json) VALUES ('enr_s09_pharmacy_73addb0114ec2878','seed_run_s09_osm_pharmacies_20260502','organization','org_s09_pharmacy_73addb0114ec2878','licence_data','{"osm_id": "10225180592", "amenity": "pharmacy", "addr_state": null, "operator": null, "brand": null}');

INSERT OR IGNORE INTO organizations (id,tenant_id,organization_type,legal_name,display_name,registration_number,status,verification_state,created_at,updated_at) VALUES ('org_s09_pharmacy_e5b9cbe915388e34','tenant_platform_seed','pharmacy','Tarei Pharmacy','Tarei Pharmacy',NULL,'active','seeded',unixepoch(),unixepoch());
INSERT OR IGNORE INTO profiles (id,subject_id,subject_type,primary_place_id,tenant_id,workspace_id,display_name,created_at,updated_at) VALUES ('prof_s09_pharmacy_e5b9cbe915388e34','org_s09_pharmacy_e5b9cbe915388e34','organization','place_nigeria_001','tenant_platform_seed','workspace_platform_seed_discovery','Tarei Pharmacy',unixepoch(),unixepoch());
INSERT OR IGNORE INTO search_entries (id,profile_id,display_name,keywords,ancestry_path,vertical,created_at,updated_at) VALUES ('se_s09_pharmacy_e5b9cbe915388e34','prof_s09_pharmacy_e5b9cbe915388e34','Tarei Pharmacy','tarei pharmacy pharmacy chemist drug store medicine nigeria','place_nigeria_001','pharmacy',unixepoch(),unixepoch());
INSERT OR IGNORE INTO seed_ingestion_records (id,seed_run_id,entity_type,entity_id,source_id,status) VALUES ('ir_s09_pharmacy_e5b9cbe915388e34','seed_run_s09_osm_pharmacies_20260502','organization','org_s09_pharmacy_e5b9cbe915388e34','seed_source_osm_pharmacies_ng_20260502','ingested');
INSERT OR IGNORE INTO seed_entity_sources (id,seed_run_id,entity_type,entity_id,source_id,confidence_tier) VALUES ('es_s09_pharmacy_e5b9cbe915388e34','seed_run_s09_osm_pharmacies_20260502','organization','org_s09_pharmacy_e5b9cbe915388e34','seed_source_osm_pharmacies_ng_20260502','seeded');
INSERT OR IGNORE INTO seed_enrichment (id,seed_run_id,entity_type,entity_id,enrichment_type,enrichment_json) VALUES ('enr_s09_pharmacy_e5b9cbe915388e34','seed_run_s09_osm_pharmacies_20260502','organization','org_s09_pharmacy_e5b9cbe915388e34','licence_data','{"osm_id": "10225283918", "amenity": "pharmacy", "addr_state": null, "operator": null, "brand": null}');

INSERT OR IGNORE INTO organizations (id,tenant_id,organization_type,legal_name,display_name,registration_number,status,verification_state,created_at,updated_at) VALUES ('org_s09_pharmacy_22f8d181f2973f91','tenant_platform_seed','pharmacy','RX pharmacy','RX pharmacy',NULL,'active','seeded',unixepoch(),unixepoch());
INSERT OR IGNORE INTO profiles (id,subject_id,subject_type,primary_place_id,tenant_id,workspace_id,display_name,created_at,updated_at) VALUES ('prof_s09_pharmacy_22f8d181f2973f91','org_s09_pharmacy_22f8d181f2973f91','organization','place_nigeria_001','tenant_platform_seed','workspace_platform_seed_discovery','RX pharmacy',unixepoch(),unixepoch());
INSERT OR IGNORE INTO search_entries (id,profile_id,display_name,keywords,ancestry_path,vertical,created_at,updated_at) VALUES ('se_s09_pharmacy_22f8d181f2973f91','prof_s09_pharmacy_22f8d181f2973f91','RX pharmacy','rx pharmacy pharmacy chemist drug store medicine nigeria','place_nigeria_001','pharmacy',unixepoch(),unixepoch());
INSERT OR IGNORE INTO seed_ingestion_records (id,seed_run_id,entity_type,entity_id,source_id,status) VALUES ('ir_s09_pharmacy_22f8d181f2973f91','seed_run_s09_osm_pharmacies_20260502','organization','org_s09_pharmacy_22f8d181f2973f91','seed_source_osm_pharmacies_ng_20260502','ingested');
INSERT OR IGNORE INTO seed_entity_sources (id,seed_run_id,entity_type,entity_id,source_id,confidence_tier) VALUES ('es_s09_pharmacy_22f8d181f2973f91','seed_run_s09_osm_pharmacies_20260502','organization','org_s09_pharmacy_22f8d181f2973f91','seed_source_osm_pharmacies_ng_20260502','seeded');
INSERT OR IGNORE INTO seed_enrichment (id,seed_run_id,entity_type,entity_id,enrichment_type,enrichment_json) VALUES ('enr_s09_pharmacy_22f8d181f2973f91','seed_run_s09_osm_pharmacies_20260502','organization','org_s09_pharmacy_22f8d181f2973f91','licence_data','{"osm_id": "10739619216", "amenity": "pharmacy", "addr_state": null, "operator": null, "brand": null}');

INSERT OR IGNORE INTO organizations (id,tenant_id,organization_type,legal_name,display_name,registration_number,status,verification_state,created_at,updated_at) VALUES ('org_s09_pharmacy_e044c1426c86c375','tenant_platform_seed','pharmacy','Mane Sol Pharmacy','Mane Sol Pharmacy',NULL,'active','seeded',unixepoch(),unixepoch());
INSERT OR IGNORE INTO profiles (id,subject_id,subject_type,primary_place_id,tenant_id,workspace_id,display_name,created_at,updated_at) VALUES ('prof_s09_pharmacy_e044c1426c86c375','org_s09_pharmacy_e044c1426c86c375','organization','place_nigeria_001','tenant_platform_seed','workspace_platform_seed_discovery','Mane Sol Pharmacy',unixepoch(),unixepoch());
INSERT OR IGNORE INTO search_entries (id,profile_id,display_name,keywords,ancestry_path,vertical,created_at,updated_at) VALUES ('se_s09_pharmacy_e044c1426c86c375','prof_s09_pharmacy_e044c1426c86c375','Mane Sol Pharmacy','mane sol pharmacy pharmacy chemist drug store medicine nigeria','place_nigeria_001','pharmacy',unixepoch(),unixepoch());
INSERT OR IGNORE INTO seed_ingestion_records (id,seed_run_id,entity_type,entity_id,source_id,status) VALUES ('ir_s09_pharmacy_e044c1426c86c375','seed_run_s09_osm_pharmacies_20260502','organization','org_s09_pharmacy_e044c1426c86c375','seed_source_osm_pharmacies_ng_20260502','ingested');
INSERT OR IGNORE INTO seed_entity_sources (id,seed_run_id,entity_type,entity_id,source_id,confidence_tier) VALUES ('es_s09_pharmacy_e044c1426c86c375','seed_run_s09_osm_pharmacies_20260502','organization','org_s09_pharmacy_e044c1426c86c375','seed_source_osm_pharmacies_ng_20260502','seeded');
INSERT OR IGNORE INTO seed_enrichment (id,seed_run_id,entity_type,entity_id,enrichment_type,enrichment_json) VALUES ('enr_s09_pharmacy_e044c1426c86c375','seed_run_s09_osm_pharmacies_20260502','organization','org_s09_pharmacy_e044c1426c86c375','licence_data','{"osm_id": "10739640847", "amenity": "pharmacy", "addr_state": null, "operator": null, "brand": null}');

INSERT OR IGNORE INTO organizations (id,tenant_id,organization_type,legal_name,display_name,registration_number,status,verification_state,created_at,updated_at) VALUES ('org_s09_pharmacy_2df9a68ec0c0fa15','tenant_platform_seed','pharmacy','Dépôt pharmacetique Al Amin','Dépôt pharmacetique Al Amin',NULL,'active','seeded',unixepoch(),unixepoch());
INSERT OR IGNORE INTO profiles (id,subject_id,subject_type,primary_place_id,tenant_id,workspace_id,display_name,created_at,updated_at) VALUES ('prof_s09_pharmacy_2df9a68ec0c0fa15','org_s09_pharmacy_2df9a68ec0c0fa15','organization','place_nigeria_001','tenant_platform_seed','workspace_platform_seed_discovery','Dépôt pharmacetique Al Amin',unixepoch(),unixepoch());
INSERT OR IGNORE INTO search_entries (id,profile_id,display_name,keywords,ancestry_path,vertical,created_at,updated_at) VALUES ('se_s09_pharmacy_2df9a68ec0c0fa15','prof_s09_pharmacy_2df9a68ec0c0fa15','Dépôt pharmacetique Al Amin','dépôt pharmacetique al amin pharmacy chemist drug store medicine nigeria','place_nigeria_001','pharmacy',unixepoch(),unixepoch());
INSERT OR IGNORE INTO seed_ingestion_records (id,seed_run_id,entity_type,entity_id,source_id,status) VALUES ('ir_s09_pharmacy_2df9a68ec0c0fa15','seed_run_s09_osm_pharmacies_20260502','organization','org_s09_pharmacy_2df9a68ec0c0fa15','seed_source_osm_pharmacies_ng_20260502','ingested');
INSERT OR IGNORE INTO seed_entity_sources (id,seed_run_id,entity_type,entity_id,source_id,confidence_tier) VALUES ('es_s09_pharmacy_2df9a68ec0c0fa15','seed_run_s09_osm_pharmacies_20260502','organization','org_s09_pharmacy_2df9a68ec0c0fa15','seed_source_osm_pharmacies_ng_20260502','seeded');
INSERT OR IGNORE INTO seed_enrichment (id,seed_run_id,entity_type,entity_id,enrichment_type,enrichment_json) VALUES ('enr_s09_pharmacy_2df9a68ec0c0fa15','seed_run_s09_osm_pharmacies_20260502','organization','org_s09_pharmacy_2df9a68ec0c0fa15','licence_data','{"osm_id": "11076453276", "amenity": "pharmacy", "addr_state": null, "operator": null, "brand": null}');

INSERT OR IGNORE INTO organizations (id,tenant_id,organization_type,legal_name,display_name,registration_number,status,verification_state,created_at,updated_at) VALUES ('org_s09_pharmacy_e0c6d4cdc42fcc4a','tenant_platform_seed','pharmacy','Skylark Pharmacy','Skylark Pharmacy',NULL,'active','seeded',unixepoch(),unixepoch());
INSERT OR IGNORE INTO profiles (id,subject_id,subject_type,primary_place_id,tenant_id,workspace_id,display_name,created_at,updated_at) VALUES ('prof_s09_pharmacy_e0c6d4cdc42fcc4a','org_s09_pharmacy_e0c6d4cdc42fcc4a','organization','place_nigeria_001','tenant_platform_seed','workspace_platform_seed_discovery','Skylark Pharmacy',unixepoch(),unixepoch());
INSERT OR IGNORE INTO search_entries (id,profile_id,display_name,keywords,ancestry_path,vertical,created_at,updated_at) VALUES ('se_s09_pharmacy_e0c6d4cdc42fcc4a','prof_s09_pharmacy_e0c6d4cdc42fcc4a','Skylark Pharmacy','skylark pharmacy pharmacy chemist drug store medicine nigeria','place_nigeria_001','pharmacy',unixepoch(),unixepoch());
INSERT OR IGNORE INTO seed_ingestion_records (id,seed_run_id,entity_type,entity_id,source_id,status) VALUES ('ir_s09_pharmacy_e0c6d4cdc42fcc4a','seed_run_s09_osm_pharmacies_20260502','organization','org_s09_pharmacy_e0c6d4cdc42fcc4a','seed_source_osm_pharmacies_ng_20260502','ingested');
INSERT OR IGNORE INTO seed_entity_sources (id,seed_run_id,entity_type,entity_id,source_id,confidence_tier) VALUES ('es_s09_pharmacy_e0c6d4cdc42fcc4a','seed_run_s09_osm_pharmacies_20260502','organization','org_s09_pharmacy_e0c6d4cdc42fcc4a','seed_source_osm_pharmacies_ng_20260502','seeded');
INSERT OR IGNORE INTO seed_enrichment (id,seed_run_id,entity_type,entity_id,enrichment_type,enrichment_json) VALUES ('enr_s09_pharmacy_e0c6d4cdc42fcc4a','seed_run_s09_osm_pharmacies_20260502','organization','org_s09_pharmacy_e0c6d4cdc42fcc4a','licence_data','{"osm_id": "11478728069", "amenity": "pharmacy", "addr_state": null, "operator": "Skylark Pharmaceuticals & Chemical Co", "brand": null}');

INSERT OR IGNORE INTO organizations (id,tenant_id,organization_type,legal_name,display_name,registration_number,status,verification_state,created_at,updated_at) VALUES ('org_s09_pharmacy_37da4361efb39a3a','tenant_platform_seed','pharmacy','H-Medix pharmacy','H-Medix pharmacy',NULL,'active','seeded',unixepoch(),unixepoch());
INSERT OR IGNORE INTO profiles (id,subject_id,subject_type,primary_place_id,tenant_id,workspace_id,display_name,created_at,updated_at) VALUES ('prof_s09_pharmacy_37da4361efb39a3a','org_s09_pharmacy_37da4361efb39a3a','organization','place_nigeria_001','tenant_platform_seed','workspace_platform_seed_discovery','H-Medix pharmacy',unixepoch(),unixepoch());
INSERT OR IGNORE INTO search_entries (id,profile_id,display_name,keywords,ancestry_path,vertical,created_at,updated_at) VALUES ('se_s09_pharmacy_37da4361efb39a3a','prof_s09_pharmacy_37da4361efb39a3a','H-Medix pharmacy','h-medix pharmacy pharmacy chemist drug store medicine nigeria','place_nigeria_001','pharmacy',unixepoch(),unixepoch());
INSERT OR IGNORE INTO seed_ingestion_records (id,seed_run_id,entity_type,entity_id,source_id,status) VALUES ('ir_s09_pharmacy_37da4361efb39a3a','seed_run_s09_osm_pharmacies_20260502','organization','org_s09_pharmacy_37da4361efb39a3a','seed_source_osm_pharmacies_ng_20260502','ingested');
INSERT OR IGNORE INTO seed_entity_sources (id,seed_run_id,entity_type,entity_id,source_id,confidence_tier) VALUES ('es_s09_pharmacy_37da4361efb39a3a','seed_run_s09_osm_pharmacies_20260502','organization','org_s09_pharmacy_37da4361efb39a3a','seed_source_osm_pharmacies_ng_20260502','seeded');
INSERT OR IGNORE INTO seed_enrichment (id,seed_run_id,entity_type,entity_id,enrichment_type,enrichment_json) VALUES ('enr_s09_pharmacy_37da4361efb39a3a','seed_run_s09_osm_pharmacies_20260502','organization','org_s09_pharmacy_37da4361efb39a3a','licence_data','{"osm_id": "11576552394", "amenity": "pharmacy", "addr_state": null, "operator": null, "brand": null}');

INSERT OR IGNORE INTO organizations (id,tenant_id,organization_type,legal_name,display_name,registration_number,status,verification_state,created_at,updated_at) VALUES ('org_s09_pharmacy_0300dc682e8534c2','tenant_platform_seed','pharmacy','Tonia Pharmacy Ltd.','Tonia Pharmacy Ltd.',NULL,'active','seeded',unixepoch(),unixepoch());
INSERT OR IGNORE INTO profiles (id,subject_id,subject_type,primary_place_id,tenant_id,workspace_id,display_name,created_at,updated_at) VALUES ('prof_s09_pharmacy_0300dc682e8534c2','org_s09_pharmacy_0300dc682e8534c2','organization','place_nigeria_001','tenant_platform_seed','workspace_platform_seed_discovery','Tonia Pharmacy Ltd.',unixepoch(),unixepoch());
INSERT OR IGNORE INTO search_entries (id,profile_id,display_name,keywords,ancestry_path,vertical,created_at,updated_at) VALUES ('se_s09_pharmacy_0300dc682e8534c2','prof_s09_pharmacy_0300dc682e8534c2','Tonia Pharmacy Ltd.','tonia pharmacy ltd. pharmacy chemist drug store medicine nigeria','place_nigeria_001','pharmacy',unixepoch(),unixepoch());
INSERT OR IGNORE INTO seed_ingestion_records (id,seed_run_id,entity_type,entity_id,source_id,status) VALUES ('ir_s09_pharmacy_0300dc682e8534c2','seed_run_s09_osm_pharmacies_20260502','organization','org_s09_pharmacy_0300dc682e8534c2','seed_source_osm_pharmacies_ng_20260502','ingested');
INSERT OR IGNORE INTO seed_entity_sources (id,seed_run_id,entity_type,entity_id,source_id,confidence_tier) VALUES ('es_s09_pharmacy_0300dc682e8534c2','seed_run_s09_osm_pharmacies_20260502','organization','org_s09_pharmacy_0300dc682e8534c2','seed_source_osm_pharmacies_ng_20260502','seeded');
INSERT OR IGNORE INTO seed_enrichment (id,seed_run_id,entity_type,entity_id,enrichment_type,enrichment_json) VALUES ('enr_s09_pharmacy_0300dc682e8534c2','seed_run_s09_osm_pharmacies_20260502','organization','org_s09_pharmacy_0300dc682e8534c2','licence_data','{"osm_id": "11595519293", "amenity": "pharmacy", "addr_state": null, "operator": null, "brand": null}');

INSERT OR IGNORE INTO organizations (id,tenant_id,organization_type,legal_name,display_name,registration_number,status,verification_state,created_at,updated_at) VALUES ('org_s09_pharmacy_64e902b627630410','tenant_platform_seed','pharmacy','H-Medix Pharmacy & Supermarket','H-Medix Pharmacy & Supermarket',NULL,'active','seeded',unixepoch(),unixepoch());
INSERT OR IGNORE INTO profiles (id,subject_id,subject_type,primary_place_id,tenant_id,workspace_id,display_name,created_at,updated_at) VALUES ('prof_s09_pharmacy_64e902b627630410','org_s09_pharmacy_64e902b627630410','organization','place_nigeria_001','tenant_platform_seed','workspace_platform_seed_discovery','H-Medix Pharmacy & Supermarket',unixepoch(),unixepoch());
INSERT OR IGNORE INTO search_entries (id,profile_id,display_name,keywords,ancestry_path,vertical,created_at,updated_at) VALUES ('se_s09_pharmacy_64e902b627630410','prof_s09_pharmacy_64e902b627630410','H-Medix Pharmacy & Supermarket','h-medix pharmacy & supermarket pharmacy chemist drug store medicine nigeria','place_nigeria_001','pharmacy',unixepoch(),unixepoch());
INSERT OR IGNORE INTO seed_ingestion_records (id,seed_run_id,entity_type,entity_id,source_id,status) VALUES ('ir_s09_pharmacy_64e902b627630410','seed_run_s09_osm_pharmacies_20260502','organization','org_s09_pharmacy_64e902b627630410','seed_source_osm_pharmacies_ng_20260502','ingested');
INSERT OR IGNORE INTO seed_entity_sources (id,seed_run_id,entity_type,entity_id,source_id,confidence_tier) VALUES ('es_s09_pharmacy_64e902b627630410','seed_run_s09_osm_pharmacies_20260502','organization','org_s09_pharmacy_64e902b627630410','seed_source_osm_pharmacies_ng_20260502','seeded');
INSERT OR IGNORE INTO seed_enrichment (id,seed_run_id,entity_type,entity_id,enrichment_type,enrichment_json) VALUES ('enr_s09_pharmacy_64e902b627630410','seed_run_s09_osm_pharmacies_20260502','organization','org_s09_pharmacy_64e902b627630410','licence_data','{"osm_id": "11845377300", "amenity": "pharmacy", "addr_state": null, "operator": null, "brand": null}');

INSERT OR IGNORE INTO organizations (id,tenant_id,organization_type,legal_name,display_name,registration_number,status,verification_state,created_at,updated_at) VALUES ('org_s09_pharmacy_a9d552560b55e411','tenant_platform_seed','pharmacy','Zagbavi Pharmacy','Zagbavi Pharmacy',NULL,'active','seeded',unixepoch(),unixepoch());
INSERT OR IGNORE INTO profiles (id,subject_id,subject_type,primary_place_id,tenant_id,workspace_id,display_name,created_at,updated_at) VALUES ('prof_s09_pharmacy_a9d552560b55e411','org_s09_pharmacy_a9d552560b55e411','organization','place_nigeria_001','tenant_platform_seed','workspace_platform_seed_discovery','Zagbavi Pharmacy',unixepoch(),unixepoch());
INSERT OR IGNORE INTO search_entries (id,profile_id,display_name,keywords,ancestry_path,vertical,created_at,updated_at) VALUES ('se_s09_pharmacy_a9d552560b55e411','prof_s09_pharmacy_a9d552560b55e411','Zagbavi Pharmacy','zagbavi pharmacy pharmacy chemist drug store medicine nigeria','place_nigeria_001','pharmacy',unixepoch(),unixepoch());
INSERT OR IGNORE INTO seed_ingestion_records (id,seed_run_id,entity_type,entity_id,source_id,status) VALUES ('ir_s09_pharmacy_a9d552560b55e411','seed_run_s09_osm_pharmacies_20260502','organization','org_s09_pharmacy_a9d552560b55e411','seed_source_osm_pharmacies_ng_20260502','ingested');
INSERT OR IGNORE INTO seed_entity_sources (id,seed_run_id,entity_type,entity_id,source_id,confidence_tier) VALUES ('es_s09_pharmacy_a9d552560b55e411','seed_run_s09_osm_pharmacies_20260502','organization','org_s09_pharmacy_a9d552560b55e411','seed_source_osm_pharmacies_ng_20260502','seeded');
INSERT OR IGNORE INTO seed_enrichment (id,seed_run_id,entity_type,entity_id,enrichment_type,enrichment_json) VALUES ('enr_s09_pharmacy_a9d552560b55e411','seed_run_s09_osm_pharmacies_20260502','organization','org_s09_pharmacy_a9d552560b55e411','licence_data','{"osm_id": "12178748895", "amenity": "pharmacy", "addr_state": null, "operator": null, "brand": null}');

INSERT OR IGNORE INTO organizations (id,tenant_id,organization_type,legal_name,display_name,registration_number,status,verification_state,created_at,updated_at) VALUES ('org_s09_pharmacy_497ca5f623841918','tenant_platform_seed','pharmacy','Skylark Pharmacy','Skylark Pharmacy',NULL,'active','seeded',unixepoch(),unixepoch());
INSERT OR IGNORE INTO profiles (id,subject_id,subject_type,primary_place_id,tenant_id,workspace_id,display_name,created_at,updated_at) VALUES ('prof_s09_pharmacy_497ca5f623841918','org_s09_pharmacy_497ca5f623841918','organization','place_nigeria_001','tenant_platform_seed','workspace_platform_seed_discovery','Skylark Pharmacy',unixepoch(),unixepoch());
INSERT OR IGNORE INTO search_entries (id,profile_id,display_name,keywords,ancestry_path,vertical,created_at,updated_at) VALUES ('se_s09_pharmacy_497ca5f623841918','prof_s09_pharmacy_497ca5f623841918','Skylark Pharmacy','skylark pharmacy pharmacy chemist drug store medicine nigeria','place_nigeria_001','pharmacy',unixepoch(),unixepoch());
INSERT OR IGNORE INTO seed_ingestion_records (id,seed_run_id,entity_type,entity_id,source_id,status) VALUES ('ir_s09_pharmacy_497ca5f623841918','seed_run_s09_osm_pharmacies_20260502','organization','org_s09_pharmacy_497ca5f623841918','seed_source_osm_pharmacies_ng_20260502','ingested');
INSERT OR IGNORE INTO seed_entity_sources (id,seed_run_id,entity_type,entity_id,source_id,confidence_tier) VALUES ('es_s09_pharmacy_497ca5f623841918','seed_run_s09_osm_pharmacies_20260502','organization','org_s09_pharmacy_497ca5f623841918','seed_source_osm_pharmacies_ng_20260502','seeded');
INSERT OR IGNORE INTO seed_enrichment (id,seed_run_id,entity_type,entity_id,enrichment_type,enrichment_json) VALUES ('enr_s09_pharmacy_497ca5f623841918','seed_run_s09_osm_pharmacies_20260502','organization','org_s09_pharmacy_497ca5f623841918','licence_data','{"osm_id": "12178777204", "amenity": "pharmacy", "addr_state": null, "operator": null, "brand": null}');

INSERT OR IGNORE INTO organizations (id,tenant_id,organization_type,legal_name,display_name,registration_number,status,verification_state,created_at,updated_at) VALUES ('org_s09_pharmacy_f792b9430b96fecb','tenant_platform_seed','pharmacy','ABDULFATAH PHARMACY','ABDULFATAH PHARMACY',NULL,'active','seeded',unixepoch(),unixepoch());
INSERT OR IGNORE INTO profiles (id,subject_id,subject_type,primary_place_id,tenant_id,workspace_id,display_name,created_at,updated_at) VALUES ('prof_s09_pharmacy_f792b9430b96fecb','org_s09_pharmacy_f792b9430b96fecb','organization','place_nigeria_001','tenant_platform_seed','workspace_platform_seed_discovery','ABDULFATAH PHARMACY',unixepoch(),unixepoch());
INSERT OR IGNORE INTO search_entries (id,profile_id,display_name,keywords,ancestry_path,vertical,created_at,updated_at) VALUES ('se_s09_pharmacy_f792b9430b96fecb','prof_s09_pharmacy_f792b9430b96fecb','ABDULFATAH PHARMACY','abdulfatah pharmacy pharmacy chemist drug store medicine nigeria','place_nigeria_001','pharmacy',unixepoch(),unixepoch());
INSERT OR IGNORE INTO seed_ingestion_records (id,seed_run_id,entity_type,entity_id,source_id,status) VALUES ('ir_s09_pharmacy_f792b9430b96fecb','seed_run_s09_osm_pharmacies_20260502','organization','org_s09_pharmacy_f792b9430b96fecb','seed_source_osm_pharmacies_ng_20260502','ingested');
INSERT OR IGNORE INTO seed_entity_sources (id,seed_run_id,entity_type,entity_id,source_id,confidence_tier) VALUES ('es_s09_pharmacy_f792b9430b96fecb','seed_run_s09_osm_pharmacies_20260502','organization','org_s09_pharmacy_f792b9430b96fecb','seed_source_osm_pharmacies_ng_20260502','seeded');
INSERT OR IGNORE INTO seed_enrichment (id,seed_run_id,entity_type,entity_id,enrichment_type,enrichment_json) VALUES ('enr_s09_pharmacy_f792b9430b96fecb','seed_run_s09_osm_pharmacies_20260502','organization','org_s09_pharmacy_f792b9430b96fecb','licence_data','{"osm_id": "12282454144", "amenity": "pharmacy", "addr_state": null, "operator": "private_individual", "brand": null}');

INSERT OR IGNORE INTO organizations (id,tenant_id,organization_type,legal_name,display_name,registration_number,status,verification_state,created_at,updated_at) VALUES ('org_s09_pharmacy_8edf28e8fd33e2f0','tenant_platform_seed','pharmacy','GANO MEDICINE STORE','GANO MEDICINE STORE',NULL,'active','seeded',unixepoch(),unixepoch());
INSERT OR IGNORE INTO profiles (id,subject_id,subject_type,primary_place_id,tenant_id,workspace_id,display_name,created_at,updated_at) VALUES ('prof_s09_pharmacy_8edf28e8fd33e2f0','org_s09_pharmacy_8edf28e8fd33e2f0','organization','place_nigeria_001','tenant_platform_seed','workspace_platform_seed_discovery','GANO MEDICINE STORE',unixepoch(),unixepoch());
INSERT OR IGNORE INTO search_entries (id,profile_id,display_name,keywords,ancestry_path,vertical,created_at,updated_at) VALUES ('se_s09_pharmacy_8edf28e8fd33e2f0','prof_s09_pharmacy_8edf28e8fd33e2f0','GANO MEDICINE STORE','gano medicine store pharmacy chemist drug store medicine nigeria','place_nigeria_001','pharmacy',unixepoch(),unixepoch());
INSERT OR IGNORE INTO seed_ingestion_records (id,seed_run_id,entity_type,entity_id,source_id,status) VALUES ('ir_s09_pharmacy_8edf28e8fd33e2f0','seed_run_s09_osm_pharmacies_20260502','organization','org_s09_pharmacy_8edf28e8fd33e2f0','seed_source_osm_pharmacies_ng_20260502','ingested');
INSERT OR IGNORE INTO seed_entity_sources (id,seed_run_id,entity_type,entity_id,source_id,confidence_tier) VALUES ('es_s09_pharmacy_8edf28e8fd33e2f0','seed_run_s09_osm_pharmacies_20260502','organization','org_s09_pharmacy_8edf28e8fd33e2f0','seed_source_osm_pharmacies_ng_20260502','seeded');
INSERT OR IGNORE INTO seed_enrichment (id,seed_run_id,entity_type,entity_id,enrichment_type,enrichment_json) VALUES ('enr_s09_pharmacy_8edf28e8fd33e2f0','seed_run_s09_osm_pharmacies_20260502','organization','org_s09_pharmacy_8edf28e8fd33e2f0','licence_data','{"osm_id": "12282454145", "amenity": "pharmacy", "addr_state": null, "operator": "private_individual", "brand": null}');

INSERT OR IGNORE INTO organizations (id,tenant_id,organization_type,legal_name,display_name,registration_number,status,verification_state,created_at,updated_at) VALUES ('org_s09_pharmacy_dbd6e27190cea66c','tenant_platform_seed','pharmacy','BILKISU MEDICAL CENTER TINGA','BILKISU MEDICAL CENTER TINGA',NULL,'active','seeded',unixepoch(),unixepoch());
INSERT OR IGNORE INTO profiles (id,subject_id,subject_type,primary_place_id,tenant_id,workspace_id,display_name,created_at,updated_at) VALUES ('prof_s09_pharmacy_dbd6e27190cea66c','org_s09_pharmacy_dbd6e27190cea66c','organization','place_nigeria_001','tenant_platform_seed','workspace_platform_seed_discovery','BILKISU MEDICAL CENTER TINGA',unixepoch(),unixepoch());
INSERT OR IGNORE INTO search_entries (id,profile_id,display_name,keywords,ancestry_path,vertical,created_at,updated_at) VALUES ('se_s09_pharmacy_dbd6e27190cea66c','prof_s09_pharmacy_dbd6e27190cea66c','BILKISU MEDICAL CENTER TINGA','bilkisu medical center tinga pharmacy chemist drug store medicine nigeria','place_nigeria_001','pharmacy',unixepoch(),unixepoch());
INSERT OR IGNORE INTO seed_ingestion_records (id,seed_run_id,entity_type,entity_id,source_id,status) VALUES ('ir_s09_pharmacy_dbd6e27190cea66c','seed_run_s09_osm_pharmacies_20260502','organization','org_s09_pharmacy_dbd6e27190cea66c','seed_source_osm_pharmacies_ng_20260502','ingested');
INSERT OR IGNORE INTO seed_entity_sources (id,seed_run_id,entity_type,entity_id,source_id,confidence_tier) VALUES ('es_s09_pharmacy_dbd6e27190cea66c','seed_run_s09_osm_pharmacies_20260502','organization','org_s09_pharmacy_dbd6e27190cea66c','seed_source_osm_pharmacies_ng_20260502','seeded');
INSERT OR IGNORE INTO seed_enrichment (id,seed_run_id,entity_type,entity_id,enrichment_type,enrichment_json) VALUES ('enr_s09_pharmacy_dbd6e27190cea66c','seed_run_s09_osm_pharmacies_20260502','organization','org_s09_pharmacy_dbd6e27190cea66c','licence_data','{"osm_id": "12282454146", "amenity": "pharmacy", "addr_state": null, "operator": "private_individual", "brand": null}');

INSERT OR IGNORE INTO organizations (id,tenant_id,organization_type,legal_name,display_name,registration_number,status,verification_state,created_at,updated_at) VALUES ('org_s09_pharmacy_5592cd6a830b75da','tenant_platform_seed','pharmacy','ATTAUFIQ MEDICINE STORE','ATTAUFIQ MEDICINE STORE',NULL,'active','seeded',unixepoch(),unixepoch());
INSERT OR IGNORE INTO profiles (id,subject_id,subject_type,primary_place_id,tenant_id,workspace_id,display_name,created_at,updated_at) VALUES ('prof_s09_pharmacy_5592cd6a830b75da','org_s09_pharmacy_5592cd6a830b75da','organization','place_nigeria_001','tenant_platform_seed','workspace_platform_seed_discovery','ATTAUFIQ MEDICINE STORE',unixepoch(),unixepoch());
INSERT OR IGNORE INTO search_entries (id,profile_id,display_name,keywords,ancestry_path,vertical,created_at,updated_at) VALUES ('se_s09_pharmacy_5592cd6a830b75da','prof_s09_pharmacy_5592cd6a830b75da','ATTAUFIQ MEDICINE STORE','attaufiq medicine store pharmacy chemist drug store medicine nigeria','place_nigeria_001','pharmacy',unixepoch(),unixepoch());
INSERT OR IGNORE INTO seed_ingestion_records (id,seed_run_id,entity_type,entity_id,source_id,status) VALUES ('ir_s09_pharmacy_5592cd6a830b75da','seed_run_s09_osm_pharmacies_20260502','organization','org_s09_pharmacy_5592cd6a830b75da','seed_source_osm_pharmacies_ng_20260502','ingested');
INSERT OR IGNORE INTO seed_entity_sources (id,seed_run_id,entity_type,entity_id,source_id,confidence_tier) VALUES ('es_s09_pharmacy_5592cd6a830b75da','seed_run_s09_osm_pharmacies_20260502','organization','org_s09_pharmacy_5592cd6a830b75da','seed_source_osm_pharmacies_ng_20260502','seeded');
INSERT OR IGNORE INTO seed_enrichment (id,seed_run_id,entity_type,entity_id,enrichment_type,enrichment_json) VALUES ('enr_s09_pharmacy_5592cd6a830b75da','seed_run_s09_osm_pharmacies_20260502','organization','org_s09_pharmacy_5592cd6a830b75da','licence_data','{"osm_id": "12282454147", "amenity": "pharmacy", "addr_state": null, "operator": "private_individual", "brand": null}');

INSERT OR IGNORE INTO organizations (id,tenant_id,organization_type,legal_name,display_name,registration_number,status,verification_state,created_at,updated_at) VALUES ('org_s09_pharmacy_2eaf6692f18e3542','tenant_platform_seed','pharmacy','GIDAN MAGANI','GIDAN MAGANI',NULL,'active','seeded',unixepoch(),unixepoch());
INSERT OR IGNORE INTO profiles (id,subject_id,subject_type,primary_place_id,tenant_id,workspace_id,display_name,created_at,updated_at) VALUES ('prof_s09_pharmacy_2eaf6692f18e3542','org_s09_pharmacy_2eaf6692f18e3542','organization','place_nigeria_001','tenant_platform_seed','workspace_platform_seed_discovery','GIDAN MAGANI',unixepoch(),unixepoch());
INSERT OR IGNORE INTO search_entries (id,profile_id,display_name,keywords,ancestry_path,vertical,created_at,updated_at) VALUES ('se_s09_pharmacy_2eaf6692f18e3542','prof_s09_pharmacy_2eaf6692f18e3542','GIDAN MAGANI','gidan magani pharmacy chemist drug store medicine nigeria','place_nigeria_001','pharmacy',unixepoch(),unixepoch());
INSERT OR IGNORE INTO seed_ingestion_records (id,seed_run_id,entity_type,entity_id,source_id,status) VALUES ('ir_s09_pharmacy_2eaf6692f18e3542','seed_run_s09_osm_pharmacies_20260502','organization','org_s09_pharmacy_2eaf6692f18e3542','seed_source_osm_pharmacies_ng_20260502','ingested');
INSERT OR IGNORE INTO seed_entity_sources (id,seed_run_id,entity_type,entity_id,source_id,confidence_tier) VALUES ('es_s09_pharmacy_2eaf6692f18e3542','seed_run_s09_osm_pharmacies_20260502','organization','org_s09_pharmacy_2eaf6692f18e3542','seed_source_osm_pharmacies_ng_20260502','seeded');
INSERT OR IGNORE INTO seed_enrichment (id,seed_run_id,entity_type,entity_id,enrichment_type,enrichment_json) VALUES ('enr_s09_pharmacy_2eaf6692f18e3542','seed_run_s09_osm_pharmacies_20260502','organization','org_s09_pharmacy_2eaf6692f18e3542','licence_data','{"osm_id": "12282454148", "amenity": "pharmacy", "addr_state": null, "operator": "private_individual", "brand": null}');

INSERT OR IGNORE INTO organizations (id,tenant_id,organization_type,legal_name,display_name,registration_number,status,verification_state,created_at,updated_at) VALUES ('org_s09_pharmacy_c7ca7e4090883b97','tenant_platform_seed','pharmacy','GIDAN MAGANI AL-MISBAH MEDICINE STORE','GIDAN MAGANI AL-MISBAH MEDICINE STORE',NULL,'active','seeded',unixepoch(),unixepoch());
INSERT OR IGNORE INTO profiles (id,subject_id,subject_type,primary_place_id,tenant_id,workspace_id,display_name,created_at,updated_at) VALUES ('prof_s09_pharmacy_c7ca7e4090883b97','org_s09_pharmacy_c7ca7e4090883b97','organization','place_nigeria_001','tenant_platform_seed','workspace_platform_seed_discovery','GIDAN MAGANI AL-MISBAH MEDICINE STORE',unixepoch(),unixepoch());
INSERT OR IGNORE INTO search_entries (id,profile_id,display_name,keywords,ancestry_path,vertical,created_at,updated_at) VALUES ('se_s09_pharmacy_c7ca7e4090883b97','prof_s09_pharmacy_c7ca7e4090883b97','GIDAN MAGANI AL-MISBAH MEDICINE STORE','gidan magani al-misbah medicine store pharmacy chemist drug store medicine nigeria','place_nigeria_001','pharmacy',unixepoch(),unixepoch());
INSERT OR IGNORE INTO seed_ingestion_records (id,seed_run_id,entity_type,entity_id,source_id,status) VALUES ('ir_s09_pharmacy_c7ca7e4090883b97','seed_run_s09_osm_pharmacies_20260502','organization','org_s09_pharmacy_c7ca7e4090883b97','seed_source_osm_pharmacies_ng_20260502','ingested');
INSERT OR IGNORE INTO seed_entity_sources (id,seed_run_id,entity_type,entity_id,source_id,confidence_tier) VALUES ('es_s09_pharmacy_c7ca7e4090883b97','seed_run_s09_osm_pharmacies_20260502','organization','org_s09_pharmacy_c7ca7e4090883b97','seed_source_osm_pharmacies_ng_20260502','seeded');
INSERT OR IGNORE INTO seed_enrichment (id,seed_run_id,entity_type,entity_id,enrichment_type,enrichment_json) VALUES ('enr_s09_pharmacy_c7ca7e4090883b97','seed_run_s09_osm_pharmacies_20260502','organization','org_s09_pharmacy_c7ca7e4090883b97','licence_data','{"osm_id": "12282454151", "amenity": "pharmacy", "addr_state": null, "operator": "private_individual", "brand": null}');

INSERT OR IGNORE INTO organizations (id,tenant_id,organization_type,legal_name,display_name,registration_number,status,verification_state,created_at,updated_at) VALUES ('org_s09_pharmacy_cff2812575bd4872','tenant_platform_seed','pharmacy','GANO RAHAMA CHEMIST','GANO RAHAMA CHEMIST',NULL,'active','seeded',unixepoch(),unixepoch());
INSERT OR IGNORE INTO profiles (id,subject_id,subject_type,primary_place_id,tenant_id,workspace_id,display_name,created_at,updated_at) VALUES ('prof_s09_pharmacy_cff2812575bd4872','org_s09_pharmacy_cff2812575bd4872','organization','place_nigeria_001','tenant_platform_seed','workspace_platform_seed_discovery','GANO RAHAMA CHEMIST',unixepoch(),unixepoch());
INSERT OR IGNORE INTO search_entries (id,profile_id,display_name,keywords,ancestry_path,vertical,created_at,updated_at) VALUES ('se_s09_pharmacy_cff2812575bd4872','prof_s09_pharmacy_cff2812575bd4872','GANO RAHAMA CHEMIST','gano rahama chemist pharmacy chemist drug store medicine nigeria','place_nigeria_001','pharmacy',unixepoch(),unixepoch());
INSERT OR IGNORE INTO seed_ingestion_records (id,seed_run_id,entity_type,entity_id,source_id,status) VALUES ('ir_s09_pharmacy_cff2812575bd4872','seed_run_s09_osm_pharmacies_20260502','organization','org_s09_pharmacy_cff2812575bd4872','seed_source_osm_pharmacies_ng_20260502','ingested');
INSERT OR IGNORE INTO seed_entity_sources (id,seed_run_id,entity_type,entity_id,source_id,confidence_tier) VALUES ('es_s09_pharmacy_cff2812575bd4872','seed_run_s09_osm_pharmacies_20260502','organization','org_s09_pharmacy_cff2812575bd4872','seed_source_osm_pharmacies_ng_20260502','seeded');
INSERT OR IGNORE INTO seed_enrichment (id,seed_run_id,entity_type,entity_id,enrichment_type,enrichment_json) VALUES ('enr_s09_pharmacy_cff2812575bd4872','seed_run_s09_osm_pharmacies_20260502','organization','org_s09_pharmacy_cff2812575bd4872','licence_data','{"osm_id": "12282454152", "amenity": "pharmacy", "addr_state": null, "operator": "private_individual", "brand": null}');

INSERT OR IGNORE INTO organizations (id,tenant_id,organization_type,legal_name,display_name,registration_number,status,verification_state,created_at,updated_at) VALUES ('org_s09_pharmacy_3f85c9dc51f335de','tenant_platform_seed','pharmacy','Sixchys Pharmacy','Sixchys Pharmacy',NULL,'active','seeded',unixepoch(),unixepoch());
INSERT OR IGNORE INTO profiles (id,subject_id,subject_type,primary_place_id,tenant_id,workspace_id,display_name,created_at,updated_at) VALUES ('prof_s09_pharmacy_3f85c9dc51f335de','org_s09_pharmacy_3f85c9dc51f335de','organization','place_nigeria_001','tenant_platform_seed','workspace_platform_seed_discovery','Sixchys Pharmacy',unixepoch(),unixepoch());
INSERT OR IGNORE INTO search_entries (id,profile_id,display_name,keywords,ancestry_path,vertical,created_at,updated_at) VALUES ('se_s09_pharmacy_3f85c9dc51f335de','prof_s09_pharmacy_3f85c9dc51f335de','Sixchys Pharmacy','sixchys pharmacy pharmacy chemist drug store medicine nigeria','place_nigeria_001','pharmacy',unixepoch(),unixepoch());
INSERT OR IGNORE INTO seed_ingestion_records (id,seed_run_id,entity_type,entity_id,source_id,status) VALUES ('ir_s09_pharmacy_3f85c9dc51f335de','seed_run_s09_osm_pharmacies_20260502','organization','org_s09_pharmacy_3f85c9dc51f335de','seed_source_osm_pharmacies_ng_20260502','ingested');
INSERT OR IGNORE INTO seed_entity_sources (id,seed_run_id,entity_type,entity_id,source_id,confidence_tier) VALUES ('es_s09_pharmacy_3f85c9dc51f335de','seed_run_s09_osm_pharmacies_20260502','organization','org_s09_pharmacy_3f85c9dc51f335de','seed_source_osm_pharmacies_ng_20260502','seeded');
INSERT OR IGNORE INTO seed_enrichment (id,seed_run_id,entity_type,entity_id,enrichment_type,enrichment_json) VALUES ('enr_s09_pharmacy_3f85c9dc51f335de','seed_run_s09_osm_pharmacies_20260502','organization','org_s09_pharmacy_3f85c9dc51f335de','licence_data','{"osm_id": "13228902902", "amenity": "pharmacy", "addr_state": null, "operator": null, "brand": null}');

INSERT OR IGNORE INTO organizations (id,tenant_id,organization_type,legal_name,display_name,registration_number,status,verification_state,created_at,updated_at) VALUES ('org_s09_pharmacy_5315d6643e72b384','tenant_platform_seed','pharmacy','36.6','36.6',NULL,'active','seeded',unixepoch(),unixepoch());
INSERT OR IGNORE INTO profiles (id,subject_id,subject_type,primary_place_id,tenant_id,workspace_id,display_name,created_at,updated_at) VALUES ('prof_s09_pharmacy_5315d6643e72b384','org_s09_pharmacy_5315d6643e72b384','organization','place_nigeria_001','tenant_platform_seed','workspace_platform_seed_discovery','36.6',unixepoch(),unixepoch());
INSERT OR IGNORE INTO search_entries (id,profile_id,display_name,keywords,ancestry_path,vertical,created_at,updated_at) VALUES ('se_s09_pharmacy_5315d6643e72b384','prof_s09_pharmacy_5315d6643e72b384','36.6','36.6 pharmacy chemist drug store medicine nigeria','place_nigeria_001','pharmacy',unixepoch(),unixepoch());
INSERT OR IGNORE INTO seed_ingestion_records (id,seed_run_id,entity_type,entity_id,source_id,status) VALUES ('ir_s09_pharmacy_5315d6643e72b384','seed_run_s09_osm_pharmacies_20260502','organization','org_s09_pharmacy_5315d6643e72b384','seed_source_osm_pharmacies_ng_20260502','ingested');
INSERT OR IGNORE INTO seed_entity_sources (id,seed_run_id,entity_type,entity_id,source_id,confidence_tier) VALUES ('es_s09_pharmacy_5315d6643e72b384','seed_run_s09_osm_pharmacies_20260502','organization','org_s09_pharmacy_5315d6643e72b384','seed_source_osm_pharmacies_ng_20260502','seeded');
INSERT OR IGNORE INTO seed_enrichment (id,seed_run_id,entity_type,entity_id,enrichment_type,enrichment_json) VALUES ('enr_s09_pharmacy_5315d6643e72b384','seed_run_s09_osm_pharmacies_20260502','organization','org_s09_pharmacy_5315d6643e72b384','licence_data','{"osm_id": "450572805", "amenity": "pharmacy", "addr_state": null, "operator": null, "brand": null}');

INSERT OR IGNORE INTO organizations (id,tenant_id,organization_type,legal_name,display_name,registration_number,status,verification_state,created_at,updated_at) VALUES ('org_s09_pharmacy_b8aa3b20ed6cd2a4','tenant_platform_seed','pharmacy','36.6','36.6',NULL,'active','seeded',unixepoch(),unixepoch());
INSERT OR IGNORE INTO profiles (id,subject_id,subject_type,primary_place_id,tenant_id,workspace_id,display_name,created_at,updated_at) VALUES ('prof_s09_pharmacy_b8aa3b20ed6cd2a4','org_s09_pharmacy_b8aa3b20ed6cd2a4','organization','place_nigeria_001','tenant_platform_seed','workspace_platform_seed_discovery','36.6',unixepoch(),unixepoch());
INSERT OR IGNORE INTO search_entries (id,profile_id,display_name,keywords,ancestry_path,vertical,created_at,updated_at) VALUES ('se_s09_pharmacy_b8aa3b20ed6cd2a4','prof_s09_pharmacy_b8aa3b20ed6cd2a4','36.6','36.6 pharmacy chemist drug store medicine nigeria','place_nigeria_001','pharmacy',unixepoch(),unixepoch());
INSERT OR IGNORE INTO seed_ingestion_records (id,seed_run_id,entity_type,entity_id,source_id,status) VALUES ('ir_s09_pharmacy_b8aa3b20ed6cd2a4','seed_run_s09_osm_pharmacies_20260502','organization','org_s09_pharmacy_b8aa3b20ed6cd2a4','seed_source_osm_pharmacies_ng_20260502','ingested');
INSERT OR IGNORE INTO seed_entity_sources (id,seed_run_id,entity_type,entity_id,source_id,confidence_tier) VALUES ('es_s09_pharmacy_b8aa3b20ed6cd2a4','seed_run_s09_osm_pharmacies_20260502','organization','org_s09_pharmacy_b8aa3b20ed6cd2a4','seed_source_osm_pharmacies_ng_20260502','seeded');
INSERT OR IGNORE INTO seed_enrichment (id,seed_run_id,entity_type,entity_id,enrichment_type,enrichment_json) VALUES ('enr_s09_pharmacy_b8aa3b20ed6cd2a4','seed_run_s09_osm_pharmacies_20260502','organization','org_s09_pharmacy_b8aa3b20ed6cd2a4','licence_data','{"osm_id": "520072031", "amenity": "pharmacy", "addr_state": null, "operator": null, "brand": null}');

INSERT OR IGNORE INTO organizations (id,tenant_id,organization_type,legal_name,display_name,registration_number,status,verification_state,created_at,updated_at) VALUES ('org_s09_pharmacy_641fe29d55f7e728','tenant_platform_seed','pharmacy','Nasiru Dokta Chemist','Nasiru Dokta Chemist',NULL,'active','seeded',unixepoch(),unixepoch());
INSERT OR IGNORE INTO profiles (id,subject_id,subject_type,primary_place_id,tenant_id,workspace_id,display_name,created_at,updated_at) VALUES ('prof_s09_pharmacy_641fe29d55f7e728','org_s09_pharmacy_641fe29d55f7e728','organization','place_nigeria_001','tenant_platform_seed','workspace_platform_seed_discovery','Nasiru Dokta Chemist',unixepoch(),unixepoch());
INSERT OR IGNORE INTO search_entries (id,profile_id,display_name,keywords,ancestry_path,vertical,created_at,updated_at) VALUES ('se_s09_pharmacy_641fe29d55f7e728','prof_s09_pharmacy_641fe29d55f7e728','Nasiru Dokta Chemist','nasiru dokta chemist pharmacy chemist drug store medicine nigeria','place_nigeria_001','pharmacy',unixepoch(),unixepoch());
INSERT OR IGNORE INTO seed_ingestion_records (id,seed_run_id,entity_type,entity_id,source_id,status) VALUES ('ir_s09_pharmacy_641fe29d55f7e728','seed_run_s09_osm_pharmacies_20260502','organization','org_s09_pharmacy_641fe29d55f7e728','seed_source_osm_pharmacies_ng_20260502','ingested');
INSERT OR IGNORE INTO seed_entity_sources (id,seed_run_id,entity_type,entity_id,source_id,confidence_tier) VALUES ('es_s09_pharmacy_641fe29d55f7e728','seed_run_s09_osm_pharmacies_20260502','organization','org_s09_pharmacy_641fe29d55f7e728','seed_source_osm_pharmacies_ng_20260502','seeded');
INSERT OR IGNORE INTO seed_enrichment (id,seed_run_id,entity_type,entity_id,enrichment_type,enrichment_json) VALUES ('enr_s09_pharmacy_641fe29d55f7e728','seed_run_s09_osm_pharmacies_20260502','organization','org_s09_pharmacy_641fe29d55f7e728','licence_data','{"osm_id": "1244954245", "amenity": "pharmacy", "addr_state": null, "operator": null, "brand": null}');

INSERT OR IGNORE INTO organizations (id,tenant_id,organization_type,legal_name,display_name,registration_number,status,verification_state,created_at,updated_at) VALUES ('org_s09_pharmacy_bf17f502340e0b54','tenant_platform_seed','pharmacy','Radex Pharmacy','Radex Pharmacy',NULL,'active','seeded',unixepoch(),unixepoch());
INSERT OR IGNORE INTO profiles (id,subject_id,subject_type,primary_place_id,tenant_id,workspace_id,display_name,created_at,updated_at) VALUES ('prof_s09_pharmacy_bf17f502340e0b54','org_s09_pharmacy_bf17f502340e0b54','organization','place_nigeria_001','tenant_platform_seed','workspace_platform_seed_discovery','Radex Pharmacy',unixepoch(),unixepoch());
INSERT OR IGNORE INTO search_entries (id,profile_id,display_name,keywords,ancestry_path,vertical,created_at,updated_at) VALUES ('se_s09_pharmacy_bf17f502340e0b54','prof_s09_pharmacy_bf17f502340e0b54','Radex Pharmacy','radex pharmacy pharmacy chemist drug store medicine nigeria','place_nigeria_001','pharmacy',unixepoch(),unixepoch());
INSERT OR IGNORE INTO seed_ingestion_records (id,seed_run_id,entity_type,entity_id,source_id,status) VALUES ('ir_s09_pharmacy_bf17f502340e0b54','seed_run_s09_osm_pharmacies_20260502','organization','org_s09_pharmacy_bf17f502340e0b54','seed_source_osm_pharmacies_ng_20260502','ingested');
INSERT OR IGNORE INTO seed_entity_sources (id,seed_run_id,entity_type,entity_id,source_id,confidence_tier) VALUES ('es_s09_pharmacy_bf17f502340e0b54','seed_run_s09_osm_pharmacies_20260502','organization','org_s09_pharmacy_bf17f502340e0b54','seed_source_osm_pharmacies_ng_20260502','seeded');
INSERT OR IGNORE INTO seed_enrichment (id,seed_run_id,entity_type,entity_id,enrichment_type,enrichment_json) VALUES ('enr_s09_pharmacy_bf17f502340e0b54','seed_run_s09_osm_pharmacies_20260502','organization','org_s09_pharmacy_bf17f502340e0b54','licence_data','{"osm_id": "1245244502", "amenity": "pharmacy", "addr_state": null, "operator": null, "brand": null}');

INSERT OR IGNORE INTO organizations (id,tenant_id,organization_type,legal_name,display_name,registration_number,status,verification_state,created_at,updated_at) VALUES ('org_s09_pharmacy_eb3193d3a6ae02df','tenant_platform_seed','pharmacy','Faith pharmacy','Faith pharmacy',NULL,'active','seeded',unixepoch(),unixepoch());
INSERT OR IGNORE INTO profiles (id,subject_id,subject_type,primary_place_id,tenant_id,workspace_id,display_name,created_at,updated_at) VALUES ('prof_s09_pharmacy_eb3193d3a6ae02df','org_s09_pharmacy_eb3193d3a6ae02df','organization','place_nigeria_001','tenant_platform_seed','workspace_platform_seed_discovery','Faith pharmacy',unixepoch(),unixepoch());
INSERT OR IGNORE INTO search_entries (id,profile_id,display_name,keywords,ancestry_path,vertical,created_at,updated_at) VALUES ('se_s09_pharmacy_eb3193d3a6ae02df','prof_s09_pharmacy_eb3193d3a6ae02df','Faith pharmacy','faith pharmacy pharmacy chemist drug store medicine nigeria','place_nigeria_001','pharmacy',unixepoch(),unixepoch());
INSERT OR IGNORE INTO seed_ingestion_records (id,seed_run_id,entity_type,entity_id,source_id,status) VALUES ('ir_s09_pharmacy_eb3193d3a6ae02df','seed_run_s09_osm_pharmacies_20260502','organization','org_s09_pharmacy_eb3193d3a6ae02df','seed_source_osm_pharmacies_ng_20260502','ingested');
INSERT OR IGNORE INTO seed_entity_sources (id,seed_run_id,entity_type,entity_id,source_id,confidence_tier) VALUES ('es_s09_pharmacy_eb3193d3a6ae02df','seed_run_s09_osm_pharmacies_20260502','organization','org_s09_pharmacy_eb3193d3a6ae02df','seed_source_osm_pharmacies_ng_20260502','seeded');
INSERT OR IGNORE INTO seed_enrichment (id,seed_run_id,entity_type,entity_id,enrichment_type,enrichment_json) VALUES ('enr_s09_pharmacy_eb3193d3a6ae02df','seed_run_s09_osm_pharmacies_20260502','organization','org_s09_pharmacy_eb3193d3a6ae02df','licence_data','{"osm_id": "1069146913", "amenity": "pharmacy", "addr_state": null, "operator": null, "brand": null}');

INSERT OR IGNORE INTO organizations (id,tenant_id,organization_type,legal_name,display_name,registration_number,status,verification_state,created_at,updated_at) VALUES ('org_s09_pharmacy_bb95810d7b23b860','tenant_platform_seed','pharmacy','Nouvelle Pharmacie du Bénin','Nouvelle Pharmacie du Bénin',NULL,'active','seeded',unixepoch(),unixepoch());
INSERT OR IGNORE INTO profiles (id,subject_id,subject_type,primary_place_id,tenant_id,workspace_id,display_name,created_at,updated_at) VALUES ('prof_s09_pharmacy_bb95810d7b23b860','org_s09_pharmacy_bb95810d7b23b860','organization','place_nigeria_001','tenant_platform_seed','workspace_platform_seed_discovery','Nouvelle Pharmacie du Bénin',unixepoch(),unixepoch());
INSERT OR IGNORE INTO search_entries (id,profile_id,display_name,keywords,ancestry_path,vertical,created_at,updated_at) VALUES ('se_s09_pharmacy_bb95810d7b23b860','prof_s09_pharmacy_bb95810d7b23b860','Nouvelle Pharmacie du Bénin','nouvelle pharmacie du bénin pharmacy chemist drug store medicine nigeria','place_nigeria_001','pharmacy',unixepoch(),unixepoch());
INSERT OR IGNORE INTO seed_ingestion_records (id,seed_run_id,entity_type,entity_id,source_id,status) VALUES ('ir_s09_pharmacy_bb95810d7b23b860','seed_run_s09_osm_pharmacies_20260502','organization','org_s09_pharmacy_bb95810d7b23b860','seed_source_osm_pharmacies_ng_20260502','ingested');
INSERT OR IGNORE INTO seed_entity_sources (id,seed_run_id,entity_type,entity_id,source_id,confidence_tier) VALUES ('es_s09_pharmacy_bb95810d7b23b860','seed_run_s09_osm_pharmacies_20260502','organization','org_s09_pharmacy_bb95810d7b23b860','seed_source_osm_pharmacies_ng_20260502','seeded');
INSERT OR IGNORE INTO seed_enrichment (id,seed_run_id,entity_type,entity_id,enrichment_type,enrichment_json) VALUES ('enr_s09_pharmacy_bb95810d7b23b860','seed_run_s09_osm_pharmacies_20260502','organization','org_s09_pharmacy_bb95810d7b23b860','licence_data','{"osm_id": "3021902094", "amenity": "pharmacy", "addr_state": null, "operator": null, "brand": null}');

INSERT OR IGNORE INTO organizations (id,tenant_id,organization_type,legal_name,display_name,registration_number,status,verification_state,created_at,updated_at) VALUES ('org_s09_pharmacy_949d0e132a508b57','tenant_platform_seed','pharmacy','Pharmacie Adama','Pharmacie Adama',NULL,'active','seeded',unixepoch(),unixepoch());
INSERT OR IGNORE INTO profiles (id,subject_id,subject_type,primary_place_id,tenant_id,workspace_id,display_name,created_at,updated_at) VALUES ('prof_s09_pharmacy_949d0e132a508b57','org_s09_pharmacy_949d0e132a508b57','organization','place_nigeria_001','tenant_platform_seed','workspace_platform_seed_discovery','Pharmacie Adama',unixepoch(),unixepoch());
INSERT OR IGNORE INTO search_entries (id,profile_id,display_name,keywords,ancestry_path,vertical,created_at,updated_at) VALUES ('se_s09_pharmacy_949d0e132a508b57','prof_s09_pharmacy_949d0e132a508b57','Pharmacie Adama','pharmacie adama pharmacy chemist drug store medicine nigeria','place_nigeria_001','pharmacy',unixepoch(),unixepoch());
INSERT OR IGNORE INTO seed_ingestion_records (id,seed_run_id,entity_type,entity_id,source_id,status) VALUES ('ir_s09_pharmacy_949d0e132a508b57','seed_run_s09_osm_pharmacies_20260502','organization','org_s09_pharmacy_949d0e132a508b57','seed_source_osm_pharmacies_ng_20260502','ingested');
INSERT OR IGNORE INTO seed_entity_sources (id,seed_run_id,entity_type,entity_id,source_id,confidence_tier) VALUES ('es_s09_pharmacy_949d0e132a508b57','seed_run_s09_osm_pharmacies_20260502','organization','org_s09_pharmacy_949d0e132a508b57','seed_source_osm_pharmacies_ng_20260502','seeded');
INSERT OR IGNORE INTO seed_enrichment (id,seed_run_id,entity_type,entity_id,enrichment_type,enrichment_json) VALUES ('enr_s09_pharmacy_949d0e132a508b57','seed_run_s09_osm_pharmacies_20260502','organization','org_s09_pharmacy_949d0e132a508b57','licence_data','{"osm_id": "3116264554", "amenity": "pharmacy", "addr_state": null, "operator": null, "brand": null}');

INSERT OR IGNORE INTO organizations (id,tenant_id,organization_type,legal_name,display_name,registration_number,status,verification_state,created_at,updated_at) VALUES ('org_s09_pharmacy_7d47dfe462f8a833','tenant_platform_seed','pharmacy','Pinpoh pharmaciy','Pinpoh pharmaciy',NULL,'active','seeded',unixepoch(),unixepoch());
INSERT OR IGNORE INTO profiles (id,subject_id,subject_type,primary_place_id,tenant_id,workspace_id,display_name,created_at,updated_at) VALUES ('prof_s09_pharmacy_7d47dfe462f8a833','org_s09_pharmacy_7d47dfe462f8a833','organization','place_nigeria_001','tenant_platform_seed','workspace_platform_seed_discovery','Pinpoh pharmaciy',unixepoch(),unixepoch());
INSERT OR IGNORE INTO search_entries (id,profile_id,display_name,keywords,ancestry_path,vertical,created_at,updated_at) VALUES ('se_s09_pharmacy_7d47dfe462f8a833','prof_s09_pharmacy_7d47dfe462f8a833','Pinpoh pharmaciy','pinpoh pharmaciy pharmacy chemist drug store medicine nigeria','place_nigeria_001','pharmacy',unixepoch(),unixepoch());
INSERT OR IGNORE INTO seed_ingestion_records (id,seed_run_id,entity_type,entity_id,source_id,status) VALUES ('ir_s09_pharmacy_7d47dfe462f8a833','seed_run_s09_osm_pharmacies_20260502','organization','org_s09_pharmacy_7d47dfe462f8a833','seed_source_osm_pharmacies_ng_20260502','ingested');
INSERT OR IGNORE INTO seed_entity_sources (id,seed_run_id,entity_type,entity_id,source_id,confidence_tier) VALUES ('es_s09_pharmacy_7d47dfe462f8a833','seed_run_s09_osm_pharmacies_20260502','organization','org_s09_pharmacy_7d47dfe462f8a833','seed_source_osm_pharmacies_ng_20260502','seeded');
INSERT OR IGNORE INTO seed_enrichment (id,seed_run_id,entity_type,entity_id,enrichment_type,enrichment_json) VALUES ('enr_s09_pharmacy_7d47dfe462f8a833','seed_run_s09_osm_pharmacies_20260502','organization','org_s09_pharmacy_7d47dfe462f8a833','licence_data','{"osm_id": "4409603501", "amenity": "pharmacy", "addr_state": null, "operator": null, "brand": null}');

INSERT OR IGNORE INTO organizations (id,tenant_id,organization_type,legal_name,display_name,registration_number,status,verification_state,created_at,updated_at) VALUES ('org_s09_pharmacy_786e0ca4c4d8edf2','tenant_platform_seed','pharmacy','Pharmacie la Générale','Pharmacie la Générale',NULL,'active','seeded',unixepoch(),unixepoch());
INSERT OR IGNORE INTO profiles (id,subject_id,subject_type,primary_place_id,tenant_id,workspace_id,display_name,created_at,updated_at) VALUES ('prof_s09_pharmacy_786e0ca4c4d8edf2','org_s09_pharmacy_786e0ca4c4d8edf2','organization','place_nigeria_001','tenant_platform_seed','workspace_platform_seed_discovery','Pharmacie la Générale',unixepoch(),unixepoch());
INSERT OR IGNORE INTO search_entries (id,profile_id,display_name,keywords,ancestry_path,vertical,created_at,updated_at) VALUES ('se_s09_pharmacy_786e0ca4c4d8edf2','prof_s09_pharmacy_786e0ca4c4d8edf2','Pharmacie la Générale','pharmacie la générale pharmacy chemist drug store medicine nigeria','place_nigeria_001','pharmacy',unixepoch(),unixepoch());
INSERT OR IGNORE INTO seed_ingestion_records (id,seed_run_id,entity_type,entity_id,source_id,status) VALUES ('ir_s09_pharmacy_786e0ca4c4d8edf2','seed_run_s09_osm_pharmacies_20260502','organization','org_s09_pharmacy_786e0ca4c4d8edf2','seed_source_osm_pharmacies_ng_20260502','ingested');
INSERT OR IGNORE INTO seed_entity_sources (id,seed_run_id,entity_type,entity_id,source_id,confidence_tier) VALUES ('es_s09_pharmacy_786e0ca4c4d8edf2','seed_run_s09_osm_pharmacies_20260502','organization','org_s09_pharmacy_786e0ca4c4d8edf2','seed_source_osm_pharmacies_ng_20260502','seeded');
INSERT OR IGNORE INTO seed_enrichment (id,seed_run_id,entity_type,entity_id,enrichment_type,enrichment_json) VALUES ('enr_s09_pharmacy_786e0ca4c4d8edf2','seed_run_s09_osm_pharmacies_20260502','organization','org_s09_pharmacy_786e0ca4c4d8edf2','licence_data','{"osm_id": "4455404450", "amenity": "pharmacy", "addr_state": null, "operator": null, "brand": null}');

INSERT OR IGNORE INTO organizations (id,tenant_id,organization_type,legal_name,display_name,registration_number,status,verification_state,created_at,updated_at) VALUES ('org_s09_pharmacy_e31167b1be01f2fe','tenant_platform_seed','pharmacy','Pharmacie Mokolo','Pharmacie Mokolo',NULL,'active','seeded',unixepoch(),unixepoch());
INSERT OR IGNORE INTO profiles (id,subject_id,subject_type,primary_place_id,tenant_id,workspace_id,display_name,created_at,updated_at) VALUES ('prof_s09_pharmacy_e31167b1be01f2fe','org_s09_pharmacy_e31167b1be01f2fe','organization','place_nigeria_001','tenant_platform_seed','workspace_platform_seed_discovery','Pharmacie Mokolo',unixepoch(),unixepoch());
INSERT OR IGNORE INTO search_entries (id,profile_id,display_name,keywords,ancestry_path,vertical,created_at,updated_at) VALUES ('se_s09_pharmacy_e31167b1be01f2fe','prof_s09_pharmacy_e31167b1be01f2fe','Pharmacie Mokolo','pharmacie mokolo pharmacy chemist drug store medicine nigeria','place_nigeria_001','pharmacy',unixepoch(),unixepoch());
INSERT OR IGNORE INTO seed_ingestion_records (id,seed_run_id,entity_type,entity_id,source_id,status) VALUES ('ir_s09_pharmacy_e31167b1be01f2fe','seed_run_s09_osm_pharmacies_20260502','organization','org_s09_pharmacy_e31167b1be01f2fe','seed_source_osm_pharmacies_ng_20260502','ingested');
INSERT OR IGNORE INTO seed_entity_sources (id,seed_run_id,entity_type,entity_id,source_id,confidence_tier) VALUES ('es_s09_pharmacy_e31167b1be01f2fe','seed_run_s09_osm_pharmacies_20260502','organization','org_s09_pharmacy_e31167b1be01f2fe','seed_source_osm_pharmacies_ng_20260502','seeded');
INSERT OR IGNORE INTO seed_enrichment (id,seed_run_id,entity_type,entity_id,enrichment_type,enrichment_json) VALUES ('enr_s09_pharmacy_e31167b1be01f2fe','seed_run_s09_osm_pharmacies_20260502','organization','org_s09_pharmacy_e31167b1be01f2fe','licence_data','{"osm_id": "4455405630", "amenity": "pharmacy", "addr_state": null, "operator": null, "brand": null}');

INSERT OR IGNORE INTO organizations (id,tenant_id,organization_type,legal_name,display_name,registration_number,status,verification_state,created_at,updated_at) VALUES ('org_s09_pharmacy_5e0fcecc8ed747ba','tenant_platform_seed','pharmacy','Pharmacie du Centre','Pharmacie du Centre',NULL,'active','seeded',unixepoch(),unixepoch());
INSERT OR IGNORE INTO profiles (id,subject_id,subject_type,primary_place_id,tenant_id,workspace_id,display_name,created_at,updated_at) VALUES ('prof_s09_pharmacy_5e0fcecc8ed747ba','org_s09_pharmacy_5e0fcecc8ed747ba','organization','place_nigeria_001','tenant_platform_seed','workspace_platform_seed_discovery','Pharmacie du Centre',unixepoch(),unixepoch());
INSERT OR IGNORE INTO search_entries (id,profile_id,display_name,keywords,ancestry_path,vertical,created_at,updated_at) VALUES ('se_s09_pharmacy_5e0fcecc8ed747ba','prof_s09_pharmacy_5e0fcecc8ed747ba','Pharmacie du Centre','pharmacie du centre pharmacy chemist drug store medicine nigeria','place_nigeria_001','pharmacy',unixepoch(),unixepoch());
INSERT OR IGNORE INTO seed_ingestion_records (id,seed_run_id,entity_type,entity_id,source_id,status) VALUES ('ir_s09_pharmacy_5e0fcecc8ed747ba','seed_run_s09_osm_pharmacies_20260502','organization','org_s09_pharmacy_5e0fcecc8ed747ba','seed_source_osm_pharmacies_ng_20260502','ingested');
INSERT OR IGNORE INTO seed_entity_sources (id,seed_run_id,entity_type,entity_id,source_id,confidence_tier) VALUES ('es_s09_pharmacy_5e0fcecc8ed747ba','seed_run_s09_osm_pharmacies_20260502','organization','org_s09_pharmacy_5e0fcecc8ed747ba','seed_source_osm_pharmacies_ng_20260502','seeded');
INSERT OR IGNORE INTO seed_enrichment (id,seed_run_id,entity_type,entity_id,enrichment_type,enrichment_json) VALUES ('enr_s09_pharmacy_5e0fcecc8ed747ba','seed_run_s09_osm_pharmacies_20260502','organization','org_s09_pharmacy_5e0fcecc8ed747ba','licence_data','{"osm_id": "4534873636", "amenity": "pharmacy", "addr_state": null, "operator": null, "brand": null}');

INSERT OR IGNORE INTO organizations (id,tenant_id,organization_type,legal_name,display_name,registration_number,status,verification_state,created_at,updated_at) VALUES ('org_s09_pharmacy_be2e1d3ac9d780e0','tenant_platform_seed','pharmacy','Pharmacie De L''espoir','Pharmacie De L''espoir',NULL,'active','seeded',unixepoch(),unixepoch());
INSERT OR IGNORE INTO profiles (id,subject_id,subject_type,primary_place_id,tenant_id,workspace_id,display_name,created_at,updated_at) VALUES ('prof_s09_pharmacy_be2e1d3ac9d780e0','org_s09_pharmacy_be2e1d3ac9d780e0','organization','place_nigeria_001','tenant_platform_seed','workspace_platform_seed_discovery','Pharmacie De L''espoir',unixepoch(),unixepoch());
INSERT OR IGNORE INTO search_entries (id,profile_id,display_name,keywords,ancestry_path,vertical,created_at,updated_at) VALUES ('se_s09_pharmacy_be2e1d3ac9d780e0','prof_s09_pharmacy_be2e1d3ac9d780e0','Pharmacie De L''espoir','pharmacie de l''espoir pharmacy chemist drug store medicine nigeria','place_nigeria_001','pharmacy',unixepoch(),unixepoch());
INSERT OR IGNORE INTO seed_ingestion_records (id,seed_run_id,entity_type,entity_id,source_id,status) VALUES ('ir_s09_pharmacy_be2e1d3ac9d780e0','seed_run_s09_osm_pharmacies_20260502','organization','org_s09_pharmacy_be2e1d3ac9d780e0','seed_source_osm_pharmacies_ng_20260502','ingested');
INSERT OR IGNORE INTO seed_entity_sources (id,seed_run_id,entity_type,entity_id,source_id,confidence_tier) VALUES ('es_s09_pharmacy_be2e1d3ac9d780e0','seed_run_s09_osm_pharmacies_20260502','organization','org_s09_pharmacy_be2e1d3ac9d780e0','seed_source_osm_pharmacies_ng_20260502','seeded');
INSERT OR IGNORE INTO seed_enrichment (id,seed_run_id,entity_type,entity_id,enrichment_type,enrichment_json) VALUES ('enr_s09_pharmacy_be2e1d3ac9d780e0','seed_run_s09_osm_pharmacies_20260502','organization','org_s09_pharmacy_be2e1d3ac9d780e0','licence_data','{"osm_id": "4979030622", "amenity": "pharmacy", "addr_state": null, "operator": null, "brand": null}');

INSERT OR IGNORE INTO organizations (id,tenant_id,organization_type,legal_name,display_name,registration_number,status,verification_state,created_at,updated_at) VALUES ('org_s09_pharmacy_bb31f682cdc190bd','tenant_platform_seed','pharmacy','Pharmacie Oxygène','Pharmacie Oxygène',NULL,'active','seeded',unixepoch(),unixepoch());
INSERT OR IGNORE INTO profiles (id,subject_id,subject_type,primary_place_id,tenant_id,workspace_id,display_name,created_at,updated_at) VALUES ('prof_s09_pharmacy_bb31f682cdc190bd','org_s09_pharmacy_bb31f682cdc190bd','organization','place_nigeria_001','tenant_platform_seed','workspace_platform_seed_discovery','Pharmacie Oxygène',unixepoch(),unixepoch());
INSERT OR IGNORE INTO search_entries (id,profile_id,display_name,keywords,ancestry_path,vertical,created_at,updated_at) VALUES ('se_s09_pharmacy_bb31f682cdc190bd','prof_s09_pharmacy_bb31f682cdc190bd','Pharmacie Oxygène','pharmacie oxygène pharmacy chemist drug store medicine nigeria','place_nigeria_001','pharmacy',unixepoch(),unixepoch());
INSERT OR IGNORE INTO seed_ingestion_records (id,seed_run_id,entity_type,entity_id,source_id,status) VALUES ('ir_s09_pharmacy_bb31f682cdc190bd','seed_run_s09_osm_pharmacies_20260502','organization','org_s09_pharmacy_bb31f682cdc190bd','seed_source_osm_pharmacies_ng_20260502','ingested');
INSERT OR IGNORE INTO seed_entity_sources (id,seed_run_id,entity_type,entity_id,source_id,confidence_tier) VALUES ('es_s09_pharmacy_bb31f682cdc190bd','seed_run_s09_osm_pharmacies_20260502','organization','org_s09_pharmacy_bb31f682cdc190bd','seed_source_osm_pharmacies_ng_20260502','seeded');
INSERT OR IGNORE INTO seed_enrichment (id,seed_run_id,entity_type,entity_id,enrichment_type,enrichment_json) VALUES ('enr_s09_pharmacy_bb31f682cdc190bd','seed_run_s09_osm_pharmacies_20260502','organization','org_s09_pharmacy_bb31f682cdc190bd','licence_data','{"osm_id": "5126030895", "amenity": "pharmacy", "addr_state": null, "operator": null, "brand": null}');

INSERT OR IGNORE INTO organizations (id,tenant_id,organization_type,legal_name,display_name,registration_number,status,verification_state,created_at,updated_at) VALUES ('org_s09_pharmacy_65a94b7b1edfea19','tenant_platform_seed','pharmacy','Prestige Pharmacy','Prestige Pharmacy',NULL,'active','seeded',unixepoch(),unixepoch());
INSERT OR IGNORE INTO profiles (id,subject_id,subject_type,primary_place_id,tenant_id,workspace_id,display_name,created_at,updated_at) VALUES ('prof_s09_pharmacy_65a94b7b1edfea19','org_s09_pharmacy_65a94b7b1edfea19','organization','place_nigeria_001','tenant_platform_seed','workspace_platform_seed_discovery','Prestige Pharmacy',unixepoch(),unixepoch());
INSERT OR IGNORE INTO search_entries (id,profile_id,display_name,keywords,ancestry_path,vertical,created_at,updated_at) VALUES ('se_s09_pharmacy_65a94b7b1edfea19','prof_s09_pharmacy_65a94b7b1edfea19','Prestige Pharmacy','prestige pharmacy pharmacy chemist drug store medicine nigeria','place_nigeria_001','pharmacy',unixepoch(),unixepoch());
INSERT OR IGNORE INTO seed_ingestion_records (id,seed_run_id,entity_type,entity_id,source_id,status) VALUES ('ir_s09_pharmacy_65a94b7b1edfea19','seed_run_s09_osm_pharmacies_20260502','organization','org_s09_pharmacy_65a94b7b1edfea19','seed_source_osm_pharmacies_ng_20260502','ingested');
INSERT OR IGNORE INTO seed_entity_sources (id,seed_run_id,entity_type,entity_id,source_id,confidence_tier) VALUES ('es_s09_pharmacy_65a94b7b1edfea19','seed_run_s09_osm_pharmacies_20260502','organization','org_s09_pharmacy_65a94b7b1edfea19','seed_source_osm_pharmacies_ng_20260502','seeded');
INSERT OR IGNORE INTO seed_enrichment (id,seed_run_id,entity_type,entity_id,enrichment_type,enrichment_json) VALUES ('enr_s09_pharmacy_65a94b7b1edfea19','seed_run_s09_osm_pharmacies_20260502','organization','org_s09_pharmacy_65a94b7b1edfea19','licence_data','{"osm_id": "5671968923", "amenity": "pharmacy", "addr_state": null, "operator": null, "brand": null}');

INSERT OR IGNORE INTO organizations (id,tenant_id,organization_type,legal_name,display_name,registration_number,status,verification_state,created_at,updated_at) VALUES ('org_s09_pharmacy_5a275fc355105432','tenant_platform_seed','pharmacy','Pharlacie du campus','Pharlacie du campus',NULL,'active','seeded',unixepoch(),unixepoch());
INSERT OR IGNORE INTO profiles (id,subject_id,subject_type,primary_place_id,tenant_id,workspace_id,display_name,created_at,updated_at) VALUES ('prof_s09_pharmacy_5a275fc355105432','org_s09_pharmacy_5a275fc355105432','organization','place_nigeria_001','tenant_platform_seed','workspace_platform_seed_discovery','Pharlacie du campus',unixepoch(),unixepoch());
INSERT OR IGNORE INTO search_entries (id,profile_id,display_name,keywords,ancestry_path,vertical,created_at,updated_at) VALUES ('se_s09_pharmacy_5a275fc355105432','prof_s09_pharmacy_5a275fc355105432','Pharlacie du campus','pharlacie du campus pharmacy chemist drug store medicine nigeria','place_nigeria_001','pharmacy',unixepoch(),unixepoch());
INSERT OR IGNORE INTO seed_ingestion_records (id,seed_run_id,entity_type,entity_id,source_id,status) VALUES ('ir_s09_pharmacy_5a275fc355105432','seed_run_s09_osm_pharmacies_20260502','organization','org_s09_pharmacy_5a275fc355105432','seed_source_osm_pharmacies_ng_20260502','ingested');
INSERT OR IGNORE INTO seed_entity_sources (id,seed_run_id,entity_type,entity_id,source_id,confidence_tier) VALUES ('es_s09_pharmacy_5a275fc355105432','seed_run_s09_osm_pharmacies_20260502','organization','org_s09_pharmacy_5a275fc355105432','seed_source_osm_pharmacies_ng_20260502','seeded');
INSERT OR IGNORE INTO seed_enrichment (id,seed_run_id,entity_type,entity_id,enrichment_type,enrichment_json) VALUES ('enr_s09_pharmacy_5a275fc355105432','seed_run_s09_osm_pharmacies_20260502','organization','org_s09_pharmacy_5a275fc355105432','licence_data','{"osm_id": "5714563884", "amenity": "pharmacy", "addr_state": null, "operator": null, "brand": null}');

INSERT OR IGNORE INTO organizations (id,tenant_id,organization_type,legal_name,display_name,registration_number,status,verification_state,created_at,updated_at) VALUES ('org_s09_pharmacy_6f9ef1a28c55bdcf','tenant_platform_seed','pharmacy','Wisdom Pharmacy','Wisdom Pharmacy',NULL,'active','seeded',unixepoch(),unixepoch());
INSERT OR IGNORE INTO profiles (id,subject_id,subject_type,primary_place_id,tenant_id,workspace_id,display_name,created_at,updated_at) VALUES ('prof_s09_pharmacy_6f9ef1a28c55bdcf','org_s09_pharmacy_6f9ef1a28c55bdcf','organization','place_nigeria_001','tenant_platform_seed','workspace_platform_seed_discovery','Wisdom Pharmacy',unixepoch(),unixepoch());
INSERT OR IGNORE INTO search_entries (id,profile_id,display_name,keywords,ancestry_path,vertical,created_at,updated_at) VALUES ('se_s09_pharmacy_6f9ef1a28c55bdcf','prof_s09_pharmacy_6f9ef1a28c55bdcf','Wisdom Pharmacy','wisdom pharmacy pharmacy chemist drug store medicine nigeria','place_nigeria_001','pharmacy',unixepoch(),unixepoch());
INSERT OR IGNORE INTO seed_ingestion_records (id,seed_run_id,entity_type,entity_id,source_id,status) VALUES ('ir_s09_pharmacy_6f9ef1a28c55bdcf','seed_run_s09_osm_pharmacies_20260502','organization','org_s09_pharmacy_6f9ef1a28c55bdcf','seed_source_osm_pharmacies_ng_20260502','ingested');
INSERT OR IGNORE INTO seed_entity_sources (id,seed_run_id,entity_type,entity_id,source_id,confidence_tier) VALUES ('es_s09_pharmacy_6f9ef1a28c55bdcf','seed_run_s09_osm_pharmacies_20260502','organization','org_s09_pharmacy_6f9ef1a28c55bdcf','seed_source_osm_pharmacies_ng_20260502','seeded');
INSERT OR IGNORE INTO seed_enrichment (id,seed_run_id,entity_type,entity_id,enrichment_type,enrichment_json) VALUES ('enr_s09_pharmacy_6f9ef1a28c55bdcf','seed_run_s09_osm_pharmacies_20260502','organization','org_s09_pharmacy_6f9ef1a28c55bdcf','licence_data','{"osm_id": "5759180822", "amenity": "pharmacy", "addr_state": null, "operator": null, "brand": null}');

INSERT OR IGNORE INTO organizations (id,tenant_id,organization_type,legal_name,display_name,registration_number,status,verification_state,created_at,updated_at) VALUES ('org_s09_pharmacy_d10655c95e98ef38','tenant_platform_seed','pharmacy','Pharmacie de L''esperance','Pharmacie de L''esperance',NULL,'active','seeded',unixepoch(),unixepoch());
INSERT OR IGNORE INTO profiles (id,subject_id,subject_type,primary_place_id,tenant_id,workspace_id,display_name,created_at,updated_at) VALUES ('prof_s09_pharmacy_d10655c95e98ef38','org_s09_pharmacy_d10655c95e98ef38','organization','place_nigeria_001','tenant_platform_seed','workspace_platform_seed_discovery','Pharmacie de L''esperance',unixepoch(),unixepoch());
INSERT OR IGNORE INTO search_entries (id,profile_id,display_name,keywords,ancestry_path,vertical,created_at,updated_at) VALUES ('se_s09_pharmacy_d10655c95e98ef38','prof_s09_pharmacy_d10655c95e98ef38','Pharmacie de L''esperance','pharmacie de l''esperance pharmacy chemist drug store medicine nigeria','place_nigeria_001','pharmacy',unixepoch(),unixepoch());
INSERT OR IGNORE INTO seed_ingestion_records (id,seed_run_id,entity_type,entity_id,source_id,status) VALUES ('ir_s09_pharmacy_d10655c95e98ef38','seed_run_s09_osm_pharmacies_20260502','organization','org_s09_pharmacy_d10655c95e98ef38','seed_source_osm_pharmacies_ng_20260502','ingested');
INSERT OR IGNORE INTO seed_entity_sources (id,seed_run_id,entity_type,entity_id,source_id,confidence_tier) VALUES ('es_s09_pharmacy_d10655c95e98ef38','seed_run_s09_osm_pharmacies_20260502','organization','org_s09_pharmacy_d10655c95e98ef38','seed_source_osm_pharmacies_ng_20260502','seeded');
INSERT OR IGNORE INTO seed_enrichment (id,seed_run_id,entity_type,entity_id,enrichment_type,enrichment_json) VALUES ('enr_s09_pharmacy_d10655c95e98ef38','seed_run_s09_osm_pharmacies_20260502','organization','org_s09_pharmacy_d10655c95e98ef38','licence_data','{"osm_id": "5940279339", "amenity": "pharmacy", "addr_state": null, "operator": null, "brand": null}');

INSERT OR IGNORE INTO organizations (id,tenant_id,organization_type,legal_name,display_name,registration_number,status,verification_state,created_at,updated_at) VALUES ('org_s09_pharmacy_3876766527dc5ff1','tenant_platform_seed','pharmacy','Pharmacie de la Gare','Pharmacie de la Gare',NULL,'active','seeded',unixepoch(),unixepoch());
INSERT OR IGNORE INTO profiles (id,subject_id,subject_type,primary_place_id,tenant_id,workspace_id,display_name,created_at,updated_at) VALUES ('prof_s09_pharmacy_3876766527dc5ff1','org_s09_pharmacy_3876766527dc5ff1','organization','place_nigeria_001','tenant_platform_seed','workspace_platform_seed_discovery','Pharmacie de la Gare',unixepoch(),unixepoch());
INSERT OR IGNORE INTO search_entries (id,profile_id,display_name,keywords,ancestry_path,vertical,created_at,updated_at) VALUES ('se_s09_pharmacy_3876766527dc5ff1','prof_s09_pharmacy_3876766527dc5ff1','Pharmacie de la Gare','pharmacie de la gare pharmacy chemist drug store medicine nigeria','place_nigeria_001','pharmacy',unixepoch(),unixepoch());
INSERT OR IGNORE INTO seed_ingestion_records (id,seed_run_id,entity_type,entity_id,source_id,status) VALUES ('ir_s09_pharmacy_3876766527dc5ff1','seed_run_s09_osm_pharmacies_20260502','organization','org_s09_pharmacy_3876766527dc5ff1','seed_source_osm_pharmacies_ng_20260502','ingested');
INSERT OR IGNORE INTO seed_entity_sources (id,seed_run_id,entity_type,entity_id,source_id,confidence_tier) VALUES ('es_s09_pharmacy_3876766527dc5ff1','seed_run_s09_osm_pharmacies_20260502','organization','org_s09_pharmacy_3876766527dc5ff1','seed_source_osm_pharmacies_ng_20260502','seeded');
INSERT OR IGNORE INTO seed_enrichment (id,seed_run_id,entity_type,entity_id,enrichment_type,enrichment_json) VALUES ('enr_s09_pharmacy_3876766527dc5ff1','seed_run_s09_osm_pharmacies_20260502','organization','org_s09_pharmacy_3876766527dc5ff1','licence_data','{"osm_id": "5940279340", "amenity": "pharmacy", "addr_state": null, "operator": null, "brand": null}');

INSERT OR IGNORE INTO organizations (id,tenant_id,organization_type,legal_name,display_name,registration_number,status,verification_state,created_at,updated_at) VALUES ('org_s09_pharmacy_d9c0a4ed29dfb46c','tenant_platform_seed','pharmacy','Pharmacie le Saare','Pharmacie le Saare',NULL,'active','seeded',unixepoch(),unixepoch());
INSERT OR IGNORE INTO profiles (id,subject_id,subject_type,primary_place_id,tenant_id,workspace_id,display_name,created_at,updated_at) VALUES ('prof_s09_pharmacy_d9c0a4ed29dfb46c','org_s09_pharmacy_d9c0a4ed29dfb46c','organization','place_nigeria_001','tenant_platform_seed','workspace_platform_seed_discovery','Pharmacie le Saare',unixepoch(),unixepoch());
INSERT OR IGNORE INTO search_entries (id,profile_id,display_name,keywords,ancestry_path,vertical,created_at,updated_at) VALUES ('se_s09_pharmacy_d9c0a4ed29dfb46c','prof_s09_pharmacy_d9c0a4ed29dfb46c','Pharmacie le Saare','pharmacie le saare pharmacy chemist drug store medicine nigeria','place_nigeria_001','pharmacy',unixepoch(),unixepoch());
INSERT OR IGNORE INTO seed_ingestion_records (id,seed_run_id,entity_type,entity_id,source_id,status) VALUES ('ir_s09_pharmacy_d9c0a4ed29dfb46c','seed_run_s09_osm_pharmacies_20260502','organization','org_s09_pharmacy_d9c0a4ed29dfb46c','seed_source_osm_pharmacies_ng_20260502','ingested');
INSERT OR IGNORE INTO seed_entity_sources (id,seed_run_id,entity_type,entity_id,source_id,confidence_tier) VALUES ('es_s09_pharmacy_d9c0a4ed29dfb46c','seed_run_s09_osm_pharmacies_20260502','organization','org_s09_pharmacy_d9c0a4ed29dfb46c','seed_source_osm_pharmacies_ng_20260502','seeded');
INSERT OR IGNORE INTO seed_enrichment (id,seed_run_id,entity_type,entity_id,enrichment_type,enrichment_json) VALUES ('enr_s09_pharmacy_d9c0a4ed29dfb46c','seed_run_s09_osm_pharmacies_20260502','organization','org_s09_pharmacy_d9c0a4ed29dfb46c','licence_data','{"osm_id": "5940279341", "amenity": "pharmacy", "addr_state": null, "operator": null, "brand": null}');

INSERT OR IGNORE INTO organizations (id,tenant_id,organization_type,legal_name,display_name,registration_number,status,verification_state,created_at,updated_at) VALUES ('org_s09_pharmacy_e752a978aba89bc4','tenant_platform_seed','pharmacy','Pharmacie Oxygene','Pharmacie Oxygene',NULL,'active','seeded',unixepoch(),unixepoch());
INSERT OR IGNORE INTO profiles (id,subject_id,subject_type,primary_place_id,tenant_id,workspace_id,display_name,created_at,updated_at) VALUES ('prof_s09_pharmacy_e752a978aba89bc4','org_s09_pharmacy_e752a978aba89bc4','organization','place_nigeria_001','tenant_platform_seed','workspace_platform_seed_discovery','Pharmacie Oxygene',unixepoch(),unixepoch());
INSERT OR IGNORE INTO search_entries (id,profile_id,display_name,keywords,ancestry_path,vertical,created_at,updated_at) VALUES ('se_s09_pharmacy_e752a978aba89bc4','prof_s09_pharmacy_e752a978aba89bc4','Pharmacie Oxygene','pharmacie oxygene pharmacy chemist drug store medicine nigeria','place_nigeria_001','pharmacy',unixepoch(),unixepoch());
INSERT OR IGNORE INTO seed_ingestion_records (id,seed_run_id,entity_type,entity_id,source_id,status) VALUES ('ir_s09_pharmacy_e752a978aba89bc4','seed_run_s09_osm_pharmacies_20260502','organization','org_s09_pharmacy_e752a978aba89bc4','seed_source_osm_pharmacies_ng_20260502','ingested');
INSERT OR IGNORE INTO seed_entity_sources (id,seed_run_id,entity_type,entity_id,source_id,confidence_tier) VALUES ('es_s09_pharmacy_e752a978aba89bc4','seed_run_s09_osm_pharmacies_20260502','organization','org_s09_pharmacy_e752a978aba89bc4','seed_source_osm_pharmacies_ng_20260502','seeded');
INSERT OR IGNORE INTO seed_enrichment (id,seed_run_id,entity_type,entity_id,enrichment_type,enrichment_json) VALUES ('enr_s09_pharmacy_e752a978aba89bc4','seed_run_s09_osm_pharmacies_20260502','organization','org_s09_pharmacy_e752a978aba89bc4','licence_data','{"osm_id": "5940279342", "amenity": "pharmacy", "addr_state": null, "operator": null, "brand": null}');

INSERT OR IGNORE INTO organizations (id,tenant_id,organization_type,legal_name,display_name,registration_number,status,verification_state,created_at,updated_at) VALUES ('org_s09_pharmacy_9ce1df535d615a67','tenant_platform_seed','pharmacy','Pharmacie de Beka-hossere','Pharmacie de Beka-hossere',NULL,'active','seeded',unixepoch(),unixepoch());
INSERT OR IGNORE INTO profiles (id,subject_id,subject_type,primary_place_id,tenant_id,workspace_id,display_name,created_at,updated_at) VALUES ('prof_s09_pharmacy_9ce1df535d615a67','org_s09_pharmacy_9ce1df535d615a67','organization','place_nigeria_001','tenant_platform_seed','workspace_platform_seed_discovery','Pharmacie de Beka-hossere',unixepoch(),unixepoch());
INSERT OR IGNORE INTO search_entries (id,profile_id,display_name,keywords,ancestry_path,vertical,created_at,updated_at) VALUES ('se_s09_pharmacy_9ce1df535d615a67','prof_s09_pharmacy_9ce1df535d615a67','Pharmacie de Beka-hossere','pharmacie de beka-hossere pharmacy chemist drug store medicine nigeria','place_nigeria_001','pharmacy',unixepoch(),unixepoch());
INSERT OR IGNORE INTO seed_ingestion_records (id,seed_run_id,entity_type,entity_id,source_id,status) VALUES ('ir_s09_pharmacy_9ce1df535d615a67','seed_run_s09_osm_pharmacies_20260502','organization','org_s09_pharmacy_9ce1df535d615a67','seed_source_osm_pharmacies_ng_20260502','ingested');
INSERT OR IGNORE INTO seed_entity_sources (id,seed_run_id,entity_type,entity_id,source_id,confidence_tier) VALUES ('es_s09_pharmacy_9ce1df535d615a67','seed_run_s09_osm_pharmacies_20260502','organization','org_s09_pharmacy_9ce1df535d615a67','seed_source_osm_pharmacies_ng_20260502','seeded');
INSERT OR IGNORE INTO seed_enrichment (id,seed_run_id,entity_type,entity_id,enrichment_type,enrichment_json) VALUES ('enr_s09_pharmacy_9ce1df535d615a67','seed_run_s09_osm_pharmacies_20260502','organization','org_s09_pharmacy_9ce1df535d615a67','licence_data','{"osm_id": "5940279344", "amenity": "pharmacy", "addr_state": null, "operator": null, "brand": null}');

INSERT OR IGNORE INTO organizations (id,tenant_id,organization_type,legal_name,display_name,registration_number,status,verification_state,created_at,updated_at) VALUES ('org_s09_pharmacy_8c278b4f5f4a545f','tenant_platform_seed','pharmacy','Pharmacie de L''enttente','Pharmacie de L''enttente',NULL,'active','seeded',unixepoch(),unixepoch());
INSERT OR IGNORE INTO profiles (id,subject_id,subject_type,primary_place_id,tenant_id,workspace_id,display_name,created_at,updated_at) VALUES ('prof_s09_pharmacy_8c278b4f5f4a545f','org_s09_pharmacy_8c278b4f5f4a545f','organization','place_nigeria_001','tenant_platform_seed','workspace_platform_seed_discovery','Pharmacie de L''enttente',unixepoch(),unixepoch());
INSERT OR IGNORE INTO search_entries (id,profile_id,display_name,keywords,ancestry_path,vertical,created_at,updated_at) VALUES ('se_s09_pharmacy_8c278b4f5f4a545f','prof_s09_pharmacy_8c278b4f5f4a545f','Pharmacie de L''enttente','pharmacie de l''enttente pharmacy chemist drug store medicine nigeria','place_nigeria_001','pharmacy',unixepoch(),unixepoch());
INSERT OR IGNORE INTO seed_ingestion_records (id,seed_run_id,entity_type,entity_id,source_id,status) VALUES ('ir_s09_pharmacy_8c278b4f5f4a545f','seed_run_s09_osm_pharmacies_20260502','organization','org_s09_pharmacy_8c278b4f5f4a545f','seed_source_osm_pharmacies_ng_20260502','ingested');
INSERT OR IGNORE INTO seed_entity_sources (id,seed_run_id,entity_type,entity_id,source_id,confidence_tier) VALUES ('es_s09_pharmacy_8c278b4f5f4a545f','seed_run_s09_osm_pharmacies_20260502','organization','org_s09_pharmacy_8c278b4f5f4a545f','seed_source_osm_pharmacies_ng_20260502','seeded');
INSERT OR IGNORE INTO seed_enrichment (id,seed_run_id,entity_type,entity_id,enrichment_type,enrichment_json) VALUES ('enr_s09_pharmacy_8c278b4f5f4a545f','seed_run_s09_osm_pharmacies_20260502','organization','org_s09_pharmacy_8c278b4f5f4a545f','licence_data','{"osm_id": "5940279345", "amenity": "pharmacy", "addr_state": null, "operator": null, "brand": null}');

INSERT OR IGNORE INTO organizations (id,tenant_id,organization_type,legal_name,display_name,registration_number,status,verification_state,created_at,updated_at) VALUES ('org_s09_pharmacy_9033721613fad4c0','tenant_platform_seed','pharmacy','Pharmacie de La Vina','Pharmacie de La Vina',NULL,'active','seeded',unixepoch(),unixepoch());
INSERT OR IGNORE INTO profiles (id,subject_id,subject_type,primary_place_id,tenant_id,workspace_id,display_name,created_at,updated_at) VALUES ('prof_s09_pharmacy_9033721613fad4c0','org_s09_pharmacy_9033721613fad4c0','organization','place_nigeria_001','tenant_platform_seed','workspace_platform_seed_discovery','Pharmacie de La Vina',unixepoch(),unixepoch());
INSERT OR IGNORE INTO search_entries (id,profile_id,display_name,keywords,ancestry_path,vertical,created_at,updated_at) VALUES ('se_s09_pharmacy_9033721613fad4c0','prof_s09_pharmacy_9033721613fad4c0','Pharmacie de La Vina','pharmacie de la vina pharmacy chemist drug store medicine nigeria','place_nigeria_001','pharmacy',unixepoch(),unixepoch());
INSERT OR IGNORE INTO seed_ingestion_records (id,seed_run_id,entity_type,entity_id,source_id,status) VALUES ('ir_s09_pharmacy_9033721613fad4c0','seed_run_s09_osm_pharmacies_20260502','organization','org_s09_pharmacy_9033721613fad4c0','seed_source_osm_pharmacies_ng_20260502','ingested');
INSERT OR IGNORE INTO seed_entity_sources (id,seed_run_id,entity_type,entity_id,source_id,confidence_tier) VALUES ('es_s09_pharmacy_9033721613fad4c0','seed_run_s09_osm_pharmacies_20260502','organization','org_s09_pharmacy_9033721613fad4c0','seed_source_osm_pharmacies_ng_20260502','seeded');
INSERT OR IGNORE INTO seed_enrichment (id,seed_run_id,entity_type,entity_id,enrichment_type,enrichment_json) VALUES ('enr_s09_pharmacy_9033721613fad4c0','seed_run_s09_osm_pharmacies_20260502','organization','org_s09_pharmacy_9033721613fad4c0','licence_data','{"osm_id": "5940279346", "amenity": "pharmacy", "addr_state": null, "operator": null, "brand": null}');

INSERT OR IGNORE INTO organizations (id,tenant_id,organization_type,legal_name,display_name,registration_number,status,verification_state,created_at,updated_at) VALUES ('org_s09_pharmacy_83c43cb9207e6439','tenant_platform_seed','pharmacy','Pharmacie Coop Univers','Pharmacie Coop Univers',NULL,'active','seeded',unixepoch(),unixepoch());
INSERT OR IGNORE INTO profiles (id,subject_id,subject_type,primary_place_id,tenant_id,workspace_id,display_name,created_at,updated_at) VALUES ('prof_s09_pharmacy_83c43cb9207e6439','org_s09_pharmacy_83c43cb9207e6439','organization','place_nigeria_001','tenant_platform_seed','workspace_platform_seed_discovery','Pharmacie Coop Univers',unixepoch(),unixepoch());
INSERT OR IGNORE INTO search_entries (id,profile_id,display_name,keywords,ancestry_path,vertical,created_at,updated_at) VALUES ('se_s09_pharmacy_83c43cb9207e6439','prof_s09_pharmacy_83c43cb9207e6439','Pharmacie Coop Univers','pharmacie coop univers pharmacy chemist drug store medicine nigeria','place_nigeria_001','pharmacy',unixepoch(),unixepoch());
INSERT OR IGNORE INTO seed_ingestion_records (id,seed_run_id,entity_type,entity_id,source_id,status) VALUES ('ir_s09_pharmacy_83c43cb9207e6439','seed_run_s09_osm_pharmacies_20260502','organization','org_s09_pharmacy_83c43cb9207e6439','seed_source_osm_pharmacies_ng_20260502','ingested');
INSERT OR IGNORE INTO seed_entity_sources (id,seed_run_id,entity_type,entity_id,source_id,confidence_tier) VALUES ('es_s09_pharmacy_83c43cb9207e6439','seed_run_s09_osm_pharmacies_20260502','organization','org_s09_pharmacy_83c43cb9207e6439','seed_source_osm_pharmacies_ng_20260502','seeded');
INSERT OR IGNORE INTO seed_enrichment (id,seed_run_id,entity_type,entity_id,enrichment_type,enrichment_json) VALUES ('enr_s09_pharmacy_83c43cb9207e6439','seed_run_s09_osm_pharmacies_20260502','organization','org_s09_pharmacy_83c43cb9207e6439','licence_data','{"osm_id": "5940279347", "amenity": "pharmacy", "addr_state": null, "operator": null, "brand": null}');

INSERT OR IGNORE INTO organizations (id,tenant_id,organization_type,legal_name,display_name,registration_number,status,verification_state,created_at,updated_at) VALUES ('org_s09_pharmacy_571b7860fe1e9ab4','tenant_platform_seed','pharmacy','Pharmacie Awal','Pharmacie Awal',NULL,'active','seeded',unixepoch(),unixepoch());
INSERT OR IGNORE INTO profiles (id,subject_id,subject_type,primary_place_id,tenant_id,workspace_id,display_name,created_at,updated_at) VALUES ('prof_s09_pharmacy_571b7860fe1e9ab4','org_s09_pharmacy_571b7860fe1e9ab4','organization','place_nigeria_001','tenant_platform_seed','workspace_platform_seed_discovery','Pharmacie Awal',unixepoch(),unixepoch());
INSERT OR IGNORE INTO search_entries (id,profile_id,display_name,keywords,ancestry_path,vertical,created_at,updated_at) VALUES ('se_s09_pharmacy_571b7860fe1e9ab4','prof_s09_pharmacy_571b7860fe1e9ab4','Pharmacie Awal','pharmacie awal pharmacy chemist drug store medicine nigeria','place_nigeria_001','pharmacy',unixepoch(),unixepoch());
INSERT OR IGNORE INTO seed_ingestion_records (id,seed_run_id,entity_type,entity_id,source_id,status) VALUES ('ir_s09_pharmacy_571b7860fe1e9ab4','seed_run_s09_osm_pharmacies_20260502','organization','org_s09_pharmacy_571b7860fe1e9ab4','seed_source_osm_pharmacies_ng_20260502','ingested');
INSERT OR IGNORE INTO seed_entity_sources (id,seed_run_id,entity_type,entity_id,source_id,confidence_tier) VALUES ('es_s09_pharmacy_571b7860fe1e9ab4','seed_run_s09_osm_pharmacies_20260502','organization','org_s09_pharmacy_571b7860fe1e9ab4','seed_source_osm_pharmacies_ng_20260502','seeded');
INSERT OR IGNORE INTO seed_enrichment (id,seed_run_id,entity_type,entity_id,enrichment_type,enrichment_json) VALUES ('enr_s09_pharmacy_571b7860fe1e9ab4','seed_run_s09_osm_pharmacies_20260502','organization','org_s09_pharmacy_571b7860fe1e9ab4','licence_data','{"osm_id": "5940279348", "amenity": "pharmacy", "addr_state": null, "operator": null, "brand": null}');

INSERT OR IGNORE INTO organizations (id,tenant_id,organization_type,legal_name,display_name,registration_number,status,verification_state,created_at,updated_at) VALUES ('org_s09_pharmacy_9c940c62dc0baa98','tenant_platform_seed','pharmacy','Pharmacie Garou','Pharmacie Garou',NULL,'active','seeded',unixepoch(),unixepoch());
INSERT OR IGNORE INTO profiles (id,subject_id,subject_type,primary_place_id,tenant_id,workspace_id,display_name,created_at,updated_at) VALUES ('prof_s09_pharmacy_9c940c62dc0baa98','org_s09_pharmacy_9c940c62dc0baa98','organization','place_nigeria_001','tenant_platform_seed','workspace_platform_seed_discovery','Pharmacie Garou',unixepoch(),unixepoch());
INSERT OR IGNORE INTO search_entries (id,profile_id,display_name,keywords,ancestry_path,vertical,created_at,updated_at) VALUES ('se_s09_pharmacy_9c940c62dc0baa98','prof_s09_pharmacy_9c940c62dc0baa98','Pharmacie Garou','pharmacie garou pharmacy chemist drug store medicine nigeria','place_nigeria_001','pharmacy',unixepoch(),unixepoch());
INSERT OR IGNORE INTO seed_ingestion_records (id,seed_run_id,entity_type,entity_id,source_id,status) VALUES ('ir_s09_pharmacy_9c940c62dc0baa98','seed_run_s09_osm_pharmacies_20260502','organization','org_s09_pharmacy_9c940c62dc0baa98','seed_source_osm_pharmacies_ng_20260502','ingested');
INSERT OR IGNORE INTO seed_entity_sources (id,seed_run_id,entity_type,entity_id,source_id,confidence_tier) VALUES ('es_s09_pharmacy_9c940c62dc0baa98','seed_run_s09_osm_pharmacies_20260502','organization','org_s09_pharmacy_9c940c62dc0baa98','seed_source_osm_pharmacies_ng_20260502','seeded');
INSERT OR IGNORE INTO seed_enrichment (id,seed_run_id,entity_type,entity_id,enrichment_type,enrichment_json) VALUES ('enr_s09_pharmacy_9c940c62dc0baa98','seed_run_s09_osm_pharmacies_20260502','organization','org_s09_pharmacy_9c940c62dc0baa98','licence_data','{"osm_id": "5940279349", "amenity": "pharmacy", "addr_state": null, "operator": null, "brand": null}');

INSERT OR IGNORE INTO organizations (id,tenant_id,organization_type,legal_name,display_name,registration_number,status,verification_state,created_at,updated_at) VALUES ('org_s09_pharmacy_6f475f9a87d55e26','tenant_platform_seed','pharmacy','Pharmacie Ngaha Clovis','Pharmacie Ngaha Clovis',NULL,'active','seeded',unixepoch(),unixepoch());
INSERT OR IGNORE INTO profiles (id,subject_id,subject_type,primary_place_id,tenant_id,workspace_id,display_name,created_at,updated_at) VALUES ('prof_s09_pharmacy_6f475f9a87d55e26','org_s09_pharmacy_6f475f9a87d55e26','organization','place_nigeria_001','tenant_platform_seed','workspace_platform_seed_discovery','Pharmacie Ngaha Clovis',unixepoch(),unixepoch());
INSERT OR IGNORE INTO search_entries (id,profile_id,display_name,keywords,ancestry_path,vertical,created_at,updated_at) VALUES ('se_s09_pharmacy_6f475f9a87d55e26','prof_s09_pharmacy_6f475f9a87d55e26','Pharmacie Ngaha Clovis','pharmacie ngaha clovis pharmacy chemist drug store medicine nigeria','place_nigeria_001','pharmacy',unixepoch(),unixepoch());
INSERT OR IGNORE INTO seed_ingestion_records (id,seed_run_id,entity_type,entity_id,source_id,status) VALUES ('ir_s09_pharmacy_6f475f9a87d55e26','seed_run_s09_osm_pharmacies_20260502','organization','org_s09_pharmacy_6f475f9a87d55e26','seed_source_osm_pharmacies_ng_20260502','ingested');
INSERT OR IGNORE INTO seed_entity_sources (id,seed_run_id,entity_type,entity_id,source_id,confidence_tier) VALUES ('es_s09_pharmacy_6f475f9a87d55e26','seed_run_s09_osm_pharmacies_20260502','organization','org_s09_pharmacy_6f475f9a87d55e26','seed_source_osm_pharmacies_ng_20260502','seeded');
INSERT OR IGNORE INTO seed_enrichment (id,seed_run_id,entity_type,entity_id,enrichment_type,enrichment_json) VALUES ('enr_s09_pharmacy_6f475f9a87d55e26','seed_run_s09_osm_pharmacies_20260502','organization','org_s09_pharmacy_6f475f9a87d55e26','licence_data','{"osm_id": "5940279350", "amenity": "pharmacy", "addr_state": null, "operator": null, "brand": null}');

INSERT OR IGNORE INTO organizations (id,tenant_id,organization_type,legal_name,display_name,registration_number,status,verification_state,created_at,updated_at) VALUES ('org_s09_pharmacy_2fe08bb1d589c00b','tenant_platform_seed','pharmacy','Phamarcie de la Gare','Phamarcie de la Gare',NULL,'active','seeded',unixepoch(),unixepoch());
INSERT OR IGNORE INTO profiles (id,subject_id,subject_type,primary_place_id,tenant_id,workspace_id,display_name,created_at,updated_at) VALUES ('prof_s09_pharmacy_2fe08bb1d589c00b','org_s09_pharmacy_2fe08bb1d589c00b','organization','place_nigeria_001','tenant_platform_seed','workspace_platform_seed_discovery','Phamarcie de la Gare',unixepoch(),unixepoch());
INSERT OR IGNORE INTO search_entries (id,profile_id,display_name,keywords,ancestry_path,vertical,created_at,updated_at) VALUES ('se_s09_pharmacy_2fe08bb1d589c00b','prof_s09_pharmacy_2fe08bb1d589c00b','Phamarcie de la Gare','phamarcie de la gare pharmacy chemist drug store medicine nigeria','place_nigeria_001','pharmacy',unixepoch(),unixepoch());
INSERT OR IGNORE INTO seed_ingestion_records (id,seed_run_id,entity_type,entity_id,source_id,status) VALUES ('ir_s09_pharmacy_2fe08bb1d589c00b','seed_run_s09_osm_pharmacies_20260502','organization','org_s09_pharmacy_2fe08bb1d589c00b','seed_source_osm_pharmacies_ng_20260502','ingested');
INSERT OR IGNORE INTO seed_entity_sources (id,seed_run_id,entity_type,entity_id,source_id,confidence_tier) VALUES ('es_s09_pharmacy_2fe08bb1d589c00b','seed_run_s09_osm_pharmacies_20260502','organization','org_s09_pharmacy_2fe08bb1d589c00b','seed_source_osm_pharmacies_ng_20260502','seeded');
INSERT OR IGNORE INTO seed_enrichment (id,seed_run_id,entity_type,entity_id,enrichment_type,enrichment_json) VALUES ('enr_s09_pharmacy_2fe08bb1d589c00b','seed_run_s09_osm_pharmacies_20260502','organization','org_s09_pharmacy_2fe08bb1d589c00b','licence_data','{"osm_id": "6352362785", "amenity": "pharmacy", "addr_state": null, "operator": "MINSANTE", "brand": null}');

INSERT OR IGNORE INTO organizations (id,tenant_id,organization_type,legal_name,display_name,registration_number,status,verification_state,created_at,updated_at) VALUES ('org_s09_pharmacy_ef504b3b516d8dac','tenant_platform_seed','pharmacy','Phamarcie du Marché','Phamarcie du Marché',NULL,'active','seeded',unixepoch(),unixepoch());
INSERT OR IGNORE INTO profiles (id,subject_id,subject_type,primary_place_id,tenant_id,workspace_id,display_name,created_at,updated_at) VALUES ('prof_s09_pharmacy_ef504b3b516d8dac','org_s09_pharmacy_ef504b3b516d8dac','organization','place_nigeria_001','tenant_platform_seed','workspace_platform_seed_discovery','Phamarcie du Marché',unixepoch(),unixepoch());
INSERT OR IGNORE INTO search_entries (id,profile_id,display_name,keywords,ancestry_path,vertical,created_at,updated_at) VALUES ('se_s09_pharmacy_ef504b3b516d8dac','prof_s09_pharmacy_ef504b3b516d8dac','Phamarcie du Marché','phamarcie du marché pharmacy chemist drug store medicine nigeria','place_nigeria_001','pharmacy',unixepoch(),unixepoch());
INSERT OR IGNORE INTO seed_ingestion_records (id,seed_run_id,entity_type,entity_id,source_id,status) VALUES ('ir_s09_pharmacy_ef504b3b516d8dac','seed_run_s09_osm_pharmacies_20260502','organization','org_s09_pharmacy_ef504b3b516d8dac','seed_source_osm_pharmacies_ng_20260502','ingested');
INSERT OR IGNORE INTO seed_entity_sources (id,seed_run_id,entity_type,entity_id,source_id,confidence_tier) VALUES ('es_s09_pharmacy_ef504b3b516d8dac','seed_run_s09_osm_pharmacies_20260502','organization','org_s09_pharmacy_ef504b3b516d8dac','seed_source_osm_pharmacies_ng_20260502','seeded');
INSERT OR IGNORE INTO seed_enrichment (id,seed_run_id,entity_type,entity_id,enrichment_type,enrichment_json) VALUES ('enr_s09_pharmacy_ef504b3b516d8dac','seed_run_s09_osm_pharmacies_20260502','organization','org_s09_pharmacy_ef504b3b516d8dac','licence_data','{"osm_id": "6352362786", "amenity": "pharmacy", "addr_state": null, "operator": "MINSANTE", "brand": null}');

INSERT OR IGNORE INTO organizations (id,tenant_id,organization_type,legal_name,display_name,registration_number,status,verification_state,created_at,updated_at) VALUES ('org_s09_pharmacy_fa9a05a1ade15ec4','tenant_platform_seed','pharmacy','Grande pharmacie Lah','Grande pharmacie Lah',NULL,'active','seeded',unixepoch(),unixepoch());
INSERT OR IGNORE INTO profiles (id,subject_id,subject_type,primary_place_id,tenant_id,workspace_id,display_name,created_at,updated_at) VALUES ('prof_s09_pharmacy_fa9a05a1ade15ec4','org_s09_pharmacy_fa9a05a1ade15ec4','organization','place_nigeria_001','tenant_platform_seed','workspace_platform_seed_discovery','Grande pharmacie Lah',unixepoch(),unixepoch());
INSERT OR IGNORE INTO search_entries (id,profile_id,display_name,keywords,ancestry_path,vertical,created_at,updated_at) VALUES ('se_s09_pharmacy_fa9a05a1ade15ec4','prof_s09_pharmacy_fa9a05a1ade15ec4','Grande pharmacie Lah','grande pharmacie lah pharmacy chemist drug store medicine nigeria','place_nigeria_001','pharmacy',unixepoch(),unixepoch());
INSERT OR IGNORE INTO seed_ingestion_records (id,seed_run_id,entity_type,entity_id,source_id,status) VALUES ('ir_s09_pharmacy_fa9a05a1ade15ec4','seed_run_s09_osm_pharmacies_20260502','organization','org_s09_pharmacy_fa9a05a1ade15ec4','seed_source_osm_pharmacies_ng_20260502','ingested');
INSERT OR IGNORE INTO seed_entity_sources (id,seed_run_id,entity_type,entity_id,source_id,confidence_tier) VALUES ('es_s09_pharmacy_fa9a05a1ade15ec4','seed_run_s09_osm_pharmacies_20260502','organization','org_s09_pharmacy_fa9a05a1ade15ec4','seed_source_osm_pharmacies_ng_20260502','seeded');
INSERT OR IGNORE INTO seed_enrichment (id,seed_run_id,entity_type,entity_id,enrichment_type,enrichment_json) VALUES ('enr_s09_pharmacy_fa9a05a1ade15ec4','seed_run_s09_osm_pharmacies_20260502','organization','org_s09_pharmacy_fa9a05a1ade15ec4','licence_data','{"osm_id": "6352362787", "amenity": "pharmacy", "addr_state": null, "operator": "MINSANTE", "brand": null}');

INSERT OR IGNORE INTO organizations (id,tenant_id,organization_type,legal_name,display_name,registration_number,status,verification_state,created_at,updated_at) VALUES ('org_s09_pharmacy_e155b571d6bc9fda','tenant_platform_seed','pharmacy','Phamarcie de la Menoua','Phamarcie de la Menoua',NULL,'active','seeded',unixepoch(),unixepoch());
INSERT OR IGNORE INTO profiles (id,subject_id,subject_type,primary_place_id,tenant_id,workspace_id,display_name,created_at,updated_at) VALUES ('prof_s09_pharmacy_e155b571d6bc9fda','org_s09_pharmacy_e155b571d6bc9fda','organization','place_nigeria_001','tenant_platform_seed','workspace_platform_seed_discovery','Phamarcie de la Menoua',unixepoch(),unixepoch());
INSERT OR IGNORE INTO search_entries (id,profile_id,display_name,keywords,ancestry_path,vertical,created_at,updated_at) VALUES ('se_s09_pharmacy_e155b571d6bc9fda','prof_s09_pharmacy_e155b571d6bc9fda','Phamarcie de la Menoua','phamarcie de la menoua pharmacy chemist drug store medicine nigeria','place_nigeria_001','pharmacy',unixepoch(),unixepoch());
INSERT OR IGNORE INTO seed_ingestion_records (id,seed_run_id,entity_type,entity_id,source_id,status) VALUES ('ir_s09_pharmacy_e155b571d6bc9fda','seed_run_s09_osm_pharmacies_20260502','organization','org_s09_pharmacy_e155b571d6bc9fda','seed_source_osm_pharmacies_ng_20260502','ingested');
INSERT OR IGNORE INTO seed_entity_sources (id,seed_run_id,entity_type,entity_id,source_id,confidence_tier) VALUES ('es_s09_pharmacy_e155b571d6bc9fda','seed_run_s09_osm_pharmacies_20260502','organization','org_s09_pharmacy_e155b571d6bc9fda','seed_source_osm_pharmacies_ng_20260502','seeded');
INSERT OR IGNORE INTO seed_enrichment (id,seed_run_id,entity_type,entity_id,enrichment_type,enrichment_json) VALUES ('enr_s09_pharmacy_e155b571d6bc9fda','seed_run_s09_osm_pharmacies_20260502','organization','org_s09_pharmacy_e155b571d6bc9fda','licence_data','{"osm_id": "6352362788", "amenity": "pharmacy", "addr_state": null, "operator": "MINSANTE", "brand": null}');

INSERT OR IGNORE INTO organizations (id,tenant_id,organization_type,legal_name,display_name,registration_number,status,verification_state,created_at,updated_at) VALUES ('org_s09_pharmacy_fd9509a5b6e9f0cd','tenant_platform_seed','pharmacy','Phamarcie de l''Unité','Phamarcie de l''Unité',NULL,'active','seeded',unixepoch(),unixepoch());
INSERT OR IGNORE INTO profiles (id,subject_id,subject_type,primary_place_id,tenant_id,workspace_id,display_name,created_at,updated_at) VALUES ('prof_s09_pharmacy_fd9509a5b6e9f0cd','org_s09_pharmacy_fd9509a5b6e9f0cd','organization','place_nigeria_001','tenant_platform_seed','workspace_platform_seed_discovery','Phamarcie de l''Unité',unixepoch(),unixepoch());
INSERT OR IGNORE INTO search_entries (id,profile_id,display_name,keywords,ancestry_path,vertical,created_at,updated_at) VALUES ('se_s09_pharmacy_fd9509a5b6e9f0cd','prof_s09_pharmacy_fd9509a5b6e9f0cd','Phamarcie de l''Unité','phamarcie de l''unité pharmacy chemist drug store medicine nigeria','place_nigeria_001','pharmacy',unixepoch(),unixepoch());
INSERT OR IGNORE INTO seed_ingestion_records (id,seed_run_id,entity_type,entity_id,source_id,status) VALUES ('ir_s09_pharmacy_fd9509a5b6e9f0cd','seed_run_s09_osm_pharmacies_20260502','organization','org_s09_pharmacy_fd9509a5b6e9f0cd','seed_source_osm_pharmacies_ng_20260502','ingested');
INSERT OR IGNORE INTO seed_entity_sources (id,seed_run_id,entity_type,entity_id,source_id,confidence_tier) VALUES ('es_s09_pharmacy_fd9509a5b6e9f0cd','seed_run_s09_osm_pharmacies_20260502','organization','org_s09_pharmacy_fd9509a5b6e9f0cd','seed_source_osm_pharmacies_ng_20260502','seeded');
INSERT OR IGNORE INTO seed_enrichment (id,seed_run_id,entity_type,entity_id,enrichment_type,enrichment_json) VALUES ('enr_s09_pharmacy_fd9509a5b6e9f0cd','seed_run_s09_osm_pharmacies_20260502','organization','org_s09_pharmacy_fd9509a5b6e9f0cd','licence_data','{"osm_id": "6352362789", "amenity": "pharmacy", "addr_state": null, "operator": "MINSANTE", "brand": null}');

INSERT OR IGNORE INTO organizations (id,tenant_id,organization_type,legal_name,display_name,registration_number,status,verification_state,created_at,updated_at) VALUES ('org_s09_pharmacy_30883672a1f5c3e6','tenant_platform_seed','pharmacy','Phamarcie Départementale','Phamarcie Départementale',NULL,'active','seeded',unixepoch(),unixepoch());
INSERT OR IGNORE INTO profiles (id,subject_id,subject_type,primary_place_id,tenant_id,workspace_id,display_name,created_at,updated_at) VALUES ('prof_s09_pharmacy_30883672a1f5c3e6','org_s09_pharmacy_30883672a1f5c3e6','organization','place_nigeria_001','tenant_platform_seed','workspace_platform_seed_discovery','Phamarcie Départementale',unixepoch(),unixepoch());
INSERT OR IGNORE INTO search_entries (id,profile_id,display_name,keywords,ancestry_path,vertical,created_at,updated_at) VALUES ('se_s09_pharmacy_30883672a1f5c3e6','prof_s09_pharmacy_30883672a1f5c3e6','Phamarcie Départementale','phamarcie départementale pharmacy chemist drug store medicine nigeria','place_nigeria_001','pharmacy',unixepoch(),unixepoch());
INSERT OR IGNORE INTO seed_ingestion_records (id,seed_run_id,entity_type,entity_id,source_id,status) VALUES ('ir_s09_pharmacy_30883672a1f5c3e6','seed_run_s09_osm_pharmacies_20260502','organization','org_s09_pharmacy_30883672a1f5c3e6','seed_source_osm_pharmacies_ng_20260502','ingested');
INSERT OR IGNORE INTO seed_entity_sources (id,seed_run_id,entity_type,entity_id,source_id,confidence_tier) VALUES ('es_s09_pharmacy_30883672a1f5c3e6','seed_run_s09_osm_pharmacies_20260502','organization','org_s09_pharmacy_30883672a1f5c3e6','seed_source_osm_pharmacies_ng_20260502','seeded');
INSERT OR IGNORE INTO seed_enrichment (id,seed_run_id,entity_type,entity_id,enrichment_type,enrichment_json) VALUES ('enr_s09_pharmacy_30883672a1f5c3e6','seed_run_s09_osm_pharmacies_20260502','organization','org_s09_pharmacy_30883672a1f5c3e6','licence_data','{"osm_id": "6352362790", "amenity": "pharmacy", "addr_state": null, "operator": "MINSANTE", "brand": null}');

INSERT OR IGNORE INTO organizations (id,tenant_id,organization_type,legal_name,display_name,registration_number,status,verification_state,created_at,updated_at) VALUES ('org_s09_pharmacy_7d78cd5f1d146a1f','tenant_platform_seed','pharmacy','Pharamacie de Bertoua','Pharamacie de Bertoua',NULL,'active','seeded',unixepoch(),unixepoch());
INSERT OR IGNORE INTO profiles (id,subject_id,subject_type,primary_place_id,tenant_id,workspace_id,display_name,created_at,updated_at) VALUES ('prof_s09_pharmacy_7d78cd5f1d146a1f','org_s09_pharmacy_7d78cd5f1d146a1f','organization','place_nigeria_001','tenant_platform_seed','workspace_platform_seed_discovery','Pharamacie de Bertoua',unixepoch(),unixepoch());
INSERT OR IGNORE INTO search_entries (id,profile_id,display_name,keywords,ancestry_path,vertical,created_at,updated_at) VALUES ('se_s09_pharmacy_7d78cd5f1d146a1f','prof_s09_pharmacy_7d78cd5f1d146a1f','Pharamacie de Bertoua','pharamacie de bertoua pharmacy chemist drug store medicine nigeria','place_nigeria_001','pharmacy',unixepoch(),unixepoch());
INSERT OR IGNORE INTO seed_ingestion_records (id,seed_run_id,entity_type,entity_id,source_id,status) VALUES ('ir_s09_pharmacy_7d78cd5f1d146a1f','seed_run_s09_osm_pharmacies_20260502','organization','org_s09_pharmacy_7d78cd5f1d146a1f','seed_source_osm_pharmacies_ng_20260502','ingested');
INSERT OR IGNORE INTO seed_entity_sources (id,seed_run_id,entity_type,entity_id,source_id,confidence_tier) VALUES ('es_s09_pharmacy_7d78cd5f1d146a1f','seed_run_s09_osm_pharmacies_20260502','organization','org_s09_pharmacy_7d78cd5f1d146a1f','seed_source_osm_pharmacies_ng_20260502','seeded');
INSERT OR IGNORE INTO seed_enrichment (id,seed_run_id,entity_type,entity_id,enrichment_type,enrichment_json) VALUES ('enr_s09_pharmacy_7d78cd5f1d146a1f','seed_run_s09_osm_pharmacies_20260502','organization','org_s09_pharmacy_7d78cd5f1d146a1f','licence_data','{"osm_id": "6555260790", "amenity": "pharmacy", "addr_state": null, "operator": null, "brand": null}');

INSERT OR IGNORE INTO organizations (id,tenant_id,organization_type,legal_name,display_name,registration_number,status,verification_state,created_at,updated_at) VALUES ('org_s09_pharmacy_429ab6b6e8d91fcd','tenant_platform_seed','pharmacy','Pharmacie Galien','Pharmacie Galien',NULL,'active','seeded',unixepoch(),unixepoch());
INSERT OR IGNORE INTO profiles (id,subject_id,subject_type,primary_place_id,tenant_id,workspace_id,display_name,created_at,updated_at) VALUES ('prof_s09_pharmacy_429ab6b6e8d91fcd','org_s09_pharmacy_429ab6b6e8d91fcd','organization','place_nigeria_001','tenant_platform_seed','workspace_platform_seed_discovery','Pharmacie Galien',unixepoch(),unixepoch());
INSERT OR IGNORE INTO search_entries (id,profile_id,display_name,keywords,ancestry_path,vertical,created_at,updated_at) VALUES ('se_s09_pharmacy_429ab6b6e8d91fcd','prof_s09_pharmacy_429ab6b6e8d91fcd','Pharmacie Galien','pharmacie galien pharmacy chemist drug store medicine nigeria','place_nigeria_001','pharmacy',unixepoch(),unixepoch());
INSERT OR IGNORE INTO seed_ingestion_records (id,seed_run_id,entity_type,entity_id,source_id,status) VALUES ('ir_s09_pharmacy_429ab6b6e8d91fcd','seed_run_s09_osm_pharmacies_20260502','organization','org_s09_pharmacy_429ab6b6e8d91fcd','seed_source_osm_pharmacies_ng_20260502','ingested');
INSERT OR IGNORE INTO seed_entity_sources (id,seed_run_id,entity_type,entity_id,source_id,confidence_tier) VALUES ('es_s09_pharmacy_429ab6b6e8d91fcd','seed_run_s09_osm_pharmacies_20260502','organization','org_s09_pharmacy_429ab6b6e8d91fcd','seed_source_osm_pharmacies_ng_20260502','seeded');
INSERT OR IGNORE INTO seed_enrichment (id,seed_run_id,entity_type,entity_id,enrichment_type,enrichment_json) VALUES ('enr_s09_pharmacy_429ab6b6e8d91fcd','seed_run_s09_osm_pharmacies_20260502','organization','org_s09_pharmacy_429ab6b6e8d91fcd','licence_data','{"osm_id": "6555260791", "amenity": "pharmacy", "addr_state": null, "operator": "Dr Nguele", "brand": null}');

INSERT OR IGNORE INTO organizations (id,tenant_id,organization_type,legal_name,display_name,registration_number,status,verification_state,created_at,updated_at) VALUES ('org_s09_pharmacy_0e4f899cf4096fa6','tenant_platform_seed','pharmacy','Pharmacie la générale','Pharmacie la générale',NULL,'active','seeded',unixepoch(),unixepoch());
INSERT OR IGNORE INTO profiles (id,subject_id,subject_type,primary_place_id,tenant_id,workspace_id,display_name,created_at,updated_at) VALUES ('prof_s09_pharmacy_0e4f899cf4096fa6','org_s09_pharmacy_0e4f899cf4096fa6','organization','place_nigeria_001','tenant_platform_seed','workspace_platform_seed_discovery','Pharmacie la générale',unixepoch(),unixepoch());
INSERT OR IGNORE INTO search_entries (id,profile_id,display_name,keywords,ancestry_path,vertical,created_at,updated_at) VALUES ('se_s09_pharmacy_0e4f899cf4096fa6','prof_s09_pharmacy_0e4f899cf4096fa6','Pharmacie la générale','pharmacie la générale pharmacy chemist drug store medicine nigeria','place_nigeria_001','pharmacy',unixepoch(),unixepoch());
INSERT OR IGNORE INTO seed_ingestion_records (id,seed_run_id,entity_type,entity_id,source_id,status) VALUES ('ir_s09_pharmacy_0e4f899cf4096fa6','seed_run_s09_osm_pharmacies_20260502','organization','org_s09_pharmacy_0e4f899cf4096fa6','seed_source_osm_pharmacies_ng_20260502','ingested');
INSERT OR IGNORE INTO seed_entity_sources (id,seed_run_id,entity_type,entity_id,source_id,confidence_tier) VALUES ('es_s09_pharmacy_0e4f899cf4096fa6','seed_run_s09_osm_pharmacies_20260502','organization','org_s09_pharmacy_0e4f899cf4096fa6','seed_source_osm_pharmacies_ng_20260502','seeded');
INSERT OR IGNORE INTO seed_enrichment (id,seed_run_id,entity_type,entity_id,enrichment_type,enrichment_json) VALUES ('enr_s09_pharmacy_0e4f899cf4096fa6','seed_run_s09_osm_pharmacies_20260502','organization','org_s09_pharmacy_0e4f899cf4096fa6','licence_data','{"osm_id": "6555283687", "amenity": "pharmacy", "addr_state": null, "operator": null, "brand": null}');

INSERT OR IGNORE INTO organizations (id,tenant_id,organization_type,legal_name,display_name,registration_number,status,verification_state,created_at,updated_at) VALUES ('org_s09_pharmacy_b552bc8146e3b728','tenant_platform_seed','pharmacy','Idenau pharmacy','Idenau pharmacy',NULL,'active','seeded',unixepoch(),unixepoch());
INSERT OR IGNORE INTO profiles (id,subject_id,subject_type,primary_place_id,tenant_id,workspace_id,display_name,created_at,updated_at) VALUES ('prof_s09_pharmacy_b552bc8146e3b728','org_s09_pharmacy_b552bc8146e3b728','organization','place_nigeria_001','tenant_platform_seed','workspace_platform_seed_discovery','Idenau pharmacy',unixepoch(),unixepoch());
INSERT OR IGNORE INTO search_entries (id,profile_id,display_name,keywords,ancestry_path,vertical,created_at,updated_at) VALUES ('se_s09_pharmacy_b552bc8146e3b728','prof_s09_pharmacy_b552bc8146e3b728','Idenau pharmacy','idenau pharmacy pharmacy chemist drug store medicine nigeria','place_nigeria_001','pharmacy',unixepoch(),unixepoch());
INSERT OR IGNORE INTO seed_ingestion_records (id,seed_run_id,entity_type,entity_id,source_id,status) VALUES ('ir_s09_pharmacy_b552bc8146e3b728','seed_run_s09_osm_pharmacies_20260502','organization','org_s09_pharmacy_b552bc8146e3b728','seed_source_osm_pharmacies_ng_20260502','ingested');
INSERT OR IGNORE INTO seed_entity_sources (id,seed_run_id,entity_type,entity_id,source_id,confidence_tier) VALUES ('es_s09_pharmacy_b552bc8146e3b728','seed_run_s09_osm_pharmacies_20260502','organization','org_s09_pharmacy_b552bc8146e3b728','seed_source_osm_pharmacies_ng_20260502','seeded');
INSERT OR IGNORE INTO seed_enrichment (id,seed_run_id,entity_type,entity_id,enrichment_type,enrichment_json) VALUES ('enr_s09_pharmacy_b552bc8146e3b728','seed_run_s09_osm_pharmacies_20260502','organization','org_s09_pharmacy_b552bc8146e3b728','licence_data','{"osm_id": "7066255881", "amenity": "pharmacy", "addr_state": null, "operator": null, "brand": null}');

INSERT OR IGNORE INTO organizations (id,tenant_id,organization_type,legal_name,display_name,registration_number,status,verification_state,created_at,updated_at) VALUES ('org_s09_pharmacy_c32dbefceebc8e80','tenant_platform_seed','pharmacy','new todjon','new todjon',NULL,'active','seeded',unixepoch(),unixepoch());
INSERT OR IGNORE INTO profiles (id,subject_id,subject_type,primary_place_id,tenant_id,workspace_id,display_name,created_at,updated_at) VALUES ('prof_s09_pharmacy_c32dbefceebc8e80','org_s09_pharmacy_c32dbefceebc8e80','organization','place_nigeria_001','tenant_platform_seed','workspace_platform_seed_discovery','new todjon',unixepoch(),unixepoch());
INSERT OR IGNORE INTO search_entries (id,profile_id,display_name,keywords,ancestry_path,vertical,created_at,updated_at) VALUES ('se_s09_pharmacy_c32dbefceebc8e80','prof_s09_pharmacy_c32dbefceebc8e80','new todjon','new todjon pharmacy chemist drug store medicine nigeria','place_nigeria_001','pharmacy',unixepoch(),unixepoch());
INSERT OR IGNORE INTO seed_ingestion_records (id,seed_run_id,entity_type,entity_id,source_id,status) VALUES ('ir_s09_pharmacy_c32dbefceebc8e80','seed_run_s09_osm_pharmacies_20260502','organization','org_s09_pharmacy_c32dbefceebc8e80','seed_source_osm_pharmacies_ng_20260502','ingested');
INSERT OR IGNORE INTO seed_entity_sources (id,seed_run_id,entity_type,entity_id,source_id,confidence_tier) VALUES ('es_s09_pharmacy_c32dbefceebc8e80','seed_run_s09_osm_pharmacies_20260502','organization','org_s09_pharmacy_c32dbefceebc8e80','seed_source_osm_pharmacies_ng_20260502','seeded');
INSERT OR IGNORE INTO seed_enrichment (id,seed_run_id,entity_type,entity_id,enrichment_type,enrichment_json) VALUES ('enr_s09_pharmacy_c32dbefceebc8e80','seed_run_s09_osm_pharmacies_20260502','organization','org_s09_pharmacy_c32dbefceebc8e80','licence_data','{"osm_id": "7815381492", "amenity": "pharmacy", "addr_state": null, "operator": null, "brand": null}');

INSERT OR IGNORE INTO organizations (id,tenant_id,organization_type,legal_name,display_name,registration_number,status,verification_state,created_at,updated_at) VALUES ('org_s09_pharmacy_7dd1979542ab0272','tenant_platform_seed','pharmacy','koung khi','koung khi',NULL,'active','seeded',unixepoch(),unixepoch());
INSERT OR IGNORE INTO profiles (id,subject_id,subject_type,primary_place_id,tenant_id,workspace_id,display_name,created_at,updated_at) VALUES ('prof_s09_pharmacy_7dd1979542ab0272','org_s09_pharmacy_7dd1979542ab0272','organization','place_nigeria_001','tenant_platform_seed','workspace_platform_seed_discovery','koung khi',unixepoch(),unixepoch());
INSERT OR IGNORE INTO search_entries (id,profile_id,display_name,keywords,ancestry_path,vertical,created_at,updated_at) VALUES ('se_s09_pharmacy_7dd1979542ab0272','prof_s09_pharmacy_7dd1979542ab0272','koung khi','koung khi pharmacy chemist drug store medicine nigeria','place_nigeria_001','pharmacy',unixepoch(),unixepoch());
INSERT OR IGNORE INTO seed_ingestion_records (id,seed_run_id,entity_type,entity_id,source_id,status) VALUES ('ir_s09_pharmacy_7dd1979542ab0272','seed_run_s09_osm_pharmacies_20260502','organization','org_s09_pharmacy_7dd1979542ab0272','seed_source_osm_pharmacies_ng_20260502','ingested');
INSERT OR IGNORE INTO seed_entity_sources (id,seed_run_id,entity_type,entity_id,source_id,confidence_tier) VALUES ('es_s09_pharmacy_7dd1979542ab0272','seed_run_s09_osm_pharmacies_20260502','organization','org_s09_pharmacy_7dd1979542ab0272','seed_source_osm_pharmacies_ng_20260502','seeded');
INSERT OR IGNORE INTO seed_enrichment (id,seed_run_id,entity_type,entity_id,enrichment_type,enrichment_json) VALUES ('enr_s09_pharmacy_7dd1979542ab0272','seed_run_s09_osm_pharmacies_20260502','organization','org_s09_pharmacy_7dd1979542ab0272','licence_data','{"osm_id": "7815381493", "amenity": "pharmacy", "addr_state": null, "operator": null, "brand": null}');

INSERT OR IGNORE INTO organizations (id,tenant_id,organization_type,legal_name,display_name,registration_number,status,verification_state,created_at,updated_at) VALUES ('org_s09_pharmacy_891ff1849aa40685','tenant_platform_seed','pharmacy','Pharmacie BINAM','Pharmacie BINAM',NULL,'active','seeded',unixepoch(),unixepoch());
INSERT OR IGNORE INTO profiles (id,subject_id,subject_type,primary_place_id,tenant_id,workspace_id,display_name,created_at,updated_at) VALUES ('prof_s09_pharmacy_891ff1849aa40685','org_s09_pharmacy_891ff1849aa40685','organization','place_nigeria_001','tenant_platform_seed','workspace_platform_seed_discovery','Pharmacie BINAM',unixepoch(),unixepoch());
INSERT OR IGNORE INTO search_entries (id,profile_id,display_name,keywords,ancestry_path,vertical,created_at,updated_at) VALUES ('se_s09_pharmacy_891ff1849aa40685','prof_s09_pharmacy_891ff1849aa40685','Pharmacie BINAM','pharmacie binam pharmacy chemist drug store medicine nigeria','place_nigeria_001','pharmacy',unixepoch(),unixepoch());
INSERT OR IGNORE INTO seed_ingestion_records (id,seed_run_id,entity_type,entity_id,source_id,status) VALUES ('ir_s09_pharmacy_891ff1849aa40685','seed_run_s09_osm_pharmacies_20260502','organization','org_s09_pharmacy_891ff1849aa40685','seed_source_osm_pharmacies_ng_20260502','ingested');
INSERT OR IGNORE INTO seed_entity_sources (id,seed_run_id,entity_type,entity_id,source_id,confidence_tier) VALUES ('es_s09_pharmacy_891ff1849aa40685','seed_run_s09_osm_pharmacies_20260502','organization','org_s09_pharmacy_891ff1849aa40685','seed_source_osm_pharmacies_ng_20260502','seeded');
INSERT OR IGNORE INTO seed_enrichment (id,seed_run_id,entity_type,entity_id,enrichment_type,enrichment_json) VALUES ('enr_s09_pharmacy_891ff1849aa40685','seed_run_s09_osm_pharmacies_20260502','organization','org_s09_pharmacy_891ff1849aa40685','licence_data','{"osm_id": "8676482528", "amenity": "pharmacy", "addr_state": null, "operator": null, "brand": null}');

INSERT OR IGNORE INTO organizations (id,tenant_id,organization_type,legal_name,display_name,registration_number,status,verification_state,created_at,updated_at) VALUES ('org_s09_pharmacy_f3704c8c0f4f1d15','tenant_platform_seed','pharmacy','pharmacie banka','pharmacie banka',NULL,'active','seeded',unixepoch(),unixepoch());
INSERT OR IGNORE INTO profiles (id,subject_id,subject_type,primary_place_id,tenant_id,workspace_id,display_name,created_at,updated_at) VALUES ('prof_s09_pharmacy_f3704c8c0f4f1d15','org_s09_pharmacy_f3704c8c0f4f1d15','organization','place_nigeria_001','tenant_platform_seed','workspace_platform_seed_discovery','pharmacie banka',unixepoch(),unixepoch());
INSERT OR IGNORE INTO search_entries (id,profile_id,display_name,keywords,ancestry_path,vertical,created_at,updated_at) VALUES ('se_s09_pharmacy_f3704c8c0f4f1d15','prof_s09_pharmacy_f3704c8c0f4f1d15','pharmacie banka','pharmacie banka pharmacy chemist drug store medicine nigeria','place_nigeria_001','pharmacy',unixepoch(),unixepoch());
INSERT OR IGNORE INTO seed_ingestion_records (id,seed_run_id,entity_type,entity_id,source_id,status) VALUES ('ir_s09_pharmacy_f3704c8c0f4f1d15','seed_run_s09_osm_pharmacies_20260502','organization','org_s09_pharmacy_f3704c8c0f4f1d15','seed_source_osm_pharmacies_ng_20260502','ingested');
INSERT OR IGNORE INTO seed_entity_sources (id,seed_run_id,entity_type,entity_id,source_id,confidence_tier) VALUES ('es_s09_pharmacy_f3704c8c0f4f1d15','seed_run_s09_osm_pharmacies_20260502','organization','org_s09_pharmacy_f3704c8c0f4f1d15','seed_source_osm_pharmacies_ng_20260502','seeded');
INSERT OR IGNORE INTO seed_enrichment (id,seed_run_id,entity_type,entity_id,enrichment_type,enrichment_json) VALUES ('enr_s09_pharmacy_f3704c8c0f4f1d15','seed_run_s09_osm_pharmacies_20260502','organization','org_s09_pharmacy_f3704c8c0f4f1d15','licence_data','{"osm_id": "9063451640", "amenity": "pharmacy", "addr_state": null, "operator": null, "brand": null}');

INSERT OR IGNORE INTO organizations (id,tenant_id,organization_type,legal_name,display_name,registration_number,status,verification_state,created_at,updated_at) VALUES ('org_s09_pharmacy_5b51e76a78c290a1','tenant_platform_seed','pharmacy','Pharmacie Rapido Fiango','Pharmacie Rapido Fiango',NULL,'active','seeded',unixepoch(),unixepoch());
INSERT OR IGNORE INTO profiles (id,subject_id,subject_type,primary_place_id,tenant_id,workspace_id,display_name,created_at,updated_at) VALUES ('prof_s09_pharmacy_5b51e76a78c290a1','org_s09_pharmacy_5b51e76a78c290a1','organization','place_nigeria_001','tenant_platform_seed','workspace_platform_seed_discovery','Pharmacie Rapido Fiango',unixepoch(),unixepoch());
INSERT OR IGNORE INTO search_entries (id,profile_id,display_name,keywords,ancestry_path,vertical,created_at,updated_at) VALUES ('se_s09_pharmacy_5b51e76a78c290a1','prof_s09_pharmacy_5b51e76a78c290a1','Pharmacie Rapido Fiango','pharmacie rapido fiango pharmacy chemist drug store medicine nigeria','place_nigeria_001','pharmacy',unixepoch(),unixepoch());
INSERT OR IGNORE INTO seed_ingestion_records (id,seed_run_id,entity_type,entity_id,source_id,status) VALUES ('ir_s09_pharmacy_5b51e76a78c290a1','seed_run_s09_osm_pharmacies_20260502','organization','org_s09_pharmacy_5b51e76a78c290a1','seed_source_osm_pharmacies_ng_20260502','ingested');
INSERT OR IGNORE INTO seed_entity_sources (id,seed_run_id,entity_type,entity_id,source_id,confidence_tier) VALUES ('es_s09_pharmacy_5b51e76a78c290a1','seed_run_s09_osm_pharmacies_20260502','organization','org_s09_pharmacy_5b51e76a78c290a1','seed_source_osm_pharmacies_ng_20260502','seeded');
INSERT OR IGNORE INTO seed_enrichment (id,seed_run_id,entity_type,entity_id,enrichment_type,enrichment_json) VALUES ('enr_s09_pharmacy_5b51e76a78c290a1','seed_run_s09_osm_pharmacies_20260502','organization','org_s09_pharmacy_5b51e76a78c290a1','licence_data','{"osm_id": "10249499611", "amenity": "pharmacy", "addr_state": null, "operator": null, "brand": null}');

INSERT OR IGNORE INTO organizations (id,tenant_id,organization_type,legal_name,display_name,registration_number,status,verification_state,created_at,updated_at) VALUES ('org_s09_pharmacy_89cb8bdac11be964','tenant_platform_seed','pharmacy','Pharmacie de Sa''a','Pharmacie de Sa''a',NULL,'active','seeded',unixepoch(),unixepoch());
INSERT OR IGNORE INTO profiles (id,subject_id,subject_type,primary_place_id,tenant_id,workspace_id,display_name,created_at,updated_at) VALUES ('prof_s09_pharmacy_89cb8bdac11be964','org_s09_pharmacy_89cb8bdac11be964','organization','place_nigeria_001','tenant_platform_seed','workspace_platform_seed_discovery','Pharmacie de Sa''a',unixepoch(),unixepoch());
INSERT OR IGNORE INTO search_entries (id,profile_id,display_name,keywords,ancestry_path,vertical,created_at,updated_at) VALUES ('se_s09_pharmacy_89cb8bdac11be964','prof_s09_pharmacy_89cb8bdac11be964','Pharmacie de Sa''a','pharmacie de sa''a pharmacy chemist drug store medicine nigeria','place_nigeria_001','pharmacy',unixepoch(),unixepoch());
INSERT OR IGNORE INTO seed_ingestion_records (id,seed_run_id,entity_type,entity_id,source_id,status) VALUES ('ir_s09_pharmacy_89cb8bdac11be964','seed_run_s09_osm_pharmacies_20260502','organization','org_s09_pharmacy_89cb8bdac11be964','seed_source_osm_pharmacies_ng_20260502','ingested');
INSERT OR IGNORE INTO seed_entity_sources (id,seed_run_id,entity_type,entity_id,source_id,confidence_tier) VALUES ('es_s09_pharmacy_89cb8bdac11be964','seed_run_s09_osm_pharmacies_20260502','organization','org_s09_pharmacy_89cb8bdac11be964','seed_source_osm_pharmacies_ng_20260502','seeded');
INSERT OR IGNORE INTO seed_enrichment (id,seed_run_id,entity_type,entity_id,enrichment_type,enrichment_json) VALUES ('enr_s09_pharmacy_89cb8bdac11be964','seed_run_s09_osm_pharmacies_20260502','organization','org_s09_pharmacy_89cb8bdac11be964','licence_data','{"osm_id": "282240345", "amenity": "pharmacy", "addr_state": null, "operator": null, "brand": null}');

INSERT OR IGNORE INTO organizations (id,tenant_id,organization_type,legal_name,display_name,registration_number,status,verification_state,created_at,updated_at) VALUES ('org_s09_pharmacy_272a4f89e0717f48','tenant_platform_seed','pharmacy','Pharmacie Bafia','Pharmacie Bafia',NULL,'active','seeded',unixepoch(),unixepoch());
INSERT OR IGNORE INTO profiles (id,subject_id,subject_type,primary_place_id,tenant_id,workspace_id,display_name,created_at,updated_at) VALUES ('prof_s09_pharmacy_272a4f89e0717f48','org_s09_pharmacy_272a4f89e0717f48','organization','place_nigeria_001','tenant_platform_seed','workspace_platform_seed_discovery','Pharmacie Bafia',unixepoch(),unixepoch());
INSERT OR IGNORE INTO search_entries (id,profile_id,display_name,keywords,ancestry_path,vertical,created_at,updated_at) VALUES ('se_s09_pharmacy_272a4f89e0717f48','prof_s09_pharmacy_272a4f89e0717f48','Pharmacie Bafia','pharmacie bafia pharmacy chemist drug store medicine nigeria','place_nigeria_001','pharmacy',unixepoch(),unixepoch());
INSERT OR IGNORE INTO seed_ingestion_records (id,seed_run_id,entity_type,entity_id,source_id,status) VALUES ('ir_s09_pharmacy_272a4f89e0717f48','seed_run_s09_osm_pharmacies_20260502','organization','org_s09_pharmacy_272a4f89e0717f48','seed_source_osm_pharmacies_ng_20260502','ingested');
INSERT OR IGNORE INTO seed_entity_sources (id,seed_run_id,entity_type,entity_id,source_id,confidence_tier) VALUES ('es_s09_pharmacy_272a4f89e0717f48','seed_run_s09_osm_pharmacies_20260502','organization','org_s09_pharmacy_272a4f89e0717f48','seed_source_osm_pharmacies_ng_20260502','seeded');
INSERT OR IGNORE INTO seed_enrichment (id,seed_run_id,entity_type,entity_id,enrichment_type,enrichment_json) VALUES ('enr_s09_pharmacy_272a4f89e0717f48','seed_run_s09_osm_pharmacies_20260502','organization','org_s09_pharmacy_272a4f89e0717f48','licence_data','{"osm_id": "324955652", "amenity": "pharmacy", "addr_state": null, "operator": null, "brand": null}');

INSERT OR IGNORE INTO organizations (id,tenant_id,organization_type,legal_name,display_name,registration_number,status,verification_state,created_at,updated_at) VALUES ('org_s09_pharmacy_effb50a25ca8ec24','tenant_platform_seed','pharmacy','Pharmacie AIDA','Pharmacie AIDA',NULL,'active','seeded',unixepoch(),unixepoch());
INSERT OR IGNORE INTO profiles (id,subject_id,subject_type,primary_place_id,tenant_id,workspace_id,display_name,created_at,updated_at) VALUES ('prof_s09_pharmacy_effb50a25ca8ec24','org_s09_pharmacy_effb50a25ca8ec24','organization','place_nigeria_001','tenant_platform_seed','workspace_platform_seed_discovery','Pharmacie AIDA',unixepoch(),unixepoch());
INSERT OR IGNORE INTO search_entries (id,profile_id,display_name,keywords,ancestry_path,vertical,created_at,updated_at) VALUES ('se_s09_pharmacy_effb50a25ca8ec24','prof_s09_pharmacy_effb50a25ca8ec24','Pharmacie AIDA','pharmacie aida pharmacy chemist drug store medicine nigeria','place_nigeria_001','pharmacy',unixepoch(),unixepoch());
INSERT OR IGNORE INTO seed_ingestion_records (id,seed_run_id,entity_type,entity_id,source_id,status) VALUES ('ir_s09_pharmacy_effb50a25ca8ec24','seed_run_s09_osm_pharmacies_20260502','organization','org_s09_pharmacy_effb50a25ca8ec24','seed_source_osm_pharmacies_ng_20260502','ingested');
INSERT OR IGNORE INTO seed_entity_sources (id,seed_run_id,entity_type,entity_id,source_id,confidence_tier) VALUES ('es_s09_pharmacy_effb50a25ca8ec24','seed_run_s09_osm_pharmacies_20260502','organization','org_s09_pharmacy_effb50a25ca8ec24','seed_source_osm_pharmacies_ng_20260502','seeded');
INSERT OR IGNORE INTO seed_enrichment (id,seed_run_id,entity_type,entity_id,enrichment_type,enrichment_json) VALUES ('enr_s09_pharmacy_effb50a25ca8ec24','seed_run_s09_osm_pharmacies_20260502','organization','org_s09_pharmacy_effb50a25ca8ec24','licence_data','{"osm_id": "332390869", "amenity": "pharmacy", "addr_state": null, "operator": null, "brand": null}');

INSERT OR IGNORE INTO organizations (id,tenant_id,organization_type,legal_name,display_name,registration_number,status,verification_state,created_at,updated_at) VALUES ('org_s09_pharmacy_043e1a766a59824f','tenant_platform_seed','pharmacy','Pro-pharmacie','Pro-pharmacie',NULL,'active','seeded',unixepoch(),unixepoch());
INSERT OR IGNORE INTO profiles (id,subject_id,subject_type,primary_place_id,tenant_id,workspace_id,display_name,created_at,updated_at) VALUES ('prof_s09_pharmacy_043e1a766a59824f','org_s09_pharmacy_043e1a766a59824f','organization','place_nigeria_001','tenant_platform_seed','workspace_platform_seed_discovery','Pro-pharmacie',unixepoch(),unixepoch());
INSERT OR IGNORE INTO search_entries (id,profile_id,display_name,keywords,ancestry_path,vertical,created_at,updated_at) VALUES ('se_s09_pharmacy_043e1a766a59824f','prof_s09_pharmacy_043e1a766a59824f','Pro-pharmacie','pro-pharmacie pharmacy chemist drug store medicine nigeria','place_nigeria_001','pharmacy',unixepoch(),unixepoch());
INSERT OR IGNORE INTO seed_ingestion_records (id,seed_run_id,entity_type,entity_id,source_id,status) VALUES ('ir_s09_pharmacy_043e1a766a59824f','seed_run_s09_osm_pharmacies_20260502','organization','org_s09_pharmacy_043e1a766a59824f','seed_source_osm_pharmacies_ng_20260502','ingested');
INSERT OR IGNORE INTO seed_entity_sources (id,seed_run_id,entity_type,entity_id,source_id,confidence_tier) VALUES ('es_s09_pharmacy_043e1a766a59824f','seed_run_s09_osm_pharmacies_20260502','organization','org_s09_pharmacy_043e1a766a59824f','seed_source_osm_pharmacies_ng_20260502','seeded');
INSERT OR IGNORE INTO seed_enrichment (id,seed_run_id,entity_type,entity_id,enrichment_type,enrichment_json) VALUES ('enr_s09_pharmacy_043e1a766a59824f','seed_run_s09_osm_pharmacies_20260502','organization','org_s09_pharmacy_043e1a766a59824f','licence_data','{"osm_id": "349167282", "amenity": "pharmacy", "addr_state": null, "operator": null, "brand": null}');

INSERT OR IGNORE INTO organizations (id,tenant_id,organization_type,legal_name,display_name,registration_number,status,verification_state,created_at,updated_at) VALUES ('org_s09_pharmacy_d3da84b8de7e2028','tenant_platform_seed','pharmacy','Pharmacie des Martyrs','Pharmacie des Martyrs',NULL,'active','seeded',unixepoch(),unixepoch());
INSERT OR IGNORE INTO profiles (id,subject_id,subject_type,primary_place_id,tenant_id,workspace_id,display_name,created_at,updated_at) VALUES ('prof_s09_pharmacy_d3da84b8de7e2028','org_s09_pharmacy_d3da84b8de7e2028','organization','place_nigeria_001','tenant_platform_seed','workspace_platform_seed_discovery','Pharmacie des Martyrs',unixepoch(),unixepoch());
INSERT OR IGNORE INTO search_entries (id,profile_id,display_name,keywords,ancestry_path,vertical,created_at,updated_at) VALUES ('se_s09_pharmacy_d3da84b8de7e2028','prof_s09_pharmacy_d3da84b8de7e2028','Pharmacie des Martyrs','pharmacie des martyrs pharmacy chemist drug store medicine nigeria','place_nigeria_001','pharmacy',unixepoch(),unixepoch());
INSERT OR IGNORE INTO seed_ingestion_records (id,seed_run_id,entity_type,entity_id,source_id,status) VALUES ('ir_s09_pharmacy_d3da84b8de7e2028','seed_run_s09_osm_pharmacies_20260502','organization','org_s09_pharmacy_d3da84b8de7e2028','seed_source_osm_pharmacies_ng_20260502','ingested');
INSERT OR IGNORE INTO seed_entity_sources (id,seed_run_id,entity_type,entity_id,source_id,confidence_tier) VALUES ('es_s09_pharmacy_d3da84b8de7e2028','seed_run_s09_osm_pharmacies_20260502','organization','org_s09_pharmacy_d3da84b8de7e2028','seed_source_osm_pharmacies_ng_20260502','seeded');
INSERT OR IGNORE INTO seed_enrichment (id,seed_run_id,entity_type,entity_id,enrichment_type,enrichment_json) VALUES ('enr_s09_pharmacy_d3da84b8de7e2028','seed_run_s09_osm_pharmacies_20260502','organization','org_s09_pharmacy_d3da84b8de7e2028','licence_data','{"osm_id": "372956626", "amenity": "pharmacy", "addr_state": null, "operator": null, "brand": null}');

INSERT OR IGNORE INTO organizations (id,tenant_id,organization_type,legal_name,display_name,registration_number,status,verification_state,created_at,updated_at) VALUES ('org_s09_pharmacy_7d3a4710fc9730a7','tenant_platform_seed','pharmacy','Pharmacie des Martyrs','Pharmacie des Martyrs',NULL,'active','seeded',unixepoch(),unixepoch());
INSERT OR IGNORE INTO profiles (id,subject_id,subject_type,primary_place_id,tenant_id,workspace_id,display_name,created_at,updated_at) VALUES ('prof_s09_pharmacy_7d3a4710fc9730a7','org_s09_pharmacy_7d3a4710fc9730a7','organization','place_nigeria_001','tenant_platform_seed','workspace_platform_seed_discovery','Pharmacie des Martyrs',unixepoch(),unixepoch());
INSERT OR IGNORE INTO search_entries (id,profile_id,display_name,keywords,ancestry_path,vertical,created_at,updated_at) VALUES ('se_s09_pharmacy_7d3a4710fc9730a7','prof_s09_pharmacy_7d3a4710fc9730a7','Pharmacie des Martyrs','pharmacie des martyrs pharmacy chemist drug store medicine nigeria','place_nigeria_001','pharmacy',unixepoch(),unixepoch());
INSERT OR IGNORE INTO seed_ingestion_records (id,seed_run_id,entity_type,entity_id,source_id,status) VALUES ('ir_s09_pharmacy_7d3a4710fc9730a7','seed_run_s09_osm_pharmacies_20260502','organization','org_s09_pharmacy_7d3a4710fc9730a7','seed_source_osm_pharmacies_ng_20260502','ingested');
INSERT OR IGNORE INTO seed_entity_sources (id,seed_run_id,entity_type,entity_id,source_id,confidence_tier) VALUES ('es_s09_pharmacy_7d3a4710fc9730a7','seed_run_s09_osm_pharmacies_20260502','organization','org_s09_pharmacy_7d3a4710fc9730a7','seed_source_osm_pharmacies_ng_20260502','seeded');
INSERT OR IGNORE INTO seed_enrichment (id,seed_run_id,entity_type,entity_id,enrichment_type,enrichment_json) VALUES ('enr_s09_pharmacy_7d3a4710fc9730a7','seed_run_s09_osm_pharmacies_20260502','organization','org_s09_pharmacy_7d3a4710fc9730a7','licence_data','{"osm_id": "372956835", "amenity": "pharmacy", "addr_state": null, "operator": null, "brand": null}');

INSERT OR IGNORE INTO organizations (id,tenant_id,organization_type,legal_name,display_name,registration_number,status,verification_state,created_at,updated_at) VALUES ('org_s09_pharmacy_cb37575882f6cb70','tenant_platform_seed','pharmacy','Pharmacie la grace','Pharmacie la grace',NULL,'active','seeded',unixepoch(),unixepoch());
INSERT OR IGNORE INTO profiles (id,subject_id,subject_type,primary_place_id,tenant_id,workspace_id,display_name,created_at,updated_at) VALUES ('prof_s09_pharmacy_cb37575882f6cb70','org_s09_pharmacy_cb37575882f6cb70','organization','place_nigeria_001','tenant_platform_seed','workspace_platform_seed_discovery','Pharmacie la grace',unixepoch(),unixepoch());
INSERT OR IGNORE INTO search_entries (id,profile_id,display_name,keywords,ancestry_path,vertical,created_at,updated_at) VALUES ('se_s09_pharmacy_cb37575882f6cb70','prof_s09_pharmacy_cb37575882f6cb70','Pharmacie la grace','pharmacie la grace pharmacy chemist drug store medicine nigeria','place_nigeria_001','pharmacy',unixepoch(),unixepoch());
INSERT OR IGNORE INTO seed_ingestion_records (id,seed_run_id,entity_type,entity_id,source_id,status) VALUES ('ir_s09_pharmacy_cb37575882f6cb70','seed_run_s09_osm_pharmacies_20260502','organization','org_s09_pharmacy_cb37575882f6cb70','seed_source_osm_pharmacies_ng_20260502','ingested');
INSERT OR IGNORE INTO seed_entity_sources (id,seed_run_id,entity_type,entity_id,source_id,confidence_tier) VALUES ('es_s09_pharmacy_cb37575882f6cb70','seed_run_s09_osm_pharmacies_20260502','organization','org_s09_pharmacy_cb37575882f6cb70','seed_source_osm_pharmacies_ng_20260502','seeded');
INSERT OR IGNORE INTO seed_enrichment (id,seed_run_id,entity_type,entity_id,enrichment_type,enrichment_json) VALUES ('enr_s09_pharmacy_cb37575882f6cb70','seed_run_s09_osm_pharmacies_20260502','organization','org_s09_pharmacy_cb37575882f6cb70','licence_data','{"osm_id": "372975478", "amenity": "pharmacy", "addr_state": null, "operator": null, "brand": null}');

INSERT OR IGNORE INTO organizations (id,tenant_id,organization_type,legal_name,display_name,registration_number,status,verification_state,created_at,updated_at) VALUES ('org_s09_pharmacy_0ded6278917a27aa','tenant_platform_seed','pharmacy','Pharmacie la vision','Pharmacie la vision',NULL,'active','seeded',unixepoch(),unixepoch());
INSERT OR IGNORE INTO profiles (id,subject_id,subject_type,primary_place_id,tenant_id,workspace_id,display_name,created_at,updated_at) VALUES ('prof_s09_pharmacy_0ded6278917a27aa','org_s09_pharmacy_0ded6278917a27aa','organization','place_nigeria_001','tenant_platform_seed','workspace_platform_seed_discovery','Pharmacie la vision',unixepoch(),unixepoch());
INSERT OR IGNORE INTO search_entries (id,profile_id,display_name,keywords,ancestry_path,vertical,created_at,updated_at) VALUES ('se_s09_pharmacy_0ded6278917a27aa','prof_s09_pharmacy_0ded6278917a27aa','Pharmacie la vision','pharmacie la vision pharmacy chemist drug store medicine nigeria','place_nigeria_001','pharmacy',unixepoch(),unixepoch());
INSERT OR IGNORE INTO seed_ingestion_records (id,seed_run_id,entity_type,entity_id,source_id,status) VALUES ('ir_s09_pharmacy_0ded6278917a27aa','seed_run_s09_osm_pharmacies_20260502','organization','org_s09_pharmacy_0ded6278917a27aa','seed_source_osm_pharmacies_ng_20260502','ingested');
INSERT OR IGNORE INTO seed_entity_sources (id,seed_run_id,entity_type,entity_id,source_id,confidence_tier) VALUES ('es_s09_pharmacy_0ded6278917a27aa','seed_run_s09_osm_pharmacies_20260502','organization','org_s09_pharmacy_0ded6278917a27aa','seed_source_osm_pharmacies_ng_20260502','seeded');
INSERT OR IGNORE INTO seed_enrichment (id,seed_run_id,entity_type,entity_id,enrichment_type,enrichment_json) VALUES ('enr_s09_pharmacy_0ded6278917a27aa','seed_run_s09_osm_pharmacies_20260502','organization','org_s09_pharmacy_0ded6278917a27aa','licence_data','{"osm_id": "384479420", "amenity": "pharmacy", "addr_state": null, "operator": null, "brand": null}');

INSERT OR IGNORE INTO organizations (id,tenant_id,organization_type,legal_name,display_name,registration_number,status,verification_state,created_at,updated_at) VALUES ('org_s09_pharmacy_685af7a94bdb6f8a','tenant_platform_seed','pharmacy','Pharmacie pierre Moyo','Pharmacie pierre Moyo',NULL,'active','seeded',unixepoch(),unixepoch());
INSERT OR IGNORE INTO profiles (id,subject_id,subject_type,primary_place_id,tenant_id,workspace_id,display_name,created_at,updated_at) VALUES ('prof_s09_pharmacy_685af7a94bdb6f8a','org_s09_pharmacy_685af7a94bdb6f8a','organization','place_nigeria_001','tenant_platform_seed','workspace_platform_seed_discovery','Pharmacie pierre Moyo',unixepoch(),unixepoch());
INSERT OR IGNORE INTO search_entries (id,profile_id,display_name,keywords,ancestry_path,vertical,created_at,updated_at) VALUES ('se_s09_pharmacy_685af7a94bdb6f8a','prof_s09_pharmacy_685af7a94bdb6f8a','Pharmacie pierre Moyo','pharmacie pierre moyo pharmacy chemist drug store medicine nigeria','place_nigeria_001','pharmacy',unixepoch(),unixepoch());
INSERT OR IGNORE INTO seed_ingestion_records (id,seed_run_id,entity_type,entity_id,source_id,status) VALUES ('ir_s09_pharmacy_685af7a94bdb6f8a','seed_run_s09_osm_pharmacies_20260502','organization','org_s09_pharmacy_685af7a94bdb6f8a','seed_source_osm_pharmacies_ng_20260502','ingested');
INSERT OR IGNORE INTO seed_entity_sources (id,seed_run_id,entity_type,entity_id,source_id,confidence_tier) VALUES ('es_s09_pharmacy_685af7a94bdb6f8a','seed_run_s09_osm_pharmacies_20260502','organization','org_s09_pharmacy_685af7a94bdb6f8a','seed_source_osm_pharmacies_ng_20260502','seeded');
INSERT OR IGNORE INTO seed_enrichment (id,seed_run_id,entity_type,entity_id,enrichment_type,enrichment_json) VALUES ('enr_s09_pharmacy_685af7a94bdb6f8a','seed_run_s09_osm_pharmacies_20260502','organization','org_s09_pharmacy_685af7a94bdb6f8a','licence_data','{"osm_id": "384822849", "amenity": "pharmacy", "addr_state": null, "operator": null, "brand": null}');

INSERT OR IGNORE INTO organizations (id,tenant_id,organization_type,legal_name,display_name,registration_number,status,verification_state,created_at,updated_at) VALUES ('org_s09_pharmacy_fa09c25cf78a7cc0','tenant_platform_seed','pharmacy','Pharmacie du Benin','Pharmacie du Benin',NULL,'active','seeded',unixepoch(),unixepoch());
INSERT OR IGNORE INTO profiles (id,subject_id,subject_type,primary_place_id,tenant_id,workspace_id,display_name,created_at,updated_at) VALUES ('prof_s09_pharmacy_fa09c25cf78a7cc0','org_s09_pharmacy_fa09c25cf78a7cc0','organization','place_nigeria_001','tenant_platform_seed','workspace_platform_seed_discovery','Pharmacie du Benin',unixepoch(),unixepoch());
INSERT OR IGNORE INTO search_entries (id,profile_id,display_name,keywords,ancestry_path,vertical,created_at,updated_at) VALUES ('se_s09_pharmacy_fa09c25cf78a7cc0','prof_s09_pharmacy_fa09c25cf78a7cc0','Pharmacie du Benin','pharmacie du benin pharmacy chemist drug store medicine nigeria','place_nigeria_001','pharmacy',unixepoch(),unixepoch());
INSERT OR IGNORE INTO seed_ingestion_records (id,seed_run_id,entity_type,entity_id,source_id,status) VALUES ('ir_s09_pharmacy_fa09c25cf78a7cc0','seed_run_s09_osm_pharmacies_20260502','organization','org_s09_pharmacy_fa09c25cf78a7cc0','seed_source_osm_pharmacies_ng_20260502','ingested');
INSERT OR IGNORE INTO seed_entity_sources (id,seed_run_id,entity_type,entity_id,source_id,confidence_tier) VALUES ('es_s09_pharmacy_fa09c25cf78a7cc0','seed_run_s09_osm_pharmacies_20260502','organization','org_s09_pharmacy_fa09c25cf78a7cc0','seed_source_osm_pharmacies_ng_20260502','seeded');
INSERT OR IGNORE INTO seed_enrichment (id,seed_run_id,entity_type,entity_id,enrichment_type,enrichment_json) VALUES ('enr_s09_pharmacy_fa09c25cf78a7cc0','seed_run_s09_osm_pharmacies_20260502','organization','org_s09_pharmacy_fa09c25cf78a7cc0','licence_data','{"osm_id": "384964681", "amenity": "pharmacy", "addr_state": null, "operator": null, "brand": null}');

INSERT OR IGNORE INTO organizations (id,tenant_id,organization_type,legal_name,display_name,registration_number,status,verification_state,created_at,updated_at) VALUES ('org_s09_pharmacy_72151dc4915974a9','tenant_platform_seed','pharmacy','Nouvele Pharmacie du Benin','Nouvele Pharmacie du Benin',NULL,'active','seeded',unixepoch(),unixepoch());
INSERT OR IGNORE INTO profiles (id,subject_id,subject_type,primary_place_id,tenant_id,workspace_id,display_name,created_at,updated_at) VALUES ('prof_s09_pharmacy_72151dc4915974a9','org_s09_pharmacy_72151dc4915974a9','organization','place_nigeria_001','tenant_platform_seed','workspace_platform_seed_discovery','Nouvele Pharmacie du Benin',unixepoch(),unixepoch());
INSERT OR IGNORE INTO search_entries (id,profile_id,display_name,keywords,ancestry_path,vertical,created_at,updated_at) VALUES ('se_s09_pharmacy_72151dc4915974a9','prof_s09_pharmacy_72151dc4915974a9','Nouvele Pharmacie du Benin','nouvele pharmacie du benin pharmacy chemist drug store medicine nigeria','place_nigeria_001','pharmacy',unixepoch(),unixepoch());
INSERT OR IGNORE INTO seed_ingestion_records (id,seed_run_id,entity_type,entity_id,source_id,status) VALUES ('ir_s09_pharmacy_72151dc4915974a9','seed_run_s09_osm_pharmacies_20260502','organization','org_s09_pharmacy_72151dc4915974a9','seed_source_osm_pharmacies_ng_20260502','ingested');
INSERT OR IGNORE INTO seed_entity_sources (id,seed_run_id,entity_type,entity_id,source_id,confidence_tier) VALUES ('es_s09_pharmacy_72151dc4915974a9','seed_run_s09_osm_pharmacies_20260502','organization','org_s09_pharmacy_72151dc4915974a9','seed_source_osm_pharmacies_ng_20260502','seeded');
INSERT OR IGNORE INTO seed_enrichment (id,seed_run_id,entity_type,entity_id,enrichment_type,enrichment_json) VALUES ('enr_s09_pharmacy_72151dc4915974a9','seed_run_s09_osm_pharmacies_20260502','organization','org_s09_pharmacy_72151dc4915974a9','licence_data','{"osm_id": "384964746", "amenity": "pharmacy", "addr_state": null, "operator": null, "brand": null}');

INSERT OR IGNORE INTO organizations (id,tenant_id,organization_type,legal_name,display_name,registration_number,status,verification_state,created_at,updated_at) VALUES ('org_s09_pharmacy_2dc107009d1c792a','tenant_platform_seed','pharmacy','Pharmacie SALVIA','Pharmacie SALVIA',NULL,'active','seeded',unixepoch(),unixepoch());
INSERT OR IGNORE INTO profiles (id,subject_id,subject_type,primary_place_id,tenant_id,workspace_id,display_name,created_at,updated_at) VALUES ('prof_s09_pharmacy_2dc107009d1c792a','org_s09_pharmacy_2dc107009d1c792a','organization','place_nigeria_001','tenant_platform_seed','workspace_platform_seed_discovery','Pharmacie SALVIA',unixepoch(),unixepoch());
INSERT OR IGNORE INTO search_entries (id,profile_id,display_name,keywords,ancestry_path,vertical,created_at,updated_at) VALUES ('se_s09_pharmacy_2dc107009d1c792a','prof_s09_pharmacy_2dc107009d1c792a','Pharmacie SALVIA','pharmacie salvia pharmacy chemist drug store medicine nigeria','place_nigeria_001','pharmacy',unixepoch(),unixepoch());
INSERT OR IGNORE INTO seed_ingestion_records (id,seed_run_id,entity_type,entity_id,source_id,status) VALUES ('ir_s09_pharmacy_2dc107009d1c792a','seed_run_s09_osm_pharmacies_20260502','organization','org_s09_pharmacy_2dc107009d1c792a','seed_source_osm_pharmacies_ng_20260502','ingested');
INSERT OR IGNORE INTO seed_entity_sources (id,seed_run_id,entity_type,entity_id,source_id,confidence_tier) VALUES ('es_s09_pharmacy_2dc107009d1c792a','seed_run_s09_osm_pharmacies_20260502','organization','org_s09_pharmacy_2dc107009d1c792a','seed_source_osm_pharmacies_ng_20260502','seeded');
INSERT OR IGNORE INTO seed_enrichment (id,seed_run_id,entity_type,entity_id,enrichment_type,enrichment_json) VALUES ('enr_s09_pharmacy_2dc107009d1c792a','seed_run_s09_osm_pharmacies_20260502','organization','org_s09_pharmacy_2dc107009d1c792a','licence_data','{"osm_id": "395447253", "amenity": "pharmacy", "addr_state": null, "operator": null, "brand": null}');

INSERT OR IGNORE INTO organizations (id,tenant_id,organization_type,legal_name,display_name,registration_number,status,verification_state,created_at,updated_at) VALUES ('org_s09_pharmacy_e10a23797e8ca8a5','tenant_platform_seed','pharmacy','Pharmacie du Marché B','Pharmacie du Marché B',NULL,'active','seeded',unixepoch(),unixepoch());
INSERT OR IGNORE INTO profiles (id,subject_id,subject_type,primary_place_id,tenant_id,workspace_id,display_name,created_at,updated_at) VALUES ('prof_s09_pharmacy_e10a23797e8ca8a5','org_s09_pharmacy_e10a23797e8ca8a5','organization','place_nigeria_001','tenant_platform_seed','workspace_platform_seed_discovery','Pharmacie du Marché B',unixepoch(),unixepoch());
INSERT OR IGNORE INTO search_entries (id,profile_id,display_name,keywords,ancestry_path,vertical,created_at,updated_at) VALUES ('se_s09_pharmacy_e10a23797e8ca8a5','prof_s09_pharmacy_e10a23797e8ca8a5','Pharmacie du Marché B','pharmacie du marché b pharmacy chemist drug store medicine nigeria','place_nigeria_001','pharmacy',unixepoch(),unixepoch());
INSERT OR IGNORE INTO seed_ingestion_records (id,seed_run_id,entity_type,entity_id,source_id,status) VALUES ('ir_s09_pharmacy_e10a23797e8ca8a5','seed_run_s09_osm_pharmacies_20260502','organization','org_s09_pharmacy_e10a23797e8ca8a5','seed_source_osm_pharmacies_ng_20260502','ingested');
INSERT OR IGNORE INTO seed_entity_sources (id,seed_run_id,entity_type,entity_id,source_id,confidence_tier) VALUES ('es_s09_pharmacy_e10a23797e8ca8a5','seed_run_s09_osm_pharmacies_20260502','organization','org_s09_pharmacy_e10a23797e8ca8a5','seed_source_osm_pharmacies_ng_20260502','seeded');
INSERT OR IGNORE INTO seed_enrichment (id,seed_run_id,entity_type,entity_id,enrichment_type,enrichment_json) VALUES ('enr_s09_pharmacy_e10a23797e8ca8a5','seed_run_s09_osm_pharmacies_20260502','organization','org_s09_pharmacy_e10a23797e8ca8a5','licence_data','{"osm_id": "395465452", "amenity": "pharmacy", "addr_state": null, "operator": null, "brand": null}');

INSERT OR IGNORE INTO organizations (id,tenant_id,organization_type,legal_name,display_name,registration_number,status,verification_state,created_at,updated_at) VALUES ('org_s09_pharmacy_e4fcbb344c0aff12','tenant_platform_seed','pharmacy','Phamarcie du Secours','Phamarcie du Secours',NULL,'active','seeded',unixepoch(),unixepoch());
INSERT OR IGNORE INTO profiles (id,subject_id,subject_type,primary_place_id,tenant_id,workspace_id,display_name,created_at,updated_at) VALUES ('prof_s09_pharmacy_e4fcbb344c0aff12','org_s09_pharmacy_e4fcbb344c0aff12','organization','place_nigeria_001','tenant_platform_seed','workspace_platform_seed_discovery','Phamarcie du Secours',unixepoch(),unixepoch());
INSERT OR IGNORE INTO search_entries (id,profile_id,display_name,keywords,ancestry_path,vertical,created_at,updated_at) VALUES ('se_s09_pharmacy_e4fcbb344c0aff12','prof_s09_pharmacy_e4fcbb344c0aff12','Phamarcie du Secours','phamarcie du secours pharmacy chemist drug store medicine nigeria','place_nigeria_001','pharmacy',unixepoch(),unixepoch());
INSERT OR IGNORE INTO seed_ingestion_records (id,seed_run_id,entity_type,entity_id,source_id,status) VALUES ('ir_s09_pharmacy_e4fcbb344c0aff12','seed_run_s09_osm_pharmacies_20260502','organization','org_s09_pharmacy_e4fcbb344c0aff12','seed_source_osm_pharmacies_ng_20260502','ingested');
INSERT OR IGNORE INTO seed_entity_sources (id,seed_run_id,entity_type,entity_id,source_id,confidence_tier) VALUES ('es_s09_pharmacy_e4fcbb344c0aff12','seed_run_s09_osm_pharmacies_20260502','organization','org_s09_pharmacy_e4fcbb344c0aff12','seed_source_osm_pharmacies_ng_20260502','seeded');
INSERT OR IGNORE INTO seed_enrichment (id,seed_run_id,entity_type,entity_id,enrichment_type,enrichment_json) VALUES ('enr_s09_pharmacy_e4fcbb344c0aff12','seed_run_s09_osm_pharmacies_20260502','organization','org_s09_pharmacy_e4fcbb344c0aff12','licence_data','{"osm_id": "424738603", "amenity": "pharmacy", "addr_state": null, "operator": null, "brand": null}');

INSERT OR IGNORE INTO organizations (id,tenant_id,organization_type,legal_name,display_name,registration_number,status,verification_state,created_at,updated_at) VALUES ('org_s09_pharmacy_d7cd2e50cc10e594','tenant_platform_seed','pharmacy','Pharmacie des Montagnes','Pharmacie des Montagnes',NULL,'active','seeded',unixepoch(),unixepoch());
INSERT OR IGNORE INTO profiles (id,subject_id,subject_type,primary_place_id,tenant_id,workspace_id,display_name,created_at,updated_at) VALUES ('prof_s09_pharmacy_d7cd2e50cc10e594','org_s09_pharmacy_d7cd2e50cc10e594','organization','place_nigeria_001','tenant_platform_seed','workspace_platform_seed_discovery','Pharmacie des Montagnes',unixepoch(),unixepoch());
INSERT OR IGNORE INTO search_entries (id,profile_id,display_name,keywords,ancestry_path,vertical,created_at,updated_at) VALUES ('se_s09_pharmacy_d7cd2e50cc10e594','prof_s09_pharmacy_d7cd2e50cc10e594','Pharmacie des Montagnes','pharmacie des montagnes pharmacy chemist drug store medicine nigeria','place_nigeria_001','pharmacy',unixepoch(),unixepoch());
INSERT OR IGNORE INTO seed_ingestion_records (id,seed_run_id,entity_type,entity_id,source_id,status) VALUES ('ir_s09_pharmacy_d7cd2e50cc10e594','seed_run_s09_osm_pharmacies_20260502','organization','org_s09_pharmacy_d7cd2e50cc10e594','seed_source_osm_pharmacies_ng_20260502','ingested');
INSERT OR IGNORE INTO seed_entity_sources (id,seed_run_id,entity_type,entity_id,source_id,confidence_tier) VALUES ('es_s09_pharmacy_d7cd2e50cc10e594','seed_run_s09_osm_pharmacies_20260502','organization','org_s09_pharmacy_d7cd2e50cc10e594','seed_source_osm_pharmacies_ng_20260502','seeded');
INSERT OR IGNORE INTO seed_enrichment (id,seed_run_id,entity_type,entity_id,enrichment_type,enrichment_json) VALUES ('enr_s09_pharmacy_d7cd2e50cc10e594','seed_run_s09_osm_pharmacies_20260502','organization','org_s09_pharmacy_d7cd2e50cc10e594','licence_data','{"osm_id": "424738604", "amenity": "pharmacy", "addr_state": null, "operator": null, "brand": null}');

INSERT OR IGNORE INTO organizations (id,tenant_id,organization_type,legal_name,display_name,registration_number,status,verification_state,created_at,updated_at) VALUES ('org_s09_pharmacy_12c16ea20dfb2266','tenant_platform_seed','pharmacy','Pharmacie Noubissi','Pharmacie Noubissi',NULL,'active','seeded',unixepoch(),unixepoch());
INSERT OR IGNORE INTO profiles (id,subject_id,subject_type,primary_place_id,tenant_id,workspace_id,display_name,created_at,updated_at) VALUES ('prof_s09_pharmacy_12c16ea20dfb2266','org_s09_pharmacy_12c16ea20dfb2266','organization','place_nigeria_001','tenant_platform_seed','workspace_platform_seed_discovery','Pharmacie Noubissi',unixepoch(),unixepoch());
INSERT OR IGNORE INTO search_entries (id,profile_id,display_name,keywords,ancestry_path,vertical,created_at,updated_at) VALUES ('se_s09_pharmacy_12c16ea20dfb2266','prof_s09_pharmacy_12c16ea20dfb2266','Pharmacie Noubissi','pharmacie noubissi pharmacy chemist drug store medicine nigeria','place_nigeria_001','pharmacy',unixepoch(),unixepoch());
INSERT OR IGNORE INTO seed_ingestion_records (id,seed_run_id,entity_type,entity_id,source_id,status) VALUES ('ir_s09_pharmacy_12c16ea20dfb2266','seed_run_s09_osm_pharmacies_20260502','organization','org_s09_pharmacy_12c16ea20dfb2266','seed_source_osm_pharmacies_ng_20260502','ingested');
INSERT OR IGNORE INTO seed_entity_sources (id,seed_run_id,entity_type,entity_id,source_id,confidence_tier) VALUES ('es_s09_pharmacy_12c16ea20dfb2266','seed_run_s09_osm_pharmacies_20260502','organization','org_s09_pharmacy_12c16ea20dfb2266','seed_source_osm_pharmacies_ng_20260502','seeded');
INSERT OR IGNORE INTO seed_enrichment (id,seed_run_id,entity_type,entity_id,enrichment_type,enrichment_json) VALUES ('enr_s09_pharmacy_12c16ea20dfb2266','seed_run_s09_osm_pharmacies_20260502','organization','org_s09_pharmacy_12c16ea20dfb2266','licence_data','{"osm_id": "424739322", "amenity": "pharmacy", "addr_state": null, "operator": null, "brand": null}');

INSERT OR IGNORE INTO organizations (id,tenant_id,organization_type,legal_name,display_name,registration_number,status,verification_state,created_at,updated_at) VALUES ('org_s09_pharmacy_50a2d4ade79bb477','tenant_platform_seed','pharmacy','Pharmacie Amienoise','Pharmacie Amienoise',NULL,'active','seeded',unixepoch(),unixepoch());
INSERT OR IGNORE INTO profiles (id,subject_id,subject_type,primary_place_id,tenant_id,workspace_id,display_name,created_at,updated_at) VALUES ('prof_s09_pharmacy_50a2d4ade79bb477','org_s09_pharmacy_50a2d4ade79bb477','organization','place_nigeria_001','tenant_platform_seed','workspace_platform_seed_discovery','Pharmacie Amienoise',unixepoch(),unixepoch());
INSERT OR IGNORE INTO search_entries (id,profile_id,display_name,keywords,ancestry_path,vertical,created_at,updated_at) VALUES ('se_s09_pharmacy_50a2d4ade79bb477','prof_s09_pharmacy_50a2d4ade79bb477','Pharmacie Amienoise','pharmacie amienoise pharmacy chemist drug store medicine nigeria','place_nigeria_001','pharmacy',unixepoch(),unixepoch());
INSERT OR IGNORE INTO seed_ingestion_records (id,seed_run_id,entity_type,entity_id,source_id,status) VALUES ('ir_s09_pharmacy_50a2d4ade79bb477','seed_run_s09_osm_pharmacies_20260502','organization','org_s09_pharmacy_50a2d4ade79bb477','seed_source_osm_pharmacies_ng_20260502','ingested');
INSERT OR IGNORE INTO seed_entity_sources (id,seed_run_id,entity_type,entity_id,source_id,confidence_tier) VALUES ('es_s09_pharmacy_50a2d4ade79bb477','seed_run_s09_osm_pharmacies_20260502','organization','org_s09_pharmacy_50a2d4ade79bb477','seed_source_osm_pharmacies_ng_20260502','seeded');
INSERT OR IGNORE INTO seed_enrichment (id,seed_run_id,entity_type,entity_id,enrichment_type,enrichment_json) VALUES ('enr_s09_pharmacy_50a2d4ade79bb477','seed_run_s09_osm_pharmacies_20260502','organization','org_s09_pharmacy_50a2d4ade79bb477','licence_data','{"osm_id": "424740417", "amenity": "pharmacy", "addr_state": null, "operator": null, "brand": null}');

INSERT OR IGNORE INTO organizations (id,tenant_id,organization_type,legal_name,display_name,registration_number,status,verification_state,created_at,updated_at) VALUES ('org_s09_pharmacy_572e7d4e40e09564','tenant_platform_seed','pharmacy','Pharmacie Madelon','Pharmacie Madelon',NULL,'active','seeded',unixepoch(),unixepoch());
INSERT OR IGNORE INTO profiles (id,subject_id,subject_type,primary_place_id,tenant_id,workspace_id,display_name,created_at,updated_at) VALUES ('prof_s09_pharmacy_572e7d4e40e09564','org_s09_pharmacy_572e7d4e40e09564','organization','place_nigeria_001','tenant_platform_seed','workspace_platform_seed_discovery','Pharmacie Madelon',unixepoch(),unixepoch());
INSERT OR IGNORE INTO search_entries (id,profile_id,display_name,keywords,ancestry_path,vertical,created_at,updated_at) VALUES ('se_s09_pharmacy_572e7d4e40e09564','prof_s09_pharmacy_572e7d4e40e09564','Pharmacie Madelon','pharmacie madelon pharmacy chemist drug store medicine nigeria','place_nigeria_001','pharmacy',unixepoch(),unixepoch());
INSERT OR IGNORE INTO seed_ingestion_records (id,seed_run_id,entity_type,entity_id,source_id,status) VALUES ('ir_s09_pharmacy_572e7d4e40e09564','seed_run_s09_osm_pharmacies_20260502','organization','org_s09_pharmacy_572e7d4e40e09564','seed_source_osm_pharmacies_ng_20260502','ingested');
INSERT OR IGNORE INTO seed_entity_sources (id,seed_run_id,entity_type,entity_id,source_id,confidence_tier) VALUES ('es_s09_pharmacy_572e7d4e40e09564','seed_run_s09_osm_pharmacies_20260502','organization','org_s09_pharmacy_572e7d4e40e09564','seed_source_osm_pharmacies_ng_20260502','seeded');
INSERT OR IGNORE INTO seed_enrichment (id,seed_run_id,entity_type,entity_id,enrichment_type,enrichment_json) VALUES ('enr_s09_pharmacy_572e7d4e40e09564','seed_run_s09_osm_pharmacies_20260502','organization','org_s09_pharmacy_572e7d4e40e09564','licence_data','{"osm_id": "424940901", "amenity": "pharmacy", "addr_state": null, "operator": null, "brand": null}');

INSERT OR IGNORE INTO organizations (id,tenant_id,organization_type,legal_name,display_name,registration_number,status,verification_state,created_at,updated_at) VALUES ('org_s09_pharmacy_5db0a6522b62e9c3','tenant_platform_seed','pharmacy','Pharmacie Sainte Monique','Pharmacie Sainte Monique',NULL,'active','seeded',unixepoch(),unixepoch());
INSERT OR IGNORE INTO profiles (id,subject_id,subject_type,primary_place_id,tenant_id,workspace_id,display_name,created_at,updated_at) VALUES ('prof_s09_pharmacy_5db0a6522b62e9c3','org_s09_pharmacy_5db0a6522b62e9c3','organization','place_nigeria_001','tenant_platform_seed','workspace_platform_seed_discovery','Pharmacie Sainte Monique',unixepoch(),unixepoch());
INSERT OR IGNORE INTO search_entries (id,profile_id,display_name,keywords,ancestry_path,vertical,created_at,updated_at) VALUES ('se_s09_pharmacy_5db0a6522b62e9c3','prof_s09_pharmacy_5db0a6522b62e9c3','Pharmacie Sainte Monique','pharmacie sainte monique pharmacy chemist drug store medicine nigeria','place_nigeria_001','pharmacy',unixepoch(),unixepoch());
INSERT OR IGNORE INTO seed_ingestion_records (id,seed_run_id,entity_type,entity_id,source_id,status) VALUES ('ir_s09_pharmacy_5db0a6522b62e9c3','seed_run_s09_osm_pharmacies_20260502','organization','org_s09_pharmacy_5db0a6522b62e9c3','seed_source_osm_pharmacies_ng_20260502','ingested');
INSERT OR IGNORE INTO seed_entity_sources (id,seed_run_id,entity_type,entity_id,source_id,confidence_tier) VALUES ('es_s09_pharmacy_5db0a6522b62e9c3','seed_run_s09_osm_pharmacies_20260502','organization','org_s09_pharmacy_5db0a6522b62e9c3','seed_source_osm_pharmacies_ng_20260502','seeded');
INSERT OR IGNORE INTO seed_enrichment (id,seed_run_id,entity_type,entity_id,enrichment_type,enrichment_json) VALUES ('enr_s09_pharmacy_5db0a6522b62e9c3','seed_run_s09_osm_pharmacies_20260502','organization','org_s09_pharmacy_5db0a6522b62e9c3','licence_data','{"osm_id": "425149117", "amenity": "pharmacy", "addr_state": null, "operator": null, "brand": null}');

INSERT OR IGNORE INTO organizations (id,tenant_id,organization_type,legal_name,display_name,registration_number,status,verification_state,created_at,updated_at) VALUES ('org_s09_pharmacy_7d255f78a0abc527','tenant_platform_seed','pharmacy','Pharmacie Noubissi','Pharmacie Noubissi',NULL,'active','seeded',unixepoch(),unixepoch());
INSERT OR IGNORE INTO profiles (id,subject_id,subject_type,primary_place_id,tenant_id,workspace_id,display_name,created_at,updated_at) VALUES ('prof_s09_pharmacy_7d255f78a0abc527','org_s09_pharmacy_7d255f78a0abc527','organization','place_nigeria_001','tenant_platform_seed','workspace_platform_seed_discovery','Pharmacie Noubissi',unixepoch(),unixepoch());
INSERT OR IGNORE INTO search_entries (id,profile_id,display_name,keywords,ancestry_path,vertical,created_at,updated_at) VALUES ('se_s09_pharmacy_7d255f78a0abc527','prof_s09_pharmacy_7d255f78a0abc527','Pharmacie Noubissi','pharmacie noubissi pharmacy chemist drug store medicine nigeria','place_nigeria_001','pharmacy',unixepoch(),unixepoch());
INSERT OR IGNORE INTO seed_ingestion_records (id,seed_run_id,entity_type,entity_id,source_id,status) VALUES ('ir_s09_pharmacy_7d255f78a0abc527','seed_run_s09_osm_pharmacies_20260502','organization','org_s09_pharmacy_7d255f78a0abc527','seed_source_osm_pharmacies_ng_20260502','ingested');
INSERT OR IGNORE INTO seed_entity_sources (id,seed_run_id,entity_type,entity_id,source_id,confidence_tier) VALUES ('es_s09_pharmacy_7d255f78a0abc527','seed_run_s09_osm_pharmacies_20260502','organization','org_s09_pharmacy_7d255f78a0abc527','seed_source_osm_pharmacies_ng_20260502','seeded');
INSERT OR IGNORE INTO seed_enrichment (id,seed_run_id,entity_type,entity_id,enrichment_type,enrichment_json) VALUES ('enr_s09_pharmacy_7d255f78a0abc527','seed_run_s09_osm_pharmacies_20260502','organization','org_s09_pharmacy_7d255f78a0abc527','licence_data','{"osm_id": "425152125", "amenity": "pharmacy", "addr_state": null, "operator": null, "brand": null}');

INSERT OR IGNORE INTO organizations (id,tenant_id,organization_type,legal_name,display_name,registration_number,status,verification_state,created_at,updated_at) VALUES ('org_s09_pharmacy_b6f70c6c6fa449ad','tenant_platform_seed','pharmacy','Pharmacie Pierre Moyo','Pharmacie Pierre Moyo',NULL,'active','seeded',unixepoch(),unixepoch());
INSERT OR IGNORE INTO profiles (id,subject_id,subject_type,primary_place_id,tenant_id,workspace_id,display_name,created_at,updated_at) VALUES ('prof_s09_pharmacy_b6f70c6c6fa449ad','org_s09_pharmacy_b6f70c6c6fa449ad','organization','place_nigeria_001','tenant_platform_seed','workspace_platform_seed_discovery','Pharmacie Pierre Moyo',unixepoch(),unixepoch());
INSERT OR IGNORE INTO search_entries (id,profile_id,display_name,keywords,ancestry_path,vertical,created_at,updated_at) VALUES ('se_s09_pharmacy_b6f70c6c6fa449ad','prof_s09_pharmacy_b6f70c6c6fa449ad','Pharmacie Pierre Moyo','pharmacie pierre moyo pharmacy chemist drug store medicine nigeria','place_nigeria_001','pharmacy',unixepoch(),unixepoch());
INSERT OR IGNORE INTO seed_ingestion_records (id,seed_run_id,entity_type,entity_id,source_id,status) VALUES ('ir_s09_pharmacy_b6f70c6c6fa449ad','seed_run_s09_osm_pharmacies_20260502','organization','org_s09_pharmacy_b6f70c6c6fa449ad','seed_source_osm_pharmacies_ng_20260502','ingested');
INSERT OR IGNORE INTO seed_entity_sources (id,seed_run_id,entity_type,entity_id,source_id,confidence_tier) VALUES ('es_s09_pharmacy_b6f70c6c6fa449ad','seed_run_s09_osm_pharmacies_20260502','organization','org_s09_pharmacy_b6f70c6c6fa449ad','seed_source_osm_pharmacies_ng_20260502','seeded');
INSERT OR IGNORE INTO seed_enrichment (id,seed_run_id,entity_type,entity_id,enrichment_type,enrichment_json) VALUES ('enr_s09_pharmacy_b6f70c6c6fa449ad','seed_run_s09_osm_pharmacies_20260502','organization','org_s09_pharmacy_b6f70c6c6fa449ad','licence_data','{"osm_id": "425152127", "amenity": "pharmacy", "addr_state": null, "operator": null, "brand": null}');

INSERT OR IGNORE INTO organizations (id,tenant_id,organization_type,legal_name,display_name,registration_number,status,verification_state,created_at,updated_at) VALUES ('org_s09_pharmacy_d1e8679bd3c84163','tenant_platform_seed','pharmacy','Pharmacie la Grâce','Pharmacie la Grâce',NULL,'active','seeded',unixepoch(),unixepoch());
INSERT OR IGNORE INTO profiles (id,subject_id,subject_type,primary_place_id,tenant_id,workspace_id,display_name,created_at,updated_at) VALUES ('prof_s09_pharmacy_d1e8679bd3c84163','org_s09_pharmacy_d1e8679bd3c84163','organization','place_nigeria_001','tenant_platform_seed','workspace_platform_seed_discovery','Pharmacie la Grâce',unixepoch(),unixepoch());
INSERT OR IGNORE INTO search_entries (id,profile_id,display_name,keywords,ancestry_path,vertical,created_at,updated_at) VALUES ('se_s09_pharmacy_d1e8679bd3c84163','prof_s09_pharmacy_d1e8679bd3c84163','Pharmacie la Grâce','pharmacie la grâce pharmacy chemist drug store medicine nigeria','place_nigeria_001','pharmacy',unixepoch(),unixepoch());
INSERT OR IGNORE INTO seed_ingestion_records (id,seed_run_id,entity_type,entity_id,source_id,status) VALUES ('ir_s09_pharmacy_d1e8679bd3c84163','seed_run_s09_osm_pharmacies_20260502','organization','org_s09_pharmacy_d1e8679bd3c84163','seed_source_osm_pharmacies_ng_20260502','ingested');
INSERT OR IGNORE INTO seed_entity_sources (id,seed_run_id,entity_type,entity_id,source_id,confidence_tier) VALUES ('es_s09_pharmacy_d1e8679bd3c84163','seed_run_s09_osm_pharmacies_20260502','organization','org_s09_pharmacy_d1e8679bd3c84163','seed_source_osm_pharmacies_ng_20260502','seeded');
INSERT OR IGNORE INTO seed_enrichment (id,seed_run_id,entity_type,entity_id,enrichment_type,enrichment_json) VALUES ('enr_s09_pharmacy_d1e8679bd3c84163','seed_run_s09_osm_pharmacies_20260502','organization','org_s09_pharmacy_d1e8679bd3c84163','licence_data','{"osm_id": "425155470", "amenity": "pharmacy", "addr_state": null, "operator": null, "brand": null}');

INSERT OR IGNORE INTO organizations (id,tenant_id,organization_type,legal_name,display_name,registration_number,status,verification_state,created_at,updated_at) VALUES ('org_s09_pharmacy_663bf339bb110ce2','tenant_platform_seed','pharmacy','Polypharma','Polypharma',NULL,'active','seeded',unixepoch(),unixepoch());
INSERT OR IGNORE INTO profiles (id,subject_id,subject_type,primary_place_id,tenant_id,workspace_id,display_name,created_at,updated_at) VALUES ('prof_s09_pharmacy_663bf339bb110ce2','org_s09_pharmacy_663bf339bb110ce2','organization','place_nigeria_001','tenant_platform_seed','workspace_platform_seed_discovery','Polypharma',unixepoch(),unixepoch());
INSERT OR IGNORE INTO search_entries (id,profile_id,display_name,keywords,ancestry_path,vertical,created_at,updated_at) VALUES ('se_s09_pharmacy_663bf339bb110ce2','prof_s09_pharmacy_663bf339bb110ce2','Polypharma','polypharma pharmacy chemist drug store medicine nigeria','place_nigeria_001','pharmacy',unixepoch(),unixepoch());
INSERT OR IGNORE INTO seed_ingestion_records (id,seed_run_id,entity_type,entity_id,source_id,status) VALUES ('ir_s09_pharmacy_663bf339bb110ce2','seed_run_s09_osm_pharmacies_20260502','organization','org_s09_pharmacy_663bf339bb110ce2','seed_source_osm_pharmacies_ng_20260502','ingested');
INSERT OR IGNORE INTO seed_entity_sources (id,seed_run_id,entity_type,entity_id,source_id,confidence_tier) VALUES ('es_s09_pharmacy_663bf339bb110ce2','seed_run_s09_osm_pharmacies_20260502','organization','org_s09_pharmacy_663bf339bb110ce2','seed_source_osm_pharmacies_ng_20260502','seeded');
INSERT OR IGNORE INTO seed_enrichment (id,seed_run_id,entity_type,entity_id,enrichment_type,enrichment_json) VALUES ('enr_s09_pharmacy_663bf339bb110ce2','seed_run_s09_osm_pharmacies_20260502','organization','org_s09_pharmacy_663bf339bb110ce2','licence_data','{"osm_id": "425155472", "amenity": "pharmacy", "addr_state": null, "operator": null, "brand": null}');

INSERT OR IGNORE INTO organizations (id,tenant_id,organization_type,legal_name,display_name,registration_number,status,verification_state,created_at,updated_at) VALUES ('org_s09_pharmacy_1e82204d532fcfc9','tenant_platform_seed','pharmacy','Pharmacie Nectar','Pharmacie Nectar',NULL,'active','seeded',unixepoch(),unixepoch());
INSERT OR IGNORE INTO profiles (id,subject_id,subject_type,primary_place_id,tenant_id,workspace_id,display_name,created_at,updated_at) VALUES ('prof_s09_pharmacy_1e82204d532fcfc9','org_s09_pharmacy_1e82204d532fcfc9','organization','place_nigeria_001','tenant_platform_seed','workspace_platform_seed_discovery','Pharmacie Nectar',unixepoch(),unixepoch());
INSERT OR IGNORE INTO search_entries (id,profile_id,display_name,keywords,ancestry_path,vertical,created_at,updated_at) VALUES ('se_s09_pharmacy_1e82204d532fcfc9','prof_s09_pharmacy_1e82204d532fcfc9','Pharmacie Nectar','pharmacie nectar pharmacy chemist drug store medicine nigeria','place_nigeria_001','pharmacy',unixepoch(),unixepoch());
INSERT OR IGNORE INTO seed_ingestion_records (id,seed_run_id,entity_type,entity_id,source_id,status) VALUES ('ir_s09_pharmacy_1e82204d532fcfc9','seed_run_s09_osm_pharmacies_20260502','organization','org_s09_pharmacy_1e82204d532fcfc9','seed_source_osm_pharmacies_ng_20260502','ingested');
INSERT OR IGNORE INTO seed_entity_sources (id,seed_run_id,entity_type,entity_id,source_id,confidence_tier) VALUES ('es_s09_pharmacy_1e82204d532fcfc9','seed_run_s09_osm_pharmacies_20260502','organization','org_s09_pharmacy_1e82204d532fcfc9','seed_source_osm_pharmacies_ng_20260502','seeded');
INSERT OR IGNORE INTO seed_enrichment (id,seed_run_id,entity_type,entity_id,enrichment_type,enrichment_json) VALUES ('enr_s09_pharmacy_1e82204d532fcfc9','seed_run_s09_osm_pharmacies_20260502','organization','org_s09_pharmacy_1e82204d532fcfc9','licence_data','{"osm_id": "425159783", "amenity": "pharmacy", "addr_state": null, "operator": null, "brand": null}');

INSERT OR IGNORE INTO organizations (id,tenant_id,organization_type,legal_name,display_name,registration_number,status,verification_state,created_at,updated_at) VALUES ('org_s09_pharmacy_127c77b5cabaf213','tenant_platform_seed','pharmacy','pharmacie1','pharmacie1',NULL,'active','seeded',unixepoch(),unixepoch());
INSERT OR IGNORE INTO profiles (id,subject_id,subject_type,primary_place_id,tenant_id,workspace_id,display_name,created_at,updated_at) VALUES ('prof_s09_pharmacy_127c77b5cabaf213','org_s09_pharmacy_127c77b5cabaf213','organization','place_nigeria_001','tenant_platform_seed','workspace_platform_seed_discovery','pharmacie1',unixepoch(),unixepoch());
INSERT OR IGNORE INTO search_entries (id,profile_id,display_name,keywords,ancestry_path,vertical,created_at,updated_at) VALUES ('se_s09_pharmacy_127c77b5cabaf213','prof_s09_pharmacy_127c77b5cabaf213','pharmacie1','pharmacie1 pharmacy chemist drug store medicine nigeria','place_nigeria_001','pharmacy',unixepoch(),unixepoch());
INSERT OR IGNORE INTO seed_ingestion_records (id,seed_run_id,entity_type,entity_id,source_id,status) VALUES ('ir_s09_pharmacy_127c77b5cabaf213','seed_run_s09_osm_pharmacies_20260502','organization','org_s09_pharmacy_127c77b5cabaf213','seed_source_osm_pharmacies_ng_20260502','ingested');
INSERT OR IGNORE INTO seed_entity_sources (id,seed_run_id,entity_type,entity_id,source_id,confidence_tier) VALUES ('es_s09_pharmacy_127c77b5cabaf213','seed_run_s09_osm_pharmacies_20260502','organization','org_s09_pharmacy_127c77b5cabaf213','seed_source_osm_pharmacies_ng_20260502','seeded');
INSERT OR IGNORE INTO seed_enrichment (id,seed_run_id,entity_type,entity_id,enrichment_type,enrichment_json) VALUES ('enr_s09_pharmacy_127c77b5cabaf213','seed_run_s09_osm_pharmacies_20260502','organization','org_s09_pharmacy_127c77b5cabaf213','licence_data','{"osm_id": "1286256396", "amenity": "pharmacy", "addr_state": null, "operator": null, "brand": null}');

INSERT OR IGNORE INTO organizations (id,tenant_id,organization_type,legal_name,display_name,registration_number,status,verification_state,created_at,updated_at) VALUES ('org_s09_pharmacy_3663494f9192954d','tenant_platform_seed','pharmacy','pharmacie2','pharmacie2',NULL,'active','seeded',unixepoch(),unixepoch());
INSERT OR IGNORE INTO profiles (id,subject_id,subject_type,primary_place_id,tenant_id,workspace_id,display_name,created_at,updated_at) VALUES ('prof_s09_pharmacy_3663494f9192954d','org_s09_pharmacy_3663494f9192954d','organization','place_nigeria_001','tenant_platform_seed','workspace_platform_seed_discovery','pharmacie2',unixepoch(),unixepoch());
INSERT OR IGNORE INTO search_entries (id,profile_id,display_name,keywords,ancestry_path,vertical,created_at,updated_at) VALUES ('se_s09_pharmacy_3663494f9192954d','prof_s09_pharmacy_3663494f9192954d','pharmacie2','pharmacie2 pharmacy chemist drug store medicine nigeria','place_nigeria_001','pharmacy',unixepoch(),unixepoch());
INSERT OR IGNORE INTO seed_ingestion_records (id,seed_run_id,entity_type,entity_id,source_id,status) VALUES ('ir_s09_pharmacy_3663494f9192954d','seed_run_s09_osm_pharmacies_20260502','organization','org_s09_pharmacy_3663494f9192954d','seed_source_osm_pharmacies_ng_20260502','ingested');
INSERT OR IGNORE INTO seed_entity_sources (id,seed_run_id,entity_type,entity_id,source_id,confidence_tier) VALUES ('es_s09_pharmacy_3663494f9192954d','seed_run_s09_osm_pharmacies_20260502','organization','org_s09_pharmacy_3663494f9192954d','seed_source_osm_pharmacies_ng_20260502','seeded');
INSERT OR IGNORE INTO seed_enrichment (id,seed_run_id,entity_type,entity_id,enrichment_type,enrichment_json) VALUES ('enr_s09_pharmacy_3663494f9192954d','seed_run_s09_osm_pharmacies_20260502','organization','org_s09_pharmacy_3663494f9192954d','licence_data','{"osm_id": "1286256397", "amenity": "pharmacy", "addr_state": null, "operator": null, "brand": null}');

INSERT OR IGNORE INTO organizations (id,tenant_id,organization_type,legal_name,display_name,registration_number,status,verification_state,created_at,updated_at) VALUES ('org_s09_pharmacy_baed463bcf40877f','tenant_platform_seed','pharmacy','Pharmacie du centre','Pharmacie du centre',NULL,'active','seeded',unixepoch(),unixepoch());
INSERT OR IGNORE INTO profiles (id,subject_id,subject_type,primary_place_id,tenant_id,workspace_id,display_name,created_at,updated_at) VALUES ('prof_s09_pharmacy_baed463bcf40877f','org_s09_pharmacy_baed463bcf40877f','organization','place_nigeria_001','tenant_platform_seed','workspace_platform_seed_discovery','Pharmacie du centre',unixepoch(),unixepoch());
INSERT OR IGNORE INTO search_entries (id,profile_id,display_name,keywords,ancestry_path,vertical,created_at,updated_at) VALUES ('se_s09_pharmacy_baed463bcf40877f','prof_s09_pharmacy_baed463bcf40877f','Pharmacie du centre','pharmacie du centre pharmacy chemist drug store medicine nigeria','place_nigeria_001','pharmacy',unixepoch(),unixepoch());
INSERT OR IGNORE INTO seed_ingestion_records (id,seed_run_id,entity_type,entity_id,source_id,status) VALUES ('ir_s09_pharmacy_baed463bcf40877f','seed_run_s09_osm_pharmacies_20260502','organization','org_s09_pharmacy_baed463bcf40877f','seed_source_osm_pharmacies_ng_20260502','ingested');
INSERT OR IGNORE INTO seed_entity_sources (id,seed_run_id,entity_type,entity_id,source_id,confidence_tier) VALUES ('es_s09_pharmacy_baed463bcf40877f','seed_run_s09_osm_pharmacies_20260502','organization','org_s09_pharmacy_baed463bcf40877f','seed_source_osm_pharmacies_ng_20260502','seeded');
INSERT OR IGNORE INTO seed_enrichment (id,seed_run_id,entity_type,entity_id,enrichment_type,enrichment_json) VALUES ('enr_s09_pharmacy_baed463bcf40877f','seed_run_s09_osm_pharmacies_20260502','organization','org_s09_pharmacy_baed463bcf40877f','licence_data','{"osm_id": "2318362169", "amenity": "pharmacy", "addr_state": null, "operator": null, "brand": null}');

INSERT OR IGNORE INTO organizations (id,tenant_id,organization_type,legal_name,display_name,registration_number,status,verification_state,created_at,updated_at) VALUES ('org_s09_pharmacy_0b71524b72bdddd5','tenant_platform_seed','pharmacy','Pharmacie de Djamboutou','Pharmacie de Djamboutou',NULL,'active','seeded',unixepoch(),unixepoch());
INSERT OR IGNORE INTO profiles (id,subject_id,subject_type,primary_place_id,tenant_id,workspace_id,display_name,created_at,updated_at) VALUES ('prof_s09_pharmacy_0b71524b72bdddd5','org_s09_pharmacy_0b71524b72bdddd5','organization','place_nigeria_001','tenant_platform_seed','workspace_platform_seed_discovery','Pharmacie de Djamboutou',unixepoch(),unixepoch());
INSERT OR IGNORE INTO search_entries (id,profile_id,display_name,keywords,ancestry_path,vertical,created_at,updated_at) VALUES ('se_s09_pharmacy_0b71524b72bdddd5','prof_s09_pharmacy_0b71524b72bdddd5','Pharmacie de Djamboutou','pharmacie de djamboutou pharmacy chemist drug store medicine nigeria','place_nigeria_001','pharmacy',unixepoch(),unixepoch());
INSERT OR IGNORE INTO seed_ingestion_records (id,seed_run_id,entity_type,entity_id,source_id,status) VALUES ('ir_s09_pharmacy_0b71524b72bdddd5','seed_run_s09_osm_pharmacies_20260502','organization','org_s09_pharmacy_0b71524b72bdddd5','seed_source_osm_pharmacies_ng_20260502','ingested');
INSERT OR IGNORE INTO seed_entity_sources (id,seed_run_id,entity_type,entity_id,source_id,confidence_tier) VALUES ('es_s09_pharmacy_0b71524b72bdddd5','seed_run_s09_osm_pharmacies_20260502','organization','org_s09_pharmacy_0b71524b72bdddd5','seed_source_osm_pharmacies_ng_20260502','seeded');
INSERT OR IGNORE INTO seed_enrichment (id,seed_run_id,entity_type,entity_id,enrichment_type,enrichment_json) VALUES ('enr_s09_pharmacy_0b71524b72bdddd5','seed_run_s09_osm_pharmacies_20260502','organization','org_s09_pharmacy_0b71524b72bdddd5','licence_data','{"osm_id": "2352021450", "amenity": "pharmacy", "addr_state": null, "operator": null, "brand": null}');

INSERT OR IGNORE INTO organizations (id,tenant_id,organization_type,legal_name,display_name,registration_number,status,verification_state,created_at,updated_at) VALUES ('org_s09_pharmacy_d5e0207ee8b948bb','tenant_platform_seed','pharmacy','Pharmacie de Garoua','Pharmacie de Garoua',NULL,'active','seeded',unixepoch(),unixepoch());
INSERT OR IGNORE INTO profiles (id,subject_id,subject_type,primary_place_id,tenant_id,workspace_id,display_name,created_at,updated_at) VALUES ('prof_s09_pharmacy_d5e0207ee8b948bb','org_s09_pharmacy_d5e0207ee8b948bb','organization','place_nigeria_001','tenant_platform_seed','workspace_platform_seed_discovery','Pharmacie de Garoua',unixepoch(),unixepoch());
INSERT OR IGNORE INTO search_entries (id,profile_id,display_name,keywords,ancestry_path,vertical,created_at,updated_at) VALUES ('se_s09_pharmacy_d5e0207ee8b948bb','prof_s09_pharmacy_d5e0207ee8b948bb','Pharmacie de Garoua','pharmacie de garoua pharmacy chemist drug store medicine nigeria','place_nigeria_001','pharmacy',unixepoch(),unixepoch());
INSERT OR IGNORE INTO seed_ingestion_records (id,seed_run_id,entity_type,entity_id,source_id,status) VALUES ('ir_s09_pharmacy_d5e0207ee8b948bb','seed_run_s09_osm_pharmacies_20260502','organization','org_s09_pharmacy_d5e0207ee8b948bb','seed_source_osm_pharmacies_ng_20260502','ingested');
INSERT OR IGNORE INTO seed_entity_sources (id,seed_run_id,entity_type,entity_id,source_id,confidence_tier) VALUES ('es_s09_pharmacy_d5e0207ee8b948bb','seed_run_s09_osm_pharmacies_20260502','organization','org_s09_pharmacy_d5e0207ee8b948bb','seed_source_osm_pharmacies_ng_20260502','seeded');
INSERT OR IGNORE INTO seed_enrichment (id,seed_run_id,entity_type,entity_id,enrichment_type,enrichment_json) VALUES ('enr_s09_pharmacy_d5e0207ee8b948bb','seed_run_s09_osm_pharmacies_20260502','organization','org_s09_pharmacy_d5e0207ee8b948bb','licence_data','{"osm_id": "2352021451", "amenity": "pharmacy", "addr_state": null, "operator": null, "brand": null}');

INSERT OR IGNORE INTO organizations (id,tenant_id,organization_type,legal_name,display_name,registration_number,status,verification_state,created_at,updated_at) VALUES ('org_s09_pharmacy_3ecfb99e92241e81','tenant_platform_seed','pharmacy','Pharmacie Populaire','Pharmacie Populaire',NULL,'active','seeded',unixepoch(),unixepoch());
INSERT OR IGNORE INTO profiles (id,subject_id,subject_type,primary_place_id,tenant_id,workspace_id,display_name,created_at,updated_at) VALUES ('prof_s09_pharmacy_3ecfb99e92241e81','org_s09_pharmacy_3ecfb99e92241e81','organization','place_nigeria_001','tenant_platform_seed','workspace_platform_seed_discovery','Pharmacie Populaire',unixepoch(),unixepoch());
INSERT OR IGNORE INTO search_entries (id,profile_id,display_name,keywords,ancestry_path,vertical,created_at,updated_at) VALUES ('se_s09_pharmacy_3ecfb99e92241e81','prof_s09_pharmacy_3ecfb99e92241e81','Pharmacie Populaire','pharmacie populaire pharmacy chemist drug store medicine nigeria','place_nigeria_001','pharmacy',unixepoch(),unixepoch());
INSERT OR IGNORE INTO seed_ingestion_records (id,seed_run_id,entity_type,entity_id,source_id,status) VALUES ('ir_s09_pharmacy_3ecfb99e92241e81','seed_run_s09_osm_pharmacies_20260502','organization','org_s09_pharmacy_3ecfb99e92241e81','seed_source_osm_pharmacies_ng_20260502','ingested');
INSERT OR IGNORE INTO seed_entity_sources (id,seed_run_id,entity_type,entity_id,source_id,confidence_tier) VALUES ('es_s09_pharmacy_3ecfb99e92241e81','seed_run_s09_osm_pharmacies_20260502','organization','org_s09_pharmacy_3ecfb99e92241e81','seed_source_osm_pharmacies_ng_20260502','seeded');
INSERT OR IGNORE INTO seed_enrichment (id,seed_run_id,entity_type,entity_id,enrichment_type,enrichment_json) VALUES ('enr_s09_pharmacy_3ecfb99e92241e81','seed_run_s09_osm_pharmacies_20260502','organization','org_s09_pharmacy_3ecfb99e92241e81','licence_data','{"osm_id": "2353391716", "amenity": "pharmacy", "addr_state": null, "operator": null, "brand": null}');

INSERT OR IGNORE INTO organizations (id,tenant_id,organization_type,legal_name,display_name,registration_number,status,verification_state,created_at,updated_at) VALUES ('org_s09_pharmacy_3ebf883fcaff50dc','tenant_platform_seed','pharmacy','Pharmacie de l''Amitié','Pharmacie de l''Amitié',NULL,'active','seeded',unixepoch(),unixepoch());
INSERT OR IGNORE INTO profiles (id,subject_id,subject_type,primary_place_id,tenant_id,workspace_id,display_name,created_at,updated_at) VALUES ('prof_s09_pharmacy_3ebf883fcaff50dc','org_s09_pharmacy_3ebf883fcaff50dc','organization','place_nigeria_001','tenant_platform_seed','workspace_platform_seed_discovery','Pharmacie de l''Amitié',unixepoch(),unixepoch());
INSERT OR IGNORE INTO search_entries (id,profile_id,display_name,keywords,ancestry_path,vertical,created_at,updated_at) VALUES ('se_s09_pharmacy_3ebf883fcaff50dc','prof_s09_pharmacy_3ebf883fcaff50dc','Pharmacie de l''Amitié','pharmacie de l''amitié pharmacy chemist drug store medicine nigeria','place_nigeria_001','pharmacy',unixepoch(),unixepoch());
INSERT OR IGNORE INTO seed_ingestion_records (id,seed_run_id,entity_type,entity_id,source_id,status) VALUES ('ir_s09_pharmacy_3ebf883fcaff50dc','seed_run_s09_osm_pharmacies_20260502','organization','org_s09_pharmacy_3ebf883fcaff50dc','seed_source_osm_pharmacies_ng_20260502','ingested');
INSERT OR IGNORE INTO seed_entity_sources (id,seed_run_id,entity_type,entity_id,source_id,confidence_tier) VALUES ('es_s09_pharmacy_3ebf883fcaff50dc','seed_run_s09_osm_pharmacies_20260502','organization','org_s09_pharmacy_3ebf883fcaff50dc','seed_source_osm_pharmacies_ng_20260502','seeded');
INSERT OR IGNORE INTO seed_enrichment (id,seed_run_id,entity_type,entity_id,enrichment_type,enrichment_json) VALUES ('enr_s09_pharmacy_3ebf883fcaff50dc','seed_run_s09_osm_pharmacies_20260502','organization','org_s09_pharmacy_3ebf883fcaff50dc','licence_data','{"osm_id": "2353471794", "amenity": "pharmacy", "addr_state": null, "operator": null, "brand": null}');

INSERT OR IGNORE INTO organizations (id,tenant_id,organization_type,legal_name,display_name,registration_number,status,verification_state,created_at,updated_at) VALUES ('org_s09_pharmacy_3d0206c15940ce99','tenant_platform_seed','pharmacy','Pharmacie de l''Etoile','Pharmacie de l''Etoile',NULL,'active','seeded',unixepoch(),unixepoch());
INSERT OR IGNORE INTO profiles (id,subject_id,subject_type,primary_place_id,tenant_id,workspace_id,display_name,created_at,updated_at) VALUES ('prof_s09_pharmacy_3d0206c15940ce99','org_s09_pharmacy_3d0206c15940ce99','organization','place_nigeria_001','tenant_platform_seed','workspace_platform_seed_discovery','Pharmacie de l''Etoile',unixepoch(),unixepoch());
INSERT OR IGNORE INTO search_entries (id,profile_id,display_name,keywords,ancestry_path,vertical,created_at,updated_at) VALUES ('se_s09_pharmacy_3d0206c15940ce99','prof_s09_pharmacy_3d0206c15940ce99','Pharmacie de l''Etoile','pharmacie de l''etoile pharmacy chemist drug store medicine nigeria','place_nigeria_001','pharmacy',unixepoch(),unixepoch());
INSERT OR IGNORE INTO seed_ingestion_records (id,seed_run_id,entity_type,entity_id,source_id,status) VALUES ('ir_s09_pharmacy_3d0206c15940ce99','seed_run_s09_osm_pharmacies_20260502','organization','org_s09_pharmacy_3d0206c15940ce99','seed_source_osm_pharmacies_ng_20260502','ingested');
INSERT OR IGNORE INTO seed_entity_sources (id,seed_run_id,entity_type,entity_id,source_id,confidence_tier) VALUES ('es_s09_pharmacy_3d0206c15940ce99','seed_run_s09_osm_pharmacies_20260502','organization','org_s09_pharmacy_3d0206c15940ce99','seed_source_osm_pharmacies_ng_20260502','seeded');
INSERT OR IGNORE INTO seed_enrichment (id,seed_run_id,entity_type,entity_id,enrichment_type,enrichment_json) VALUES ('enr_s09_pharmacy_3d0206c15940ce99','seed_run_s09_osm_pharmacies_20260502','organization','org_s09_pharmacy_3d0206c15940ce99','licence_data','{"osm_id": "2353500536", "amenity": "pharmacy", "addr_state": null, "operator": null, "brand": null}');

INSERT OR IGNORE INTO organizations (id,tenant_id,organization_type,legal_name,display_name,registration_number,status,verification_state,created_at,updated_at) VALUES ('org_s09_pharmacy_82069277979a43ff','tenant_platform_seed','pharmacy','LA Med Pharmacy','LA Med Pharmacy',NULL,'active','seeded',unixepoch(),unixepoch());
INSERT OR IGNORE INTO profiles (id,subject_id,subject_type,primary_place_id,tenant_id,workspace_id,display_name,created_at,updated_at) VALUES ('prof_s09_pharmacy_82069277979a43ff','org_s09_pharmacy_82069277979a43ff','organization','place_nigeria_001','tenant_platform_seed','workspace_platform_seed_discovery','LA Med Pharmacy',unixepoch(),unixepoch());
INSERT OR IGNORE INTO search_entries (id,profile_id,display_name,keywords,ancestry_path,vertical,created_at,updated_at) VALUES ('se_s09_pharmacy_82069277979a43ff','prof_s09_pharmacy_82069277979a43ff','LA Med Pharmacy','la med pharmacy pharmacy chemist drug store medicine nigeria','place_nigeria_001','pharmacy',unixepoch(),unixepoch());
INSERT OR IGNORE INTO seed_ingestion_records (id,seed_run_id,entity_type,entity_id,source_id,status) VALUES ('ir_s09_pharmacy_82069277979a43ff','seed_run_s09_osm_pharmacies_20260502','organization','org_s09_pharmacy_82069277979a43ff','seed_source_osm_pharmacies_ng_20260502','ingested');
INSERT OR IGNORE INTO seed_entity_sources (id,seed_run_id,entity_type,entity_id,source_id,confidence_tier) VALUES ('es_s09_pharmacy_82069277979a43ff','seed_run_s09_osm_pharmacies_20260502','organization','org_s09_pharmacy_82069277979a43ff','seed_source_osm_pharmacies_ng_20260502','seeded');
INSERT OR IGNORE INTO seed_enrichment (id,seed_run_id,entity_type,entity_id,enrichment_type,enrichment_json) VALUES ('enr_s09_pharmacy_82069277979a43ff','seed_run_s09_osm_pharmacies_20260502','organization','org_s09_pharmacy_82069277979a43ff','licence_data','{"osm_id": "2554016955", "amenity": "pharmacy", "addr_state": null, "operator": null, "brand": null}');

INSERT OR IGNORE INTO organizations (id,tenant_id,organization_type,legal_name,display_name,registration_number,status,verification_state,created_at,updated_at) VALUES ('org_s09_pharmacy_67c343de18bb346c','tenant_platform_seed','pharmacy','Pharmacie Assemblée','Pharmacie Assemblée',NULL,'active','seeded',unixepoch(),unixepoch());
INSERT OR IGNORE INTO profiles (id,subject_id,subject_type,primary_place_id,tenant_id,workspace_id,display_name,created_at,updated_at) VALUES ('prof_s09_pharmacy_67c343de18bb346c','org_s09_pharmacy_67c343de18bb346c','organization','place_nigeria_001','tenant_platform_seed','workspace_platform_seed_discovery','Pharmacie Assemblée',unixepoch(),unixepoch());
INSERT OR IGNORE INTO search_entries (id,profile_id,display_name,keywords,ancestry_path,vertical,created_at,updated_at) VALUES ('se_s09_pharmacy_67c343de18bb346c','prof_s09_pharmacy_67c343de18bb346c','Pharmacie Assemblée','pharmacie assemblée pharmacy chemist drug store medicine nigeria','place_nigeria_001','pharmacy',unixepoch(),unixepoch());
INSERT OR IGNORE INTO seed_ingestion_records (id,seed_run_id,entity_type,entity_id,source_id,status) VALUES ('ir_s09_pharmacy_67c343de18bb346c','seed_run_s09_osm_pharmacies_20260502','organization','org_s09_pharmacy_67c343de18bb346c','seed_source_osm_pharmacies_ng_20260502','ingested');
INSERT OR IGNORE INTO seed_entity_sources (id,seed_run_id,entity_type,entity_id,source_id,confidence_tier) VALUES ('es_s09_pharmacy_67c343de18bb346c','seed_run_s09_osm_pharmacies_20260502','organization','org_s09_pharmacy_67c343de18bb346c','seed_source_osm_pharmacies_ng_20260502','seeded');
INSERT OR IGNORE INTO seed_enrichment (id,seed_run_id,entity_type,entity_id,enrichment_type,enrichment_json) VALUES ('enr_s09_pharmacy_67c343de18bb346c','seed_run_s09_osm_pharmacies_20260502','organization','org_s09_pharmacy_67c343de18bb346c','licence_data','{"osm_id": "4306357780", "amenity": "pharmacy", "addr_state": null, "operator": null, "brand": null}');

INSERT OR IGNORE INTO organizations (id,tenant_id,organization_type,legal_name,display_name,registration_number,status,verification_state,created_at,updated_at) VALUES ('org_s09_pharmacy_9b990d919aa4f363','tenant_platform_seed','pharmacy','Pharmacie N''wala','Pharmacie N''wala',NULL,'active','seeded',unixepoch(),unixepoch());
INSERT OR IGNORE INTO profiles (id,subject_id,subject_type,primary_place_id,tenant_id,workspace_id,display_name,created_at,updated_at) VALUES ('prof_s09_pharmacy_9b990d919aa4f363','org_s09_pharmacy_9b990d919aa4f363','organization','place_nigeria_001','tenant_platform_seed','workspace_platform_seed_discovery','Pharmacie N''wala',unixepoch(),unixepoch());
INSERT OR IGNORE INTO search_entries (id,profile_id,display_name,keywords,ancestry_path,vertical,created_at,updated_at) VALUES ('se_s09_pharmacy_9b990d919aa4f363','prof_s09_pharmacy_9b990d919aa4f363','Pharmacie N''wala','pharmacie n''wala pharmacy chemist drug store medicine nigeria','place_nigeria_001','pharmacy',unixepoch(),unixepoch());
INSERT OR IGNORE INTO seed_ingestion_records (id,seed_run_id,entity_type,entity_id,source_id,status) VALUES ('ir_s09_pharmacy_9b990d919aa4f363','seed_run_s09_osm_pharmacies_20260502','organization','org_s09_pharmacy_9b990d919aa4f363','seed_source_osm_pharmacies_ng_20260502','ingested');
INSERT OR IGNORE INTO seed_entity_sources (id,seed_run_id,entity_type,entity_id,source_id,confidence_tier) VALUES ('es_s09_pharmacy_9b990d919aa4f363','seed_run_s09_osm_pharmacies_20260502','organization','org_s09_pharmacy_9b990d919aa4f363','seed_source_osm_pharmacies_ng_20260502','seeded');
INSERT OR IGNORE INTO seed_enrichment (id,seed_run_id,entity_type,entity_id,enrichment_type,enrichment_json) VALUES ('enr_s09_pharmacy_9b990d919aa4f363','seed_run_s09_osm_pharmacies_20260502','organization','org_s09_pharmacy_9b990d919aa4f363','licence_data','{"osm_id": "4306357781", "amenity": "pharmacy", "addr_state": null, "operator": null, "brand": null}');

INSERT OR IGNORE INTO organizations (id,tenant_id,organization_type,legal_name,display_name,registration_number,status,verification_state,created_at,updated_at) VALUES ('org_s09_pharmacy_3a428856abd5f2c1','tenant_platform_seed','pharmacy','Pharmacie Populaire de Zinder','Pharmacie Populaire de Zinder',NULL,'active','seeded',unixepoch(),unixepoch());
INSERT OR IGNORE INTO profiles (id,subject_id,subject_type,primary_place_id,tenant_id,workspace_id,display_name,created_at,updated_at) VALUES ('prof_s09_pharmacy_3a428856abd5f2c1','org_s09_pharmacy_3a428856abd5f2c1','organization','place_nigeria_001','tenant_platform_seed','workspace_platform_seed_discovery','Pharmacie Populaire de Zinder',unixepoch(),unixepoch());
INSERT OR IGNORE INTO search_entries (id,profile_id,display_name,keywords,ancestry_path,vertical,created_at,updated_at) VALUES ('se_s09_pharmacy_3a428856abd5f2c1','prof_s09_pharmacy_3a428856abd5f2c1','Pharmacie Populaire de Zinder','pharmacie populaire de zinder pharmacy chemist drug store medicine nigeria','place_nigeria_001','pharmacy',unixepoch(),unixepoch());
INSERT OR IGNORE INTO seed_ingestion_records (id,seed_run_id,entity_type,entity_id,source_id,status) VALUES ('ir_s09_pharmacy_3a428856abd5f2c1','seed_run_s09_osm_pharmacies_20260502','organization','org_s09_pharmacy_3a428856abd5f2c1','seed_source_osm_pharmacies_ng_20260502','ingested');
INSERT OR IGNORE INTO seed_entity_sources (id,seed_run_id,entity_type,entity_id,source_id,confidence_tier) VALUES ('es_s09_pharmacy_3a428856abd5f2c1','seed_run_s09_osm_pharmacies_20260502','organization','org_s09_pharmacy_3a428856abd5f2c1','seed_source_osm_pharmacies_ng_20260502','seeded');
INSERT OR IGNORE INTO seed_enrichment (id,seed_run_id,entity_type,entity_id,enrichment_type,enrichment_json) VALUES ('enr_s09_pharmacy_3a428856abd5f2c1','seed_run_s09_osm_pharmacies_20260502','organization','org_s09_pharmacy_3a428856abd5f2c1','licence_data','{"osm_id": "4307057115", "amenity": "pharmacy", "addr_state": null, "operator": null, "brand": null}');

INSERT OR IGNORE INTO organizations (id,tenant_id,organization_type,legal_name,display_name,registration_number,status,verification_state,created_at,updated_at) VALUES ('org_s09_pharmacy_186313523d3f3d0f','tenant_platform_seed','pharmacy','Dépot Pharmaceutique Tassigui','Dépot Pharmaceutique Tassigui',NULL,'active','seeded',unixepoch(),unixepoch());
INSERT OR IGNORE INTO profiles (id,subject_id,subject_type,primary_place_id,tenant_id,workspace_id,display_name,created_at,updated_at) VALUES ('prof_s09_pharmacy_186313523d3f3d0f','org_s09_pharmacy_186313523d3f3d0f','organization','place_nigeria_001','tenant_platform_seed','workspace_platform_seed_discovery','Dépot Pharmaceutique Tassigui',unixepoch(),unixepoch());
INSERT OR IGNORE INTO search_entries (id,profile_id,display_name,keywords,ancestry_path,vertical,created_at,updated_at) VALUES ('se_s09_pharmacy_186313523d3f3d0f','prof_s09_pharmacy_186313523d3f3d0f','Dépot Pharmaceutique Tassigui','dépot pharmaceutique tassigui pharmacy chemist drug store medicine nigeria','place_nigeria_001','pharmacy',unixepoch(),unixepoch());
INSERT OR IGNORE INTO seed_ingestion_records (id,seed_run_id,entity_type,entity_id,source_id,status) VALUES ('ir_s09_pharmacy_186313523d3f3d0f','seed_run_s09_osm_pharmacies_20260502','organization','org_s09_pharmacy_186313523d3f3d0f','seed_source_osm_pharmacies_ng_20260502','ingested');
INSERT OR IGNORE INTO seed_entity_sources (id,seed_run_id,entity_type,entity_id,source_id,confidence_tier) VALUES ('es_s09_pharmacy_186313523d3f3d0f','seed_run_s09_osm_pharmacies_20260502','organization','org_s09_pharmacy_186313523d3f3d0f','seed_source_osm_pharmacies_ng_20260502','seeded');
INSERT OR IGNORE INTO seed_enrichment (id,seed_run_id,entity_type,entity_id,enrichment_type,enrichment_json) VALUES ('enr_s09_pharmacy_186313523d3f3d0f','seed_run_s09_osm_pharmacies_20260502','organization','org_s09_pharmacy_186313523d3f3d0f','licence_data','{"osm_id": "4308481862", "amenity": "pharmacy", "addr_state": null, "operator": null, "brand": null}');

INSERT OR IGNORE INTO organizations (id,tenant_id,organization_type,legal_name,display_name,registration_number,status,verification_state,created_at,updated_at) VALUES ('org_s09_pharmacy_39436461a436f00b','tenant_platform_seed','pharmacy','Dépot Pharmaceutique Fataha','Dépot Pharmaceutique Fataha',NULL,'active','seeded',unixepoch(),unixepoch());
INSERT OR IGNORE INTO profiles (id,subject_id,subject_type,primary_place_id,tenant_id,workspace_id,display_name,created_at,updated_at) VALUES ('prof_s09_pharmacy_39436461a436f00b','org_s09_pharmacy_39436461a436f00b','organization','place_nigeria_001','tenant_platform_seed','workspace_platform_seed_discovery','Dépot Pharmaceutique Fataha',unixepoch(),unixepoch());
INSERT OR IGNORE INTO search_entries (id,profile_id,display_name,keywords,ancestry_path,vertical,created_at,updated_at) VALUES ('se_s09_pharmacy_39436461a436f00b','prof_s09_pharmacy_39436461a436f00b','Dépot Pharmaceutique Fataha','dépot pharmaceutique fataha pharmacy chemist drug store medicine nigeria','place_nigeria_001','pharmacy',unixepoch(),unixepoch());
INSERT OR IGNORE INTO seed_ingestion_records (id,seed_run_id,entity_type,entity_id,source_id,status) VALUES ('ir_s09_pharmacy_39436461a436f00b','seed_run_s09_osm_pharmacies_20260502','organization','org_s09_pharmacy_39436461a436f00b','seed_source_osm_pharmacies_ng_20260502','ingested');
INSERT OR IGNORE INTO seed_entity_sources (id,seed_run_id,entity_type,entity_id,source_id,confidence_tier) VALUES ('es_s09_pharmacy_39436461a436f00b','seed_run_s09_osm_pharmacies_20260502','organization','org_s09_pharmacy_39436461a436f00b','seed_source_osm_pharmacies_ng_20260502','seeded');
INSERT OR IGNORE INTO seed_enrichment (id,seed_run_id,entity_type,entity_id,enrichment_type,enrichment_json) VALUES ('enr_s09_pharmacy_39436461a436f00b','seed_run_s09_osm_pharmacies_20260502','organization','org_s09_pharmacy_39436461a436f00b','licence_data','{"osm_id": "4308782102", "amenity": "pharmacy", "addr_state": null, "operator": null, "brand": null}');

INSERT OR IGNORE INTO organizations (id,tenant_id,organization_type,legal_name,display_name,registration_number,status,verification_state,created_at,updated_at) VALUES ('org_s09_pharmacy_f0bf9d030293b565','tenant_platform_seed','pharmacy','Dépot Pharmaceutique Fataha','Dépot Pharmaceutique Fataha',NULL,'active','seeded',unixepoch(),unixepoch());
INSERT OR IGNORE INTO profiles (id,subject_id,subject_type,primary_place_id,tenant_id,workspace_id,display_name,created_at,updated_at) VALUES ('prof_s09_pharmacy_f0bf9d030293b565','org_s09_pharmacy_f0bf9d030293b565','organization','place_nigeria_001','tenant_platform_seed','workspace_platform_seed_discovery','Dépot Pharmaceutique Fataha',unixepoch(),unixepoch());
INSERT OR IGNORE INTO search_entries (id,profile_id,display_name,keywords,ancestry_path,vertical,created_at,updated_at) VALUES ('se_s09_pharmacy_f0bf9d030293b565','prof_s09_pharmacy_f0bf9d030293b565','Dépot Pharmaceutique Fataha','dépot pharmaceutique fataha pharmacy chemist drug store medicine nigeria','place_nigeria_001','pharmacy',unixepoch(),unixepoch());
INSERT OR IGNORE INTO seed_ingestion_records (id,seed_run_id,entity_type,entity_id,source_id,status) VALUES ('ir_s09_pharmacy_f0bf9d030293b565','seed_run_s09_osm_pharmacies_20260502','organization','org_s09_pharmacy_f0bf9d030293b565','seed_source_osm_pharmacies_ng_20260502','ingested');
INSERT OR IGNORE INTO seed_entity_sources (id,seed_run_id,entity_type,entity_id,source_id,confidence_tier) VALUES ('es_s09_pharmacy_f0bf9d030293b565','seed_run_s09_osm_pharmacies_20260502','organization','org_s09_pharmacy_f0bf9d030293b565','seed_source_osm_pharmacies_ng_20260502','seeded');
INSERT OR IGNORE INTO seed_enrichment (id,seed_run_id,entity_type,entity_id,enrichment_type,enrichment_json) VALUES ('enr_s09_pharmacy_f0bf9d030293b565','seed_run_s09_osm_pharmacies_20260502','organization','org_s09_pharmacy_f0bf9d030293b565','licence_data','{"osm_id": "4317446749", "amenity": "pharmacy", "addr_state": null, "operator": null, "brand": null}');

INSERT OR IGNORE INTO organizations (id,tenant_id,organization_type,legal_name,display_name,registration_number,status,verification_state,created_at,updated_at) VALUES ('org_s09_pharmacy_1a57ed1e8d3945c9','tenant_platform_seed','pharmacy','Dépot Pharmaceutique Malezia','Dépot Pharmaceutique Malezia',NULL,'active','seeded',unixepoch(),unixepoch());
INSERT OR IGNORE INTO profiles (id,subject_id,subject_type,primary_place_id,tenant_id,workspace_id,display_name,created_at,updated_at) VALUES ('prof_s09_pharmacy_1a57ed1e8d3945c9','org_s09_pharmacy_1a57ed1e8d3945c9','organization','place_nigeria_001','tenant_platform_seed','workspace_platform_seed_discovery','Dépot Pharmaceutique Malezia',unixepoch(),unixepoch());
INSERT OR IGNORE INTO search_entries (id,profile_id,display_name,keywords,ancestry_path,vertical,created_at,updated_at) VALUES ('se_s09_pharmacy_1a57ed1e8d3945c9','prof_s09_pharmacy_1a57ed1e8d3945c9','Dépot Pharmaceutique Malezia','dépot pharmaceutique malezia pharmacy chemist drug store medicine nigeria','place_nigeria_001','pharmacy',unixepoch(),unixepoch());
INSERT OR IGNORE INTO seed_ingestion_records (id,seed_run_id,entity_type,entity_id,source_id,status) VALUES ('ir_s09_pharmacy_1a57ed1e8d3945c9','seed_run_s09_osm_pharmacies_20260502','organization','org_s09_pharmacy_1a57ed1e8d3945c9','seed_source_osm_pharmacies_ng_20260502','ingested');
INSERT OR IGNORE INTO seed_entity_sources (id,seed_run_id,entity_type,entity_id,source_id,confidence_tier) VALUES ('es_s09_pharmacy_1a57ed1e8d3945c9','seed_run_s09_osm_pharmacies_20260502','organization','org_s09_pharmacy_1a57ed1e8d3945c9','seed_source_osm_pharmacies_ng_20260502','seeded');
INSERT OR IGNORE INTO seed_enrichment (id,seed_run_id,entity_type,entity_id,enrichment_type,enrichment_json) VALUES ('enr_s09_pharmacy_1a57ed1e8d3945c9','seed_run_s09_osm_pharmacies_20260502','organization','org_s09_pharmacy_1a57ed1e8d3945c9','licence_data','{"osm_id": "4317446750", "amenity": "pharmacy", "addr_state": null, "operator": null, "brand": null}');

INSERT OR IGNORE INTO organizations (id,tenant_id,organization_type,legal_name,display_name,registration_number,status,verification_state,created_at,updated_at) VALUES ('org_s09_pharmacy_7298c312cbeec59e','tenant_platform_seed','pharmacy','Pharmacie Damagaram','Pharmacie Damagaram',NULL,'active','seeded',unixepoch(),unixepoch());
INSERT OR IGNORE INTO profiles (id,subject_id,subject_type,primary_place_id,tenant_id,workspace_id,display_name,created_at,updated_at) VALUES ('prof_s09_pharmacy_7298c312cbeec59e','org_s09_pharmacy_7298c312cbeec59e','organization','place_nigeria_001','tenant_platform_seed','workspace_platform_seed_discovery','Pharmacie Damagaram',unixepoch(),unixepoch());
INSERT OR IGNORE INTO search_entries (id,profile_id,display_name,keywords,ancestry_path,vertical,created_at,updated_at) VALUES ('se_s09_pharmacy_7298c312cbeec59e','prof_s09_pharmacy_7298c312cbeec59e','Pharmacie Damagaram','pharmacie damagaram pharmacy chemist drug store medicine nigeria','place_nigeria_001','pharmacy',unixepoch(),unixepoch());
INSERT OR IGNORE INTO seed_ingestion_records (id,seed_run_id,entity_type,entity_id,source_id,status) VALUES ('ir_s09_pharmacy_7298c312cbeec59e','seed_run_s09_osm_pharmacies_20260502','organization','org_s09_pharmacy_7298c312cbeec59e','seed_source_osm_pharmacies_ng_20260502','ingested');
INSERT OR IGNORE INTO seed_entity_sources (id,seed_run_id,entity_type,entity_id,source_id,confidence_tier) VALUES ('es_s09_pharmacy_7298c312cbeec59e','seed_run_s09_osm_pharmacies_20260502','organization','org_s09_pharmacy_7298c312cbeec59e','seed_source_osm_pharmacies_ng_20260502','seeded');
INSERT OR IGNORE INTO seed_enrichment (id,seed_run_id,entity_type,entity_id,enrichment_type,enrichment_json) VALUES ('enr_s09_pharmacy_7298c312cbeec59e','seed_run_s09_osm_pharmacies_20260502','organization','org_s09_pharmacy_7298c312cbeec59e','licence_data','{"osm_id": "4422704514", "amenity": "pharmacy", "addr_state": null, "operator": null, "brand": null}');

INSERT OR IGNORE INTO organizations (id,tenant_id,organization_type,legal_name,display_name,registration_number,status,verification_state,created_at,updated_at) VALUES ('org_s09_pharmacy_a948e560f949f6c4','tenant_platform_seed','pharmacy','Depot Des Produits Pharmaceutique Chez Bally','Depot Des Produits Pharmaceutique Chez Bally',NULL,'active','seeded',unixepoch(),unixepoch());
INSERT OR IGNORE INTO profiles (id,subject_id,subject_type,primary_place_id,tenant_id,workspace_id,display_name,created_at,updated_at) VALUES ('prof_s09_pharmacy_a948e560f949f6c4','org_s09_pharmacy_a948e560f949f6c4','organization','place_nigeria_001','tenant_platform_seed','workspace_platform_seed_discovery','Depot Des Produits Pharmaceutique Chez Bally',unixepoch(),unixepoch());
INSERT OR IGNORE INTO search_entries (id,profile_id,display_name,keywords,ancestry_path,vertical,created_at,updated_at) VALUES ('se_s09_pharmacy_a948e560f949f6c4','prof_s09_pharmacy_a948e560f949f6c4','Depot Des Produits Pharmaceutique Chez Bally','depot des produits pharmaceutique chez bally pharmacy chemist drug store medicine nigeria','place_nigeria_001','pharmacy',unixepoch(),unixepoch());
INSERT OR IGNORE INTO seed_ingestion_records (id,seed_run_id,entity_type,entity_id,source_id,status) VALUES ('ir_s09_pharmacy_a948e560f949f6c4','seed_run_s09_osm_pharmacies_20260502','organization','org_s09_pharmacy_a948e560f949f6c4','seed_source_osm_pharmacies_ng_20260502','ingested');
INSERT OR IGNORE INTO seed_entity_sources (id,seed_run_id,entity_type,entity_id,source_id,confidence_tier) VALUES ('es_s09_pharmacy_a948e560f949f6c4','seed_run_s09_osm_pharmacies_20260502','organization','org_s09_pharmacy_a948e560f949f6c4','seed_source_osm_pharmacies_ng_20260502','seeded');
INSERT OR IGNORE INTO seed_enrichment (id,seed_run_id,entity_type,entity_id,enrichment_type,enrichment_json) VALUES ('enr_s09_pharmacy_a948e560f949f6c4','seed_run_s09_osm_pharmacies_20260502','organization','org_s09_pharmacy_a948e560f949f6c4','licence_data','{"osm_id": "4422704518", "amenity": "pharmacy", "addr_state": null, "operator": null, "brand": null}');

INSERT OR IGNORE INTO organizations (id,tenant_id,organization_type,legal_name,display_name,registration_number,status,verification_state,created_at,updated_at) VALUES ('org_s09_pharmacy_d9ad0b31271abb04','tenant_platform_seed','pharmacy','Depot Pharmaceutique Temaco','Depot Pharmaceutique Temaco',NULL,'active','seeded',unixepoch(),unixepoch());
INSERT OR IGNORE INTO profiles (id,subject_id,subject_type,primary_place_id,tenant_id,workspace_id,display_name,created_at,updated_at) VALUES ('prof_s09_pharmacy_d9ad0b31271abb04','org_s09_pharmacy_d9ad0b31271abb04','organization','place_nigeria_001','tenant_platform_seed','workspace_platform_seed_discovery','Depot Pharmaceutique Temaco',unixepoch(),unixepoch());
INSERT OR IGNORE INTO search_entries (id,profile_id,display_name,keywords,ancestry_path,vertical,created_at,updated_at) VALUES ('se_s09_pharmacy_d9ad0b31271abb04','prof_s09_pharmacy_d9ad0b31271abb04','Depot Pharmaceutique Temaco','depot pharmaceutique temaco pharmacy chemist drug store medicine nigeria','place_nigeria_001','pharmacy',unixepoch(),unixepoch());
INSERT OR IGNORE INTO seed_ingestion_records (id,seed_run_id,entity_type,entity_id,source_id,status) VALUES ('ir_s09_pharmacy_d9ad0b31271abb04','seed_run_s09_osm_pharmacies_20260502','organization','org_s09_pharmacy_d9ad0b31271abb04','seed_source_osm_pharmacies_ng_20260502','ingested');
INSERT OR IGNORE INTO seed_entity_sources (id,seed_run_id,entity_type,entity_id,source_id,confidence_tier) VALUES ('es_s09_pharmacy_d9ad0b31271abb04','seed_run_s09_osm_pharmacies_20260502','organization','org_s09_pharmacy_d9ad0b31271abb04','seed_source_osm_pharmacies_ng_20260502','seeded');
INSERT OR IGNORE INTO seed_enrichment (id,seed_run_id,entity_type,entity_id,enrichment_type,enrichment_json) VALUES ('enr_s09_pharmacy_d9ad0b31271abb04','seed_run_s09_osm_pharmacies_20260502','organization','org_s09_pharmacy_d9ad0b31271abb04','licence_data','{"osm_id": "4422704519", "amenity": "pharmacy", "addr_state": null, "operator": null, "brand": null}');

INSERT OR IGNORE INTO organizations (id,tenant_id,organization_type,legal_name,display_name,registration_number,status,verification_state,created_at,updated_at) VALUES ('org_s09_pharmacy_d904c668ab063d14','tenant_platform_seed','pharmacy','CSI Diffa Urbain','CSI Diffa Urbain',NULL,'active','seeded',unixepoch(),unixepoch());
INSERT OR IGNORE INTO profiles (id,subject_id,subject_type,primary_place_id,tenant_id,workspace_id,display_name,created_at,updated_at) VALUES ('prof_s09_pharmacy_d904c668ab063d14','org_s09_pharmacy_d904c668ab063d14','organization','place_nigeria_001','tenant_platform_seed','workspace_platform_seed_discovery','CSI Diffa Urbain',unixepoch(),unixepoch());
INSERT OR IGNORE INTO search_entries (id,profile_id,display_name,keywords,ancestry_path,vertical,created_at,updated_at) VALUES ('se_s09_pharmacy_d904c668ab063d14','prof_s09_pharmacy_d904c668ab063d14','CSI Diffa Urbain','csi diffa urbain pharmacy chemist drug store medicine nigeria','place_nigeria_001','pharmacy',unixepoch(),unixepoch());
INSERT OR IGNORE INTO seed_ingestion_records (id,seed_run_id,entity_type,entity_id,source_id,status) VALUES ('ir_s09_pharmacy_d904c668ab063d14','seed_run_s09_osm_pharmacies_20260502','organization','org_s09_pharmacy_d904c668ab063d14','seed_source_osm_pharmacies_ng_20260502','ingested');
INSERT OR IGNORE INTO seed_entity_sources (id,seed_run_id,entity_type,entity_id,source_id,confidence_tier) VALUES ('es_s09_pharmacy_d904c668ab063d14','seed_run_s09_osm_pharmacies_20260502','organization','org_s09_pharmacy_d904c668ab063d14','seed_source_osm_pharmacies_ng_20260502','seeded');
INSERT OR IGNORE INTO seed_enrichment (id,seed_run_id,entity_type,entity_id,enrichment_type,enrichment_json) VALUES ('enr_s09_pharmacy_d904c668ab063d14','seed_run_s09_osm_pharmacies_20260502','organization','org_s09_pharmacy_d904c668ab063d14','licence_data','{"osm_id": "4510327289", "amenity": "pharmacy", "addr_state": null, "operator": null, "brand": null}');

INSERT OR IGNORE INTO organizations (id,tenant_id,organization_type,legal_name,display_name,registration_number,status,verification_state,created_at,updated_at) VALUES ('org_s09_pharmacy_2c4633b9f5f3c301','tenant_platform_seed','pharmacy','Pharmacie populaire de Diffa','Pharmacie populaire de Diffa',NULL,'active','seeded',unixepoch(),unixepoch());
INSERT OR IGNORE INTO profiles (id,subject_id,subject_type,primary_place_id,tenant_id,workspace_id,display_name,created_at,updated_at) VALUES ('prof_s09_pharmacy_2c4633b9f5f3c301','org_s09_pharmacy_2c4633b9f5f3c301','organization','place_nigeria_001','tenant_platform_seed','workspace_platform_seed_discovery','Pharmacie populaire de Diffa',unixepoch(),unixepoch());
INSERT OR IGNORE INTO search_entries (id,profile_id,display_name,keywords,ancestry_path,vertical,created_at,updated_at) VALUES ('se_s09_pharmacy_2c4633b9f5f3c301','prof_s09_pharmacy_2c4633b9f5f3c301','Pharmacie populaire de Diffa','pharmacie populaire de diffa pharmacy chemist drug store medicine nigeria','place_nigeria_001','pharmacy',unixepoch(),unixepoch());
INSERT OR IGNORE INTO seed_ingestion_records (id,seed_run_id,entity_type,entity_id,source_id,status) VALUES ('ir_s09_pharmacy_2c4633b9f5f3c301','seed_run_s09_osm_pharmacies_20260502','organization','org_s09_pharmacy_2c4633b9f5f3c301','seed_source_osm_pharmacies_ng_20260502','ingested');
INSERT OR IGNORE INTO seed_entity_sources (id,seed_run_id,entity_type,entity_id,source_id,confidence_tier) VALUES ('es_s09_pharmacy_2c4633b9f5f3c301','seed_run_s09_osm_pharmacies_20260502','organization','org_s09_pharmacy_2c4633b9f5f3c301','seed_source_osm_pharmacies_ng_20260502','seeded');
INSERT OR IGNORE INTO seed_enrichment (id,seed_run_id,entity_type,entity_id,enrichment_type,enrichment_json) VALUES ('enr_s09_pharmacy_2c4633b9f5f3c301','seed_run_s09_osm_pharmacies_20260502','organization','org_s09_pharmacy_2c4633b9f5f3c301','licence_data','{"osm_id": "4513765392", "amenity": "pharmacy", "addr_state": null, "operator": null, "brand": null}');

INSERT OR IGNORE INTO organizations (id,tenant_id,organization_type,legal_name,display_name,registration_number,status,verification_state,created_at,updated_at) VALUES ('org_s09_pharmacy_c5d7ffbba58c67ae','tenant_platform_seed','pharmacy','Dr Ibrahim house','Dr Ibrahim house',NULL,'active','seeded',unixepoch(),unixepoch());
INSERT OR IGNORE INTO profiles (id,subject_id,subject_type,primary_place_id,tenant_id,workspace_id,display_name,created_at,updated_at) VALUES ('prof_s09_pharmacy_c5d7ffbba58c67ae','org_s09_pharmacy_c5d7ffbba58c67ae','organization','place_nigeria_001','tenant_platform_seed','workspace_platform_seed_discovery','Dr Ibrahim house',unixepoch(),unixepoch());
INSERT OR IGNORE INTO search_entries (id,profile_id,display_name,keywords,ancestry_path,vertical,created_at,updated_at) VALUES ('se_s09_pharmacy_c5d7ffbba58c67ae','prof_s09_pharmacy_c5d7ffbba58c67ae','Dr Ibrahim house','dr ibrahim house pharmacy chemist drug store medicine nigeria','place_nigeria_001','pharmacy',unixepoch(),unixepoch());
INSERT OR IGNORE INTO seed_ingestion_records (id,seed_run_id,entity_type,entity_id,source_id,status) VALUES ('ir_s09_pharmacy_c5d7ffbba58c67ae','seed_run_s09_osm_pharmacies_20260502','organization','org_s09_pharmacy_c5d7ffbba58c67ae','seed_source_osm_pharmacies_ng_20260502','ingested');
INSERT OR IGNORE INTO seed_entity_sources (id,seed_run_id,entity_type,entity_id,source_id,confidence_tier) VALUES ('es_s09_pharmacy_c5d7ffbba58c67ae','seed_run_s09_osm_pharmacies_20260502','organization','org_s09_pharmacy_c5d7ffbba58c67ae','seed_source_osm_pharmacies_ng_20260502','seeded');
INSERT OR IGNORE INTO seed_enrichment (id,seed_run_id,entity_type,entity_id,enrichment_type,enrichment_json) VALUES ('enr_s09_pharmacy_c5d7ffbba58c67ae','seed_run_s09_osm_pharmacies_20260502','organization','org_s09_pharmacy_c5d7ffbba58c67ae','licence_data','{"osm_id": "4956776222", "amenity": "pharmacy", "addr_state": null, "operator": null, "brand": null}');

INSERT OR IGNORE INTO organizations (id,tenant_id,organization_type,legal_name,display_name,registration_number,status,verification_state,created_at,updated_at) VALUES ('org_s09_pharmacy_32e6fd8071d416a5','tenant_platform_seed','pharmacy','Pharmacie Madina','Pharmacie Madina',NULL,'active','seeded',unixepoch(),unixepoch());
INSERT OR IGNORE INTO profiles (id,subject_id,subject_type,primary_place_id,tenant_id,workspace_id,display_name,created_at,updated_at) VALUES ('prof_s09_pharmacy_32e6fd8071d416a5','org_s09_pharmacy_32e6fd8071d416a5','organization','place_nigeria_001','tenant_platform_seed','workspace_platform_seed_discovery','Pharmacie Madina',unixepoch(),unixepoch());
INSERT OR IGNORE INTO search_entries (id,profile_id,display_name,keywords,ancestry_path,vertical,created_at,updated_at) VALUES ('se_s09_pharmacy_32e6fd8071d416a5','prof_s09_pharmacy_32e6fd8071d416a5','Pharmacie Madina','pharmacie madina pharmacy chemist drug store medicine nigeria','place_nigeria_001','pharmacy',unixepoch(),unixepoch());
INSERT OR IGNORE INTO seed_ingestion_records (id,seed_run_id,entity_type,entity_id,source_id,status) VALUES ('ir_s09_pharmacy_32e6fd8071d416a5','seed_run_s09_osm_pharmacies_20260502','organization','org_s09_pharmacy_32e6fd8071d416a5','seed_source_osm_pharmacies_ng_20260502','ingested');
INSERT OR IGNORE INTO seed_entity_sources (id,seed_run_id,entity_type,entity_id,source_id,confidence_tier) VALUES ('es_s09_pharmacy_32e6fd8071d416a5','seed_run_s09_osm_pharmacies_20260502','organization','org_s09_pharmacy_32e6fd8071d416a5','seed_source_osm_pharmacies_ng_20260502','seeded');
INSERT OR IGNORE INTO seed_enrichment (id,seed_run_id,entity_type,entity_id,enrichment_type,enrichment_json) VALUES ('enr_s09_pharmacy_32e6fd8071d416a5','seed_run_s09_osm_pharmacies_20260502','organization','org_s09_pharmacy_32e6fd8071d416a5','licence_data','{"osm_id": "4992919222", "amenity": "pharmacy", "addr_state": null, "operator": null, "brand": null}');

INSERT OR IGNORE INTO organizations (id,tenant_id,organization_type,legal_name,display_name,registration_number,status,verification_state,created_at,updated_at) VALUES ('org_s09_pharmacy_28aefc1e78688311','tenant_platform_seed','pharmacy','Pharmacie Populaire','Pharmacie Populaire',NULL,'active','seeded',unixepoch(),unixepoch());
INSERT OR IGNORE INTO profiles (id,subject_id,subject_type,primary_place_id,tenant_id,workspace_id,display_name,created_at,updated_at) VALUES ('prof_s09_pharmacy_28aefc1e78688311','org_s09_pharmacy_28aefc1e78688311','organization','place_nigeria_001','tenant_platform_seed','workspace_platform_seed_discovery','Pharmacie Populaire',unixepoch(),unixepoch());
INSERT OR IGNORE INTO search_entries (id,profile_id,display_name,keywords,ancestry_path,vertical,created_at,updated_at) VALUES ('se_s09_pharmacy_28aefc1e78688311','prof_s09_pharmacy_28aefc1e78688311','Pharmacie Populaire','pharmacie populaire pharmacy chemist drug store medicine nigeria','place_nigeria_001','pharmacy',unixepoch(),unixepoch());
INSERT OR IGNORE INTO seed_ingestion_records (id,seed_run_id,entity_type,entity_id,source_id,status) VALUES ('ir_s09_pharmacy_28aefc1e78688311','seed_run_s09_osm_pharmacies_20260502','organization','org_s09_pharmacy_28aefc1e78688311','seed_source_osm_pharmacies_ng_20260502','ingested');
INSERT OR IGNORE INTO seed_entity_sources (id,seed_run_id,entity_type,entity_id,source_id,confidence_tier) VALUES ('es_s09_pharmacy_28aefc1e78688311','seed_run_s09_osm_pharmacies_20260502','organization','org_s09_pharmacy_28aefc1e78688311','seed_source_osm_pharmacies_ng_20260502','seeded');
INSERT OR IGNORE INTO seed_enrichment (id,seed_run_id,entity_type,entity_id,enrichment_type,enrichment_json) VALUES ('enr_s09_pharmacy_28aefc1e78688311','seed_run_s09_osm_pharmacies_20260502','organization','org_s09_pharmacy_28aefc1e78688311','licence_data','{"osm_id": "4992928821", "amenity": "pharmacy", "addr_state": null, "operator": null, "brand": null}');

INSERT OR IGNORE INTO organizations (id,tenant_id,organization_type,legal_name,display_name,registration_number,status,verification_state,created_at,updated_at) VALUES ('org_s09_pharmacy_1773019d5e9210ef','tenant_platform_seed','pharmacy','Rauda Street','Rauda Street',NULL,'active','seeded',unixepoch(),unixepoch());
INSERT OR IGNORE INTO profiles (id,subject_id,subject_type,primary_place_id,tenant_id,workspace_id,display_name,created_at,updated_at) VALUES ('prof_s09_pharmacy_1773019d5e9210ef','org_s09_pharmacy_1773019d5e9210ef','organization','place_nigeria_001','tenant_platform_seed','workspace_platform_seed_discovery','Rauda Street',unixepoch(),unixepoch());
INSERT OR IGNORE INTO search_entries (id,profile_id,display_name,keywords,ancestry_path,vertical,created_at,updated_at) VALUES ('se_s09_pharmacy_1773019d5e9210ef','prof_s09_pharmacy_1773019d5e9210ef','Rauda Street','rauda street pharmacy chemist drug store medicine nigeria','place_nigeria_001','pharmacy',unixepoch(),unixepoch());
INSERT OR IGNORE INTO seed_ingestion_records (id,seed_run_id,entity_type,entity_id,source_id,status) VALUES ('ir_s09_pharmacy_1773019d5e9210ef','seed_run_s09_osm_pharmacies_20260502','organization','org_s09_pharmacy_1773019d5e9210ef','seed_source_osm_pharmacies_ng_20260502','ingested');
INSERT OR IGNORE INTO seed_entity_sources (id,seed_run_id,entity_type,entity_id,source_id,confidence_tier) VALUES ('es_s09_pharmacy_1773019d5e9210ef','seed_run_s09_osm_pharmacies_20260502','organization','org_s09_pharmacy_1773019d5e9210ef','seed_source_osm_pharmacies_ng_20260502','seeded');
INSERT OR IGNORE INTO seed_enrichment (id,seed_run_id,entity_type,entity_id,enrichment_type,enrichment_json) VALUES ('enr_s09_pharmacy_1773019d5e9210ef','seed_run_s09_osm_pharmacies_20260502','organization','org_s09_pharmacy_1773019d5e9210ef','licence_data','{"osm_id": "6452149486", "amenity": "pharmacy", "addr_state": null, "operator": null, "brand": null}');

INSERT OR IGNORE INTO organizations (id,tenant_id,organization_type,legal_name,display_name,registration_number,status,verification_state,created_at,updated_at) VALUES ('org_s09_pharmacy_c307ff8bec657e59','tenant_platform_seed','pharmacy','Pharmacie Jade','Pharmacie Jade',NULL,'active','seeded',unixepoch(),unixepoch());
INSERT OR IGNORE INTO profiles (id,subject_id,subject_type,primary_place_id,tenant_id,workspace_id,display_name,created_at,updated_at) VALUES ('prof_s09_pharmacy_c307ff8bec657e59','org_s09_pharmacy_c307ff8bec657e59','organization','place_nigeria_001','tenant_platform_seed','workspace_platform_seed_discovery','Pharmacie Jade',unixepoch(),unixepoch());
INSERT OR IGNORE INTO search_entries (id,profile_id,display_name,keywords,ancestry_path,vertical,created_at,updated_at) VALUES ('se_s09_pharmacy_c307ff8bec657e59','prof_s09_pharmacy_c307ff8bec657e59','Pharmacie Jade','pharmacie jade pharmacy chemist drug store medicine nigeria','place_nigeria_001','pharmacy',unixepoch(),unixepoch());
INSERT OR IGNORE INTO seed_ingestion_records (id,seed_run_id,entity_type,entity_id,source_id,status) VALUES ('ir_s09_pharmacy_c307ff8bec657e59','seed_run_s09_osm_pharmacies_20260502','organization','org_s09_pharmacy_c307ff8bec657e59','seed_source_osm_pharmacies_ng_20260502','ingested');
INSERT OR IGNORE INTO seed_entity_sources (id,seed_run_id,entity_type,entity_id,source_id,confidence_tier) VALUES ('es_s09_pharmacy_c307ff8bec657e59','seed_run_s09_osm_pharmacies_20260502','organization','org_s09_pharmacy_c307ff8bec657e59','seed_source_osm_pharmacies_ng_20260502','seeded');
INSERT OR IGNORE INTO seed_enrichment (id,seed_run_id,entity_type,entity_id,enrichment_type,enrichment_json) VALUES ('enr_s09_pharmacy_c307ff8bec657e59','seed_run_s09_osm_pharmacies_20260502','organization','org_s09_pharmacy_c307ff8bec657e59','licence_data','{"osm_id": "6731571945", "amenity": "pharmacy", "addr_state": null, "operator": null, "brand": null}');

INSERT OR IGNORE INTO organizations (id,tenant_id,organization_type,legal_name,display_name,registration_number,status,verification_state,created_at,updated_at) VALUES ('org_s09_pharmacy_bb2af47d0929e3b8','tenant_platform_seed','pharmacy','Pharmacie Mere D''enfants Ni','Pharmacie Mere D''enfants Ni',NULL,'active','seeded',unixepoch(),unixepoch());
INSERT OR IGNORE INTO profiles (id,subject_id,subject_type,primary_place_id,tenant_id,workspace_id,display_name,created_at,updated_at) VALUES ('prof_s09_pharmacy_bb2af47d0929e3b8','org_s09_pharmacy_bb2af47d0929e3b8','organization','place_nigeria_001','tenant_platform_seed','workspace_platform_seed_discovery','Pharmacie Mere D''enfants Ni',unixepoch(),unixepoch());
INSERT OR IGNORE INTO search_entries (id,profile_id,display_name,keywords,ancestry_path,vertical,created_at,updated_at) VALUES ('se_s09_pharmacy_bb2af47d0929e3b8','prof_s09_pharmacy_bb2af47d0929e3b8','Pharmacie Mere D''enfants Ni','pharmacie mere d''enfants ni pharmacy chemist drug store medicine nigeria','place_nigeria_001','pharmacy',unixepoch(),unixepoch());
INSERT OR IGNORE INTO seed_ingestion_records (id,seed_run_id,entity_type,entity_id,source_id,status) VALUES ('ir_s09_pharmacy_bb2af47d0929e3b8','seed_run_s09_osm_pharmacies_20260502','organization','org_s09_pharmacy_bb2af47d0929e3b8','seed_source_osm_pharmacies_ng_20260502','ingested');
INSERT OR IGNORE INTO seed_entity_sources (id,seed_run_id,entity_type,entity_id,source_id,confidence_tier) VALUES ('es_s09_pharmacy_bb2af47d0929e3b8','seed_run_s09_osm_pharmacies_20260502','organization','org_s09_pharmacy_bb2af47d0929e3b8','seed_source_osm_pharmacies_ng_20260502','seeded');
INSERT OR IGNORE INTO seed_enrichment (id,seed_run_id,entity_type,entity_id,enrichment_type,enrichment_json) VALUES ('enr_s09_pharmacy_bb2af47d0929e3b8','seed_run_s09_osm_pharmacies_20260502','organization','org_s09_pharmacy_bb2af47d0929e3b8','licence_data','{"osm_id": "6731571947", "amenity": "pharmacy", "addr_state": null, "operator": null, "brand": null}');

INSERT OR IGNORE INTO organizations (id,tenant_id,organization_type,legal_name,display_name,registration_number,status,verification_state,created_at,updated_at) VALUES ('org_s09_pharmacy_2436600c784fa71a','tenant_platform_seed','pharmacy','Pharmacie Veterinaire Cema Vs Sarl','Pharmacie Veterinaire Cema Vs Sarl',NULL,'active','seeded',unixepoch(),unixepoch());
INSERT OR IGNORE INTO profiles (id,subject_id,subject_type,primary_place_id,tenant_id,workspace_id,display_name,created_at,updated_at) VALUES ('prof_s09_pharmacy_2436600c784fa71a','org_s09_pharmacy_2436600c784fa71a','organization','place_nigeria_001','tenant_platform_seed','workspace_platform_seed_discovery','Pharmacie Veterinaire Cema Vs Sarl',unixepoch(),unixepoch());
INSERT OR IGNORE INTO search_entries (id,profile_id,display_name,keywords,ancestry_path,vertical,created_at,updated_at) VALUES ('se_s09_pharmacy_2436600c784fa71a','prof_s09_pharmacy_2436600c784fa71a','Pharmacie Veterinaire Cema Vs Sarl','pharmacie veterinaire cema vs sarl pharmacy chemist drug store medicine nigeria','place_nigeria_001','pharmacy',unixepoch(),unixepoch());
INSERT OR IGNORE INTO seed_ingestion_records (id,seed_run_id,entity_type,entity_id,source_id,status) VALUES ('ir_s09_pharmacy_2436600c784fa71a','seed_run_s09_osm_pharmacies_20260502','organization','org_s09_pharmacy_2436600c784fa71a','seed_source_osm_pharmacies_ng_20260502','ingested');
INSERT OR IGNORE INTO seed_entity_sources (id,seed_run_id,entity_type,entity_id,source_id,confidence_tier) VALUES ('es_s09_pharmacy_2436600c784fa71a','seed_run_s09_osm_pharmacies_20260502','organization','org_s09_pharmacy_2436600c784fa71a','seed_source_osm_pharmacies_ng_20260502','seeded');
INSERT OR IGNORE INTO seed_enrichment (id,seed_run_id,entity_type,entity_id,enrichment_type,enrichment_json) VALUES ('enr_s09_pharmacy_2436600c784fa71a','seed_run_s09_osm_pharmacies_20260502','organization','org_s09_pharmacy_2436600c784fa71a','licence_data','{"osm_id": "6731571948", "amenity": "pharmacy", "addr_state": null, "operator": null, "brand": null}');

INSERT OR IGNORE INTO organizations (id,tenant_id,organization_type,legal_name,display_name,registration_number,status,verification_state,created_at,updated_at) VALUES ('org_s09_pharmacy_4e1093c11970108b','tenant_platform_seed','pharmacy','Sodiprovet Sarl Pharmacie Veterinaire','Sodiprovet Sarl Pharmacie Veterinaire',NULL,'active','seeded',unixepoch(),unixepoch());
INSERT OR IGNORE INTO profiles (id,subject_id,subject_type,primary_place_id,tenant_id,workspace_id,display_name,created_at,updated_at) VALUES ('prof_s09_pharmacy_4e1093c11970108b','org_s09_pharmacy_4e1093c11970108b','organization','place_nigeria_001','tenant_platform_seed','workspace_platform_seed_discovery','Sodiprovet Sarl Pharmacie Veterinaire',unixepoch(),unixepoch());
INSERT OR IGNORE INTO search_entries (id,profile_id,display_name,keywords,ancestry_path,vertical,created_at,updated_at) VALUES ('se_s09_pharmacy_4e1093c11970108b','prof_s09_pharmacy_4e1093c11970108b','Sodiprovet Sarl Pharmacie Veterinaire','sodiprovet sarl pharmacie veterinaire pharmacy chemist drug store medicine nigeria','place_nigeria_001','pharmacy',unixepoch(),unixepoch());
INSERT OR IGNORE INTO seed_ingestion_records (id,seed_run_id,entity_type,entity_id,source_id,status) VALUES ('ir_s09_pharmacy_4e1093c11970108b','seed_run_s09_osm_pharmacies_20260502','organization','org_s09_pharmacy_4e1093c11970108b','seed_source_osm_pharmacies_ng_20260502','ingested');
INSERT OR IGNORE INTO seed_entity_sources (id,seed_run_id,entity_type,entity_id,source_id,confidence_tier) VALUES ('es_s09_pharmacy_4e1093c11970108b','seed_run_s09_osm_pharmacies_20260502','organization','org_s09_pharmacy_4e1093c11970108b','seed_source_osm_pharmacies_ng_20260502','seeded');
INSERT OR IGNORE INTO seed_enrichment (id,seed_run_id,entity_type,entity_id,enrichment_type,enrichment_json) VALUES ('enr_s09_pharmacy_4e1093c11970108b','seed_run_s09_osm_pharmacies_20260502','organization','org_s09_pharmacy_4e1093c11970108b','licence_data','{"osm_id": "6731571949", "amenity": "pharmacy", "addr_state": null, "operator": null, "brand": null}');

INSERT OR IGNORE INTO organizations (id,tenant_id,organization_type,legal_name,display_name,registration_number,status,verification_state,created_at,updated_at) VALUES ('org_s09_pharmacy_538fa34d56061ca0','tenant_platform_seed','pharmacy','Pharmacie Du Lamidat Dr Souleymanou Saly','Pharmacie Du Lamidat Dr Souleymanou Saly',NULL,'active','seeded',unixepoch(),unixepoch());
INSERT OR IGNORE INTO profiles (id,subject_id,subject_type,primary_place_id,tenant_id,workspace_id,display_name,created_at,updated_at) VALUES ('prof_s09_pharmacy_538fa34d56061ca0','org_s09_pharmacy_538fa34d56061ca0','organization','place_nigeria_001','tenant_platform_seed','workspace_platform_seed_discovery','Pharmacie Du Lamidat Dr Souleymanou Saly',unixepoch(),unixepoch());
INSERT OR IGNORE INTO search_entries (id,profile_id,display_name,keywords,ancestry_path,vertical,created_at,updated_at) VALUES ('se_s09_pharmacy_538fa34d56061ca0','prof_s09_pharmacy_538fa34d56061ca0','Pharmacie Du Lamidat Dr Souleymanou Saly','pharmacie du lamidat dr souleymanou saly pharmacy chemist drug store medicine nigeria','place_nigeria_001','pharmacy',unixepoch(),unixepoch());
INSERT OR IGNORE INTO seed_ingestion_records (id,seed_run_id,entity_type,entity_id,source_id,status) VALUES ('ir_s09_pharmacy_538fa34d56061ca0','seed_run_s09_osm_pharmacies_20260502','organization','org_s09_pharmacy_538fa34d56061ca0','seed_source_osm_pharmacies_ng_20260502','ingested');
INSERT OR IGNORE INTO seed_entity_sources (id,seed_run_id,entity_type,entity_id,source_id,confidence_tier) VALUES ('es_s09_pharmacy_538fa34d56061ca0','seed_run_s09_osm_pharmacies_20260502','organization','org_s09_pharmacy_538fa34d56061ca0','seed_source_osm_pharmacies_ng_20260502','seeded');
INSERT OR IGNORE INTO seed_enrichment (id,seed_run_id,entity_type,entity_id,enrichment_type,enrichment_json) VALUES ('enr_s09_pharmacy_538fa34d56061ca0','seed_run_s09_osm_pharmacies_20260502','organization','org_s09_pharmacy_538fa34d56061ca0','licence_data','{"osm_id": "6731571950", "amenity": "pharmacy", "addr_state": null, "operator": null, "brand": null}');

INSERT OR IGNORE INTO organizations (id,tenant_id,organization_type,legal_name,display_name,registration_number,status,verification_state,created_at,updated_at) VALUES ('org_s09_pharmacy_2b9eaeae9f420a47','tenant_platform_seed','pharmacy','Md Vet Distribution Des Medicament Veterinaire','Md Vet Distribution Des Medicament Veterinaire',NULL,'active','seeded',unixepoch(),unixepoch());
INSERT OR IGNORE INTO profiles (id,subject_id,subject_type,primary_place_id,tenant_id,workspace_id,display_name,created_at,updated_at) VALUES ('prof_s09_pharmacy_2b9eaeae9f420a47','org_s09_pharmacy_2b9eaeae9f420a47','organization','place_nigeria_001','tenant_platform_seed','workspace_platform_seed_discovery','Md Vet Distribution Des Medicament Veterinaire',unixepoch(),unixepoch());
INSERT OR IGNORE INTO search_entries (id,profile_id,display_name,keywords,ancestry_path,vertical,created_at,updated_at) VALUES ('se_s09_pharmacy_2b9eaeae9f420a47','prof_s09_pharmacy_2b9eaeae9f420a47','Md Vet Distribution Des Medicament Veterinaire','md vet distribution des medicament veterinaire pharmacy chemist drug store medicine nigeria','place_nigeria_001','pharmacy',unixepoch(),unixepoch());
INSERT OR IGNORE INTO seed_ingestion_records (id,seed_run_id,entity_type,entity_id,source_id,status) VALUES ('ir_s09_pharmacy_2b9eaeae9f420a47','seed_run_s09_osm_pharmacies_20260502','organization','org_s09_pharmacy_2b9eaeae9f420a47','seed_source_osm_pharmacies_ng_20260502','ingested');
INSERT OR IGNORE INTO seed_entity_sources (id,seed_run_id,entity_type,entity_id,source_id,confidence_tier) VALUES ('es_s09_pharmacy_2b9eaeae9f420a47','seed_run_s09_osm_pharmacies_20260502','organization','org_s09_pharmacy_2b9eaeae9f420a47','seed_source_osm_pharmacies_ng_20260502','seeded');
INSERT OR IGNORE INTO seed_enrichment (id,seed_run_id,entity_type,entity_id,enrichment_type,enrichment_json) VALUES ('enr_s09_pharmacy_2b9eaeae9f420a47','seed_run_s09_osm_pharmacies_20260502','organization','org_s09_pharmacy_2b9eaeae9f420a47','licence_data','{"osm_id": "6731571955", "amenity": "pharmacy", "addr_state": null, "operator": null, "brand": null}');

INSERT OR IGNORE INTO organizations (id,tenant_id,organization_type,legal_name,display_name,registration_number,status,verification_state,created_at,updated_at) VALUES ('org_s09_pharmacy_fe043e774da97eb8','tenant_platform_seed','pharmacy','Pharmacie De La Persévérance','Pharmacie De La Persévérance',NULL,'active','seeded',unixepoch(),unixepoch());
INSERT OR IGNORE INTO profiles (id,subject_id,subject_type,primary_place_id,tenant_id,workspace_id,display_name,created_at,updated_at) VALUES ('prof_s09_pharmacy_fe043e774da97eb8','org_s09_pharmacy_fe043e774da97eb8','organization','place_nigeria_001','tenant_platform_seed','workspace_platform_seed_discovery','Pharmacie De La Persévérance',unixepoch(),unixepoch());
INSERT OR IGNORE INTO search_entries (id,profile_id,display_name,keywords,ancestry_path,vertical,created_at,updated_at) VALUES ('se_s09_pharmacy_fe043e774da97eb8','prof_s09_pharmacy_fe043e774da97eb8','Pharmacie De La Persévérance','pharmacie de la persévérance pharmacy chemist drug store medicine nigeria','place_nigeria_001','pharmacy',unixepoch(),unixepoch());
INSERT OR IGNORE INTO seed_ingestion_records (id,seed_run_id,entity_type,entity_id,source_id,status) VALUES ('ir_s09_pharmacy_fe043e774da97eb8','seed_run_s09_osm_pharmacies_20260502','organization','org_s09_pharmacy_fe043e774da97eb8','seed_source_osm_pharmacies_ng_20260502','ingested');
INSERT OR IGNORE INTO seed_entity_sources (id,seed_run_id,entity_type,entity_id,source_id,confidence_tier) VALUES ('es_s09_pharmacy_fe043e774da97eb8','seed_run_s09_osm_pharmacies_20260502','organization','org_s09_pharmacy_fe043e774da97eb8','seed_source_osm_pharmacies_ng_20260502','seeded');
INSERT OR IGNORE INTO seed_enrichment (id,seed_run_id,entity_type,entity_id,enrichment_type,enrichment_json) VALUES ('enr_s09_pharmacy_fe043e774da97eb8','seed_run_s09_osm_pharmacies_20260502','organization','org_s09_pharmacy_fe043e774da97eb8','licence_data','{"osm_id": "6731571956", "amenity": "pharmacy", "addr_state": null, "operator": null, "brand": null}');

INSERT OR IGNORE INTO organizations (id,tenant_id,organization_type,legal_name,display_name,registration_number,status,verification_state,created_at,updated_at) VALUES ('org_s09_pharmacy_21d03db4a198c443','tenant_platform_seed','pharmacy','Fondation Médicale Adluchem Pharmacie Centrale Entenne De Garoua','Fondation Médicale Adluchem Pharmacie Centrale Entenne De Garoua',NULL,'active','seeded',unixepoch(),unixepoch());
INSERT OR IGNORE INTO profiles (id,subject_id,subject_type,primary_place_id,tenant_id,workspace_id,display_name,created_at,updated_at) VALUES ('prof_s09_pharmacy_21d03db4a198c443','org_s09_pharmacy_21d03db4a198c443','organization','place_nigeria_001','tenant_platform_seed','workspace_platform_seed_discovery','Fondation Médicale Adluchem Pharmacie Centrale Entenne De Garoua',unixepoch(),unixepoch());
INSERT OR IGNORE INTO search_entries (id,profile_id,display_name,keywords,ancestry_path,vertical,created_at,updated_at) VALUES ('se_s09_pharmacy_21d03db4a198c443','prof_s09_pharmacy_21d03db4a198c443','Fondation Médicale Adluchem Pharmacie Centrale Entenne De Garoua','fondation médicale adluchem pharmacie centrale entenne de garoua pharmacy chemist drug store medicine nigeria','place_nigeria_001','pharmacy',unixepoch(),unixepoch());
INSERT OR IGNORE INTO seed_ingestion_records (id,seed_run_id,entity_type,entity_id,source_id,status) VALUES ('ir_s09_pharmacy_21d03db4a198c443','seed_run_s09_osm_pharmacies_20260502','organization','org_s09_pharmacy_21d03db4a198c443','seed_source_osm_pharmacies_ng_20260502','ingested');
INSERT OR IGNORE INTO seed_entity_sources (id,seed_run_id,entity_type,entity_id,source_id,confidence_tier) VALUES ('es_s09_pharmacy_21d03db4a198c443','seed_run_s09_osm_pharmacies_20260502','organization','org_s09_pharmacy_21d03db4a198c443','seed_source_osm_pharmacies_ng_20260502','seeded');
INSERT OR IGNORE INTO seed_enrichment (id,seed_run_id,entity_type,entity_id,enrichment_type,enrichment_json) VALUES ('enr_s09_pharmacy_21d03db4a198c443','seed_run_s09_osm_pharmacies_20260502','organization','org_s09_pharmacy_21d03db4a198c443','licence_data','{"osm_id": "6769738329", "amenity": "pharmacy", "addr_state": null, "operator": null, "brand": null}');

INSERT OR IGNORE INTO organizations (id,tenant_id,organization_type,legal_name,display_name,registration_number,status,verification_state,created_at,updated_at) VALUES ('org_s09_pharmacy_8ed16327c07607a9','tenant_platform_seed','pharmacy','Pharmacie Provinciale','Pharmacie Provinciale',NULL,'active','seeded',unixepoch(),unixepoch());
INSERT OR IGNORE INTO profiles (id,subject_id,subject_type,primary_place_id,tenant_id,workspace_id,display_name,created_at,updated_at) VALUES ('prof_s09_pharmacy_8ed16327c07607a9','org_s09_pharmacy_8ed16327c07607a9','organization','place_nigeria_001','tenant_platform_seed','workspace_platform_seed_discovery','Pharmacie Provinciale',unixepoch(),unixepoch());
INSERT OR IGNORE INTO search_entries (id,profile_id,display_name,keywords,ancestry_path,vertical,created_at,updated_at) VALUES ('se_s09_pharmacy_8ed16327c07607a9','prof_s09_pharmacy_8ed16327c07607a9','Pharmacie Provinciale','pharmacie provinciale pharmacy chemist drug store medicine nigeria','place_nigeria_001','pharmacy',unixepoch(),unixepoch());
INSERT OR IGNORE INTO seed_ingestion_records (id,seed_run_id,entity_type,entity_id,source_id,status) VALUES ('ir_s09_pharmacy_8ed16327c07607a9','seed_run_s09_osm_pharmacies_20260502','organization','org_s09_pharmacy_8ed16327c07607a9','seed_source_osm_pharmacies_ng_20260502','ingested');
INSERT OR IGNORE INTO seed_entity_sources (id,seed_run_id,entity_type,entity_id,source_id,confidence_tier) VALUES ('es_s09_pharmacy_8ed16327c07607a9','seed_run_s09_osm_pharmacies_20260502','organization','org_s09_pharmacy_8ed16327c07607a9','seed_source_osm_pharmacies_ng_20260502','seeded');
INSERT OR IGNORE INTO seed_enrichment (id,seed_run_id,entity_type,entity_id,enrichment_type,enrichment_json) VALUES ('enr_s09_pharmacy_8ed16327c07607a9','seed_run_s09_osm_pharmacies_20260502','organization','org_s09_pharmacy_8ed16327c07607a9','licence_data','{"osm_id": "6769738331", "amenity": "pharmacy", "addr_state": null, "operator": null, "brand": null}');

INSERT OR IGNORE INTO organizations (id,tenant_id,organization_type,legal_name,display_name,registration_number,status,verification_state,created_at,updated_at) VALUES ('org_s09_pharmacy_e2691948759ef91f','tenant_platform_seed','pharmacy','Pharmacie Populaire','Pharmacie Populaire',NULL,'active','seeded',unixepoch(),unixepoch());
INSERT OR IGNORE INTO profiles (id,subject_id,subject_type,primary_place_id,tenant_id,workspace_id,display_name,created_at,updated_at) VALUES ('prof_s09_pharmacy_e2691948759ef91f','org_s09_pharmacy_e2691948759ef91f','organization','place_nigeria_001','tenant_platform_seed','workspace_platform_seed_discovery','Pharmacie Populaire',unixepoch(),unixepoch());
INSERT OR IGNORE INTO search_entries (id,profile_id,display_name,keywords,ancestry_path,vertical,created_at,updated_at) VALUES ('se_s09_pharmacy_e2691948759ef91f','prof_s09_pharmacy_e2691948759ef91f','Pharmacie Populaire','pharmacie populaire pharmacy chemist drug store medicine nigeria','place_nigeria_001','pharmacy',unixepoch(),unixepoch());
INSERT OR IGNORE INTO seed_ingestion_records (id,seed_run_id,entity_type,entity_id,source_id,status) VALUES ('ir_s09_pharmacy_e2691948759ef91f','seed_run_s09_osm_pharmacies_20260502','organization','org_s09_pharmacy_e2691948759ef91f','seed_source_osm_pharmacies_ng_20260502','ingested');
INSERT OR IGNORE INTO seed_entity_sources (id,seed_run_id,entity_type,entity_id,source_id,confidence_tier) VALUES ('es_s09_pharmacy_e2691948759ef91f','seed_run_s09_osm_pharmacies_20260502','organization','org_s09_pharmacy_e2691948759ef91f','seed_source_osm_pharmacies_ng_20260502','seeded');
INSERT OR IGNORE INTO seed_enrichment (id,seed_run_id,entity_type,entity_id,enrichment_type,enrichment_json) VALUES ('enr_s09_pharmacy_e2691948759ef91f','seed_run_s09_osm_pharmacies_20260502','organization','org_s09_pharmacy_e2691948759ef91f','licence_data','{"osm_id": "6769738332", "amenity": "pharmacy", "addr_state": null, "operator": null, "brand": null}');

INSERT OR IGNORE INTO organizations (id,tenant_id,organization_type,legal_name,display_name,registration_number,status,verification_state,created_at,updated_at) VALUES ('org_s09_pharmacy_f33ea1edc81729fb','tenant_platform_seed','pharmacy','Pharmacie Barka','Pharmacie Barka',NULL,'active','seeded',unixepoch(),unixepoch());
INSERT OR IGNORE INTO profiles (id,subject_id,subject_type,primary_place_id,tenant_id,workspace_id,display_name,created_at,updated_at) VALUES ('prof_s09_pharmacy_f33ea1edc81729fb','org_s09_pharmacy_f33ea1edc81729fb','organization','place_nigeria_001','tenant_platform_seed','workspace_platform_seed_discovery','Pharmacie Barka',unixepoch(),unixepoch());
INSERT OR IGNORE INTO search_entries (id,profile_id,display_name,keywords,ancestry_path,vertical,created_at,updated_at) VALUES ('se_s09_pharmacy_f33ea1edc81729fb','prof_s09_pharmacy_f33ea1edc81729fb','Pharmacie Barka','pharmacie barka pharmacy chemist drug store medicine nigeria','place_nigeria_001','pharmacy',unixepoch(),unixepoch());
INSERT OR IGNORE INTO seed_ingestion_records (id,seed_run_id,entity_type,entity_id,source_id,status) VALUES ('ir_s09_pharmacy_f33ea1edc81729fb','seed_run_s09_osm_pharmacies_20260502','organization','org_s09_pharmacy_f33ea1edc81729fb','seed_source_osm_pharmacies_ng_20260502','ingested');
INSERT OR IGNORE INTO seed_entity_sources (id,seed_run_id,entity_type,entity_id,source_id,confidence_tier) VALUES ('es_s09_pharmacy_f33ea1edc81729fb','seed_run_s09_osm_pharmacies_20260502','organization','org_s09_pharmacy_f33ea1edc81729fb','seed_source_osm_pharmacies_ng_20260502','seeded');
INSERT OR IGNORE INTO seed_enrichment (id,seed_run_id,entity_type,entity_id,enrichment_type,enrichment_json) VALUES ('enr_s09_pharmacy_f33ea1edc81729fb','seed_run_s09_osm_pharmacies_20260502','organization','org_s09_pharmacy_f33ea1edc81729fb','licence_data','{"osm_id": "6769738333", "amenity": "pharmacy", "addr_state": null, "operator": null, "brand": null}');

INSERT OR IGNORE INTO organizations (id,tenant_id,organization_type,legal_name,display_name,registration_number,status,verification_state,created_at,updated_at) VALUES ('org_s09_pharmacy_d665822715401205','tenant_platform_seed','pharmacy','Pharmacie Du Grand Marché','Pharmacie Du Grand Marché',NULL,'active','seeded',unixepoch(),unixepoch());
INSERT OR IGNORE INTO profiles (id,subject_id,subject_type,primary_place_id,tenant_id,workspace_id,display_name,created_at,updated_at) VALUES ('prof_s09_pharmacy_d665822715401205','org_s09_pharmacy_d665822715401205','organization','place_nigeria_001','tenant_platform_seed','workspace_platform_seed_discovery','Pharmacie Du Grand Marché',unixepoch(),unixepoch());
INSERT OR IGNORE INTO search_entries (id,profile_id,display_name,keywords,ancestry_path,vertical,created_at,updated_at) VALUES ('se_s09_pharmacy_d665822715401205','prof_s09_pharmacy_d665822715401205','Pharmacie Du Grand Marché','pharmacie du grand marché pharmacy chemist drug store medicine nigeria','place_nigeria_001','pharmacy',unixepoch(),unixepoch());
INSERT OR IGNORE INTO seed_ingestion_records (id,seed_run_id,entity_type,entity_id,source_id,status) VALUES ('ir_s09_pharmacy_d665822715401205','seed_run_s09_osm_pharmacies_20260502','organization','org_s09_pharmacy_d665822715401205','seed_source_osm_pharmacies_ng_20260502','ingested');
INSERT OR IGNORE INTO seed_entity_sources (id,seed_run_id,entity_type,entity_id,source_id,confidence_tier) VALUES ('es_s09_pharmacy_d665822715401205','seed_run_s09_osm_pharmacies_20260502','organization','org_s09_pharmacy_d665822715401205','seed_source_osm_pharmacies_ng_20260502','seeded');
INSERT OR IGNORE INTO seed_enrichment (id,seed_run_id,entity_type,entity_id,enrichment_type,enrichment_json) VALUES ('enr_s09_pharmacy_d665822715401205','seed_run_s09_osm_pharmacies_20260502','organization','org_s09_pharmacy_d665822715401205','licence_data','{"osm_id": "6769738334", "amenity": "pharmacy", "addr_state": null, "operator": null, "brand": null}');

INSERT OR IGNORE INTO organizations (id,tenant_id,organization_type,legal_name,display_name,registration_number,status,verification_state,created_at,updated_at) VALUES ('org_s09_pharmacy_4c76c4f5c1b46656','tenant_platform_seed','pharmacy','Pharmacie Assalam','Pharmacie Assalam',NULL,'active','seeded',unixepoch(),unixepoch());
INSERT OR IGNORE INTO profiles (id,subject_id,subject_type,primary_place_id,tenant_id,workspace_id,display_name,created_at,updated_at) VALUES ('prof_s09_pharmacy_4c76c4f5c1b46656','org_s09_pharmacy_4c76c4f5c1b46656','organization','place_nigeria_001','tenant_platform_seed','workspace_platform_seed_discovery','Pharmacie Assalam',unixepoch(),unixepoch());
INSERT OR IGNORE INTO search_entries (id,profile_id,display_name,keywords,ancestry_path,vertical,created_at,updated_at) VALUES ('se_s09_pharmacy_4c76c4f5c1b46656','prof_s09_pharmacy_4c76c4f5c1b46656','Pharmacie Assalam','pharmacie assalam pharmacy chemist drug store medicine nigeria','place_nigeria_001','pharmacy',unixepoch(),unixepoch());
INSERT OR IGNORE INTO seed_ingestion_records (id,seed_run_id,entity_type,entity_id,source_id,status) VALUES ('ir_s09_pharmacy_4c76c4f5c1b46656','seed_run_s09_osm_pharmacies_20260502','organization','org_s09_pharmacy_4c76c4f5c1b46656','seed_source_osm_pharmacies_ng_20260502','ingested');
INSERT OR IGNORE INTO seed_entity_sources (id,seed_run_id,entity_type,entity_id,source_id,confidence_tier) VALUES ('es_s09_pharmacy_4c76c4f5c1b46656','seed_run_s09_osm_pharmacies_20260502','organization','org_s09_pharmacy_4c76c4f5c1b46656','seed_source_osm_pharmacies_ng_20260502','seeded');
INSERT OR IGNORE INTO seed_enrichment (id,seed_run_id,entity_type,entity_id,enrichment_type,enrichment_json) VALUES ('enr_s09_pharmacy_4c76c4f5c1b46656','seed_run_s09_osm_pharmacies_20260502','organization','org_s09_pharmacy_4c76c4f5c1b46656','licence_data','{"osm_id": "6769738335", "amenity": "pharmacy", "addr_state": null, "operator": null, "brand": null}');

INSERT OR IGNORE INTO organizations (id,tenant_id,organization_type,legal_name,display_name,registration_number,status,verification_state,created_at,updated_at) VALUES ('org_s09_pharmacy_ff57d427025ed9d9','tenant_platform_seed','pharmacy','De-Mercy pharmacy','De-Mercy pharmacy',NULL,'active','seeded',unixepoch(),unixepoch());
INSERT OR IGNORE INTO profiles (id,subject_id,subject_type,primary_place_id,tenant_id,workspace_id,display_name,created_at,updated_at) VALUES ('prof_s09_pharmacy_ff57d427025ed9d9','org_s09_pharmacy_ff57d427025ed9d9','organization','place_nigeria_001','tenant_platform_seed','workspace_platform_seed_discovery','De-Mercy pharmacy',unixepoch(),unixepoch());
INSERT OR IGNORE INTO search_entries (id,profile_id,display_name,keywords,ancestry_path,vertical,created_at,updated_at) VALUES ('se_s09_pharmacy_ff57d427025ed9d9','prof_s09_pharmacy_ff57d427025ed9d9','De-Mercy pharmacy','de-mercy pharmacy pharmacy chemist drug store medicine nigeria','place_nigeria_001','pharmacy',unixepoch(),unixepoch());
INSERT OR IGNORE INTO seed_ingestion_records (id,seed_run_id,entity_type,entity_id,source_id,status) VALUES ('ir_s09_pharmacy_ff57d427025ed9d9','seed_run_s09_osm_pharmacies_20260502','organization','org_s09_pharmacy_ff57d427025ed9d9','seed_source_osm_pharmacies_ng_20260502','ingested');
INSERT OR IGNORE INTO seed_entity_sources (id,seed_run_id,entity_type,entity_id,source_id,confidence_tier) VALUES ('es_s09_pharmacy_ff57d427025ed9d9','seed_run_s09_osm_pharmacies_20260502','organization','org_s09_pharmacy_ff57d427025ed9d9','seed_source_osm_pharmacies_ng_20260502','seeded');
INSERT OR IGNORE INTO seed_enrichment (id,seed_run_id,entity_type,entity_id,enrichment_type,enrichment_json) VALUES ('enr_s09_pharmacy_ff57d427025ed9d9','seed_run_s09_osm_pharmacies_20260502','organization','org_s09_pharmacy_ff57d427025ed9d9','licence_data','{"osm_id": "9768983617", "amenity": "pharmacy", "addr_state": null, "operator": null, "brand": null}');

INSERT OR IGNORE INTO organizations (id,tenant_id,organization_type,legal_name,display_name,registration_number,status,verification_state,created_at,updated_at) VALUES ('org_s09_pharmacy_9c02ec8f576b1b2f','tenant_platform_seed','pharmacy','Miam pharmacy','Miam pharmacy',NULL,'active','seeded',unixepoch(),unixepoch());
INSERT OR IGNORE INTO profiles (id,subject_id,subject_type,primary_place_id,tenant_id,workspace_id,display_name,created_at,updated_at) VALUES ('prof_s09_pharmacy_9c02ec8f576b1b2f','org_s09_pharmacy_9c02ec8f576b1b2f','organization','place_nigeria_001','tenant_platform_seed','workspace_platform_seed_discovery','Miam pharmacy',unixepoch(),unixepoch());
INSERT OR IGNORE INTO search_entries (id,profile_id,display_name,keywords,ancestry_path,vertical,created_at,updated_at) VALUES ('se_s09_pharmacy_9c02ec8f576b1b2f','prof_s09_pharmacy_9c02ec8f576b1b2f','Miam pharmacy','miam pharmacy pharmacy chemist drug store medicine nigeria','place_nigeria_001','pharmacy',unixepoch(),unixepoch());
INSERT OR IGNORE INTO seed_ingestion_records (id,seed_run_id,entity_type,entity_id,source_id,status) VALUES ('ir_s09_pharmacy_9c02ec8f576b1b2f','seed_run_s09_osm_pharmacies_20260502','organization','org_s09_pharmacy_9c02ec8f576b1b2f','seed_source_osm_pharmacies_ng_20260502','ingested');
INSERT OR IGNORE INTO seed_entity_sources (id,seed_run_id,entity_type,entity_id,source_id,confidence_tier) VALUES ('es_s09_pharmacy_9c02ec8f576b1b2f','seed_run_s09_osm_pharmacies_20260502','organization','org_s09_pharmacy_9c02ec8f576b1b2f','seed_source_osm_pharmacies_ng_20260502','seeded');
INSERT OR IGNORE INTO seed_enrichment (id,seed_run_id,entity_type,entity_id,enrichment_type,enrichment_json) VALUES ('enr_s09_pharmacy_9c02ec8f576b1b2f','seed_run_s09_osm_pharmacies_20260502','organization','org_s09_pharmacy_9c02ec8f576b1b2f','licence_data','{"osm_id": "9769004997", "amenity": "pharmacy", "addr_state": null, "operator": null, "brand": null}');

INSERT OR IGNORE INTO organizations (id,tenant_id,organization_type,legal_name,display_name,registration_number,status,verification_state,created_at,updated_at) VALUES ('org_s09_pharmacy_1fc449f53656a3f9','tenant_platform_seed','pharmacy','La Healing Dew pharmacy','La Healing Dew pharmacy',NULL,'active','seeded',unixepoch(),unixepoch());
INSERT OR IGNORE INTO profiles (id,subject_id,subject_type,primary_place_id,tenant_id,workspace_id,display_name,created_at,updated_at) VALUES ('prof_s09_pharmacy_1fc449f53656a3f9','org_s09_pharmacy_1fc449f53656a3f9','organization','place_nigeria_001','tenant_platform_seed','workspace_platform_seed_discovery','La Healing Dew pharmacy',unixepoch(),unixepoch());
INSERT OR IGNORE INTO search_entries (id,profile_id,display_name,keywords,ancestry_path,vertical,created_at,updated_at) VALUES ('se_s09_pharmacy_1fc449f53656a3f9','prof_s09_pharmacy_1fc449f53656a3f9','La Healing Dew pharmacy','la healing dew pharmacy pharmacy chemist drug store medicine nigeria','place_nigeria_001','pharmacy',unixepoch(),unixepoch());
INSERT OR IGNORE INTO seed_ingestion_records (id,seed_run_id,entity_type,entity_id,source_id,status) VALUES ('ir_s09_pharmacy_1fc449f53656a3f9','seed_run_s09_osm_pharmacies_20260502','organization','org_s09_pharmacy_1fc449f53656a3f9','seed_source_osm_pharmacies_ng_20260502','ingested');
INSERT OR IGNORE INTO seed_entity_sources (id,seed_run_id,entity_type,entity_id,source_id,confidence_tier) VALUES ('es_s09_pharmacy_1fc449f53656a3f9','seed_run_s09_osm_pharmacies_20260502','organization','org_s09_pharmacy_1fc449f53656a3f9','seed_source_osm_pharmacies_ng_20260502','seeded');
INSERT OR IGNORE INTO seed_enrichment (id,seed_run_id,entity_type,entity_id,enrichment_type,enrichment_json) VALUES ('enr_s09_pharmacy_1fc449f53656a3f9','seed_run_s09_osm_pharmacies_20260502','organization','org_s09_pharmacy_1fc449f53656a3f9','licence_data','{"osm_id": "9769138586", "amenity": "pharmacy", "addr_state": null, "operator": null, "brand": null}');

INSERT OR IGNORE INTO organizations (id,tenant_id,organization_type,legal_name,display_name,registration_number,status,verification_state,created_at,updated_at) VALUES ('org_s09_pharmacy_5c0ddaa5a91a7159','tenant_platform_seed','pharmacy','Prince O.K Wood','Prince O.K Wood',NULL,'active','seeded',unixepoch(),unixepoch());
INSERT OR IGNORE INTO profiles (id,subject_id,subject_type,primary_place_id,tenant_id,workspace_id,display_name,created_at,updated_at) VALUES ('prof_s09_pharmacy_5c0ddaa5a91a7159','org_s09_pharmacy_5c0ddaa5a91a7159','organization','place_nigeria_001','tenant_platform_seed','workspace_platform_seed_discovery','Prince O.K Wood',unixepoch(),unixepoch());
INSERT OR IGNORE INTO search_entries (id,profile_id,display_name,keywords,ancestry_path,vertical,created_at,updated_at) VALUES ('se_s09_pharmacy_5c0ddaa5a91a7159','prof_s09_pharmacy_5c0ddaa5a91a7159','Prince O.K Wood','prince o.k wood pharmacy chemist drug store medicine nigeria','place_nigeria_001','pharmacy',unixepoch(),unixepoch());
INSERT OR IGNORE INTO seed_ingestion_records (id,seed_run_id,entity_type,entity_id,source_id,status) VALUES ('ir_s09_pharmacy_5c0ddaa5a91a7159','seed_run_s09_osm_pharmacies_20260502','organization','org_s09_pharmacy_5c0ddaa5a91a7159','seed_source_osm_pharmacies_ng_20260502','ingested');
INSERT OR IGNORE INTO seed_entity_sources (id,seed_run_id,entity_type,entity_id,source_id,confidence_tier) VALUES ('es_s09_pharmacy_5c0ddaa5a91a7159','seed_run_s09_osm_pharmacies_20260502','organization','org_s09_pharmacy_5c0ddaa5a91a7159','seed_source_osm_pharmacies_ng_20260502','seeded');
INSERT OR IGNORE INTO seed_enrichment (id,seed_run_id,entity_type,entity_id,enrichment_type,enrichment_json) VALUES ('enr_s09_pharmacy_5c0ddaa5a91a7159','seed_run_s09_osm_pharmacies_20260502','organization','org_s09_pharmacy_5c0ddaa5a91a7159','licence_data','{"osm_id": "9769145239", "amenity": "pharmacy", "addr_state": null, "operator": null, "brand": null}');

INSERT OR IGNORE INTO organizations (id,tenant_id,organization_type,legal_name,display_name,registration_number,status,verification_state,created_at,updated_at) VALUES ('org_s09_pharmacy_401e7a9f368544ff','tenant_platform_seed','pharmacy','Noble-Med','Noble-Med',NULL,'active','seeded',unixepoch(),unixepoch());
INSERT OR IGNORE INTO profiles (id,subject_id,subject_type,primary_place_id,tenant_id,workspace_id,display_name,created_at,updated_at) VALUES ('prof_s09_pharmacy_401e7a9f368544ff','org_s09_pharmacy_401e7a9f368544ff','organization','place_nigeria_001','tenant_platform_seed','workspace_platform_seed_discovery','Noble-Med',unixepoch(),unixepoch());
INSERT OR IGNORE INTO search_entries (id,profile_id,display_name,keywords,ancestry_path,vertical,created_at,updated_at) VALUES ('se_s09_pharmacy_401e7a9f368544ff','prof_s09_pharmacy_401e7a9f368544ff','Noble-Med','noble-med pharmacy chemist drug store medicine nigeria','place_nigeria_001','pharmacy',unixepoch(),unixepoch());
INSERT OR IGNORE INTO seed_ingestion_records (id,seed_run_id,entity_type,entity_id,source_id,status) VALUES ('ir_s09_pharmacy_401e7a9f368544ff','seed_run_s09_osm_pharmacies_20260502','organization','org_s09_pharmacy_401e7a9f368544ff','seed_source_osm_pharmacies_ng_20260502','ingested');
INSERT OR IGNORE INTO seed_entity_sources (id,seed_run_id,entity_type,entity_id,source_id,confidence_tier) VALUES ('es_s09_pharmacy_401e7a9f368544ff','seed_run_s09_osm_pharmacies_20260502','organization','org_s09_pharmacy_401e7a9f368544ff','seed_source_osm_pharmacies_ng_20260502','seeded');
INSERT OR IGNORE INTO seed_enrichment (id,seed_run_id,entity_type,entity_id,enrichment_type,enrichment_json) VALUES ('enr_s09_pharmacy_401e7a9f368544ff','seed_run_s09_osm_pharmacies_20260502','organization','org_s09_pharmacy_401e7a9f368544ff','licence_data','{"osm_id": "9769155166", "amenity": "pharmacy", "addr_state": null, "operator": null, "brand": null}');

INSERT OR IGNORE INTO organizations (id,tenant_id,organization_type,legal_name,display_name,registration_number,status,verification_state,created_at,updated_at) VALUES ('org_s09_pharmacy_774c48ee2acb62be','tenant_platform_seed','pharmacy','El-laz','El-laz',NULL,'active','seeded',unixepoch(),unixepoch());
INSERT OR IGNORE INTO profiles (id,subject_id,subject_type,primary_place_id,tenant_id,workspace_id,display_name,created_at,updated_at) VALUES ('prof_s09_pharmacy_774c48ee2acb62be','org_s09_pharmacy_774c48ee2acb62be','organization','place_nigeria_001','tenant_platform_seed','workspace_platform_seed_discovery','El-laz',unixepoch(),unixepoch());
INSERT OR IGNORE INTO search_entries (id,profile_id,display_name,keywords,ancestry_path,vertical,created_at,updated_at) VALUES ('se_s09_pharmacy_774c48ee2acb62be','prof_s09_pharmacy_774c48ee2acb62be','El-laz','el-laz pharmacy chemist drug store medicine nigeria','place_nigeria_001','pharmacy',unixepoch(),unixepoch());
INSERT OR IGNORE INTO seed_ingestion_records (id,seed_run_id,entity_type,entity_id,source_id,status) VALUES ('ir_s09_pharmacy_774c48ee2acb62be','seed_run_s09_osm_pharmacies_20260502','organization','org_s09_pharmacy_774c48ee2acb62be','seed_source_osm_pharmacies_ng_20260502','ingested');
INSERT OR IGNORE INTO seed_entity_sources (id,seed_run_id,entity_type,entity_id,source_id,confidence_tier) VALUES ('es_s09_pharmacy_774c48ee2acb62be','seed_run_s09_osm_pharmacies_20260502','organization','org_s09_pharmacy_774c48ee2acb62be','seed_source_osm_pharmacies_ng_20260502','seeded');
INSERT OR IGNORE INTO seed_enrichment (id,seed_run_id,entity_type,entity_id,enrichment_type,enrichment_json) VALUES ('enr_s09_pharmacy_774c48ee2acb62be','seed_run_s09_osm_pharmacies_20260502','organization','org_s09_pharmacy_774c48ee2acb62be','licence_data','{"osm_id": "9769166047", "amenity": "pharmacy", "addr_state": null, "operator": null, "brand": null}');

INSERT OR IGNORE INTO organizations (id,tenant_id,organization_type,legal_name,display_name,registration_number,status,verification_state,created_at,updated_at) VALUES ('org_s09_pharmacy_254635a5ac379747','tenant_platform_seed','pharmacy','Pfemex pharmacy','Pfemex pharmacy',NULL,'active','seeded',unixepoch(),unixepoch());
INSERT OR IGNORE INTO profiles (id,subject_id,subject_type,primary_place_id,tenant_id,workspace_id,display_name,created_at,updated_at) VALUES ('prof_s09_pharmacy_254635a5ac379747','org_s09_pharmacy_254635a5ac379747','organization','place_nigeria_001','tenant_platform_seed','workspace_platform_seed_discovery','Pfemex pharmacy',unixepoch(),unixepoch());
INSERT OR IGNORE INTO search_entries (id,profile_id,display_name,keywords,ancestry_path,vertical,created_at,updated_at) VALUES ('se_s09_pharmacy_254635a5ac379747','prof_s09_pharmacy_254635a5ac379747','Pfemex pharmacy','pfemex pharmacy pharmacy chemist drug store medicine nigeria','place_nigeria_001','pharmacy',unixepoch(),unixepoch());
INSERT OR IGNORE INTO seed_ingestion_records (id,seed_run_id,entity_type,entity_id,source_id,status) VALUES ('ir_s09_pharmacy_254635a5ac379747','seed_run_s09_osm_pharmacies_20260502','organization','org_s09_pharmacy_254635a5ac379747','seed_source_osm_pharmacies_ng_20260502','ingested');
INSERT OR IGNORE INTO seed_entity_sources (id,seed_run_id,entity_type,entity_id,source_id,confidence_tier) VALUES ('es_s09_pharmacy_254635a5ac379747','seed_run_s09_osm_pharmacies_20260502','organization','org_s09_pharmacy_254635a5ac379747','seed_source_osm_pharmacies_ng_20260502','seeded');
INSERT OR IGNORE INTO seed_enrichment (id,seed_run_id,entity_type,entity_id,enrichment_type,enrichment_json) VALUES ('enr_s09_pharmacy_254635a5ac379747','seed_run_s09_osm_pharmacies_20260502','organization','org_s09_pharmacy_254635a5ac379747','licence_data','{"osm_id": "9769218868", "amenity": "pharmacy", "addr_state": null, "operator": null, "brand": null}');

INSERT OR IGNORE INTO organizations (id,tenant_id,organization_type,legal_name,display_name,registration_number,status,verification_state,created_at,updated_at) VALUES ('org_s09_pharmacy_8d51d652a8a4ead0','tenant_platform_seed','pharmacy','Delimi central pharmacy','Delimi central pharmacy',NULL,'active','seeded',unixepoch(),unixepoch());
INSERT OR IGNORE INTO profiles (id,subject_id,subject_type,primary_place_id,tenant_id,workspace_id,display_name,created_at,updated_at) VALUES ('prof_s09_pharmacy_8d51d652a8a4ead0','org_s09_pharmacy_8d51d652a8a4ead0','organization','place_nigeria_001','tenant_platform_seed','workspace_platform_seed_discovery','Delimi central pharmacy',unixepoch(),unixepoch());
INSERT OR IGNORE INTO search_entries (id,profile_id,display_name,keywords,ancestry_path,vertical,created_at,updated_at) VALUES ('se_s09_pharmacy_8d51d652a8a4ead0','prof_s09_pharmacy_8d51d652a8a4ead0','Delimi central pharmacy','delimi central pharmacy pharmacy chemist drug store medicine nigeria','place_nigeria_001','pharmacy',unixepoch(),unixepoch());
INSERT OR IGNORE INTO seed_ingestion_records (id,seed_run_id,entity_type,entity_id,source_id,status) VALUES ('ir_s09_pharmacy_8d51d652a8a4ead0','seed_run_s09_osm_pharmacies_20260502','organization','org_s09_pharmacy_8d51d652a8a4ead0','seed_source_osm_pharmacies_ng_20260502','ingested');
INSERT OR IGNORE INTO seed_entity_sources (id,seed_run_id,entity_type,entity_id,source_id,confidence_tier) VALUES ('es_s09_pharmacy_8d51d652a8a4ead0','seed_run_s09_osm_pharmacies_20260502','organization','org_s09_pharmacy_8d51d652a8a4ead0','seed_source_osm_pharmacies_ng_20260502','seeded');
INSERT OR IGNORE INTO seed_enrichment (id,seed_run_id,entity_type,entity_id,enrichment_type,enrichment_json) VALUES ('enr_s09_pharmacy_8d51d652a8a4ead0','seed_run_s09_osm_pharmacies_20260502','organization','org_s09_pharmacy_8d51d652a8a4ead0','licence_data','{"osm_id": "9769223628", "amenity": "pharmacy", "addr_state": null, "operator": null, "brand": null}');

INSERT OR IGNORE INTO organizations (id,tenant_id,organization_type,legal_name,display_name,registration_number,status,verification_state,created_at,updated_at) VALUES ('org_s09_pharmacy_a8ef85426566386a','tenant_platform_seed','pharmacy','Lifeway pharmacy','Lifeway pharmacy',NULL,'active','seeded',unixepoch(),unixepoch());
INSERT OR IGNORE INTO profiles (id,subject_id,subject_type,primary_place_id,tenant_id,workspace_id,display_name,created_at,updated_at) VALUES ('prof_s09_pharmacy_a8ef85426566386a','org_s09_pharmacy_a8ef85426566386a','organization','place_nigeria_001','tenant_platform_seed','workspace_platform_seed_discovery','Lifeway pharmacy',unixepoch(),unixepoch());
INSERT OR IGNORE INTO search_entries (id,profile_id,display_name,keywords,ancestry_path,vertical,created_at,updated_at) VALUES ('se_s09_pharmacy_a8ef85426566386a','prof_s09_pharmacy_a8ef85426566386a','Lifeway pharmacy','lifeway pharmacy pharmacy chemist drug store medicine nigeria','place_nigeria_001','pharmacy',unixepoch(),unixepoch());
INSERT OR IGNORE INTO seed_ingestion_records (id,seed_run_id,entity_type,entity_id,source_id,status) VALUES ('ir_s09_pharmacy_a8ef85426566386a','seed_run_s09_osm_pharmacies_20260502','organization','org_s09_pharmacy_a8ef85426566386a','seed_source_osm_pharmacies_ng_20260502','ingested');
INSERT OR IGNORE INTO seed_entity_sources (id,seed_run_id,entity_type,entity_id,source_id,confidence_tier) VALUES ('es_s09_pharmacy_a8ef85426566386a','seed_run_s09_osm_pharmacies_20260502','organization','org_s09_pharmacy_a8ef85426566386a','seed_source_osm_pharmacies_ng_20260502','seeded');
INSERT OR IGNORE INTO seed_enrichment (id,seed_run_id,entity_type,entity_id,enrichment_type,enrichment_json) VALUES ('enr_s09_pharmacy_a8ef85426566386a','seed_run_s09_osm_pharmacies_20260502','organization','org_s09_pharmacy_a8ef85426566386a','licence_data','{"osm_id": "9769225700", "amenity": "pharmacy", "addr_state": null, "operator": null, "brand": null}');

INSERT OR IGNORE INTO organizations (id,tenant_id,organization_type,legal_name,display_name,registration_number,status,verification_state,created_at,updated_at) VALUES ('org_s09_pharmacy_57c19b82677609e1','tenant_platform_seed','pharmacy','Lesco pharmacy','Lesco pharmacy',NULL,'active','seeded',unixepoch(),unixepoch());
INSERT OR IGNORE INTO profiles (id,subject_id,subject_type,primary_place_id,tenant_id,workspace_id,display_name,created_at,updated_at) VALUES ('prof_s09_pharmacy_57c19b82677609e1','org_s09_pharmacy_57c19b82677609e1','organization','place_nigeria_001','tenant_platform_seed','workspace_platform_seed_discovery','Lesco pharmacy',unixepoch(),unixepoch());
INSERT OR IGNORE INTO search_entries (id,profile_id,display_name,keywords,ancestry_path,vertical,created_at,updated_at) VALUES ('se_s09_pharmacy_57c19b82677609e1','prof_s09_pharmacy_57c19b82677609e1','Lesco pharmacy','lesco pharmacy pharmacy chemist drug store medicine nigeria','place_nigeria_001','pharmacy',unixepoch(),unixepoch());
INSERT OR IGNORE INTO seed_ingestion_records (id,seed_run_id,entity_type,entity_id,source_id,status) VALUES ('ir_s09_pharmacy_57c19b82677609e1','seed_run_s09_osm_pharmacies_20260502','organization','org_s09_pharmacy_57c19b82677609e1','seed_source_osm_pharmacies_ng_20260502','ingested');
INSERT OR IGNORE INTO seed_entity_sources (id,seed_run_id,entity_type,entity_id,source_id,confidence_tier) VALUES ('es_s09_pharmacy_57c19b82677609e1','seed_run_s09_osm_pharmacies_20260502','organization','org_s09_pharmacy_57c19b82677609e1','seed_source_osm_pharmacies_ng_20260502','seeded');
INSERT OR IGNORE INTO seed_enrichment (id,seed_run_id,entity_type,entity_id,enrichment_type,enrichment_json) VALUES ('enr_s09_pharmacy_57c19b82677609e1','seed_run_s09_osm_pharmacies_20260502','organization','org_s09_pharmacy_57c19b82677609e1','licence_data','{"osm_id": "9769236006", "amenity": "pharmacy", "addr_state": null, "operator": null, "brand": null}');

INSERT OR IGNORE INTO organizations (id,tenant_id,organization_type,legal_name,display_name,registration_number,status,verification_state,created_at,updated_at) VALUES ('org_s09_pharmacy_402dde541e53408e','tenant_platform_seed','pharmacy','Chyle pharmacy','Chyle pharmacy',NULL,'active','seeded',unixepoch(),unixepoch());
INSERT OR IGNORE INTO profiles (id,subject_id,subject_type,primary_place_id,tenant_id,workspace_id,display_name,created_at,updated_at) VALUES ('prof_s09_pharmacy_402dde541e53408e','org_s09_pharmacy_402dde541e53408e','organization','place_nigeria_001','tenant_platform_seed','workspace_platform_seed_discovery','Chyle pharmacy',unixepoch(),unixepoch());
INSERT OR IGNORE INTO search_entries (id,profile_id,display_name,keywords,ancestry_path,vertical,created_at,updated_at) VALUES ('se_s09_pharmacy_402dde541e53408e','prof_s09_pharmacy_402dde541e53408e','Chyle pharmacy','chyle pharmacy pharmacy chemist drug store medicine nigeria','place_nigeria_001','pharmacy',unixepoch(),unixepoch());
INSERT OR IGNORE INTO seed_ingestion_records (id,seed_run_id,entity_type,entity_id,source_id,status) VALUES ('ir_s09_pharmacy_402dde541e53408e','seed_run_s09_osm_pharmacies_20260502','organization','org_s09_pharmacy_402dde541e53408e','seed_source_osm_pharmacies_ng_20260502','ingested');
INSERT OR IGNORE INTO seed_entity_sources (id,seed_run_id,entity_type,entity_id,source_id,confidence_tier) VALUES ('es_s09_pharmacy_402dde541e53408e','seed_run_s09_osm_pharmacies_20260502','organization','org_s09_pharmacy_402dde541e53408e','seed_source_osm_pharmacies_ng_20260502','seeded');
INSERT OR IGNORE INTO seed_enrichment (id,seed_run_id,entity_type,entity_id,enrichment_type,enrichment_json) VALUES ('enr_s09_pharmacy_402dde541e53408e','seed_run_s09_osm_pharmacies_20260502','organization','org_s09_pharmacy_402dde541e53408e','licence_data','{"osm_id": "9769247201", "amenity": "pharmacy", "addr_state": null, "operator": null, "brand": null}');

INSERT OR IGNORE INTO organizations (id,tenant_id,organization_type,legal_name,display_name,registration_number,status,verification_state,created_at,updated_at) VALUES ('org_s09_pharmacy_963a44ed2b366ccf','tenant_platform_seed','pharmacy','Cass pharmacy','Cass pharmacy',NULL,'active','seeded',unixepoch(),unixepoch());
INSERT OR IGNORE INTO profiles (id,subject_id,subject_type,primary_place_id,tenant_id,workspace_id,display_name,created_at,updated_at) VALUES ('prof_s09_pharmacy_963a44ed2b366ccf','org_s09_pharmacy_963a44ed2b366ccf','organization','place_nigeria_001','tenant_platform_seed','workspace_platform_seed_discovery','Cass pharmacy',unixepoch(),unixepoch());
INSERT OR IGNORE INTO search_entries (id,profile_id,display_name,keywords,ancestry_path,vertical,created_at,updated_at) VALUES ('se_s09_pharmacy_963a44ed2b366ccf','prof_s09_pharmacy_963a44ed2b366ccf','Cass pharmacy','cass pharmacy pharmacy chemist drug store medicine nigeria','place_nigeria_001','pharmacy',unixepoch(),unixepoch());
INSERT OR IGNORE INTO seed_ingestion_records (id,seed_run_id,entity_type,entity_id,source_id,status) VALUES ('ir_s09_pharmacy_963a44ed2b366ccf','seed_run_s09_osm_pharmacies_20260502','organization','org_s09_pharmacy_963a44ed2b366ccf','seed_source_osm_pharmacies_ng_20260502','ingested');
INSERT OR IGNORE INTO seed_entity_sources (id,seed_run_id,entity_type,entity_id,source_id,confidence_tier) VALUES ('es_s09_pharmacy_963a44ed2b366ccf','seed_run_s09_osm_pharmacies_20260502','organization','org_s09_pharmacy_963a44ed2b366ccf','seed_source_osm_pharmacies_ng_20260502','seeded');
INSERT OR IGNORE INTO seed_enrichment (id,seed_run_id,entity_type,entity_id,enrichment_type,enrichment_json) VALUES ('enr_s09_pharmacy_963a44ed2b366ccf','seed_run_s09_osm_pharmacies_20260502','organization','org_s09_pharmacy_963a44ed2b366ccf','licence_data','{"osm_id": "9769288573", "amenity": "pharmacy", "addr_state": null, "operator": null, "brand": null}');

INSERT OR IGNORE INTO organizations (id,tenant_id,organization_type,legal_name,display_name,registration_number,status,verification_state,created_at,updated_at) VALUES ('org_s09_pharmacy_138370562ca03d88','tenant_platform_seed','pharmacy','Sparsh pharmacy and stores','Sparsh pharmacy and stores',NULL,'active','seeded',unixepoch(),unixepoch());
INSERT OR IGNORE INTO profiles (id,subject_id,subject_type,primary_place_id,tenant_id,workspace_id,display_name,created_at,updated_at) VALUES ('prof_s09_pharmacy_138370562ca03d88','org_s09_pharmacy_138370562ca03d88','organization','place_nigeria_001','tenant_platform_seed','workspace_platform_seed_discovery','Sparsh pharmacy and stores',unixepoch(),unixepoch());
INSERT OR IGNORE INTO search_entries (id,profile_id,display_name,keywords,ancestry_path,vertical,created_at,updated_at) VALUES ('se_s09_pharmacy_138370562ca03d88','prof_s09_pharmacy_138370562ca03d88','Sparsh pharmacy and stores','sparsh pharmacy and stores pharmacy chemist drug store medicine nigeria','place_nigeria_001','pharmacy',unixepoch(),unixepoch());
INSERT OR IGNORE INTO seed_ingestion_records (id,seed_run_id,entity_type,entity_id,source_id,status) VALUES ('ir_s09_pharmacy_138370562ca03d88','seed_run_s09_osm_pharmacies_20260502','organization','org_s09_pharmacy_138370562ca03d88','seed_source_osm_pharmacies_ng_20260502','ingested');
INSERT OR IGNORE INTO seed_entity_sources (id,seed_run_id,entity_type,entity_id,source_id,confidence_tier) VALUES ('es_s09_pharmacy_138370562ca03d88','seed_run_s09_osm_pharmacies_20260502','organization','org_s09_pharmacy_138370562ca03d88','seed_source_osm_pharmacies_ng_20260502','seeded');
INSERT OR IGNORE INTO seed_enrichment (id,seed_run_id,entity_type,entity_id,enrichment_type,enrichment_json) VALUES ('enr_s09_pharmacy_138370562ca03d88','seed_run_s09_osm_pharmacies_20260502','organization','org_s09_pharmacy_138370562ca03d88','licence_data','{"osm_id": "9769359087", "amenity": "pharmacy", "addr_state": null, "operator": null, "brand": null}');

INSERT OR IGNORE INTO organizations (id,tenant_id,organization_type,legal_name,display_name,registration_number,status,verification_state,created_at,updated_at) VALUES ('org_s09_pharmacy_3f5b8973274fdfaf','tenant_platform_seed','pharmacy','Delimi pharmacy','Delimi pharmacy',NULL,'active','seeded',unixepoch(),unixepoch());
INSERT OR IGNORE INTO profiles (id,subject_id,subject_type,primary_place_id,tenant_id,workspace_id,display_name,created_at,updated_at) VALUES ('prof_s09_pharmacy_3f5b8973274fdfaf','org_s09_pharmacy_3f5b8973274fdfaf','organization','place_nigeria_001','tenant_platform_seed','workspace_platform_seed_discovery','Delimi pharmacy',unixepoch(),unixepoch());
INSERT OR IGNORE INTO search_entries (id,profile_id,display_name,keywords,ancestry_path,vertical,created_at,updated_at) VALUES ('se_s09_pharmacy_3f5b8973274fdfaf','prof_s09_pharmacy_3f5b8973274fdfaf','Delimi pharmacy','delimi pharmacy pharmacy chemist drug store medicine nigeria','place_nigeria_001','pharmacy',unixepoch(),unixepoch());
INSERT OR IGNORE INTO seed_ingestion_records (id,seed_run_id,entity_type,entity_id,source_id,status) VALUES ('ir_s09_pharmacy_3f5b8973274fdfaf','seed_run_s09_osm_pharmacies_20260502','organization','org_s09_pharmacy_3f5b8973274fdfaf','seed_source_osm_pharmacies_ng_20260502','ingested');
INSERT OR IGNORE INTO seed_entity_sources (id,seed_run_id,entity_type,entity_id,source_id,confidence_tier) VALUES ('es_s09_pharmacy_3f5b8973274fdfaf','seed_run_s09_osm_pharmacies_20260502','organization','org_s09_pharmacy_3f5b8973274fdfaf','seed_source_osm_pharmacies_ng_20260502','seeded');
INSERT OR IGNORE INTO seed_enrichment (id,seed_run_id,entity_type,entity_id,enrichment_type,enrichment_json) VALUES ('enr_s09_pharmacy_3f5b8973274fdfaf','seed_run_s09_osm_pharmacies_20260502','organization','org_s09_pharmacy_3f5b8973274fdfaf','licence_data','{"osm_id": "9769369942", "amenity": "pharmacy", "addr_state": null, "operator": null, "brand": null}');

INSERT OR IGNORE INTO organizations (id,tenant_id,organization_type,legal_name,display_name,registration_number,status,verification_state,created_at,updated_at) VALUES ('org_s09_pharmacy_704f6118b782e6f2','tenant_platform_seed','pharmacy','Dumjos pharmacy','Dumjos pharmacy',NULL,'active','seeded',unixepoch(),unixepoch());
INSERT OR IGNORE INTO profiles (id,subject_id,subject_type,primary_place_id,tenant_id,workspace_id,display_name,created_at,updated_at) VALUES ('prof_s09_pharmacy_704f6118b782e6f2','org_s09_pharmacy_704f6118b782e6f2','organization','place_nigeria_001','tenant_platform_seed','workspace_platform_seed_discovery','Dumjos pharmacy',unixepoch(),unixepoch());
INSERT OR IGNORE INTO search_entries (id,profile_id,display_name,keywords,ancestry_path,vertical,created_at,updated_at) VALUES ('se_s09_pharmacy_704f6118b782e6f2','prof_s09_pharmacy_704f6118b782e6f2','Dumjos pharmacy','dumjos pharmacy pharmacy chemist drug store medicine nigeria','place_nigeria_001','pharmacy',unixepoch(),unixepoch());
INSERT OR IGNORE INTO seed_ingestion_records (id,seed_run_id,entity_type,entity_id,source_id,status) VALUES ('ir_s09_pharmacy_704f6118b782e6f2','seed_run_s09_osm_pharmacies_20260502','organization','org_s09_pharmacy_704f6118b782e6f2','seed_source_osm_pharmacies_ng_20260502','ingested');
INSERT OR IGNORE INTO seed_entity_sources (id,seed_run_id,entity_type,entity_id,source_id,confidence_tier) VALUES ('es_s09_pharmacy_704f6118b782e6f2','seed_run_s09_osm_pharmacies_20260502','organization','org_s09_pharmacy_704f6118b782e6f2','seed_source_osm_pharmacies_ng_20260502','seeded');
INSERT OR IGNORE INTO seed_enrichment (id,seed_run_id,entity_type,entity_id,enrichment_type,enrichment_json) VALUES ('enr_s09_pharmacy_704f6118b782e6f2','seed_run_s09_osm_pharmacies_20260502','organization','org_s09_pharmacy_704f6118b782e6f2','licence_data','{"osm_id": "9769427319", "amenity": "pharmacy", "addr_state": null, "operator": null, "brand": null}');

INSERT OR IGNORE INTO organizations (id,tenant_id,organization_type,legal_name,display_name,registration_number,status,verification_state,created_at,updated_at) VALUES ('org_s09_pharmacy_fbf3b0fe078e1f1a','tenant_platform_seed','pharmacy','Hexo pharmacy','Hexo pharmacy',NULL,'active','seeded',unixepoch(),unixepoch());
INSERT OR IGNORE INTO profiles (id,subject_id,subject_type,primary_place_id,tenant_id,workspace_id,display_name,created_at,updated_at) VALUES ('prof_s09_pharmacy_fbf3b0fe078e1f1a','org_s09_pharmacy_fbf3b0fe078e1f1a','organization','place_nigeria_001','tenant_platform_seed','workspace_platform_seed_discovery','Hexo pharmacy',unixepoch(),unixepoch());
INSERT OR IGNORE INTO search_entries (id,profile_id,display_name,keywords,ancestry_path,vertical,created_at,updated_at) VALUES ('se_s09_pharmacy_fbf3b0fe078e1f1a','prof_s09_pharmacy_fbf3b0fe078e1f1a','Hexo pharmacy','hexo pharmacy pharmacy chemist drug store medicine nigeria','place_nigeria_001','pharmacy',unixepoch(),unixepoch());
INSERT OR IGNORE INTO seed_ingestion_records (id,seed_run_id,entity_type,entity_id,source_id,status) VALUES ('ir_s09_pharmacy_fbf3b0fe078e1f1a','seed_run_s09_osm_pharmacies_20260502','organization','org_s09_pharmacy_fbf3b0fe078e1f1a','seed_source_osm_pharmacies_ng_20260502','ingested');
INSERT OR IGNORE INTO seed_entity_sources (id,seed_run_id,entity_type,entity_id,source_id,confidence_tier) VALUES ('es_s09_pharmacy_fbf3b0fe078e1f1a','seed_run_s09_osm_pharmacies_20260502','organization','org_s09_pharmacy_fbf3b0fe078e1f1a','seed_source_osm_pharmacies_ng_20260502','seeded');
INSERT OR IGNORE INTO seed_enrichment (id,seed_run_id,entity_type,entity_id,enrichment_type,enrichment_json) VALUES ('enr_s09_pharmacy_fbf3b0fe078e1f1a','seed_run_s09_osm_pharmacies_20260502','organization','org_s09_pharmacy_fbf3b0fe078e1f1a','licence_data','{"osm_id": "9769428176", "amenity": "pharmacy", "addr_state": null, "operator": null, "brand": null}');

INSERT OR IGNORE INTO organizations (id,tenant_id,organization_type,legal_name,display_name,registration_number,status,verification_state,created_at,updated_at) VALUES ('org_s09_pharmacy_1e5e99de911960e8','tenant_platform_seed','pharmacy','JKF pharmacy','JKF pharmacy',NULL,'active','seeded',unixepoch(),unixepoch());
INSERT OR IGNORE INTO profiles (id,subject_id,subject_type,primary_place_id,tenant_id,workspace_id,display_name,created_at,updated_at) VALUES ('prof_s09_pharmacy_1e5e99de911960e8','org_s09_pharmacy_1e5e99de911960e8','organization','place_nigeria_001','tenant_platform_seed','workspace_platform_seed_discovery','JKF pharmacy',unixepoch(),unixepoch());
INSERT OR IGNORE INTO search_entries (id,profile_id,display_name,keywords,ancestry_path,vertical,created_at,updated_at) VALUES ('se_s09_pharmacy_1e5e99de911960e8','prof_s09_pharmacy_1e5e99de911960e8','JKF pharmacy','jkf pharmacy pharmacy chemist drug store medicine nigeria','place_nigeria_001','pharmacy',unixepoch(),unixepoch());
INSERT OR IGNORE INTO seed_ingestion_records (id,seed_run_id,entity_type,entity_id,source_id,status) VALUES ('ir_s09_pharmacy_1e5e99de911960e8','seed_run_s09_osm_pharmacies_20260502','organization','org_s09_pharmacy_1e5e99de911960e8','seed_source_osm_pharmacies_ng_20260502','ingested');
INSERT OR IGNORE INTO seed_entity_sources (id,seed_run_id,entity_type,entity_id,source_id,confidence_tier) VALUES ('es_s09_pharmacy_1e5e99de911960e8','seed_run_s09_osm_pharmacies_20260502','organization','org_s09_pharmacy_1e5e99de911960e8','seed_source_osm_pharmacies_ng_20260502','seeded');
INSERT OR IGNORE INTO seed_enrichment (id,seed_run_id,entity_type,entity_id,enrichment_type,enrichment_json) VALUES ('enr_s09_pharmacy_1e5e99de911960e8','seed_run_s09_osm_pharmacies_20260502','organization','org_s09_pharmacy_1e5e99de911960e8','licence_data','{"osm_id": "9769457511", "amenity": "pharmacy", "addr_state": null, "operator": null, "brand": null}');

INSERT OR IGNORE INTO organizations (id,tenant_id,organization_type,legal_name,display_name,registration_number,status,verification_state,created_at,updated_at) VALUES ('org_s09_pharmacy_7e8278b1dfe099fa','tenant_platform_seed','pharmacy','Tinna pharmacy','Tinna pharmacy',NULL,'active','seeded',unixepoch(),unixepoch());
INSERT OR IGNORE INTO profiles (id,subject_id,subject_type,primary_place_id,tenant_id,workspace_id,display_name,created_at,updated_at) VALUES ('prof_s09_pharmacy_7e8278b1dfe099fa','org_s09_pharmacy_7e8278b1dfe099fa','organization','place_nigeria_001','tenant_platform_seed','workspace_platform_seed_discovery','Tinna pharmacy',unixepoch(),unixepoch());
INSERT OR IGNORE INTO search_entries (id,profile_id,display_name,keywords,ancestry_path,vertical,created_at,updated_at) VALUES ('se_s09_pharmacy_7e8278b1dfe099fa','prof_s09_pharmacy_7e8278b1dfe099fa','Tinna pharmacy','tinna pharmacy pharmacy chemist drug store medicine nigeria','place_nigeria_001','pharmacy',unixepoch(),unixepoch());
INSERT OR IGNORE INTO seed_ingestion_records (id,seed_run_id,entity_type,entity_id,source_id,status) VALUES ('ir_s09_pharmacy_7e8278b1dfe099fa','seed_run_s09_osm_pharmacies_20260502','organization','org_s09_pharmacy_7e8278b1dfe099fa','seed_source_osm_pharmacies_ng_20260502','ingested');
INSERT OR IGNORE INTO seed_entity_sources (id,seed_run_id,entity_type,entity_id,source_id,confidence_tier) VALUES ('es_s09_pharmacy_7e8278b1dfe099fa','seed_run_s09_osm_pharmacies_20260502','organization','org_s09_pharmacy_7e8278b1dfe099fa','seed_source_osm_pharmacies_ng_20260502','seeded');
INSERT OR IGNORE INTO seed_enrichment (id,seed_run_id,entity_type,entity_id,enrichment_type,enrichment_json) VALUES ('enr_s09_pharmacy_7e8278b1dfe099fa','seed_run_s09_osm_pharmacies_20260502','organization','org_s09_pharmacy_7e8278b1dfe099fa','licence_data','{"osm_id": "9769472265", "amenity": "pharmacy", "addr_state": null, "operator": null, "brand": null}');

INSERT OR IGNORE INTO organizations (id,tenant_id,organization_type,legal_name,display_name,registration_number,status,verification_state,created_at,updated_at) VALUES ('org_s09_pharmacy_5caf1fec642c09f9','tenant_platform_seed','pharmacy','Delimi central pharmacy','Delimi central pharmacy',NULL,'active','seeded',unixepoch(),unixepoch());
INSERT OR IGNORE INTO profiles (id,subject_id,subject_type,primary_place_id,tenant_id,workspace_id,display_name,created_at,updated_at) VALUES ('prof_s09_pharmacy_5caf1fec642c09f9','org_s09_pharmacy_5caf1fec642c09f9','organization','place_nigeria_001','tenant_platform_seed','workspace_platform_seed_discovery','Delimi central pharmacy',unixepoch(),unixepoch());
INSERT OR IGNORE INTO search_entries (id,profile_id,display_name,keywords,ancestry_path,vertical,created_at,updated_at) VALUES ('se_s09_pharmacy_5caf1fec642c09f9','prof_s09_pharmacy_5caf1fec642c09f9','Delimi central pharmacy','delimi central pharmacy pharmacy chemist drug store medicine nigeria','place_nigeria_001','pharmacy',unixepoch(),unixepoch());
INSERT OR IGNORE INTO seed_ingestion_records (id,seed_run_id,entity_type,entity_id,source_id,status) VALUES ('ir_s09_pharmacy_5caf1fec642c09f9','seed_run_s09_osm_pharmacies_20260502','organization','org_s09_pharmacy_5caf1fec642c09f9','seed_source_osm_pharmacies_ng_20260502','ingested');
INSERT OR IGNORE INTO seed_entity_sources (id,seed_run_id,entity_type,entity_id,source_id,confidence_tier) VALUES ('es_s09_pharmacy_5caf1fec642c09f9','seed_run_s09_osm_pharmacies_20260502','organization','org_s09_pharmacy_5caf1fec642c09f9','seed_source_osm_pharmacies_ng_20260502','seeded');
INSERT OR IGNORE INTO seed_enrichment (id,seed_run_id,entity_type,entity_id,enrichment_type,enrichment_json) VALUES ('enr_s09_pharmacy_5caf1fec642c09f9','seed_run_s09_osm_pharmacies_20260502','organization','org_s09_pharmacy_5caf1fec642c09f9','licence_data','{"osm_id": "9769481174", "amenity": "pharmacy", "addr_state": null, "operator": null, "brand": null}');

INSERT OR IGNORE INTO organizations (id,tenant_id,organization_type,legal_name,display_name,registration_number,status,verification_state,created_at,updated_at) VALUES ('org_s09_pharmacy_90136921f421c66f','tenant_platform_seed','pharmacy','Nasara pharmacy','Nasara pharmacy',NULL,'active','seeded',unixepoch(),unixepoch());
INSERT OR IGNORE INTO profiles (id,subject_id,subject_type,primary_place_id,tenant_id,workspace_id,display_name,created_at,updated_at) VALUES ('prof_s09_pharmacy_90136921f421c66f','org_s09_pharmacy_90136921f421c66f','organization','place_nigeria_001','tenant_platform_seed','workspace_platform_seed_discovery','Nasara pharmacy',unixepoch(),unixepoch());
INSERT OR IGNORE INTO search_entries (id,profile_id,display_name,keywords,ancestry_path,vertical,created_at,updated_at) VALUES ('se_s09_pharmacy_90136921f421c66f','prof_s09_pharmacy_90136921f421c66f','Nasara pharmacy','nasara pharmacy pharmacy chemist drug store medicine nigeria','place_nigeria_001','pharmacy',unixepoch(),unixepoch());
INSERT OR IGNORE INTO seed_ingestion_records (id,seed_run_id,entity_type,entity_id,source_id,status) VALUES ('ir_s09_pharmacy_90136921f421c66f','seed_run_s09_osm_pharmacies_20260502','organization','org_s09_pharmacy_90136921f421c66f','seed_source_osm_pharmacies_ng_20260502','ingested');
INSERT OR IGNORE INTO seed_entity_sources (id,seed_run_id,entity_type,entity_id,source_id,confidence_tier) VALUES ('es_s09_pharmacy_90136921f421c66f','seed_run_s09_osm_pharmacies_20260502','organization','org_s09_pharmacy_90136921f421c66f','seed_source_osm_pharmacies_ng_20260502','seeded');
INSERT OR IGNORE INTO seed_enrichment (id,seed_run_id,entity_type,entity_id,enrichment_type,enrichment_json) VALUES ('enr_s09_pharmacy_90136921f421c66f','seed_run_s09_osm_pharmacies_20260502','organization','org_s09_pharmacy_90136921f421c66f','licence_data','{"osm_id": "9769482085", "amenity": "pharmacy", "addr_state": null, "operator": null, "brand": null}');

INSERT OR IGNORE INTO organizations (id,tenant_id,organization_type,legal_name,display_name,registration_number,status,verification_state,created_at,updated_at) VALUES ('org_s09_pharmacy_7cee01e547f08067','tenant_platform_seed','pharmacy','Wadata pharmacy','Wadata pharmacy',NULL,'active','seeded',unixepoch(),unixepoch());
INSERT OR IGNORE INTO profiles (id,subject_id,subject_type,primary_place_id,tenant_id,workspace_id,display_name,created_at,updated_at) VALUES ('prof_s09_pharmacy_7cee01e547f08067','org_s09_pharmacy_7cee01e547f08067','organization','place_nigeria_001','tenant_platform_seed','workspace_platform_seed_discovery','Wadata pharmacy',unixepoch(),unixepoch());
INSERT OR IGNORE INTO search_entries (id,profile_id,display_name,keywords,ancestry_path,vertical,created_at,updated_at) VALUES ('se_s09_pharmacy_7cee01e547f08067','prof_s09_pharmacy_7cee01e547f08067','Wadata pharmacy','wadata pharmacy pharmacy chemist drug store medicine nigeria','place_nigeria_001','pharmacy',unixepoch(),unixepoch());
INSERT OR IGNORE INTO seed_ingestion_records (id,seed_run_id,entity_type,entity_id,source_id,status) VALUES ('ir_s09_pharmacy_7cee01e547f08067','seed_run_s09_osm_pharmacies_20260502','organization','org_s09_pharmacy_7cee01e547f08067','seed_source_osm_pharmacies_ng_20260502','ingested');
INSERT OR IGNORE INTO seed_entity_sources (id,seed_run_id,entity_type,entity_id,source_id,confidence_tier) VALUES ('es_s09_pharmacy_7cee01e547f08067','seed_run_s09_osm_pharmacies_20260502','organization','org_s09_pharmacy_7cee01e547f08067','seed_source_osm_pharmacies_ng_20260502','seeded');
INSERT OR IGNORE INTO seed_enrichment (id,seed_run_id,entity_type,entity_id,enrichment_type,enrichment_json) VALUES ('enr_s09_pharmacy_7cee01e547f08067','seed_run_s09_osm_pharmacies_20260502','organization','org_s09_pharmacy_7cee01e547f08067','licence_data','{"osm_id": "9769514604", "amenity": "pharmacy", "addr_state": null, "operator": null, "brand": null}');

INSERT OR IGNORE INTO organizations (id,tenant_id,organization_type,legal_name,display_name,registration_number,status,verification_state,created_at,updated_at) VALUES ('org_s09_pharmacy_2a3ee57123433096','tenant_platform_seed','pharmacy','Micony pharmacy','Micony pharmacy',NULL,'active','seeded',unixepoch(),unixepoch());
INSERT OR IGNORE INTO profiles (id,subject_id,subject_type,primary_place_id,tenant_id,workspace_id,display_name,created_at,updated_at) VALUES ('prof_s09_pharmacy_2a3ee57123433096','org_s09_pharmacy_2a3ee57123433096','organization','place_nigeria_001','tenant_platform_seed','workspace_platform_seed_discovery','Micony pharmacy',unixepoch(),unixepoch());
INSERT OR IGNORE INTO search_entries (id,profile_id,display_name,keywords,ancestry_path,vertical,created_at,updated_at) VALUES ('se_s09_pharmacy_2a3ee57123433096','prof_s09_pharmacy_2a3ee57123433096','Micony pharmacy','micony pharmacy pharmacy chemist drug store medicine nigeria','place_nigeria_001','pharmacy',unixepoch(),unixepoch());
INSERT OR IGNORE INTO seed_ingestion_records (id,seed_run_id,entity_type,entity_id,source_id,status) VALUES ('ir_s09_pharmacy_2a3ee57123433096','seed_run_s09_osm_pharmacies_20260502','organization','org_s09_pharmacy_2a3ee57123433096','seed_source_osm_pharmacies_ng_20260502','ingested');
INSERT OR IGNORE INTO seed_entity_sources (id,seed_run_id,entity_type,entity_id,source_id,confidence_tier) VALUES ('es_s09_pharmacy_2a3ee57123433096','seed_run_s09_osm_pharmacies_20260502','organization','org_s09_pharmacy_2a3ee57123433096','seed_source_osm_pharmacies_ng_20260502','seeded');
INSERT OR IGNORE INTO seed_enrichment (id,seed_run_id,entity_type,entity_id,enrichment_type,enrichment_json) VALUES ('enr_s09_pharmacy_2a3ee57123433096','seed_run_s09_osm_pharmacies_20260502','organization','org_s09_pharmacy_2a3ee57123433096','licence_data','{"osm_id": "9769535657", "amenity": "pharmacy", "addr_state": null, "operator": null, "brand": null}');

INSERT OR IGNORE INTO organizations (id,tenant_id,organization_type,legal_name,display_name,registration_number,status,verification_state,created_at,updated_at) VALUES ('org_s09_pharmacy_123e76971b815cc5','tenant_platform_seed','pharmacy','Adacon pharmacy','Adacon pharmacy',NULL,'active','seeded',unixepoch(),unixepoch());
INSERT OR IGNORE INTO profiles (id,subject_id,subject_type,primary_place_id,tenant_id,workspace_id,display_name,created_at,updated_at) VALUES ('prof_s09_pharmacy_123e76971b815cc5','org_s09_pharmacy_123e76971b815cc5','organization','place_nigeria_001','tenant_platform_seed','workspace_platform_seed_discovery','Adacon pharmacy',unixepoch(),unixepoch());
INSERT OR IGNORE INTO search_entries (id,profile_id,display_name,keywords,ancestry_path,vertical,created_at,updated_at) VALUES ('se_s09_pharmacy_123e76971b815cc5','prof_s09_pharmacy_123e76971b815cc5','Adacon pharmacy','adacon pharmacy pharmacy chemist drug store medicine nigeria','place_nigeria_001','pharmacy',unixepoch(),unixepoch());
INSERT OR IGNORE INTO seed_ingestion_records (id,seed_run_id,entity_type,entity_id,source_id,status) VALUES ('ir_s09_pharmacy_123e76971b815cc5','seed_run_s09_osm_pharmacies_20260502','organization','org_s09_pharmacy_123e76971b815cc5','seed_source_osm_pharmacies_ng_20260502','ingested');
INSERT OR IGNORE INTO seed_entity_sources (id,seed_run_id,entity_type,entity_id,source_id,confidence_tier) VALUES ('es_s09_pharmacy_123e76971b815cc5','seed_run_s09_osm_pharmacies_20260502','organization','org_s09_pharmacy_123e76971b815cc5','seed_source_osm_pharmacies_ng_20260502','seeded');
INSERT OR IGNORE INTO seed_enrichment (id,seed_run_id,entity_type,entity_id,enrichment_type,enrichment_json) VALUES ('enr_s09_pharmacy_123e76971b815cc5','seed_run_s09_osm_pharmacies_20260502','organization','org_s09_pharmacy_123e76971b815cc5','licence_data','{"osm_id": "9769537652", "amenity": "pharmacy", "addr_state": null, "operator": null, "brand": null}');

INSERT OR IGNORE INTO organizations (id,tenant_id,organization_type,legal_name,display_name,registration_number,status,verification_state,created_at,updated_at) VALUES ('org_s09_pharmacy_7d3ff9d51bee06d3','tenant_platform_seed','pharmacy','Ecwa central pharmacy','Ecwa central pharmacy',NULL,'active','seeded',unixepoch(),unixepoch());
INSERT OR IGNORE INTO profiles (id,subject_id,subject_type,primary_place_id,tenant_id,workspace_id,display_name,created_at,updated_at) VALUES ('prof_s09_pharmacy_7d3ff9d51bee06d3','org_s09_pharmacy_7d3ff9d51bee06d3','organization','place_nigeria_001','tenant_platform_seed','workspace_platform_seed_discovery','Ecwa central pharmacy',unixepoch(),unixepoch());
INSERT OR IGNORE INTO search_entries (id,profile_id,display_name,keywords,ancestry_path,vertical,created_at,updated_at) VALUES ('se_s09_pharmacy_7d3ff9d51bee06d3','prof_s09_pharmacy_7d3ff9d51bee06d3','Ecwa central pharmacy','ecwa central pharmacy pharmacy chemist drug store medicine nigeria','place_nigeria_001','pharmacy',unixepoch(),unixepoch());
INSERT OR IGNORE INTO seed_ingestion_records (id,seed_run_id,entity_type,entity_id,source_id,status) VALUES ('ir_s09_pharmacy_7d3ff9d51bee06d3','seed_run_s09_osm_pharmacies_20260502','organization','org_s09_pharmacy_7d3ff9d51bee06d3','seed_source_osm_pharmacies_ng_20260502','ingested');
INSERT OR IGNORE INTO seed_entity_sources (id,seed_run_id,entity_type,entity_id,source_id,confidence_tier) VALUES ('es_s09_pharmacy_7d3ff9d51bee06d3','seed_run_s09_osm_pharmacies_20260502','organization','org_s09_pharmacy_7d3ff9d51bee06d3','seed_source_osm_pharmacies_ng_20260502','seeded');
INSERT OR IGNORE INTO seed_enrichment (id,seed_run_id,entity_type,entity_id,enrichment_type,enrichment_json) VALUES ('enr_s09_pharmacy_7d3ff9d51bee06d3','seed_run_s09_osm_pharmacies_20260502','organization','org_s09_pharmacy_7d3ff9d51bee06d3','licence_data','{"osm_id": "9769599889", "amenity": "pharmacy", "addr_state": null, "operator": null, "brand": null}');

INSERT OR IGNORE INTO organizations (id,tenant_id,organization_type,legal_name,display_name,registration_number,status,verification_state,created_at,updated_at) VALUES ('org_s09_pharmacy_116273f555aca41c','tenant_platform_seed','pharmacy','Kunook Pharmacy','Kunook Pharmacy',NULL,'active','seeded',unixepoch(),unixepoch());
INSERT OR IGNORE INTO profiles (id,subject_id,subject_type,primary_place_id,tenant_id,workspace_id,display_name,created_at,updated_at) VALUES ('prof_s09_pharmacy_116273f555aca41c','org_s09_pharmacy_116273f555aca41c','organization','place_nigeria_001','tenant_platform_seed','workspace_platform_seed_discovery','Kunook Pharmacy',unixepoch(),unixepoch());
INSERT OR IGNORE INTO search_entries (id,profile_id,display_name,keywords,ancestry_path,vertical,created_at,updated_at) VALUES ('se_s09_pharmacy_116273f555aca41c','prof_s09_pharmacy_116273f555aca41c','Kunook Pharmacy','kunook pharmacy pharmacy chemist drug store medicine nigeria','place_nigeria_001','pharmacy',unixepoch(),unixepoch());
INSERT OR IGNORE INTO seed_ingestion_records (id,seed_run_id,entity_type,entity_id,source_id,status) VALUES ('ir_s09_pharmacy_116273f555aca41c','seed_run_s09_osm_pharmacies_20260502','organization','org_s09_pharmacy_116273f555aca41c','seed_source_osm_pharmacies_ng_20260502','ingested');
INSERT OR IGNORE INTO seed_entity_sources (id,seed_run_id,entity_type,entity_id,source_id,confidence_tier) VALUES ('es_s09_pharmacy_116273f555aca41c','seed_run_s09_osm_pharmacies_20260502','organization','org_s09_pharmacy_116273f555aca41c','seed_source_osm_pharmacies_ng_20260502','seeded');
INSERT OR IGNORE INTO seed_enrichment (id,seed_run_id,entity_type,entity_id,enrichment_type,enrichment_json) VALUES ('enr_s09_pharmacy_116273f555aca41c','seed_run_s09_osm_pharmacies_20260502','organization','org_s09_pharmacy_116273f555aca41c','licence_data','{"osm_id": "9769700995", "amenity": "pharmacy", "addr_state": null, "operator": null, "brand": null}');

INSERT OR IGNORE INTO organizations (id,tenant_id,organization_type,legal_name,display_name,registration_number,status,verification_state,created_at,updated_at) VALUES ('org_s09_pharmacy_f0f15600dca779f4','tenant_platform_seed','pharmacy','Healthy You Pharmacy & Superstore','Healthy You Pharmacy & Superstore',NULL,'active','seeded',unixepoch(),unixepoch());
INSERT OR IGNORE INTO profiles (id,subject_id,subject_type,primary_place_id,tenant_id,workspace_id,display_name,created_at,updated_at) VALUES ('prof_s09_pharmacy_f0f15600dca779f4','org_s09_pharmacy_f0f15600dca779f4','organization','place_nigeria_001','tenant_platform_seed','workspace_platform_seed_discovery','Healthy You Pharmacy & Superstore',unixepoch(),unixepoch());
INSERT OR IGNORE INTO search_entries (id,profile_id,display_name,keywords,ancestry_path,vertical,created_at,updated_at) VALUES ('se_s09_pharmacy_f0f15600dca779f4','prof_s09_pharmacy_f0f15600dca779f4','Healthy You Pharmacy & Superstore','healthy you pharmacy & superstore pharmacy chemist drug store medicine nigeria','place_nigeria_001','pharmacy',unixepoch(),unixepoch());
INSERT OR IGNORE INTO seed_ingestion_records (id,seed_run_id,entity_type,entity_id,source_id,status) VALUES ('ir_s09_pharmacy_f0f15600dca779f4','seed_run_s09_osm_pharmacies_20260502','organization','org_s09_pharmacy_f0f15600dca779f4','seed_source_osm_pharmacies_ng_20260502','ingested');
INSERT OR IGNORE INTO seed_entity_sources (id,seed_run_id,entity_type,entity_id,source_id,confidence_tier) VALUES ('es_s09_pharmacy_f0f15600dca779f4','seed_run_s09_osm_pharmacies_20260502','organization','org_s09_pharmacy_f0f15600dca779f4','seed_source_osm_pharmacies_ng_20260502','seeded');
INSERT OR IGNORE INTO seed_enrichment (id,seed_run_id,entity_type,entity_id,enrichment_type,enrichment_json) VALUES ('enr_s09_pharmacy_f0f15600dca779f4','seed_run_s09_osm_pharmacies_20260502','organization','org_s09_pharmacy_f0f15600dca779f4','licence_data','{"osm_id": "9769790065", "amenity": "pharmacy", "addr_state": null, "operator": null, "brand": null}');

INSERT OR IGNORE INTO organizations (id,tenant_id,organization_type,legal_name,display_name,registration_number,status,verification_state,created_at,updated_at) VALUES ('org_s09_pharmacy_77331b809b453c29','tenant_platform_seed','pharmacy','La Med Pharmacy','La Med Pharmacy',NULL,'active','seeded',unixepoch(),unixepoch());
INSERT OR IGNORE INTO profiles (id,subject_id,subject_type,primary_place_id,tenant_id,workspace_id,display_name,created_at,updated_at) VALUES ('prof_s09_pharmacy_77331b809b453c29','org_s09_pharmacy_77331b809b453c29','organization','place_nigeria_001','tenant_platform_seed','workspace_platform_seed_discovery','La Med Pharmacy',unixepoch(),unixepoch());
INSERT OR IGNORE INTO search_entries (id,profile_id,display_name,keywords,ancestry_path,vertical,created_at,updated_at) VALUES ('se_s09_pharmacy_77331b809b453c29','prof_s09_pharmacy_77331b809b453c29','La Med Pharmacy','la med pharmacy pharmacy chemist drug store medicine nigeria','place_nigeria_001','pharmacy',unixepoch(),unixepoch());
INSERT OR IGNORE INTO seed_ingestion_records (id,seed_run_id,entity_type,entity_id,source_id,status) VALUES ('ir_s09_pharmacy_77331b809b453c29','seed_run_s09_osm_pharmacies_20260502','organization','org_s09_pharmacy_77331b809b453c29','seed_source_osm_pharmacies_ng_20260502','ingested');
INSERT OR IGNORE INTO seed_entity_sources (id,seed_run_id,entity_type,entity_id,source_id,confidence_tier) VALUES ('es_s09_pharmacy_77331b809b453c29','seed_run_s09_osm_pharmacies_20260502','organization','org_s09_pharmacy_77331b809b453c29','seed_source_osm_pharmacies_ng_20260502','seeded');
INSERT OR IGNORE INTO seed_enrichment (id,seed_run_id,entity_type,entity_id,enrichment_type,enrichment_json) VALUES ('enr_s09_pharmacy_77331b809b453c29','seed_run_s09_osm_pharmacies_20260502','organization','org_s09_pharmacy_77331b809b453c29','licence_data','{"osm_id": "9769822675", "amenity": "pharmacy", "addr_state": null, "operator": null, "brand": null}');

INSERT OR IGNORE INTO organizations (id,tenant_id,organization_type,legal_name,display_name,registration_number,status,verification_state,created_at,updated_at) VALUES ('org_s09_pharmacy_53edac79ee74c61b','tenant_platform_seed','pharmacy','Julimate Vet','Julimate Vet',NULL,'active','seeded',unixepoch(),unixepoch());
INSERT OR IGNORE INTO profiles (id,subject_id,subject_type,primary_place_id,tenant_id,workspace_id,display_name,created_at,updated_at) VALUES ('prof_s09_pharmacy_53edac79ee74c61b','org_s09_pharmacy_53edac79ee74c61b','organization','place_nigeria_001','tenant_platform_seed','workspace_platform_seed_discovery','Julimate Vet',unixepoch(),unixepoch());
INSERT OR IGNORE INTO search_entries (id,profile_id,display_name,keywords,ancestry_path,vertical,created_at,updated_at) VALUES ('se_s09_pharmacy_53edac79ee74c61b','prof_s09_pharmacy_53edac79ee74c61b','Julimate Vet','julimate vet pharmacy chemist drug store medicine nigeria','place_nigeria_001','pharmacy',unixepoch(),unixepoch());
INSERT OR IGNORE INTO seed_ingestion_records (id,seed_run_id,entity_type,entity_id,source_id,status) VALUES ('ir_s09_pharmacy_53edac79ee74c61b','seed_run_s09_osm_pharmacies_20260502','organization','org_s09_pharmacy_53edac79ee74c61b','seed_source_osm_pharmacies_ng_20260502','ingested');
INSERT OR IGNORE INTO seed_entity_sources (id,seed_run_id,entity_type,entity_id,source_id,confidence_tier) VALUES ('es_s09_pharmacy_53edac79ee74c61b','seed_run_s09_osm_pharmacies_20260502','organization','org_s09_pharmacy_53edac79ee74c61b','seed_source_osm_pharmacies_ng_20260502','seeded');
INSERT OR IGNORE INTO seed_enrichment (id,seed_run_id,entity_type,entity_id,enrichment_type,enrichment_json) VALUES ('enr_s09_pharmacy_53edac79ee74c61b','seed_run_s09_osm_pharmacies_20260502','organization','org_s09_pharmacy_53edac79ee74c61b','licence_data','{"osm_id": "9769939631", "amenity": "pharmacy", "addr_state": null, "operator": null, "brand": null}');

INSERT OR IGNORE INTO organizations (id,tenant_id,organization_type,legal_name,display_name,registration_number,status,verification_state,created_at,updated_at) VALUES ('org_s09_pharmacy_6f753a59c4705294','tenant_platform_seed','pharmacy','Paba pharmacy','Paba pharmacy',NULL,'active','seeded',unixepoch(),unixepoch());
INSERT OR IGNORE INTO profiles (id,subject_id,subject_type,primary_place_id,tenant_id,workspace_id,display_name,created_at,updated_at) VALUES ('prof_s09_pharmacy_6f753a59c4705294','org_s09_pharmacy_6f753a59c4705294','organization','place_nigeria_001','tenant_platform_seed','workspace_platform_seed_discovery','Paba pharmacy',unixepoch(),unixepoch());
INSERT OR IGNORE INTO search_entries (id,profile_id,display_name,keywords,ancestry_path,vertical,created_at,updated_at) VALUES ('se_s09_pharmacy_6f753a59c4705294','prof_s09_pharmacy_6f753a59c4705294','Paba pharmacy','paba pharmacy pharmacy chemist drug store medicine nigeria','place_nigeria_001','pharmacy',unixepoch(),unixepoch());
INSERT OR IGNORE INTO seed_ingestion_records (id,seed_run_id,entity_type,entity_id,source_id,status) VALUES ('ir_s09_pharmacy_6f753a59c4705294','seed_run_s09_osm_pharmacies_20260502','organization','org_s09_pharmacy_6f753a59c4705294','seed_source_osm_pharmacies_ng_20260502','ingested');
INSERT OR IGNORE INTO seed_entity_sources (id,seed_run_id,entity_type,entity_id,source_id,confidence_tier) VALUES ('es_s09_pharmacy_6f753a59c4705294','seed_run_s09_osm_pharmacies_20260502','organization','org_s09_pharmacy_6f753a59c4705294','seed_source_osm_pharmacies_ng_20260502','seeded');
INSERT OR IGNORE INTO seed_enrichment (id,seed_run_id,entity_type,entity_id,enrichment_type,enrichment_json) VALUES ('enr_s09_pharmacy_6f753a59c4705294','seed_run_s09_osm_pharmacies_20260502','organization','org_s09_pharmacy_6f753a59c4705294','licence_data','{"osm_id": "9769959286", "amenity": "pharmacy", "addr_state": null, "operator": null, "brand": null}');

INSERT OR IGNORE INTO organizations (id,tenant_id,organization_type,legal_name,display_name,registration_number,status,verification_state,created_at,updated_at) VALUES ('org_s09_pharmacy_941f7218d895188c','tenant_platform_seed','pharmacy','Emergency pharmacy','Emergency pharmacy',NULL,'active','seeded',unixepoch(),unixepoch());
INSERT OR IGNORE INTO profiles (id,subject_id,subject_type,primary_place_id,tenant_id,workspace_id,display_name,created_at,updated_at) VALUES ('prof_s09_pharmacy_941f7218d895188c','org_s09_pharmacy_941f7218d895188c','organization','place_nigeria_001','tenant_platform_seed','workspace_platform_seed_discovery','Emergency pharmacy',unixepoch(),unixepoch());
INSERT OR IGNORE INTO search_entries (id,profile_id,display_name,keywords,ancestry_path,vertical,created_at,updated_at) VALUES ('se_s09_pharmacy_941f7218d895188c','prof_s09_pharmacy_941f7218d895188c','Emergency pharmacy','emergency pharmacy pharmacy chemist drug store medicine nigeria','place_nigeria_001','pharmacy',unixepoch(),unixepoch());
INSERT OR IGNORE INTO seed_ingestion_records (id,seed_run_id,entity_type,entity_id,source_id,status) VALUES ('ir_s09_pharmacy_941f7218d895188c','seed_run_s09_osm_pharmacies_20260502','organization','org_s09_pharmacy_941f7218d895188c','seed_source_osm_pharmacies_ng_20260502','ingested');
INSERT OR IGNORE INTO seed_entity_sources (id,seed_run_id,entity_type,entity_id,source_id,confidence_tier) VALUES ('es_s09_pharmacy_941f7218d895188c','seed_run_s09_osm_pharmacies_20260502','organization','org_s09_pharmacy_941f7218d895188c','seed_source_osm_pharmacies_ng_20260502','seeded');
INSERT OR IGNORE INTO seed_enrichment (id,seed_run_id,entity_type,entity_id,enrichment_type,enrichment_json) VALUES ('enr_s09_pharmacy_941f7218d895188c','seed_run_s09_osm_pharmacies_20260502','organization','org_s09_pharmacy_941f7218d895188c','licence_data','{"osm_id": "9770021852", "amenity": "pharmacy", "addr_state": null, "operator": null, "brand": null}');

INSERT OR IGNORE INTO organizations (id,tenant_id,organization_type,legal_name,display_name,registration_number,status,verification_state,created_at,updated_at) VALUES ('org_s09_pharmacy_761bae46d104126d','tenant_platform_seed','pharmacy','Tahaf pharmacy and stores','Tahaf pharmacy and stores',NULL,'active','seeded',unixepoch(),unixepoch());
INSERT OR IGNORE INTO profiles (id,subject_id,subject_type,primary_place_id,tenant_id,workspace_id,display_name,created_at,updated_at) VALUES ('prof_s09_pharmacy_761bae46d104126d','org_s09_pharmacy_761bae46d104126d','organization','place_nigeria_001','tenant_platform_seed','workspace_platform_seed_discovery','Tahaf pharmacy and stores',unixepoch(),unixepoch());
INSERT OR IGNORE INTO search_entries (id,profile_id,display_name,keywords,ancestry_path,vertical,created_at,updated_at) VALUES ('se_s09_pharmacy_761bae46d104126d','prof_s09_pharmacy_761bae46d104126d','Tahaf pharmacy and stores','tahaf pharmacy and stores pharmacy chemist drug store medicine nigeria','place_nigeria_001','pharmacy',unixepoch(),unixepoch());
INSERT OR IGNORE INTO seed_ingestion_records (id,seed_run_id,entity_type,entity_id,source_id,status) VALUES ('ir_s09_pharmacy_761bae46d104126d','seed_run_s09_osm_pharmacies_20260502','organization','org_s09_pharmacy_761bae46d104126d','seed_source_osm_pharmacies_ng_20260502','ingested');
INSERT OR IGNORE INTO seed_entity_sources (id,seed_run_id,entity_type,entity_id,source_id,confidence_tier) VALUES ('es_s09_pharmacy_761bae46d104126d','seed_run_s09_osm_pharmacies_20260502','organization','org_s09_pharmacy_761bae46d104126d','seed_source_osm_pharmacies_ng_20260502','seeded');
INSERT OR IGNORE INTO seed_enrichment (id,seed_run_id,entity_type,entity_id,enrichment_type,enrichment_json) VALUES ('enr_s09_pharmacy_761bae46d104126d','seed_run_s09_osm_pharmacies_20260502','organization','org_s09_pharmacy_761bae46d104126d','licence_data','{"osm_id": "9770029556", "amenity": "pharmacy", "addr_state": null, "operator": null, "brand": null}');

INSERT OR IGNORE INTO organizations (id,tenant_id,organization_type,legal_name,display_name,registration_number,status,verification_state,created_at,updated_at) VALUES ('org_s09_pharmacy_d4ec50da05a9c723','tenant_platform_seed','pharmacy','Alhaji Dan ladi Doctor pharmacy','Alhaji Dan ladi Doctor pharmacy',NULL,'active','seeded',unixepoch(),unixepoch());
INSERT OR IGNORE INTO profiles (id,subject_id,subject_type,primary_place_id,tenant_id,workspace_id,display_name,created_at,updated_at) VALUES ('prof_s09_pharmacy_d4ec50da05a9c723','org_s09_pharmacy_d4ec50da05a9c723','organization','place_nigeria_001','tenant_platform_seed','workspace_platform_seed_discovery','Alhaji Dan ladi Doctor pharmacy',unixepoch(),unixepoch());
INSERT OR IGNORE INTO search_entries (id,profile_id,display_name,keywords,ancestry_path,vertical,created_at,updated_at) VALUES ('se_s09_pharmacy_d4ec50da05a9c723','prof_s09_pharmacy_d4ec50da05a9c723','Alhaji Dan ladi Doctor pharmacy','alhaji dan ladi doctor pharmacy pharmacy chemist drug store medicine nigeria','place_nigeria_001','pharmacy',unixepoch(),unixepoch());
INSERT OR IGNORE INTO seed_ingestion_records (id,seed_run_id,entity_type,entity_id,source_id,status) VALUES ('ir_s09_pharmacy_d4ec50da05a9c723','seed_run_s09_osm_pharmacies_20260502','organization','org_s09_pharmacy_d4ec50da05a9c723','seed_source_osm_pharmacies_ng_20260502','ingested');
INSERT OR IGNORE INTO seed_entity_sources (id,seed_run_id,entity_type,entity_id,source_id,confidence_tier) VALUES ('es_s09_pharmacy_d4ec50da05a9c723','seed_run_s09_osm_pharmacies_20260502','organization','org_s09_pharmacy_d4ec50da05a9c723','seed_source_osm_pharmacies_ng_20260502','seeded');
INSERT OR IGNORE INTO seed_enrichment (id,seed_run_id,entity_type,entity_id,enrichment_type,enrichment_json) VALUES ('enr_s09_pharmacy_d4ec50da05a9c723','seed_run_s09_osm_pharmacies_20260502','organization','org_s09_pharmacy_d4ec50da05a9c723','licence_data','{"osm_id": "9771271989", "amenity": "pharmacy", "addr_state": null, "operator": null, "brand": null}');

INSERT OR IGNORE INTO organizations (id,tenant_id,organization_type,legal_name,display_name,registration_number,status,verification_state,created_at,updated_at) VALUES ('org_s09_pharmacy_108dbd1c6cf7c925','tenant_platform_seed','pharmacy','Kalyto pharmacy','Kalyto pharmacy',NULL,'active','seeded',unixepoch(),unixepoch());
INSERT OR IGNORE INTO profiles (id,subject_id,subject_type,primary_place_id,tenant_id,workspace_id,display_name,created_at,updated_at) VALUES ('prof_s09_pharmacy_108dbd1c6cf7c925','org_s09_pharmacy_108dbd1c6cf7c925','organization','place_nigeria_001','tenant_platform_seed','workspace_platform_seed_discovery','Kalyto pharmacy',unixepoch(),unixepoch());
INSERT OR IGNORE INTO search_entries (id,profile_id,display_name,keywords,ancestry_path,vertical,created_at,updated_at) VALUES ('se_s09_pharmacy_108dbd1c6cf7c925','prof_s09_pharmacy_108dbd1c6cf7c925','Kalyto pharmacy','kalyto pharmacy pharmacy chemist drug store medicine nigeria','place_nigeria_001','pharmacy',unixepoch(),unixepoch());
INSERT OR IGNORE INTO seed_ingestion_records (id,seed_run_id,entity_type,entity_id,source_id,status) VALUES ('ir_s09_pharmacy_108dbd1c6cf7c925','seed_run_s09_osm_pharmacies_20260502','organization','org_s09_pharmacy_108dbd1c6cf7c925','seed_source_osm_pharmacies_ng_20260502','ingested');
INSERT OR IGNORE INTO seed_entity_sources (id,seed_run_id,entity_type,entity_id,source_id,confidence_tier) VALUES ('es_s09_pharmacy_108dbd1c6cf7c925','seed_run_s09_osm_pharmacies_20260502','organization','org_s09_pharmacy_108dbd1c6cf7c925','seed_source_osm_pharmacies_ng_20260502','seeded');
INSERT OR IGNORE INTO seed_enrichment (id,seed_run_id,entity_type,entity_id,enrichment_type,enrichment_json) VALUES ('enr_s09_pharmacy_108dbd1c6cf7c925','seed_run_s09_osm_pharmacies_20260502','organization','org_s09_pharmacy_108dbd1c6cf7c925','licence_data','{"osm_id": "9771754957", "amenity": "pharmacy", "addr_state": null, "operator": null, "brand": null}');

INSERT OR IGNORE INTO organizations (id,tenant_id,organization_type,legal_name,display_name,registration_number,status,verification_state,created_at,updated_at) VALUES ('org_s09_pharmacy_9869bf874d24f076','tenant_platform_seed','pharmacy','Noro pharmacy','Noro pharmacy',NULL,'active','seeded',unixepoch(),unixepoch());
INSERT OR IGNORE INTO profiles (id,subject_id,subject_type,primary_place_id,tenant_id,workspace_id,display_name,created_at,updated_at) VALUES ('prof_s09_pharmacy_9869bf874d24f076','org_s09_pharmacy_9869bf874d24f076','organization','place_nigeria_001','tenant_platform_seed','workspace_platform_seed_discovery','Noro pharmacy',unixepoch(),unixepoch());
INSERT OR IGNORE INTO search_entries (id,profile_id,display_name,keywords,ancestry_path,vertical,created_at,updated_at) VALUES ('se_s09_pharmacy_9869bf874d24f076','prof_s09_pharmacy_9869bf874d24f076','Noro pharmacy','noro pharmacy pharmacy chemist drug store medicine nigeria','place_nigeria_001','pharmacy',unixepoch(),unixepoch());
INSERT OR IGNORE INTO seed_ingestion_records (id,seed_run_id,entity_type,entity_id,source_id,status) VALUES ('ir_s09_pharmacy_9869bf874d24f076','seed_run_s09_osm_pharmacies_20260502','organization','org_s09_pharmacy_9869bf874d24f076','seed_source_osm_pharmacies_ng_20260502','ingested');
INSERT OR IGNORE INTO seed_entity_sources (id,seed_run_id,entity_type,entity_id,source_id,confidence_tier) VALUES ('es_s09_pharmacy_9869bf874d24f076','seed_run_s09_osm_pharmacies_20260502','organization','org_s09_pharmacy_9869bf874d24f076','seed_source_osm_pharmacies_ng_20260502','seeded');
INSERT OR IGNORE INTO seed_enrichment (id,seed_run_id,entity_type,entity_id,enrichment_type,enrichment_json) VALUES ('enr_s09_pharmacy_9869bf874d24f076','seed_run_s09_osm_pharmacies_20260502','organization','org_s09_pharmacy_9869bf874d24f076','licence_data','{"osm_id": "9771791162", "amenity": "pharmacy", "addr_state": null, "operator": null, "brand": null}');

INSERT OR IGNORE INTO organizations (id,tenant_id,organization_type,legal_name,display_name,registration_number,status,verification_state,created_at,updated_at) VALUES ('org_s09_pharmacy_b22f4766e46eec52','tenant_platform_seed','pharmacy','Elton pharmacy and store','Elton pharmacy and store',NULL,'active','seeded',unixepoch(),unixepoch());
INSERT OR IGNORE INTO profiles (id,subject_id,subject_type,primary_place_id,tenant_id,workspace_id,display_name,created_at,updated_at) VALUES ('prof_s09_pharmacy_b22f4766e46eec52','org_s09_pharmacy_b22f4766e46eec52','organization','place_nigeria_001','tenant_platform_seed','workspace_platform_seed_discovery','Elton pharmacy and store',unixepoch(),unixepoch());
INSERT OR IGNORE INTO search_entries (id,profile_id,display_name,keywords,ancestry_path,vertical,created_at,updated_at) VALUES ('se_s09_pharmacy_b22f4766e46eec52','prof_s09_pharmacy_b22f4766e46eec52','Elton pharmacy and store','elton pharmacy and store pharmacy chemist drug store medicine nigeria','place_nigeria_001','pharmacy',unixepoch(),unixepoch());
INSERT OR IGNORE INTO seed_ingestion_records (id,seed_run_id,entity_type,entity_id,source_id,status) VALUES ('ir_s09_pharmacy_b22f4766e46eec52','seed_run_s09_osm_pharmacies_20260502','organization','org_s09_pharmacy_b22f4766e46eec52','seed_source_osm_pharmacies_ng_20260502','ingested');
INSERT OR IGNORE INTO seed_entity_sources (id,seed_run_id,entity_type,entity_id,source_id,confidence_tier) VALUES ('es_s09_pharmacy_b22f4766e46eec52','seed_run_s09_osm_pharmacies_20260502','organization','org_s09_pharmacy_b22f4766e46eec52','seed_source_osm_pharmacies_ng_20260502','seeded');
INSERT OR IGNORE INTO seed_enrichment (id,seed_run_id,entity_type,entity_id,enrichment_type,enrichment_json) VALUES ('enr_s09_pharmacy_b22f4766e46eec52','seed_run_s09_osm_pharmacies_20260502','organization','org_s09_pharmacy_b22f4766e46eec52','licence_data','{"osm_id": "9771883902", "amenity": "pharmacy", "addr_state": null, "operator": null, "brand": null}');

INSERT OR IGNORE INTO organizations (id,tenant_id,organization_type,legal_name,display_name,registration_number,status,verification_state,created_at,updated_at) VALUES ('org_s09_pharmacy_628f0e3d7802c408','tenant_platform_seed','pharmacy','Pills & potions pharmacy','Pills & potions pharmacy',NULL,'active','seeded',unixepoch(),unixepoch());
INSERT OR IGNORE INTO profiles (id,subject_id,subject_type,primary_place_id,tenant_id,workspace_id,display_name,created_at,updated_at) VALUES ('prof_s09_pharmacy_628f0e3d7802c408','org_s09_pharmacy_628f0e3d7802c408','organization','place_nigeria_001','tenant_platform_seed','workspace_platform_seed_discovery','Pills & potions pharmacy',unixepoch(),unixepoch());
INSERT OR IGNORE INTO search_entries (id,profile_id,display_name,keywords,ancestry_path,vertical,created_at,updated_at) VALUES ('se_s09_pharmacy_628f0e3d7802c408','prof_s09_pharmacy_628f0e3d7802c408','Pills & potions pharmacy','pills & potions pharmacy pharmacy chemist drug store medicine nigeria','place_nigeria_001','pharmacy',unixepoch(),unixepoch());
INSERT OR IGNORE INTO seed_ingestion_records (id,seed_run_id,entity_type,entity_id,source_id,status) VALUES ('ir_s09_pharmacy_628f0e3d7802c408','seed_run_s09_osm_pharmacies_20260502','organization','org_s09_pharmacy_628f0e3d7802c408','seed_source_osm_pharmacies_ng_20260502','ingested');
INSERT OR IGNORE INTO seed_entity_sources (id,seed_run_id,entity_type,entity_id,source_id,confidence_tier) VALUES ('es_s09_pharmacy_628f0e3d7802c408','seed_run_s09_osm_pharmacies_20260502','organization','org_s09_pharmacy_628f0e3d7802c408','seed_source_osm_pharmacies_ng_20260502','seeded');
INSERT OR IGNORE INTO seed_enrichment (id,seed_run_id,entity_type,entity_id,enrichment_type,enrichment_json) VALUES ('enr_s09_pharmacy_628f0e3d7802c408','seed_run_s09_osm_pharmacies_20260502','organization','org_s09_pharmacy_628f0e3d7802c408','licence_data','{"osm_id": "9771929420", "amenity": "pharmacy", "addr_state": null, "operator": null, "brand": null}');

INSERT OR IGNORE INTO organizations (id,tenant_id,organization_type,legal_name,display_name,registration_number,status,verification_state,created_at,updated_at) VALUES ('org_s09_pharmacy_7e911b1bc84f5c91','tenant_platform_seed','pharmacy','Edmark pharmacy','Edmark pharmacy',NULL,'active','seeded',unixepoch(),unixepoch());
INSERT OR IGNORE INTO profiles (id,subject_id,subject_type,primary_place_id,tenant_id,workspace_id,display_name,created_at,updated_at) VALUES ('prof_s09_pharmacy_7e911b1bc84f5c91','org_s09_pharmacy_7e911b1bc84f5c91','organization','place_nigeria_001','tenant_platform_seed','workspace_platform_seed_discovery','Edmark pharmacy',unixepoch(),unixepoch());
INSERT OR IGNORE INTO search_entries (id,profile_id,display_name,keywords,ancestry_path,vertical,created_at,updated_at) VALUES ('se_s09_pharmacy_7e911b1bc84f5c91','prof_s09_pharmacy_7e911b1bc84f5c91','Edmark pharmacy','edmark pharmacy pharmacy chemist drug store medicine nigeria','place_nigeria_001','pharmacy',unixepoch(),unixepoch());
INSERT OR IGNORE INTO seed_ingestion_records (id,seed_run_id,entity_type,entity_id,source_id,status) VALUES ('ir_s09_pharmacy_7e911b1bc84f5c91','seed_run_s09_osm_pharmacies_20260502','organization','org_s09_pharmacy_7e911b1bc84f5c91','seed_source_osm_pharmacies_ng_20260502','ingested');
INSERT OR IGNORE INTO seed_entity_sources (id,seed_run_id,entity_type,entity_id,source_id,confidence_tier) VALUES ('es_s09_pharmacy_7e911b1bc84f5c91','seed_run_s09_osm_pharmacies_20260502','organization','org_s09_pharmacy_7e911b1bc84f5c91','seed_source_osm_pharmacies_ng_20260502','seeded');
INSERT OR IGNORE INTO seed_enrichment (id,seed_run_id,entity_type,entity_id,enrichment_type,enrichment_json) VALUES ('enr_s09_pharmacy_7e911b1bc84f5c91','seed_run_s09_osm_pharmacies_20260502','organization','org_s09_pharmacy_7e911b1bc84f5c91','licence_data','{"osm_id": "9771966362", "amenity": "pharmacy", "addr_state": null, "operator": null, "brand": null}');

INSERT OR IGNORE INTO organizations (id,tenant_id,organization_type,legal_name,display_name,registration_number,status,verification_state,created_at,updated_at) VALUES ('org_s09_pharmacy_d09660d3ce23957f','tenant_platform_seed','pharmacy','Kyenpia pharmacy','Kyenpia pharmacy',NULL,'active','seeded',unixepoch(),unixepoch());
INSERT OR IGNORE INTO profiles (id,subject_id,subject_type,primary_place_id,tenant_id,workspace_id,display_name,created_at,updated_at) VALUES ('prof_s09_pharmacy_d09660d3ce23957f','org_s09_pharmacy_d09660d3ce23957f','organization','place_nigeria_001','tenant_platform_seed','workspace_platform_seed_discovery','Kyenpia pharmacy',unixepoch(),unixepoch());
INSERT OR IGNORE INTO search_entries (id,profile_id,display_name,keywords,ancestry_path,vertical,created_at,updated_at) VALUES ('se_s09_pharmacy_d09660d3ce23957f','prof_s09_pharmacy_d09660d3ce23957f','Kyenpia pharmacy','kyenpia pharmacy pharmacy chemist drug store medicine nigeria','place_nigeria_001','pharmacy',unixepoch(),unixepoch());
INSERT OR IGNORE INTO seed_ingestion_records (id,seed_run_id,entity_type,entity_id,source_id,status) VALUES ('ir_s09_pharmacy_d09660d3ce23957f','seed_run_s09_osm_pharmacies_20260502','organization','org_s09_pharmacy_d09660d3ce23957f','seed_source_osm_pharmacies_ng_20260502','ingested');
INSERT OR IGNORE INTO seed_entity_sources (id,seed_run_id,entity_type,entity_id,source_id,confidence_tier) VALUES ('es_s09_pharmacy_d09660d3ce23957f','seed_run_s09_osm_pharmacies_20260502','organization','org_s09_pharmacy_d09660d3ce23957f','seed_source_osm_pharmacies_ng_20260502','seeded');
INSERT OR IGNORE INTO seed_enrichment (id,seed_run_id,entity_type,entity_id,enrichment_type,enrichment_json) VALUES ('enr_s09_pharmacy_d09660d3ce23957f','seed_run_s09_osm_pharmacies_20260502','organization','org_s09_pharmacy_d09660d3ce23957f','licence_data','{"osm_id": "9772014346", "amenity": "pharmacy", "addr_state": null, "operator": null, "brand": null}');

INSERT OR IGNORE INTO organizations (id,tenant_id,organization_type,legal_name,display_name,registration_number,status,verification_state,created_at,updated_at) VALUES ('org_s09_pharmacy_d92598ac24c88353','tenant_platform_seed','pharmacy','Gilgal Medicare Complex','Gilgal Medicare Complex',NULL,'active','seeded',unixepoch(),unixepoch());
INSERT OR IGNORE INTO profiles (id,subject_id,subject_type,primary_place_id,tenant_id,workspace_id,display_name,created_at,updated_at) VALUES ('prof_s09_pharmacy_d92598ac24c88353','org_s09_pharmacy_d92598ac24c88353','organization','place_nigeria_001','tenant_platform_seed','workspace_platform_seed_discovery','Gilgal Medicare Complex',unixepoch(),unixepoch());
INSERT OR IGNORE INTO search_entries (id,profile_id,display_name,keywords,ancestry_path,vertical,created_at,updated_at) VALUES ('se_s09_pharmacy_d92598ac24c88353','prof_s09_pharmacy_d92598ac24c88353','Gilgal Medicare Complex','gilgal medicare complex pharmacy chemist drug store medicine nigeria','place_nigeria_001','pharmacy',unixepoch(),unixepoch());
INSERT OR IGNORE INTO seed_ingestion_records (id,seed_run_id,entity_type,entity_id,source_id,status) VALUES ('ir_s09_pharmacy_d92598ac24c88353','seed_run_s09_osm_pharmacies_20260502','organization','org_s09_pharmacy_d92598ac24c88353','seed_source_osm_pharmacies_ng_20260502','ingested');
INSERT OR IGNORE INTO seed_entity_sources (id,seed_run_id,entity_type,entity_id,source_id,confidence_tier) VALUES ('es_s09_pharmacy_d92598ac24c88353','seed_run_s09_osm_pharmacies_20260502','organization','org_s09_pharmacy_d92598ac24c88353','seed_source_osm_pharmacies_ng_20260502','seeded');
INSERT OR IGNORE INTO seed_enrichment (id,seed_run_id,entity_type,entity_id,enrichment_type,enrichment_json) VALUES ('enr_s09_pharmacy_d92598ac24c88353','seed_run_s09_osm_pharmacies_20260502','organization','org_s09_pharmacy_d92598ac24c88353','licence_data','{"osm_id": "9772329880", "amenity": "pharmacy", "addr_state": null, "operator": null, "brand": null}');

INSERT OR IGNORE INTO organizations (id,tenant_id,organization_type,legal_name,display_name,registration_number,status,verification_state,created_at,updated_at) VALUES ('org_s09_pharmacy_31d43d49f4e5793b','tenant_platform_seed','pharmacy','Apollo Cresent pharmacy & stores','Apollo Cresent pharmacy & stores',NULL,'active','seeded',unixepoch(),unixepoch());
INSERT OR IGNORE INTO profiles (id,subject_id,subject_type,primary_place_id,tenant_id,workspace_id,display_name,created_at,updated_at) VALUES ('prof_s09_pharmacy_31d43d49f4e5793b','org_s09_pharmacy_31d43d49f4e5793b','organization','place_nigeria_001','tenant_platform_seed','workspace_platform_seed_discovery','Apollo Cresent pharmacy & stores',unixepoch(),unixepoch());
INSERT OR IGNORE INTO search_entries (id,profile_id,display_name,keywords,ancestry_path,vertical,created_at,updated_at) VALUES ('se_s09_pharmacy_31d43d49f4e5793b','prof_s09_pharmacy_31d43d49f4e5793b','Apollo Cresent pharmacy & stores','apollo cresent pharmacy & stores pharmacy chemist drug store medicine nigeria','place_nigeria_001','pharmacy',unixepoch(),unixepoch());
INSERT OR IGNORE INTO seed_ingestion_records (id,seed_run_id,entity_type,entity_id,source_id,status) VALUES ('ir_s09_pharmacy_31d43d49f4e5793b','seed_run_s09_osm_pharmacies_20260502','organization','org_s09_pharmacy_31d43d49f4e5793b','seed_source_osm_pharmacies_ng_20260502','ingested');
INSERT OR IGNORE INTO seed_entity_sources (id,seed_run_id,entity_type,entity_id,source_id,confidence_tier) VALUES ('es_s09_pharmacy_31d43d49f4e5793b','seed_run_s09_osm_pharmacies_20260502','organization','org_s09_pharmacy_31d43d49f4e5793b','seed_source_osm_pharmacies_ng_20260502','seeded');
INSERT OR IGNORE INTO seed_enrichment (id,seed_run_id,entity_type,entity_id,enrichment_type,enrichment_json) VALUES ('enr_s09_pharmacy_31d43d49f4e5793b','seed_run_s09_osm_pharmacies_20260502','organization','org_s09_pharmacy_31d43d49f4e5793b','licence_data','{"osm_id": "9772360221", "amenity": "pharmacy", "addr_state": null, "operator": null, "brand": null}');

INSERT OR IGNORE INTO organizations (id,tenant_id,organization_type,legal_name,display_name,registration_number,status,verification_state,created_at,updated_at) VALUES ('org_s09_pharmacy_1e0b4b5190a1a004','tenant_platform_seed','pharmacy','ResQ Pharmacy','ResQ Pharmacy',NULL,'active','seeded',unixepoch(),unixepoch());
INSERT OR IGNORE INTO profiles (id,subject_id,subject_type,primary_place_id,tenant_id,workspace_id,display_name,created_at,updated_at) VALUES ('prof_s09_pharmacy_1e0b4b5190a1a004','org_s09_pharmacy_1e0b4b5190a1a004','organization','place_nigeria_001','tenant_platform_seed','workspace_platform_seed_discovery','ResQ Pharmacy',unixepoch(),unixepoch());
INSERT OR IGNORE INTO search_entries (id,profile_id,display_name,keywords,ancestry_path,vertical,created_at,updated_at) VALUES ('se_s09_pharmacy_1e0b4b5190a1a004','prof_s09_pharmacy_1e0b4b5190a1a004','ResQ Pharmacy','resq pharmacy pharmacy chemist drug store medicine nigeria','place_nigeria_001','pharmacy',unixepoch(),unixepoch());
INSERT OR IGNORE INTO seed_ingestion_records (id,seed_run_id,entity_type,entity_id,source_id,status) VALUES ('ir_s09_pharmacy_1e0b4b5190a1a004','seed_run_s09_osm_pharmacies_20260502','organization','org_s09_pharmacy_1e0b4b5190a1a004','seed_source_osm_pharmacies_ng_20260502','ingested');
INSERT OR IGNORE INTO seed_entity_sources (id,seed_run_id,entity_type,entity_id,source_id,confidence_tier) VALUES ('es_s09_pharmacy_1e0b4b5190a1a004','seed_run_s09_osm_pharmacies_20260502','organization','org_s09_pharmacy_1e0b4b5190a1a004','seed_source_osm_pharmacies_ng_20260502','seeded');
INSERT OR IGNORE INTO seed_enrichment (id,seed_run_id,entity_type,entity_id,enrichment_type,enrichment_json) VALUES ('enr_s09_pharmacy_1e0b4b5190a1a004','seed_run_s09_osm_pharmacies_20260502','organization','org_s09_pharmacy_1e0b4b5190a1a004','licence_data','{"osm_id": "9772408721", "amenity": "pharmacy", "addr_state": null, "operator": null, "brand": null}');

INSERT OR IGNORE INTO organizations (id,tenant_id,organization_type,legal_name,display_name,registration_number,status,verification_state,created_at,updated_at) VALUES ('org_s09_pharmacy_16ac34c86c987c76','tenant_platform_seed','pharmacy','Josh pharmacy','Josh pharmacy',NULL,'active','seeded',unixepoch(),unixepoch());
INSERT OR IGNORE INTO profiles (id,subject_id,subject_type,primary_place_id,tenant_id,workspace_id,display_name,created_at,updated_at) VALUES ('prof_s09_pharmacy_16ac34c86c987c76','org_s09_pharmacy_16ac34c86c987c76','organization','place_nigeria_001','tenant_platform_seed','workspace_platform_seed_discovery','Josh pharmacy',unixepoch(),unixepoch());
INSERT OR IGNORE INTO search_entries (id,profile_id,display_name,keywords,ancestry_path,vertical,created_at,updated_at) VALUES ('se_s09_pharmacy_16ac34c86c987c76','prof_s09_pharmacy_16ac34c86c987c76','Josh pharmacy','josh pharmacy pharmacy chemist drug store medicine nigeria','place_nigeria_001','pharmacy',unixepoch(),unixepoch());
INSERT OR IGNORE INTO seed_ingestion_records (id,seed_run_id,entity_type,entity_id,source_id,status) VALUES ('ir_s09_pharmacy_16ac34c86c987c76','seed_run_s09_osm_pharmacies_20260502','organization','org_s09_pharmacy_16ac34c86c987c76','seed_source_osm_pharmacies_ng_20260502','ingested');
INSERT OR IGNORE INTO seed_entity_sources (id,seed_run_id,entity_type,entity_id,source_id,confidence_tier) VALUES ('es_s09_pharmacy_16ac34c86c987c76','seed_run_s09_osm_pharmacies_20260502','organization','org_s09_pharmacy_16ac34c86c987c76','seed_source_osm_pharmacies_ng_20260502','seeded');
INSERT OR IGNORE INTO seed_enrichment (id,seed_run_id,entity_type,entity_id,enrichment_type,enrichment_json) VALUES ('enr_s09_pharmacy_16ac34c86c987c76','seed_run_s09_osm_pharmacies_20260502','organization','org_s09_pharmacy_16ac34c86c987c76','licence_data','{"osm_id": "9772413392", "amenity": "pharmacy", "addr_state": null, "operator": null, "brand": null}');

INSERT OR IGNORE INTO organizations (id,tenant_id,organization_type,legal_name,display_name,registration_number,status,verification_state,created_at,updated_at) VALUES ('org_s09_pharmacy_b7bcc0282899fd1a','tenant_platform_seed','pharmacy','De havilah pharmacy kabong','De havilah pharmacy kabong',NULL,'active','seeded',unixepoch(),unixepoch());
INSERT OR IGNORE INTO profiles (id,subject_id,subject_type,primary_place_id,tenant_id,workspace_id,display_name,created_at,updated_at) VALUES ('prof_s09_pharmacy_b7bcc0282899fd1a','org_s09_pharmacy_b7bcc0282899fd1a','organization','place_nigeria_001','tenant_platform_seed','workspace_platform_seed_discovery','De havilah pharmacy kabong',unixepoch(),unixepoch());
INSERT OR IGNORE INTO search_entries (id,profile_id,display_name,keywords,ancestry_path,vertical,created_at,updated_at) VALUES ('se_s09_pharmacy_b7bcc0282899fd1a','prof_s09_pharmacy_b7bcc0282899fd1a','De havilah pharmacy kabong','de havilah pharmacy kabong pharmacy chemist drug store medicine nigeria','place_nigeria_001','pharmacy',unixepoch(),unixepoch());
INSERT OR IGNORE INTO seed_ingestion_records (id,seed_run_id,entity_type,entity_id,source_id,status) VALUES ('ir_s09_pharmacy_b7bcc0282899fd1a','seed_run_s09_osm_pharmacies_20260502','organization','org_s09_pharmacy_b7bcc0282899fd1a','seed_source_osm_pharmacies_ng_20260502','ingested');
INSERT OR IGNORE INTO seed_entity_sources (id,seed_run_id,entity_type,entity_id,source_id,confidence_tier) VALUES ('es_s09_pharmacy_b7bcc0282899fd1a','seed_run_s09_osm_pharmacies_20260502','organization','org_s09_pharmacy_b7bcc0282899fd1a','seed_source_osm_pharmacies_ng_20260502','seeded');
INSERT OR IGNORE INTO seed_enrichment (id,seed_run_id,entity_type,entity_id,enrichment_type,enrichment_json) VALUES ('enr_s09_pharmacy_b7bcc0282899fd1a','seed_run_s09_osm_pharmacies_20260502','organization','org_s09_pharmacy_b7bcc0282899fd1a','licence_data','{"osm_id": "9772453345", "amenity": "pharmacy", "addr_state": null, "operator": null, "brand": null}');

INSERT OR IGNORE INTO organizations (id,tenant_id,organization_type,legal_name,display_name,registration_number,status,verification_state,created_at,updated_at) VALUES ('org_s09_pharmacy_6192be724bb909af','tenant_platform_seed','pharmacy','Hasppaleez pharmacy','Hasppaleez pharmacy',NULL,'active','seeded',unixepoch(),unixepoch());
INSERT OR IGNORE INTO profiles (id,subject_id,subject_type,primary_place_id,tenant_id,workspace_id,display_name,created_at,updated_at) VALUES ('prof_s09_pharmacy_6192be724bb909af','org_s09_pharmacy_6192be724bb909af','organization','place_nigeria_001','tenant_platform_seed','workspace_platform_seed_discovery','Hasppaleez pharmacy',unixepoch(),unixepoch());
INSERT OR IGNORE INTO search_entries (id,profile_id,display_name,keywords,ancestry_path,vertical,created_at,updated_at) VALUES ('se_s09_pharmacy_6192be724bb909af','prof_s09_pharmacy_6192be724bb909af','Hasppaleez pharmacy','hasppaleez pharmacy pharmacy chemist drug store medicine nigeria','place_nigeria_001','pharmacy',unixepoch(),unixepoch());
INSERT OR IGNORE INTO seed_ingestion_records (id,seed_run_id,entity_type,entity_id,source_id,status) VALUES ('ir_s09_pharmacy_6192be724bb909af','seed_run_s09_osm_pharmacies_20260502','organization','org_s09_pharmacy_6192be724bb909af','seed_source_osm_pharmacies_ng_20260502','ingested');
INSERT OR IGNORE INTO seed_entity_sources (id,seed_run_id,entity_type,entity_id,source_id,confidence_tier) VALUES ('es_s09_pharmacy_6192be724bb909af','seed_run_s09_osm_pharmacies_20260502','organization','org_s09_pharmacy_6192be724bb909af','seed_source_osm_pharmacies_ng_20260502','seeded');
INSERT OR IGNORE INTO seed_enrichment (id,seed_run_id,entity_type,entity_id,enrichment_type,enrichment_json) VALUES ('enr_s09_pharmacy_6192be724bb909af','seed_run_s09_osm_pharmacies_20260502','organization','org_s09_pharmacy_6192be724bb909af','licence_data','{"osm_id": "9772582514", "amenity": "pharmacy", "addr_state": null, "operator": null, "brand": null}');

INSERT OR IGNORE INTO organizations (id,tenant_id,organization_type,legal_name,display_name,registration_number,status,verification_state,created_at,updated_at) VALUES ('org_s09_pharmacy_64d0a2ddecbb4a48','tenant_platform_seed','pharmacy','Carniela pharmacy and stores','Carniela pharmacy and stores',NULL,'active','seeded',unixepoch(),unixepoch());
INSERT OR IGNORE INTO profiles (id,subject_id,subject_type,primary_place_id,tenant_id,workspace_id,display_name,created_at,updated_at) VALUES ('prof_s09_pharmacy_64d0a2ddecbb4a48','org_s09_pharmacy_64d0a2ddecbb4a48','organization','place_nigeria_001','tenant_platform_seed','workspace_platform_seed_discovery','Carniela pharmacy and stores',unixepoch(),unixepoch());
INSERT OR IGNORE INTO search_entries (id,profile_id,display_name,keywords,ancestry_path,vertical,created_at,updated_at) VALUES ('se_s09_pharmacy_64d0a2ddecbb4a48','prof_s09_pharmacy_64d0a2ddecbb4a48','Carniela pharmacy and stores','carniela pharmacy and stores pharmacy chemist drug store medicine nigeria','place_nigeria_001','pharmacy',unixepoch(),unixepoch());
INSERT OR IGNORE INTO seed_ingestion_records (id,seed_run_id,entity_type,entity_id,source_id,status) VALUES ('ir_s09_pharmacy_64d0a2ddecbb4a48','seed_run_s09_osm_pharmacies_20260502','organization','org_s09_pharmacy_64d0a2ddecbb4a48','seed_source_osm_pharmacies_ng_20260502','ingested');
INSERT OR IGNORE INTO seed_entity_sources (id,seed_run_id,entity_type,entity_id,source_id,confidence_tier) VALUES ('es_s09_pharmacy_64d0a2ddecbb4a48','seed_run_s09_osm_pharmacies_20260502','organization','org_s09_pharmacy_64d0a2ddecbb4a48','seed_source_osm_pharmacies_ng_20260502','seeded');
INSERT OR IGNORE INTO seed_enrichment (id,seed_run_id,entity_type,entity_id,enrichment_type,enrichment_json) VALUES ('enr_s09_pharmacy_64d0a2ddecbb4a48','seed_run_s09_osm_pharmacies_20260502','organization','org_s09_pharmacy_64d0a2ddecbb4a48','licence_data','{"osm_id": "9772591252", "amenity": "pharmacy", "addr_state": null, "operator": null, "brand": null}');

INSERT OR IGNORE INTO organizations (id,tenant_id,organization_type,legal_name,display_name,registration_number,status,verification_state,created_at,updated_at) VALUES ('org_s09_pharmacy_2937e16c70502706','tenant_platform_seed','pharmacy','Orit pharmacy','Orit pharmacy',NULL,'active','seeded',unixepoch(),unixepoch());
INSERT OR IGNORE INTO profiles (id,subject_id,subject_type,primary_place_id,tenant_id,workspace_id,display_name,created_at,updated_at) VALUES ('prof_s09_pharmacy_2937e16c70502706','org_s09_pharmacy_2937e16c70502706','organization','place_nigeria_001','tenant_platform_seed','workspace_platform_seed_discovery','Orit pharmacy',unixepoch(),unixepoch());
INSERT OR IGNORE INTO search_entries (id,profile_id,display_name,keywords,ancestry_path,vertical,created_at,updated_at) VALUES ('se_s09_pharmacy_2937e16c70502706','prof_s09_pharmacy_2937e16c70502706','Orit pharmacy','orit pharmacy pharmacy chemist drug store medicine nigeria','place_nigeria_001','pharmacy',unixepoch(),unixepoch());
INSERT OR IGNORE INTO seed_ingestion_records (id,seed_run_id,entity_type,entity_id,source_id,status) VALUES ('ir_s09_pharmacy_2937e16c70502706','seed_run_s09_osm_pharmacies_20260502','organization','org_s09_pharmacy_2937e16c70502706','seed_source_osm_pharmacies_ng_20260502','ingested');
INSERT OR IGNORE INTO seed_entity_sources (id,seed_run_id,entity_type,entity_id,source_id,confidence_tier) VALUES ('es_s09_pharmacy_2937e16c70502706','seed_run_s09_osm_pharmacies_20260502','organization','org_s09_pharmacy_2937e16c70502706','seed_source_osm_pharmacies_ng_20260502','seeded');
INSERT OR IGNORE INTO seed_enrichment (id,seed_run_id,entity_type,entity_id,enrichment_type,enrichment_json) VALUES ('enr_s09_pharmacy_2937e16c70502706','seed_run_s09_osm_pharmacies_20260502','organization','org_s09_pharmacy_2937e16c70502706','licence_data','{"osm_id": "9772672925", "amenity": "pharmacy", "addr_state": null, "operator": null, "brand": null}');

INSERT OR IGNORE INTO organizations (id,tenant_id,organization_type,legal_name,display_name,registration_number,status,verification_state,created_at,updated_at) VALUES ('org_s09_pharmacy_c01937305c021081','tenant_platform_seed','pharmacy','Cedar med','Cedar med',NULL,'active','seeded',unixepoch(),unixepoch());
INSERT OR IGNORE INTO profiles (id,subject_id,subject_type,primary_place_id,tenant_id,workspace_id,display_name,created_at,updated_at) VALUES ('prof_s09_pharmacy_c01937305c021081','org_s09_pharmacy_c01937305c021081','organization','place_nigeria_001','tenant_platform_seed','workspace_platform_seed_discovery','Cedar med',unixepoch(),unixepoch());
INSERT OR IGNORE INTO search_entries (id,profile_id,display_name,keywords,ancestry_path,vertical,created_at,updated_at) VALUES ('se_s09_pharmacy_c01937305c021081','prof_s09_pharmacy_c01937305c021081','Cedar med','cedar med pharmacy chemist drug store medicine nigeria','place_nigeria_001','pharmacy',unixepoch(),unixepoch());
INSERT OR IGNORE INTO seed_ingestion_records (id,seed_run_id,entity_type,entity_id,source_id,status) VALUES ('ir_s09_pharmacy_c01937305c021081','seed_run_s09_osm_pharmacies_20260502','organization','org_s09_pharmacy_c01937305c021081','seed_source_osm_pharmacies_ng_20260502','ingested');
INSERT OR IGNORE INTO seed_entity_sources (id,seed_run_id,entity_type,entity_id,source_id,confidence_tier) VALUES ('es_s09_pharmacy_c01937305c021081','seed_run_s09_osm_pharmacies_20260502','organization','org_s09_pharmacy_c01937305c021081','seed_source_osm_pharmacies_ng_20260502','seeded');
INSERT OR IGNORE INTO seed_enrichment (id,seed_run_id,entity_type,entity_id,enrichment_type,enrichment_json) VALUES ('enr_s09_pharmacy_c01937305c021081','seed_run_s09_osm_pharmacies_20260502','organization','org_s09_pharmacy_c01937305c021081','licence_data','{"osm_id": "9772788306", "amenity": "pharmacy", "addr_state": null, "operator": null, "brand": null}');

INSERT OR IGNORE INTO organizations (id,tenant_id,organization_type,legal_name,display_name,registration_number,status,verification_state,created_at,updated_at) VALUES ('org_s09_pharmacy_19c277fed0897793','tenant_platform_seed','pharmacy','De laroy','De laroy',NULL,'active','seeded',unixepoch(),unixepoch());
INSERT OR IGNORE INTO profiles (id,subject_id,subject_type,primary_place_id,tenant_id,workspace_id,display_name,created_at,updated_at) VALUES ('prof_s09_pharmacy_19c277fed0897793','org_s09_pharmacy_19c277fed0897793','organization','place_nigeria_001','tenant_platform_seed','workspace_platform_seed_discovery','De laroy',unixepoch(),unixepoch());
INSERT OR IGNORE INTO search_entries (id,profile_id,display_name,keywords,ancestry_path,vertical,created_at,updated_at) VALUES ('se_s09_pharmacy_19c277fed0897793','prof_s09_pharmacy_19c277fed0897793','De laroy','de laroy pharmacy chemist drug store medicine nigeria','place_nigeria_001','pharmacy',unixepoch(),unixepoch());
INSERT OR IGNORE INTO seed_ingestion_records (id,seed_run_id,entity_type,entity_id,source_id,status) VALUES ('ir_s09_pharmacy_19c277fed0897793','seed_run_s09_osm_pharmacies_20260502','organization','org_s09_pharmacy_19c277fed0897793','seed_source_osm_pharmacies_ng_20260502','ingested');
INSERT OR IGNORE INTO seed_entity_sources (id,seed_run_id,entity_type,entity_id,source_id,confidence_tier) VALUES ('es_s09_pharmacy_19c277fed0897793','seed_run_s09_osm_pharmacies_20260502','organization','org_s09_pharmacy_19c277fed0897793','seed_source_osm_pharmacies_ng_20260502','seeded');
INSERT OR IGNORE INTO seed_enrichment (id,seed_run_id,entity_type,entity_id,enrichment_type,enrichment_json) VALUES ('enr_s09_pharmacy_19c277fed0897793','seed_run_s09_osm_pharmacies_20260502','organization','org_s09_pharmacy_19c277fed0897793','licence_data','{"osm_id": "9772814372", "amenity": "pharmacy", "addr_state": null, "operator": null, "brand": null}');

INSERT OR IGNORE INTO organizations (id,tenant_id,organization_type,legal_name,display_name,registration_number,status,verification_state,created_at,updated_at) VALUES ('org_s09_pharmacy_d5ed42e42bf49045','tenant_platform_seed','pharmacy','Pharmacy Angaz','Pharmacy Angaz',NULL,'active','seeded',unixepoch(),unixepoch());
INSERT OR IGNORE INTO profiles (id,subject_id,subject_type,primary_place_id,tenant_id,workspace_id,display_name,created_at,updated_at) VALUES ('prof_s09_pharmacy_d5ed42e42bf49045','org_s09_pharmacy_d5ed42e42bf49045','organization','place_nigeria_001','tenant_platform_seed','workspace_platform_seed_discovery','Pharmacy Angaz',unixepoch(),unixepoch());
INSERT OR IGNORE INTO search_entries (id,profile_id,display_name,keywords,ancestry_path,vertical,created_at,updated_at) VALUES ('se_s09_pharmacy_d5ed42e42bf49045','prof_s09_pharmacy_d5ed42e42bf49045','Pharmacy Angaz','pharmacy angaz pharmacy chemist drug store medicine nigeria','place_nigeria_001','pharmacy',unixepoch(),unixepoch());
INSERT OR IGNORE INTO seed_ingestion_records (id,seed_run_id,entity_type,entity_id,source_id,status) VALUES ('ir_s09_pharmacy_d5ed42e42bf49045','seed_run_s09_osm_pharmacies_20260502','organization','org_s09_pharmacy_d5ed42e42bf49045','seed_source_osm_pharmacies_ng_20260502','ingested');
INSERT OR IGNORE INTO seed_entity_sources (id,seed_run_id,entity_type,entity_id,source_id,confidence_tier) VALUES ('es_s09_pharmacy_d5ed42e42bf49045','seed_run_s09_osm_pharmacies_20260502','organization','org_s09_pharmacy_d5ed42e42bf49045','seed_source_osm_pharmacies_ng_20260502','seeded');
INSERT OR IGNORE INTO seed_enrichment (id,seed_run_id,entity_type,entity_id,enrichment_type,enrichment_json) VALUES ('enr_s09_pharmacy_d5ed42e42bf49045','seed_run_s09_osm_pharmacies_20260502','organization','org_s09_pharmacy_d5ed42e42bf49045','licence_data','{"osm_id": "9774450916", "amenity": "pharmacy", "addr_state": null, "operator": null, "brand": null}');

INSERT OR IGNORE INTO organizations (id,tenant_id,organization_type,legal_name,display_name,registration_number,status,verification_state,created_at,updated_at) VALUES ('org_s09_pharmacy_9977ea267331d850','tenant_platform_seed','pharmacy','JK pharmacy tudun wada jos','JK pharmacy tudun wada jos',NULL,'active','seeded',unixepoch(),unixepoch());
INSERT OR IGNORE INTO profiles (id,subject_id,subject_type,primary_place_id,tenant_id,workspace_id,display_name,created_at,updated_at) VALUES ('prof_s09_pharmacy_9977ea267331d850','org_s09_pharmacy_9977ea267331d850','organization','place_nigeria_001','tenant_platform_seed','workspace_platform_seed_discovery','JK pharmacy tudun wada jos',unixepoch(),unixepoch());
INSERT OR IGNORE INTO search_entries (id,profile_id,display_name,keywords,ancestry_path,vertical,created_at,updated_at) VALUES ('se_s09_pharmacy_9977ea267331d850','prof_s09_pharmacy_9977ea267331d850','JK pharmacy tudun wada jos','jk pharmacy tudun wada jos pharmacy chemist drug store medicine nigeria','place_nigeria_001','pharmacy',unixepoch(),unixepoch());
INSERT OR IGNORE INTO seed_ingestion_records (id,seed_run_id,entity_type,entity_id,source_id,status) VALUES ('ir_s09_pharmacy_9977ea267331d850','seed_run_s09_osm_pharmacies_20260502','organization','org_s09_pharmacy_9977ea267331d850','seed_source_osm_pharmacies_ng_20260502','ingested');
INSERT OR IGNORE INTO seed_entity_sources (id,seed_run_id,entity_type,entity_id,source_id,confidence_tier) VALUES ('es_s09_pharmacy_9977ea267331d850','seed_run_s09_osm_pharmacies_20260502','organization','org_s09_pharmacy_9977ea267331d850','seed_source_osm_pharmacies_ng_20260502','seeded');
INSERT OR IGNORE INTO seed_enrichment (id,seed_run_id,entity_type,entity_id,enrichment_type,enrichment_json) VALUES ('enr_s09_pharmacy_9977ea267331d850','seed_run_s09_osm_pharmacies_20260502','organization','org_s09_pharmacy_9977ea267331d850','licence_data','{"osm_id": "9774573320", "amenity": "pharmacy", "addr_state": null, "operator": null, "brand": null}');

INSERT OR IGNORE INTO organizations (id,tenant_id,organization_type,legal_name,display_name,registration_number,status,verification_state,created_at,updated_at) VALUES ('org_s09_pharmacy_d8901cd696a27791','tenant_platform_seed','pharmacy','Anzior Pharmaceuticals LTD','Anzior Pharmaceuticals LTD',NULL,'active','seeded',unixepoch(),unixepoch());
INSERT OR IGNORE INTO profiles (id,subject_id,subject_type,primary_place_id,tenant_id,workspace_id,display_name,created_at,updated_at) VALUES ('prof_s09_pharmacy_d8901cd696a27791','org_s09_pharmacy_d8901cd696a27791','organization','place_nigeria_001','tenant_platform_seed','workspace_platform_seed_discovery','Anzior Pharmaceuticals LTD',unixepoch(),unixepoch());
INSERT OR IGNORE INTO search_entries (id,profile_id,display_name,keywords,ancestry_path,vertical,created_at,updated_at) VALUES ('se_s09_pharmacy_d8901cd696a27791','prof_s09_pharmacy_d8901cd696a27791','Anzior Pharmaceuticals LTD','anzior pharmaceuticals ltd pharmacy chemist drug store medicine nigeria','place_nigeria_001','pharmacy',unixepoch(),unixepoch());
INSERT OR IGNORE INTO seed_ingestion_records (id,seed_run_id,entity_type,entity_id,source_id,status) VALUES ('ir_s09_pharmacy_d8901cd696a27791','seed_run_s09_osm_pharmacies_20260502','organization','org_s09_pharmacy_d8901cd696a27791','seed_source_osm_pharmacies_ng_20260502','ingested');
INSERT OR IGNORE INTO seed_entity_sources (id,seed_run_id,entity_type,entity_id,source_id,confidence_tier) VALUES ('es_s09_pharmacy_d8901cd696a27791','seed_run_s09_osm_pharmacies_20260502','organization','org_s09_pharmacy_d8901cd696a27791','seed_source_osm_pharmacies_ng_20260502','seeded');
INSERT OR IGNORE INTO seed_enrichment (id,seed_run_id,entity_type,entity_id,enrichment_type,enrichment_json) VALUES ('enr_s09_pharmacy_d8901cd696a27791','seed_run_s09_osm_pharmacies_20260502','organization','org_s09_pharmacy_d8901cd696a27791','licence_data','{"osm_id": "9774591177", "amenity": "pharmacy", "addr_state": null, "operator": null, "brand": null}');

INSERT OR IGNORE INTO organizations (id,tenant_id,organization_type,legal_name,display_name,registration_number,status,verification_state,created_at,updated_at) VALUES ('org_s09_pharmacy_68ff3497833734aa','tenant_platform_seed','pharmacy','Kimky Pharmacy','Kimky Pharmacy',NULL,'active','seeded',unixepoch(),unixepoch());
INSERT OR IGNORE INTO profiles (id,subject_id,subject_type,primary_place_id,tenant_id,workspace_id,display_name,created_at,updated_at) VALUES ('prof_s09_pharmacy_68ff3497833734aa','org_s09_pharmacy_68ff3497833734aa','organization','place_nigeria_001','tenant_platform_seed','workspace_platform_seed_discovery','Kimky Pharmacy',unixepoch(),unixepoch());
INSERT OR IGNORE INTO search_entries (id,profile_id,display_name,keywords,ancestry_path,vertical,created_at,updated_at) VALUES ('se_s09_pharmacy_68ff3497833734aa','prof_s09_pharmacy_68ff3497833734aa','Kimky Pharmacy','kimky pharmacy pharmacy chemist drug store medicine nigeria','place_nigeria_001','pharmacy',unixepoch(),unixepoch());
INSERT OR IGNORE INTO seed_ingestion_records (id,seed_run_id,entity_type,entity_id,source_id,status) VALUES ('ir_s09_pharmacy_68ff3497833734aa','seed_run_s09_osm_pharmacies_20260502','organization','org_s09_pharmacy_68ff3497833734aa','seed_source_osm_pharmacies_ng_20260502','ingested');
INSERT OR IGNORE INTO seed_entity_sources (id,seed_run_id,entity_type,entity_id,source_id,confidence_tier) VALUES ('es_s09_pharmacy_68ff3497833734aa','seed_run_s09_osm_pharmacies_20260502','organization','org_s09_pharmacy_68ff3497833734aa','seed_source_osm_pharmacies_ng_20260502','seeded');
INSERT OR IGNORE INTO seed_enrichment (id,seed_run_id,entity_type,entity_id,enrichment_type,enrichment_json) VALUES ('enr_s09_pharmacy_68ff3497833734aa','seed_run_s09_osm_pharmacies_20260502','organization','org_s09_pharmacy_68ff3497833734aa','licence_data','{"osm_id": "9774631691", "amenity": "pharmacy", "addr_state": null, "operator": null, "brand": null}');

INSERT OR IGNORE INTO organizations (id,tenant_id,organization_type,legal_name,display_name,registration_number,status,verification_state,created_at,updated_at) VALUES ('org_s09_pharmacy_b710c42b7bac923b','tenant_platform_seed','pharmacy','Abu hajara pharmacy and stores','Abu hajara pharmacy and stores',NULL,'active','seeded',unixepoch(),unixepoch());
INSERT OR IGNORE INTO profiles (id,subject_id,subject_type,primary_place_id,tenant_id,workspace_id,display_name,created_at,updated_at) VALUES ('prof_s09_pharmacy_b710c42b7bac923b','org_s09_pharmacy_b710c42b7bac923b','organization','place_nigeria_001','tenant_platform_seed','workspace_platform_seed_discovery','Abu hajara pharmacy and stores',unixepoch(),unixepoch());
INSERT OR IGNORE INTO search_entries (id,profile_id,display_name,keywords,ancestry_path,vertical,created_at,updated_at) VALUES ('se_s09_pharmacy_b710c42b7bac923b','prof_s09_pharmacy_b710c42b7bac923b','Abu hajara pharmacy and stores','abu hajara pharmacy and stores pharmacy chemist drug store medicine nigeria','place_nigeria_001','pharmacy',unixepoch(),unixepoch());
INSERT OR IGNORE INTO seed_ingestion_records (id,seed_run_id,entity_type,entity_id,source_id,status) VALUES ('ir_s09_pharmacy_b710c42b7bac923b','seed_run_s09_osm_pharmacies_20260502','organization','org_s09_pharmacy_b710c42b7bac923b','seed_source_osm_pharmacies_ng_20260502','ingested');
INSERT OR IGNORE INTO seed_entity_sources (id,seed_run_id,entity_type,entity_id,source_id,confidence_tier) VALUES ('es_s09_pharmacy_b710c42b7bac923b','seed_run_s09_osm_pharmacies_20260502','organization','org_s09_pharmacy_b710c42b7bac923b','seed_source_osm_pharmacies_ng_20260502','seeded');
INSERT OR IGNORE INTO seed_enrichment (id,seed_run_id,entity_type,entity_id,enrichment_type,enrichment_json) VALUES ('enr_s09_pharmacy_b710c42b7bac923b','seed_run_s09_osm_pharmacies_20260502','organization','org_s09_pharmacy_b710c42b7bac923b','licence_data','{"osm_id": "9776644648", "amenity": "pharmacy", "addr_state": null, "operator": null, "brand": null}');

INSERT OR IGNORE INTO organizations (id,tenant_id,organization_type,legal_name,display_name,registration_number,status,verification_state,created_at,updated_at) VALUES ('org_s09_pharmacy_202712cccea30982','tenant_platform_seed','pharmacy','Ruka-Med pharmacy and stores','Ruka-Med pharmacy and stores',NULL,'active','seeded',unixepoch(),unixepoch());
INSERT OR IGNORE INTO profiles (id,subject_id,subject_type,primary_place_id,tenant_id,workspace_id,display_name,created_at,updated_at) VALUES ('prof_s09_pharmacy_202712cccea30982','org_s09_pharmacy_202712cccea30982','organization','place_nigeria_001','tenant_platform_seed','workspace_platform_seed_discovery','Ruka-Med pharmacy and stores',unixepoch(),unixepoch());
INSERT OR IGNORE INTO search_entries (id,profile_id,display_name,keywords,ancestry_path,vertical,created_at,updated_at) VALUES ('se_s09_pharmacy_202712cccea30982','prof_s09_pharmacy_202712cccea30982','Ruka-Med pharmacy and stores','ruka-med pharmacy and stores pharmacy chemist drug store medicine nigeria','place_nigeria_001','pharmacy',unixepoch(),unixepoch());
INSERT OR IGNORE INTO seed_ingestion_records (id,seed_run_id,entity_type,entity_id,source_id,status) VALUES ('ir_s09_pharmacy_202712cccea30982','seed_run_s09_osm_pharmacies_20260502','organization','org_s09_pharmacy_202712cccea30982','seed_source_osm_pharmacies_ng_20260502','ingested');
INSERT OR IGNORE INTO seed_entity_sources (id,seed_run_id,entity_type,entity_id,source_id,confidence_tier) VALUES ('es_s09_pharmacy_202712cccea30982','seed_run_s09_osm_pharmacies_20260502','organization','org_s09_pharmacy_202712cccea30982','seed_source_osm_pharmacies_ng_20260502','seeded');
INSERT OR IGNORE INTO seed_enrichment (id,seed_run_id,entity_type,entity_id,enrichment_type,enrichment_json) VALUES ('enr_s09_pharmacy_202712cccea30982','seed_run_s09_osm_pharmacies_20260502','organization','org_s09_pharmacy_202712cccea30982','licence_data','{"osm_id": "9808221855", "amenity": "pharmacy", "addr_state": null, "operator": null, "brand": null}');

INSERT OR IGNORE INTO organizations (id,tenant_id,organization_type,legal_name,display_name,registration_number,status,verification_state,created_at,updated_at) VALUES ('org_s09_pharmacy_8280b21f4b6c69b9','tenant_platform_seed','pharmacy','Ramadan Pharmacy','Ramadan Pharmacy',NULL,'active','seeded',unixepoch(),unixepoch());
INSERT OR IGNORE INTO profiles (id,subject_id,subject_type,primary_place_id,tenant_id,workspace_id,display_name,created_at,updated_at) VALUES ('prof_s09_pharmacy_8280b21f4b6c69b9','org_s09_pharmacy_8280b21f4b6c69b9','organization','place_nigeria_001','tenant_platform_seed','workspace_platform_seed_discovery','Ramadan Pharmacy',unixepoch(),unixepoch());
INSERT OR IGNORE INTO search_entries (id,profile_id,display_name,keywords,ancestry_path,vertical,created_at,updated_at) VALUES ('se_s09_pharmacy_8280b21f4b6c69b9','prof_s09_pharmacy_8280b21f4b6c69b9','Ramadan Pharmacy','ramadan pharmacy pharmacy chemist drug store medicine nigeria','place_nigeria_001','pharmacy',unixepoch(),unixepoch());
INSERT OR IGNORE INTO seed_ingestion_records (id,seed_run_id,entity_type,entity_id,source_id,status) VALUES ('ir_s09_pharmacy_8280b21f4b6c69b9','seed_run_s09_osm_pharmacies_20260502','organization','org_s09_pharmacy_8280b21f4b6c69b9','seed_source_osm_pharmacies_ng_20260502','ingested');
INSERT OR IGNORE INTO seed_entity_sources (id,seed_run_id,entity_type,entity_id,source_id,confidence_tier) VALUES ('es_s09_pharmacy_8280b21f4b6c69b9','seed_run_s09_osm_pharmacies_20260502','organization','org_s09_pharmacy_8280b21f4b6c69b9','seed_source_osm_pharmacies_ng_20260502','seeded');
INSERT OR IGNORE INTO seed_enrichment (id,seed_run_id,entity_type,entity_id,enrichment_type,enrichment_json) VALUES ('enr_s09_pharmacy_8280b21f4b6c69b9','seed_run_s09_osm_pharmacies_20260502','organization','org_s09_pharmacy_8280b21f4b6c69b9','licence_data','{"osm_id": "10840374704", "amenity": "pharmacy", "addr_state": null, "operator": "Opposites The red mandion", "brand": null}');

INSERT OR IGNORE INTO organizations (id,tenant_id,organization_type,legal_name,display_name,registration_number,status,verification_state,created_at,updated_at) VALUES ('org_s09_pharmacy_e6aeeb58ce462990','tenant_platform_seed','pharmacy','Priesnhood Pharmacy and Stores','Priesnhood Pharmacy and Stores',NULL,'active','seeded',unixepoch(),unixepoch());
INSERT OR IGNORE INTO profiles (id,subject_id,subject_type,primary_place_id,tenant_id,workspace_id,display_name,created_at,updated_at) VALUES ('prof_s09_pharmacy_e6aeeb58ce462990','org_s09_pharmacy_e6aeeb58ce462990','organization','place_nigeria_001','tenant_platform_seed','workspace_platform_seed_discovery','Priesnhood Pharmacy and Stores',unixepoch(),unixepoch());
INSERT OR IGNORE INTO search_entries (id,profile_id,display_name,keywords,ancestry_path,vertical,created_at,updated_at) VALUES ('se_s09_pharmacy_e6aeeb58ce462990','prof_s09_pharmacy_e6aeeb58ce462990','Priesnhood Pharmacy and Stores','priesnhood pharmacy and stores pharmacy chemist drug store medicine nigeria','place_nigeria_001','pharmacy',unixepoch(),unixepoch());
INSERT OR IGNORE INTO seed_ingestion_records (id,seed_run_id,entity_type,entity_id,source_id,status) VALUES ('ir_s09_pharmacy_e6aeeb58ce462990','seed_run_s09_osm_pharmacies_20260502','organization','org_s09_pharmacy_e6aeeb58ce462990','seed_source_osm_pharmacies_ng_20260502','ingested');
INSERT OR IGNORE INTO seed_entity_sources (id,seed_run_id,entity_type,entity_id,source_id,confidence_tier) VALUES ('es_s09_pharmacy_e6aeeb58ce462990','seed_run_s09_osm_pharmacies_20260502','organization','org_s09_pharmacy_e6aeeb58ce462990','seed_source_osm_pharmacies_ng_20260502','seeded');
INSERT OR IGNORE INTO seed_enrichment (id,seed_run_id,entity_type,entity_id,enrichment_type,enrichment_json) VALUES ('enr_s09_pharmacy_e6aeeb58ce462990','seed_run_s09_osm_pharmacies_20260502','organization','org_s09_pharmacy_e6aeeb58ce462990','licence_data','{"osm_id": "11004256571", "amenity": "pharmacy", "addr_state": null, "operator": null, "brand": null}');

INSERT OR IGNORE INTO organizations (id,tenant_id,organization_type,legal_name,display_name,registration_number,status,verification_state,created_at,updated_at) VALUES ('org_s09_pharmacy_82ac68c3acfb3c65','tenant_platform_seed','pharmacy','pastorate Patent Medical Store','pastorate Patent Medical Store',NULL,'active','seeded',unixepoch(),unixepoch());
INSERT OR IGNORE INTO profiles (id,subject_id,subject_type,primary_place_id,tenant_id,workspace_id,display_name,created_at,updated_at) VALUES ('prof_s09_pharmacy_82ac68c3acfb3c65','org_s09_pharmacy_82ac68c3acfb3c65','organization','place_nigeria_001','tenant_platform_seed','workspace_platform_seed_discovery','pastorate Patent Medical Store',unixepoch(),unixepoch());
INSERT OR IGNORE INTO search_entries (id,profile_id,display_name,keywords,ancestry_path,vertical,created_at,updated_at) VALUES ('se_s09_pharmacy_82ac68c3acfb3c65','prof_s09_pharmacy_82ac68c3acfb3c65','pastorate Patent Medical Store','pastorate patent medical store pharmacy chemist drug store medicine nigeria','place_nigeria_001','pharmacy',unixepoch(),unixepoch());
INSERT OR IGNORE INTO seed_ingestion_records (id,seed_run_id,entity_type,entity_id,source_id,status) VALUES ('ir_s09_pharmacy_82ac68c3acfb3c65','seed_run_s09_osm_pharmacies_20260502','organization','org_s09_pharmacy_82ac68c3acfb3c65','seed_source_osm_pharmacies_ng_20260502','ingested');
INSERT OR IGNORE INTO seed_entity_sources (id,seed_run_id,entity_type,entity_id,source_id,confidence_tier) VALUES ('es_s09_pharmacy_82ac68c3acfb3c65','seed_run_s09_osm_pharmacies_20260502','organization','org_s09_pharmacy_82ac68c3acfb3c65','seed_source_osm_pharmacies_ng_20260502','seeded');
INSERT OR IGNORE INTO seed_enrichment (id,seed_run_id,entity_type,entity_id,enrichment_type,enrichment_json) VALUES ('enr_s09_pharmacy_82ac68c3acfb3c65','seed_run_s09_osm_pharmacies_20260502','organization','org_s09_pharmacy_82ac68c3acfb3c65','licence_data','{"osm_id": "11109293481", "amenity": "pharmacy", "addr_state": null, "operator": null, "brand": null}');

INSERT OR IGNORE INTO organizations (id,tenant_id,organization_type,legal_name,display_name,registration_number,status,verification_state,created_at,updated_at) VALUES ('org_s09_pharmacy_eef5e13943d84eac','tenant_platform_seed','pharmacy','MedicPlus Pharmacy','MedicPlus Pharmacy',NULL,'active','seeded',unixepoch(),unixepoch());
INSERT OR IGNORE INTO profiles (id,subject_id,subject_type,primary_place_id,tenant_id,workspace_id,display_name,created_at,updated_at) VALUES ('prof_s09_pharmacy_eef5e13943d84eac','org_s09_pharmacy_eef5e13943d84eac','organization','place_nigeria_001','tenant_platform_seed','workspace_platform_seed_discovery','MedicPlus Pharmacy',unixepoch(),unixepoch());
INSERT OR IGNORE INTO search_entries (id,profile_id,display_name,keywords,ancestry_path,vertical,created_at,updated_at) VALUES ('se_s09_pharmacy_eef5e13943d84eac','prof_s09_pharmacy_eef5e13943d84eac','MedicPlus Pharmacy','medicplus pharmacy pharmacy chemist drug store medicine nigeria','place_nigeria_001','pharmacy',unixepoch(),unixepoch());
INSERT OR IGNORE INTO seed_ingestion_records (id,seed_run_id,entity_type,entity_id,source_id,status) VALUES ('ir_s09_pharmacy_eef5e13943d84eac','seed_run_s09_osm_pharmacies_20260502','organization','org_s09_pharmacy_eef5e13943d84eac','seed_source_osm_pharmacies_ng_20260502','ingested');
INSERT OR IGNORE INTO seed_entity_sources (id,seed_run_id,entity_type,entity_id,source_id,confidence_tier) VALUES ('es_s09_pharmacy_eef5e13943d84eac','seed_run_s09_osm_pharmacies_20260502','organization','org_s09_pharmacy_eef5e13943d84eac','seed_source_osm_pharmacies_ng_20260502','seeded');
INSERT OR IGNORE INTO seed_enrichment (id,seed_run_id,entity_type,entity_id,enrichment_type,enrichment_json) VALUES ('enr_s09_pharmacy_eef5e13943d84eac','seed_run_s09_osm_pharmacies_20260502','organization','org_s09_pharmacy_eef5e13943d84eac','licence_data','{"osm_id": "11109423595", "amenity": "pharmacy", "addr_state": null, "operator": null, "brand": null}');

INSERT OR IGNORE INTO organizations (id,tenant_id,organization_type,legal_name,display_name,registration_number,status,verification_state,created_at,updated_at) VALUES ('org_s09_pharmacy_f70d4c49663a956e','tenant_platform_seed','pharmacy','Iceme Central Pharmacy','Iceme Central Pharmacy',NULL,'active','seeded',unixepoch(),unixepoch());
INSERT OR IGNORE INTO profiles (id,subject_id,subject_type,primary_place_id,tenant_id,workspace_id,display_name,created_at,updated_at) VALUES ('prof_s09_pharmacy_f70d4c49663a956e','org_s09_pharmacy_f70d4c49663a956e','organization','place_nigeria_001','tenant_platform_seed','workspace_platform_seed_discovery','Iceme Central Pharmacy',unixepoch(),unixepoch());
INSERT OR IGNORE INTO search_entries (id,profile_id,display_name,keywords,ancestry_path,vertical,created_at,updated_at) VALUES ('se_s09_pharmacy_f70d4c49663a956e','prof_s09_pharmacy_f70d4c49663a956e','Iceme Central Pharmacy','iceme central pharmacy pharmacy chemist drug store medicine nigeria','place_nigeria_001','pharmacy',unixepoch(),unixepoch());
INSERT OR IGNORE INTO seed_ingestion_records (id,seed_run_id,entity_type,entity_id,source_id,status) VALUES ('ir_s09_pharmacy_f70d4c49663a956e','seed_run_s09_osm_pharmacies_20260502','organization','org_s09_pharmacy_f70d4c49663a956e','seed_source_osm_pharmacies_ng_20260502','ingested');
INSERT OR IGNORE INTO seed_entity_sources (id,seed_run_id,entity_type,entity_id,source_id,confidence_tier) VALUES ('es_s09_pharmacy_f70d4c49663a956e','seed_run_s09_osm_pharmacies_20260502','organization','org_s09_pharmacy_f70d4c49663a956e','seed_source_osm_pharmacies_ng_20260502','seeded');
INSERT OR IGNORE INTO seed_enrichment (id,seed_run_id,entity_type,entity_id,enrichment_type,enrichment_json) VALUES ('enr_s09_pharmacy_f70d4c49663a956e','seed_run_s09_osm_pharmacies_20260502','organization','org_s09_pharmacy_f70d4c49663a956e','licence_data','{"osm_id": "11109423597", "amenity": "pharmacy", "addr_state": null, "operator": null, "brand": null}');

INSERT OR IGNORE INTO organizations (id,tenant_id,organization_type,legal_name,display_name,registration_number,status,verification_state,created_at,updated_at) VALUES ('org_s09_pharmacy_d038145963e714f9','tenant_platform_seed','pharmacy','Kauthar Pharmacy and Store','Kauthar Pharmacy and Store',NULL,'active','seeded',unixepoch(),unixepoch());
INSERT OR IGNORE INTO profiles (id,subject_id,subject_type,primary_place_id,tenant_id,workspace_id,display_name,created_at,updated_at) VALUES ('prof_s09_pharmacy_d038145963e714f9','org_s09_pharmacy_d038145963e714f9','organization','place_nigeria_001','tenant_platform_seed','workspace_platform_seed_discovery','Kauthar Pharmacy and Store',unixepoch(),unixepoch());
INSERT OR IGNORE INTO search_entries (id,profile_id,display_name,keywords,ancestry_path,vertical,created_at,updated_at) VALUES ('se_s09_pharmacy_d038145963e714f9','prof_s09_pharmacy_d038145963e714f9','Kauthar Pharmacy and Store','kauthar pharmacy and store pharmacy chemist drug store medicine nigeria','place_nigeria_001','pharmacy',unixepoch(),unixepoch());
INSERT OR IGNORE INTO seed_ingestion_records (id,seed_run_id,entity_type,entity_id,source_id,status) VALUES ('ir_s09_pharmacy_d038145963e714f9','seed_run_s09_osm_pharmacies_20260502','organization','org_s09_pharmacy_d038145963e714f9','seed_source_osm_pharmacies_ng_20260502','ingested');
INSERT OR IGNORE INTO seed_entity_sources (id,seed_run_id,entity_type,entity_id,source_id,confidence_tier) VALUES ('es_s09_pharmacy_d038145963e714f9','seed_run_s09_osm_pharmacies_20260502','organization','org_s09_pharmacy_d038145963e714f9','seed_source_osm_pharmacies_ng_20260502','seeded');
INSERT OR IGNORE INTO seed_enrichment (id,seed_run_id,entity_type,entity_id,enrichment_type,enrichment_json) VALUES ('enr_s09_pharmacy_d038145963e714f9','seed_run_s09_osm_pharmacies_20260502','organization','org_s09_pharmacy_d038145963e714f9','licence_data','{"osm_id": "11109423598", "amenity": "pharmacy", "addr_state": null, "operator": null, "brand": null}');

INSERT OR IGNORE INTO organizations (id,tenant_id,organization_type,legal_name,display_name,registration_number,status,verification_state,created_at,updated_at) VALUES ('org_s09_pharmacy_cabea558f8756be7','tenant_platform_seed','pharmacy','Moland Jones Pharmacy','Moland Jones Pharmacy',NULL,'active','seeded',unixepoch(),unixepoch());
INSERT OR IGNORE INTO profiles (id,subject_id,subject_type,primary_place_id,tenant_id,workspace_id,display_name,created_at,updated_at) VALUES ('prof_s09_pharmacy_cabea558f8756be7','org_s09_pharmacy_cabea558f8756be7','organization','place_nigeria_001','tenant_platform_seed','workspace_platform_seed_discovery','Moland Jones Pharmacy',unixepoch(),unixepoch());
INSERT OR IGNORE INTO search_entries (id,profile_id,display_name,keywords,ancestry_path,vertical,created_at,updated_at) VALUES ('se_s09_pharmacy_cabea558f8756be7','prof_s09_pharmacy_cabea558f8756be7','Moland Jones Pharmacy','moland jones pharmacy pharmacy chemist drug store medicine nigeria','place_nigeria_001','pharmacy',unixepoch(),unixepoch());
INSERT OR IGNORE INTO seed_ingestion_records (id,seed_run_id,entity_type,entity_id,source_id,status) VALUES ('ir_s09_pharmacy_cabea558f8756be7','seed_run_s09_osm_pharmacies_20260502','organization','org_s09_pharmacy_cabea558f8756be7','seed_source_osm_pharmacies_ng_20260502','ingested');
INSERT OR IGNORE INTO seed_entity_sources (id,seed_run_id,entity_type,entity_id,source_id,confidence_tier) VALUES ('es_s09_pharmacy_cabea558f8756be7','seed_run_s09_osm_pharmacies_20260502','organization','org_s09_pharmacy_cabea558f8756be7','seed_source_osm_pharmacies_ng_20260502','seeded');
INSERT OR IGNORE INTO seed_enrichment (id,seed_run_id,entity_type,entity_id,enrichment_type,enrichment_json) VALUES ('enr_s09_pharmacy_cabea558f8756be7','seed_run_s09_osm_pharmacies_20260502','organization','org_s09_pharmacy_cabea558f8756be7','licence_data','{"osm_id": "11109423599", "amenity": "pharmacy", "addr_state": null, "operator": null, "brand": null}');

INSERT OR IGNORE INTO organizations (id,tenant_id,organization_type,legal_name,display_name,registration_number,status,verification_state,created_at,updated_at) VALUES ('org_s09_pharmacy_126b476c4b2aad98','tenant_platform_seed','pharmacy','Pharmacy','Pharmacy',NULL,'active','seeded',unixepoch(),unixepoch());
INSERT OR IGNORE INTO profiles (id,subject_id,subject_type,primary_place_id,tenant_id,workspace_id,display_name,created_at,updated_at) VALUES ('prof_s09_pharmacy_126b476c4b2aad98','org_s09_pharmacy_126b476c4b2aad98','organization','place_nigeria_001','tenant_platform_seed','workspace_platform_seed_discovery','Pharmacy',unixepoch(),unixepoch());
INSERT OR IGNORE INTO search_entries (id,profile_id,display_name,keywords,ancestry_path,vertical,created_at,updated_at) VALUES ('se_s09_pharmacy_126b476c4b2aad98','prof_s09_pharmacy_126b476c4b2aad98','Pharmacy','pharmacy pharmacy chemist drug store medicine nigeria','place_nigeria_001','pharmacy',unixepoch(),unixepoch());
INSERT OR IGNORE INTO seed_ingestion_records (id,seed_run_id,entity_type,entity_id,source_id,status) VALUES ('ir_s09_pharmacy_126b476c4b2aad98','seed_run_s09_osm_pharmacies_20260502','organization','org_s09_pharmacy_126b476c4b2aad98','seed_source_osm_pharmacies_ng_20260502','ingested');
INSERT OR IGNORE INTO seed_entity_sources (id,seed_run_id,entity_type,entity_id,source_id,confidence_tier) VALUES ('es_s09_pharmacy_126b476c4b2aad98','seed_run_s09_osm_pharmacies_20260502','organization','org_s09_pharmacy_126b476c4b2aad98','seed_source_osm_pharmacies_ng_20260502','seeded');
INSERT OR IGNORE INTO seed_enrichment (id,seed_run_id,entity_type,entity_id,enrichment_type,enrichment_json) VALUES ('enr_s09_pharmacy_126b476c4b2aad98','seed_run_s09_osm_pharmacies_20260502','organization','org_s09_pharmacy_126b476c4b2aad98','licence_data','{"osm_id": "11153548707", "amenity": "pharmacy", "addr_state": null, "operator": null, "brand": null}');

INSERT OR IGNORE INTO organizations (id,tenant_id,organization_type,legal_name,display_name,registration_number,status,verification_state,created_at,updated_at) VALUES ('org_s09_pharmacy_4cc51437739c176f','tenant_platform_seed','pharmacy','LizkebePharmaceutical Services','LizkebePharmaceutical Services',NULL,'active','seeded',unixepoch(),unixepoch());
INSERT OR IGNORE INTO profiles (id,subject_id,subject_type,primary_place_id,tenant_id,workspace_id,display_name,created_at,updated_at) VALUES ('prof_s09_pharmacy_4cc51437739c176f','org_s09_pharmacy_4cc51437739c176f','organization','place_nigeria_001','tenant_platform_seed','workspace_platform_seed_discovery','LizkebePharmaceutical Services',unixepoch(),unixepoch());
INSERT OR IGNORE INTO search_entries (id,profile_id,display_name,keywords,ancestry_path,vertical,created_at,updated_at) VALUES ('se_s09_pharmacy_4cc51437739c176f','prof_s09_pharmacy_4cc51437739c176f','LizkebePharmaceutical Services','lizkebepharmaceutical services pharmacy chemist drug store medicine nigeria','place_nigeria_001','pharmacy',unixepoch(),unixepoch());
INSERT OR IGNORE INTO seed_ingestion_records (id,seed_run_id,entity_type,entity_id,source_id,status) VALUES ('ir_s09_pharmacy_4cc51437739c176f','seed_run_s09_osm_pharmacies_20260502','organization','org_s09_pharmacy_4cc51437739c176f','seed_source_osm_pharmacies_ng_20260502','ingested');
INSERT OR IGNORE INTO seed_entity_sources (id,seed_run_id,entity_type,entity_id,source_id,confidence_tier) VALUES ('es_s09_pharmacy_4cc51437739c176f','seed_run_s09_osm_pharmacies_20260502','organization','org_s09_pharmacy_4cc51437739c176f','seed_source_osm_pharmacies_ng_20260502','seeded');
INSERT OR IGNORE INTO seed_enrichment (id,seed_run_id,entity_type,entity_id,enrichment_type,enrichment_json) VALUES ('enr_s09_pharmacy_4cc51437739c176f','seed_run_s09_osm_pharmacies_20260502','organization','org_s09_pharmacy_4cc51437739c176f','licence_data','{"osm_id": "11165058312", "amenity": "pharmacy", "addr_state": null, "operator": null, "brand": null}');

INSERT OR IGNORE INTO organizations (id,tenant_id,organization_type,legal_name,display_name,registration_number,status,verification_state,created_at,updated_at) VALUES ('org_s09_pharmacy_321e4831ec6d7c73','tenant_platform_seed','pharmacy','Gadali Pharmacy','Gadali Pharmacy',NULL,'active','seeded',unixepoch(),unixepoch());
INSERT OR IGNORE INTO profiles (id,subject_id,subject_type,primary_place_id,tenant_id,workspace_id,display_name,created_at,updated_at) VALUES ('prof_s09_pharmacy_321e4831ec6d7c73','org_s09_pharmacy_321e4831ec6d7c73','organization','place_nigeria_001','tenant_platform_seed','workspace_platform_seed_discovery','Gadali Pharmacy',unixepoch(),unixepoch());
INSERT OR IGNORE INTO search_entries (id,profile_id,display_name,keywords,ancestry_path,vertical,created_at,updated_at) VALUES ('se_s09_pharmacy_321e4831ec6d7c73','prof_s09_pharmacy_321e4831ec6d7c73','Gadali Pharmacy','gadali pharmacy pharmacy chemist drug store medicine nigeria','place_nigeria_001','pharmacy',unixepoch(),unixepoch());
INSERT OR IGNORE INTO seed_ingestion_records (id,seed_run_id,entity_type,entity_id,source_id,status) VALUES ('ir_s09_pharmacy_321e4831ec6d7c73','seed_run_s09_osm_pharmacies_20260502','organization','org_s09_pharmacy_321e4831ec6d7c73','seed_source_osm_pharmacies_ng_20260502','ingested');
INSERT OR IGNORE INTO seed_entity_sources (id,seed_run_id,entity_type,entity_id,source_id,confidence_tier) VALUES ('es_s09_pharmacy_321e4831ec6d7c73','seed_run_s09_osm_pharmacies_20260502','organization','org_s09_pharmacy_321e4831ec6d7c73','seed_source_osm_pharmacies_ng_20260502','seeded');
INSERT OR IGNORE INTO seed_enrichment (id,seed_run_id,entity_type,entity_id,enrichment_type,enrichment_json) VALUES ('enr_s09_pharmacy_321e4831ec6d7c73','seed_run_s09_osm_pharmacies_20260502','organization','org_s09_pharmacy_321e4831ec6d7c73','licence_data','{"osm_id": "11165059905", "amenity": "pharmacy", "addr_state": null, "operator": null, "brand": null}');

INSERT OR IGNORE INTO organizations (id,tenant_id,organization_type,legal_name,display_name,registration_number,status,verification_state,created_at,updated_at) VALUES ('org_s09_pharmacy_d6834fce7891449f','tenant_platform_seed','pharmacy','pharmacy','pharmacy',NULL,'active','seeded',unixepoch(),unixepoch());
INSERT OR IGNORE INTO profiles (id,subject_id,subject_type,primary_place_id,tenant_id,workspace_id,display_name,created_at,updated_at) VALUES ('prof_s09_pharmacy_d6834fce7891449f','org_s09_pharmacy_d6834fce7891449f','organization','place_nigeria_001','tenant_platform_seed','workspace_platform_seed_discovery','pharmacy',unixepoch(),unixepoch());
INSERT OR IGNORE INTO search_entries (id,profile_id,display_name,keywords,ancestry_path,vertical,created_at,updated_at) VALUES ('se_s09_pharmacy_d6834fce7891449f','prof_s09_pharmacy_d6834fce7891449f','pharmacy','pharmacy pharmacy chemist drug store medicine nigeria','place_nigeria_001','pharmacy',unixepoch(),unixepoch());
INSERT OR IGNORE INTO seed_ingestion_records (id,seed_run_id,entity_type,entity_id,source_id,status) VALUES ('ir_s09_pharmacy_d6834fce7891449f','seed_run_s09_osm_pharmacies_20260502','organization','org_s09_pharmacy_d6834fce7891449f','seed_source_osm_pharmacies_ng_20260502','ingested');
INSERT OR IGNORE INTO seed_entity_sources (id,seed_run_id,entity_type,entity_id,source_id,confidence_tier) VALUES ('es_s09_pharmacy_d6834fce7891449f','seed_run_s09_osm_pharmacies_20260502','organization','org_s09_pharmacy_d6834fce7891449f','seed_source_osm_pharmacies_ng_20260502','seeded');
INSERT OR IGNORE INTO seed_enrichment (id,seed_run_id,entity_type,entity_id,enrichment_type,enrichment_json) VALUES ('enr_s09_pharmacy_d6834fce7891449f','seed_run_s09_osm_pharmacies_20260502','organization','org_s09_pharmacy_d6834fce7891449f','licence_data','{"osm_id": "11175323738", "amenity": "pharmacy", "addr_state": null, "operator": null, "brand": null}');

INSERT OR IGNORE INTO organizations (id,tenant_id,organization_type,legal_name,display_name,registration_number,status,verification_state,created_at,updated_at) VALUES ('org_s09_pharmacy_892f23d0138c18dd','tenant_platform_seed','pharmacy','Albarka patient Medicine Store','Albarka patient Medicine Store',NULL,'active','seeded',unixepoch(),unixepoch());
INSERT OR IGNORE INTO profiles (id,subject_id,subject_type,primary_place_id,tenant_id,workspace_id,display_name,created_at,updated_at) VALUES ('prof_s09_pharmacy_892f23d0138c18dd','org_s09_pharmacy_892f23d0138c18dd','organization','place_nigeria_001','tenant_platform_seed','workspace_platform_seed_discovery','Albarka patient Medicine Store',unixepoch(),unixepoch());
INSERT OR IGNORE INTO search_entries (id,profile_id,display_name,keywords,ancestry_path,vertical,created_at,updated_at) VALUES ('se_s09_pharmacy_892f23d0138c18dd','prof_s09_pharmacy_892f23d0138c18dd','Albarka patient Medicine Store','albarka patient medicine store pharmacy chemist drug store medicine nigeria','place_nigeria_001','pharmacy',unixepoch(),unixepoch());
INSERT OR IGNORE INTO seed_ingestion_records (id,seed_run_id,entity_type,entity_id,source_id,status) VALUES ('ir_s09_pharmacy_892f23d0138c18dd','seed_run_s09_osm_pharmacies_20260502','organization','org_s09_pharmacy_892f23d0138c18dd','seed_source_osm_pharmacies_ng_20260502','ingested');
INSERT OR IGNORE INTO seed_entity_sources (id,seed_run_id,entity_type,entity_id,source_id,confidence_tier) VALUES ('es_s09_pharmacy_892f23d0138c18dd','seed_run_s09_osm_pharmacies_20260502','organization','org_s09_pharmacy_892f23d0138c18dd','seed_source_osm_pharmacies_ng_20260502','seeded');
INSERT OR IGNORE INTO seed_enrichment (id,seed_run_id,entity_type,entity_id,enrichment_type,enrichment_json) VALUES ('enr_s09_pharmacy_892f23d0138c18dd','seed_run_s09_osm_pharmacies_20260502','organization','org_s09_pharmacy_892f23d0138c18dd','licence_data','{"osm_id": "11176243237", "amenity": "pharmacy", "addr_state": null, "operator": null, "brand": null}');

INSERT OR IGNORE INTO organizations (id,tenant_id,organization_type,legal_name,display_name,registration_number,status,verification_state,created_at,updated_at) VALUES ('org_s09_pharmacy_67cf80df29f8a12b','tenant_platform_seed','pharmacy','ABU HANNEFA MEDICINE STORE','ABU HANNEFA MEDICINE STORE',NULL,'active','seeded',unixepoch(),unixepoch());
INSERT OR IGNORE INTO profiles (id,subject_id,subject_type,primary_place_id,tenant_id,workspace_id,display_name,created_at,updated_at) VALUES ('prof_s09_pharmacy_67cf80df29f8a12b','org_s09_pharmacy_67cf80df29f8a12b','organization','place_nigeria_001','tenant_platform_seed','workspace_platform_seed_discovery','ABU HANNEFA MEDICINE STORE',unixepoch(),unixepoch());
INSERT OR IGNORE INTO search_entries (id,profile_id,display_name,keywords,ancestry_path,vertical,created_at,updated_at) VALUES ('se_s09_pharmacy_67cf80df29f8a12b','prof_s09_pharmacy_67cf80df29f8a12b','ABU HANNEFA MEDICINE STORE','abu hannefa medicine store pharmacy chemist drug store medicine nigeria','place_nigeria_001','pharmacy',unixepoch(),unixepoch());
INSERT OR IGNORE INTO seed_ingestion_records (id,seed_run_id,entity_type,entity_id,source_id,status) VALUES ('ir_s09_pharmacy_67cf80df29f8a12b','seed_run_s09_osm_pharmacies_20260502','organization','org_s09_pharmacy_67cf80df29f8a12b','seed_source_osm_pharmacies_ng_20260502','ingested');
INSERT OR IGNORE INTO seed_entity_sources (id,seed_run_id,entity_type,entity_id,source_id,confidence_tier) VALUES ('es_s09_pharmacy_67cf80df29f8a12b','seed_run_s09_osm_pharmacies_20260502','organization','org_s09_pharmacy_67cf80df29f8a12b','seed_source_osm_pharmacies_ng_20260502','seeded');
INSERT OR IGNORE INTO seed_enrichment (id,seed_run_id,entity_type,entity_id,enrichment_type,enrichment_json) VALUES ('enr_s09_pharmacy_67cf80df29f8a12b','seed_run_s09_osm_pharmacies_20260502','organization','org_s09_pharmacy_67cf80df29f8a12b','licence_data','{"osm_id": "12282340284", "amenity": "pharmacy", "addr_state": null, "operator": "private_individual", "brand": null}');

INSERT OR IGNORE INTO organizations (id,tenant_id,organization_type,legal_name,display_name,registration_number,status,verification_state,created_at,updated_at) VALUES ('org_s09_pharmacy_9a7d220075473b79','tenant_platform_seed','pharmacy','SALMA MEDICINE STORE','SALMA MEDICINE STORE',NULL,'active','seeded',unixepoch(),unixepoch());
INSERT OR IGNORE INTO profiles (id,subject_id,subject_type,primary_place_id,tenant_id,workspace_id,display_name,created_at,updated_at) VALUES ('prof_s09_pharmacy_9a7d220075473b79','org_s09_pharmacy_9a7d220075473b79','organization','place_nigeria_001','tenant_platform_seed','workspace_platform_seed_discovery','SALMA MEDICINE STORE',unixepoch(),unixepoch());
INSERT OR IGNORE INTO search_entries (id,profile_id,display_name,keywords,ancestry_path,vertical,created_at,updated_at) VALUES ('se_s09_pharmacy_9a7d220075473b79','prof_s09_pharmacy_9a7d220075473b79','SALMA MEDICINE STORE','salma medicine store pharmacy chemist drug store medicine nigeria','place_nigeria_001','pharmacy',unixepoch(),unixepoch());
INSERT OR IGNORE INTO seed_ingestion_records (id,seed_run_id,entity_type,entity_id,source_id,status) VALUES ('ir_s09_pharmacy_9a7d220075473b79','seed_run_s09_osm_pharmacies_20260502','organization','org_s09_pharmacy_9a7d220075473b79','seed_source_osm_pharmacies_ng_20260502','ingested');
INSERT OR IGNORE INTO seed_entity_sources (id,seed_run_id,entity_type,entity_id,source_id,confidence_tier) VALUES ('es_s09_pharmacy_9a7d220075473b79','seed_run_s09_osm_pharmacies_20260502','organization','org_s09_pharmacy_9a7d220075473b79','seed_source_osm_pharmacies_ng_20260502','seeded');
INSERT OR IGNORE INTO seed_enrichment (id,seed_run_id,entity_type,entity_id,enrichment_type,enrichment_json) VALUES ('enr_s09_pharmacy_9a7d220075473b79','seed_run_s09_osm_pharmacies_20260502','organization','org_s09_pharmacy_9a7d220075473b79','licence_data','{"osm_id": "12282340285", "amenity": "pharmacy", "addr_state": null, "operator": "private_individual", "brand": null}');

INSERT OR IGNORE INTO organizations (id,tenant_id,organization_type,legal_name,display_name,registration_number,status,verification_state,created_at,updated_at) VALUES ('org_s09_pharmacy_6060832cd923e82c','tenant_platform_seed','pharmacy','NAZEE ALBARKA MEDICINE STORE','NAZEE ALBARKA MEDICINE STORE',NULL,'active','seeded',unixepoch(),unixepoch());
INSERT OR IGNORE INTO profiles (id,subject_id,subject_type,primary_place_id,tenant_id,workspace_id,display_name,created_at,updated_at) VALUES ('prof_s09_pharmacy_6060832cd923e82c','org_s09_pharmacy_6060832cd923e82c','organization','place_nigeria_001','tenant_platform_seed','workspace_platform_seed_discovery','NAZEE ALBARKA MEDICINE STORE',unixepoch(),unixepoch());
INSERT OR IGNORE INTO search_entries (id,profile_id,display_name,keywords,ancestry_path,vertical,created_at,updated_at) VALUES ('se_s09_pharmacy_6060832cd923e82c','prof_s09_pharmacy_6060832cd923e82c','NAZEE ALBARKA MEDICINE STORE','nazee albarka medicine store pharmacy chemist drug store medicine nigeria','place_nigeria_001','pharmacy',unixepoch(),unixepoch());
INSERT OR IGNORE INTO seed_ingestion_records (id,seed_run_id,entity_type,entity_id,source_id,status) VALUES ('ir_s09_pharmacy_6060832cd923e82c','seed_run_s09_osm_pharmacies_20260502','organization','org_s09_pharmacy_6060832cd923e82c','seed_source_osm_pharmacies_ng_20260502','ingested');
INSERT OR IGNORE INTO seed_entity_sources (id,seed_run_id,entity_type,entity_id,source_id,confidence_tier) VALUES ('es_s09_pharmacy_6060832cd923e82c','seed_run_s09_osm_pharmacies_20260502','organization','org_s09_pharmacy_6060832cd923e82c','seed_source_osm_pharmacies_ng_20260502','seeded');
INSERT OR IGNORE INTO seed_enrichment (id,seed_run_id,entity_type,entity_id,enrichment_type,enrichment_json) VALUES ('enr_s09_pharmacy_6060832cd923e82c','seed_run_s09_osm_pharmacies_20260502','organization','org_s09_pharmacy_6060832cd923e82c','licence_data','{"osm_id": "12282340286", "amenity": "pharmacy", "addr_state": null, "operator": "private_individual", "brand": null}');

INSERT OR IGNORE INTO organizations (id,tenant_id,organization_type,legal_name,display_name,registration_number,status,verification_state,created_at,updated_at) VALUES ('org_s09_pharmacy_daa39b1da0a9ba06','tenant_platform_seed','pharmacy','A.Y CHEMIST KARSHEN AIKI','A.Y CHEMIST KARSHEN AIKI',NULL,'active','seeded',unixepoch(),unixepoch());
INSERT OR IGNORE INTO profiles (id,subject_id,subject_type,primary_place_id,tenant_id,workspace_id,display_name,created_at,updated_at) VALUES ('prof_s09_pharmacy_daa39b1da0a9ba06','org_s09_pharmacy_daa39b1da0a9ba06','organization','place_nigeria_001','tenant_platform_seed','workspace_platform_seed_discovery','A.Y CHEMIST KARSHEN AIKI',unixepoch(),unixepoch());
INSERT OR IGNORE INTO search_entries (id,profile_id,display_name,keywords,ancestry_path,vertical,created_at,updated_at) VALUES ('se_s09_pharmacy_daa39b1da0a9ba06','prof_s09_pharmacy_daa39b1da0a9ba06','A.Y CHEMIST KARSHEN AIKI','a.y chemist karshen aiki pharmacy chemist drug store medicine nigeria','place_nigeria_001','pharmacy',unixepoch(),unixepoch());
INSERT OR IGNORE INTO seed_ingestion_records (id,seed_run_id,entity_type,entity_id,source_id,status) VALUES ('ir_s09_pharmacy_daa39b1da0a9ba06','seed_run_s09_osm_pharmacies_20260502','organization','org_s09_pharmacy_daa39b1da0a9ba06','seed_source_osm_pharmacies_ng_20260502','ingested');
INSERT OR IGNORE INTO seed_entity_sources (id,seed_run_id,entity_type,entity_id,source_id,confidence_tier) VALUES ('es_s09_pharmacy_daa39b1da0a9ba06','seed_run_s09_osm_pharmacies_20260502','organization','org_s09_pharmacy_daa39b1da0a9ba06','seed_source_osm_pharmacies_ng_20260502','seeded');
INSERT OR IGNORE INTO seed_enrichment (id,seed_run_id,entity_type,entity_id,enrichment_type,enrichment_json) VALUES ('enr_s09_pharmacy_daa39b1da0a9ba06','seed_run_s09_osm_pharmacies_20260502','organization','org_s09_pharmacy_daa39b1da0a9ba06','licence_data','{"osm_id": "12282340287", "amenity": "pharmacy", "addr_state": null, "operator": "private_individual", "brand": null}');

INSERT OR IGNORE INTO organizations (id,tenant_id,organization_type,legal_name,display_name,registration_number,status,verification_state,created_at,updated_at) VALUES ('org_s09_pharmacy_f2d504d5c16e0dc4','tenant_platform_seed','pharmacy','RIMIN KEBE MEDICINE STORE','RIMIN KEBE MEDICINE STORE',NULL,'active','seeded',unixepoch(),unixepoch());
INSERT OR IGNORE INTO profiles (id,subject_id,subject_type,primary_place_id,tenant_id,workspace_id,display_name,created_at,updated_at) VALUES ('prof_s09_pharmacy_f2d504d5c16e0dc4','org_s09_pharmacy_f2d504d5c16e0dc4','organization','place_nigeria_001','tenant_platform_seed','workspace_platform_seed_discovery','RIMIN KEBE MEDICINE STORE',unixepoch(),unixepoch());
INSERT OR IGNORE INTO search_entries (id,profile_id,display_name,keywords,ancestry_path,vertical,created_at,updated_at) VALUES ('se_s09_pharmacy_f2d504d5c16e0dc4','prof_s09_pharmacy_f2d504d5c16e0dc4','RIMIN KEBE MEDICINE STORE','rimin kebe medicine store pharmacy chemist drug store medicine nigeria','place_nigeria_001','pharmacy',unixepoch(),unixepoch());
INSERT OR IGNORE INTO seed_ingestion_records (id,seed_run_id,entity_type,entity_id,source_id,status) VALUES ('ir_s09_pharmacy_f2d504d5c16e0dc4','seed_run_s09_osm_pharmacies_20260502','organization','org_s09_pharmacy_f2d504d5c16e0dc4','seed_source_osm_pharmacies_ng_20260502','ingested');
INSERT OR IGNORE INTO seed_entity_sources (id,seed_run_id,entity_type,entity_id,source_id,confidence_tier) VALUES ('es_s09_pharmacy_f2d504d5c16e0dc4','seed_run_s09_osm_pharmacies_20260502','organization','org_s09_pharmacy_f2d504d5c16e0dc4','seed_source_osm_pharmacies_ng_20260502','seeded');
INSERT OR IGNORE INTO seed_enrichment (id,seed_run_id,entity_type,entity_id,enrichment_type,enrichment_json) VALUES ('enr_s09_pharmacy_f2d504d5c16e0dc4','seed_run_s09_osm_pharmacies_20260502','organization','org_s09_pharmacy_f2d504d5c16e0dc4','licence_data','{"osm_id": "12282340288", "amenity": "pharmacy", "addr_state": null, "operator": "private_individual", "brand": null}');

INSERT OR IGNORE INTO organizations (id,tenant_id,organization_type,legal_name,display_name,registration_number,status,verification_state,created_at,updated_at) VALUES ('org_s09_pharmacy_06dbc7e6c0bcd536','tenant_platform_seed','pharmacy','DISCOUNT MEDICINE','DISCOUNT MEDICINE',NULL,'active','seeded',unixepoch(),unixepoch());
INSERT OR IGNORE INTO profiles (id,subject_id,subject_type,primary_place_id,tenant_id,workspace_id,display_name,created_at,updated_at) VALUES ('prof_s09_pharmacy_06dbc7e6c0bcd536','org_s09_pharmacy_06dbc7e6c0bcd536','organization','place_nigeria_001','tenant_platform_seed','workspace_platform_seed_discovery','DISCOUNT MEDICINE',unixepoch(),unixepoch());
INSERT OR IGNORE INTO search_entries (id,profile_id,display_name,keywords,ancestry_path,vertical,created_at,updated_at) VALUES ('se_s09_pharmacy_06dbc7e6c0bcd536','prof_s09_pharmacy_06dbc7e6c0bcd536','DISCOUNT MEDICINE','discount medicine pharmacy chemist drug store medicine nigeria','place_nigeria_001','pharmacy',unixepoch(),unixepoch());
INSERT OR IGNORE INTO seed_ingestion_records (id,seed_run_id,entity_type,entity_id,source_id,status) VALUES ('ir_s09_pharmacy_06dbc7e6c0bcd536','seed_run_s09_osm_pharmacies_20260502','organization','org_s09_pharmacy_06dbc7e6c0bcd536','seed_source_osm_pharmacies_ng_20260502','ingested');
INSERT OR IGNORE INTO seed_entity_sources (id,seed_run_id,entity_type,entity_id,source_id,confidence_tier) VALUES ('es_s09_pharmacy_06dbc7e6c0bcd536','seed_run_s09_osm_pharmacies_20260502','organization','org_s09_pharmacy_06dbc7e6c0bcd536','seed_source_osm_pharmacies_ng_20260502','seeded');
INSERT OR IGNORE INTO seed_enrichment (id,seed_run_id,entity_type,entity_id,enrichment_type,enrichment_json) VALUES ('enr_s09_pharmacy_06dbc7e6c0bcd536','seed_run_s09_osm_pharmacies_20260502','organization','org_s09_pharmacy_06dbc7e6c0bcd536','licence_data','{"osm_id": "12282340289", "amenity": "pharmacy", "addr_state": null, "operator": "private_individual", "brand": null}');

INSERT OR IGNORE INTO organizations (id,tenant_id,organization_type,legal_name,display_name,registration_number,status,verification_state,created_at,updated_at) VALUES ('org_s09_pharmacy_6523233c3c28a9ee','tenant_platform_seed','pharmacy','B KABO MEDICINE STORE','B KABO MEDICINE STORE',NULL,'active','seeded',unixepoch(),unixepoch());
INSERT OR IGNORE INTO profiles (id,subject_id,subject_type,primary_place_id,tenant_id,workspace_id,display_name,created_at,updated_at) VALUES ('prof_s09_pharmacy_6523233c3c28a9ee','org_s09_pharmacy_6523233c3c28a9ee','organization','place_nigeria_001','tenant_platform_seed','workspace_platform_seed_discovery','B KABO MEDICINE STORE',unixepoch(),unixepoch());
INSERT OR IGNORE INTO search_entries (id,profile_id,display_name,keywords,ancestry_path,vertical,created_at,updated_at) VALUES ('se_s09_pharmacy_6523233c3c28a9ee','prof_s09_pharmacy_6523233c3c28a9ee','B KABO MEDICINE STORE','b kabo medicine store pharmacy chemist drug store medicine nigeria','place_nigeria_001','pharmacy',unixepoch(),unixepoch());
INSERT OR IGNORE INTO seed_ingestion_records (id,seed_run_id,entity_type,entity_id,source_id,status) VALUES ('ir_s09_pharmacy_6523233c3c28a9ee','seed_run_s09_osm_pharmacies_20260502','organization','org_s09_pharmacy_6523233c3c28a9ee','seed_source_osm_pharmacies_ng_20260502','ingested');
INSERT OR IGNORE INTO seed_entity_sources (id,seed_run_id,entity_type,entity_id,source_id,confidence_tier) VALUES ('es_s09_pharmacy_6523233c3c28a9ee','seed_run_s09_osm_pharmacies_20260502','organization','org_s09_pharmacy_6523233c3c28a9ee','seed_source_osm_pharmacies_ng_20260502','seeded');
INSERT OR IGNORE INTO seed_enrichment (id,seed_run_id,entity_type,entity_id,enrichment_type,enrichment_json) VALUES ('enr_s09_pharmacy_6523233c3c28a9ee','seed_run_s09_osm_pharmacies_20260502','organization','org_s09_pharmacy_6523233c3c28a9ee','licence_data','{"osm_id": "12282340290", "amenity": "pharmacy", "addr_state": null, "operator": "private_individual", "brand": null}');

INSERT OR IGNORE INTO organizations (id,tenant_id,organization_type,legal_name,display_name,registration_number,status,verification_state,created_at,updated_at) VALUES ('org_s09_pharmacy_3f6ef434b7e9291e','tenant_platform_seed','pharmacy','SARIRA 2','SARIRA 2',NULL,'active','seeded',unixepoch(),unixepoch());
INSERT OR IGNORE INTO profiles (id,subject_id,subject_type,primary_place_id,tenant_id,workspace_id,display_name,created_at,updated_at) VALUES ('prof_s09_pharmacy_3f6ef434b7e9291e','org_s09_pharmacy_3f6ef434b7e9291e','organization','place_nigeria_001','tenant_platform_seed','workspace_platform_seed_discovery','SARIRA 2',unixepoch(),unixepoch());
INSERT OR IGNORE INTO search_entries (id,profile_id,display_name,keywords,ancestry_path,vertical,created_at,updated_at) VALUES ('se_s09_pharmacy_3f6ef434b7e9291e','prof_s09_pharmacy_3f6ef434b7e9291e','SARIRA 2','sarira 2 pharmacy chemist drug store medicine nigeria','place_nigeria_001','pharmacy',unixepoch(),unixepoch());
INSERT OR IGNORE INTO seed_ingestion_records (id,seed_run_id,entity_type,entity_id,source_id,status) VALUES ('ir_s09_pharmacy_3f6ef434b7e9291e','seed_run_s09_osm_pharmacies_20260502','organization','org_s09_pharmacy_3f6ef434b7e9291e','seed_source_osm_pharmacies_ng_20260502','ingested');
INSERT OR IGNORE INTO seed_entity_sources (id,seed_run_id,entity_type,entity_id,source_id,confidence_tier) VALUES ('es_s09_pharmacy_3f6ef434b7e9291e','seed_run_s09_osm_pharmacies_20260502','organization','org_s09_pharmacy_3f6ef434b7e9291e','seed_source_osm_pharmacies_ng_20260502','seeded');
INSERT OR IGNORE INTO seed_enrichment (id,seed_run_id,entity_type,entity_id,enrichment_type,enrichment_json) VALUES ('enr_s09_pharmacy_3f6ef434b7e9291e','seed_run_s09_osm_pharmacies_20260502','organization','org_s09_pharmacy_3f6ef434b7e9291e','licence_data','{"osm_id": "12282340291", "amenity": "pharmacy", "addr_state": null, "operator": "private_individual", "brand": null}');

INSERT OR IGNORE INTO organizations (id,tenant_id,organization_type,legal_name,display_name,registration_number,status,verification_state,created_at,updated_at) VALUES ('org_s09_pharmacy_dff1c1e2a73b8d56','tenant_platform_seed','pharmacy','AFUWA CHEMIST','AFUWA CHEMIST',NULL,'active','seeded',unixepoch(),unixepoch());
INSERT OR IGNORE INTO profiles (id,subject_id,subject_type,primary_place_id,tenant_id,workspace_id,display_name,created_at,updated_at) VALUES ('prof_s09_pharmacy_dff1c1e2a73b8d56','org_s09_pharmacy_dff1c1e2a73b8d56','organization','place_nigeria_001','tenant_platform_seed','workspace_platform_seed_discovery','AFUWA CHEMIST',unixepoch(),unixepoch());
INSERT OR IGNORE INTO search_entries (id,profile_id,display_name,keywords,ancestry_path,vertical,created_at,updated_at) VALUES ('se_s09_pharmacy_dff1c1e2a73b8d56','prof_s09_pharmacy_dff1c1e2a73b8d56','AFUWA CHEMIST','afuwa chemist pharmacy chemist drug store medicine nigeria','place_nigeria_001','pharmacy',unixepoch(),unixepoch());
INSERT OR IGNORE INTO seed_ingestion_records (id,seed_run_id,entity_type,entity_id,source_id,status) VALUES ('ir_s09_pharmacy_dff1c1e2a73b8d56','seed_run_s09_osm_pharmacies_20260502','organization','org_s09_pharmacy_dff1c1e2a73b8d56','seed_source_osm_pharmacies_ng_20260502','ingested');
INSERT OR IGNORE INTO seed_entity_sources (id,seed_run_id,entity_type,entity_id,source_id,confidence_tier) VALUES ('es_s09_pharmacy_dff1c1e2a73b8d56','seed_run_s09_osm_pharmacies_20260502','organization','org_s09_pharmacy_dff1c1e2a73b8d56','seed_source_osm_pharmacies_ng_20260502','seeded');
INSERT OR IGNORE INTO seed_enrichment (id,seed_run_id,entity_type,entity_id,enrichment_type,enrichment_json) VALUES ('enr_s09_pharmacy_dff1c1e2a73b8d56','seed_run_s09_osm_pharmacies_20260502','organization','org_s09_pharmacy_dff1c1e2a73b8d56','licence_data','{"osm_id": "12282340293", "amenity": "pharmacy", "addr_state": null, "operator": "private_individual", "brand": null}');

INSERT OR IGNORE INTO organizations (id,tenant_id,organization_type,legal_name,display_name,registration_number,status,verification_state,created_at,updated_at) VALUES ('org_s09_pharmacy_3f8f9f115f3bcd93','tenant_platform_seed','pharmacy','DR KHALID TRADITIONAL HERBAL','DR KHALID TRADITIONAL HERBAL',NULL,'active','seeded',unixepoch(),unixepoch());
INSERT OR IGNORE INTO profiles (id,subject_id,subject_type,primary_place_id,tenant_id,workspace_id,display_name,created_at,updated_at) VALUES ('prof_s09_pharmacy_3f8f9f115f3bcd93','org_s09_pharmacy_3f8f9f115f3bcd93','organization','place_nigeria_001','tenant_platform_seed','workspace_platform_seed_discovery','DR KHALID TRADITIONAL HERBAL',unixepoch(),unixepoch());
INSERT OR IGNORE INTO search_entries (id,profile_id,display_name,keywords,ancestry_path,vertical,created_at,updated_at) VALUES ('se_s09_pharmacy_3f8f9f115f3bcd93','prof_s09_pharmacy_3f8f9f115f3bcd93','DR KHALID TRADITIONAL HERBAL','dr khalid traditional herbal pharmacy chemist drug store medicine nigeria','place_nigeria_001','pharmacy',unixepoch(),unixepoch());
INSERT OR IGNORE INTO seed_ingestion_records (id,seed_run_id,entity_type,entity_id,source_id,status) VALUES ('ir_s09_pharmacy_3f8f9f115f3bcd93','seed_run_s09_osm_pharmacies_20260502','organization','org_s09_pharmacy_3f8f9f115f3bcd93','seed_source_osm_pharmacies_ng_20260502','ingested');
INSERT OR IGNORE INTO seed_entity_sources (id,seed_run_id,entity_type,entity_id,source_id,confidence_tier) VALUES ('es_s09_pharmacy_3f8f9f115f3bcd93','seed_run_s09_osm_pharmacies_20260502','organization','org_s09_pharmacy_3f8f9f115f3bcd93','seed_source_osm_pharmacies_ng_20260502','seeded');
INSERT OR IGNORE INTO seed_enrichment (id,seed_run_id,entity_type,entity_id,enrichment_type,enrichment_json) VALUES ('enr_s09_pharmacy_3f8f9f115f3bcd93','seed_run_s09_osm_pharmacies_20260502','organization','org_s09_pharmacy_3f8f9f115f3bcd93','licence_data','{"osm_id": "12282340295", "amenity": "pharmacy", "addr_state": null, "operator": "private_individual", "brand": null}');

INSERT OR IGNORE INTO organizations (id,tenant_id,organization_type,legal_name,display_name,registration_number,status,verification_state,created_at,updated_at) VALUES ('org_s09_pharmacy_338fb369d9856d96','tenant_platform_seed','pharmacy','ZUMUNTA PROVISION AND MEDICAL STORE','ZUMUNTA PROVISION AND MEDICAL STORE',NULL,'active','seeded',unixepoch(),unixepoch());
INSERT OR IGNORE INTO profiles (id,subject_id,subject_type,primary_place_id,tenant_id,workspace_id,display_name,created_at,updated_at) VALUES ('prof_s09_pharmacy_338fb369d9856d96','org_s09_pharmacy_338fb369d9856d96','organization','place_nigeria_001','tenant_platform_seed','workspace_platform_seed_discovery','ZUMUNTA PROVISION AND MEDICAL STORE',unixepoch(),unixepoch());
INSERT OR IGNORE INTO search_entries (id,profile_id,display_name,keywords,ancestry_path,vertical,created_at,updated_at) VALUES ('se_s09_pharmacy_338fb369d9856d96','prof_s09_pharmacy_338fb369d9856d96','ZUMUNTA PROVISION AND MEDICAL STORE','zumunta provision and medical store pharmacy chemist drug store medicine nigeria','place_nigeria_001','pharmacy',unixepoch(),unixepoch());
INSERT OR IGNORE INTO seed_ingestion_records (id,seed_run_id,entity_type,entity_id,source_id,status) VALUES ('ir_s09_pharmacy_338fb369d9856d96','seed_run_s09_osm_pharmacies_20260502','organization','org_s09_pharmacy_338fb369d9856d96','seed_source_osm_pharmacies_ng_20260502','ingested');
INSERT OR IGNORE INTO seed_entity_sources (id,seed_run_id,entity_type,entity_id,source_id,confidence_tier) VALUES ('es_s09_pharmacy_338fb369d9856d96','seed_run_s09_osm_pharmacies_20260502','organization','org_s09_pharmacy_338fb369d9856d96','seed_source_osm_pharmacies_ng_20260502','seeded');
INSERT OR IGNORE INTO seed_enrichment (id,seed_run_id,entity_type,entity_id,enrichment_type,enrichment_json) VALUES ('enr_s09_pharmacy_338fb369d9856d96','seed_run_s09_osm_pharmacies_20260502','organization','org_s09_pharmacy_338fb369d9856d96','licence_data','{"osm_id": "12282340296", "amenity": "pharmacy", "addr_state": null, "operator": "private_individual", "brand": null}');

INSERT OR IGNORE INTO organizations (id,tenant_id,organization_type,legal_name,display_name,registration_number,status,verification_state,created_at,updated_at) VALUES ('org_s09_pharmacy_84784f5818061718','tenant_platform_seed','pharmacy','NGY KORE CHEMIST','NGY KORE CHEMIST',NULL,'active','seeded',unixepoch(),unixepoch());
INSERT OR IGNORE INTO profiles (id,subject_id,subject_type,primary_place_id,tenant_id,workspace_id,display_name,created_at,updated_at) VALUES ('prof_s09_pharmacy_84784f5818061718','org_s09_pharmacy_84784f5818061718','organization','place_nigeria_001','tenant_platform_seed','workspace_platform_seed_discovery','NGY KORE CHEMIST',unixepoch(),unixepoch());
INSERT OR IGNORE INTO search_entries (id,profile_id,display_name,keywords,ancestry_path,vertical,created_at,updated_at) VALUES ('se_s09_pharmacy_84784f5818061718','prof_s09_pharmacy_84784f5818061718','NGY KORE CHEMIST','ngy kore chemist pharmacy chemist drug store medicine nigeria','place_nigeria_001','pharmacy',unixepoch(),unixepoch());
INSERT OR IGNORE INTO seed_ingestion_records (id,seed_run_id,entity_type,entity_id,source_id,status) VALUES ('ir_s09_pharmacy_84784f5818061718','seed_run_s09_osm_pharmacies_20260502','organization','org_s09_pharmacy_84784f5818061718','seed_source_osm_pharmacies_ng_20260502','ingested');
INSERT OR IGNORE INTO seed_entity_sources (id,seed_run_id,entity_type,entity_id,source_id,confidence_tier) VALUES ('es_s09_pharmacy_84784f5818061718','seed_run_s09_osm_pharmacies_20260502','organization','org_s09_pharmacy_84784f5818061718','seed_source_osm_pharmacies_ng_20260502','seeded');
INSERT OR IGNORE INTO seed_enrichment (id,seed_run_id,entity_type,entity_id,enrichment_type,enrichment_json) VALUES ('enr_s09_pharmacy_84784f5818061718','seed_run_s09_osm_pharmacies_20260502','organization','org_s09_pharmacy_84784f5818061718','licence_data','{"osm_id": "12282340297", "amenity": "pharmacy", "addr_state": null, "operator": "private_individual", "brand": null}');

INSERT OR IGNORE INTO organizations (id,tenant_id,organization_type,legal_name,display_name,registration_number,status,verification_state,created_at,updated_at) VALUES ('org_s09_pharmacy_2d9c8194f141019a','tenant_platform_seed','pharmacy','MEDICINE STORE','MEDICINE STORE',NULL,'active','seeded',unixepoch(),unixepoch());
INSERT OR IGNORE INTO profiles (id,subject_id,subject_type,primary_place_id,tenant_id,workspace_id,display_name,created_at,updated_at) VALUES ('prof_s09_pharmacy_2d9c8194f141019a','org_s09_pharmacy_2d9c8194f141019a','organization','place_nigeria_001','tenant_platform_seed','workspace_platform_seed_discovery','MEDICINE STORE',unixepoch(),unixepoch());
INSERT OR IGNORE INTO search_entries (id,profile_id,display_name,keywords,ancestry_path,vertical,created_at,updated_at) VALUES ('se_s09_pharmacy_2d9c8194f141019a','prof_s09_pharmacy_2d9c8194f141019a','MEDICINE STORE','medicine store pharmacy chemist drug store medicine nigeria','place_nigeria_001','pharmacy',unixepoch(),unixepoch());
INSERT OR IGNORE INTO seed_ingestion_records (id,seed_run_id,entity_type,entity_id,source_id,status) VALUES ('ir_s09_pharmacy_2d9c8194f141019a','seed_run_s09_osm_pharmacies_20260502','organization','org_s09_pharmacy_2d9c8194f141019a','seed_source_osm_pharmacies_ng_20260502','ingested');
INSERT OR IGNORE INTO seed_entity_sources (id,seed_run_id,entity_type,entity_id,source_id,confidence_tier) VALUES ('es_s09_pharmacy_2d9c8194f141019a','seed_run_s09_osm_pharmacies_20260502','organization','org_s09_pharmacy_2d9c8194f141019a','seed_source_osm_pharmacies_ng_20260502','seeded');
INSERT OR IGNORE INTO seed_enrichment (id,seed_run_id,entity_type,entity_id,enrichment_type,enrichment_json) VALUES ('enr_s09_pharmacy_2d9c8194f141019a','seed_run_s09_osm_pharmacies_20260502','organization','org_s09_pharmacy_2d9c8194f141019a','licence_data','{"osm_id": "12282340298", "amenity": "pharmacy", "addr_state": null, "operator": "private_individual", "brand": null}');

INSERT OR IGNORE INTO organizations (id,tenant_id,organization_type,legal_name,display_name,registration_number,status,verification_state,created_at,updated_at) VALUES ('org_s09_pharmacy_f5c57b0c0a4e7fb9','tenant_platform_seed','pharmacy','Pharmacie Provinciale','Pharmacie Provinciale',NULL,'active','seeded',unixepoch(),unixepoch());
INSERT OR IGNORE INTO profiles (id,subject_id,subject_type,primary_place_id,tenant_id,workspace_id,display_name,created_at,updated_at) VALUES ('prof_s09_pharmacy_f5c57b0c0a4e7fb9','org_s09_pharmacy_f5c57b0c0a4e7fb9','organization','place_nigeria_001','tenant_platform_seed','workspace_platform_seed_discovery','Pharmacie Provinciale',unixepoch(),unixepoch());
INSERT OR IGNORE INTO search_entries (id,profile_id,display_name,keywords,ancestry_path,vertical,created_at,updated_at) VALUES ('se_s09_pharmacy_f5c57b0c0a4e7fb9','prof_s09_pharmacy_f5c57b0c0a4e7fb9','Pharmacie Provinciale','pharmacie provinciale pharmacy chemist drug store medicine nigeria','place_nigeria_001','pharmacy',unixepoch(),unixepoch());
INSERT OR IGNORE INTO seed_ingestion_records (id,seed_run_id,entity_type,entity_id,source_id,status) VALUES ('ir_s09_pharmacy_f5c57b0c0a4e7fb9','seed_run_s09_osm_pharmacies_20260502','organization','org_s09_pharmacy_f5c57b0c0a4e7fb9','seed_source_osm_pharmacies_ng_20260502','ingested');
INSERT OR IGNORE INTO seed_entity_sources (id,seed_run_id,entity_type,entity_id,source_id,confidence_tier) VALUES ('es_s09_pharmacy_f5c57b0c0a4e7fb9','seed_run_s09_osm_pharmacies_20260502','organization','org_s09_pharmacy_f5c57b0c0a4e7fb9','seed_source_osm_pharmacies_ng_20260502','seeded');
INSERT OR IGNORE INTO seed_enrichment (id,seed_run_id,entity_type,entity_id,enrichment_type,enrichment_json) VALUES ('enr_s09_pharmacy_f5c57b0c0a4e7fb9','seed_run_s09_osm_pharmacies_20260502','organization','org_s09_pharmacy_f5c57b0c0a4e7fb9','licence_data','{"osm_id": "226562537", "amenity": "pharmacy", "addr_state": null, "operator": null, "brand": null}');

INSERT OR IGNORE INTO organizations (id,tenant_id,organization_type,legal_name,display_name,registration_number,status,verification_state,created_at,updated_at) VALUES ('org_s09_pharmacy_411c6d5ef7803531','tenant_platform_seed','pharmacy','Pharmacie du Nord','Pharmacie du Nord',NULL,'active','seeded',unixepoch(),unixepoch());
INSERT OR IGNORE INTO profiles (id,subject_id,subject_type,primary_place_id,tenant_id,workspace_id,display_name,created_at,updated_at) VALUES ('prof_s09_pharmacy_411c6d5ef7803531','org_s09_pharmacy_411c6d5ef7803531','organization','place_nigeria_001','tenant_platform_seed','workspace_platform_seed_discovery','Pharmacie du Nord',unixepoch(),unixepoch());
INSERT OR IGNORE INTO search_entries (id,profile_id,display_name,keywords,ancestry_path,vertical,created_at,updated_at) VALUES ('se_s09_pharmacy_411c6d5ef7803531','prof_s09_pharmacy_411c6d5ef7803531','Pharmacie du Nord','pharmacie du nord pharmacy chemist drug store medicine nigeria','place_nigeria_001','pharmacy',unixepoch(),unixepoch());
INSERT OR IGNORE INTO seed_ingestion_records (id,seed_run_id,entity_type,entity_id,source_id,status) VALUES ('ir_s09_pharmacy_411c6d5ef7803531','seed_run_s09_osm_pharmacies_20260502','organization','org_s09_pharmacy_411c6d5ef7803531','seed_source_osm_pharmacies_ng_20260502','ingested');
INSERT OR IGNORE INTO seed_entity_sources (id,seed_run_id,entity_type,entity_id,source_id,confidence_tier) VALUES ('es_s09_pharmacy_411c6d5ef7803531','seed_run_s09_osm_pharmacies_20260502','organization','org_s09_pharmacy_411c6d5ef7803531','seed_source_osm_pharmacies_ng_20260502','seeded');
INSERT OR IGNORE INTO seed_enrichment (id,seed_run_id,entity_type,entity_id,enrichment_type,enrichment_json) VALUES ('enr_s09_pharmacy_411c6d5ef7803531','seed_run_s09_osm_pharmacies_20260502','organization','org_s09_pharmacy_411c6d5ef7803531','licence_data','{"osm_id": "227130459", "amenity": "pharmacy", "addr_state": null, "operator": null, "brand": null}');

INSERT OR IGNORE INTO organizations (id,tenant_id,organization_type,legal_name,display_name,registration_number,status,verification_state,created_at,updated_at) VALUES ('org_s09_pharmacy_30e26e10398881df','tenant_platform_seed','pharmacy','Lamco Pharmacy','Lamco Pharmacy',NULL,'active','seeded',unixepoch(),unixepoch());
INSERT OR IGNORE INTO profiles (id,subject_id,subject_type,primary_place_id,tenant_id,workspace_id,display_name,created_at,updated_at) VALUES ('prof_s09_pharmacy_30e26e10398881df','org_s09_pharmacy_30e26e10398881df','organization','place_nigeria_001','tenant_platform_seed','workspace_platform_seed_discovery','Lamco Pharmacy',unixepoch(),unixepoch());
INSERT OR IGNORE INTO search_entries (id,profile_id,display_name,keywords,ancestry_path,vertical,created_at,updated_at) VALUES ('se_s09_pharmacy_30e26e10398881df','prof_s09_pharmacy_30e26e10398881df','Lamco Pharmacy','lamco pharmacy pharmacy chemist drug store medicine nigeria','place_nigeria_001','pharmacy',unixepoch(),unixepoch());
INSERT OR IGNORE INTO seed_ingestion_records (id,seed_run_id,entity_type,entity_id,source_id,status) VALUES ('ir_s09_pharmacy_30e26e10398881df','seed_run_s09_osm_pharmacies_20260502','organization','org_s09_pharmacy_30e26e10398881df','seed_source_osm_pharmacies_ng_20260502','ingested');
INSERT OR IGNORE INTO seed_entity_sources (id,seed_run_id,entity_type,entity_id,source_id,confidence_tier) VALUES ('es_s09_pharmacy_30e26e10398881df','seed_run_s09_osm_pharmacies_20260502','organization','org_s09_pharmacy_30e26e10398881df','seed_source_osm_pharmacies_ng_20260502','seeded');
INSERT OR IGNORE INTO seed_enrichment (id,seed_run_id,entity_type,entity_id,enrichment_type,enrichment_json) VALUES ('enr_s09_pharmacy_30e26e10398881df','seed_run_s09_osm_pharmacies_20260502','organization','org_s09_pharmacy_30e26e10398881df','licence_data','{"osm_id": "295383220", "amenity": "pharmacy", "addr_state": null, "operator": null, "brand": null}');

INSERT OR IGNORE INTO organizations (id,tenant_id,organization_type,legal_name,display_name,registration_number,status,verification_state,created_at,updated_at) VALUES ('org_s09_pharmacy_7f11cea695fea53c','tenant_platform_seed','pharmacy','Dangi Pharmacy','Dangi Pharmacy',NULL,'active','seeded',unixepoch(),unixepoch());
INSERT OR IGNORE INTO profiles (id,subject_id,subject_type,primary_place_id,tenant_id,workspace_id,display_name,created_at,updated_at) VALUES ('prof_s09_pharmacy_7f11cea695fea53c','org_s09_pharmacy_7f11cea695fea53c','organization','place_nigeria_001','tenant_platform_seed','workspace_platform_seed_discovery','Dangi Pharmacy',unixepoch(),unixepoch());
INSERT OR IGNORE INTO search_entries (id,profile_id,display_name,keywords,ancestry_path,vertical,created_at,updated_at) VALUES ('se_s09_pharmacy_7f11cea695fea53c','prof_s09_pharmacy_7f11cea695fea53c','Dangi Pharmacy','dangi pharmacy pharmacy chemist drug store medicine nigeria','place_nigeria_001','pharmacy',unixepoch(),unixepoch());
INSERT OR IGNORE INTO seed_ingestion_records (id,seed_run_id,entity_type,entity_id,source_id,status) VALUES ('ir_s09_pharmacy_7f11cea695fea53c','seed_run_s09_osm_pharmacies_20260502','organization','org_s09_pharmacy_7f11cea695fea53c','seed_source_osm_pharmacies_ng_20260502','ingested');
INSERT OR IGNORE INTO seed_entity_sources (id,seed_run_id,entity_type,entity_id,source_id,confidence_tier) VALUES ('es_s09_pharmacy_7f11cea695fea53c','seed_run_s09_osm_pharmacies_20260502','organization','org_s09_pharmacy_7f11cea695fea53c','seed_source_osm_pharmacies_ng_20260502','seeded');
INSERT OR IGNORE INTO seed_enrichment (id,seed_run_id,entity_type,entity_id,enrichment_type,enrichment_json) VALUES ('enr_s09_pharmacy_7f11cea695fea53c','seed_run_s09_osm_pharmacies_20260502','organization','org_s09_pharmacy_7f11cea695fea53c','licence_data','{"osm_id": "377493645", "amenity": "pharmacy", "addr_state": null, "operator": null, "brand": null}');

INSERT OR IGNORE INTO organizations (id,tenant_id,organization_type,legal_name,display_name,registration_number,status,verification_state,created_at,updated_at) VALUES ('org_s09_pharmacy_bbcf752f4786ae02','tenant_platform_seed','pharmacy','Pharmacie de domayo','Pharmacie de domayo',NULL,'active','seeded',unixepoch(),unixepoch());
INSERT OR IGNORE INTO profiles (id,subject_id,subject_type,primary_place_id,tenant_id,workspace_id,display_name,created_at,updated_at) VALUES ('prof_s09_pharmacy_bbcf752f4786ae02','org_s09_pharmacy_bbcf752f4786ae02','organization','place_nigeria_001','tenant_platform_seed','workspace_platform_seed_discovery','Pharmacie de domayo',unixepoch(),unixepoch());
INSERT OR IGNORE INTO search_entries (id,profile_id,display_name,keywords,ancestry_path,vertical,created_at,updated_at) VALUES ('se_s09_pharmacy_bbcf752f4786ae02','prof_s09_pharmacy_bbcf752f4786ae02','Pharmacie de domayo','pharmacie de domayo pharmacy chemist drug store medicine nigeria','place_nigeria_001','pharmacy',unixepoch(),unixepoch());
INSERT OR IGNORE INTO seed_ingestion_records (id,seed_run_id,entity_type,entity_id,source_id,status) VALUES ('ir_s09_pharmacy_bbcf752f4786ae02','seed_run_s09_osm_pharmacies_20260502','organization','org_s09_pharmacy_bbcf752f4786ae02','seed_source_osm_pharmacies_ng_20260502','ingested');
INSERT OR IGNORE INTO seed_entity_sources (id,seed_run_id,entity_type,entity_id,source_id,confidence_tier) VALUES ('es_s09_pharmacy_bbcf752f4786ae02','seed_run_s09_osm_pharmacies_20260502','organization','org_s09_pharmacy_bbcf752f4786ae02','seed_source_osm_pharmacies_ng_20260502','seeded');
INSERT OR IGNORE INTO seed_enrichment (id,seed_run_id,entity_type,entity_id,enrichment_type,enrichment_json) VALUES ('enr_s09_pharmacy_bbcf752f4786ae02','seed_run_s09_osm_pharmacies_20260502','organization','org_s09_pharmacy_bbcf752f4786ae02','licence_data','{"osm_id": "416933638", "amenity": "pharmacy", "addr_state": null, "operator": null, "brand": null}');

INSERT OR IGNORE INTO organizations (id,tenant_id,organization_type,legal_name,display_name,registration_number,status,verification_state,created_at,updated_at) VALUES ('org_s09_pharmacy_e01a3cea835fce0a','tenant_platform_seed','pharmacy','Pharmacie Ferngo','Pharmacie Ferngo',NULL,'active','seeded',unixepoch(),unixepoch());
INSERT OR IGNORE INTO profiles (id,subject_id,subject_type,primary_place_id,tenant_id,workspace_id,display_name,created_at,updated_at) VALUES ('prof_s09_pharmacy_e01a3cea835fce0a','org_s09_pharmacy_e01a3cea835fce0a','organization','place_nigeria_001','tenant_platform_seed','workspace_platform_seed_discovery','Pharmacie Ferngo',unixepoch(),unixepoch());
INSERT OR IGNORE INTO search_entries (id,profile_id,display_name,keywords,ancestry_path,vertical,created_at,updated_at) VALUES ('se_s09_pharmacy_e01a3cea835fce0a','prof_s09_pharmacy_e01a3cea835fce0a','Pharmacie Ferngo','pharmacie ferngo pharmacy chemist drug store medicine nigeria','place_nigeria_001','pharmacy',unixepoch(),unixepoch());
INSERT OR IGNORE INTO seed_ingestion_records (id,seed_run_id,entity_type,entity_id,source_id,status) VALUES ('ir_s09_pharmacy_e01a3cea835fce0a','seed_run_s09_osm_pharmacies_20260502','organization','org_s09_pharmacy_e01a3cea835fce0a','seed_source_osm_pharmacies_ng_20260502','ingested');
INSERT OR IGNORE INTO seed_entity_sources (id,seed_run_id,entity_type,entity_id,source_id,confidence_tier) VALUES ('es_s09_pharmacy_e01a3cea835fce0a','seed_run_s09_osm_pharmacies_20260502','organization','org_s09_pharmacy_e01a3cea835fce0a','seed_source_osm_pharmacies_ng_20260502','seeded');
INSERT OR IGNORE INTO seed_enrichment (id,seed_run_id,entity_type,entity_id,enrichment_type,enrichment_json) VALUES ('enr_s09_pharmacy_e01a3cea835fce0a','seed_run_s09_osm_pharmacies_20260502','organization','org_s09_pharmacy_e01a3cea835fce0a','licence_data','{"osm_id": "416948038", "amenity": "pharmacy", "addr_state": null, "operator": null, "brand": null}');

INSERT OR IGNORE INTO organizations (id,tenant_id,organization_type,legal_name,display_name,registration_number,status,verification_state,created_at,updated_at) VALUES ('org_s09_pharmacy_809f45e6705507ee','tenant_platform_seed','pharmacy','Pharmacie du Boulevard','Pharmacie du Boulevard',NULL,'active','seeded',unixepoch(),unixepoch());
INSERT OR IGNORE INTO profiles (id,subject_id,subject_type,primary_place_id,tenant_id,workspace_id,display_name,created_at,updated_at) VALUES ('prof_s09_pharmacy_809f45e6705507ee','org_s09_pharmacy_809f45e6705507ee','organization','place_nigeria_001','tenant_platform_seed','workspace_platform_seed_discovery','Pharmacie du Boulevard',unixepoch(),unixepoch());
INSERT OR IGNORE INTO search_entries (id,profile_id,display_name,keywords,ancestry_path,vertical,created_at,updated_at) VALUES ('se_s09_pharmacy_809f45e6705507ee','prof_s09_pharmacy_809f45e6705507ee','Pharmacie du Boulevard','pharmacie du boulevard pharmacy chemist drug store medicine nigeria','place_nigeria_001','pharmacy',unixepoch(),unixepoch());
INSERT OR IGNORE INTO seed_ingestion_records (id,seed_run_id,entity_type,entity_id,source_id,status) VALUES ('ir_s09_pharmacy_809f45e6705507ee','seed_run_s09_osm_pharmacies_20260502','organization','org_s09_pharmacy_809f45e6705507ee','seed_source_osm_pharmacies_ng_20260502','ingested');
INSERT OR IGNORE INTO seed_entity_sources (id,seed_run_id,entity_type,entity_id,source_id,confidence_tier) VALUES ('es_s09_pharmacy_809f45e6705507ee','seed_run_s09_osm_pharmacies_20260502','organization','org_s09_pharmacy_809f45e6705507ee','seed_source_osm_pharmacies_ng_20260502','seeded');
INSERT OR IGNORE INTO seed_enrichment (id,seed_run_id,entity_type,entity_id,enrichment_type,enrichment_json) VALUES ('enr_s09_pharmacy_809f45e6705507ee','seed_run_s09_osm_pharmacies_20260502','organization','org_s09_pharmacy_809f45e6705507ee','licence_data','{"osm_id": "417500711", "amenity": "pharmacy", "addr_state": null, "operator": null, "brand": null}');

INSERT OR IGNORE INTO organizations (id,tenant_id,organization_type,legal_name,display_name,registration_number,status,verification_state,created_at,updated_at) VALUES ('org_s09_pharmacy_b1ae6975518318d8','tenant_platform_seed','pharmacy','Pharmacie du Sahel','Pharmacie du Sahel',NULL,'active','seeded',unixepoch(),unixepoch());
INSERT OR IGNORE INTO profiles (id,subject_id,subject_type,primary_place_id,tenant_id,workspace_id,display_name,created_at,updated_at) VALUES ('prof_s09_pharmacy_b1ae6975518318d8','org_s09_pharmacy_b1ae6975518318d8','organization','place_nigeria_001','tenant_platform_seed','workspace_platform_seed_discovery','Pharmacie du Sahel',unixepoch(),unixepoch());
INSERT OR IGNORE INTO search_entries (id,profile_id,display_name,keywords,ancestry_path,vertical,created_at,updated_at) VALUES ('se_s09_pharmacy_b1ae6975518318d8','prof_s09_pharmacy_b1ae6975518318d8','Pharmacie du Sahel','pharmacie du sahel pharmacy chemist drug store medicine nigeria','place_nigeria_001','pharmacy',unixepoch(),unixepoch());
INSERT OR IGNORE INTO seed_ingestion_records (id,seed_run_id,entity_type,entity_id,source_id,status) VALUES ('ir_s09_pharmacy_b1ae6975518318d8','seed_run_s09_osm_pharmacies_20260502','organization','org_s09_pharmacy_b1ae6975518318d8','seed_source_osm_pharmacies_ng_20260502','ingested');
INSERT OR IGNORE INTO seed_entity_sources (id,seed_run_id,entity_type,entity_id,source_id,confidence_tier) VALUES ('es_s09_pharmacy_b1ae6975518318d8','seed_run_s09_osm_pharmacies_20260502','organization','org_s09_pharmacy_b1ae6975518318d8','seed_source_osm_pharmacies_ng_20260502','seeded');
INSERT OR IGNORE INTO seed_enrichment (id,seed_run_id,entity_type,entity_id,enrichment_type,enrichment_json) VALUES ('enr_s09_pharmacy_b1ae6975518318d8','seed_run_s09_osm_pharmacies_20260502','organization','org_s09_pharmacy_b1ae6975518318d8','licence_data','{"osm_id": "417508592", "amenity": "pharmacy", "addr_state": null, "operator": null, "brand": null}');

INSERT OR IGNORE INTO organizations (id,tenant_id,organization_type,legal_name,display_name,registration_number,status,verification_state,created_at,updated_at) VALUES ('org_s09_pharmacy_c3d83428eafc4761','tenant_platform_seed','pharmacy','Pharmacie EMERAUDE','Pharmacie EMERAUDE',NULL,'active','seeded',unixepoch(),unixepoch());
INSERT OR IGNORE INTO profiles (id,subject_id,subject_type,primary_place_id,tenant_id,workspace_id,display_name,created_at,updated_at) VALUES ('prof_s09_pharmacy_c3d83428eafc4761','org_s09_pharmacy_c3d83428eafc4761','organization','place_nigeria_001','tenant_platform_seed','workspace_platform_seed_discovery','Pharmacie EMERAUDE',unixepoch(),unixepoch());
INSERT OR IGNORE INTO search_entries (id,profile_id,display_name,keywords,ancestry_path,vertical,created_at,updated_at) VALUES ('se_s09_pharmacy_c3d83428eafc4761','prof_s09_pharmacy_c3d83428eafc4761','Pharmacie EMERAUDE','pharmacie emeraude pharmacy chemist drug store medicine nigeria','place_nigeria_001','pharmacy',unixepoch(),unixepoch());
INSERT OR IGNORE INTO seed_ingestion_records (id,seed_run_id,entity_type,entity_id,source_id,status) VALUES ('ir_s09_pharmacy_c3d83428eafc4761','seed_run_s09_osm_pharmacies_20260502','organization','org_s09_pharmacy_c3d83428eafc4761','seed_source_osm_pharmacies_ng_20260502','ingested');
INSERT OR IGNORE INTO seed_entity_sources (id,seed_run_id,entity_type,entity_id,source_id,confidence_tier) VALUES ('es_s09_pharmacy_c3d83428eafc4761','seed_run_s09_osm_pharmacies_20260502','organization','org_s09_pharmacy_c3d83428eafc4761','seed_source_osm_pharmacies_ng_20260502','seeded');
INSERT OR IGNORE INTO seed_enrichment (id,seed_run_id,entity_type,entity_id,enrichment_type,enrichment_json) VALUES ('enr_s09_pharmacy_c3d83428eafc4761','seed_run_s09_osm_pharmacies_20260502','organization','org_s09_pharmacy_c3d83428eafc4761','licence_data','{"osm_id": "417527996", "amenity": "pharmacy", "addr_state": null, "operator": null, "brand": null}');

INSERT OR IGNORE INTO organizations (id,tenant_id,organization_type,legal_name,display_name,registration_number,status,verification_state,created_at,updated_at) VALUES ('org_s09_pharmacy_f9c17af8d15e0e3e','tenant_platform_seed','pharmacy','Pharmacie EMERAUDE','Pharmacie EMERAUDE',NULL,'active','seeded',unixepoch(),unixepoch());
INSERT OR IGNORE INTO profiles (id,subject_id,subject_type,primary_place_id,tenant_id,workspace_id,display_name,created_at,updated_at) VALUES ('prof_s09_pharmacy_f9c17af8d15e0e3e','org_s09_pharmacy_f9c17af8d15e0e3e','organization','place_nigeria_001','tenant_platform_seed','workspace_platform_seed_discovery','Pharmacie EMERAUDE',unixepoch(),unixepoch());
INSERT OR IGNORE INTO search_entries (id,profile_id,display_name,keywords,ancestry_path,vertical,created_at,updated_at) VALUES ('se_s09_pharmacy_f9c17af8d15e0e3e','prof_s09_pharmacy_f9c17af8d15e0e3e','Pharmacie EMERAUDE','pharmacie emeraude pharmacy chemist drug store medicine nigeria','place_nigeria_001','pharmacy',unixepoch(),unixepoch());
INSERT OR IGNORE INTO seed_ingestion_records (id,seed_run_id,entity_type,entity_id,source_id,status) VALUES ('ir_s09_pharmacy_f9c17af8d15e0e3e','seed_run_s09_osm_pharmacies_20260502','organization','org_s09_pharmacy_f9c17af8d15e0e3e','seed_source_osm_pharmacies_ng_20260502','ingested');
INSERT OR IGNORE INTO seed_entity_sources (id,seed_run_id,entity_type,entity_id,source_id,confidence_tier) VALUES ('es_s09_pharmacy_f9c17af8d15e0e3e','seed_run_s09_osm_pharmacies_20260502','organization','org_s09_pharmacy_f9c17af8d15e0e3e','seed_source_osm_pharmacies_ng_20260502','seeded');
INSERT OR IGNORE INTO seed_enrichment (id,seed_run_id,entity_type,entity_id,enrichment_type,enrichment_json) VALUES ('enr_s09_pharmacy_f9c17af8d15e0e3e','seed_run_s09_osm_pharmacies_20260502','organization','org_s09_pharmacy_f9c17af8d15e0e3e','licence_data','{"osm_id": "417527997", "amenity": "pharmacy", "addr_state": null, "operator": null, "brand": null}');

INSERT OR IGNORE INTO organizations (id,tenant_id,organization_type,legal_name,display_name,registration_number,status,verification_state,created_at,updated_at) VALUES ('org_s09_pharmacy_c9d15c6edb0014ae','tenant_platform_seed','pharmacy','Pharmacie KALIAO','Pharmacie KALIAO',NULL,'active','seeded',unixepoch(),unixepoch());
INSERT OR IGNORE INTO profiles (id,subject_id,subject_type,primary_place_id,tenant_id,workspace_id,display_name,created_at,updated_at) VALUES ('prof_s09_pharmacy_c9d15c6edb0014ae','org_s09_pharmacy_c9d15c6edb0014ae','organization','place_nigeria_001','tenant_platform_seed','workspace_platform_seed_discovery','Pharmacie KALIAO',unixepoch(),unixepoch());
INSERT OR IGNORE INTO search_entries (id,profile_id,display_name,keywords,ancestry_path,vertical,created_at,updated_at) VALUES ('se_s09_pharmacy_c9d15c6edb0014ae','prof_s09_pharmacy_c9d15c6edb0014ae','Pharmacie KALIAO','pharmacie kaliao pharmacy chemist drug store medicine nigeria','place_nigeria_001','pharmacy',unixepoch(),unixepoch());
INSERT OR IGNORE INTO seed_ingestion_records (id,seed_run_id,entity_type,entity_id,source_id,status) VALUES ('ir_s09_pharmacy_c9d15c6edb0014ae','seed_run_s09_osm_pharmacies_20260502','organization','org_s09_pharmacy_c9d15c6edb0014ae','seed_source_osm_pharmacies_ng_20260502','ingested');
INSERT OR IGNORE INTO seed_entity_sources (id,seed_run_id,entity_type,entity_id,source_id,confidence_tier) VALUES ('es_s09_pharmacy_c9d15c6edb0014ae','seed_run_s09_osm_pharmacies_20260502','organization','org_s09_pharmacy_c9d15c6edb0014ae','seed_source_osm_pharmacies_ng_20260502','seeded');
INSERT OR IGNORE INTO seed_enrichment (id,seed_run_id,entity_type,entity_id,enrichment_type,enrichment_json) VALUES ('enr_s09_pharmacy_c9d15c6edb0014ae','seed_run_s09_osm_pharmacies_20260502','organization','org_s09_pharmacy_c9d15c6edb0014ae','licence_data','{"osm_id": "417527998", "amenity": "pharmacy", "addr_state": null, "operator": null, "brand": null}');

INSERT OR IGNORE INTO organizations (id,tenant_id,organization_type,legal_name,display_name,registration_number,status,verification_state,created_at,updated_at) VALUES ('org_s09_pharmacy_8c649dac7cb59aee','tenant_platform_seed','pharmacy','Pharmacie Masseboeuf','Pharmacie Masseboeuf',NULL,'active','seeded',unixepoch(),unixepoch());
INSERT OR IGNORE INTO profiles (id,subject_id,subject_type,primary_place_id,tenant_id,workspace_id,display_name,created_at,updated_at) VALUES ('prof_s09_pharmacy_8c649dac7cb59aee','org_s09_pharmacy_8c649dac7cb59aee','organization','place_nigeria_001','tenant_platform_seed','workspace_platform_seed_discovery','Pharmacie Masseboeuf',unixepoch(),unixepoch());
INSERT OR IGNORE INTO search_entries (id,profile_id,display_name,keywords,ancestry_path,vertical,created_at,updated_at) VALUES ('se_s09_pharmacy_8c649dac7cb59aee','prof_s09_pharmacy_8c649dac7cb59aee','Pharmacie Masseboeuf','pharmacie masseboeuf pharmacy chemist drug store medicine nigeria','place_nigeria_001','pharmacy',unixepoch(),unixepoch());
INSERT OR IGNORE INTO seed_ingestion_records (id,seed_run_id,entity_type,entity_id,source_id,status) VALUES ('ir_s09_pharmacy_8c649dac7cb59aee','seed_run_s09_osm_pharmacies_20260502','organization','org_s09_pharmacy_8c649dac7cb59aee','seed_source_osm_pharmacies_ng_20260502','ingested');
INSERT OR IGNORE INTO seed_entity_sources (id,seed_run_id,entity_type,entity_id,source_id,confidence_tier) VALUES ('es_s09_pharmacy_8c649dac7cb59aee','seed_run_s09_osm_pharmacies_20260502','organization','org_s09_pharmacy_8c649dac7cb59aee','seed_source_osm_pharmacies_ng_20260502','seeded');
INSERT OR IGNORE INTO seed_enrichment (id,seed_run_id,entity_type,entity_id,enrichment_type,enrichment_json) VALUES ('enr_s09_pharmacy_8c649dac7cb59aee','seed_run_s09_osm_pharmacies_20260502','organization','org_s09_pharmacy_8c649dac7cb59aee','licence_data','{"osm_id": "417579446", "amenity": "pharmacy", "addr_state": null, "operator": null, "brand": null}');

INSERT OR IGNORE INTO organizations (id,tenant_id,organization_type,legal_name,display_name,registration_number,status,verification_state,created_at,updated_at) VALUES ('org_s09_pharmacy_95d591f83a5d28a9','tenant_platform_seed','pharmacy','Pharmacie de lextrème nord','Pharmacie de lextrème nord',NULL,'active','seeded',unixepoch(),unixepoch());
INSERT OR IGNORE INTO profiles (id,subject_id,subject_type,primary_place_id,tenant_id,workspace_id,display_name,created_at,updated_at) VALUES ('prof_s09_pharmacy_95d591f83a5d28a9','org_s09_pharmacy_95d591f83a5d28a9','organization','place_nigeria_001','tenant_platform_seed','workspace_platform_seed_discovery','Pharmacie de lextrème nord',unixepoch(),unixepoch());
INSERT OR IGNORE INTO search_entries (id,profile_id,display_name,keywords,ancestry_path,vertical,created_at,updated_at) VALUES ('se_s09_pharmacy_95d591f83a5d28a9','prof_s09_pharmacy_95d591f83a5d28a9','Pharmacie de lextrème nord','pharmacie de lextrème nord pharmacy chemist drug store medicine nigeria','place_nigeria_001','pharmacy',unixepoch(),unixepoch());
INSERT OR IGNORE INTO seed_ingestion_records (id,seed_run_id,entity_type,entity_id,source_id,status) VALUES ('ir_s09_pharmacy_95d591f83a5d28a9','seed_run_s09_osm_pharmacies_20260502','organization','org_s09_pharmacy_95d591f83a5d28a9','seed_source_osm_pharmacies_ng_20260502','ingested');
INSERT OR IGNORE INTO seed_entity_sources (id,seed_run_id,entity_type,entity_id,source_id,confidence_tier) VALUES ('es_s09_pharmacy_95d591f83a5d28a9','seed_run_s09_osm_pharmacies_20260502','organization','org_s09_pharmacy_95d591f83a5d28a9','seed_source_osm_pharmacies_ng_20260502','seeded');
INSERT OR IGNORE INTO seed_enrichment (id,seed_run_id,entity_type,entity_id,enrichment_type,enrichment_json) VALUES ('enr_s09_pharmacy_95d591f83a5d28a9','seed_run_s09_osm_pharmacies_20260502','organization','org_s09_pharmacy_95d591f83a5d28a9','licence_data','{"osm_id": "417579447", "amenity": "pharmacy", "addr_state": null, "operator": null, "brand": null}');

INSERT OR IGNORE INTO organizations (id,tenant_id,organization_type,legal_name,display_name,registration_number,status,verification_state,created_at,updated_at) VALUES ('org_s09_pharmacy_06ec09a214f2e4c2','tenant_platform_seed','pharmacy','Pharmacie de Maroua','Pharmacie de Maroua',NULL,'active','seeded',unixepoch(),unixepoch());
INSERT OR IGNORE INTO profiles (id,subject_id,subject_type,primary_place_id,tenant_id,workspace_id,display_name,created_at,updated_at) VALUES ('prof_s09_pharmacy_06ec09a214f2e4c2','org_s09_pharmacy_06ec09a214f2e4c2','organization','place_nigeria_001','tenant_platform_seed','workspace_platform_seed_discovery','Pharmacie de Maroua',unixepoch(),unixepoch());
INSERT OR IGNORE INTO search_entries (id,profile_id,display_name,keywords,ancestry_path,vertical,created_at,updated_at) VALUES ('se_s09_pharmacy_06ec09a214f2e4c2','prof_s09_pharmacy_06ec09a214f2e4c2','Pharmacie de Maroua','pharmacie de maroua pharmacy chemist drug store medicine nigeria','place_nigeria_001','pharmacy',unixepoch(),unixepoch());
INSERT OR IGNORE INTO seed_ingestion_records (id,seed_run_id,entity_type,entity_id,source_id,status) VALUES ('ir_s09_pharmacy_06ec09a214f2e4c2','seed_run_s09_osm_pharmacies_20260502','organization','org_s09_pharmacy_06ec09a214f2e4c2','seed_source_osm_pharmacies_ng_20260502','ingested');
INSERT OR IGNORE INTO seed_entity_sources (id,seed_run_id,entity_type,entity_id,source_id,confidence_tier) VALUES ('es_s09_pharmacy_06ec09a214f2e4c2','seed_run_s09_osm_pharmacies_20260502','organization','org_s09_pharmacy_06ec09a214f2e4c2','seed_source_osm_pharmacies_ng_20260502','seeded');
INSERT OR IGNORE INTO seed_enrichment (id,seed_run_id,entity_type,entity_id,enrichment_type,enrichment_json) VALUES ('enr_s09_pharmacy_06ec09a214f2e4c2','seed_run_s09_osm_pharmacies_20260502','organization','org_s09_pharmacy_06ec09a214f2e4c2','licence_data','{"osm_id": "417617546", "amenity": "pharmacy", "addr_state": null, "operator": null, "brand": null}');

INSERT OR IGNORE INTO organizations (id,tenant_id,organization_type,legal_name,display_name,registration_number,status,verification_state,created_at,updated_at) VALUES ('org_s09_pharmacy_194663380ea4fea8','tenant_platform_seed','pharmacy','Pharmacie du Centre','Pharmacie du Centre',NULL,'active','seeded',unixepoch(),unixepoch());
INSERT OR IGNORE INTO profiles (id,subject_id,subject_type,primary_place_id,tenant_id,workspace_id,display_name,created_at,updated_at) VALUES ('prof_s09_pharmacy_194663380ea4fea8','org_s09_pharmacy_194663380ea4fea8','organization','place_nigeria_001','tenant_platform_seed','workspace_platform_seed_discovery','Pharmacie du Centre',unixepoch(),unixepoch());
INSERT OR IGNORE INTO search_entries (id,profile_id,display_name,keywords,ancestry_path,vertical,created_at,updated_at) VALUES ('se_s09_pharmacy_194663380ea4fea8','prof_s09_pharmacy_194663380ea4fea8','Pharmacie du Centre','pharmacie du centre pharmacy chemist drug store medicine nigeria','place_nigeria_001','pharmacy',unixepoch(),unixepoch());
INSERT OR IGNORE INTO seed_ingestion_records (id,seed_run_id,entity_type,entity_id,source_id,status) VALUES ('ir_s09_pharmacy_194663380ea4fea8','seed_run_s09_osm_pharmacies_20260502','organization','org_s09_pharmacy_194663380ea4fea8','seed_source_osm_pharmacies_ng_20260502','ingested');
INSERT OR IGNORE INTO seed_entity_sources (id,seed_run_id,entity_type,entity_id,source_id,confidence_tier) VALUES ('es_s09_pharmacy_194663380ea4fea8','seed_run_s09_osm_pharmacies_20260502','organization','org_s09_pharmacy_194663380ea4fea8','seed_source_osm_pharmacies_ng_20260502','seeded');
INSERT OR IGNORE INTO seed_enrichment (id,seed_run_id,entity_type,entity_id,enrichment_type,enrichment_json) VALUES ('enr_s09_pharmacy_194663380ea4fea8','seed_run_s09_osm_pharmacies_20260502','organization','org_s09_pharmacy_194663380ea4fea8','licence_data','{"osm_id": "417617548", "amenity": "pharmacy", "addr_state": null, "operator": null, "brand": null}');

INSERT OR IGNORE INTO organizations (id,tenant_id,organization_type,legal_name,display_name,registration_number,status,verification_state,created_at,updated_at) VALUES ('org_s09_pharmacy_ba211acc6bace354','tenant_platform_seed','pharmacy','Pharmacie de Kaélé','Pharmacie de Kaélé',NULL,'active','seeded',unixepoch(),unixepoch());
INSERT OR IGNORE INTO profiles (id,subject_id,subject_type,primary_place_id,tenant_id,workspace_id,display_name,created_at,updated_at) VALUES ('prof_s09_pharmacy_ba211acc6bace354','org_s09_pharmacy_ba211acc6bace354','organization','place_nigeria_001','tenant_platform_seed','workspace_platform_seed_discovery','Pharmacie de Kaélé',unixepoch(),unixepoch());
INSERT OR IGNORE INTO search_entries (id,profile_id,display_name,keywords,ancestry_path,vertical,created_at,updated_at) VALUES ('se_s09_pharmacy_ba211acc6bace354','prof_s09_pharmacy_ba211acc6bace354','Pharmacie de Kaélé','pharmacie de kaélé pharmacy chemist drug store medicine nigeria','place_nigeria_001','pharmacy',unixepoch(),unixepoch());
INSERT OR IGNORE INTO seed_ingestion_records (id,seed_run_id,entity_type,entity_id,source_id,status) VALUES ('ir_s09_pharmacy_ba211acc6bace354','seed_run_s09_osm_pharmacies_20260502','organization','org_s09_pharmacy_ba211acc6bace354','seed_source_osm_pharmacies_ng_20260502','ingested');
INSERT OR IGNORE INTO seed_entity_sources (id,seed_run_id,entity_type,entity_id,source_id,confidence_tier) VALUES ('es_s09_pharmacy_ba211acc6bace354','seed_run_s09_osm_pharmacies_20260502','organization','org_s09_pharmacy_ba211acc6bace354','seed_source_osm_pharmacies_ng_20260502','seeded');
INSERT OR IGNORE INTO seed_enrichment (id,seed_run_id,entity_type,entity_id,enrichment_type,enrichment_json) VALUES ('enr_s09_pharmacy_ba211acc6bace354','seed_run_s09_osm_pharmacies_20260502','organization','org_s09_pharmacy_ba211acc6bace354','licence_data','{"osm_id": "426140753", "amenity": "pharmacy", "addr_state": null, "operator": null, "brand": null}');

INSERT OR IGNORE INTO organizations (id,tenant_id,organization_type,legal_name,display_name,registration_number,status,verification_state,created_at,updated_at) VALUES ('org_s09_pharmacy_57fc38db4beb1d21','tenant_platform_seed','pharmacy','Keychel pharmacy','Keychel pharmacy',NULL,'active','seeded',unixepoch(),unixepoch());
INSERT OR IGNORE INTO profiles (id,subject_id,subject_type,primary_place_id,tenant_id,workspace_id,display_name,created_at,updated_at) VALUES ('prof_s09_pharmacy_57fc38db4beb1d21','org_s09_pharmacy_57fc38db4beb1d21','organization','place_nigeria_001','tenant_platform_seed','workspace_platform_seed_discovery','Keychel pharmacy',unixepoch(),unixepoch());
INSERT OR IGNORE INTO search_entries (id,profile_id,display_name,keywords,ancestry_path,vertical,created_at,updated_at) VALUES ('se_s09_pharmacy_57fc38db4beb1d21','prof_s09_pharmacy_57fc38db4beb1d21','Keychel pharmacy','keychel pharmacy pharmacy chemist drug store medicine nigeria','place_nigeria_001','pharmacy',unixepoch(),unixepoch());
INSERT OR IGNORE INTO seed_ingestion_records (id,seed_run_id,entity_type,entity_id,source_id,status) VALUES ('ir_s09_pharmacy_57fc38db4beb1d21','seed_run_s09_osm_pharmacies_20260502','organization','org_s09_pharmacy_57fc38db4beb1d21','seed_source_osm_pharmacies_ng_20260502','ingested');
INSERT OR IGNORE INTO seed_entity_sources (id,seed_run_id,entity_type,entity_id,source_id,confidence_tier) VALUES ('es_s09_pharmacy_57fc38db4beb1d21','seed_run_s09_osm_pharmacies_20260502','organization','org_s09_pharmacy_57fc38db4beb1d21','seed_source_osm_pharmacies_ng_20260502','seeded');
INSERT OR IGNORE INTO seed_enrichment (id,seed_run_id,entity_type,entity_id,enrichment_type,enrichment_json) VALUES ('enr_s09_pharmacy_57fc38db4beb1d21','seed_run_s09_osm_pharmacies_20260502','organization','org_s09_pharmacy_57fc38db4beb1d21','licence_data','{"osm_id": "1302388897", "amenity": "pharmacy", "addr_state": null, "operator": null, "brand": null}');

COMMIT;
