-- ============================================================
-- Migration 0479: OSM Nigeria Supermarkets & Grocery Stores
-- Generated: 2026-05-02 | Records: 458
-- Source: OpenStreetMap Nigeria — Supermarkets & Grocery Stores
-- Idempotent: all inserts use INSERT OR IGNORE
-- ============================================================
INSERT OR IGNORE INTO seed_sources (id,label,source_type,url,confidence_tier,notes) VALUES ('seed_source_osm_supermarkets_ng_20260502','OpenStreetMap Nigeria — Supermarkets & Grocery Stores','osm_extract','https://www.openstreetmap.org','seeded','OpenStreetMap ODbL licensed data');
INSERT OR IGNORE INTO seed_runs (id,label,phase,status,started_at,completed_at) VALUES ('seed_run_s09_osm_supermarkets_20260502','S09 OSM OSM Nigeria Supermarkets & Grocery Stores 2026-04-22','S07','completed',unixepoch(),unixepoch());
INSERT OR IGNORE INTO seed_raw_artifacts (id,seed_run_id,artifact_type,file_path,content_hash,row_count,notes) VALUES ('seed_artifact_seed_run_s09_osm_supermarkets_20260502','seed_run_s09_osm_supermarkets_20260502','normalized','infra/db/seed/sources',NULL,458,'Auto-generated from OpenStreetMap Nigeria — Supermarkets & Grocery Stores');

INSERT OR IGNORE INTO organizations (id,tenant_id,organization_type,legal_name,display_name,registration_number,status,verification_state,created_at,updated_at) VALUES ('org_s09_supermarket_3855136fb163528e','tenant_platform_seed','retail_store','Welcome U Shopping Mall','Welcome U Shopping Mall',NULL,'active','seeded',unixepoch(),unixepoch());
INSERT OR IGNORE INTO profiles (id,subject_id,subject_type,primary_place_id,tenant_id,workspace_id,display_name,created_at,updated_at) VALUES ('prof_s09_supermarket_3855136fb163528e','org_s09_supermarket_3855136fb163528e','organization','place_nigeria_001','tenant_platform_seed','workspace_platform_seed_discovery','Welcome U Shopping Mall',unixepoch(),unixepoch());
INSERT OR IGNORE INTO search_entries (id,profile_id,display_name,keywords,ancestry_path,vertical,created_at,updated_at) VALUES ('se_s09_supermarket_3855136fb163528e','prof_s09_supermarket_3855136fb163528e','Welcome U Shopping Mall','welcome u shopping mall supermarket grocery store retail shopping nigeria','place_nigeria_001','commerce',unixepoch(),unixepoch());
INSERT OR IGNORE INTO seed_ingestion_records (id,seed_run_id,entity_type,entity_id,source_id,status) VALUES ('ir_s09_supermarket_3855136fb163528e','seed_run_s09_osm_supermarkets_20260502','organization','org_s09_supermarket_3855136fb163528e','seed_source_osm_supermarkets_ng_20260502','ingested');
INSERT OR IGNORE INTO seed_entity_sources (id,seed_run_id,entity_type,entity_id,source_id,confidence_tier) VALUES ('es_s09_supermarket_3855136fb163528e','seed_run_s09_osm_supermarkets_20260502','organization','org_s09_supermarket_3855136fb163528e','seed_source_osm_supermarkets_ng_20260502','seeded');
INSERT OR IGNORE INTO seed_enrichment (id,seed_run_id,entity_type,entity_id,enrichment_type,enrichment_json) VALUES ('enr_s09_supermarket_3855136fb163528e','seed_run_s09_osm_supermarkets_20260502','organization','org_s09_supermarket_3855136fb163528e','licence_data','{"osm_id": "1829731068", "amenity": "supermarket", "addr_state": null, "operator": null, "brand": null}');

INSERT OR IGNORE INTO organizations (id,tenant_id,organization_type,legal_name,display_name,registration_number,status,verification_state,created_at,updated_at) VALUES ('org_s09_supermarket_712e62bbb65ee95d','tenant_platform_seed','retail_store','Shopping Mall','Shopping Mall',NULL,'active','seeded',unixepoch(),unixepoch());
INSERT OR IGNORE INTO profiles (id,subject_id,subject_type,primary_place_id,tenant_id,workspace_id,display_name,created_at,updated_at) VALUES ('prof_s09_supermarket_712e62bbb65ee95d','org_s09_supermarket_712e62bbb65ee95d','organization','place_nigeria_001','tenant_platform_seed','workspace_platform_seed_discovery','Shopping Mall',unixepoch(),unixepoch());
INSERT OR IGNORE INTO search_entries (id,profile_id,display_name,keywords,ancestry_path,vertical,created_at,updated_at) VALUES ('se_s09_supermarket_712e62bbb65ee95d','prof_s09_supermarket_712e62bbb65ee95d','Shopping Mall','shopping mall supermarket grocery store retail shopping nigeria','place_nigeria_001','commerce',unixepoch(),unixepoch());
INSERT OR IGNORE INTO seed_ingestion_records (id,seed_run_id,entity_type,entity_id,source_id,status) VALUES ('ir_s09_supermarket_712e62bbb65ee95d','seed_run_s09_osm_supermarkets_20260502','organization','org_s09_supermarket_712e62bbb65ee95d','seed_source_osm_supermarkets_ng_20260502','ingested');
INSERT OR IGNORE INTO seed_entity_sources (id,seed_run_id,entity_type,entity_id,source_id,confidence_tier) VALUES ('es_s09_supermarket_712e62bbb65ee95d','seed_run_s09_osm_supermarkets_20260502','organization','org_s09_supermarket_712e62bbb65ee95d','seed_source_osm_supermarkets_ng_20260502','seeded');
INSERT OR IGNORE INTO seed_enrichment (id,seed_run_id,entity_type,entity_id,enrichment_type,enrichment_json) VALUES ('enr_s09_supermarket_712e62bbb65ee95d','seed_run_s09_osm_supermarkets_20260502','organization','org_s09_supermarket_712e62bbb65ee95d','licence_data','{"osm_id": "1995055868", "amenity": "mall", "addr_state": null, "operator": null, "brand": null}');

INSERT OR IGNORE INTO organizations (id,tenant_id,organization_type,legal_name,display_name,registration_number,status,verification_state,created_at,updated_at) VALUES ('org_s09_supermarket_21ec7d206f45206e','tenant_platform_seed','retail_store','Mall of America','Mall of America',NULL,'active','seeded',unixepoch(),unixepoch());
INSERT OR IGNORE INTO profiles (id,subject_id,subject_type,primary_place_id,tenant_id,workspace_id,display_name,created_at,updated_at) VALUES ('prof_s09_supermarket_21ec7d206f45206e','org_s09_supermarket_21ec7d206f45206e','organization','place_nigeria_001','tenant_platform_seed','workspace_platform_seed_discovery','Mall of America',unixepoch(),unixepoch());
INSERT OR IGNORE INTO search_entries (id,profile_id,display_name,keywords,ancestry_path,vertical,created_at,updated_at) VALUES ('se_s09_supermarket_21ec7d206f45206e','prof_s09_supermarket_21ec7d206f45206e','Mall of America','mall of america supermarket grocery store retail shopping nigeria','place_nigeria_001','commerce',unixepoch(),unixepoch());
INSERT OR IGNORE INTO seed_ingestion_records (id,seed_run_id,entity_type,entity_id,source_id,status) VALUES ('ir_s09_supermarket_21ec7d206f45206e','seed_run_s09_osm_supermarkets_20260502','organization','org_s09_supermarket_21ec7d206f45206e','seed_source_osm_supermarkets_ng_20260502','ingested');
INSERT OR IGNORE INTO seed_entity_sources (id,seed_run_id,entity_type,entity_id,source_id,confidence_tier) VALUES ('es_s09_supermarket_21ec7d206f45206e','seed_run_s09_osm_supermarkets_20260502','organization','org_s09_supermarket_21ec7d206f45206e','seed_source_osm_supermarkets_ng_20260502','seeded');
INSERT OR IGNORE INTO seed_enrichment (id,seed_run_id,entity_type,entity_id,enrichment_type,enrichment_json) VALUES ('enr_s09_supermarket_21ec7d206f45206e','seed_run_s09_osm_supermarkets_20260502','organization','org_s09_supermarket_21ec7d206f45206e','licence_data','{"osm_id": "2075846193", "amenity": "mall", "addr_state": null, "operator": null, "brand": null}');

INSERT OR IGNORE INTO organizations (id,tenant_id,organization_type,legal_name,display_name,registration_number,status,verification_state,created_at,updated_at) VALUES ('org_s09_supermarket_b33f994a7d03a015','tenant_platform_seed','retail_store','Bulwark doors','Bulwark doors',NULL,'active','seeded',unixepoch(),unixepoch());
INSERT OR IGNORE INTO profiles (id,subject_id,subject_type,primary_place_id,tenant_id,workspace_id,display_name,created_at,updated_at) VALUES ('prof_s09_supermarket_b33f994a7d03a015','org_s09_supermarket_b33f994a7d03a015','organization','place_nigeria_001','tenant_platform_seed','workspace_platform_seed_discovery','Bulwark doors',unixepoch(),unixepoch());
INSERT OR IGNORE INTO search_entries (id,profile_id,display_name,keywords,ancestry_path,vertical,created_at,updated_at) VALUES ('se_s09_supermarket_b33f994a7d03a015','prof_s09_supermarket_b33f994a7d03a015','Bulwark doors','bulwark doors supermarket grocery store retail shopping nigeria','place_nigeria_001','commerce',unixepoch(),unixepoch());
INSERT OR IGNORE INTO seed_ingestion_records (id,seed_run_id,entity_type,entity_id,source_id,status) VALUES ('ir_s09_supermarket_b33f994a7d03a015','seed_run_s09_osm_supermarkets_20260502','organization','org_s09_supermarket_b33f994a7d03a015','seed_source_osm_supermarkets_ng_20260502','ingested');
INSERT OR IGNORE INTO seed_entity_sources (id,seed_run_id,entity_type,entity_id,source_id,confidence_tier) VALUES ('es_s09_supermarket_b33f994a7d03a015','seed_run_s09_osm_supermarkets_20260502','organization','org_s09_supermarket_b33f994a7d03a015','seed_source_osm_supermarkets_ng_20260502','seeded');
INSERT OR IGNORE INTO seed_enrichment (id,seed_run_id,entity_type,entity_id,enrichment_type,enrichment_json) VALUES ('enr_s09_supermarket_b33f994a7d03a015','seed_run_s09_osm_supermarkets_20260502','organization','org_s09_supermarket_b33f994a7d03a015','licence_data','{"osm_id": "2154493767", "amenity": "mall", "addr_state": null, "operator": null, "brand": null}');

INSERT OR IGNORE INTO organizations (id,tenant_id,organization_type,legal_name,display_name,registration_number,status,verification_state,created_at,updated_at) VALUES ('org_s09_supermarket_cbd8b7257201967e','tenant_platform_seed','retail_store','Shopping Mall','Shopping Mall',NULL,'active','seeded',unixepoch(),unixepoch());
INSERT OR IGNORE INTO profiles (id,subject_id,subject_type,primary_place_id,tenant_id,workspace_id,display_name,created_at,updated_at) VALUES ('prof_s09_supermarket_cbd8b7257201967e','org_s09_supermarket_cbd8b7257201967e','organization','place_nigeria_001','tenant_platform_seed','workspace_platform_seed_discovery','Shopping Mall',unixepoch(),unixepoch());
INSERT OR IGNORE INTO search_entries (id,profile_id,display_name,keywords,ancestry_path,vertical,created_at,updated_at) VALUES ('se_s09_supermarket_cbd8b7257201967e','prof_s09_supermarket_cbd8b7257201967e','Shopping Mall','shopping mall supermarket grocery store retail shopping nigeria','place_nigeria_001','commerce',unixepoch(),unixepoch());
INSERT OR IGNORE INTO seed_ingestion_records (id,seed_run_id,entity_type,entity_id,source_id,status) VALUES ('ir_s09_supermarket_cbd8b7257201967e','seed_run_s09_osm_supermarkets_20260502','organization','org_s09_supermarket_cbd8b7257201967e','seed_source_osm_supermarkets_ng_20260502','ingested');
INSERT OR IGNORE INTO seed_entity_sources (id,seed_run_id,entity_type,entity_id,source_id,confidence_tier) VALUES ('es_s09_supermarket_cbd8b7257201967e','seed_run_s09_osm_supermarkets_20260502','organization','org_s09_supermarket_cbd8b7257201967e','seed_source_osm_supermarkets_ng_20260502','seeded');
INSERT OR IGNORE INTO seed_enrichment (id,seed_run_id,entity_type,entity_id,enrichment_type,enrichment_json) VALUES ('enr_s09_supermarket_cbd8b7257201967e','seed_run_s09_osm_supermarkets_20260502','organization','org_s09_supermarket_cbd8b7257201967e','licence_data','{"osm_id": "2155730225", "amenity": "mall", "addr_state": null, "operator": null, "brand": null}');

INSERT OR IGNORE INTO organizations (id,tenant_id,organization_type,legal_name,display_name,registration_number,status,verification_state,created_at,updated_at) VALUES ('org_s09_supermarket_55a62ef4f3606019','tenant_platform_seed','retail_store','Shopping Mall','Shopping Mall',NULL,'active','seeded',unixepoch(),unixepoch());
INSERT OR IGNORE INTO profiles (id,subject_id,subject_type,primary_place_id,tenant_id,workspace_id,display_name,created_at,updated_at) VALUES ('prof_s09_supermarket_55a62ef4f3606019','org_s09_supermarket_55a62ef4f3606019','organization','place_nigeria_001','tenant_platform_seed','workspace_platform_seed_discovery','Shopping Mall',unixepoch(),unixepoch());
INSERT OR IGNORE INTO search_entries (id,profile_id,display_name,keywords,ancestry_path,vertical,created_at,updated_at) VALUES ('se_s09_supermarket_55a62ef4f3606019','prof_s09_supermarket_55a62ef4f3606019','Shopping Mall','shopping mall supermarket grocery store retail shopping nigeria','place_nigeria_001','commerce',unixepoch(),unixepoch());
INSERT OR IGNORE INTO seed_ingestion_records (id,seed_run_id,entity_type,entity_id,source_id,status) VALUES ('ir_s09_supermarket_55a62ef4f3606019','seed_run_s09_osm_supermarkets_20260502','organization','org_s09_supermarket_55a62ef4f3606019','seed_source_osm_supermarkets_ng_20260502','ingested');
INSERT OR IGNORE INTO seed_entity_sources (id,seed_run_id,entity_type,entity_id,source_id,confidence_tier) VALUES ('es_s09_supermarket_55a62ef4f3606019','seed_run_s09_osm_supermarkets_20260502','organization','org_s09_supermarket_55a62ef4f3606019','seed_source_osm_supermarkets_ng_20260502','seeded');
INSERT OR IGNORE INTO seed_enrichment (id,seed_run_id,entity_type,entity_id,enrichment_type,enrichment_json) VALUES ('enr_s09_supermarket_55a62ef4f3606019','seed_run_s09_osm_supermarkets_20260502','organization','org_s09_supermarket_55a62ef4f3606019','licence_data','{"osm_id": "2155730286", "amenity": "mall", "addr_state": null, "operator": null, "brand": null}');

INSERT OR IGNORE INTO organizations (id,tenant_id,organization_type,legal_name,display_name,registration_number,status,verification_state,created_at,updated_at) VALUES ('org_s09_supermarket_dcbe45158e2c5dbe','tenant_platform_seed','retail_store','Stores','Stores',NULL,'active','seeded',unixepoch(),unixepoch());
INSERT OR IGNORE INTO profiles (id,subject_id,subject_type,primary_place_id,tenant_id,workspace_id,display_name,created_at,updated_at) VALUES ('prof_s09_supermarket_dcbe45158e2c5dbe','org_s09_supermarket_dcbe45158e2c5dbe','organization','place_nigeria_001','tenant_platform_seed','workspace_platform_seed_discovery','Stores',unixepoch(),unixepoch());
INSERT OR IGNORE INTO search_entries (id,profile_id,display_name,keywords,ancestry_path,vertical,created_at,updated_at) VALUES ('se_s09_supermarket_dcbe45158e2c5dbe','prof_s09_supermarket_dcbe45158e2c5dbe','Stores','stores supermarket grocery store retail shopping nigeria','place_nigeria_001','commerce',unixepoch(),unixepoch());
INSERT OR IGNORE INTO seed_ingestion_records (id,seed_run_id,entity_type,entity_id,source_id,status) VALUES ('ir_s09_supermarket_dcbe45158e2c5dbe','seed_run_s09_osm_supermarkets_20260502','organization','org_s09_supermarket_dcbe45158e2c5dbe','seed_source_osm_supermarkets_ng_20260502','ingested');
INSERT OR IGNORE INTO seed_entity_sources (id,seed_run_id,entity_type,entity_id,source_id,confidence_tier) VALUES ('es_s09_supermarket_dcbe45158e2c5dbe','seed_run_s09_osm_supermarkets_20260502','organization','org_s09_supermarket_dcbe45158e2c5dbe','seed_source_osm_supermarkets_ng_20260502','seeded');
INSERT OR IGNORE INTO seed_enrichment (id,seed_run_id,entity_type,entity_id,enrichment_type,enrichment_json) VALUES ('enr_s09_supermarket_dcbe45158e2c5dbe','seed_run_s09_osm_supermarkets_20260502','organization','org_s09_supermarket_dcbe45158e2c5dbe','licence_data','{"osm_id": "2160850278", "amenity": "mall", "addr_state": null, "operator": null, "brand": null}');

INSERT OR IGNORE INTO organizations (id,tenant_id,organization_type,legal_name,display_name,registration_number,status,verification_state,created_at,updated_at) VALUES ('org_s09_supermarket_bd3429f3c94c89d8','tenant_platform_seed','retail_store','Phil Hallmark Supermarket','Phil Hallmark Supermarket',NULL,'active','seeded',unixepoch(),unixepoch());
INSERT OR IGNORE INTO profiles (id,subject_id,subject_type,primary_place_id,tenant_id,workspace_id,display_name,created_at,updated_at) VALUES ('prof_s09_supermarket_bd3429f3c94c89d8','org_s09_supermarket_bd3429f3c94c89d8','organization','place_nigeria_001','tenant_platform_seed','workspace_platform_seed_discovery','Phil Hallmark Supermarket',unixepoch(),unixepoch());
INSERT OR IGNORE INTO search_entries (id,profile_id,display_name,keywords,ancestry_path,vertical,created_at,updated_at) VALUES ('se_s09_supermarket_bd3429f3c94c89d8','prof_s09_supermarket_bd3429f3c94c89d8','Phil Hallmark Supermarket','phil hallmark supermarket supermarket grocery store retail shopping nigeria','place_nigeria_001','commerce',unixepoch(),unixepoch());
INSERT OR IGNORE INTO seed_ingestion_records (id,seed_run_id,entity_type,entity_id,source_id,status) VALUES ('ir_s09_supermarket_bd3429f3c94c89d8','seed_run_s09_osm_supermarkets_20260502','organization','org_s09_supermarket_bd3429f3c94c89d8','seed_source_osm_supermarkets_ng_20260502','ingested');
INSERT OR IGNORE INTO seed_entity_sources (id,seed_run_id,entity_type,entity_id,source_id,confidence_tier) VALUES ('es_s09_supermarket_bd3429f3c94c89d8','seed_run_s09_osm_supermarkets_20260502','organization','org_s09_supermarket_bd3429f3c94c89d8','seed_source_osm_supermarkets_ng_20260502','seeded');
INSERT OR IGNORE INTO seed_enrichment (id,seed_run_id,entity_type,entity_id,enrichment_type,enrichment_json) VALUES ('enr_s09_supermarket_bd3429f3c94c89d8','seed_run_s09_osm_supermarkets_20260502','organization','org_s09_supermarket_bd3429f3c94c89d8','licence_data','{"osm_id": "2161072908", "amenity": "supermarket", "addr_state": null, "operator": null, "brand": null}');

INSERT OR IGNORE INTO organizations (id,tenant_id,organization_type,legal_name,display_name,registration_number,status,verification_state,created_at,updated_at) VALUES ('org_s09_supermarket_235514e68adb27bb','tenant_platform_seed','retail_store','Shopping Complex','Shopping Complex',NULL,'active','seeded',unixepoch(),unixepoch());
INSERT OR IGNORE INTO profiles (id,subject_id,subject_type,primary_place_id,tenant_id,workspace_id,display_name,created_at,updated_at) VALUES ('prof_s09_supermarket_235514e68adb27bb','org_s09_supermarket_235514e68adb27bb','organization','place_nigeria_001','tenant_platform_seed','workspace_platform_seed_discovery','Shopping Complex',unixepoch(),unixepoch());
INSERT OR IGNORE INTO search_entries (id,profile_id,display_name,keywords,ancestry_path,vertical,created_at,updated_at) VALUES ('se_s09_supermarket_235514e68adb27bb','prof_s09_supermarket_235514e68adb27bb','Shopping Complex','shopping complex supermarket grocery store retail shopping nigeria','place_nigeria_001','commerce',unixepoch(),unixepoch());
INSERT OR IGNORE INTO seed_ingestion_records (id,seed_run_id,entity_type,entity_id,source_id,status) VALUES ('ir_s09_supermarket_235514e68adb27bb','seed_run_s09_osm_supermarkets_20260502','organization','org_s09_supermarket_235514e68adb27bb','seed_source_osm_supermarkets_ng_20260502','ingested');
INSERT OR IGNORE INTO seed_entity_sources (id,seed_run_id,entity_type,entity_id,source_id,confidence_tier) VALUES ('es_s09_supermarket_235514e68adb27bb','seed_run_s09_osm_supermarkets_20260502','organization','org_s09_supermarket_235514e68adb27bb','seed_source_osm_supermarkets_ng_20260502','seeded');
INSERT OR IGNORE INTO seed_enrichment (id,seed_run_id,entity_type,entity_id,enrichment_type,enrichment_json) VALUES ('enr_s09_supermarket_235514e68adb27bb','seed_run_s09_osm_supermarkets_20260502','organization','org_s09_supermarket_235514e68adb27bb','licence_data','{"osm_id": "2161077884", "amenity": "mall", "addr_state": null, "operator": null, "brand": null}');

INSERT OR IGNORE INTO organizations (id,tenant_id,organization_type,legal_name,display_name,registration_number,status,verification_state,created_at,updated_at) VALUES ('org_s09_supermarket_45825306ba452f62','tenant_platform_seed','retail_store','Shopping Mall','Shopping Mall',NULL,'active','seeded',unixepoch(),unixepoch());
INSERT OR IGNORE INTO profiles (id,subject_id,subject_type,primary_place_id,tenant_id,workspace_id,display_name,created_at,updated_at) VALUES ('prof_s09_supermarket_45825306ba452f62','org_s09_supermarket_45825306ba452f62','organization','place_nigeria_001','tenant_platform_seed','workspace_platform_seed_discovery','Shopping Mall',unixepoch(),unixepoch());
INSERT OR IGNORE INTO search_entries (id,profile_id,display_name,keywords,ancestry_path,vertical,created_at,updated_at) VALUES ('se_s09_supermarket_45825306ba452f62','prof_s09_supermarket_45825306ba452f62','Shopping Mall','shopping mall supermarket grocery store retail shopping nigeria','place_nigeria_001','commerce',unixepoch(),unixepoch());
INSERT OR IGNORE INTO seed_ingestion_records (id,seed_run_id,entity_type,entity_id,source_id,status) VALUES ('ir_s09_supermarket_45825306ba452f62','seed_run_s09_osm_supermarkets_20260502','organization','org_s09_supermarket_45825306ba452f62','seed_source_osm_supermarkets_ng_20260502','ingested');
INSERT OR IGNORE INTO seed_entity_sources (id,seed_run_id,entity_type,entity_id,source_id,confidence_tier) VALUES ('es_s09_supermarket_45825306ba452f62','seed_run_s09_osm_supermarkets_20260502','organization','org_s09_supermarket_45825306ba452f62','seed_source_osm_supermarkets_ng_20260502','seeded');
INSERT OR IGNORE INTO seed_enrichment (id,seed_run_id,entity_type,entity_id,enrichment_type,enrichment_json) VALUES ('enr_s09_supermarket_45825306ba452f62','seed_run_s09_osm_supermarkets_20260502','organization','org_s09_supermarket_45825306ba452f62','licence_data','{"osm_id": "2161077921", "amenity": "mall", "addr_state": null, "operator": null, "brand": null}');

INSERT OR IGNORE INTO organizations (id,tenant_id,organization_type,legal_name,display_name,registration_number,status,verification_state,created_at,updated_at) VALUES ('org_s09_supermarket_ac8b3b76e8063b37','tenant_platform_seed','retail_store','Stores','Stores',NULL,'active','seeded',unixepoch(),unixepoch());
INSERT OR IGNORE INTO profiles (id,subject_id,subject_type,primary_place_id,tenant_id,workspace_id,display_name,created_at,updated_at) VALUES ('prof_s09_supermarket_ac8b3b76e8063b37','org_s09_supermarket_ac8b3b76e8063b37','organization','place_nigeria_001','tenant_platform_seed','workspace_platform_seed_discovery','Stores',unixepoch(),unixepoch());
INSERT OR IGNORE INTO search_entries (id,profile_id,display_name,keywords,ancestry_path,vertical,created_at,updated_at) VALUES ('se_s09_supermarket_ac8b3b76e8063b37','prof_s09_supermarket_ac8b3b76e8063b37','Stores','stores supermarket grocery store retail shopping nigeria','place_nigeria_001','commerce',unixepoch(),unixepoch());
INSERT OR IGNORE INTO seed_ingestion_records (id,seed_run_id,entity_type,entity_id,source_id,status) VALUES ('ir_s09_supermarket_ac8b3b76e8063b37','seed_run_s09_osm_supermarkets_20260502','organization','org_s09_supermarket_ac8b3b76e8063b37','seed_source_osm_supermarkets_ng_20260502','ingested');
INSERT OR IGNORE INTO seed_entity_sources (id,seed_run_id,entity_type,entity_id,source_id,confidence_tier) VALUES ('es_s09_supermarket_ac8b3b76e8063b37','seed_run_s09_osm_supermarkets_20260502','organization','org_s09_supermarket_ac8b3b76e8063b37','seed_source_osm_supermarkets_ng_20260502','seeded');
INSERT OR IGNORE INTO seed_enrichment (id,seed_run_id,entity_type,entity_id,enrichment_type,enrichment_json) VALUES ('enr_s09_supermarket_ac8b3b76e8063b37','seed_run_s09_osm_supermarkets_20260502','organization','org_s09_supermarket_ac8b3b76e8063b37','licence_data','{"osm_id": "2161102700", "amenity": "mall", "addr_state": null, "operator": null, "brand": null}');

INSERT OR IGNORE INTO organizations (id,tenant_id,organization_type,legal_name,display_name,registration_number,status,verification_state,created_at,updated_at) VALUES ('org_s09_supermarket_bd7d952c543fbd02','tenant_platform_seed','retail_store','Stores','Stores',NULL,'active','seeded',unixepoch(),unixepoch());
INSERT OR IGNORE INTO profiles (id,subject_id,subject_type,primary_place_id,tenant_id,workspace_id,display_name,created_at,updated_at) VALUES ('prof_s09_supermarket_bd7d952c543fbd02','org_s09_supermarket_bd7d952c543fbd02','organization','place_nigeria_001','tenant_platform_seed','workspace_platform_seed_discovery','Stores',unixepoch(),unixepoch());
INSERT OR IGNORE INTO search_entries (id,profile_id,display_name,keywords,ancestry_path,vertical,created_at,updated_at) VALUES ('se_s09_supermarket_bd7d952c543fbd02','prof_s09_supermarket_bd7d952c543fbd02','Stores','stores supermarket grocery store retail shopping nigeria','place_nigeria_001','commerce',unixepoch(),unixepoch());
INSERT OR IGNORE INTO seed_ingestion_records (id,seed_run_id,entity_type,entity_id,source_id,status) VALUES ('ir_s09_supermarket_bd7d952c543fbd02','seed_run_s09_osm_supermarkets_20260502','organization','org_s09_supermarket_bd7d952c543fbd02','seed_source_osm_supermarkets_ng_20260502','ingested');
INSERT OR IGNORE INTO seed_entity_sources (id,seed_run_id,entity_type,entity_id,source_id,confidence_tier) VALUES ('es_s09_supermarket_bd7d952c543fbd02','seed_run_s09_osm_supermarkets_20260502','organization','org_s09_supermarket_bd7d952c543fbd02','seed_source_osm_supermarkets_ng_20260502','seeded');
INSERT OR IGNORE INTO seed_enrichment (id,seed_run_id,entity_type,entity_id,enrichment_type,enrichment_json) VALUES ('enr_s09_supermarket_bd7d952c543fbd02','seed_run_s09_osm_supermarkets_20260502','organization','org_s09_supermarket_bd7d952c543fbd02','licence_data','{"osm_id": "2161102932", "amenity": "mall", "addr_state": null, "operator": null, "brand": null}');

INSERT OR IGNORE INTO organizations (id,tenant_id,organization_type,legal_name,display_name,registration_number,status,verification_state,created_at,updated_at) VALUES ('org_s09_supermarket_d9ba8b33215a9ccf','tenant_platform_seed','retail_store','Zoro Supermarket','Zoro Supermarket',NULL,'active','seeded',unixepoch(),unixepoch());
INSERT OR IGNORE INTO profiles (id,subject_id,subject_type,primary_place_id,tenant_id,workspace_id,display_name,created_at,updated_at) VALUES ('prof_s09_supermarket_d9ba8b33215a9ccf','org_s09_supermarket_d9ba8b33215a9ccf','organization','place_nigeria_001','tenant_platform_seed','workspace_platform_seed_discovery','Zoro Supermarket',unixepoch(),unixepoch());
INSERT OR IGNORE INTO search_entries (id,profile_id,display_name,keywords,ancestry_path,vertical,created_at,updated_at) VALUES ('se_s09_supermarket_d9ba8b33215a9ccf','prof_s09_supermarket_d9ba8b33215a9ccf','Zoro Supermarket','zoro supermarket supermarket grocery store retail shopping nigeria','place_nigeria_001','commerce',unixepoch(),unixepoch());
INSERT OR IGNORE INTO seed_ingestion_records (id,seed_run_id,entity_type,entity_id,source_id,status) VALUES ('ir_s09_supermarket_d9ba8b33215a9ccf','seed_run_s09_osm_supermarkets_20260502','organization','org_s09_supermarket_d9ba8b33215a9ccf','seed_source_osm_supermarkets_ng_20260502','ingested');
INSERT OR IGNORE INTO seed_entity_sources (id,seed_run_id,entity_type,entity_id,source_id,confidence_tier) VALUES ('es_s09_supermarket_d9ba8b33215a9ccf','seed_run_s09_osm_supermarkets_20260502','organization','org_s09_supermarket_d9ba8b33215a9ccf','seed_source_osm_supermarkets_ng_20260502','seeded');
INSERT OR IGNORE INTO seed_enrichment (id,seed_run_id,entity_type,entity_id,enrichment_type,enrichment_json) VALUES ('enr_s09_supermarket_d9ba8b33215a9ccf','seed_run_s09_osm_supermarkets_20260502','organization','org_s09_supermarket_d9ba8b33215a9ccf','licence_data','{"osm_id": "2161119675", "amenity": "supermarket", "addr_state": null, "operator": null, "brand": null}');

INSERT OR IGNORE INTO organizations (id,tenant_id,organization_type,legal_name,display_name,registration_number,status,verification_state,created_at,updated_at) VALUES ('org_s09_supermarket_5e166b5a70893873','tenant_platform_seed','retail_store','Shops','Shops',NULL,'active','seeded',unixepoch(),unixepoch());
INSERT OR IGNORE INTO profiles (id,subject_id,subject_type,primary_place_id,tenant_id,workspace_id,display_name,created_at,updated_at) VALUES ('prof_s09_supermarket_5e166b5a70893873','org_s09_supermarket_5e166b5a70893873','organization','place_nigeria_001','tenant_platform_seed','workspace_platform_seed_discovery','Shops',unixepoch(),unixepoch());
INSERT OR IGNORE INTO search_entries (id,profile_id,display_name,keywords,ancestry_path,vertical,created_at,updated_at) VALUES ('se_s09_supermarket_5e166b5a70893873','prof_s09_supermarket_5e166b5a70893873','Shops','shops supermarket grocery store retail shopping nigeria','place_nigeria_001','commerce',unixepoch(),unixepoch());
INSERT OR IGNORE INTO seed_ingestion_records (id,seed_run_id,entity_type,entity_id,source_id,status) VALUES ('ir_s09_supermarket_5e166b5a70893873','seed_run_s09_osm_supermarkets_20260502','organization','org_s09_supermarket_5e166b5a70893873','seed_source_osm_supermarkets_ng_20260502','ingested');
INSERT OR IGNORE INTO seed_entity_sources (id,seed_run_id,entity_type,entity_id,source_id,confidence_tier) VALUES ('es_s09_supermarket_5e166b5a70893873','seed_run_s09_osm_supermarkets_20260502','organization','org_s09_supermarket_5e166b5a70893873','seed_source_osm_supermarkets_ng_20260502','seeded');
INSERT OR IGNORE INTO seed_enrichment (id,seed_run_id,entity_type,entity_id,enrichment_type,enrichment_json) VALUES ('enr_s09_supermarket_5e166b5a70893873','seed_run_s09_osm_supermarkets_20260502','organization','org_s09_supermarket_5e166b5a70893873','licence_data','{"osm_id": "2344236540", "amenity": "mall", "addr_state": null, "operator": null, "brand": null}');

INSERT OR IGNORE INTO organizations (id,tenant_id,organization_type,legal_name,display_name,registration_number,status,verification_state,created_at,updated_at) VALUES ('org_s09_supermarket_2ff5bee4505d1705','tenant_platform_seed','retail_store','Shops','Shops',NULL,'active','seeded',unixepoch(),unixepoch());
INSERT OR IGNORE INTO profiles (id,subject_id,subject_type,primary_place_id,tenant_id,workspace_id,display_name,created_at,updated_at) VALUES ('prof_s09_supermarket_2ff5bee4505d1705','org_s09_supermarket_2ff5bee4505d1705','organization','place_nigeria_001','tenant_platform_seed','workspace_platform_seed_discovery','Shops',unixepoch(),unixepoch());
INSERT OR IGNORE INTO search_entries (id,profile_id,display_name,keywords,ancestry_path,vertical,created_at,updated_at) VALUES ('se_s09_supermarket_2ff5bee4505d1705','prof_s09_supermarket_2ff5bee4505d1705','Shops','shops supermarket grocery store retail shopping nigeria','place_nigeria_001','commerce',unixepoch(),unixepoch());
INSERT OR IGNORE INTO seed_ingestion_records (id,seed_run_id,entity_type,entity_id,source_id,status) VALUES ('ir_s09_supermarket_2ff5bee4505d1705','seed_run_s09_osm_supermarkets_20260502','organization','org_s09_supermarket_2ff5bee4505d1705','seed_source_osm_supermarkets_ng_20260502','ingested');
INSERT OR IGNORE INTO seed_entity_sources (id,seed_run_id,entity_type,entity_id,source_id,confidence_tier) VALUES ('es_s09_supermarket_2ff5bee4505d1705','seed_run_s09_osm_supermarkets_20260502','organization','org_s09_supermarket_2ff5bee4505d1705','seed_source_osm_supermarkets_ng_20260502','seeded');
INSERT OR IGNORE INTO seed_enrichment (id,seed_run_id,entity_type,entity_id,enrichment_type,enrichment_json) VALUES ('enr_s09_supermarket_2ff5bee4505d1705','seed_run_s09_osm_supermarkets_20260502','organization','org_s09_supermarket_2ff5bee4505d1705','licence_data','{"osm_id": "2344236541", "amenity": "mall", "addr_state": null, "operator": null, "brand": null}');

INSERT OR IGNORE INTO organizations (id,tenant_id,organization_type,legal_name,display_name,registration_number,status,verification_state,created_at,updated_at) VALUES ('org_s09_supermarket_1eb451ea90c671b3','tenant_platform_seed','retail_store','Shops','Shops',NULL,'active','seeded',unixepoch(),unixepoch());
INSERT OR IGNORE INTO profiles (id,subject_id,subject_type,primary_place_id,tenant_id,workspace_id,display_name,created_at,updated_at) VALUES ('prof_s09_supermarket_1eb451ea90c671b3','org_s09_supermarket_1eb451ea90c671b3','organization','place_nigeria_001','tenant_platform_seed','workspace_platform_seed_discovery','Shops',unixepoch(),unixepoch());
INSERT OR IGNORE INTO search_entries (id,profile_id,display_name,keywords,ancestry_path,vertical,created_at,updated_at) VALUES ('se_s09_supermarket_1eb451ea90c671b3','prof_s09_supermarket_1eb451ea90c671b3','Shops','shops supermarket grocery store retail shopping nigeria','place_nigeria_001','commerce',unixepoch(),unixepoch());
INSERT OR IGNORE INTO seed_ingestion_records (id,seed_run_id,entity_type,entity_id,source_id,status) VALUES ('ir_s09_supermarket_1eb451ea90c671b3','seed_run_s09_osm_supermarkets_20260502','organization','org_s09_supermarket_1eb451ea90c671b3','seed_source_osm_supermarkets_ng_20260502','ingested');
INSERT OR IGNORE INTO seed_entity_sources (id,seed_run_id,entity_type,entity_id,source_id,confidence_tier) VALUES ('es_s09_supermarket_1eb451ea90c671b3','seed_run_s09_osm_supermarkets_20260502','organization','org_s09_supermarket_1eb451ea90c671b3','seed_source_osm_supermarkets_ng_20260502','seeded');
INSERT OR IGNORE INTO seed_enrichment (id,seed_run_id,entity_type,entity_id,enrichment_type,enrichment_json) VALUES ('enr_s09_supermarket_1eb451ea90c671b3','seed_run_s09_osm_supermarkets_20260502','organization','org_s09_supermarket_1eb451ea90c671b3','licence_data','{"osm_id": "2344236542", "amenity": "mall", "addr_state": null, "operator": null, "brand": null}');

INSERT OR IGNORE INTO organizations (id,tenant_id,organization_type,legal_name,display_name,registration_number,status,verification_state,created_at,updated_at) VALUES ('org_s09_supermarket_0e60b7185e10722e','tenant_platform_seed','retail_store','Shops','Shops',NULL,'active','seeded',unixepoch(),unixepoch());
INSERT OR IGNORE INTO profiles (id,subject_id,subject_type,primary_place_id,tenant_id,workspace_id,display_name,created_at,updated_at) VALUES ('prof_s09_supermarket_0e60b7185e10722e','org_s09_supermarket_0e60b7185e10722e','organization','place_nigeria_001','tenant_platform_seed','workspace_platform_seed_discovery','Shops',unixepoch(),unixepoch());
INSERT OR IGNORE INTO search_entries (id,profile_id,display_name,keywords,ancestry_path,vertical,created_at,updated_at) VALUES ('se_s09_supermarket_0e60b7185e10722e','prof_s09_supermarket_0e60b7185e10722e','Shops','shops supermarket grocery store retail shopping nigeria','place_nigeria_001','commerce',unixepoch(),unixepoch());
INSERT OR IGNORE INTO seed_ingestion_records (id,seed_run_id,entity_type,entity_id,source_id,status) VALUES ('ir_s09_supermarket_0e60b7185e10722e','seed_run_s09_osm_supermarkets_20260502','organization','org_s09_supermarket_0e60b7185e10722e','seed_source_osm_supermarkets_ng_20260502','ingested');
INSERT OR IGNORE INTO seed_entity_sources (id,seed_run_id,entity_type,entity_id,source_id,confidence_tier) VALUES ('es_s09_supermarket_0e60b7185e10722e','seed_run_s09_osm_supermarkets_20260502','organization','org_s09_supermarket_0e60b7185e10722e','seed_source_osm_supermarkets_ng_20260502','seeded');
INSERT OR IGNORE INTO seed_enrichment (id,seed_run_id,entity_type,entity_id,enrichment_type,enrichment_json) VALUES ('enr_s09_supermarket_0e60b7185e10722e','seed_run_s09_osm_supermarkets_20260502','organization','org_s09_supermarket_0e60b7185e10722e','licence_data','{"osm_id": "2344236543", "amenity": "mall", "addr_state": null, "operator": null, "brand": null}');

INSERT OR IGNORE INTO organizations (id,tenant_id,organization_type,legal_name,display_name,registration_number,status,verification_state,created_at,updated_at) VALUES ('org_s09_supermarket_2b9b7dc2fca2df53','tenant_platform_seed','retail_store','Shops','Shops',NULL,'active','seeded',unixepoch(),unixepoch());
INSERT OR IGNORE INTO profiles (id,subject_id,subject_type,primary_place_id,tenant_id,workspace_id,display_name,created_at,updated_at) VALUES ('prof_s09_supermarket_2b9b7dc2fca2df53','org_s09_supermarket_2b9b7dc2fca2df53','organization','place_nigeria_001','tenant_platform_seed','workspace_platform_seed_discovery','Shops',unixepoch(),unixepoch());
INSERT OR IGNORE INTO search_entries (id,profile_id,display_name,keywords,ancestry_path,vertical,created_at,updated_at) VALUES ('se_s09_supermarket_2b9b7dc2fca2df53','prof_s09_supermarket_2b9b7dc2fca2df53','Shops','shops supermarket grocery store retail shopping nigeria','place_nigeria_001','commerce',unixepoch(),unixepoch());
INSERT OR IGNORE INTO seed_ingestion_records (id,seed_run_id,entity_type,entity_id,source_id,status) VALUES ('ir_s09_supermarket_2b9b7dc2fca2df53','seed_run_s09_osm_supermarkets_20260502','organization','org_s09_supermarket_2b9b7dc2fca2df53','seed_source_osm_supermarkets_ng_20260502','ingested');
INSERT OR IGNORE INTO seed_entity_sources (id,seed_run_id,entity_type,entity_id,source_id,confidence_tier) VALUES ('es_s09_supermarket_2b9b7dc2fca2df53','seed_run_s09_osm_supermarkets_20260502','organization','org_s09_supermarket_2b9b7dc2fca2df53','seed_source_osm_supermarkets_ng_20260502','seeded');
INSERT OR IGNORE INTO seed_enrichment (id,seed_run_id,entity_type,entity_id,enrichment_type,enrichment_json) VALUES ('enr_s09_supermarket_2b9b7dc2fca2df53','seed_run_s09_osm_supermarkets_20260502','organization','org_s09_supermarket_2b9b7dc2fca2df53','licence_data','{"osm_id": "2344236544", "amenity": "mall", "addr_state": null, "operator": null, "brand": null}');

INSERT OR IGNORE INTO organizations (id,tenant_id,organization_type,legal_name,display_name,registration_number,status,verification_state,created_at,updated_at) VALUES ('org_s09_supermarket_f3b811847c705e00','tenant_platform_seed','retail_store','shops','shops',NULL,'active','seeded',unixepoch(),unixepoch());
INSERT OR IGNORE INTO profiles (id,subject_id,subject_type,primary_place_id,tenant_id,workspace_id,display_name,created_at,updated_at) VALUES ('prof_s09_supermarket_f3b811847c705e00','org_s09_supermarket_f3b811847c705e00','organization','place_nigeria_001','tenant_platform_seed','workspace_platform_seed_discovery','shops',unixepoch(),unixepoch());
INSERT OR IGNORE INTO search_entries (id,profile_id,display_name,keywords,ancestry_path,vertical,created_at,updated_at) VALUES ('se_s09_supermarket_f3b811847c705e00','prof_s09_supermarket_f3b811847c705e00','shops','shops supermarket grocery store retail shopping nigeria','place_nigeria_001','commerce',unixepoch(),unixepoch());
INSERT OR IGNORE INTO seed_ingestion_records (id,seed_run_id,entity_type,entity_id,source_id,status) VALUES ('ir_s09_supermarket_f3b811847c705e00','seed_run_s09_osm_supermarkets_20260502','organization','org_s09_supermarket_f3b811847c705e00','seed_source_osm_supermarkets_ng_20260502','ingested');
INSERT OR IGNORE INTO seed_entity_sources (id,seed_run_id,entity_type,entity_id,source_id,confidence_tier) VALUES ('es_s09_supermarket_f3b811847c705e00','seed_run_s09_osm_supermarkets_20260502','organization','org_s09_supermarket_f3b811847c705e00','seed_source_osm_supermarkets_ng_20260502','seeded');
INSERT OR IGNORE INTO seed_enrichment (id,seed_run_id,entity_type,entity_id,enrichment_type,enrichment_json) VALUES ('enr_s09_supermarket_f3b811847c705e00','seed_run_s09_osm_supermarkets_20260502','organization','org_s09_supermarket_f3b811847c705e00','licence_data','{"osm_id": "2344236550", "amenity": "mall", "addr_state": null, "operator": null, "brand": null}');

INSERT OR IGNORE INTO organizations (id,tenant_id,organization_type,legal_name,display_name,registration_number,status,verification_state,created_at,updated_at) VALUES ('org_s09_supermarket_3f67619afe508496','tenant_platform_seed','retail_store','Shopping Complex','Shopping Complex',NULL,'active','seeded',unixepoch(),unixepoch());
INSERT OR IGNORE INTO profiles (id,subject_id,subject_type,primary_place_id,tenant_id,workspace_id,display_name,created_at,updated_at) VALUES ('prof_s09_supermarket_3f67619afe508496','org_s09_supermarket_3f67619afe508496','organization','place_nigeria_001','tenant_platform_seed','workspace_platform_seed_discovery','Shopping Complex',unixepoch(),unixepoch());
INSERT OR IGNORE INTO search_entries (id,profile_id,display_name,keywords,ancestry_path,vertical,created_at,updated_at) VALUES ('se_s09_supermarket_3f67619afe508496','prof_s09_supermarket_3f67619afe508496','Shopping Complex','shopping complex supermarket grocery store retail shopping nigeria','place_nigeria_001','commerce',unixepoch(),unixepoch());
INSERT OR IGNORE INTO seed_ingestion_records (id,seed_run_id,entity_type,entity_id,source_id,status) VALUES ('ir_s09_supermarket_3f67619afe508496','seed_run_s09_osm_supermarkets_20260502','organization','org_s09_supermarket_3f67619afe508496','seed_source_osm_supermarkets_ng_20260502','ingested');
INSERT OR IGNORE INTO seed_entity_sources (id,seed_run_id,entity_type,entity_id,source_id,confidence_tier) VALUES ('es_s09_supermarket_3f67619afe508496','seed_run_s09_osm_supermarkets_20260502','organization','org_s09_supermarket_3f67619afe508496','seed_source_osm_supermarkets_ng_20260502','seeded');
INSERT OR IGNORE INTO seed_enrichment (id,seed_run_id,entity_type,entity_id,enrichment_type,enrichment_json) VALUES ('enr_s09_supermarket_3f67619afe508496','seed_run_s09_osm_supermarkets_20260502','organization','org_s09_supermarket_3f67619afe508496','licence_data','{"osm_id": "2344258139", "amenity": "mall", "addr_state": null, "operator": null, "brand": null}');

INSERT OR IGNORE INTO organizations (id,tenant_id,organization_type,legal_name,display_name,registration_number,status,verification_state,created_at,updated_at) VALUES ('org_s09_supermarket_8e2d1ae8ddf7eef7','tenant_platform_seed','retail_store','Supermarket','Supermarket',NULL,'active','seeded',unixepoch(),unixepoch());
INSERT OR IGNORE INTO profiles (id,subject_id,subject_type,primary_place_id,tenant_id,workspace_id,display_name,created_at,updated_at) VALUES ('prof_s09_supermarket_8e2d1ae8ddf7eef7','org_s09_supermarket_8e2d1ae8ddf7eef7','organization','place_nigeria_001','tenant_platform_seed','workspace_platform_seed_discovery','Supermarket',unixepoch(),unixepoch());
INSERT OR IGNORE INTO search_entries (id,profile_id,display_name,keywords,ancestry_path,vertical,created_at,updated_at) VALUES ('se_s09_supermarket_8e2d1ae8ddf7eef7','prof_s09_supermarket_8e2d1ae8ddf7eef7','Supermarket','supermarket supermarket grocery store retail shopping nigeria','place_nigeria_001','commerce',unixepoch(),unixepoch());
INSERT OR IGNORE INTO seed_ingestion_records (id,seed_run_id,entity_type,entity_id,source_id,status) VALUES ('ir_s09_supermarket_8e2d1ae8ddf7eef7','seed_run_s09_osm_supermarkets_20260502','organization','org_s09_supermarket_8e2d1ae8ddf7eef7','seed_source_osm_supermarkets_ng_20260502','ingested');
INSERT OR IGNORE INTO seed_entity_sources (id,seed_run_id,entity_type,entity_id,source_id,confidence_tier) VALUES ('es_s09_supermarket_8e2d1ae8ddf7eef7','seed_run_s09_osm_supermarkets_20260502','organization','org_s09_supermarket_8e2d1ae8ddf7eef7','seed_source_osm_supermarkets_ng_20260502','seeded');
INSERT OR IGNORE INTO seed_enrichment (id,seed_run_id,entity_type,entity_id,enrichment_type,enrichment_json) VALUES ('enr_s09_supermarket_8e2d1ae8ddf7eef7','seed_run_s09_osm_supermarkets_20260502','organization','org_s09_supermarket_8e2d1ae8ddf7eef7','licence_data','{"osm_id": "2344263203", "amenity": "supermarket", "addr_state": null, "operator": null, "brand": null}');

INSERT OR IGNORE INTO organizations (id,tenant_id,organization_type,legal_name,display_name,registration_number,status,verification_state,created_at,updated_at) VALUES ('org_s09_supermarket_5607c74054de0b56','tenant_platform_seed','retail_store','Faith plaza','Faith plaza',NULL,'active','seeded',unixepoch(),unixepoch());
INSERT OR IGNORE INTO profiles (id,subject_id,subject_type,primary_place_id,tenant_id,workspace_id,display_name,created_at,updated_at) VALUES ('prof_s09_supermarket_5607c74054de0b56','org_s09_supermarket_5607c74054de0b56','organization','place_nigeria_001','tenant_platform_seed','workspace_platform_seed_discovery','Faith plaza',unixepoch(),unixepoch());
INSERT OR IGNORE INTO search_entries (id,profile_id,display_name,keywords,ancestry_path,vertical,created_at,updated_at) VALUES ('se_s09_supermarket_5607c74054de0b56','prof_s09_supermarket_5607c74054de0b56','Faith plaza','faith plaza supermarket grocery store retail shopping nigeria','place_nigeria_001','commerce',unixepoch(),unixepoch());
INSERT OR IGNORE INTO seed_ingestion_records (id,seed_run_id,entity_type,entity_id,source_id,status) VALUES ('ir_s09_supermarket_5607c74054de0b56','seed_run_s09_osm_supermarkets_20260502','organization','org_s09_supermarket_5607c74054de0b56','seed_source_osm_supermarkets_ng_20260502','ingested');
INSERT OR IGNORE INTO seed_entity_sources (id,seed_run_id,entity_type,entity_id,source_id,confidence_tier) VALUES ('es_s09_supermarket_5607c74054de0b56','seed_run_s09_osm_supermarkets_20260502','organization','org_s09_supermarket_5607c74054de0b56','seed_source_osm_supermarkets_ng_20260502','seeded');
INSERT OR IGNORE INTO seed_enrichment (id,seed_run_id,entity_type,entity_id,enrichment_type,enrichment_json) VALUES ('enr_s09_supermarket_5607c74054de0b56','seed_run_s09_osm_supermarkets_20260502','organization','org_s09_supermarket_5607c74054de0b56','licence_data','{"osm_id": "2344305776", "amenity": "mall", "addr_state": null, "operator": null, "brand": null}');

INSERT OR IGNORE INTO organizations (id,tenant_id,organization_type,legal_name,display_name,registration_number,status,verification_state,created_at,updated_at) VALUES ('org_s09_supermarket_2fd126eff22c98ff','tenant_platform_seed','retail_store','shops','shops',NULL,'active','seeded',unixepoch(),unixepoch());
INSERT OR IGNORE INTO profiles (id,subject_id,subject_type,primary_place_id,tenant_id,workspace_id,display_name,created_at,updated_at) VALUES ('prof_s09_supermarket_2fd126eff22c98ff','org_s09_supermarket_2fd126eff22c98ff','organization','place_nigeria_001','tenant_platform_seed','workspace_platform_seed_discovery','shops',unixepoch(),unixepoch());
INSERT OR IGNORE INTO search_entries (id,profile_id,display_name,keywords,ancestry_path,vertical,created_at,updated_at) VALUES ('se_s09_supermarket_2fd126eff22c98ff','prof_s09_supermarket_2fd126eff22c98ff','shops','shops supermarket grocery store retail shopping nigeria','place_nigeria_001','commerce',unixepoch(),unixepoch());
INSERT OR IGNORE INTO seed_ingestion_records (id,seed_run_id,entity_type,entity_id,source_id,status) VALUES ('ir_s09_supermarket_2fd126eff22c98ff','seed_run_s09_osm_supermarkets_20260502','organization','org_s09_supermarket_2fd126eff22c98ff','seed_source_osm_supermarkets_ng_20260502','ingested');
INSERT OR IGNORE INTO seed_entity_sources (id,seed_run_id,entity_type,entity_id,source_id,confidence_tier) VALUES ('es_s09_supermarket_2fd126eff22c98ff','seed_run_s09_osm_supermarkets_20260502','organization','org_s09_supermarket_2fd126eff22c98ff','seed_source_osm_supermarkets_ng_20260502','seeded');
INSERT OR IGNORE INTO seed_enrichment (id,seed_run_id,entity_type,entity_id,enrichment_type,enrichment_json) VALUES ('enr_s09_supermarket_2fd126eff22c98ff','seed_run_s09_osm_supermarkets_20260502','organization','org_s09_supermarket_2fd126eff22c98ff','licence_data','{"osm_id": "2344305799", "amenity": "mall", "addr_state": null, "operator": null, "brand": null}');

INSERT OR IGNORE INTO organizations (id,tenant_id,organization_type,legal_name,display_name,registration_number,status,verification_state,created_at,updated_at) VALUES ('org_s09_supermarket_a7870d9522167f0b','tenant_platform_seed','retail_store','Shopping Mall','Shopping Mall',NULL,'active','seeded',unixepoch(),unixepoch());
INSERT OR IGNORE INTO profiles (id,subject_id,subject_type,primary_place_id,tenant_id,workspace_id,display_name,created_at,updated_at) VALUES ('prof_s09_supermarket_a7870d9522167f0b','org_s09_supermarket_a7870d9522167f0b','organization','place_nigeria_001','tenant_platform_seed','workspace_platform_seed_discovery','Shopping Mall',unixepoch(),unixepoch());
INSERT OR IGNORE INTO search_entries (id,profile_id,display_name,keywords,ancestry_path,vertical,created_at,updated_at) VALUES ('se_s09_supermarket_a7870d9522167f0b','prof_s09_supermarket_a7870d9522167f0b','Shopping Mall','shopping mall supermarket grocery store retail shopping nigeria','place_nigeria_001','commerce',unixepoch(),unixepoch());
INSERT OR IGNORE INTO seed_ingestion_records (id,seed_run_id,entity_type,entity_id,source_id,status) VALUES ('ir_s09_supermarket_a7870d9522167f0b','seed_run_s09_osm_supermarkets_20260502','organization','org_s09_supermarket_a7870d9522167f0b','seed_source_osm_supermarkets_ng_20260502','ingested');
INSERT OR IGNORE INTO seed_entity_sources (id,seed_run_id,entity_type,entity_id,source_id,confidence_tier) VALUES ('es_s09_supermarket_a7870d9522167f0b','seed_run_s09_osm_supermarkets_20260502','organization','org_s09_supermarket_a7870d9522167f0b','seed_source_osm_supermarkets_ng_20260502','seeded');
INSERT OR IGNORE INTO seed_enrichment (id,seed_run_id,entity_type,entity_id,enrichment_type,enrichment_json) VALUES ('enr_s09_supermarket_a7870d9522167f0b','seed_run_s09_osm_supermarkets_20260502','organization','org_s09_supermarket_a7870d9522167f0b','licence_data','{"osm_id": "2344316147", "amenity": "mall", "addr_state": null, "operator": null, "brand": null}');

INSERT OR IGNORE INTO organizations (id,tenant_id,organization_type,legal_name,display_name,registration_number,status,verification_state,created_at,updated_at) VALUES ('org_s09_supermarket_e0190f1ae9108954','tenant_platform_seed','retail_store','shop','shop',NULL,'active','seeded',unixepoch(),unixepoch());
INSERT OR IGNORE INTO profiles (id,subject_id,subject_type,primary_place_id,tenant_id,workspace_id,display_name,created_at,updated_at) VALUES ('prof_s09_supermarket_e0190f1ae9108954','org_s09_supermarket_e0190f1ae9108954','organization','place_nigeria_001','tenant_platform_seed','workspace_platform_seed_discovery','shop',unixepoch(),unixepoch());
INSERT OR IGNORE INTO search_entries (id,profile_id,display_name,keywords,ancestry_path,vertical,created_at,updated_at) VALUES ('se_s09_supermarket_e0190f1ae9108954','prof_s09_supermarket_e0190f1ae9108954','shop','shop supermarket grocery store retail shopping nigeria','place_nigeria_001','commerce',unixepoch(),unixepoch());
INSERT OR IGNORE INTO seed_ingestion_records (id,seed_run_id,entity_type,entity_id,source_id,status) VALUES ('ir_s09_supermarket_e0190f1ae9108954','seed_run_s09_osm_supermarkets_20260502','organization','org_s09_supermarket_e0190f1ae9108954','seed_source_osm_supermarkets_ng_20260502','ingested');
INSERT OR IGNORE INTO seed_entity_sources (id,seed_run_id,entity_type,entity_id,source_id,confidence_tier) VALUES ('es_s09_supermarket_e0190f1ae9108954','seed_run_s09_osm_supermarkets_20260502','organization','org_s09_supermarket_e0190f1ae9108954','seed_source_osm_supermarkets_ng_20260502','seeded');
INSERT OR IGNORE INTO seed_enrichment (id,seed_run_id,entity_type,entity_id,enrichment_type,enrichment_json) VALUES ('enr_s09_supermarket_e0190f1ae9108954','seed_run_s09_osm_supermarkets_20260502','organization','org_s09_supermarket_e0190f1ae9108954','licence_data','{"osm_id": "2344328610", "amenity": "mall", "addr_state": null, "operator": null, "brand": null}');

INSERT OR IGNORE INTO organizations (id,tenant_id,organization_type,legal_name,display_name,registration_number,status,verification_state,created_at,updated_at) VALUES ('org_s09_supermarket_84f424a6afc9b564','tenant_platform_seed','retail_store','Shopping Mall','Shopping Mall',NULL,'active','seeded',unixepoch(),unixepoch());
INSERT OR IGNORE INTO profiles (id,subject_id,subject_type,primary_place_id,tenant_id,workspace_id,display_name,created_at,updated_at) VALUES ('prof_s09_supermarket_84f424a6afc9b564','org_s09_supermarket_84f424a6afc9b564','organization','place_nigeria_001','tenant_platform_seed','workspace_platform_seed_discovery','Shopping Mall',unixepoch(),unixepoch());
INSERT OR IGNORE INTO search_entries (id,profile_id,display_name,keywords,ancestry_path,vertical,created_at,updated_at) VALUES ('se_s09_supermarket_84f424a6afc9b564','prof_s09_supermarket_84f424a6afc9b564','Shopping Mall','shopping mall supermarket grocery store retail shopping nigeria','place_nigeria_001','commerce',unixepoch(),unixepoch());
INSERT OR IGNORE INTO seed_ingestion_records (id,seed_run_id,entity_type,entity_id,source_id,status) VALUES ('ir_s09_supermarket_84f424a6afc9b564','seed_run_s09_osm_supermarkets_20260502','organization','org_s09_supermarket_84f424a6afc9b564','seed_source_osm_supermarkets_ng_20260502','ingested');
INSERT OR IGNORE INTO seed_entity_sources (id,seed_run_id,entity_type,entity_id,source_id,confidence_tier) VALUES ('es_s09_supermarket_84f424a6afc9b564','seed_run_s09_osm_supermarkets_20260502','organization','org_s09_supermarket_84f424a6afc9b564','seed_source_osm_supermarkets_ng_20260502','seeded');
INSERT OR IGNORE INTO seed_enrichment (id,seed_run_id,entity_type,entity_id,enrichment_type,enrichment_json) VALUES ('enr_s09_supermarket_84f424a6afc9b564','seed_run_s09_osm_supermarkets_20260502','organization','org_s09_supermarket_84f424a6afc9b564','licence_data','{"osm_id": "2344414250", "amenity": "mall", "addr_state": null, "operator": null, "brand": null}');

INSERT OR IGNORE INTO organizations (id,tenant_id,organization_type,legal_name,display_name,registration_number,status,verification_state,created_at,updated_at) VALUES ('org_s09_supermarket_e5710df447121822','tenant_platform_seed','retail_store','Shopping Mall','Shopping Mall',NULL,'active','seeded',unixepoch(),unixepoch());
INSERT OR IGNORE INTO profiles (id,subject_id,subject_type,primary_place_id,tenant_id,workspace_id,display_name,created_at,updated_at) VALUES ('prof_s09_supermarket_e5710df447121822','org_s09_supermarket_e5710df447121822','organization','place_nigeria_001','tenant_platform_seed','workspace_platform_seed_discovery','Shopping Mall',unixepoch(),unixepoch());
INSERT OR IGNORE INTO search_entries (id,profile_id,display_name,keywords,ancestry_path,vertical,created_at,updated_at) VALUES ('se_s09_supermarket_e5710df447121822','prof_s09_supermarket_e5710df447121822','Shopping Mall','shopping mall supermarket grocery store retail shopping nigeria','place_nigeria_001','commerce',unixepoch(),unixepoch());
INSERT OR IGNORE INTO seed_ingestion_records (id,seed_run_id,entity_type,entity_id,source_id,status) VALUES ('ir_s09_supermarket_e5710df447121822','seed_run_s09_osm_supermarkets_20260502','organization','org_s09_supermarket_e5710df447121822','seed_source_osm_supermarkets_ng_20260502','ingested');
INSERT OR IGNORE INTO seed_entity_sources (id,seed_run_id,entity_type,entity_id,source_id,confidence_tier) VALUES ('es_s09_supermarket_e5710df447121822','seed_run_s09_osm_supermarkets_20260502','organization','org_s09_supermarket_e5710df447121822','seed_source_osm_supermarkets_ng_20260502','seeded');
INSERT OR IGNORE INTO seed_enrichment (id,seed_run_id,entity_type,entity_id,enrichment_type,enrichment_json) VALUES ('enr_s09_supermarket_e5710df447121822','seed_run_s09_osm_supermarkets_20260502','organization','org_s09_supermarket_e5710df447121822','licence_data','{"osm_id": "2344414251", "amenity": "mall", "addr_state": null, "operator": null, "brand": null}');

INSERT OR IGNORE INTO organizations (id,tenant_id,organization_type,legal_name,display_name,registration_number,status,verification_state,created_at,updated_at) VALUES ('org_s09_supermarket_75db161253a822ac','tenant_platform_seed','retail_store','Shopping Mall','Shopping Mall',NULL,'active','seeded',unixepoch(),unixepoch());
INSERT OR IGNORE INTO profiles (id,subject_id,subject_type,primary_place_id,tenant_id,workspace_id,display_name,created_at,updated_at) VALUES ('prof_s09_supermarket_75db161253a822ac','org_s09_supermarket_75db161253a822ac','organization','place_nigeria_001','tenant_platform_seed','workspace_platform_seed_discovery','Shopping Mall',unixepoch(),unixepoch());
INSERT OR IGNORE INTO search_entries (id,profile_id,display_name,keywords,ancestry_path,vertical,created_at,updated_at) VALUES ('se_s09_supermarket_75db161253a822ac','prof_s09_supermarket_75db161253a822ac','Shopping Mall','shopping mall supermarket grocery store retail shopping nigeria','place_nigeria_001','commerce',unixepoch(),unixepoch());
INSERT OR IGNORE INTO seed_ingestion_records (id,seed_run_id,entity_type,entity_id,source_id,status) VALUES ('ir_s09_supermarket_75db161253a822ac','seed_run_s09_osm_supermarkets_20260502','organization','org_s09_supermarket_75db161253a822ac','seed_source_osm_supermarkets_ng_20260502','ingested');
INSERT OR IGNORE INTO seed_entity_sources (id,seed_run_id,entity_type,entity_id,source_id,confidence_tier) VALUES ('es_s09_supermarket_75db161253a822ac','seed_run_s09_osm_supermarkets_20260502','organization','org_s09_supermarket_75db161253a822ac','seed_source_osm_supermarkets_ng_20260502','seeded');
INSERT OR IGNORE INTO seed_enrichment (id,seed_run_id,entity_type,entity_id,enrichment_type,enrichment_json) VALUES ('enr_s09_supermarket_75db161253a822ac','seed_run_s09_osm_supermarkets_20260502','organization','org_s09_supermarket_75db161253a822ac','licence_data','{"osm_id": "2344414252", "amenity": "mall", "addr_state": null, "operator": null, "brand": null}');

INSERT OR IGNORE INTO organizations (id,tenant_id,organization_type,legal_name,display_name,registration_number,status,verification_state,created_at,updated_at) VALUES ('org_s09_supermarket_baec9b854a8dd5c5','tenant_platform_seed','retail_store','Shopping Complex & Offices','Shopping Complex & Offices',NULL,'active','seeded',unixepoch(),unixepoch());
INSERT OR IGNORE INTO profiles (id,subject_id,subject_type,primary_place_id,tenant_id,workspace_id,display_name,created_at,updated_at) VALUES ('prof_s09_supermarket_baec9b854a8dd5c5','org_s09_supermarket_baec9b854a8dd5c5','organization','place_nigeria_001','tenant_platform_seed','workspace_platform_seed_discovery','Shopping Complex & Offices',unixepoch(),unixepoch());
INSERT OR IGNORE INTO search_entries (id,profile_id,display_name,keywords,ancestry_path,vertical,created_at,updated_at) VALUES ('se_s09_supermarket_baec9b854a8dd5c5','prof_s09_supermarket_baec9b854a8dd5c5','Shopping Complex & Offices','shopping complex & offices supermarket grocery store retail shopping nigeria','place_nigeria_001','commerce',unixepoch(),unixepoch());
INSERT OR IGNORE INTO seed_ingestion_records (id,seed_run_id,entity_type,entity_id,source_id,status) VALUES ('ir_s09_supermarket_baec9b854a8dd5c5','seed_run_s09_osm_supermarkets_20260502','organization','org_s09_supermarket_baec9b854a8dd5c5','seed_source_osm_supermarkets_ng_20260502','ingested');
INSERT OR IGNORE INTO seed_entity_sources (id,seed_run_id,entity_type,entity_id,source_id,confidence_tier) VALUES ('es_s09_supermarket_baec9b854a8dd5c5','seed_run_s09_osm_supermarkets_20260502','organization','org_s09_supermarket_baec9b854a8dd5c5','seed_source_osm_supermarkets_ng_20260502','seeded');
INSERT OR IGNORE INTO seed_enrichment (id,seed_run_id,entity_type,entity_id,enrichment_type,enrichment_json) VALUES ('enr_s09_supermarket_baec9b854a8dd5c5','seed_run_s09_osm_supermarkets_20260502','organization','org_s09_supermarket_baec9b854a8dd5c5','licence_data','{"osm_id": "2344432004", "amenity": "mall", "addr_state": null, "operator": null, "brand": null}');

INSERT OR IGNORE INTO organizations (id,tenant_id,organization_type,legal_name,display_name,registration_number,status,verification_state,created_at,updated_at) VALUES ('org_s09_supermarket_20bf2dc73a79a4e7','tenant_platform_seed','retail_store','Shopping Mall','Shopping Mall',NULL,'active','seeded',unixepoch(),unixepoch());
INSERT OR IGNORE INTO profiles (id,subject_id,subject_type,primary_place_id,tenant_id,workspace_id,display_name,created_at,updated_at) VALUES ('prof_s09_supermarket_20bf2dc73a79a4e7','org_s09_supermarket_20bf2dc73a79a4e7','organization','place_nigeria_001','tenant_platform_seed','workspace_platform_seed_discovery','Shopping Mall',unixepoch(),unixepoch());
INSERT OR IGNORE INTO search_entries (id,profile_id,display_name,keywords,ancestry_path,vertical,created_at,updated_at) VALUES ('se_s09_supermarket_20bf2dc73a79a4e7','prof_s09_supermarket_20bf2dc73a79a4e7','Shopping Mall','shopping mall supermarket grocery store retail shopping nigeria','place_nigeria_001','commerce',unixepoch(),unixepoch());
INSERT OR IGNORE INTO seed_ingestion_records (id,seed_run_id,entity_type,entity_id,source_id,status) VALUES ('ir_s09_supermarket_20bf2dc73a79a4e7','seed_run_s09_osm_supermarkets_20260502','organization','org_s09_supermarket_20bf2dc73a79a4e7','seed_source_osm_supermarkets_ng_20260502','ingested');
INSERT OR IGNORE INTO seed_entity_sources (id,seed_run_id,entity_type,entity_id,source_id,confidence_tier) VALUES ('es_s09_supermarket_20bf2dc73a79a4e7','seed_run_s09_osm_supermarkets_20260502','organization','org_s09_supermarket_20bf2dc73a79a4e7','seed_source_osm_supermarkets_ng_20260502','seeded');
INSERT OR IGNORE INTO seed_enrichment (id,seed_run_id,entity_type,entity_id,enrichment_type,enrichment_json) VALUES ('enr_s09_supermarket_20bf2dc73a79a4e7','seed_run_s09_osm_supermarkets_20260502','organization','org_s09_supermarket_20bf2dc73a79a4e7','licence_data','{"osm_id": "2344432005", "amenity": "mall", "addr_state": null, "operator": "Erhunmun Shopping & Office", "brand": null}');

INSERT OR IGNORE INTO organizations (id,tenant_id,organization_type,legal_name,display_name,registration_number,status,verification_state,created_at,updated_at) VALUES ('org_s09_supermarket_c1559e73cd849639','tenant_platform_seed','retail_store','Patanne medical equipment shop','Patanne medical equipment shop',NULL,'active','seeded',unixepoch(),unixepoch());
INSERT OR IGNORE INTO profiles (id,subject_id,subject_type,primary_place_id,tenant_id,workspace_id,display_name,created_at,updated_at) VALUES ('prof_s09_supermarket_c1559e73cd849639','org_s09_supermarket_c1559e73cd849639','organization','place_nigeria_001','tenant_platform_seed','workspace_platform_seed_discovery','Patanne medical equipment shop',unixepoch(),unixepoch());
INSERT OR IGNORE INTO search_entries (id,profile_id,display_name,keywords,ancestry_path,vertical,created_at,updated_at) VALUES ('se_s09_supermarket_c1559e73cd849639','prof_s09_supermarket_c1559e73cd849639','Patanne medical equipment shop','patanne medical equipment shop supermarket grocery store retail shopping nigeria','place_nigeria_001','commerce',unixepoch(),unixepoch());
INSERT OR IGNORE INTO seed_ingestion_records (id,seed_run_id,entity_type,entity_id,source_id,status) VALUES ('ir_s09_supermarket_c1559e73cd849639','seed_run_s09_osm_supermarkets_20260502','organization','org_s09_supermarket_c1559e73cd849639','seed_source_osm_supermarkets_ng_20260502','ingested');
INSERT OR IGNORE INTO seed_entity_sources (id,seed_run_id,entity_type,entity_id,source_id,confidence_tier) VALUES ('es_s09_supermarket_c1559e73cd849639','seed_run_s09_osm_supermarkets_20260502','organization','org_s09_supermarket_c1559e73cd849639','seed_source_osm_supermarkets_ng_20260502','seeded');
INSERT OR IGNORE INTO seed_enrichment (id,seed_run_id,entity_type,entity_id,enrichment_type,enrichment_json) VALUES ('enr_s09_supermarket_c1559e73cd849639','seed_run_s09_osm_supermarkets_20260502','organization','org_s09_supermarket_c1559e73cd849639','licence_data','{"osm_id": "2344466065", "amenity": "mall", "addr_state": null, "operator": null, "brand": null}');

INSERT OR IGNORE INTO organizations (id,tenant_id,organization_type,legal_name,display_name,registration_number,status,verification_state,created_at,updated_at) VALUES ('org_s09_supermarket_e70935feffef1ff3','tenant_platform_seed','retail_store','Sunroni bussiness center','Sunroni bussiness center',NULL,'active','seeded',unixepoch(),unixepoch());
INSERT OR IGNORE INTO profiles (id,subject_id,subject_type,primary_place_id,tenant_id,workspace_id,display_name,created_at,updated_at) VALUES ('prof_s09_supermarket_e70935feffef1ff3','org_s09_supermarket_e70935feffef1ff3','organization','place_nigeria_001','tenant_platform_seed','workspace_platform_seed_discovery','Sunroni bussiness center',unixepoch(),unixepoch());
INSERT OR IGNORE INTO search_entries (id,profile_id,display_name,keywords,ancestry_path,vertical,created_at,updated_at) VALUES ('se_s09_supermarket_e70935feffef1ff3','prof_s09_supermarket_e70935feffef1ff3','Sunroni bussiness center','sunroni bussiness center supermarket grocery store retail shopping nigeria','place_nigeria_001','commerce',unixepoch(),unixepoch());
INSERT OR IGNORE INTO seed_ingestion_records (id,seed_run_id,entity_type,entity_id,source_id,status) VALUES ('ir_s09_supermarket_e70935feffef1ff3','seed_run_s09_osm_supermarkets_20260502','organization','org_s09_supermarket_e70935feffef1ff3','seed_source_osm_supermarkets_ng_20260502','ingested');
INSERT OR IGNORE INTO seed_entity_sources (id,seed_run_id,entity_type,entity_id,source_id,confidence_tier) VALUES ('es_s09_supermarket_e70935feffef1ff3','seed_run_s09_osm_supermarkets_20260502','organization','org_s09_supermarket_e70935feffef1ff3','seed_source_osm_supermarkets_ng_20260502','seeded');
INSERT OR IGNORE INTO seed_enrichment (id,seed_run_id,entity_type,entity_id,enrichment_type,enrichment_json) VALUES ('enr_s09_supermarket_e70935feffef1ff3','seed_run_s09_osm_supermarkets_20260502','organization','org_s09_supermarket_e70935feffef1ff3','licence_data','{"osm_id": "2344466078", "amenity": "mall", "addr_state": null, "operator": null, "brand": null}');

INSERT OR IGNORE INTO organizations (id,tenant_id,organization_type,legal_name,display_name,registration_number,status,verification_state,created_at,updated_at) VALUES ('org_s09_supermarket_bf85a91b566c052a','tenant_platform_seed','retail_store','Asemota Shopping Plaza','Asemota Shopping Plaza',NULL,'active','seeded',unixepoch(),unixepoch());
INSERT OR IGNORE INTO profiles (id,subject_id,subject_type,primary_place_id,tenant_id,workspace_id,display_name,created_at,updated_at) VALUES ('prof_s09_supermarket_bf85a91b566c052a','org_s09_supermarket_bf85a91b566c052a','organization','place_nigeria_001','tenant_platform_seed','workspace_platform_seed_discovery','Asemota Shopping Plaza',unixepoch(),unixepoch());
INSERT OR IGNORE INTO search_entries (id,profile_id,display_name,keywords,ancestry_path,vertical,created_at,updated_at) VALUES ('se_s09_supermarket_bf85a91b566c052a','prof_s09_supermarket_bf85a91b566c052a','Asemota Shopping Plaza','asemota shopping plaza supermarket grocery store retail shopping nigeria','place_nigeria_001','commerce',unixepoch(),unixepoch());
INSERT OR IGNORE INTO seed_ingestion_records (id,seed_run_id,entity_type,entity_id,source_id,status) VALUES ('ir_s09_supermarket_bf85a91b566c052a','seed_run_s09_osm_supermarkets_20260502','organization','org_s09_supermarket_bf85a91b566c052a','seed_source_osm_supermarkets_ng_20260502','ingested');
INSERT OR IGNORE INTO seed_entity_sources (id,seed_run_id,entity_type,entity_id,source_id,confidence_tier) VALUES ('es_s09_supermarket_bf85a91b566c052a','seed_run_s09_osm_supermarkets_20260502','organization','org_s09_supermarket_bf85a91b566c052a','seed_source_osm_supermarkets_ng_20260502','seeded');
INSERT OR IGNORE INTO seed_enrichment (id,seed_run_id,entity_type,entity_id,enrichment_type,enrichment_json) VALUES ('enr_s09_supermarket_bf85a91b566c052a','seed_run_s09_osm_supermarkets_20260502','organization','org_s09_supermarket_bf85a91b566c052a','licence_data','{"osm_id": "2344512202", "amenity": "mall", "addr_state": null, "operator": null, "brand": null}');

INSERT OR IGNORE INTO organizations (id,tenant_id,organization_type,legal_name,display_name,registration_number,status,verification_state,created_at,updated_at) VALUES ('org_s09_supermarket_5d66febd2723f634','tenant_platform_seed','retail_store','Shopping complex','Shopping complex',NULL,'active','seeded',unixepoch(),unixepoch());
INSERT OR IGNORE INTO profiles (id,subject_id,subject_type,primary_place_id,tenant_id,workspace_id,display_name,created_at,updated_at) VALUES ('prof_s09_supermarket_5d66febd2723f634','org_s09_supermarket_5d66febd2723f634','organization','place_nigeria_001','tenant_platform_seed','workspace_platform_seed_discovery','Shopping complex',unixepoch(),unixepoch());
INSERT OR IGNORE INTO search_entries (id,profile_id,display_name,keywords,ancestry_path,vertical,created_at,updated_at) VALUES ('se_s09_supermarket_5d66febd2723f634','prof_s09_supermarket_5d66febd2723f634','Shopping complex','shopping complex supermarket grocery store retail shopping nigeria','place_nigeria_001','commerce',unixepoch(),unixepoch());
INSERT OR IGNORE INTO seed_ingestion_records (id,seed_run_id,entity_type,entity_id,source_id,status) VALUES ('ir_s09_supermarket_5d66febd2723f634','seed_run_s09_osm_supermarkets_20260502','organization','org_s09_supermarket_5d66febd2723f634','seed_source_osm_supermarkets_ng_20260502','ingested');
INSERT OR IGNORE INTO seed_entity_sources (id,seed_run_id,entity_type,entity_id,source_id,confidence_tier) VALUES ('es_s09_supermarket_5d66febd2723f634','seed_run_s09_osm_supermarkets_20260502','organization','org_s09_supermarket_5d66febd2723f634','seed_source_osm_supermarkets_ng_20260502','seeded');
INSERT OR IGNORE INTO seed_enrichment (id,seed_run_id,entity_type,entity_id,enrichment_type,enrichment_json) VALUES ('enr_s09_supermarket_5d66febd2723f634','seed_run_s09_osm_supermarkets_20260502','organization','org_s09_supermarket_5d66febd2723f634','licence_data','{"osm_id": "2344512265", "amenity": "mall", "addr_state": null, "operator": null, "brand": null}');

INSERT OR IGNORE INTO organizations (id,tenant_id,organization_type,legal_name,display_name,registration_number,status,verification_state,created_at,updated_at) VALUES ('org_s09_supermarket_a7f82856e43ff994','tenant_platform_seed','retail_store','Shopping Mall','Shopping Mall',NULL,'active','seeded',unixepoch(),unixepoch());
INSERT OR IGNORE INTO profiles (id,subject_id,subject_type,primary_place_id,tenant_id,workspace_id,display_name,created_at,updated_at) VALUES ('prof_s09_supermarket_a7f82856e43ff994','org_s09_supermarket_a7f82856e43ff994','organization','place_nigeria_001','tenant_platform_seed','workspace_platform_seed_discovery','Shopping Mall',unixepoch(),unixepoch());
INSERT OR IGNORE INTO search_entries (id,profile_id,display_name,keywords,ancestry_path,vertical,created_at,updated_at) VALUES ('se_s09_supermarket_a7f82856e43ff994','prof_s09_supermarket_a7f82856e43ff994','Shopping Mall','shopping mall supermarket grocery store retail shopping nigeria','place_nigeria_001','commerce',unixepoch(),unixepoch());
INSERT OR IGNORE INTO seed_ingestion_records (id,seed_run_id,entity_type,entity_id,source_id,status) VALUES ('ir_s09_supermarket_a7f82856e43ff994','seed_run_s09_osm_supermarkets_20260502','organization','org_s09_supermarket_a7f82856e43ff994','seed_source_osm_supermarkets_ng_20260502','ingested');
INSERT OR IGNORE INTO seed_entity_sources (id,seed_run_id,entity_type,entity_id,source_id,confidence_tier) VALUES ('es_s09_supermarket_a7f82856e43ff994','seed_run_s09_osm_supermarkets_20260502','organization','org_s09_supermarket_a7f82856e43ff994','seed_source_osm_supermarkets_ng_20260502','seeded');
INSERT OR IGNORE INTO seed_enrichment (id,seed_run_id,entity_type,entity_id,enrichment_type,enrichment_json) VALUES ('enr_s09_supermarket_a7f82856e43ff994','seed_run_s09_osm_supermarkets_20260502','organization','org_s09_supermarket_a7f82856e43ff994','licence_data','{"osm_id": "2344590799", "amenity": "mall", "addr_state": null, "operator": null, "brand": null}');

INSERT OR IGNORE INTO organizations (id,tenant_id,organization_type,legal_name,display_name,registration_number,status,verification_state,created_at,updated_at) VALUES ('org_s09_supermarket_51afec51980885e5','tenant_platform_seed','retail_store','Merrigold Plaza','Merrigold Plaza',NULL,'active','seeded',unixepoch(),unixepoch());
INSERT OR IGNORE INTO profiles (id,subject_id,subject_type,primary_place_id,tenant_id,workspace_id,display_name,created_at,updated_at) VALUES ('prof_s09_supermarket_51afec51980885e5','org_s09_supermarket_51afec51980885e5','organization','place_nigeria_001','tenant_platform_seed','workspace_platform_seed_discovery','Merrigold Plaza',unixepoch(),unixepoch());
INSERT OR IGNORE INTO search_entries (id,profile_id,display_name,keywords,ancestry_path,vertical,created_at,updated_at) VALUES ('se_s09_supermarket_51afec51980885e5','prof_s09_supermarket_51afec51980885e5','Merrigold Plaza','merrigold plaza supermarket grocery store retail shopping nigeria','place_nigeria_001','commerce',unixepoch(),unixepoch());
INSERT OR IGNORE INTO seed_ingestion_records (id,seed_run_id,entity_type,entity_id,source_id,status) VALUES ('ir_s09_supermarket_51afec51980885e5','seed_run_s09_osm_supermarkets_20260502','organization','org_s09_supermarket_51afec51980885e5','seed_source_osm_supermarkets_ng_20260502','ingested');
INSERT OR IGNORE INTO seed_entity_sources (id,seed_run_id,entity_type,entity_id,source_id,confidence_tier) VALUES ('es_s09_supermarket_51afec51980885e5','seed_run_s09_osm_supermarkets_20260502','organization','org_s09_supermarket_51afec51980885e5','seed_source_osm_supermarkets_ng_20260502','seeded');
INSERT OR IGNORE INTO seed_enrichment (id,seed_run_id,entity_type,entity_id,enrichment_type,enrichment_json) VALUES ('enr_s09_supermarket_51afec51980885e5','seed_run_s09_osm_supermarkets_20260502','organization','org_s09_supermarket_51afec51980885e5','licence_data','{"osm_id": "2344596608", "amenity": "mall", "addr_state": null, "operator": null, "brand": null}');

INSERT OR IGNORE INTO organizations (id,tenant_id,organization_type,legal_name,display_name,registration_number,status,verification_state,created_at,updated_at) VALUES ('org_s09_supermarket_ea54142b1d452300','tenant_platform_seed','retail_store','Shopping Mall','Shopping Mall',NULL,'active','seeded',unixepoch(),unixepoch());
INSERT OR IGNORE INTO profiles (id,subject_id,subject_type,primary_place_id,tenant_id,workspace_id,display_name,created_at,updated_at) VALUES ('prof_s09_supermarket_ea54142b1d452300','org_s09_supermarket_ea54142b1d452300','organization','place_nigeria_001','tenant_platform_seed','workspace_platform_seed_discovery','Shopping Mall',unixepoch(),unixepoch());
INSERT OR IGNORE INTO search_entries (id,profile_id,display_name,keywords,ancestry_path,vertical,created_at,updated_at) VALUES ('se_s09_supermarket_ea54142b1d452300','prof_s09_supermarket_ea54142b1d452300','Shopping Mall','shopping mall supermarket grocery store retail shopping nigeria','place_nigeria_001','commerce',unixepoch(),unixepoch());
INSERT OR IGNORE INTO seed_ingestion_records (id,seed_run_id,entity_type,entity_id,source_id,status) VALUES ('ir_s09_supermarket_ea54142b1d452300','seed_run_s09_osm_supermarkets_20260502','organization','org_s09_supermarket_ea54142b1d452300','seed_source_osm_supermarkets_ng_20260502','ingested');
INSERT OR IGNORE INTO seed_entity_sources (id,seed_run_id,entity_type,entity_id,source_id,confidence_tier) VALUES ('es_s09_supermarket_ea54142b1d452300','seed_run_s09_osm_supermarkets_20260502','organization','org_s09_supermarket_ea54142b1d452300','seed_source_osm_supermarkets_ng_20260502','seeded');
INSERT OR IGNORE INTO seed_enrichment (id,seed_run_id,entity_type,entity_id,enrichment_type,enrichment_json) VALUES ('enr_s09_supermarket_ea54142b1d452300','seed_run_s09_osm_supermarkets_20260502','organization','org_s09_supermarket_ea54142b1d452300','licence_data','{"osm_id": "2344596616", "amenity": "mall", "addr_state": null, "operator": null, "brand": null}');

INSERT OR IGNORE INTO organizations (id,tenant_id,organization_type,legal_name,display_name,registration_number,status,verification_state,created_at,updated_at) VALUES ('org_s09_supermarket_2a80018ec6561670','tenant_platform_seed','retail_store','Jesunogie','Jesunogie',NULL,'active','seeded',unixepoch(),unixepoch());
INSERT OR IGNORE INTO profiles (id,subject_id,subject_type,primary_place_id,tenant_id,workspace_id,display_name,created_at,updated_at) VALUES ('prof_s09_supermarket_2a80018ec6561670','org_s09_supermarket_2a80018ec6561670','organization','place_nigeria_001','tenant_platform_seed','workspace_platform_seed_discovery','Jesunogie',unixepoch(),unixepoch());
INSERT OR IGNORE INTO search_entries (id,profile_id,display_name,keywords,ancestry_path,vertical,created_at,updated_at) VALUES ('se_s09_supermarket_2a80018ec6561670','prof_s09_supermarket_2a80018ec6561670','Jesunogie','jesunogie supermarket grocery store retail shopping nigeria','place_nigeria_001','commerce',unixepoch(),unixepoch());
INSERT OR IGNORE INTO seed_ingestion_records (id,seed_run_id,entity_type,entity_id,source_id,status) VALUES ('ir_s09_supermarket_2a80018ec6561670','seed_run_s09_osm_supermarkets_20260502','organization','org_s09_supermarket_2a80018ec6561670','seed_source_osm_supermarkets_ng_20260502','ingested');
INSERT OR IGNORE INTO seed_entity_sources (id,seed_run_id,entity_type,entity_id,source_id,confidence_tier) VALUES ('es_s09_supermarket_2a80018ec6561670','seed_run_s09_osm_supermarkets_20260502','organization','org_s09_supermarket_2a80018ec6561670','seed_source_osm_supermarkets_ng_20260502','seeded');
INSERT OR IGNORE INTO seed_enrichment (id,seed_run_id,entity_type,entity_id,enrichment_type,enrichment_json) VALUES ('enr_s09_supermarket_2a80018ec6561670','seed_run_s09_osm_supermarkets_20260502','organization','org_s09_supermarket_2a80018ec6561670','licence_data','{"osm_id": "2349297905", "amenity": "supermarket", "addr_state": null, "operator": null, "brand": null}');

INSERT OR IGNORE INTO organizations (id,tenant_id,organization_type,legal_name,display_name,registration_number,status,verification_state,created_at,updated_at) VALUES ('org_s09_supermarket_4e04f634fee26344','tenant_platform_seed','retail_store','Aye Shopping Mall','Aye Shopping Mall',NULL,'active','seeded',unixepoch(),unixepoch());
INSERT OR IGNORE INTO profiles (id,subject_id,subject_type,primary_place_id,tenant_id,workspace_id,display_name,created_at,updated_at) VALUES ('prof_s09_supermarket_4e04f634fee26344','org_s09_supermarket_4e04f634fee26344','organization','place_nigeria_001','tenant_platform_seed','workspace_platform_seed_discovery','Aye Shopping Mall',unixepoch(),unixepoch());
INSERT OR IGNORE INTO search_entries (id,profile_id,display_name,keywords,ancestry_path,vertical,created_at,updated_at) VALUES ('se_s09_supermarket_4e04f634fee26344','prof_s09_supermarket_4e04f634fee26344','Aye Shopping Mall','aye shopping mall supermarket grocery store retail shopping nigeria','place_nigeria_001','commerce',unixepoch(),unixepoch());
INSERT OR IGNORE INTO seed_ingestion_records (id,seed_run_id,entity_type,entity_id,source_id,status) VALUES ('ir_s09_supermarket_4e04f634fee26344','seed_run_s09_osm_supermarkets_20260502','organization','org_s09_supermarket_4e04f634fee26344','seed_source_osm_supermarkets_ng_20260502','ingested');
INSERT OR IGNORE INTO seed_entity_sources (id,seed_run_id,entity_type,entity_id,source_id,confidence_tier) VALUES ('es_s09_supermarket_4e04f634fee26344','seed_run_s09_osm_supermarkets_20260502','organization','org_s09_supermarket_4e04f634fee26344','seed_source_osm_supermarkets_ng_20260502','seeded');
INSERT OR IGNORE INTO seed_enrichment (id,seed_run_id,entity_type,entity_id,enrichment_type,enrichment_json) VALUES ('enr_s09_supermarket_4e04f634fee26344','seed_run_s09_osm_supermarkets_20260502','organization','org_s09_supermarket_4e04f634fee26344','licence_data','{"osm_id": "2349397483", "amenity": "mall", "addr_state": null, "operator": null, "brand": null}');

INSERT OR IGNORE INTO organizations (id,tenant_id,organization_type,legal_name,display_name,registration_number,status,verification_state,created_at,updated_at) VALUES ('org_s09_supermarket_14640b547a545d74','tenant_platform_seed','retail_store','Shopping plaza','Shopping plaza',NULL,'active','seeded',unixepoch(),unixepoch());
INSERT OR IGNORE INTO profiles (id,subject_id,subject_type,primary_place_id,tenant_id,workspace_id,display_name,created_at,updated_at) VALUES ('prof_s09_supermarket_14640b547a545d74','org_s09_supermarket_14640b547a545d74','organization','place_nigeria_001','tenant_platform_seed','workspace_platform_seed_discovery','Shopping plaza',unixepoch(),unixepoch());
INSERT OR IGNORE INTO search_entries (id,profile_id,display_name,keywords,ancestry_path,vertical,created_at,updated_at) VALUES ('se_s09_supermarket_14640b547a545d74','prof_s09_supermarket_14640b547a545d74','Shopping plaza','shopping plaza supermarket grocery store retail shopping nigeria','place_nigeria_001','commerce',unixepoch(),unixepoch());
INSERT OR IGNORE INTO seed_ingestion_records (id,seed_run_id,entity_type,entity_id,source_id,status) VALUES ('ir_s09_supermarket_14640b547a545d74','seed_run_s09_osm_supermarkets_20260502','organization','org_s09_supermarket_14640b547a545d74','seed_source_osm_supermarkets_ng_20260502','ingested');
INSERT OR IGNORE INTO seed_entity_sources (id,seed_run_id,entity_type,entity_id,source_id,confidence_tier) VALUES ('es_s09_supermarket_14640b547a545d74','seed_run_s09_osm_supermarkets_20260502','organization','org_s09_supermarket_14640b547a545d74','seed_source_osm_supermarkets_ng_20260502','seeded');
INSERT OR IGNORE INTO seed_enrichment (id,seed_run_id,entity_type,entity_id,enrichment_type,enrichment_json) VALUES ('enr_s09_supermarket_14640b547a545d74','seed_run_s09_osm_supermarkets_20260502','organization','org_s09_supermarket_14640b547a545d74','licence_data','{"osm_id": "2349397498", "amenity": "mall", "addr_state": null, "operator": null, "brand": null}');

INSERT OR IGNORE INTO organizations (id,tenant_id,organization_type,legal_name,display_name,registration_number,status,verification_state,created_at,updated_at) VALUES ('org_s09_supermarket_f3caf8999331d74a','tenant_platform_seed','retail_store','Bobizua Shopping Mall','Bobizua Shopping Mall',NULL,'active','seeded',unixepoch(),unixepoch());
INSERT OR IGNORE INTO profiles (id,subject_id,subject_type,primary_place_id,tenant_id,workspace_id,display_name,created_at,updated_at) VALUES ('prof_s09_supermarket_f3caf8999331d74a','org_s09_supermarket_f3caf8999331d74a','organization','place_nigeria_001','tenant_platform_seed','workspace_platform_seed_discovery','Bobizua Shopping Mall',unixepoch(),unixepoch());
INSERT OR IGNORE INTO search_entries (id,profile_id,display_name,keywords,ancestry_path,vertical,created_at,updated_at) VALUES ('se_s09_supermarket_f3caf8999331d74a','prof_s09_supermarket_f3caf8999331d74a','Bobizua Shopping Mall','bobizua shopping mall supermarket grocery store retail shopping nigeria','place_nigeria_001','commerce',unixepoch(),unixepoch());
INSERT OR IGNORE INTO seed_ingestion_records (id,seed_run_id,entity_type,entity_id,source_id,status) VALUES ('ir_s09_supermarket_f3caf8999331d74a','seed_run_s09_osm_supermarkets_20260502','organization','org_s09_supermarket_f3caf8999331d74a','seed_source_osm_supermarkets_ng_20260502','ingested');
INSERT OR IGNORE INTO seed_entity_sources (id,seed_run_id,entity_type,entity_id,source_id,confidence_tier) VALUES ('es_s09_supermarket_f3caf8999331d74a','seed_run_s09_osm_supermarkets_20260502','organization','org_s09_supermarket_f3caf8999331d74a','seed_source_osm_supermarkets_ng_20260502','seeded');
INSERT OR IGNORE INTO seed_enrichment (id,seed_run_id,entity_type,entity_id,enrichment_type,enrichment_json) VALUES ('enr_s09_supermarket_f3caf8999331d74a','seed_run_s09_osm_supermarkets_20260502','organization','org_s09_supermarket_f3caf8999331d74a','licence_data','{"osm_id": "2349483353", "amenity": "mall", "addr_state": null, "operator": null, "brand": null}');

INSERT OR IGNORE INTO organizations (id,tenant_id,organization_type,legal_name,display_name,registration_number,status,verification_state,created_at,updated_at) VALUES ('org_s09_supermarket_b2882aab4b3e5248','tenant_platform_seed','retail_store','Shopping Mall','Shopping Mall',NULL,'active','seeded',unixepoch(),unixepoch());
INSERT OR IGNORE INTO profiles (id,subject_id,subject_type,primary_place_id,tenant_id,workspace_id,display_name,created_at,updated_at) VALUES ('prof_s09_supermarket_b2882aab4b3e5248','org_s09_supermarket_b2882aab4b3e5248','organization','place_nigeria_001','tenant_platform_seed','workspace_platform_seed_discovery','Shopping Mall',unixepoch(),unixepoch());
INSERT OR IGNORE INTO search_entries (id,profile_id,display_name,keywords,ancestry_path,vertical,created_at,updated_at) VALUES ('se_s09_supermarket_b2882aab4b3e5248','prof_s09_supermarket_b2882aab4b3e5248','Shopping Mall','shopping mall supermarket grocery store retail shopping nigeria','place_nigeria_001','commerce',unixepoch(),unixepoch());
INSERT OR IGNORE INTO seed_ingestion_records (id,seed_run_id,entity_type,entity_id,source_id,status) VALUES ('ir_s09_supermarket_b2882aab4b3e5248','seed_run_s09_osm_supermarkets_20260502','organization','org_s09_supermarket_b2882aab4b3e5248','seed_source_osm_supermarkets_ng_20260502','ingested');
INSERT OR IGNORE INTO seed_entity_sources (id,seed_run_id,entity_type,entity_id,source_id,confidence_tier) VALUES ('es_s09_supermarket_b2882aab4b3e5248','seed_run_s09_osm_supermarkets_20260502','organization','org_s09_supermarket_b2882aab4b3e5248','seed_source_osm_supermarkets_ng_20260502','seeded');
INSERT OR IGNORE INTO seed_enrichment (id,seed_run_id,entity_type,entity_id,enrichment_type,enrichment_json) VALUES ('enr_s09_supermarket_b2882aab4b3e5248','seed_run_s09_osm_supermarkets_20260502','organization','org_s09_supermarket_b2882aab4b3e5248','licence_data','{"osm_id": "2349483359", "amenity": "mall", "addr_state": null, "operator": null, "brand": null}');

INSERT OR IGNORE INTO organizations (id,tenant_id,organization_type,legal_name,display_name,registration_number,status,verification_state,created_at,updated_at) VALUES ('org_s09_supermarket_9b97f961d315caa9','tenant_platform_seed','retail_store','Shopping Mall','Shopping Mall',NULL,'active','seeded',unixepoch(),unixepoch());
INSERT OR IGNORE INTO profiles (id,subject_id,subject_type,primary_place_id,tenant_id,workspace_id,display_name,created_at,updated_at) VALUES ('prof_s09_supermarket_9b97f961d315caa9','org_s09_supermarket_9b97f961d315caa9','organization','place_nigeria_001','tenant_platform_seed','workspace_platform_seed_discovery','Shopping Mall',unixepoch(),unixepoch());
INSERT OR IGNORE INTO search_entries (id,profile_id,display_name,keywords,ancestry_path,vertical,created_at,updated_at) VALUES ('se_s09_supermarket_9b97f961d315caa9','prof_s09_supermarket_9b97f961d315caa9','Shopping Mall','shopping mall supermarket grocery store retail shopping nigeria','place_nigeria_001','commerce',unixepoch(),unixepoch());
INSERT OR IGNORE INTO seed_ingestion_records (id,seed_run_id,entity_type,entity_id,source_id,status) VALUES ('ir_s09_supermarket_9b97f961d315caa9','seed_run_s09_osm_supermarkets_20260502','organization','org_s09_supermarket_9b97f961d315caa9','seed_source_osm_supermarkets_ng_20260502','ingested');
INSERT OR IGNORE INTO seed_entity_sources (id,seed_run_id,entity_type,entity_id,source_id,confidence_tier) VALUES ('es_s09_supermarket_9b97f961d315caa9','seed_run_s09_osm_supermarkets_20260502','organization','org_s09_supermarket_9b97f961d315caa9','seed_source_osm_supermarkets_ng_20260502','seeded');
INSERT OR IGNORE INTO seed_enrichment (id,seed_run_id,entity_type,entity_id,enrichment_type,enrichment_json) VALUES ('enr_s09_supermarket_9b97f961d315caa9','seed_run_s09_osm_supermarkets_20260502','organization','org_s09_supermarket_9b97f961d315caa9','licence_data','{"osm_id": "2349483360", "amenity": "mall", "addr_state": null, "operator": null, "brand": null}');

INSERT OR IGNORE INTO organizations (id,tenant_id,organization_type,legal_name,display_name,registration_number,status,verification_state,created_at,updated_at) VALUES ('org_s09_supermarket_ba7a53ad83797d21','tenant_platform_seed','retail_store','Ero Shopping Mall','Ero Shopping Mall',NULL,'active','seeded',unixepoch(),unixepoch());
INSERT OR IGNORE INTO profiles (id,subject_id,subject_type,primary_place_id,tenant_id,workspace_id,display_name,created_at,updated_at) VALUES ('prof_s09_supermarket_ba7a53ad83797d21','org_s09_supermarket_ba7a53ad83797d21','organization','place_nigeria_001','tenant_platform_seed','workspace_platform_seed_discovery','Ero Shopping Mall',unixepoch(),unixepoch());
INSERT OR IGNORE INTO search_entries (id,profile_id,display_name,keywords,ancestry_path,vertical,created_at,updated_at) VALUES ('se_s09_supermarket_ba7a53ad83797d21','prof_s09_supermarket_ba7a53ad83797d21','Ero Shopping Mall','ero shopping mall supermarket grocery store retail shopping nigeria','place_nigeria_001','commerce',unixepoch(),unixepoch());
INSERT OR IGNORE INTO seed_ingestion_records (id,seed_run_id,entity_type,entity_id,source_id,status) VALUES ('ir_s09_supermarket_ba7a53ad83797d21','seed_run_s09_osm_supermarkets_20260502','organization','org_s09_supermarket_ba7a53ad83797d21','seed_source_osm_supermarkets_ng_20260502','ingested');
INSERT OR IGNORE INTO seed_entity_sources (id,seed_run_id,entity_type,entity_id,source_id,confidence_tier) VALUES ('es_s09_supermarket_ba7a53ad83797d21','seed_run_s09_osm_supermarkets_20260502','organization','org_s09_supermarket_ba7a53ad83797d21','seed_source_osm_supermarkets_ng_20260502','seeded');
INSERT OR IGNORE INTO seed_enrichment (id,seed_run_id,entity_type,entity_id,enrichment_type,enrichment_json) VALUES ('enr_s09_supermarket_ba7a53ad83797d21','seed_run_s09_osm_supermarkets_20260502','organization','org_s09_supermarket_ba7a53ad83797d21','licence_data','{"osm_id": "2350899860", "amenity": "mall", "addr_state": null, "operator": null, "brand": null}');

INSERT OR IGNORE INTO organizations (id,tenant_id,organization_type,legal_name,display_name,registration_number,status,verification_state,created_at,updated_at) VALUES ('org_s09_supermarket_6eed228cc305ba46','tenant_platform_seed','retail_store','Favos Supermarket','Favos Supermarket',NULL,'active','seeded',unixepoch(),unixepoch());
INSERT OR IGNORE INTO profiles (id,subject_id,subject_type,primary_place_id,tenant_id,workspace_id,display_name,created_at,updated_at) VALUES ('prof_s09_supermarket_6eed228cc305ba46','org_s09_supermarket_6eed228cc305ba46','organization','place_nigeria_001','tenant_platform_seed','workspace_platform_seed_discovery','Favos Supermarket',unixepoch(),unixepoch());
INSERT OR IGNORE INTO search_entries (id,profile_id,display_name,keywords,ancestry_path,vertical,created_at,updated_at) VALUES ('se_s09_supermarket_6eed228cc305ba46','prof_s09_supermarket_6eed228cc305ba46','Favos Supermarket','favos supermarket supermarket grocery store retail shopping nigeria','place_nigeria_001','commerce',unixepoch(),unixepoch());
INSERT OR IGNORE INTO seed_ingestion_records (id,seed_run_id,entity_type,entity_id,source_id,status) VALUES ('ir_s09_supermarket_6eed228cc305ba46','seed_run_s09_osm_supermarkets_20260502','organization','org_s09_supermarket_6eed228cc305ba46','seed_source_osm_supermarkets_ng_20260502','ingested');
INSERT OR IGNORE INTO seed_entity_sources (id,seed_run_id,entity_type,entity_id,source_id,confidence_tier) VALUES ('es_s09_supermarket_6eed228cc305ba46','seed_run_s09_osm_supermarkets_20260502','organization','org_s09_supermarket_6eed228cc305ba46','seed_source_osm_supermarkets_ng_20260502','seeded');
INSERT OR IGNORE INTO seed_enrichment (id,seed_run_id,entity_type,entity_id,enrichment_type,enrichment_json) VALUES ('enr_s09_supermarket_6eed228cc305ba46','seed_run_s09_osm_supermarkets_20260502','organization','org_s09_supermarket_6eed228cc305ba46','licence_data','{"osm_id": "2453679844", "amenity": "supermarket", "addr_state": null, "operator": null, "brand": null}');

INSERT OR IGNORE INTO organizations (id,tenant_id,organization_type,legal_name,display_name,registration_number,status,verification_state,created_at,updated_at) VALUES ('org_s09_supermarket_ccf177256949fb72','tenant_platform_seed','retail_store','Spar','Spar',NULL,'active','seeded',unixepoch(),unixepoch());
INSERT OR IGNORE INTO profiles (id,subject_id,subject_type,primary_place_id,tenant_id,workspace_id,display_name,created_at,updated_at) VALUES ('prof_s09_supermarket_ccf177256949fb72','org_s09_supermarket_ccf177256949fb72','organization','place_nigeria_001','tenant_platform_seed','workspace_platform_seed_discovery','Spar',unixepoch(),unixepoch());
INSERT OR IGNORE INTO search_entries (id,profile_id,display_name,keywords,ancestry_path,vertical,created_at,updated_at) VALUES ('se_s09_supermarket_ccf177256949fb72','prof_s09_supermarket_ccf177256949fb72','Spar','spar supermarket grocery store retail shopping nigeria','place_nigeria_001','commerce',unixepoch(),unixepoch());
INSERT OR IGNORE INTO seed_ingestion_records (id,seed_run_id,entity_type,entity_id,source_id,status) VALUES ('ir_s09_supermarket_ccf177256949fb72','seed_run_s09_osm_supermarkets_20260502','organization','org_s09_supermarket_ccf177256949fb72','seed_source_osm_supermarkets_ng_20260502','ingested');
INSERT OR IGNORE INTO seed_entity_sources (id,seed_run_id,entity_type,entity_id,source_id,confidence_tier) VALUES ('es_s09_supermarket_ccf177256949fb72','seed_run_s09_osm_supermarkets_20260502','organization','org_s09_supermarket_ccf177256949fb72','seed_source_osm_supermarkets_ng_20260502','seeded');
INSERT OR IGNORE INTO seed_enrichment (id,seed_run_id,entity_type,entity_id,enrichment_type,enrichment_json) VALUES ('enr_s09_supermarket_ccf177256949fb72','seed_run_s09_osm_supermarkets_20260502','organization','org_s09_supermarket_ccf177256949fb72','licence_data','{"osm_id": "2492315499", "amenity": "supermarket", "addr_state": null, "operator": null, "brand": "Spar"}');

INSERT OR IGNORE INTO organizations (id,tenant_id,organization_type,legal_name,display_name,registration_number,status,verification_state,created_at,updated_at) VALUES ('org_s09_supermarket_82df740ed7c5ba07','tenant_platform_seed','retail_store','juli pharmacy','juli pharmacy',NULL,'active','seeded',unixepoch(),unixepoch());
INSERT OR IGNORE INTO profiles (id,subject_id,subject_type,primary_place_id,tenant_id,workspace_id,display_name,created_at,updated_at) VALUES ('prof_s09_supermarket_82df740ed7c5ba07','org_s09_supermarket_82df740ed7c5ba07','organization','place_nigeria_001','tenant_platform_seed','workspace_platform_seed_discovery','juli pharmacy',unixepoch(),unixepoch());
INSERT OR IGNORE INTO search_entries (id,profile_id,display_name,keywords,ancestry_path,vertical,created_at,updated_at) VALUES ('se_s09_supermarket_82df740ed7c5ba07','prof_s09_supermarket_82df740ed7c5ba07','juli pharmacy','juli pharmacy supermarket grocery store retail shopping nigeria','place_nigeria_001','commerce',unixepoch(),unixepoch());
INSERT OR IGNORE INTO seed_ingestion_records (id,seed_run_id,entity_type,entity_id,source_id,status) VALUES ('ir_s09_supermarket_82df740ed7c5ba07','seed_run_s09_osm_supermarkets_20260502','organization','org_s09_supermarket_82df740ed7c5ba07','seed_source_osm_supermarkets_ng_20260502','ingested');
INSERT OR IGNORE INTO seed_entity_sources (id,seed_run_id,entity_type,entity_id,source_id,confidence_tier) VALUES ('es_s09_supermarket_82df740ed7c5ba07','seed_run_s09_osm_supermarkets_20260502','organization','org_s09_supermarket_82df740ed7c5ba07','seed_source_osm_supermarkets_ng_20260502','seeded');
INSERT OR IGNORE INTO seed_enrichment (id,seed_run_id,entity_type,entity_id,enrichment_type,enrichment_json) VALUES ('enr_s09_supermarket_82df740ed7c5ba07','seed_run_s09_osm_supermarkets_20260502','organization','org_s09_supermarket_82df740ed7c5ba07','licence_data','{"osm_id": "2499343134", "amenity": "supermarket", "addr_state": null, "operator": null, "brand": null}');

INSERT OR IGNORE INTO organizations (id,tenant_id,organization_type,legal_name,display_name,registration_number,status,verification_state,created_at,updated_at) VALUES ('org_s09_supermarket_e9f589a1e7b5c526','tenant_platform_seed','retail_store','Foodco SuperMarket','Foodco SuperMarket',NULL,'active','seeded',unixepoch(),unixepoch());
INSERT OR IGNORE INTO profiles (id,subject_id,subject_type,primary_place_id,tenant_id,workspace_id,display_name,created_at,updated_at) VALUES ('prof_s09_supermarket_e9f589a1e7b5c526','org_s09_supermarket_e9f589a1e7b5c526','organization','place_nigeria_001','tenant_platform_seed','workspace_platform_seed_discovery','Foodco SuperMarket',unixepoch(),unixepoch());
INSERT OR IGNORE INTO search_entries (id,profile_id,display_name,keywords,ancestry_path,vertical,created_at,updated_at) VALUES ('se_s09_supermarket_e9f589a1e7b5c526','prof_s09_supermarket_e9f589a1e7b5c526','Foodco SuperMarket','foodco supermarket supermarket grocery store retail shopping nigeria','place_nigeria_001','commerce',unixepoch(),unixepoch());
INSERT OR IGNORE INTO seed_ingestion_records (id,seed_run_id,entity_type,entity_id,source_id,status) VALUES ('ir_s09_supermarket_e9f589a1e7b5c526','seed_run_s09_osm_supermarkets_20260502','organization','org_s09_supermarket_e9f589a1e7b5c526','seed_source_osm_supermarkets_ng_20260502','ingested');
INSERT OR IGNORE INTO seed_entity_sources (id,seed_run_id,entity_type,entity_id,source_id,confidence_tier) VALUES ('es_s09_supermarket_e9f589a1e7b5c526','seed_run_s09_osm_supermarkets_20260502','organization','org_s09_supermarket_e9f589a1e7b5c526','seed_source_osm_supermarkets_ng_20260502','seeded');
INSERT OR IGNORE INTO seed_enrichment (id,seed_run_id,entity_type,entity_id,enrichment_type,enrichment_json) VALUES ('enr_s09_supermarket_e9f589a1e7b5c526','seed_run_s09_osm_supermarkets_20260502','organization','org_s09_supermarket_e9f589a1e7b5c526','licence_data','{"osm_id": "2594871631", "amenity": "supermarket", "addr_state": null, "operator": null, "brand": null}');

INSERT OR IGNORE INTO organizations (id,tenant_id,organization_type,legal_name,display_name,registration_number,status,verification_state,created_at,updated_at) VALUES ('org_s09_supermarket_3c5840cfd644cff0','tenant_platform_seed','retail_store','Big Treat','Big Treat',NULL,'active','seeded',unixepoch(),unixepoch());
INSERT OR IGNORE INTO profiles (id,subject_id,subject_type,primary_place_id,tenant_id,workspace_id,display_name,created_at,updated_at) VALUES ('prof_s09_supermarket_3c5840cfd644cff0','org_s09_supermarket_3c5840cfd644cff0','organization','place_nigeria_001','tenant_platform_seed','workspace_platform_seed_discovery','Big Treat',unixepoch(),unixepoch());
INSERT OR IGNORE INTO search_entries (id,profile_id,display_name,keywords,ancestry_path,vertical,created_at,updated_at) VALUES ('se_s09_supermarket_3c5840cfd644cff0','prof_s09_supermarket_3c5840cfd644cff0','Big Treat','big treat supermarket grocery store retail shopping nigeria','place_nigeria_001','commerce',unixepoch(),unixepoch());
INSERT OR IGNORE INTO seed_ingestion_records (id,seed_run_id,entity_type,entity_id,source_id,status) VALUES ('ir_s09_supermarket_3c5840cfd644cff0','seed_run_s09_osm_supermarkets_20260502','organization','org_s09_supermarket_3c5840cfd644cff0','seed_source_osm_supermarkets_ng_20260502','ingested');
INSERT OR IGNORE INTO seed_entity_sources (id,seed_run_id,entity_type,entity_id,source_id,confidence_tier) VALUES ('es_s09_supermarket_3c5840cfd644cff0','seed_run_s09_osm_supermarkets_20260502','organization','org_s09_supermarket_3c5840cfd644cff0','seed_source_osm_supermarkets_ng_20260502','seeded');
INSERT OR IGNORE INTO seed_enrichment (id,seed_run_id,entity_type,entity_id,enrichment_type,enrichment_json) VALUES ('enr_s09_supermarket_3c5840cfd644cff0','seed_run_s09_osm_supermarkets_20260502','organization','org_s09_supermarket_3c5840cfd644cff0','licence_data','{"osm_id": "2594871636", "amenity": "supermarket", "addr_state": null, "operator": null, "brand": null}');

INSERT OR IGNORE INTO organizations (id,tenant_id,organization_type,legal_name,display_name,registration_number,status,verification_state,created_at,updated_at) VALUES ('org_s09_supermarket_ed61eea4d3f5bb8e','tenant_platform_seed','retail_store','Agbowo Shopping Complex','Agbowo Shopping Complex',NULL,'active','seeded',unixepoch(),unixepoch());
INSERT OR IGNORE INTO profiles (id,subject_id,subject_type,primary_place_id,tenant_id,workspace_id,display_name,created_at,updated_at) VALUES ('prof_s09_supermarket_ed61eea4d3f5bb8e','org_s09_supermarket_ed61eea4d3f5bb8e','organization','place_nigeria_001','tenant_platform_seed','workspace_platform_seed_discovery','Agbowo Shopping Complex',unixepoch(),unixepoch());
INSERT OR IGNORE INTO search_entries (id,profile_id,display_name,keywords,ancestry_path,vertical,created_at,updated_at) VALUES ('se_s09_supermarket_ed61eea4d3f5bb8e','prof_s09_supermarket_ed61eea4d3f5bb8e','Agbowo Shopping Complex','agbowo shopping complex supermarket grocery store retail shopping nigeria','place_nigeria_001','commerce',unixepoch(),unixepoch());
INSERT OR IGNORE INTO seed_ingestion_records (id,seed_run_id,entity_type,entity_id,source_id,status) VALUES ('ir_s09_supermarket_ed61eea4d3f5bb8e','seed_run_s09_osm_supermarkets_20260502','organization','org_s09_supermarket_ed61eea4d3f5bb8e','seed_source_osm_supermarkets_ng_20260502','ingested');
INSERT OR IGNORE INTO seed_entity_sources (id,seed_run_id,entity_type,entity_id,source_id,confidence_tier) VALUES ('es_s09_supermarket_ed61eea4d3f5bb8e','seed_run_s09_osm_supermarkets_20260502','organization','org_s09_supermarket_ed61eea4d3f5bb8e','seed_source_osm_supermarkets_ng_20260502','seeded');
INSERT OR IGNORE INTO seed_enrichment (id,seed_run_id,entity_type,entity_id,enrichment_type,enrichment_json) VALUES ('enr_s09_supermarket_ed61eea4d3f5bb8e','seed_run_s09_osm_supermarkets_20260502','organization','org_s09_supermarket_ed61eea4d3f5bb8e','licence_data','{"osm_id": "2594871653", "amenity": "supermarket", "addr_state": null, "operator": null, "brand": null}');

INSERT OR IGNORE INTO organizations (id,tenant_id,organization_type,legal_name,display_name,registration_number,status,verification_state,created_at,updated_at) VALUES ('org_s09_supermarket_7f606a228d4a7389','tenant_platform_seed','retail_store','Preboye''s World','Preboye''s World',NULL,'active','seeded',unixepoch(),unixepoch());
INSERT OR IGNORE INTO profiles (id,subject_id,subject_type,primary_place_id,tenant_id,workspace_id,display_name,created_at,updated_at) VALUES ('prof_s09_supermarket_7f606a228d4a7389','org_s09_supermarket_7f606a228d4a7389','organization','place_nigeria_001','tenant_platform_seed','workspace_platform_seed_discovery','Preboye''s World',unixepoch(),unixepoch());
INSERT OR IGNORE INTO search_entries (id,profile_id,display_name,keywords,ancestry_path,vertical,created_at,updated_at) VALUES ('se_s09_supermarket_7f606a228d4a7389','prof_s09_supermarket_7f606a228d4a7389','Preboye''s World','preboye''s world supermarket grocery store retail shopping nigeria','place_nigeria_001','commerce',unixepoch(),unixepoch());
INSERT OR IGNORE INTO seed_ingestion_records (id,seed_run_id,entity_type,entity_id,source_id,status) VALUES ('ir_s09_supermarket_7f606a228d4a7389','seed_run_s09_osm_supermarkets_20260502','organization','org_s09_supermarket_7f606a228d4a7389','seed_source_osm_supermarkets_ng_20260502','ingested');
INSERT OR IGNORE INTO seed_entity_sources (id,seed_run_id,entity_type,entity_id,source_id,confidence_tier) VALUES ('es_s09_supermarket_7f606a228d4a7389','seed_run_s09_osm_supermarkets_20260502','organization','org_s09_supermarket_7f606a228d4a7389','seed_source_osm_supermarkets_ng_20260502','seeded');
INSERT OR IGNORE INTO seed_enrichment (id,seed_run_id,entity_type,entity_id,enrichment_type,enrichment_json) VALUES ('enr_s09_supermarket_7f606a228d4a7389','seed_run_s09_osm_supermarkets_20260502','organization','org_s09_supermarket_7f606a228d4a7389','licence_data','{"osm_id": "2594871681", "amenity": "supermarket", "addr_state": null, "operator": null, "brand": null}');

INSERT OR IGNORE INTO organizations (id,tenant_id,organization_type,legal_name,display_name,registration_number,status,verification_state,created_at,updated_at) VALUES ('org_s09_supermarket_d3316a681b08ae51','tenant_platform_seed','retail_store','Shoprite','Shoprite',NULL,'active','seeded',unixepoch(),unixepoch());
INSERT OR IGNORE INTO profiles (id,subject_id,subject_type,primary_place_id,tenant_id,workspace_id,display_name,created_at,updated_at) VALUES ('prof_s09_supermarket_d3316a681b08ae51','org_s09_supermarket_d3316a681b08ae51','organization','place_nigeria_001','tenant_platform_seed','workspace_platform_seed_discovery','Shoprite',unixepoch(),unixepoch());
INSERT OR IGNORE INTO search_entries (id,profile_id,display_name,keywords,ancestry_path,vertical,created_at,updated_at) VALUES ('se_s09_supermarket_d3316a681b08ae51','prof_s09_supermarket_d3316a681b08ae51','Shoprite','shoprite supermarket grocery store retail shopping nigeria','place_nigeria_001','commerce',unixepoch(),unixepoch());
INSERT OR IGNORE INTO seed_ingestion_records (id,seed_run_id,entity_type,entity_id,source_id,status) VALUES ('ir_s09_supermarket_d3316a681b08ae51','seed_run_s09_osm_supermarkets_20260502','organization','org_s09_supermarket_d3316a681b08ae51','seed_source_osm_supermarkets_ng_20260502','ingested');
INSERT OR IGNORE INTO seed_entity_sources (id,seed_run_id,entity_type,entity_id,source_id,confidence_tier) VALUES ('es_s09_supermarket_d3316a681b08ae51','seed_run_s09_osm_supermarkets_20260502','organization','org_s09_supermarket_d3316a681b08ae51','seed_source_osm_supermarkets_ng_20260502','seeded');
INSERT OR IGNORE INTO seed_enrichment (id,seed_run_id,entity_type,entity_id,enrichment_type,enrichment_json) VALUES ('enr_s09_supermarket_d3316a681b08ae51','seed_run_s09_osm_supermarkets_20260502','organization','org_s09_supermarket_d3316a681b08ae51','licence_data','{"osm_id": "2987189855", "amenity": "supermarket", "addr_state": null, "operator": null, "brand": "Shoprite"}');

INSERT OR IGNORE INTO organizations (id,tenant_id,organization_type,legal_name,display_name,registration_number,status,verification_state,created_at,updated_at) VALUES ('org_s09_supermarket_2e94173242fcbf03','tenant_platform_seed','retail_store','New Orisunbare Market','New Orisunbare Market',NULL,'active','seeded',unixepoch(),unixepoch());
INSERT OR IGNORE INTO profiles (id,subject_id,subject_type,primary_place_id,tenant_id,workspace_id,display_name,created_at,updated_at) VALUES ('prof_s09_supermarket_2e94173242fcbf03','org_s09_supermarket_2e94173242fcbf03','organization','place_nigeria_001','tenant_platform_seed','workspace_platform_seed_discovery','New Orisunbare Market',unixepoch(),unixepoch());
INSERT OR IGNORE INTO search_entries (id,profile_id,display_name,keywords,ancestry_path,vertical,created_at,updated_at) VALUES ('se_s09_supermarket_2e94173242fcbf03','prof_s09_supermarket_2e94173242fcbf03','New Orisunbare Market','new orisunbare market supermarket grocery store retail shopping nigeria','place_nigeria_001','commerce',unixepoch(),unixepoch());
INSERT OR IGNORE INTO seed_ingestion_records (id,seed_run_id,entity_type,entity_id,source_id,status) VALUES ('ir_s09_supermarket_2e94173242fcbf03','seed_run_s09_osm_supermarkets_20260502','organization','org_s09_supermarket_2e94173242fcbf03','seed_source_osm_supermarkets_ng_20260502','ingested');
INSERT OR IGNORE INTO seed_entity_sources (id,seed_run_id,entity_type,entity_id,source_id,confidence_tier) VALUES ('es_s09_supermarket_2e94173242fcbf03','seed_run_s09_osm_supermarkets_20260502','organization','org_s09_supermarket_2e94173242fcbf03','seed_source_osm_supermarkets_ng_20260502','seeded');
INSERT OR IGNORE INTO seed_enrichment (id,seed_run_id,entity_type,entity_id,enrichment_type,enrichment_json) VALUES ('enr_s09_supermarket_2e94173242fcbf03','seed_run_s09_osm_supermarkets_20260502','organization','org_s09_supermarket_2e94173242fcbf03','licence_data','{"osm_id": "3391605680", "amenity": "mall", "addr_state": null, "operator": null, "brand": null}');

INSERT OR IGNORE INTO organizations (id,tenant_id,organization_type,legal_name,display_name,registration_number,status,verification_state,created_at,updated_at) VALUES ('org_s09_supermarket_207e60407798ebc6','tenant_platform_seed','retail_store','Ace Supermarket','Ace Supermarket',NULL,'active','seeded',unixepoch(),unixepoch());
INSERT OR IGNORE INTO profiles (id,subject_id,subject_type,primary_place_id,tenant_id,workspace_id,display_name,created_at,updated_at) VALUES ('prof_s09_supermarket_207e60407798ebc6','org_s09_supermarket_207e60407798ebc6','organization','place_nigeria_001','tenant_platform_seed','workspace_platform_seed_discovery','Ace Supermarket',unixepoch(),unixepoch());
INSERT OR IGNORE INTO search_entries (id,profile_id,display_name,keywords,ancestry_path,vertical,created_at,updated_at) VALUES ('se_s09_supermarket_207e60407798ebc6','prof_s09_supermarket_207e60407798ebc6','Ace Supermarket','ace supermarket supermarket grocery store retail shopping nigeria','place_nigeria_001','commerce',unixepoch(),unixepoch());
INSERT OR IGNORE INTO seed_ingestion_records (id,seed_run_id,entity_type,entity_id,source_id,status) VALUES ('ir_s09_supermarket_207e60407798ebc6','seed_run_s09_osm_supermarkets_20260502','organization','org_s09_supermarket_207e60407798ebc6','seed_source_osm_supermarkets_ng_20260502','ingested');
INSERT OR IGNORE INTO seed_entity_sources (id,seed_run_id,entity_type,entity_id,source_id,confidence_tier) VALUES ('es_s09_supermarket_207e60407798ebc6','seed_run_s09_osm_supermarkets_20260502','organization','org_s09_supermarket_207e60407798ebc6','seed_source_osm_supermarkets_ng_20260502','seeded');
INSERT OR IGNORE INTO seed_enrichment (id,seed_run_id,entity_type,entity_id,enrichment_type,enrichment_json) VALUES ('enr_s09_supermarket_207e60407798ebc6','seed_run_s09_osm_supermarkets_20260502','organization','org_s09_supermarket_207e60407798ebc6','licence_data','{"osm_id": "3711163925", "amenity": "supermarket", "addr_state": null, "operator": null, "brand": null}');

INSERT OR IGNORE INTO organizations (id,tenant_id,organization_type,legal_name,display_name,registration_number,status,verification_state,created_at,updated_at) VALUES ('org_s09_supermarket_5cbf5668040ffd8d','tenant_platform_seed','retail_store','Graceys','Graceys',NULL,'active','seeded',unixepoch(),unixepoch());
INSERT OR IGNORE INTO profiles (id,subject_id,subject_type,primary_place_id,tenant_id,workspace_id,display_name,created_at,updated_at) VALUES ('prof_s09_supermarket_5cbf5668040ffd8d','org_s09_supermarket_5cbf5668040ffd8d','organization','place_nigeria_001','tenant_platform_seed','workspace_platform_seed_discovery','Graceys',unixepoch(),unixepoch());
INSERT OR IGNORE INTO search_entries (id,profile_id,display_name,keywords,ancestry_path,vertical,created_at,updated_at) VALUES ('se_s09_supermarket_5cbf5668040ffd8d','prof_s09_supermarket_5cbf5668040ffd8d','Graceys','graceys supermarket grocery store retail shopping nigeria','place_nigeria_001','commerce',unixepoch(),unixepoch());
INSERT OR IGNORE INTO seed_ingestion_records (id,seed_run_id,entity_type,entity_id,source_id,status) VALUES ('ir_s09_supermarket_5cbf5668040ffd8d','seed_run_s09_osm_supermarkets_20260502','organization','org_s09_supermarket_5cbf5668040ffd8d','seed_source_osm_supermarkets_ng_20260502','ingested');
INSERT OR IGNORE INTO seed_entity_sources (id,seed_run_id,entity_type,entity_id,source_id,confidence_tier) VALUES ('es_s09_supermarket_5cbf5668040ffd8d','seed_run_s09_osm_supermarkets_20260502','organization','org_s09_supermarket_5cbf5668040ffd8d','seed_source_osm_supermarkets_ng_20260502','seeded');
INSERT OR IGNORE INTO seed_enrichment (id,seed_run_id,entity_type,entity_id,enrichment_type,enrichment_json) VALUES ('enr_s09_supermarket_5cbf5668040ffd8d','seed_run_s09_osm_supermarkets_20260502','organization','org_s09_supermarket_5cbf5668040ffd8d','licence_data','{"osm_id": "3712817763", "amenity": "supermarket", "addr_state": null, "operator": null, "brand": null}');

INSERT OR IGNORE INTO organizations (id,tenant_id,organization_type,legal_name,display_name,registration_number,status,verification_state,created_at,updated_at) VALUES ('org_s09_supermarket_5ef437aa284a2460','tenant_platform_seed','retail_store','Renicot','Renicot',NULL,'active','seeded',unixepoch(),unixepoch());
INSERT OR IGNORE INTO profiles (id,subject_id,subject_type,primary_place_id,tenant_id,workspace_id,display_name,created_at,updated_at) VALUES ('prof_s09_supermarket_5ef437aa284a2460','org_s09_supermarket_5ef437aa284a2460','organization','place_nigeria_001','tenant_platform_seed','workspace_platform_seed_discovery','Renicot',unixepoch(),unixepoch());
INSERT OR IGNORE INTO search_entries (id,profile_id,display_name,keywords,ancestry_path,vertical,created_at,updated_at) VALUES ('se_s09_supermarket_5ef437aa284a2460','prof_s09_supermarket_5ef437aa284a2460','Renicot','renicot supermarket grocery store retail shopping nigeria','place_nigeria_001','commerce',unixepoch(),unixepoch());
INSERT OR IGNORE INTO seed_ingestion_records (id,seed_run_id,entity_type,entity_id,source_id,status) VALUES ('ir_s09_supermarket_5ef437aa284a2460','seed_run_s09_osm_supermarkets_20260502','organization','org_s09_supermarket_5ef437aa284a2460','seed_source_osm_supermarkets_ng_20260502','ingested');
INSERT OR IGNORE INTO seed_entity_sources (id,seed_run_id,entity_type,entity_id,source_id,confidence_tier) VALUES ('es_s09_supermarket_5ef437aa284a2460','seed_run_s09_osm_supermarkets_20260502','organization','org_s09_supermarket_5ef437aa284a2460','seed_source_osm_supermarkets_ng_20260502','seeded');
INSERT OR IGNORE INTO seed_enrichment (id,seed_run_id,entity_type,entity_id,enrichment_type,enrichment_json) VALUES ('enr_s09_supermarket_5ef437aa284a2460','seed_run_s09_osm_supermarkets_20260502','organization','org_s09_supermarket_5ef437aa284a2460','licence_data','{"osm_id": "3712820912", "amenity": "supermarket", "addr_state": null, "operator": null, "brand": null}');

INSERT OR IGNORE INTO organizations (id,tenant_id,organization_type,legal_name,display_name,registration_number,status,verification_state,created_at,updated_at) VALUES ('org_s09_supermarket_6789e629ac97bc41','tenant_platform_seed','retail_store','Shoprite','Shoprite',NULL,'active','seeded',unixepoch(),unixepoch());
INSERT OR IGNORE INTO profiles (id,subject_id,subject_type,primary_place_id,tenant_id,workspace_id,display_name,created_at,updated_at) VALUES ('prof_s09_supermarket_6789e629ac97bc41','org_s09_supermarket_6789e629ac97bc41','organization','place_nigeria_001','tenant_platform_seed','workspace_platform_seed_discovery','Shoprite',unixepoch(),unixepoch());
INSERT OR IGNORE INTO search_entries (id,profile_id,display_name,keywords,ancestry_path,vertical,created_at,updated_at) VALUES ('se_s09_supermarket_6789e629ac97bc41','prof_s09_supermarket_6789e629ac97bc41','Shoprite','shoprite supermarket grocery store retail shopping nigeria','place_nigeria_001','commerce',unixepoch(),unixepoch());
INSERT OR IGNORE INTO seed_ingestion_records (id,seed_run_id,entity_type,entity_id,source_id,status) VALUES ('ir_s09_supermarket_6789e629ac97bc41','seed_run_s09_osm_supermarkets_20260502','organization','org_s09_supermarket_6789e629ac97bc41','seed_source_osm_supermarkets_ng_20260502','ingested');
INSERT OR IGNORE INTO seed_entity_sources (id,seed_run_id,entity_type,entity_id,source_id,confidence_tier) VALUES ('es_s09_supermarket_6789e629ac97bc41','seed_run_s09_osm_supermarkets_20260502','organization','org_s09_supermarket_6789e629ac97bc41','seed_source_osm_supermarkets_ng_20260502','seeded');
INSERT OR IGNORE INTO seed_enrichment (id,seed_run_id,entity_type,entity_id,enrichment_type,enrichment_json) VALUES ('enr_s09_supermarket_6789e629ac97bc41','seed_run_s09_osm_supermarkets_20260502','organization','org_s09_supermarket_6789e629ac97bc41','licence_data','{"osm_id": "3833636852", "amenity": "supermarket", "addr_state": null, "operator": null, "brand": null}');

INSERT OR IGNORE INTO organizations (id,tenant_id,organization_type,legal_name,display_name,registration_number,status,verification_state,created_at,updated_at) VALUES ('org_s09_supermarket_1768ff002d8a6fa7','tenant_platform_seed','retail_store','9to7','9to7',NULL,'active','seeded',unixepoch(),unixepoch());
INSERT OR IGNORE INTO profiles (id,subject_id,subject_type,primary_place_id,tenant_id,workspace_id,display_name,created_at,updated_at) VALUES ('prof_s09_supermarket_1768ff002d8a6fa7','org_s09_supermarket_1768ff002d8a6fa7','organization','place_nigeria_001','tenant_platform_seed','workspace_platform_seed_discovery','9to7',unixepoch(),unixepoch());
INSERT OR IGNORE INTO search_entries (id,profile_id,display_name,keywords,ancestry_path,vertical,created_at,updated_at) VALUES ('se_s09_supermarket_1768ff002d8a6fa7','prof_s09_supermarket_1768ff002d8a6fa7','9to7','9to7 supermarket grocery store retail shopping nigeria','place_nigeria_001','commerce',unixepoch(),unixepoch());
INSERT OR IGNORE INTO seed_ingestion_records (id,seed_run_id,entity_type,entity_id,source_id,status) VALUES ('ir_s09_supermarket_1768ff002d8a6fa7','seed_run_s09_osm_supermarkets_20260502','organization','org_s09_supermarket_1768ff002d8a6fa7','seed_source_osm_supermarkets_ng_20260502','ingested');
INSERT OR IGNORE INTO seed_entity_sources (id,seed_run_id,entity_type,entity_id,source_id,confidence_tier) VALUES ('es_s09_supermarket_1768ff002d8a6fa7','seed_run_s09_osm_supermarkets_20260502','organization','org_s09_supermarket_1768ff002d8a6fa7','seed_source_osm_supermarkets_ng_20260502','seeded');
INSERT OR IGNORE INTO seed_enrichment (id,seed_run_id,entity_type,entity_id,enrichment_type,enrichment_json) VALUES ('enr_s09_supermarket_1768ff002d8a6fa7','seed_run_s09_osm_supermarkets_20260502','organization','org_s09_supermarket_1768ff002d8a6fa7','licence_data','{"osm_id": "4132771112", "amenity": "supermarket", "addr_state": null, "operator": "Savemart", "brand": null}');

INSERT OR IGNORE INTO organizations (id,tenant_id,organization_type,legal_name,display_name,registration_number,status,verification_state,created_at,updated_at) VALUES ('org_s09_supermarket_b919433caefa9737','tenant_platform_seed','retail_store','Shopping Plaza','Shopping Plaza',NULL,'active','seeded',unixepoch(),unixepoch());
INSERT OR IGNORE INTO profiles (id,subject_id,subject_type,primary_place_id,tenant_id,workspace_id,display_name,created_at,updated_at) VALUES ('prof_s09_supermarket_b919433caefa9737','org_s09_supermarket_b919433caefa9737','organization','place_nigeria_001','tenant_platform_seed','workspace_platform_seed_discovery','Shopping Plaza',unixepoch(),unixepoch());
INSERT OR IGNORE INTO search_entries (id,profile_id,display_name,keywords,ancestry_path,vertical,created_at,updated_at) VALUES ('se_s09_supermarket_b919433caefa9737','prof_s09_supermarket_b919433caefa9737','Shopping Plaza','shopping plaza supermarket grocery store retail shopping nigeria','place_nigeria_001','commerce',unixepoch(),unixepoch());
INSERT OR IGNORE INTO seed_ingestion_records (id,seed_run_id,entity_type,entity_id,source_id,status) VALUES ('ir_s09_supermarket_b919433caefa9737','seed_run_s09_osm_supermarkets_20260502','organization','org_s09_supermarket_b919433caefa9737','seed_source_osm_supermarkets_ng_20260502','ingested');
INSERT OR IGNORE INTO seed_entity_sources (id,seed_run_id,entity_type,entity_id,source_id,confidence_tier) VALUES ('es_s09_supermarket_b919433caefa9737','seed_run_s09_osm_supermarkets_20260502','organization','org_s09_supermarket_b919433caefa9737','seed_source_osm_supermarkets_ng_20260502','seeded');
INSERT OR IGNORE INTO seed_enrichment (id,seed_run_id,entity_type,entity_id,enrichment_type,enrichment_json) VALUES ('enr_s09_supermarket_b919433caefa9737','seed_run_s09_osm_supermarkets_20260502','organization','org_s09_supermarket_b919433caefa9737','licence_data','{"osm_id": "4136197111", "amenity": "supermarket", "addr_state": null, "operator": null, "brand": null}');

INSERT OR IGNORE INTO organizations (id,tenant_id,organization_type,legal_name,display_name,registration_number,status,verification_state,created_at,updated_at) VALUES ('org_s09_supermarket_bf866e22ab7c56e0','tenant_platform_seed','retail_store','supermarket','supermarket',NULL,'active','seeded',unixepoch(),unixepoch());
INSERT OR IGNORE INTO profiles (id,subject_id,subject_type,primary_place_id,tenant_id,workspace_id,display_name,created_at,updated_at) VALUES ('prof_s09_supermarket_bf866e22ab7c56e0','org_s09_supermarket_bf866e22ab7c56e0','organization','place_nigeria_001','tenant_platform_seed','workspace_platform_seed_discovery','supermarket',unixepoch(),unixepoch());
INSERT OR IGNORE INTO search_entries (id,profile_id,display_name,keywords,ancestry_path,vertical,created_at,updated_at) VALUES ('se_s09_supermarket_bf866e22ab7c56e0','prof_s09_supermarket_bf866e22ab7c56e0','supermarket','supermarket supermarket grocery store retail shopping nigeria','place_nigeria_001','commerce',unixepoch(),unixepoch());
INSERT OR IGNORE INTO seed_ingestion_records (id,seed_run_id,entity_type,entity_id,source_id,status) VALUES ('ir_s09_supermarket_bf866e22ab7c56e0','seed_run_s09_osm_supermarkets_20260502','organization','org_s09_supermarket_bf866e22ab7c56e0','seed_source_osm_supermarkets_ng_20260502','ingested');
INSERT OR IGNORE INTO seed_entity_sources (id,seed_run_id,entity_type,entity_id,source_id,confidence_tier) VALUES ('es_s09_supermarket_bf866e22ab7c56e0','seed_run_s09_osm_supermarkets_20260502','organization','org_s09_supermarket_bf866e22ab7c56e0','seed_source_osm_supermarkets_ng_20260502','seeded');
INSERT OR IGNORE INTO seed_enrichment (id,seed_run_id,entity_type,entity_id,enrichment_type,enrichment_json) VALUES ('enr_s09_supermarket_bf866e22ab7c56e0','seed_run_s09_osm_supermarkets_20260502','organization','org_s09_supermarket_bf866e22ab7c56e0','licence_data','{"osm_id": "4248416489", "amenity": "supermarket", "addr_state": null, "operator": null, "brand": null}');

INSERT OR IGNORE INTO organizations (id,tenant_id,organization_type,legal_name,display_name,registration_number,status,verification_state,created_at,updated_at) VALUES ('org_s09_supermarket_5c0b58f79da71df1','tenant_platform_seed','retail_store','Olaclemo Ventures','Olaclemo Ventures',NULL,'active','seeded',unixepoch(),unixepoch());
INSERT OR IGNORE INTO profiles (id,subject_id,subject_type,primary_place_id,tenant_id,workspace_id,display_name,created_at,updated_at) VALUES ('prof_s09_supermarket_5c0b58f79da71df1','org_s09_supermarket_5c0b58f79da71df1','organization','place_nigeria_001','tenant_platform_seed','workspace_platform_seed_discovery','Olaclemo Ventures',unixepoch(),unixepoch());
INSERT OR IGNORE INTO search_entries (id,profile_id,display_name,keywords,ancestry_path,vertical,created_at,updated_at) VALUES ('se_s09_supermarket_5c0b58f79da71df1','prof_s09_supermarket_5c0b58f79da71df1','Olaclemo Ventures','olaclemo ventures supermarket grocery store retail shopping nigeria','place_nigeria_001','commerce',unixepoch(),unixepoch());
INSERT OR IGNORE INTO seed_ingestion_records (id,seed_run_id,entity_type,entity_id,source_id,status) VALUES ('ir_s09_supermarket_5c0b58f79da71df1','seed_run_s09_osm_supermarkets_20260502','organization','org_s09_supermarket_5c0b58f79da71df1','seed_source_osm_supermarkets_ng_20260502','ingested');
INSERT OR IGNORE INTO seed_entity_sources (id,seed_run_id,entity_type,entity_id,source_id,confidence_tier) VALUES ('es_s09_supermarket_5c0b58f79da71df1','seed_run_s09_osm_supermarkets_20260502','organization','org_s09_supermarket_5c0b58f79da71df1','seed_source_osm_supermarkets_ng_20260502','seeded');
INSERT OR IGNORE INTO seed_enrichment (id,seed_run_id,entity_type,entity_id,enrichment_type,enrichment_json) VALUES ('enr_s09_supermarket_5c0b58f79da71df1','seed_run_s09_osm_supermarkets_20260502','organization','org_s09_supermarket_5c0b58f79da71df1','licence_data','{"osm_id": "4261263389", "amenity": "supermarket", "addr_state": null, "operator": "Mr Dayo", "brand": null}');

INSERT OR IGNORE INTO organizations (id,tenant_id,organization_type,legal_name,display_name,registration_number,status,verification_state,created_at,updated_at) VALUES ('org_s09_supermarket_dd48dd0961579e96','tenant_platform_seed','retail_store','Ace Supermarket','Ace Supermarket',NULL,'active','seeded',unixepoch(),unixepoch());
INSERT OR IGNORE INTO profiles (id,subject_id,subject_type,primary_place_id,tenant_id,workspace_id,display_name,created_at,updated_at) VALUES ('prof_s09_supermarket_dd48dd0961579e96','org_s09_supermarket_dd48dd0961579e96','organization','place_nigeria_001','tenant_platform_seed','workspace_platform_seed_discovery','Ace Supermarket',unixepoch(),unixepoch());
INSERT OR IGNORE INTO search_entries (id,profile_id,display_name,keywords,ancestry_path,vertical,created_at,updated_at) VALUES ('se_s09_supermarket_dd48dd0961579e96','prof_s09_supermarket_dd48dd0961579e96','Ace Supermarket','ace supermarket supermarket grocery store retail shopping nigeria','place_nigeria_001','commerce',unixepoch(),unixepoch());
INSERT OR IGNORE INTO seed_ingestion_records (id,seed_run_id,entity_type,entity_id,source_id,status) VALUES ('ir_s09_supermarket_dd48dd0961579e96','seed_run_s09_osm_supermarkets_20260502','organization','org_s09_supermarket_dd48dd0961579e96','seed_source_osm_supermarkets_ng_20260502','ingested');
INSERT OR IGNORE INTO seed_entity_sources (id,seed_run_id,entity_type,entity_id,source_id,confidence_tier) VALUES ('es_s09_supermarket_dd48dd0961579e96','seed_run_s09_osm_supermarkets_20260502','organization','org_s09_supermarket_dd48dd0961579e96','seed_source_osm_supermarkets_ng_20260502','seeded');
INSERT OR IGNORE INTO seed_enrichment (id,seed_run_id,entity_type,entity_id,enrichment_type,enrichment_json) VALUES ('enr_s09_supermarket_dd48dd0961579e96','seed_run_s09_osm_supermarkets_20260502','organization','org_s09_supermarket_dd48dd0961579e96','licence_data','{"osm_id": "4795617181", "amenity": "supermarket", "addr_state": null, "operator": null, "brand": null}');

INSERT OR IGNORE INTO organizations (id,tenant_id,organization_type,legal_name,display_name,registration_number,status,verification_state,created_at,updated_at) VALUES ('org_s09_supermarket_07cc4f2b21e2d74a','tenant_platform_seed','retail_store','Ilupeju Supermarket, Olatunji House','Ilupeju Supermarket, Olatunji House',NULL,'active','seeded',unixepoch(),unixepoch());
INSERT OR IGNORE INTO profiles (id,subject_id,subject_type,primary_place_id,tenant_id,workspace_id,display_name,created_at,updated_at) VALUES ('prof_s09_supermarket_07cc4f2b21e2d74a','org_s09_supermarket_07cc4f2b21e2d74a','organization','place_nigeria_001','tenant_platform_seed','workspace_platform_seed_discovery','Ilupeju Supermarket, Olatunji House',unixepoch(),unixepoch());
INSERT OR IGNORE INTO search_entries (id,profile_id,display_name,keywords,ancestry_path,vertical,created_at,updated_at) VALUES ('se_s09_supermarket_07cc4f2b21e2d74a','prof_s09_supermarket_07cc4f2b21e2d74a','Ilupeju Supermarket, Olatunji House','ilupeju supermarket, olatunji house supermarket grocery store retail shopping nigeria','place_nigeria_001','commerce',unixepoch(),unixepoch());
INSERT OR IGNORE INTO seed_ingestion_records (id,seed_run_id,entity_type,entity_id,source_id,status) VALUES ('ir_s09_supermarket_07cc4f2b21e2d74a','seed_run_s09_osm_supermarkets_20260502','organization','org_s09_supermarket_07cc4f2b21e2d74a','seed_source_osm_supermarkets_ng_20260502','ingested');
INSERT OR IGNORE INTO seed_entity_sources (id,seed_run_id,entity_type,entity_id,source_id,confidence_tier) VALUES ('es_s09_supermarket_07cc4f2b21e2d74a','seed_run_s09_osm_supermarkets_20260502','organization','org_s09_supermarket_07cc4f2b21e2d74a','seed_source_osm_supermarkets_ng_20260502','seeded');
INSERT OR IGNORE INTO seed_enrichment (id,seed_run_id,entity_type,entity_id,enrichment_type,enrichment_json) VALUES ('enr_s09_supermarket_07cc4f2b21e2d74a','seed_run_s09_osm_supermarkets_20260502','organization','org_s09_supermarket_07cc4f2b21e2d74a','licence_data','{"osm_id": "4801781950", "amenity": "supermarket", "addr_state": null, "operator": null, "brand": null}');

INSERT OR IGNORE INTO organizations (id,tenant_id,organization_type,legal_name,display_name,registration_number,status,verification_state,created_at,updated_at) VALUES ('org_s09_supermarket_5c16d3d7b4ddf813','tenant_platform_seed','retail_store','Shoprite Asaba','Shoprite Asaba',NULL,'active','seeded',unixepoch(),unixepoch());
INSERT OR IGNORE INTO profiles (id,subject_id,subject_type,primary_place_id,tenant_id,workspace_id,display_name,created_at,updated_at) VALUES ('prof_s09_supermarket_5c16d3d7b4ddf813','org_s09_supermarket_5c16d3d7b4ddf813','organization','place_nigeria_001','tenant_platform_seed','workspace_platform_seed_discovery','Shoprite Asaba',unixepoch(),unixepoch());
INSERT OR IGNORE INTO search_entries (id,profile_id,display_name,keywords,ancestry_path,vertical,created_at,updated_at) VALUES ('se_s09_supermarket_5c16d3d7b4ddf813','prof_s09_supermarket_5c16d3d7b4ddf813','Shoprite Asaba','shoprite asaba supermarket grocery store retail shopping nigeria','place_nigeria_001','commerce',unixepoch(),unixepoch());
INSERT OR IGNORE INTO seed_ingestion_records (id,seed_run_id,entity_type,entity_id,source_id,status) VALUES ('ir_s09_supermarket_5c16d3d7b4ddf813','seed_run_s09_osm_supermarkets_20260502','organization','org_s09_supermarket_5c16d3d7b4ddf813','seed_source_osm_supermarkets_ng_20260502','ingested');
INSERT OR IGNORE INTO seed_entity_sources (id,seed_run_id,entity_type,entity_id,source_id,confidence_tier) VALUES ('es_s09_supermarket_5c16d3d7b4ddf813','seed_run_s09_osm_supermarkets_20260502','organization','org_s09_supermarket_5c16d3d7b4ddf813','seed_source_osm_supermarkets_ng_20260502','seeded');
INSERT OR IGNORE INTO seed_enrichment (id,seed_run_id,entity_type,entity_id,enrichment_type,enrichment_json) VALUES ('enr_s09_supermarket_5c16d3d7b4ddf813','seed_run_s09_osm_supermarkets_20260502','organization','org_s09_supermarket_5c16d3d7b4ddf813','licence_data','{"osm_id": "4872057131", "amenity": "supermarket", "addr_state": null, "operator": null, "brand": null}');

INSERT OR IGNORE INTO organizations (id,tenant_id,organization_type,legal_name,display_name,registration_number,status,verification_state,created_at,updated_at) VALUES ('org_s09_supermarket_83a80bf8d6e60176','tenant_platform_seed','retail_store','Spar','Spar',NULL,'active','seeded',unixepoch(),unixepoch());
INSERT OR IGNORE INTO profiles (id,subject_id,subject_type,primary_place_id,tenant_id,workspace_id,display_name,created_at,updated_at) VALUES ('prof_s09_supermarket_83a80bf8d6e60176','org_s09_supermarket_83a80bf8d6e60176','organization','place_nigeria_001','tenant_platform_seed','workspace_platform_seed_discovery','Spar',unixepoch(),unixepoch());
INSERT OR IGNORE INTO search_entries (id,profile_id,display_name,keywords,ancestry_path,vertical,created_at,updated_at) VALUES ('se_s09_supermarket_83a80bf8d6e60176','prof_s09_supermarket_83a80bf8d6e60176','Spar','spar supermarket grocery store retail shopping nigeria','place_nigeria_001','commerce',unixepoch(),unixepoch());
INSERT OR IGNORE INTO seed_ingestion_records (id,seed_run_id,entity_type,entity_id,source_id,status) VALUES ('ir_s09_supermarket_83a80bf8d6e60176','seed_run_s09_osm_supermarkets_20260502','organization','org_s09_supermarket_83a80bf8d6e60176','seed_source_osm_supermarkets_ng_20260502','ingested');
INSERT OR IGNORE INTO seed_entity_sources (id,seed_run_id,entity_type,entity_id,source_id,confidence_tier) VALUES ('es_s09_supermarket_83a80bf8d6e60176','seed_run_s09_osm_supermarkets_20260502','organization','org_s09_supermarket_83a80bf8d6e60176','seed_source_osm_supermarkets_ng_20260502','seeded');
INSERT OR IGNORE INTO seed_enrichment (id,seed_run_id,entity_type,entity_id,enrichment_type,enrichment_json) VALUES ('enr_s09_supermarket_83a80bf8d6e60176','seed_run_s09_osm_supermarkets_20260502','organization','org_s09_supermarket_83a80bf8d6e60176','licence_data','{"osm_id": "4882131769", "amenity": "supermarket", "addr_state": null, "operator": null, "brand": "Spar"}');

INSERT OR IGNORE INTO organizations (id,tenant_id,organization_type,legal_name,display_name,registration_number,status,verification_state,created_at,updated_at) VALUES ('org_s09_supermarket_36c770160c9f2113','tenant_platform_seed','retail_store','smile and shop supermarket','smile and shop supermarket',NULL,'active','seeded',unixepoch(),unixepoch());
INSERT OR IGNORE INTO profiles (id,subject_id,subject_type,primary_place_id,tenant_id,workspace_id,display_name,created_at,updated_at) VALUES ('prof_s09_supermarket_36c770160c9f2113','org_s09_supermarket_36c770160c9f2113','organization','place_nigeria_001','tenant_platform_seed','workspace_platform_seed_discovery','smile and shop supermarket',unixepoch(),unixepoch());
INSERT OR IGNORE INTO search_entries (id,profile_id,display_name,keywords,ancestry_path,vertical,created_at,updated_at) VALUES ('se_s09_supermarket_36c770160c9f2113','prof_s09_supermarket_36c770160c9f2113','smile and shop supermarket','smile and shop supermarket supermarket grocery store retail shopping nigeria','place_nigeria_001','commerce',unixepoch(),unixepoch());
INSERT OR IGNORE INTO seed_ingestion_records (id,seed_run_id,entity_type,entity_id,source_id,status) VALUES ('ir_s09_supermarket_36c770160c9f2113','seed_run_s09_osm_supermarkets_20260502','organization','org_s09_supermarket_36c770160c9f2113','seed_source_osm_supermarkets_ng_20260502','ingested');
INSERT OR IGNORE INTO seed_entity_sources (id,seed_run_id,entity_type,entity_id,source_id,confidence_tier) VALUES ('es_s09_supermarket_36c770160c9f2113','seed_run_s09_osm_supermarkets_20260502','organization','org_s09_supermarket_36c770160c9f2113','seed_source_osm_supermarkets_ng_20260502','seeded');
INSERT OR IGNORE INTO seed_enrichment (id,seed_run_id,entity_type,entity_id,enrichment_type,enrichment_json) VALUES ('enr_s09_supermarket_36c770160c9f2113','seed_run_s09_osm_supermarkets_20260502','organization','org_s09_supermarket_36c770160c9f2113','licence_data','{"osm_id": "4907424601", "amenity": "supermarket", "addr_state": null, "operator": null, "brand": null}');

INSERT OR IGNORE INTO organizations (id,tenant_id,organization_type,legal_name,display_name,registration_number,status,verification_state,created_at,updated_at) VALUES ('org_s09_supermarket_7c8917a61e18a25a','tenant_platform_seed','retail_store','lugbe Plaza','lugbe Plaza',NULL,'active','seeded',unixepoch(),unixepoch());
INSERT OR IGNORE INTO profiles (id,subject_id,subject_type,primary_place_id,tenant_id,workspace_id,display_name,created_at,updated_at) VALUES ('prof_s09_supermarket_7c8917a61e18a25a','org_s09_supermarket_7c8917a61e18a25a','organization','place_nigeria_001','tenant_platform_seed','workspace_platform_seed_discovery','lugbe Plaza',unixepoch(),unixepoch());
INSERT OR IGNORE INTO search_entries (id,profile_id,display_name,keywords,ancestry_path,vertical,created_at,updated_at) VALUES ('se_s09_supermarket_7c8917a61e18a25a','prof_s09_supermarket_7c8917a61e18a25a','lugbe Plaza','lugbe plaza supermarket grocery store retail shopping nigeria','place_nigeria_001','commerce',unixepoch(),unixepoch());
INSERT OR IGNORE INTO seed_ingestion_records (id,seed_run_id,entity_type,entity_id,source_id,status) VALUES ('ir_s09_supermarket_7c8917a61e18a25a','seed_run_s09_osm_supermarkets_20260502','organization','org_s09_supermarket_7c8917a61e18a25a','seed_source_osm_supermarkets_ng_20260502','ingested');
INSERT OR IGNORE INTO seed_entity_sources (id,seed_run_id,entity_type,entity_id,source_id,confidence_tier) VALUES ('es_s09_supermarket_7c8917a61e18a25a','seed_run_s09_osm_supermarkets_20260502','organization','org_s09_supermarket_7c8917a61e18a25a','seed_source_osm_supermarkets_ng_20260502','seeded');
INSERT OR IGNORE INTO seed_enrichment (id,seed_run_id,entity_type,entity_id,enrichment_type,enrichment_json) VALUES ('enr_s09_supermarket_7c8917a61e18a25a','seed_run_s09_osm_supermarkets_20260502','organization','org_s09_supermarket_7c8917a61e18a25a','licence_data','{"osm_id": "4994567223", "amenity": "supermarket", "addr_state": null, "operator": null, "brand": null}');

INSERT OR IGNORE INTO organizations (id,tenant_id,organization_type,legal_name,display_name,registration_number,status,verification_state,created_at,updated_at) VALUES ('org_s09_supermarket_aef13a4885c655bb','tenant_platform_seed','retail_store','ShopRite','ShopRite',NULL,'active','seeded',unixepoch(),unixepoch());
INSERT OR IGNORE INTO profiles (id,subject_id,subject_type,primary_place_id,tenant_id,workspace_id,display_name,created_at,updated_at) VALUES ('prof_s09_supermarket_aef13a4885c655bb','org_s09_supermarket_aef13a4885c655bb','organization','place_nigeria_001','tenant_platform_seed','workspace_platform_seed_discovery','ShopRite',unixepoch(),unixepoch());
INSERT OR IGNORE INTO search_entries (id,profile_id,display_name,keywords,ancestry_path,vertical,created_at,updated_at) VALUES ('se_s09_supermarket_aef13a4885c655bb','prof_s09_supermarket_aef13a4885c655bb','ShopRite','shoprite supermarket grocery store retail shopping nigeria','place_nigeria_001','commerce',unixepoch(),unixepoch());
INSERT OR IGNORE INTO seed_ingestion_records (id,seed_run_id,entity_type,entity_id,source_id,status) VALUES ('ir_s09_supermarket_aef13a4885c655bb','seed_run_s09_osm_supermarkets_20260502','organization','org_s09_supermarket_aef13a4885c655bb','seed_source_osm_supermarkets_ng_20260502','ingested');
INSERT OR IGNORE INTO seed_entity_sources (id,seed_run_id,entity_type,entity_id,source_id,confidence_tier) VALUES ('es_s09_supermarket_aef13a4885c655bb','seed_run_s09_osm_supermarkets_20260502','organization','org_s09_supermarket_aef13a4885c655bb','seed_source_osm_supermarkets_ng_20260502','seeded');
INSERT OR IGNORE INTO seed_enrichment (id,seed_run_id,entity_type,entity_id,enrichment_type,enrichment_json) VALUES ('enr_s09_supermarket_aef13a4885c655bb','seed_run_s09_osm_supermarkets_20260502','organization','org_s09_supermarket_aef13a4885c655bb','licence_data','{"osm_id": "5154214231", "amenity": "supermarket", "addr_state": null, "operator": null, "brand": null}');

INSERT OR IGNORE INTO organizations (id,tenant_id,organization_type,legal_name,display_name,registration_number,status,verification_state,created_at,updated_at) VALUES ('org_s09_supermarket_c21f77236c3cbd28','tenant_platform_seed','retail_store','Ugborikoko Market','Ugborikoko Market',NULL,'active','seeded',unixepoch(),unixepoch());
INSERT OR IGNORE INTO profiles (id,subject_id,subject_type,primary_place_id,tenant_id,workspace_id,display_name,created_at,updated_at) VALUES ('prof_s09_supermarket_c21f77236c3cbd28','org_s09_supermarket_c21f77236c3cbd28','organization','place_nigeria_001','tenant_platform_seed','workspace_platform_seed_discovery','Ugborikoko Market',unixepoch(),unixepoch());
INSERT OR IGNORE INTO search_entries (id,profile_id,display_name,keywords,ancestry_path,vertical,created_at,updated_at) VALUES ('se_s09_supermarket_c21f77236c3cbd28','prof_s09_supermarket_c21f77236c3cbd28','Ugborikoko Market','ugborikoko market supermarket grocery store retail shopping nigeria','place_nigeria_001','commerce',unixepoch(),unixepoch());
INSERT OR IGNORE INTO seed_ingestion_records (id,seed_run_id,entity_type,entity_id,source_id,status) VALUES ('ir_s09_supermarket_c21f77236c3cbd28','seed_run_s09_osm_supermarkets_20260502','organization','org_s09_supermarket_c21f77236c3cbd28','seed_source_osm_supermarkets_ng_20260502','ingested');
INSERT OR IGNORE INTO seed_entity_sources (id,seed_run_id,entity_type,entity_id,source_id,confidence_tier) VALUES ('es_s09_supermarket_c21f77236c3cbd28','seed_run_s09_osm_supermarkets_20260502','organization','org_s09_supermarket_c21f77236c3cbd28','seed_source_osm_supermarkets_ng_20260502','seeded');
INSERT OR IGNORE INTO seed_enrichment (id,seed_run_id,entity_type,entity_id,enrichment_type,enrichment_json) VALUES ('enr_s09_supermarket_c21f77236c3cbd28','seed_run_s09_osm_supermarkets_20260502','organization','org_s09_supermarket_c21f77236c3cbd28','licence_data','{"osm_id": "5413181121", "amenity": "supermarket", "addr_state": null, "operator": null, "brand": null}');

INSERT OR IGNORE INTO organizations (id,tenant_id,organization_type,legal_name,display_name,registration_number,status,verification_state,created_at,updated_at) VALUES ('org_s09_supermarket_3c7008636c9a0941','tenant_platform_seed','retail_store','Tivo Supermarket','Tivo Supermarket',NULL,'active','seeded',unixepoch(),unixepoch());
INSERT OR IGNORE INTO profiles (id,subject_id,subject_type,primary_place_id,tenant_id,workspace_id,display_name,created_at,updated_at) VALUES ('prof_s09_supermarket_3c7008636c9a0941','org_s09_supermarket_3c7008636c9a0941','organization','place_nigeria_001','tenant_platform_seed','workspace_platform_seed_discovery','Tivo Supermarket',unixepoch(),unixepoch());
INSERT OR IGNORE INTO search_entries (id,profile_id,display_name,keywords,ancestry_path,vertical,created_at,updated_at) VALUES ('se_s09_supermarket_3c7008636c9a0941','prof_s09_supermarket_3c7008636c9a0941','Tivo Supermarket','tivo supermarket supermarket grocery store retail shopping nigeria','place_nigeria_001','commerce',unixepoch(),unixepoch());
INSERT OR IGNORE INTO seed_ingestion_records (id,seed_run_id,entity_type,entity_id,source_id,status) VALUES ('ir_s09_supermarket_3c7008636c9a0941','seed_run_s09_osm_supermarkets_20260502','organization','org_s09_supermarket_3c7008636c9a0941','seed_source_osm_supermarkets_ng_20260502','ingested');
INSERT OR IGNORE INTO seed_entity_sources (id,seed_run_id,entity_type,entity_id,source_id,confidence_tier) VALUES ('es_s09_supermarket_3c7008636c9a0941','seed_run_s09_osm_supermarkets_20260502','organization','org_s09_supermarket_3c7008636c9a0941','seed_source_osm_supermarkets_ng_20260502','seeded');
INSERT OR IGNORE INTO seed_enrichment (id,seed_run_id,entity_type,entity_id,enrichment_type,enrichment_json) VALUES ('enr_s09_supermarket_3c7008636c9a0941','seed_run_s09_osm_supermarkets_20260502','organization','org_s09_supermarket_3c7008636c9a0941','licence_data','{"osm_id": "5427710122", "amenity": "supermarket", "addr_state": null, "operator": null, "brand": null}');

INSERT OR IGNORE INTO organizations (id,tenant_id,organization_type,legal_name,display_name,registration_number,status,verification_state,created_at,updated_at) VALUES ('org_s09_supermarket_b7411ff7eb6949bb','tenant_platform_seed','retail_store','Shoprite','Shoprite',NULL,'active','seeded',unixepoch(),unixepoch());
INSERT OR IGNORE INTO profiles (id,subject_id,subject_type,primary_place_id,tenant_id,workspace_id,display_name,created_at,updated_at) VALUES ('prof_s09_supermarket_b7411ff7eb6949bb','org_s09_supermarket_b7411ff7eb6949bb','organization','place_nigeria_001','tenant_platform_seed','workspace_platform_seed_discovery','Shoprite',unixepoch(),unixepoch());
INSERT OR IGNORE INTO search_entries (id,profile_id,display_name,keywords,ancestry_path,vertical,created_at,updated_at) VALUES ('se_s09_supermarket_b7411ff7eb6949bb','prof_s09_supermarket_b7411ff7eb6949bb','Shoprite','shoprite supermarket grocery store retail shopping nigeria','place_nigeria_001','commerce',unixepoch(),unixepoch());
INSERT OR IGNORE INTO seed_ingestion_records (id,seed_run_id,entity_type,entity_id,source_id,status) VALUES ('ir_s09_supermarket_b7411ff7eb6949bb','seed_run_s09_osm_supermarkets_20260502','organization','org_s09_supermarket_b7411ff7eb6949bb','seed_source_osm_supermarkets_ng_20260502','ingested');
INSERT OR IGNORE INTO seed_entity_sources (id,seed_run_id,entity_type,entity_id,source_id,confidence_tier) VALUES ('es_s09_supermarket_b7411ff7eb6949bb','seed_run_s09_osm_supermarkets_20260502','organization','org_s09_supermarket_b7411ff7eb6949bb','seed_source_osm_supermarkets_ng_20260502','seeded');
INSERT OR IGNORE INTO seed_enrichment (id,seed_run_id,entity_type,entity_id,enrichment_type,enrichment_json) VALUES ('enr_s09_supermarket_b7411ff7eb6949bb','seed_run_s09_osm_supermarkets_20260502','organization','org_s09_supermarket_b7411ff7eb6949bb','licence_data','{"osm_id": "5485185983", "amenity": "supermarket", "addr_state": null, "operator": null, "brand": "Shoprite"}');

INSERT OR IGNORE INTO organizations (id,tenant_id,organization_type,legal_name,display_name,registration_number,status,verification_state,created_at,updated_at) VALUES ('org_s09_supermarket_f9c840ccc60ebc81','tenant_platform_seed','retail_store','Delasantos Supermarket','Delasantos Supermarket',NULL,'active','seeded',unixepoch(),unixepoch());
INSERT OR IGNORE INTO profiles (id,subject_id,subject_type,primary_place_id,tenant_id,workspace_id,display_name,created_at,updated_at) VALUES ('prof_s09_supermarket_f9c840ccc60ebc81','org_s09_supermarket_f9c840ccc60ebc81','organization','place_nigeria_001','tenant_platform_seed','workspace_platform_seed_discovery','Delasantos Supermarket',unixepoch(),unixepoch());
INSERT OR IGNORE INTO search_entries (id,profile_id,display_name,keywords,ancestry_path,vertical,created_at,updated_at) VALUES ('se_s09_supermarket_f9c840ccc60ebc81','prof_s09_supermarket_f9c840ccc60ebc81','Delasantos Supermarket','delasantos supermarket supermarket grocery store retail shopping nigeria','place_nigeria_001','commerce',unixepoch(),unixepoch());
INSERT OR IGNORE INTO seed_ingestion_records (id,seed_run_id,entity_type,entity_id,source_id,status) VALUES ('ir_s09_supermarket_f9c840ccc60ebc81','seed_run_s09_osm_supermarkets_20260502','organization','org_s09_supermarket_f9c840ccc60ebc81','seed_source_osm_supermarkets_ng_20260502','ingested');
INSERT OR IGNORE INTO seed_entity_sources (id,seed_run_id,entity_type,entity_id,source_id,confidence_tier) VALUES ('es_s09_supermarket_f9c840ccc60ebc81','seed_run_s09_osm_supermarkets_20260502','organization','org_s09_supermarket_f9c840ccc60ebc81','seed_source_osm_supermarkets_ng_20260502','seeded');
INSERT OR IGNORE INTO seed_enrichment (id,seed_run_id,entity_type,entity_id,enrichment_type,enrichment_json) VALUES ('enr_s09_supermarket_f9c840ccc60ebc81','seed_run_s09_osm_supermarkets_20260502','organization','org_s09_supermarket_f9c840ccc60ebc81','licence_data','{"osm_id": "5499891275", "amenity": "supermarket", "addr_state": null, "operator": null, "brand": null}');

INSERT OR IGNORE INTO organizations (id,tenant_id,organization_type,legal_name,display_name,registration_number,status,verification_state,created_at,updated_at) VALUES ('org_s09_supermarket_554b5f4fbabc0fc6','tenant_platform_seed','retail_store','Market Square','Market Square',NULL,'active','seeded',unixepoch(),unixepoch());
INSERT OR IGNORE INTO profiles (id,subject_id,subject_type,primary_place_id,tenant_id,workspace_id,display_name,created_at,updated_at) VALUES ('prof_s09_supermarket_554b5f4fbabc0fc6','org_s09_supermarket_554b5f4fbabc0fc6','organization','place_nigeria_001','tenant_platform_seed','workspace_platform_seed_discovery','Market Square',unixepoch(),unixepoch());
INSERT OR IGNORE INTO search_entries (id,profile_id,display_name,keywords,ancestry_path,vertical,created_at,updated_at) VALUES ('se_s09_supermarket_554b5f4fbabc0fc6','prof_s09_supermarket_554b5f4fbabc0fc6','Market Square','market square supermarket grocery store retail shopping nigeria','place_nigeria_001','commerce',unixepoch(),unixepoch());
INSERT OR IGNORE INTO seed_ingestion_records (id,seed_run_id,entity_type,entity_id,source_id,status) VALUES ('ir_s09_supermarket_554b5f4fbabc0fc6','seed_run_s09_osm_supermarkets_20260502','organization','org_s09_supermarket_554b5f4fbabc0fc6','seed_source_osm_supermarkets_ng_20260502','ingested');
INSERT OR IGNORE INTO seed_entity_sources (id,seed_run_id,entity_type,entity_id,source_id,confidence_tier) VALUES ('es_s09_supermarket_554b5f4fbabc0fc6','seed_run_s09_osm_supermarkets_20260502','organization','org_s09_supermarket_554b5f4fbabc0fc6','seed_source_osm_supermarkets_ng_20260502','seeded');
INSERT OR IGNORE INTO seed_enrichment (id,seed_run_id,entity_type,entity_id,enrichment_type,enrichment_json) VALUES ('enr_s09_supermarket_554b5f4fbabc0fc6','seed_run_s09_osm_supermarkets_20260502','organization','org_s09_supermarket_554b5f4fbabc0fc6','licence_data','{"osm_id": "5509059229", "amenity": "supermarket", "addr_state": null, "operator": null, "brand": null}');

INSERT OR IGNORE INTO organizations (id,tenant_id,organization_type,legal_name,display_name,registration_number,status,verification_state,created_at,updated_at) VALUES ('org_s09_supermarket_b863a13959e9092d','tenant_platform_seed','retail_store','Anchor Supermarket','Anchor Supermarket',NULL,'active','seeded',unixepoch(),unixepoch());
INSERT OR IGNORE INTO profiles (id,subject_id,subject_type,primary_place_id,tenant_id,workspace_id,display_name,created_at,updated_at) VALUES ('prof_s09_supermarket_b863a13959e9092d','org_s09_supermarket_b863a13959e9092d','organization','place_nigeria_001','tenant_platform_seed','workspace_platform_seed_discovery','Anchor Supermarket',unixepoch(),unixepoch());
INSERT OR IGNORE INTO search_entries (id,profile_id,display_name,keywords,ancestry_path,vertical,created_at,updated_at) VALUES ('se_s09_supermarket_b863a13959e9092d','prof_s09_supermarket_b863a13959e9092d','Anchor Supermarket','anchor supermarket supermarket grocery store retail shopping nigeria','place_nigeria_001','commerce',unixepoch(),unixepoch());
INSERT OR IGNORE INTO seed_ingestion_records (id,seed_run_id,entity_type,entity_id,source_id,status) VALUES ('ir_s09_supermarket_b863a13959e9092d','seed_run_s09_osm_supermarkets_20260502','organization','org_s09_supermarket_b863a13959e9092d','seed_source_osm_supermarkets_ng_20260502','ingested');
INSERT OR IGNORE INTO seed_entity_sources (id,seed_run_id,entity_type,entity_id,source_id,confidence_tier) VALUES ('es_s09_supermarket_b863a13959e9092d','seed_run_s09_osm_supermarkets_20260502','organization','org_s09_supermarket_b863a13959e9092d','seed_source_osm_supermarkets_ng_20260502','seeded');
INSERT OR IGNORE INTO seed_enrichment (id,seed_run_id,entity_type,entity_id,enrichment_type,enrichment_json) VALUES ('enr_s09_supermarket_b863a13959e9092d','seed_run_s09_osm_supermarkets_20260502','organization','org_s09_supermarket_b863a13959e9092d','licence_data','{"osm_id": "5512170421", "amenity": "supermarket", "addr_state": null, "operator": null, "brand": null}');

INSERT OR IGNORE INTO organizations (id,tenant_id,organization_type,legal_name,display_name,registration_number,status,verification_state,created_at,updated_at) VALUES ('org_s09_supermarket_231f75878e5ff3e5','tenant_platform_seed','retail_store','Surplus Value Supermarket','Surplus Value Supermarket',NULL,'active','seeded',unixepoch(),unixepoch());
INSERT OR IGNORE INTO profiles (id,subject_id,subject_type,primary_place_id,tenant_id,workspace_id,display_name,created_at,updated_at) VALUES ('prof_s09_supermarket_231f75878e5ff3e5','org_s09_supermarket_231f75878e5ff3e5','organization','place_nigeria_001','tenant_platform_seed','workspace_platform_seed_discovery','Surplus Value Supermarket',unixepoch(),unixepoch());
INSERT OR IGNORE INTO search_entries (id,profile_id,display_name,keywords,ancestry_path,vertical,created_at,updated_at) VALUES ('se_s09_supermarket_231f75878e5ff3e5','prof_s09_supermarket_231f75878e5ff3e5','Surplus Value Supermarket','surplus value supermarket supermarket grocery store retail shopping nigeria','place_nigeria_001','commerce',unixepoch(),unixepoch());
INSERT OR IGNORE INTO seed_ingestion_records (id,seed_run_id,entity_type,entity_id,source_id,status) VALUES ('ir_s09_supermarket_231f75878e5ff3e5','seed_run_s09_osm_supermarkets_20260502','organization','org_s09_supermarket_231f75878e5ff3e5','seed_source_osm_supermarkets_ng_20260502','ingested');
INSERT OR IGNORE INTO seed_entity_sources (id,seed_run_id,entity_type,entity_id,source_id,confidence_tier) VALUES ('es_s09_supermarket_231f75878e5ff3e5','seed_run_s09_osm_supermarkets_20260502','organization','org_s09_supermarket_231f75878e5ff3e5','seed_source_osm_supermarkets_ng_20260502','seeded');
INSERT OR IGNORE INTO seed_enrichment (id,seed_run_id,entity_type,entity_id,enrichment_type,enrichment_json) VALUES ('enr_s09_supermarket_231f75878e5ff3e5','seed_run_s09_osm_supermarkets_20260502','organization','org_s09_supermarket_231f75878e5ff3e5','licence_data','{"osm_id": "5512206422", "amenity": "supermarket", "addr_state": null, "operator": null, "brand": null}');

INSERT OR IGNORE INTO organizations (id,tenant_id,organization_type,legal_name,display_name,registration_number,status,verification_state,created_at,updated_at) VALUES ('org_s09_supermarket_0cd0bb56d322be59','tenant_platform_seed','retail_store','Opolo Market','Opolo Market',NULL,'active','seeded',unixepoch(),unixepoch());
INSERT OR IGNORE INTO profiles (id,subject_id,subject_type,primary_place_id,tenant_id,workspace_id,display_name,created_at,updated_at) VALUES ('prof_s09_supermarket_0cd0bb56d322be59','org_s09_supermarket_0cd0bb56d322be59','organization','place_nigeria_001','tenant_platform_seed','workspace_platform_seed_discovery','Opolo Market',unixepoch(),unixepoch());
INSERT OR IGNORE INTO search_entries (id,profile_id,display_name,keywords,ancestry_path,vertical,created_at,updated_at) VALUES ('se_s09_supermarket_0cd0bb56d322be59','prof_s09_supermarket_0cd0bb56d322be59','Opolo Market','opolo market supermarket grocery store retail shopping nigeria','place_nigeria_001','commerce',unixepoch(),unixepoch());
INSERT OR IGNORE INTO seed_ingestion_records (id,seed_run_id,entity_type,entity_id,source_id,status) VALUES ('ir_s09_supermarket_0cd0bb56d322be59','seed_run_s09_osm_supermarkets_20260502','organization','org_s09_supermarket_0cd0bb56d322be59','seed_source_osm_supermarkets_ng_20260502','ingested');
INSERT OR IGNORE INTO seed_entity_sources (id,seed_run_id,entity_type,entity_id,source_id,confidence_tier) VALUES ('es_s09_supermarket_0cd0bb56d322be59','seed_run_s09_osm_supermarkets_20260502','organization','org_s09_supermarket_0cd0bb56d322be59','seed_source_osm_supermarkets_ng_20260502','seeded');
INSERT OR IGNORE INTO seed_enrichment (id,seed_run_id,entity_type,entity_id,enrichment_type,enrichment_json) VALUES ('enr_s09_supermarket_0cd0bb56d322be59','seed_run_s09_osm_supermarkets_20260502','organization','org_s09_supermarket_0cd0bb56d322be59','licence_data','{"osm_id": "5517105023", "amenity": "supermarket", "addr_state": null, "operator": null, "brand": null}');

INSERT OR IGNORE INTO organizations (id,tenant_id,organization_type,legal_name,display_name,registration_number,status,verification_state,created_at,updated_at) VALUES ('org_s09_supermarket_4eb1e305755890fe','tenant_platform_seed','retail_store','Jakpa Small Market','Jakpa Small Market',NULL,'active','seeded',unixepoch(),unixepoch());
INSERT OR IGNORE INTO profiles (id,subject_id,subject_type,primary_place_id,tenant_id,workspace_id,display_name,created_at,updated_at) VALUES ('prof_s09_supermarket_4eb1e305755890fe','org_s09_supermarket_4eb1e305755890fe','organization','place_nigeria_001','tenant_platform_seed','workspace_platform_seed_discovery','Jakpa Small Market',unixepoch(),unixepoch());
INSERT OR IGNORE INTO search_entries (id,profile_id,display_name,keywords,ancestry_path,vertical,created_at,updated_at) VALUES ('se_s09_supermarket_4eb1e305755890fe','prof_s09_supermarket_4eb1e305755890fe','Jakpa Small Market','jakpa small market supermarket grocery store retail shopping nigeria','place_nigeria_001','commerce',unixepoch(),unixepoch());
INSERT OR IGNORE INTO seed_ingestion_records (id,seed_run_id,entity_type,entity_id,source_id,status) VALUES ('ir_s09_supermarket_4eb1e305755890fe','seed_run_s09_osm_supermarkets_20260502','organization','org_s09_supermarket_4eb1e305755890fe','seed_source_osm_supermarkets_ng_20260502','ingested');
INSERT OR IGNORE INTO seed_entity_sources (id,seed_run_id,entity_type,entity_id,source_id,confidence_tier) VALUES ('es_s09_supermarket_4eb1e305755890fe','seed_run_s09_osm_supermarkets_20260502','organization','org_s09_supermarket_4eb1e305755890fe','seed_source_osm_supermarkets_ng_20260502','seeded');
INSERT OR IGNORE INTO seed_enrichment (id,seed_run_id,entity_type,entity_id,enrichment_type,enrichment_json) VALUES ('enr_s09_supermarket_4eb1e305755890fe','seed_run_s09_osm_supermarkets_20260502','organization','org_s09_supermarket_4eb1e305755890fe','licence_data','{"osm_id": "5553348221", "amenity": "supermarket", "addr_state": null, "operator": null, "brand": null}');

INSERT OR IGNORE INTO organizations (id,tenant_id,organization_type,legal_name,display_name,registration_number,status,verification_state,created_at,updated_at) VALUES ('org_s09_supermarket_5c3ec1ffa4981674','tenant_platform_seed','retail_store','El-Vanna Supermarket','El-Vanna Supermarket',NULL,'active','seeded',unixepoch(),unixepoch());
INSERT OR IGNORE INTO profiles (id,subject_id,subject_type,primary_place_id,tenant_id,workspace_id,display_name,created_at,updated_at) VALUES ('prof_s09_supermarket_5c3ec1ffa4981674','org_s09_supermarket_5c3ec1ffa4981674','organization','place_nigeria_001','tenant_platform_seed','workspace_platform_seed_discovery','El-Vanna Supermarket',unixepoch(),unixepoch());
INSERT OR IGNORE INTO search_entries (id,profile_id,display_name,keywords,ancestry_path,vertical,created_at,updated_at) VALUES ('se_s09_supermarket_5c3ec1ffa4981674','prof_s09_supermarket_5c3ec1ffa4981674','El-Vanna Supermarket','el-vanna supermarket supermarket grocery store retail shopping nigeria','place_nigeria_001','commerce',unixepoch(),unixepoch());
INSERT OR IGNORE INTO seed_ingestion_records (id,seed_run_id,entity_type,entity_id,source_id,status) VALUES ('ir_s09_supermarket_5c3ec1ffa4981674','seed_run_s09_osm_supermarkets_20260502','organization','org_s09_supermarket_5c3ec1ffa4981674','seed_source_osm_supermarkets_ng_20260502','ingested');
INSERT OR IGNORE INTO seed_entity_sources (id,seed_run_id,entity_type,entity_id,source_id,confidence_tier) VALUES ('es_s09_supermarket_5c3ec1ffa4981674','seed_run_s09_osm_supermarkets_20260502','organization','org_s09_supermarket_5c3ec1ffa4981674','seed_source_osm_supermarkets_ng_20260502','seeded');
INSERT OR IGNORE INTO seed_enrichment (id,seed_run_id,entity_type,entity_id,enrichment_type,enrichment_json) VALUES ('enr_s09_supermarket_5c3ec1ffa4981674','seed_run_s09_osm_supermarkets_20260502','organization','org_s09_supermarket_5c3ec1ffa4981674','licence_data','{"osm_id": "5556152322", "amenity": "supermarket", "addr_state": null, "operator": null, "brand": null}');

INSERT OR IGNORE INTO organizations (id,tenant_id,organization_type,legal_name,display_name,registration_number,status,verification_state,created_at,updated_at) VALUES ('org_s09_supermarket_1825b20bc1f4604c','tenant_platform_seed','retail_store','Agbaro-Otor Market','Agbaro-Otor Market',NULL,'active','seeded',unixepoch(),unixepoch());
INSERT OR IGNORE INTO profiles (id,subject_id,subject_type,primary_place_id,tenant_id,workspace_id,display_name,created_at,updated_at) VALUES ('prof_s09_supermarket_1825b20bc1f4604c','org_s09_supermarket_1825b20bc1f4604c','organization','place_nigeria_001','tenant_platform_seed','workspace_platform_seed_discovery','Agbaro-Otor Market',unixepoch(),unixepoch());
INSERT OR IGNORE INTO search_entries (id,profile_id,display_name,keywords,ancestry_path,vertical,created_at,updated_at) VALUES ('se_s09_supermarket_1825b20bc1f4604c','prof_s09_supermarket_1825b20bc1f4604c','Agbaro-Otor Market','agbaro-otor market supermarket grocery store retail shopping nigeria','place_nigeria_001','commerce',unixepoch(),unixepoch());
INSERT OR IGNORE INTO seed_ingestion_records (id,seed_run_id,entity_type,entity_id,source_id,status) VALUES ('ir_s09_supermarket_1825b20bc1f4604c','seed_run_s09_osm_supermarkets_20260502','organization','org_s09_supermarket_1825b20bc1f4604c','seed_source_osm_supermarkets_ng_20260502','ingested');
INSERT OR IGNORE INTO seed_entity_sources (id,seed_run_id,entity_type,entity_id,source_id,confidence_tier) VALUES ('es_s09_supermarket_1825b20bc1f4604c','seed_run_s09_osm_supermarkets_20260502','organization','org_s09_supermarket_1825b20bc1f4604c','seed_source_osm_supermarkets_ng_20260502','seeded');
INSERT OR IGNORE INTO seed_enrichment (id,seed_run_id,entity_type,entity_id,enrichment_type,enrichment_json) VALUES ('enr_s09_supermarket_1825b20bc1f4604c','seed_run_s09_osm_supermarkets_20260502','organization','org_s09_supermarket_1825b20bc1f4604c','licence_data','{"osm_id": "5567184408", "amenity": "supermarket", "addr_state": null, "operator": null, "brand": null}');

INSERT OR IGNORE INTO organizations (id,tenant_id,organization_type,legal_name,display_name,registration_number,status,verification_state,created_at,updated_at) VALUES ('org_s09_supermarket_ad6171d1814ec15c','tenant_platform_seed','retail_store','Lee Oasis Supermarket','Lee Oasis Supermarket',NULL,'active','seeded',unixepoch(),unixepoch());
INSERT OR IGNORE INTO profiles (id,subject_id,subject_type,primary_place_id,tenant_id,workspace_id,display_name,created_at,updated_at) VALUES ('prof_s09_supermarket_ad6171d1814ec15c','org_s09_supermarket_ad6171d1814ec15c','organization','place_nigeria_001','tenant_platform_seed','workspace_platform_seed_discovery','Lee Oasis Supermarket',unixepoch(),unixepoch());
INSERT OR IGNORE INTO search_entries (id,profile_id,display_name,keywords,ancestry_path,vertical,created_at,updated_at) VALUES ('se_s09_supermarket_ad6171d1814ec15c','prof_s09_supermarket_ad6171d1814ec15c','Lee Oasis Supermarket','lee oasis supermarket supermarket grocery store retail shopping nigeria','place_nigeria_001','commerce',unixepoch(),unixepoch());
INSERT OR IGNORE INTO seed_ingestion_records (id,seed_run_id,entity_type,entity_id,source_id,status) VALUES ('ir_s09_supermarket_ad6171d1814ec15c','seed_run_s09_osm_supermarkets_20260502','organization','org_s09_supermarket_ad6171d1814ec15c','seed_source_osm_supermarkets_ng_20260502','ingested');
INSERT OR IGNORE INTO seed_entity_sources (id,seed_run_id,entity_type,entity_id,source_id,confidence_tier) VALUES ('es_s09_supermarket_ad6171d1814ec15c','seed_run_s09_osm_supermarkets_20260502','organization','org_s09_supermarket_ad6171d1814ec15c','seed_source_osm_supermarkets_ng_20260502','seeded');
INSERT OR IGNORE INTO seed_enrichment (id,seed_run_id,entity_type,entity_id,enrichment_type,enrichment_json) VALUES ('enr_s09_supermarket_ad6171d1814ec15c','seed_run_s09_osm_supermarkets_20260502','organization','org_s09_supermarket_ad6171d1814ec15c','licence_data','{"osm_id": "5582797234", "amenity": "supermarket", "addr_state": null, "operator": null, "brand": null}');

INSERT OR IGNORE INTO organizations (id,tenant_id,organization_type,legal_name,display_name,registration_number,status,verification_state,created_at,updated_at) VALUES ('org_s09_supermarket_6832a04765f6fcb3','tenant_platform_seed','retail_store','Success Superstore','Success Superstore',NULL,'active','seeded',unixepoch(),unixepoch());
INSERT OR IGNORE INTO profiles (id,subject_id,subject_type,primary_place_id,tenant_id,workspace_id,display_name,created_at,updated_at) VALUES ('prof_s09_supermarket_6832a04765f6fcb3','org_s09_supermarket_6832a04765f6fcb3','organization','place_nigeria_001','tenant_platform_seed','workspace_platform_seed_discovery','Success Superstore',unixepoch(),unixepoch());
INSERT OR IGNORE INTO search_entries (id,profile_id,display_name,keywords,ancestry_path,vertical,created_at,updated_at) VALUES ('se_s09_supermarket_6832a04765f6fcb3','prof_s09_supermarket_6832a04765f6fcb3','Success Superstore','success superstore supermarket grocery store retail shopping nigeria','place_nigeria_001','commerce',unixepoch(),unixepoch());
INSERT OR IGNORE INTO seed_ingestion_records (id,seed_run_id,entity_type,entity_id,source_id,status) VALUES ('ir_s09_supermarket_6832a04765f6fcb3','seed_run_s09_osm_supermarkets_20260502','organization','org_s09_supermarket_6832a04765f6fcb3','seed_source_osm_supermarkets_ng_20260502','ingested');
INSERT OR IGNORE INTO seed_entity_sources (id,seed_run_id,entity_type,entity_id,source_id,confidence_tier) VALUES ('es_s09_supermarket_6832a04765f6fcb3','seed_run_s09_osm_supermarkets_20260502','organization','org_s09_supermarket_6832a04765f6fcb3','seed_source_osm_supermarkets_ng_20260502','seeded');
INSERT OR IGNORE INTO seed_enrichment (id,seed_run_id,entity_type,entity_id,enrichment_type,enrichment_json) VALUES ('enr_s09_supermarket_6832a04765f6fcb3','seed_run_s09_osm_supermarkets_20260502','organization','org_s09_supermarket_6832a04765f6fcb3','licence_data','{"osm_id": "5586213223", "amenity": "supermarket", "addr_state": null, "operator": null, "brand": null}');

INSERT OR IGNORE INTO organizations (id,tenant_id,organization_type,legal_name,display_name,registration_number,status,verification_state,created_at,updated_at) VALUES ('org_s09_supermarket_0daf3c38721c2a5c','tenant_platform_seed','retail_store','Shopping Centre','Shopping Centre',NULL,'active','seeded',unixepoch(),unixepoch());
INSERT OR IGNORE INTO profiles (id,subject_id,subject_type,primary_place_id,tenant_id,workspace_id,display_name,created_at,updated_at) VALUES ('prof_s09_supermarket_0daf3c38721c2a5c','org_s09_supermarket_0daf3c38721c2a5c','organization','place_nigeria_001','tenant_platform_seed','workspace_platform_seed_discovery','Shopping Centre',unixepoch(),unixepoch());
INSERT OR IGNORE INTO search_entries (id,profile_id,display_name,keywords,ancestry_path,vertical,created_at,updated_at) VALUES ('se_s09_supermarket_0daf3c38721c2a5c','prof_s09_supermarket_0daf3c38721c2a5c','Shopping Centre','shopping centre supermarket grocery store retail shopping nigeria','place_nigeria_001','commerce',unixepoch(),unixepoch());
INSERT OR IGNORE INTO seed_ingestion_records (id,seed_run_id,entity_type,entity_id,source_id,status) VALUES ('ir_s09_supermarket_0daf3c38721c2a5c','seed_run_s09_osm_supermarkets_20260502','organization','org_s09_supermarket_0daf3c38721c2a5c','seed_source_osm_supermarkets_ng_20260502','ingested');
INSERT OR IGNORE INTO seed_entity_sources (id,seed_run_id,entity_type,entity_id,source_id,confidence_tier) VALUES ('es_s09_supermarket_0daf3c38721c2a5c','seed_run_s09_osm_supermarkets_20260502','organization','org_s09_supermarket_0daf3c38721c2a5c','seed_source_osm_supermarkets_ng_20260502','seeded');
INSERT OR IGNORE INTO seed_enrichment (id,seed_run_id,entity_type,entity_id,enrichment_type,enrichment_json) VALUES ('enr_s09_supermarket_0daf3c38721c2a5c','seed_run_s09_osm_supermarkets_20260502','organization','org_s09_supermarket_0daf3c38721c2a5c','licence_data','{"osm_id": "5586872021", "amenity": "supermarket", "addr_state": null, "operator": null, "brand": null}');

INSERT OR IGNORE INTO organizations (id,tenant_id,organization_type,legal_name,display_name,registration_number,status,verification_state,created_at,updated_at) VALUES ('org_s09_supermarket_77fed25eaa76c5b4','tenant_platform_seed','retail_store','King  star','King  star',NULL,'active','seeded',unixepoch(),unixepoch());
INSERT OR IGNORE INTO profiles (id,subject_id,subject_type,primary_place_id,tenant_id,workspace_id,display_name,created_at,updated_at) VALUES ('prof_s09_supermarket_77fed25eaa76c5b4','org_s09_supermarket_77fed25eaa76c5b4','organization','place_nigeria_001','tenant_platform_seed','workspace_platform_seed_discovery','King  star',unixepoch(),unixepoch());
INSERT OR IGNORE INTO search_entries (id,profile_id,display_name,keywords,ancestry_path,vertical,created_at,updated_at) VALUES ('se_s09_supermarket_77fed25eaa76c5b4','prof_s09_supermarket_77fed25eaa76c5b4','King  star','king  star supermarket grocery store retail shopping nigeria','place_nigeria_001','commerce',unixepoch(),unixepoch());
INSERT OR IGNORE INTO seed_ingestion_records (id,seed_run_id,entity_type,entity_id,source_id,status) VALUES ('ir_s09_supermarket_77fed25eaa76c5b4','seed_run_s09_osm_supermarkets_20260502','organization','org_s09_supermarket_77fed25eaa76c5b4','seed_source_osm_supermarkets_ng_20260502','ingested');
INSERT OR IGNORE INTO seed_entity_sources (id,seed_run_id,entity_type,entity_id,source_id,confidence_tier) VALUES ('es_s09_supermarket_77fed25eaa76c5b4','seed_run_s09_osm_supermarkets_20260502','organization','org_s09_supermarket_77fed25eaa76c5b4','seed_source_osm_supermarkets_ng_20260502','seeded');
INSERT OR IGNORE INTO seed_enrichment (id,seed_run_id,entity_type,entity_id,enrichment_type,enrichment_json) VALUES ('enr_s09_supermarket_77fed25eaa76c5b4','seed_run_s09_osm_supermarkets_20260502','organization','org_s09_supermarket_77fed25eaa76c5b4','licence_data','{"osm_id": "5590588021", "amenity": "supermarket", "addr_state": null, "operator": null, "brand": null}');

INSERT OR IGNORE INTO organizations (id,tenant_id,organization_type,legal_name,display_name,registration_number,status,verification_state,created_at,updated_at) VALUES ('org_s09_supermarket_30391a3a20bac254','tenant_platform_seed','retail_store','Richie Supermarket','Richie Supermarket',NULL,'active','seeded',unixepoch(),unixepoch());
INSERT OR IGNORE INTO profiles (id,subject_id,subject_type,primary_place_id,tenant_id,workspace_id,display_name,created_at,updated_at) VALUES ('prof_s09_supermarket_30391a3a20bac254','org_s09_supermarket_30391a3a20bac254','organization','place_nigeria_001','tenant_platform_seed','workspace_platform_seed_discovery','Richie Supermarket',unixepoch(),unixepoch());
INSERT OR IGNORE INTO search_entries (id,profile_id,display_name,keywords,ancestry_path,vertical,created_at,updated_at) VALUES ('se_s09_supermarket_30391a3a20bac254','prof_s09_supermarket_30391a3a20bac254','Richie Supermarket','richie supermarket supermarket grocery store retail shopping nigeria','place_nigeria_001','commerce',unixepoch(),unixepoch());
INSERT OR IGNORE INTO seed_ingestion_records (id,seed_run_id,entity_type,entity_id,source_id,status) VALUES ('ir_s09_supermarket_30391a3a20bac254','seed_run_s09_osm_supermarkets_20260502','organization','org_s09_supermarket_30391a3a20bac254','seed_source_osm_supermarkets_ng_20260502','ingested');
INSERT OR IGNORE INTO seed_entity_sources (id,seed_run_id,entity_type,entity_id,source_id,confidence_tier) VALUES ('es_s09_supermarket_30391a3a20bac254','seed_run_s09_osm_supermarkets_20260502','organization','org_s09_supermarket_30391a3a20bac254','seed_source_osm_supermarkets_ng_20260502','seeded');
INSERT OR IGNORE INTO seed_enrichment (id,seed_run_id,entity_type,entity_id,enrichment_type,enrichment_json) VALUES ('enr_s09_supermarket_30391a3a20bac254','seed_run_s09_osm_supermarkets_20260502','organization','org_s09_supermarket_30391a3a20bac254','licence_data','{"osm_id": "5593033521", "amenity": "supermarket", "addr_state": null, "operator": null, "brand": null}');

INSERT OR IGNORE INTO organizations (id,tenant_id,organization_type,legal_name,display_name,registration_number,status,verification_state,created_at,updated_at) VALUES ('org_s09_supermarket_4b9300cb63216138','tenant_platform_seed','retail_store','Linjo Supermarket','Linjo Supermarket',NULL,'active','seeded',unixepoch(),unixepoch());
INSERT OR IGNORE INTO profiles (id,subject_id,subject_type,primary_place_id,tenant_id,workspace_id,display_name,created_at,updated_at) VALUES ('prof_s09_supermarket_4b9300cb63216138','org_s09_supermarket_4b9300cb63216138','organization','place_nigeria_001','tenant_platform_seed','workspace_platform_seed_discovery','Linjo Supermarket',unixepoch(),unixepoch());
INSERT OR IGNORE INTO search_entries (id,profile_id,display_name,keywords,ancestry_path,vertical,created_at,updated_at) VALUES ('se_s09_supermarket_4b9300cb63216138','prof_s09_supermarket_4b9300cb63216138','Linjo Supermarket','linjo supermarket supermarket grocery store retail shopping nigeria','place_nigeria_001','commerce',unixepoch(),unixepoch());
INSERT OR IGNORE INTO seed_ingestion_records (id,seed_run_id,entity_type,entity_id,source_id,status) VALUES ('ir_s09_supermarket_4b9300cb63216138','seed_run_s09_osm_supermarkets_20260502','organization','org_s09_supermarket_4b9300cb63216138','seed_source_osm_supermarkets_ng_20260502','ingested');
INSERT OR IGNORE INTO seed_entity_sources (id,seed_run_id,entity_type,entity_id,source_id,confidence_tier) VALUES ('es_s09_supermarket_4b9300cb63216138','seed_run_s09_osm_supermarkets_20260502','organization','org_s09_supermarket_4b9300cb63216138','seed_source_osm_supermarkets_ng_20260502','seeded');
INSERT OR IGNORE INTO seed_enrichment (id,seed_run_id,entity_type,entity_id,enrichment_type,enrichment_json) VALUES ('enr_s09_supermarket_4b9300cb63216138','seed_run_s09_osm_supermarkets_20260502','organization','org_s09_supermarket_4b9300cb63216138','licence_data','{"osm_id": "5597055426", "amenity": "supermarket", "addr_state": null, "operator": null, "brand": null}');

INSERT OR IGNORE INTO organizations (id,tenant_id,organization_type,legal_name,display_name,registration_number,status,verification_state,created_at,updated_at) VALUES ('org_s09_supermarket_dc785776bdc734c9','tenant_platform_seed','retail_store','Everyday Supermarket','Everyday Supermarket',NULL,'active','seeded',unixepoch(),unixepoch());
INSERT OR IGNORE INTO profiles (id,subject_id,subject_type,primary_place_id,tenant_id,workspace_id,display_name,created_at,updated_at) VALUES ('prof_s09_supermarket_dc785776bdc734c9','org_s09_supermarket_dc785776bdc734c9','organization','place_nigeria_001','tenant_platform_seed','workspace_platform_seed_discovery','Everyday Supermarket',unixepoch(),unixepoch());
INSERT OR IGNORE INTO search_entries (id,profile_id,display_name,keywords,ancestry_path,vertical,created_at,updated_at) VALUES ('se_s09_supermarket_dc785776bdc734c9','prof_s09_supermarket_dc785776bdc734c9','Everyday Supermarket','everyday supermarket supermarket grocery store retail shopping nigeria','place_nigeria_001','commerce',unixepoch(),unixepoch());
INSERT OR IGNORE INTO seed_ingestion_records (id,seed_run_id,entity_type,entity_id,source_id,status) VALUES ('ir_s09_supermarket_dc785776bdc734c9','seed_run_s09_osm_supermarkets_20260502','organization','org_s09_supermarket_dc785776bdc734c9','seed_source_osm_supermarkets_ng_20260502','ingested');
INSERT OR IGNORE INTO seed_entity_sources (id,seed_run_id,entity_type,entity_id,source_id,confidence_tier) VALUES ('es_s09_supermarket_dc785776bdc734c9','seed_run_s09_osm_supermarkets_20260502','organization','org_s09_supermarket_dc785776bdc734c9','seed_source_osm_supermarkets_ng_20260502','seeded');
INSERT OR IGNORE INTO seed_enrichment (id,seed_run_id,entity_type,entity_id,enrichment_type,enrichment_json) VALUES ('enr_s09_supermarket_dc785776bdc734c9','seed_run_s09_osm_supermarkets_20260502','organization','org_s09_supermarket_dc785776bdc734c9','licence_data','{"osm_id": "5599578827", "amenity": "supermarket", "addr_state": null, "operator": null, "brand": null}');

INSERT OR IGNORE INTO organizations (id,tenant_id,organization_type,legal_name,display_name,registration_number,status,verification_state,created_at,updated_at) VALUES ('org_s09_supermarket_ad4a537db1677bd1','tenant_platform_seed','retail_store','Petroriv Integrated Resources','Petroriv Integrated Resources',NULL,'active','seeded',unixepoch(),unixepoch());
INSERT OR IGNORE INTO profiles (id,subject_id,subject_type,primary_place_id,tenant_id,workspace_id,display_name,created_at,updated_at) VALUES ('prof_s09_supermarket_ad4a537db1677bd1','org_s09_supermarket_ad4a537db1677bd1','organization','place_nigeria_001','tenant_platform_seed','workspace_platform_seed_discovery','Petroriv Integrated Resources',unixepoch(),unixepoch());
INSERT OR IGNORE INTO search_entries (id,profile_id,display_name,keywords,ancestry_path,vertical,created_at,updated_at) VALUES ('se_s09_supermarket_ad4a537db1677bd1','prof_s09_supermarket_ad4a537db1677bd1','Petroriv Integrated Resources','petroriv integrated resources supermarket grocery store retail shopping nigeria','place_nigeria_001','commerce',unixepoch(),unixepoch());
INSERT OR IGNORE INTO seed_ingestion_records (id,seed_run_id,entity_type,entity_id,source_id,status) VALUES ('ir_s09_supermarket_ad4a537db1677bd1','seed_run_s09_osm_supermarkets_20260502','organization','org_s09_supermarket_ad4a537db1677bd1','seed_source_osm_supermarkets_ng_20260502','ingested');
INSERT OR IGNORE INTO seed_entity_sources (id,seed_run_id,entity_type,entity_id,source_id,confidence_tier) VALUES ('es_s09_supermarket_ad4a537db1677bd1','seed_run_s09_osm_supermarkets_20260502','organization','org_s09_supermarket_ad4a537db1677bd1','seed_source_osm_supermarkets_ng_20260502','seeded');
INSERT OR IGNORE INTO seed_enrichment (id,seed_run_id,entity_type,entity_id,enrichment_type,enrichment_json) VALUES ('enr_s09_supermarket_ad4a537db1677bd1','seed_run_s09_osm_supermarkets_20260502','organization','org_s09_supermarket_ad4a537db1677bd1','licence_data','{"osm_id": "5599601025", "amenity": "supermarket", "addr_state": null, "operator": null, "brand": null}');

INSERT OR IGNORE INTO organizations (id,tenant_id,organization_type,legal_name,display_name,registration_number,status,verification_state,created_at,updated_at) VALUES ('org_s09_supermarket_ce802091a6dc420a','tenant_platform_seed','retail_store','Rumurolu Mordern Market','Rumurolu Mordern Market',NULL,'active','seeded',unixepoch(),unixepoch());
INSERT OR IGNORE INTO profiles (id,subject_id,subject_type,primary_place_id,tenant_id,workspace_id,display_name,created_at,updated_at) VALUES ('prof_s09_supermarket_ce802091a6dc420a','org_s09_supermarket_ce802091a6dc420a','organization','place_nigeria_001','tenant_platform_seed','workspace_platform_seed_discovery','Rumurolu Mordern Market',unixepoch(),unixepoch());
INSERT OR IGNORE INTO search_entries (id,profile_id,display_name,keywords,ancestry_path,vertical,created_at,updated_at) VALUES ('se_s09_supermarket_ce802091a6dc420a','prof_s09_supermarket_ce802091a6dc420a','Rumurolu Mordern Market','rumurolu mordern market supermarket grocery store retail shopping nigeria','place_nigeria_001','commerce',unixepoch(),unixepoch());
INSERT OR IGNORE INTO seed_ingestion_records (id,seed_run_id,entity_type,entity_id,source_id,status) VALUES ('ir_s09_supermarket_ce802091a6dc420a','seed_run_s09_osm_supermarkets_20260502','organization','org_s09_supermarket_ce802091a6dc420a','seed_source_osm_supermarkets_ng_20260502','ingested');
INSERT OR IGNORE INTO seed_entity_sources (id,seed_run_id,entity_type,entity_id,source_id,confidence_tier) VALUES ('es_s09_supermarket_ce802091a6dc420a','seed_run_s09_osm_supermarkets_20260502','organization','org_s09_supermarket_ce802091a6dc420a','seed_source_osm_supermarkets_ng_20260502','seeded');
INSERT OR IGNORE INTO seed_enrichment (id,seed_run_id,entity_type,entity_id,enrichment_type,enrichment_json) VALUES ('enr_s09_supermarket_ce802091a6dc420a','seed_run_s09_osm_supermarkets_20260502','organization','org_s09_supermarket_ce802091a6dc420a','licence_data','{"osm_id": "5600363623", "amenity": "supermarket", "addr_state": null, "operator": null, "brand": null}');

INSERT OR IGNORE INTO organizations (id,tenant_id,organization_type,legal_name,display_name,registration_number,status,verification_state,created_at,updated_at) VALUES ('org_s09_supermarket_f11b01c67bbdbb21','tenant_platform_seed','retail_store','Richie Supermarket','Richie Supermarket',NULL,'active','seeded',unixepoch(),unixepoch());
INSERT OR IGNORE INTO profiles (id,subject_id,subject_type,primary_place_id,tenant_id,workspace_id,display_name,created_at,updated_at) VALUES ('prof_s09_supermarket_f11b01c67bbdbb21','org_s09_supermarket_f11b01c67bbdbb21','organization','place_nigeria_001','tenant_platform_seed','workspace_platform_seed_discovery','Richie Supermarket',unixepoch(),unixepoch());
INSERT OR IGNORE INTO search_entries (id,profile_id,display_name,keywords,ancestry_path,vertical,created_at,updated_at) VALUES ('se_s09_supermarket_f11b01c67bbdbb21','prof_s09_supermarket_f11b01c67bbdbb21','Richie Supermarket','richie supermarket supermarket grocery store retail shopping nigeria','place_nigeria_001','commerce',unixepoch(),unixepoch());
INSERT OR IGNORE INTO seed_ingestion_records (id,seed_run_id,entity_type,entity_id,source_id,status) VALUES ('ir_s09_supermarket_f11b01c67bbdbb21','seed_run_s09_osm_supermarkets_20260502','organization','org_s09_supermarket_f11b01c67bbdbb21','seed_source_osm_supermarkets_ng_20260502','ingested');
INSERT OR IGNORE INTO seed_entity_sources (id,seed_run_id,entity_type,entity_id,source_id,confidence_tier) VALUES ('es_s09_supermarket_f11b01c67bbdbb21','seed_run_s09_osm_supermarkets_20260502','organization','org_s09_supermarket_f11b01c67bbdbb21','seed_source_osm_supermarkets_ng_20260502','seeded');
INSERT OR IGNORE INTO seed_enrichment (id,seed_run_id,entity_type,entity_id,enrichment_type,enrichment_json) VALUES ('enr_s09_supermarket_f11b01c67bbdbb21','seed_run_s09_osm_supermarkets_20260502','organization','org_s09_supermarket_f11b01c67bbdbb21','licence_data','{"osm_id": "5622954421", "amenity": "supermarket", "addr_state": null, "operator": null, "brand": null}');

INSERT OR IGNORE INTO organizations (id,tenant_id,organization_type,legal_name,display_name,registration_number,status,verification_state,created_at,updated_at) VALUES ('org_s09_supermarket_0b2cd9953f1f2787','tenant_platform_seed','retail_store','Shoprite','Shoprite',NULL,'active','seeded',unixepoch(),unixepoch());
INSERT OR IGNORE INTO profiles (id,subject_id,subject_type,primary_place_id,tenant_id,workspace_id,display_name,created_at,updated_at) VALUES ('prof_s09_supermarket_0b2cd9953f1f2787','org_s09_supermarket_0b2cd9953f1f2787','organization','place_nigeria_001','tenant_platform_seed','workspace_platform_seed_discovery','Shoprite',unixepoch(),unixepoch());
INSERT OR IGNORE INTO search_entries (id,profile_id,display_name,keywords,ancestry_path,vertical,created_at,updated_at) VALUES ('se_s09_supermarket_0b2cd9953f1f2787','prof_s09_supermarket_0b2cd9953f1f2787','Shoprite','shoprite supermarket grocery store retail shopping nigeria','place_nigeria_001','commerce',unixepoch(),unixepoch());
INSERT OR IGNORE INTO seed_ingestion_records (id,seed_run_id,entity_type,entity_id,source_id,status) VALUES ('ir_s09_supermarket_0b2cd9953f1f2787','seed_run_s09_osm_supermarkets_20260502','organization','org_s09_supermarket_0b2cd9953f1f2787','seed_source_osm_supermarkets_ng_20260502','ingested');
INSERT OR IGNORE INTO seed_entity_sources (id,seed_run_id,entity_type,entity_id,source_id,confidence_tier) VALUES ('es_s09_supermarket_0b2cd9953f1f2787','seed_run_s09_osm_supermarkets_20260502','organization','org_s09_supermarket_0b2cd9953f1f2787','seed_source_osm_supermarkets_ng_20260502','seeded');
INSERT OR IGNORE INTO seed_enrichment (id,seed_run_id,entity_type,entity_id,enrichment_type,enrichment_json) VALUES ('enr_s09_supermarket_0b2cd9953f1f2787','seed_run_s09_osm_supermarkets_20260502','organization','org_s09_supermarket_0b2cd9953f1f2787','licence_data','{"osm_id": "5624967923", "amenity": "supermarket", "addr_state": null, "operator": null, "brand": "Shoprite"}');

INSERT OR IGNORE INTO organizations (id,tenant_id,organization_type,legal_name,display_name,registration_number,status,verification_state,created_at,updated_at) VALUES ('org_s09_supermarket_338fb47a38077d40','tenant_platform_seed','retail_store','Mandy''s Supermarket','Mandy''s Supermarket',NULL,'active','seeded',unixepoch(),unixepoch());
INSERT OR IGNORE INTO profiles (id,subject_id,subject_type,primary_place_id,tenant_id,workspace_id,display_name,created_at,updated_at) VALUES ('prof_s09_supermarket_338fb47a38077d40','org_s09_supermarket_338fb47a38077d40','organization','place_nigeria_001','tenant_platform_seed','workspace_platform_seed_discovery','Mandy''s Supermarket',unixepoch(),unixepoch());
INSERT OR IGNORE INTO search_entries (id,profile_id,display_name,keywords,ancestry_path,vertical,created_at,updated_at) VALUES ('se_s09_supermarket_338fb47a38077d40','prof_s09_supermarket_338fb47a38077d40','Mandy''s Supermarket','mandy''s supermarket supermarket grocery store retail shopping nigeria','place_nigeria_001','commerce',unixepoch(),unixepoch());
INSERT OR IGNORE INTO seed_ingestion_records (id,seed_run_id,entity_type,entity_id,source_id,status) VALUES ('ir_s09_supermarket_338fb47a38077d40','seed_run_s09_osm_supermarkets_20260502','organization','org_s09_supermarket_338fb47a38077d40','seed_source_osm_supermarkets_ng_20260502','ingested');
INSERT OR IGNORE INTO seed_entity_sources (id,seed_run_id,entity_type,entity_id,source_id,confidence_tier) VALUES ('es_s09_supermarket_338fb47a38077d40','seed_run_s09_osm_supermarkets_20260502','organization','org_s09_supermarket_338fb47a38077d40','seed_source_osm_supermarkets_ng_20260502','seeded');
INSERT OR IGNORE INTO seed_enrichment (id,seed_run_id,entity_type,entity_id,enrichment_type,enrichment_json) VALUES ('enr_s09_supermarket_338fb47a38077d40','seed_run_s09_osm_supermarkets_20260502','organization','org_s09_supermarket_338fb47a38077d40','licence_data','{"osm_id": "5649641160", "amenity": "supermarket", "addr_state": null, "operator": null, "brand": null}');

INSERT OR IGNORE INTO organizations (id,tenant_id,organization_type,legal_name,display_name,registration_number,status,verification_state,created_at,updated_at) VALUES ('org_s09_supermarket_116ad71473937523','tenant_platform_seed','retail_store','One Source Mart','One Source Mart',NULL,'active','seeded',unixepoch(),unixepoch());
INSERT OR IGNORE INTO profiles (id,subject_id,subject_type,primary_place_id,tenant_id,workspace_id,display_name,created_at,updated_at) VALUES ('prof_s09_supermarket_116ad71473937523','org_s09_supermarket_116ad71473937523','organization','place_nigeria_001','tenant_platform_seed','workspace_platform_seed_discovery','One Source Mart',unixepoch(),unixepoch());
INSERT OR IGNORE INTO search_entries (id,profile_id,display_name,keywords,ancestry_path,vertical,created_at,updated_at) VALUES ('se_s09_supermarket_116ad71473937523','prof_s09_supermarket_116ad71473937523','One Source Mart','one source mart supermarket grocery store retail shopping nigeria','place_nigeria_001','commerce',unixepoch(),unixepoch());
INSERT OR IGNORE INTO seed_ingestion_records (id,seed_run_id,entity_type,entity_id,source_id,status) VALUES ('ir_s09_supermarket_116ad71473937523','seed_run_s09_osm_supermarkets_20260502','organization','org_s09_supermarket_116ad71473937523','seed_source_osm_supermarkets_ng_20260502','ingested');
INSERT OR IGNORE INTO seed_entity_sources (id,seed_run_id,entity_type,entity_id,source_id,confidence_tier) VALUES ('es_s09_supermarket_116ad71473937523','seed_run_s09_osm_supermarkets_20260502','organization','org_s09_supermarket_116ad71473937523','seed_source_osm_supermarkets_ng_20260502','seeded');
INSERT OR IGNORE INTO seed_enrichment (id,seed_run_id,entity_type,entity_id,enrichment_type,enrichment_json) VALUES ('enr_s09_supermarket_116ad71473937523','seed_run_s09_osm_supermarkets_20260502','organization','org_s09_supermarket_116ad71473937523','licence_data','{"osm_id": "5665334410", "amenity": "supermarket", "addr_state": null, "operator": null, "brand": null}');

INSERT OR IGNORE INTO organizations (id,tenant_id,organization_type,legal_name,display_name,registration_number,status,verification_state,created_at,updated_at) VALUES ('org_s09_supermarket_a1c4db1cf0b5c5eb','tenant_platform_seed','retail_store','Just Rite','Just Rite',NULL,'active','seeded',unixepoch(),unixepoch());
INSERT OR IGNORE INTO profiles (id,subject_id,subject_type,primary_place_id,tenant_id,workspace_id,display_name,created_at,updated_at) VALUES ('prof_s09_supermarket_a1c4db1cf0b5c5eb','org_s09_supermarket_a1c4db1cf0b5c5eb','organization','place_nigeria_001','tenant_platform_seed','workspace_platform_seed_discovery','Just Rite',unixepoch(),unixepoch());
INSERT OR IGNORE INTO search_entries (id,profile_id,display_name,keywords,ancestry_path,vertical,created_at,updated_at) VALUES ('se_s09_supermarket_a1c4db1cf0b5c5eb','prof_s09_supermarket_a1c4db1cf0b5c5eb','Just Rite','just rite supermarket grocery store retail shopping nigeria','place_nigeria_001','commerce',unixepoch(),unixepoch());
INSERT OR IGNORE INTO seed_ingestion_records (id,seed_run_id,entity_type,entity_id,source_id,status) VALUES ('ir_s09_supermarket_a1c4db1cf0b5c5eb','seed_run_s09_osm_supermarkets_20260502','organization','org_s09_supermarket_a1c4db1cf0b5c5eb','seed_source_osm_supermarkets_ng_20260502','ingested');
INSERT OR IGNORE INTO seed_entity_sources (id,seed_run_id,entity_type,entity_id,source_id,confidence_tier) VALUES ('es_s09_supermarket_a1c4db1cf0b5c5eb','seed_run_s09_osm_supermarkets_20260502','organization','org_s09_supermarket_a1c4db1cf0b5c5eb','seed_source_osm_supermarkets_ng_20260502','seeded');
INSERT OR IGNORE INTO seed_enrichment (id,seed_run_id,entity_type,entity_id,enrichment_type,enrichment_json) VALUES ('enr_s09_supermarket_a1c4db1cf0b5c5eb','seed_run_s09_osm_supermarkets_20260502','organization','org_s09_supermarket_a1c4db1cf0b5c5eb','licence_data','{"osm_id": "5674250823", "amenity": "supermarket", "addr_state": null, "operator": null, "brand": null}');

INSERT OR IGNORE INTO organizations (id,tenant_id,organization_type,legal_name,display_name,registration_number,status,verification_state,created_at,updated_at) VALUES ('org_s09_supermarket_bf8d62a3821bae68','tenant_platform_seed','retail_store','Domino','Domino',NULL,'active','seeded',unixepoch(),unixepoch());
INSERT OR IGNORE INTO profiles (id,subject_id,subject_type,primary_place_id,tenant_id,workspace_id,display_name,created_at,updated_at) VALUES ('prof_s09_supermarket_bf8d62a3821bae68','org_s09_supermarket_bf8d62a3821bae68','organization','place_nigeria_001','tenant_platform_seed','workspace_platform_seed_discovery','Domino',unixepoch(),unixepoch());
INSERT OR IGNORE INTO search_entries (id,profile_id,display_name,keywords,ancestry_path,vertical,created_at,updated_at) VALUES ('se_s09_supermarket_bf8d62a3821bae68','prof_s09_supermarket_bf8d62a3821bae68','Domino','domino supermarket grocery store retail shopping nigeria','place_nigeria_001','commerce',unixepoch(),unixepoch());
INSERT OR IGNORE INTO seed_ingestion_records (id,seed_run_id,entity_type,entity_id,source_id,status) VALUES ('ir_s09_supermarket_bf8d62a3821bae68','seed_run_s09_osm_supermarkets_20260502','organization','org_s09_supermarket_bf8d62a3821bae68','seed_source_osm_supermarkets_ng_20260502','ingested');
INSERT OR IGNORE INTO seed_entity_sources (id,seed_run_id,entity_type,entity_id,source_id,confidence_tier) VALUES ('es_s09_supermarket_bf8d62a3821bae68','seed_run_s09_osm_supermarkets_20260502','organization','org_s09_supermarket_bf8d62a3821bae68','seed_source_osm_supermarkets_ng_20260502','seeded');
INSERT OR IGNORE INTO seed_enrichment (id,seed_run_id,entity_type,entity_id,enrichment_type,enrichment_json) VALUES ('enr_s09_supermarket_bf8d62a3821bae68','seed_run_s09_osm_supermarkets_20260502','organization','org_s09_supermarket_bf8d62a3821bae68','licence_data','{"osm_id": "5781787336", "amenity": "supermarket", "addr_state": null, "operator": null, "brand": null}');

INSERT OR IGNORE INTO organizations (id,tenant_id,organization_type,legal_name,display_name,registration_number,status,verification_state,created_at,updated_at) VALUES ('org_s09_supermarket_50cb3917abad9824','tenant_platform_seed','retail_store','ShopRite','ShopRite',NULL,'active','seeded',unixepoch(),unixepoch());
INSERT OR IGNORE INTO profiles (id,subject_id,subject_type,primary_place_id,tenant_id,workspace_id,display_name,created_at,updated_at) VALUES ('prof_s09_supermarket_50cb3917abad9824','org_s09_supermarket_50cb3917abad9824','organization','place_nigeria_001','tenant_platform_seed','workspace_platform_seed_discovery','ShopRite',unixepoch(),unixepoch());
INSERT OR IGNORE INTO search_entries (id,profile_id,display_name,keywords,ancestry_path,vertical,created_at,updated_at) VALUES ('se_s09_supermarket_50cb3917abad9824','prof_s09_supermarket_50cb3917abad9824','ShopRite','shoprite supermarket grocery store retail shopping nigeria','place_nigeria_001','commerce',unixepoch(),unixepoch());
INSERT OR IGNORE INTO seed_ingestion_records (id,seed_run_id,entity_type,entity_id,source_id,status) VALUES ('ir_s09_supermarket_50cb3917abad9824','seed_run_s09_osm_supermarkets_20260502','organization','org_s09_supermarket_50cb3917abad9824','seed_source_osm_supermarkets_ng_20260502','ingested');
INSERT OR IGNORE INTO seed_entity_sources (id,seed_run_id,entity_type,entity_id,source_id,confidence_tier) VALUES ('es_s09_supermarket_50cb3917abad9824','seed_run_s09_osm_supermarkets_20260502','organization','org_s09_supermarket_50cb3917abad9824','seed_source_osm_supermarkets_ng_20260502','seeded');
INSERT OR IGNORE INTO seed_enrichment (id,seed_run_id,entity_type,entity_id,enrichment_type,enrichment_json) VALUES ('enr_s09_supermarket_50cb3917abad9824','seed_run_s09_osm_supermarkets_20260502','organization','org_s09_supermarket_50cb3917abad9824','licence_data','{"osm_id": "5908348927", "amenity": "supermarket", "addr_state": null, "operator": null, "brand": null}');

INSERT OR IGNORE INTO organizations (id,tenant_id,organization_type,legal_name,display_name,registration_number,status,verification_state,created_at,updated_at) VALUES ('org_s09_supermarket_9d50dfda4082b70c','tenant_platform_seed','retail_store','Oriwu Pharmacy & Supermarket','Oriwu Pharmacy & Supermarket',NULL,'active','seeded',unixepoch(),unixepoch());
INSERT OR IGNORE INTO profiles (id,subject_id,subject_type,primary_place_id,tenant_id,workspace_id,display_name,created_at,updated_at) VALUES ('prof_s09_supermarket_9d50dfda4082b70c','org_s09_supermarket_9d50dfda4082b70c','organization','place_nigeria_001','tenant_platform_seed','workspace_platform_seed_discovery','Oriwu Pharmacy & Supermarket',unixepoch(),unixepoch());
INSERT OR IGNORE INTO search_entries (id,profile_id,display_name,keywords,ancestry_path,vertical,created_at,updated_at) VALUES ('se_s09_supermarket_9d50dfda4082b70c','prof_s09_supermarket_9d50dfda4082b70c','Oriwu Pharmacy & Supermarket','oriwu pharmacy & supermarket supermarket grocery store retail shopping nigeria','place_nigeria_001','commerce',unixepoch(),unixepoch());
INSERT OR IGNORE INTO seed_ingestion_records (id,seed_run_id,entity_type,entity_id,source_id,status) VALUES ('ir_s09_supermarket_9d50dfda4082b70c','seed_run_s09_osm_supermarkets_20260502','organization','org_s09_supermarket_9d50dfda4082b70c','seed_source_osm_supermarkets_ng_20260502','ingested');
INSERT OR IGNORE INTO seed_entity_sources (id,seed_run_id,entity_type,entity_id,source_id,confidence_tier) VALUES ('es_s09_supermarket_9d50dfda4082b70c','seed_run_s09_osm_supermarkets_20260502','organization','org_s09_supermarket_9d50dfda4082b70c','seed_source_osm_supermarkets_ng_20260502','seeded');
INSERT OR IGNORE INTO seed_enrichment (id,seed_run_id,entity_type,entity_id,enrichment_type,enrichment_json) VALUES ('enr_s09_supermarket_9d50dfda4082b70c','seed_run_s09_osm_supermarkets_20260502','organization','org_s09_supermarket_9d50dfda4082b70c','licence_data','{"osm_id": "6465379773", "amenity": "pharmacy", "addr_state": null, "operator": null, "brand": null}');

INSERT OR IGNORE INTO organizations (id,tenant_id,organization_type,legal_name,display_name,registration_number,status,verification_state,created_at,updated_at) VALUES ('org_s09_supermarket_a3711d68c1913232','tenant_platform_seed','retail_store','Foodco','Foodco',NULL,'active','seeded',unixepoch(),unixepoch());
INSERT OR IGNORE INTO profiles (id,subject_id,subject_type,primary_place_id,tenant_id,workspace_id,display_name,created_at,updated_at) VALUES ('prof_s09_supermarket_a3711d68c1913232','org_s09_supermarket_a3711d68c1913232','organization','place_nigeria_001','tenant_platform_seed','workspace_platform_seed_discovery','Foodco',unixepoch(),unixepoch());
INSERT OR IGNORE INTO search_entries (id,profile_id,display_name,keywords,ancestry_path,vertical,created_at,updated_at) VALUES ('se_s09_supermarket_a3711d68c1913232','prof_s09_supermarket_a3711d68c1913232','Foodco','foodco supermarket grocery store retail shopping nigeria','place_nigeria_001','commerce',unixepoch(),unixepoch());
INSERT OR IGNORE INTO seed_ingestion_records (id,seed_run_id,entity_type,entity_id,source_id,status) VALUES ('ir_s09_supermarket_a3711d68c1913232','seed_run_s09_osm_supermarkets_20260502','organization','org_s09_supermarket_a3711d68c1913232','seed_source_osm_supermarkets_ng_20260502','ingested');
INSERT OR IGNORE INTO seed_entity_sources (id,seed_run_id,entity_type,entity_id,source_id,confidence_tier) VALUES ('es_s09_supermarket_a3711d68c1913232','seed_run_s09_osm_supermarkets_20260502','organization','org_s09_supermarket_a3711d68c1913232','seed_source_osm_supermarkets_ng_20260502','seeded');
INSERT OR IGNORE INTO seed_enrichment (id,seed_run_id,entity_type,entity_id,enrichment_type,enrichment_json) VALUES ('enr_s09_supermarket_a3711d68c1913232','seed_run_s09_osm_supermarkets_20260502','organization','org_s09_supermarket_a3711d68c1913232','licence_data','{"osm_id": "6576791279", "amenity": "supermarket", "addr_state": null, "operator": null, "brand": null}');

INSERT OR IGNORE INTO organizations (id,tenant_id,organization_type,legal_name,display_name,registration_number,status,verification_state,created_at,updated_at) VALUES ('org_s09_supermarket_4e887da27907e500','tenant_platform_seed','retail_store','Palms Shopping Mall','Palms Shopping Mall',NULL,'active','seeded',unixepoch(),unixepoch());
INSERT OR IGNORE INTO profiles (id,subject_id,subject_type,primary_place_id,tenant_id,workspace_id,display_name,created_at,updated_at) VALUES ('prof_s09_supermarket_4e887da27907e500','org_s09_supermarket_4e887da27907e500','organization','place_nigeria_001','tenant_platform_seed','workspace_platform_seed_discovery','Palms Shopping Mall',unixepoch(),unixepoch());
INSERT OR IGNORE INTO search_entries (id,profile_id,display_name,keywords,ancestry_path,vertical,created_at,updated_at) VALUES ('se_s09_supermarket_4e887da27907e500','prof_s09_supermarket_4e887da27907e500','Palms Shopping Mall','palms shopping mall supermarket grocery store retail shopping nigeria','place_nigeria_001','commerce',unixepoch(),unixepoch());
INSERT OR IGNORE INTO seed_ingestion_records (id,seed_run_id,entity_type,entity_id,source_id,status) VALUES ('ir_s09_supermarket_4e887da27907e500','seed_run_s09_osm_supermarkets_20260502','organization','org_s09_supermarket_4e887da27907e500','seed_source_osm_supermarkets_ng_20260502','ingested');
INSERT OR IGNORE INTO seed_entity_sources (id,seed_run_id,entity_type,entity_id,source_id,confidence_tier) VALUES ('es_s09_supermarket_4e887da27907e500','seed_run_s09_osm_supermarkets_20260502','organization','org_s09_supermarket_4e887da27907e500','seed_source_osm_supermarkets_ng_20260502','seeded');
INSERT OR IGNORE INTO seed_enrichment (id,seed_run_id,entity_type,entity_id,enrichment_type,enrichment_json) VALUES ('enr_s09_supermarket_4e887da27907e500','seed_run_s09_osm_supermarkets_20260502','organization','org_s09_supermarket_4e887da27907e500','licence_data','{"osm_id": "6579591576", "amenity": "mall", "addr_state": null, "operator": null, "brand": null}');

INSERT OR IGNORE INTO organizations (id,tenant_id,organization_type,legal_name,display_name,registration_number,status,verification_state,created_at,updated_at) VALUES ('org_s09_supermarket_73f9d2b0ea7eac2c','tenant_platform_seed','retail_store','Nugbee Market Square','Nugbee Market Square',NULL,'active','seeded',unixepoch(),unixepoch());
INSERT OR IGNORE INTO profiles (id,subject_id,subject_type,primary_place_id,tenant_id,workspace_id,display_name,created_at,updated_at) VALUES ('prof_s09_supermarket_73f9d2b0ea7eac2c','org_s09_supermarket_73f9d2b0ea7eac2c','organization','place_nigeria_001','tenant_platform_seed','workspace_platform_seed_discovery','Nugbee Market Square',unixepoch(),unixepoch());
INSERT OR IGNORE INTO search_entries (id,profile_id,display_name,keywords,ancestry_path,vertical,created_at,updated_at) VALUES ('se_s09_supermarket_73f9d2b0ea7eac2c','prof_s09_supermarket_73f9d2b0ea7eac2c','Nugbee Market Square','nugbee market square supermarket grocery store retail shopping nigeria','place_nigeria_001','commerce',unixepoch(),unixepoch());
INSERT OR IGNORE INTO seed_ingestion_records (id,seed_run_id,entity_type,entity_id,source_id,status) VALUES ('ir_s09_supermarket_73f9d2b0ea7eac2c','seed_run_s09_osm_supermarkets_20260502','organization','org_s09_supermarket_73f9d2b0ea7eac2c','seed_source_osm_supermarkets_ng_20260502','ingested');
INSERT OR IGNORE INTO seed_entity_sources (id,seed_run_id,entity_type,entity_id,source_id,confidence_tier) VALUES ('es_s09_supermarket_73f9d2b0ea7eac2c','seed_run_s09_osm_supermarkets_20260502','organization','org_s09_supermarket_73f9d2b0ea7eac2c','seed_source_osm_supermarkets_ng_20260502','seeded');
INSERT OR IGNORE INTO seed_enrichment (id,seed_run_id,entity_type,entity_id,enrichment_type,enrichment_json) VALUES ('enr_s09_supermarket_73f9d2b0ea7eac2c','seed_run_s09_osm_supermarkets_20260502','organization','org_s09_supermarket_73f9d2b0ea7eac2c','licence_data','{"osm_id": "6718443909", "amenity": "supermarket", "addr_state": null, "operator": null, "brand": null}');

INSERT OR IGNORE INTO organizations (id,tenant_id,organization_type,legal_name,display_name,registration_number,status,verification_state,created_at,updated_at) VALUES ('org_s09_supermarket_f013c8e7816ddcee','tenant_platform_seed','retail_store','Nukpor Market Square','Nukpor Market Square',NULL,'active','seeded',unixepoch(),unixepoch());
INSERT OR IGNORE INTO profiles (id,subject_id,subject_type,primary_place_id,tenant_id,workspace_id,display_name,created_at,updated_at) VALUES ('prof_s09_supermarket_f013c8e7816ddcee','org_s09_supermarket_f013c8e7816ddcee','organization','place_nigeria_001','tenant_platform_seed','workspace_platform_seed_discovery','Nukpor Market Square',unixepoch(),unixepoch());
INSERT OR IGNORE INTO search_entries (id,profile_id,display_name,keywords,ancestry_path,vertical,created_at,updated_at) VALUES ('se_s09_supermarket_f013c8e7816ddcee','prof_s09_supermarket_f013c8e7816ddcee','Nukpor Market Square','nukpor market square supermarket grocery store retail shopping nigeria','place_nigeria_001','commerce',unixepoch(),unixepoch());
INSERT OR IGNORE INTO seed_ingestion_records (id,seed_run_id,entity_type,entity_id,source_id,status) VALUES ('ir_s09_supermarket_f013c8e7816ddcee','seed_run_s09_osm_supermarkets_20260502','organization','org_s09_supermarket_f013c8e7816ddcee','seed_source_osm_supermarkets_ng_20260502','ingested');
INSERT OR IGNORE INTO seed_entity_sources (id,seed_run_id,entity_type,entity_id,source_id,confidence_tier) VALUES ('es_s09_supermarket_f013c8e7816ddcee','seed_run_s09_osm_supermarkets_20260502','organization','org_s09_supermarket_f013c8e7816ddcee','seed_source_osm_supermarkets_ng_20260502','seeded');
INSERT OR IGNORE INTO seed_enrichment (id,seed_run_id,entity_type,entity_id,enrichment_type,enrichment_json) VALUES ('enr_s09_supermarket_f013c8e7816ddcee','seed_run_s09_osm_supermarkets_20260502','organization','org_s09_supermarket_f013c8e7816ddcee','licence_data','{"osm_id": "6718482834", "amenity": "supermarket", "addr_state": null, "operator": null, "brand": null}');

INSERT OR IGNORE INTO organizations (id,tenant_id,organization_type,legal_name,display_name,registration_number,status,verification_state,created_at,updated_at) VALUES ('org_s09_supermarket_07855a3c19839001','tenant_platform_seed','retail_store','Brent Shopping Mall','Brent Shopping Mall',NULL,'active','seeded',unixepoch(),unixepoch());
INSERT OR IGNORE INTO profiles (id,subject_id,subject_type,primary_place_id,tenant_id,workspace_id,display_name,created_at,updated_at) VALUES ('prof_s09_supermarket_07855a3c19839001','org_s09_supermarket_07855a3c19839001','organization','place_nigeria_001','tenant_platform_seed','workspace_platform_seed_discovery','Brent Shopping Mall',unixepoch(),unixepoch());
INSERT OR IGNORE INTO search_entries (id,profile_id,display_name,keywords,ancestry_path,vertical,created_at,updated_at) VALUES ('se_s09_supermarket_07855a3c19839001','prof_s09_supermarket_07855a3c19839001','Brent Shopping Mall','brent shopping mall supermarket grocery store retail shopping nigeria','place_nigeria_001','commerce',unixepoch(),unixepoch());
INSERT OR IGNORE INTO seed_ingestion_records (id,seed_run_id,entity_type,entity_id,source_id,status) VALUES ('ir_s09_supermarket_07855a3c19839001','seed_run_s09_osm_supermarkets_20260502','organization','org_s09_supermarket_07855a3c19839001','seed_source_osm_supermarkets_ng_20260502','ingested');
INSERT OR IGNORE INTO seed_entity_sources (id,seed_run_id,entity_type,entity_id,source_id,confidence_tier) VALUES ('es_s09_supermarket_07855a3c19839001','seed_run_s09_osm_supermarkets_20260502','organization','org_s09_supermarket_07855a3c19839001','seed_source_osm_supermarkets_ng_20260502','seeded');
INSERT OR IGNORE INTO seed_enrichment (id,seed_run_id,entity_type,entity_id,enrichment_type,enrichment_json) VALUES ('enr_s09_supermarket_07855a3c19839001','seed_run_s09_osm_supermarkets_20260502','organization','org_s09_supermarket_07855a3c19839001','licence_data','{"osm_id": "6773145354", "amenity": "supermarket", "addr_state": null, "operator": "Brent", "brand": null}');

INSERT OR IGNORE INTO organizations (id,tenant_id,organization_type,legal_name,display_name,registration_number,status,verification_state,created_at,updated_at) VALUES ('org_s09_supermarket_1b69d04bbbefc12e','tenant_platform_seed','retail_store','Alata Supermarket','Alata Supermarket',NULL,'active','seeded',unixepoch(),unixepoch());
INSERT OR IGNORE INTO profiles (id,subject_id,subject_type,primary_place_id,tenant_id,workspace_id,display_name,created_at,updated_at) VALUES ('prof_s09_supermarket_1b69d04bbbefc12e','org_s09_supermarket_1b69d04bbbefc12e','organization','place_nigeria_001','tenant_platform_seed','workspace_platform_seed_discovery','Alata Supermarket',unixepoch(),unixepoch());
INSERT OR IGNORE INTO search_entries (id,profile_id,display_name,keywords,ancestry_path,vertical,created_at,updated_at) VALUES ('se_s09_supermarket_1b69d04bbbefc12e','prof_s09_supermarket_1b69d04bbbefc12e','Alata Supermarket','alata supermarket supermarket grocery store retail shopping nigeria','place_nigeria_001','commerce',unixepoch(),unixepoch());
INSERT OR IGNORE INTO seed_ingestion_records (id,seed_run_id,entity_type,entity_id,source_id,status) VALUES ('ir_s09_supermarket_1b69d04bbbefc12e','seed_run_s09_osm_supermarkets_20260502','organization','org_s09_supermarket_1b69d04bbbefc12e','seed_source_osm_supermarkets_ng_20260502','ingested');
INSERT OR IGNORE INTO seed_entity_sources (id,seed_run_id,entity_type,entity_id,source_id,confidence_tier) VALUES ('es_s09_supermarket_1b69d04bbbefc12e','seed_run_s09_osm_supermarkets_20260502','organization','org_s09_supermarket_1b69d04bbbefc12e','seed_source_osm_supermarkets_ng_20260502','seeded');
INSERT OR IGNORE INTO seed_enrichment (id,seed_run_id,entity_type,entity_id,enrichment_type,enrichment_json) VALUES ('enr_s09_supermarket_1b69d04bbbefc12e','seed_run_s09_osm_supermarkets_20260502','organization','org_s09_supermarket_1b69d04bbbefc12e','licence_data','{"osm_id": "6773145367", "amenity": "supermarket", "addr_state": null, "operator": null, "brand": null}');

INSERT OR IGNORE INTO organizations (id,tenant_id,organization_type,legal_name,display_name,registration_number,status,verification_state,created_at,updated_at) VALUES ('org_s09_supermarket_2080396a93388ab7','tenant_platform_seed','retail_store','ACE Supermarket','ACE Supermarket',NULL,'active','seeded',unixepoch(),unixepoch());
INSERT OR IGNORE INTO profiles (id,subject_id,subject_type,primary_place_id,tenant_id,workspace_id,display_name,created_at,updated_at) VALUES ('prof_s09_supermarket_2080396a93388ab7','org_s09_supermarket_2080396a93388ab7','organization','place_nigeria_001','tenant_platform_seed','workspace_platform_seed_discovery','ACE Supermarket',unixepoch(),unixepoch());
INSERT OR IGNORE INTO search_entries (id,profile_id,display_name,keywords,ancestry_path,vertical,created_at,updated_at) VALUES ('se_s09_supermarket_2080396a93388ab7','prof_s09_supermarket_2080396a93388ab7','ACE Supermarket','ace supermarket supermarket grocery store retail shopping nigeria','place_nigeria_001','commerce',unixepoch(),unixepoch());
INSERT OR IGNORE INTO seed_ingestion_records (id,seed_run_id,entity_type,entity_id,source_id,status) VALUES ('ir_s09_supermarket_2080396a93388ab7','seed_run_s09_osm_supermarkets_20260502','organization','org_s09_supermarket_2080396a93388ab7','seed_source_osm_supermarkets_ng_20260502','ingested');
INSERT OR IGNORE INTO seed_entity_sources (id,seed_run_id,entity_type,entity_id,source_id,confidence_tier) VALUES ('es_s09_supermarket_2080396a93388ab7','seed_run_s09_osm_supermarkets_20260502','organization','org_s09_supermarket_2080396a93388ab7','seed_source_osm_supermarkets_ng_20260502','seeded');
INSERT OR IGNORE INTO seed_enrichment (id,seed_run_id,entity_type,entity_id,enrichment_type,enrichment_json) VALUES ('enr_s09_supermarket_2080396a93388ab7','seed_run_s09_osm_supermarkets_20260502','organization','org_s09_supermarket_2080396a93388ab7','licence_data','{"osm_id": "6773178290", "amenity": "supermarket", "addr_state": null, "operator": null, "brand": null}');

INSERT OR IGNORE INTO organizations (id,tenant_id,organization_type,legal_name,display_name,registration_number,status,verification_state,created_at,updated_at) VALUES ('org_s09_supermarket_8455f27c7b8bd2e1','tenant_platform_seed','retail_store','Iya Khadijah Shop','Iya Khadijah Shop',NULL,'active','seeded',unixepoch(),unixepoch());
INSERT OR IGNORE INTO profiles (id,subject_id,subject_type,primary_place_id,tenant_id,workspace_id,display_name,created_at,updated_at) VALUES ('prof_s09_supermarket_8455f27c7b8bd2e1','org_s09_supermarket_8455f27c7b8bd2e1','organization','place_nigeria_001','tenant_platform_seed','workspace_platform_seed_discovery','Iya Khadijah Shop',unixepoch(),unixepoch());
INSERT OR IGNORE INTO search_entries (id,profile_id,display_name,keywords,ancestry_path,vertical,created_at,updated_at) VALUES ('se_s09_supermarket_8455f27c7b8bd2e1','prof_s09_supermarket_8455f27c7b8bd2e1','Iya Khadijah Shop','iya khadijah shop supermarket grocery store retail shopping nigeria','place_nigeria_001','commerce',unixepoch(),unixepoch());
INSERT OR IGNORE INTO seed_ingestion_records (id,seed_run_id,entity_type,entity_id,source_id,status) VALUES ('ir_s09_supermarket_8455f27c7b8bd2e1','seed_run_s09_osm_supermarkets_20260502','organization','org_s09_supermarket_8455f27c7b8bd2e1','seed_source_osm_supermarkets_ng_20260502','ingested');
INSERT OR IGNORE INTO seed_entity_sources (id,seed_run_id,entity_type,entity_id,source_id,confidence_tier) VALUES ('es_s09_supermarket_8455f27c7b8bd2e1','seed_run_s09_osm_supermarkets_20260502','organization','org_s09_supermarket_8455f27c7b8bd2e1','seed_source_osm_supermarkets_ng_20260502','seeded');
INSERT OR IGNORE INTO seed_enrichment (id,seed_run_id,entity_type,entity_id,enrichment_type,enrichment_json) VALUES ('enr_s09_supermarket_8455f27c7b8bd2e1','seed_run_s09_osm_supermarkets_20260502','organization','org_s09_supermarket_8455f27c7b8bd2e1','licence_data','{"osm_id": "6781683580", "amenity": "supermarket", "addr_state": null, "operator": "Iya Khadijah", "brand": null}');

INSERT OR IGNORE INTO organizations (id,tenant_id,organization_type,legal_name,display_name,registration_number,status,verification_state,created_at,updated_at) VALUES ('org_s09_supermarket_a229b5b320ceee0d','tenant_platform_seed','retail_store','Twins Faja','Twins Faja',NULL,'active','seeded',unixepoch(),unixepoch());
INSERT OR IGNORE INTO profiles (id,subject_id,subject_type,primary_place_id,tenant_id,workspace_id,display_name,created_at,updated_at) VALUES ('prof_s09_supermarket_a229b5b320ceee0d','org_s09_supermarket_a229b5b320ceee0d','organization','place_nigeria_001','tenant_platform_seed','workspace_platform_seed_discovery','Twins Faja',unixepoch(),unixepoch());
INSERT OR IGNORE INTO search_entries (id,profile_id,display_name,keywords,ancestry_path,vertical,created_at,updated_at) VALUES ('se_s09_supermarket_a229b5b320ceee0d','prof_s09_supermarket_a229b5b320ceee0d','Twins Faja','twins faja supermarket grocery store retail shopping nigeria','place_nigeria_001','commerce',unixepoch(),unixepoch());
INSERT OR IGNORE INTO seed_ingestion_records (id,seed_run_id,entity_type,entity_id,source_id,status) VALUES ('ir_s09_supermarket_a229b5b320ceee0d','seed_run_s09_osm_supermarkets_20260502','organization','org_s09_supermarket_a229b5b320ceee0d','seed_source_osm_supermarkets_ng_20260502','ingested');
INSERT OR IGNORE INTO seed_entity_sources (id,seed_run_id,entity_type,entity_id,source_id,confidence_tier) VALUES ('es_s09_supermarket_a229b5b320ceee0d','seed_run_s09_osm_supermarkets_20260502','organization','org_s09_supermarket_a229b5b320ceee0d','seed_source_osm_supermarkets_ng_20260502','seeded');
INSERT OR IGNORE INTO seed_enrichment (id,seed_run_id,entity_type,entity_id,enrichment_type,enrichment_json) VALUES ('enr_s09_supermarket_a229b5b320ceee0d','seed_run_s09_osm_supermarkets_20260502','organization','org_s09_supermarket_a229b5b320ceee0d','licence_data','{"osm_id": "6967861136", "amenity": "supermarket", "addr_state": null, "operator": null, "brand": null}');

INSERT OR IGNORE INTO organizations (id,tenant_id,organization_type,legal_name,display_name,registration_number,status,verification_state,created_at,updated_at) VALUES ('org_s09_supermarket_4487dbecad2c1b0b','tenant_platform_seed','retail_store','Spar','Spar',NULL,'active','seeded',unixepoch(),unixepoch());
INSERT OR IGNORE INTO profiles (id,subject_id,subject_type,primary_place_id,tenant_id,workspace_id,display_name,created_at,updated_at) VALUES ('prof_s09_supermarket_4487dbecad2c1b0b','org_s09_supermarket_4487dbecad2c1b0b','organization','place_nigeria_001','tenant_platform_seed','workspace_platform_seed_discovery','Spar',unixepoch(),unixepoch());
INSERT OR IGNORE INTO search_entries (id,profile_id,display_name,keywords,ancestry_path,vertical,created_at,updated_at) VALUES ('se_s09_supermarket_4487dbecad2c1b0b','prof_s09_supermarket_4487dbecad2c1b0b','Spar','spar supermarket grocery store retail shopping nigeria','place_nigeria_001','commerce',unixepoch(),unixepoch());
INSERT OR IGNORE INTO seed_ingestion_records (id,seed_run_id,entity_type,entity_id,source_id,status) VALUES ('ir_s09_supermarket_4487dbecad2c1b0b','seed_run_s09_osm_supermarkets_20260502','organization','org_s09_supermarket_4487dbecad2c1b0b','seed_source_osm_supermarkets_ng_20260502','ingested');
INSERT OR IGNORE INTO seed_entity_sources (id,seed_run_id,entity_type,entity_id,source_id,confidence_tier) VALUES ('es_s09_supermarket_4487dbecad2c1b0b','seed_run_s09_osm_supermarkets_20260502','organization','org_s09_supermarket_4487dbecad2c1b0b','seed_source_osm_supermarkets_ng_20260502','seeded');
INSERT OR IGNORE INTO seed_enrichment (id,seed_run_id,entity_type,entity_id,enrichment_type,enrichment_json) VALUES ('enr_s09_supermarket_4487dbecad2c1b0b','seed_run_s09_osm_supermarkets_20260502','organization','org_s09_supermarket_4487dbecad2c1b0b','licence_data','{"osm_id": "7055759634", "amenity": "supermarket", "addr_state": null, "operator": null, "brand": "Spar"}');

INSERT OR IGNORE INTO organizations (id,tenant_id,organization_type,legal_name,display_name,registration_number,status,verification_state,created_at,updated_at) VALUES ('org_s09_supermarket_c5c5ef0144784e39','tenant_platform_seed','retail_store','Domino','Domino',NULL,'active','seeded',unixepoch(),unixepoch());
INSERT OR IGNORE INTO profiles (id,subject_id,subject_type,primary_place_id,tenant_id,workspace_id,display_name,created_at,updated_at) VALUES ('prof_s09_supermarket_c5c5ef0144784e39','org_s09_supermarket_c5c5ef0144784e39','organization','place_nigeria_001','tenant_platform_seed','workspace_platform_seed_discovery','Domino',unixepoch(),unixepoch());
INSERT OR IGNORE INTO search_entries (id,profile_id,display_name,keywords,ancestry_path,vertical,created_at,updated_at) VALUES ('se_s09_supermarket_c5c5ef0144784e39','prof_s09_supermarket_c5c5ef0144784e39','Domino','domino supermarket grocery store retail shopping nigeria','place_nigeria_001','commerce',unixepoch(),unixepoch());
INSERT OR IGNORE INTO seed_ingestion_records (id,seed_run_id,entity_type,entity_id,source_id,status) VALUES ('ir_s09_supermarket_c5c5ef0144784e39','seed_run_s09_osm_supermarkets_20260502','organization','org_s09_supermarket_c5c5ef0144784e39','seed_source_osm_supermarkets_ng_20260502','ingested');
INSERT OR IGNORE INTO seed_entity_sources (id,seed_run_id,entity_type,entity_id,source_id,confidence_tier) VALUES ('es_s09_supermarket_c5c5ef0144784e39','seed_run_s09_osm_supermarkets_20260502','organization','org_s09_supermarket_c5c5ef0144784e39','seed_source_osm_supermarkets_ng_20260502','seeded');
INSERT OR IGNORE INTO seed_enrichment (id,seed_run_id,entity_type,entity_id,enrichment_type,enrichment_json) VALUES ('enr_s09_supermarket_c5c5ef0144784e39','seed_run_s09_osm_supermarkets_20260502','organization','org_s09_supermarket_c5c5ef0144784e39','licence_data','{"osm_id": "7260810871", "amenity": "supermarket", "addr_state": null, "operator": null, "brand": null}');

INSERT OR IGNORE INTO organizations (id,tenant_id,organization_type,legal_name,display_name,registration_number,status,verification_state,created_at,updated_at) VALUES ('org_s09_supermarket_e192d284d50795cd','tenant_platform_seed','retail_store','Reneé Supermarket','Reneé Supermarket',NULL,'active','seeded',unixepoch(),unixepoch());
INSERT OR IGNORE INTO profiles (id,subject_id,subject_type,primary_place_id,tenant_id,workspace_id,display_name,created_at,updated_at) VALUES ('prof_s09_supermarket_e192d284d50795cd','org_s09_supermarket_e192d284d50795cd','organization','place_nigeria_001','tenant_platform_seed','workspace_platform_seed_discovery','Reneé Supermarket',unixepoch(),unixepoch());
INSERT OR IGNORE INTO search_entries (id,profile_id,display_name,keywords,ancestry_path,vertical,created_at,updated_at) VALUES ('se_s09_supermarket_e192d284d50795cd','prof_s09_supermarket_e192d284d50795cd','Reneé Supermarket','reneé supermarket supermarket grocery store retail shopping nigeria','place_nigeria_001','commerce',unixepoch(),unixepoch());
INSERT OR IGNORE INTO seed_ingestion_records (id,seed_run_id,entity_type,entity_id,source_id,status) VALUES ('ir_s09_supermarket_e192d284d50795cd','seed_run_s09_osm_supermarkets_20260502','organization','org_s09_supermarket_e192d284d50795cd','seed_source_osm_supermarkets_ng_20260502','ingested');
INSERT OR IGNORE INTO seed_entity_sources (id,seed_run_id,entity_type,entity_id,source_id,confidence_tier) VALUES ('es_s09_supermarket_e192d284d50795cd','seed_run_s09_osm_supermarkets_20260502','organization','org_s09_supermarket_e192d284d50795cd','seed_source_osm_supermarkets_ng_20260502','seeded');
INSERT OR IGNORE INTO seed_enrichment (id,seed_run_id,entity_type,entity_id,enrichment_type,enrichment_json) VALUES ('enr_s09_supermarket_e192d284d50795cd','seed_run_s09_osm_supermarkets_20260502','organization','org_s09_supermarket_e192d284d50795cd','licence_data','{"osm_id": "7424583546", "amenity": "supermarket", "addr_state": null, "operator": null, "brand": null}');

INSERT OR IGNORE INTO organizations (id,tenant_id,organization_type,legal_name,display_name,registration_number,status,verification_state,created_at,updated_at) VALUES ('org_s09_supermarket_03af35a490831186','tenant_platform_seed','retail_store','Flex Supermarket','Flex Supermarket',NULL,'active','seeded',unixepoch(),unixepoch());
INSERT OR IGNORE INTO profiles (id,subject_id,subject_type,primary_place_id,tenant_id,workspace_id,display_name,created_at,updated_at) VALUES ('prof_s09_supermarket_03af35a490831186','org_s09_supermarket_03af35a490831186','organization','place_nigeria_001','tenant_platform_seed','workspace_platform_seed_discovery','Flex Supermarket',unixepoch(),unixepoch());
INSERT OR IGNORE INTO search_entries (id,profile_id,display_name,keywords,ancestry_path,vertical,created_at,updated_at) VALUES ('se_s09_supermarket_03af35a490831186','prof_s09_supermarket_03af35a490831186','Flex Supermarket','flex supermarket supermarket grocery store retail shopping nigeria','place_nigeria_001','commerce',unixepoch(),unixepoch());
INSERT OR IGNORE INTO seed_ingestion_records (id,seed_run_id,entity_type,entity_id,source_id,status) VALUES ('ir_s09_supermarket_03af35a490831186','seed_run_s09_osm_supermarkets_20260502','organization','org_s09_supermarket_03af35a490831186','seed_source_osm_supermarkets_ng_20260502','ingested');
INSERT OR IGNORE INTO seed_entity_sources (id,seed_run_id,entity_type,entity_id,source_id,confidence_tier) VALUES ('es_s09_supermarket_03af35a490831186','seed_run_s09_osm_supermarkets_20260502','organization','org_s09_supermarket_03af35a490831186','seed_source_osm_supermarkets_ng_20260502','seeded');
INSERT OR IGNORE INTO seed_enrichment (id,seed_run_id,entity_type,entity_id,enrichment_type,enrichment_json) VALUES ('enr_s09_supermarket_03af35a490831186','seed_run_s09_osm_supermarkets_20260502','organization','org_s09_supermarket_03af35a490831186','licence_data','{"osm_id": "7500805491", "amenity": "supermarket", "addr_state": null, "operator": null, "brand": null}');

INSERT OR IGNORE INTO organizations (id,tenant_id,organization_type,legal_name,display_name,registration_number,status,verification_state,created_at,updated_at) VALUES ('org_s09_supermarket_2ee9eb2f306a1f06','tenant_platform_seed','retail_store','Jumia Pick up Station','Jumia Pick up Station',NULL,'active','seeded',unixepoch(),unixepoch());
INSERT OR IGNORE INTO profiles (id,subject_id,subject_type,primary_place_id,tenant_id,workspace_id,display_name,created_at,updated_at) VALUES ('prof_s09_supermarket_2ee9eb2f306a1f06','org_s09_supermarket_2ee9eb2f306a1f06','organization','place_nigeria_001','tenant_platform_seed','workspace_platform_seed_discovery','Jumia Pick up Station',unixepoch(),unixepoch());
INSERT OR IGNORE INTO search_entries (id,profile_id,display_name,keywords,ancestry_path,vertical,created_at,updated_at) VALUES ('se_s09_supermarket_2ee9eb2f306a1f06','prof_s09_supermarket_2ee9eb2f306a1f06','Jumia Pick up Station','jumia pick up station supermarket grocery store retail shopping nigeria','place_nigeria_001','commerce',unixepoch(),unixepoch());
INSERT OR IGNORE INTO seed_ingestion_records (id,seed_run_id,entity_type,entity_id,source_id,status) VALUES ('ir_s09_supermarket_2ee9eb2f306a1f06','seed_run_s09_osm_supermarkets_20260502','organization','org_s09_supermarket_2ee9eb2f306a1f06','seed_source_osm_supermarkets_ng_20260502','ingested');
INSERT OR IGNORE INTO seed_entity_sources (id,seed_run_id,entity_type,entity_id,source_id,confidence_tier) VALUES ('es_s09_supermarket_2ee9eb2f306a1f06','seed_run_s09_osm_supermarkets_20260502','organization','org_s09_supermarket_2ee9eb2f306a1f06','seed_source_osm_supermarkets_ng_20260502','seeded');
INSERT OR IGNORE INTO seed_enrichment (id,seed_run_id,entity_type,entity_id,enrichment_type,enrichment_json) VALUES ('enr_s09_supermarket_2ee9eb2f306a1f06','seed_run_s09_osm_supermarkets_20260502','organization','org_s09_supermarket_2ee9eb2f306a1f06','licence_data','{"osm_id": "7922825459", "amenity": "supermarket", "addr_state": null, "operator": "JUMIA NIGERIA", "brand": null}');

INSERT OR IGNORE INTO organizations (id,tenant_id,organization_type,legal_name,display_name,registration_number,status,verification_state,created_at,updated_at) VALUES ('org_s09_supermarket_d6a0bb36efdc4565','tenant_platform_seed','retail_store','General Supermarket','General Supermarket',NULL,'active','seeded',unixepoch(),unixepoch());
INSERT OR IGNORE INTO profiles (id,subject_id,subject_type,primary_place_id,tenant_id,workspace_id,display_name,created_at,updated_at) VALUES ('prof_s09_supermarket_d6a0bb36efdc4565','org_s09_supermarket_d6a0bb36efdc4565','organization','place_nigeria_001','tenant_platform_seed','workspace_platform_seed_discovery','General Supermarket',unixepoch(),unixepoch());
INSERT OR IGNORE INTO search_entries (id,profile_id,display_name,keywords,ancestry_path,vertical,created_at,updated_at) VALUES ('se_s09_supermarket_d6a0bb36efdc4565','prof_s09_supermarket_d6a0bb36efdc4565','General Supermarket','general supermarket supermarket grocery store retail shopping nigeria','place_nigeria_001','commerce',unixepoch(),unixepoch());
INSERT OR IGNORE INTO seed_ingestion_records (id,seed_run_id,entity_type,entity_id,source_id,status) VALUES ('ir_s09_supermarket_d6a0bb36efdc4565','seed_run_s09_osm_supermarkets_20260502','organization','org_s09_supermarket_d6a0bb36efdc4565','seed_source_osm_supermarkets_ng_20260502','ingested');
INSERT OR IGNORE INTO seed_entity_sources (id,seed_run_id,entity_type,entity_id,source_id,confidence_tier) VALUES ('es_s09_supermarket_d6a0bb36efdc4565','seed_run_s09_osm_supermarkets_20260502','organization','org_s09_supermarket_d6a0bb36efdc4565','seed_source_osm_supermarkets_ng_20260502','seeded');
INSERT OR IGNORE INTO seed_enrichment (id,seed_run_id,entity_type,entity_id,enrichment_type,enrichment_json) VALUES ('enr_s09_supermarket_d6a0bb36efdc4565','seed_run_s09_osm_supermarkets_20260502','organization','org_s09_supermarket_d6a0bb36efdc4565','licence_data','{"osm_id": "7956218495", "amenity": "supermarket", "addr_state": null, "operator": null, "brand": null}');

INSERT OR IGNORE INTO organizations (id,tenant_id,organization_type,legal_name,display_name,registration_number,status,verification_state,created_at,updated_at) VALUES ('org_s09_supermarket_d4e205883e2b6f21','tenant_platform_seed','retail_store','Market','Market',NULL,'active','seeded',unixepoch(),unixepoch());
INSERT OR IGNORE INTO profiles (id,subject_id,subject_type,primary_place_id,tenant_id,workspace_id,display_name,created_at,updated_at) VALUES ('prof_s09_supermarket_d4e205883e2b6f21','org_s09_supermarket_d4e205883e2b6f21','organization','place_nigeria_001','tenant_platform_seed','workspace_platform_seed_discovery','Market',unixepoch(),unixepoch());
INSERT OR IGNORE INTO search_entries (id,profile_id,display_name,keywords,ancestry_path,vertical,created_at,updated_at) VALUES ('se_s09_supermarket_d4e205883e2b6f21','prof_s09_supermarket_d4e205883e2b6f21','Market','market supermarket grocery store retail shopping nigeria','place_nigeria_001','commerce',unixepoch(),unixepoch());
INSERT OR IGNORE INTO seed_ingestion_records (id,seed_run_id,entity_type,entity_id,source_id,status) VALUES ('ir_s09_supermarket_d4e205883e2b6f21','seed_run_s09_osm_supermarkets_20260502','organization','org_s09_supermarket_d4e205883e2b6f21','seed_source_osm_supermarkets_ng_20260502','ingested');
INSERT OR IGNORE INTO seed_entity_sources (id,seed_run_id,entity_type,entity_id,source_id,confidence_tier) VALUES ('es_s09_supermarket_d4e205883e2b6f21','seed_run_s09_osm_supermarkets_20260502','organization','org_s09_supermarket_d4e205883e2b6f21','seed_source_osm_supermarkets_ng_20260502','seeded');
INSERT OR IGNORE INTO seed_enrichment (id,seed_run_id,entity_type,entity_id,enrichment_type,enrichment_json) VALUES ('enr_s09_supermarket_d4e205883e2b6f21','seed_run_s09_osm_supermarkets_20260502','organization','org_s09_supermarket_d4e205883e2b6f21','licence_data','{"osm_id": "7956224602", "amenity": "supermarket", "addr_state": null, "operator": null, "brand": null}');

INSERT OR IGNORE INTO organizations (id,tenant_id,organization_type,legal_name,display_name,registration_number,status,verification_state,created_at,updated_at) VALUES ('org_s09_supermarket_ad22c7f59b8eb54e','tenant_platform_seed','retail_store','Brent Supermarket','Brent Supermarket',NULL,'active','seeded',unixepoch(),unixepoch());
INSERT OR IGNORE INTO profiles (id,subject_id,subject_type,primary_place_id,tenant_id,workspace_id,display_name,created_at,updated_at) VALUES ('prof_s09_supermarket_ad22c7f59b8eb54e','org_s09_supermarket_ad22c7f59b8eb54e','organization','place_nigeria_001','tenant_platform_seed','workspace_platform_seed_discovery','Brent Supermarket',unixepoch(),unixepoch());
INSERT OR IGNORE INTO search_entries (id,profile_id,display_name,keywords,ancestry_path,vertical,created_at,updated_at) VALUES ('se_s09_supermarket_ad22c7f59b8eb54e','prof_s09_supermarket_ad22c7f59b8eb54e','Brent Supermarket','brent supermarket supermarket grocery store retail shopping nigeria','place_nigeria_001','commerce',unixepoch(),unixepoch());
INSERT OR IGNORE INTO seed_ingestion_records (id,seed_run_id,entity_type,entity_id,source_id,status) VALUES ('ir_s09_supermarket_ad22c7f59b8eb54e','seed_run_s09_osm_supermarkets_20260502','organization','org_s09_supermarket_ad22c7f59b8eb54e','seed_source_osm_supermarkets_ng_20260502','ingested');
INSERT OR IGNORE INTO seed_entity_sources (id,seed_run_id,entity_type,entity_id,source_id,confidence_tier) VALUES ('es_s09_supermarket_ad22c7f59b8eb54e','seed_run_s09_osm_supermarkets_20260502','organization','org_s09_supermarket_ad22c7f59b8eb54e','seed_source_osm_supermarkets_ng_20260502','seeded');
INSERT OR IGNORE INTO seed_enrichment (id,seed_run_id,entity_type,entity_id,enrichment_type,enrichment_json) VALUES ('enr_s09_supermarket_ad22c7f59b8eb54e','seed_run_s09_osm_supermarkets_20260502','organization','org_s09_supermarket_ad22c7f59b8eb54e','licence_data','{"osm_id": "7956225497", "amenity": "supermarket", "addr_state": null, "operator": null, "brand": null}');

INSERT OR IGNORE INTO organizations (id,tenant_id,organization_type,legal_name,display_name,registration_number,status,verification_state,created_at,updated_at) VALUES ('org_s09_supermarket_49f7224dcfa490ab','tenant_platform_seed','retail_store','Pereowei Market','Pereowei Market',NULL,'active','seeded',unixepoch(),unixepoch());
INSERT OR IGNORE INTO profiles (id,subject_id,subject_type,primary_place_id,tenant_id,workspace_id,display_name,created_at,updated_at) VALUES ('prof_s09_supermarket_49f7224dcfa490ab','org_s09_supermarket_49f7224dcfa490ab','organization','place_nigeria_001','tenant_platform_seed','workspace_platform_seed_discovery','Pereowei Market',unixepoch(),unixepoch());
INSERT OR IGNORE INTO search_entries (id,profile_id,display_name,keywords,ancestry_path,vertical,created_at,updated_at) VALUES ('se_s09_supermarket_49f7224dcfa490ab','prof_s09_supermarket_49f7224dcfa490ab','Pereowei Market','pereowei market supermarket grocery store retail shopping nigeria','place_nigeria_001','commerce',unixepoch(),unixepoch());
INSERT OR IGNORE INTO seed_ingestion_records (id,seed_run_id,entity_type,entity_id,source_id,status) VALUES ('ir_s09_supermarket_49f7224dcfa490ab','seed_run_s09_osm_supermarkets_20260502','organization','org_s09_supermarket_49f7224dcfa490ab','seed_source_osm_supermarkets_ng_20260502','ingested');
INSERT OR IGNORE INTO seed_entity_sources (id,seed_run_id,entity_type,entity_id,source_id,confidence_tier) VALUES ('es_s09_supermarket_49f7224dcfa490ab','seed_run_s09_osm_supermarkets_20260502','organization','org_s09_supermarket_49f7224dcfa490ab','seed_source_osm_supermarkets_ng_20260502','seeded');
INSERT OR IGNORE INTO seed_enrichment (id,seed_run_id,entity_type,entity_id,enrichment_type,enrichment_json) VALUES ('enr_s09_supermarket_49f7224dcfa490ab','seed_run_s09_osm_supermarkets_20260502','organization','org_s09_supermarket_49f7224dcfa490ab','licence_data','{"osm_id": "7956231188", "amenity": "supermarket", "addr_state": null, "operator": null, "brand": null}');

INSERT OR IGNORE INTO organizations (id,tenant_id,organization_type,legal_name,display_name,registration_number,status,verification_state,created_at,updated_at) VALUES ('org_s09_supermarket_600a355455e7b445','tenant_platform_seed','retail_store','Amby Supermarket','Amby Supermarket',NULL,'active','seeded',unixepoch(),unixepoch());
INSERT OR IGNORE INTO profiles (id,subject_id,subject_type,primary_place_id,tenant_id,workspace_id,display_name,created_at,updated_at) VALUES ('prof_s09_supermarket_600a355455e7b445','org_s09_supermarket_600a355455e7b445','organization','place_nigeria_001','tenant_platform_seed','workspace_platform_seed_discovery','Amby Supermarket',unixepoch(),unixepoch());
INSERT OR IGNORE INTO search_entries (id,profile_id,display_name,keywords,ancestry_path,vertical,created_at,updated_at) VALUES ('se_s09_supermarket_600a355455e7b445','prof_s09_supermarket_600a355455e7b445','Amby Supermarket','amby supermarket supermarket grocery store retail shopping nigeria','place_nigeria_001','commerce',unixepoch(),unixepoch());
INSERT OR IGNORE INTO seed_ingestion_records (id,seed_run_id,entity_type,entity_id,source_id,status) VALUES ('ir_s09_supermarket_600a355455e7b445','seed_run_s09_osm_supermarkets_20260502','organization','org_s09_supermarket_600a355455e7b445','seed_source_osm_supermarkets_ng_20260502','ingested');
INSERT OR IGNORE INTO seed_entity_sources (id,seed_run_id,entity_type,entity_id,source_id,confidence_tier) VALUES ('es_s09_supermarket_600a355455e7b445','seed_run_s09_osm_supermarkets_20260502','organization','org_s09_supermarket_600a355455e7b445','seed_source_osm_supermarkets_ng_20260502','seeded');
INSERT OR IGNORE INTO seed_enrichment (id,seed_run_id,entity_type,entity_id,enrichment_type,enrichment_json) VALUES ('enr_s09_supermarket_600a355455e7b445','seed_run_s09_osm_supermarkets_20260502','organization','org_s09_supermarket_600a355455e7b445','licence_data','{"osm_id": "7956231189", "amenity": "supermarket", "addr_state": null, "operator": null, "brand": null}');

INSERT OR IGNORE INTO organizations (id,tenant_id,organization_type,legal_name,display_name,registration_number,status,verification_state,created_at,updated_at) VALUES ('org_s09_supermarket_ca798d60de0cccdd','tenant_platform_seed','retail_store','JON KAMSY SUPPER MARKET','JON KAMSY SUPPER MARKET',NULL,'active','seeded',unixepoch(),unixepoch());
INSERT OR IGNORE INTO profiles (id,subject_id,subject_type,primary_place_id,tenant_id,workspace_id,display_name,created_at,updated_at) VALUES ('prof_s09_supermarket_ca798d60de0cccdd','org_s09_supermarket_ca798d60de0cccdd','organization','place_nigeria_001','tenant_platform_seed','workspace_platform_seed_discovery','JON KAMSY SUPPER MARKET',unixepoch(),unixepoch());
INSERT OR IGNORE INTO search_entries (id,profile_id,display_name,keywords,ancestry_path,vertical,created_at,updated_at) VALUES ('se_s09_supermarket_ca798d60de0cccdd','prof_s09_supermarket_ca798d60de0cccdd','JON KAMSY SUPPER MARKET','jon kamsy supper market supermarket grocery store retail shopping nigeria','place_nigeria_001','commerce',unixepoch(),unixepoch());
INSERT OR IGNORE INTO seed_ingestion_records (id,seed_run_id,entity_type,entity_id,source_id,status) VALUES ('ir_s09_supermarket_ca798d60de0cccdd','seed_run_s09_osm_supermarkets_20260502','organization','org_s09_supermarket_ca798d60de0cccdd','seed_source_osm_supermarkets_ng_20260502','ingested');
INSERT OR IGNORE INTO seed_entity_sources (id,seed_run_id,entity_type,entity_id,source_id,confidence_tier) VALUES ('es_s09_supermarket_ca798d60de0cccdd','seed_run_s09_osm_supermarkets_20260502','organization','org_s09_supermarket_ca798d60de0cccdd','seed_source_osm_supermarkets_ng_20260502','seeded');
INSERT OR IGNORE INTO seed_enrichment (id,seed_run_id,entity_type,entity_id,enrichment_type,enrichment_json) VALUES ('enr_s09_supermarket_ca798d60de0cccdd','seed_run_s09_osm_supermarkets_20260502','organization','org_s09_supermarket_ca798d60de0cccdd','licence_data','{"osm_id": "7982146854", "amenity": "supermarket", "addr_state": null, "operator": null, "brand": null}');

INSERT OR IGNORE INTO organizations (id,tenant_id,organization_type,legal_name,display_name,registration_number,status,verification_state,created_at,updated_at) VALUES ('org_s09_supermarket_afdfe9b9b91d68de','tenant_platform_seed','retail_store','Gemstone Ultramart','Gemstone Ultramart',NULL,'active','seeded',unixepoch(),unixepoch());
INSERT OR IGNORE INTO profiles (id,subject_id,subject_type,primary_place_id,tenant_id,workspace_id,display_name,created_at,updated_at) VALUES ('prof_s09_supermarket_afdfe9b9b91d68de','org_s09_supermarket_afdfe9b9b91d68de','organization','place_nigeria_001','tenant_platform_seed','workspace_platform_seed_discovery','Gemstone Ultramart',unixepoch(),unixepoch());
INSERT OR IGNORE INTO search_entries (id,profile_id,display_name,keywords,ancestry_path,vertical,created_at,updated_at) VALUES ('se_s09_supermarket_afdfe9b9b91d68de','prof_s09_supermarket_afdfe9b9b91d68de','Gemstone Ultramart','gemstone ultramart supermarket grocery store retail shopping nigeria','place_nigeria_001','commerce',unixepoch(),unixepoch());
INSERT OR IGNORE INTO seed_ingestion_records (id,seed_run_id,entity_type,entity_id,source_id,status) VALUES ('ir_s09_supermarket_afdfe9b9b91d68de','seed_run_s09_osm_supermarkets_20260502','organization','org_s09_supermarket_afdfe9b9b91d68de','seed_source_osm_supermarkets_ng_20260502','ingested');
INSERT OR IGNORE INTO seed_entity_sources (id,seed_run_id,entity_type,entity_id,source_id,confidence_tier) VALUES ('es_s09_supermarket_afdfe9b9b91d68de','seed_run_s09_osm_supermarkets_20260502','organization','org_s09_supermarket_afdfe9b9b91d68de','seed_source_osm_supermarkets_ng_20260502','seeded');
INSERT OR IGNORE INTO seed_enrichment (id,seed_run_id,entity_type,entity_id,enrichment_type,enrichment_json) VALUES ('enr_s09_supermarket_afdfe9b9b91d68de','seed_run_s09_osm_supermarkets_20260502','organization','org_s09_supermarket_afdfe9b9b91d68de','licence_data','{"osm_id": "8059167390", "amenity": "supermarket", "addr_state": null, "operator": null, "brand": null}');

INSERT OR IGNORE INTO organizations (id,tenant_id,organization_type,legal_name,display_name,registration_number,status,verification_state,created_at,updated_at) VALUES ('org_s09_supermarket_c407ba13e2de1587','tenant_platform_seed','retail_store','Agora Marketplace','Agora Marketplace',NULL,'active','seeded',unixepoch(),unixepoch());
INSERT OR IGNORE INTO profiles (id,subject_id,subject_type,primary_place_id,tenant_id,workspace_id,display_name,created_at,updated_at) VALUES ('prof_s09_supermarket_c407ba13e2de1587','org_s09_supermarket_c407ba13e2de1587','organization','place_nigeria_001','tenant_platform_seed','workspace_platform_seed_discovery','Agora Marketplace',unixepoch(),unixepoch());
INSERT OR IGNORE INTO search_entries (id,profile_id,display_name,keywords,ancestry_path,vertical,created_at,updated_at) VALUES ('se_s09_supermarket_c407ba13e2de1587','prof_s09_supermarket_c407ba13e2de1587','Agora Marketplace','agora marketplace supermarket grocery store retail shopping nigeria','place_nigeria_001','commerce',unixepoch(),unixepoch());
INSERT OR IGNORE INTO seed_ingestion_records (id,seed_run_id,entity_type,entity_id,source_id,status) VALUES ('ir_s09_supermarket_c407ba13e2de1587','seed_run_s09_osm_supermarkets_20260502','organization','org_s09_supermarket_c407ba13e2de1587','seed_source_osm_supermarkets_ng_20260502','ingested');
INSERT OR IGNORE INTO seed_entity_sources (id,seed_run_id,entity_type,entity_id,source_id,confidence_tier) VALUES ('es_s09_supermarket_c407ba13e2de1587','seed_run_s09_osm_supermarkets_20260502','organization','org_s09_supermarket_c407ba13e2de1587','seed_source_osm_supermarkets_ng_20260502','seeded');
INSERT OR IGNORE INTO seed_enrichment (id,seed_run_id,entity_type,entity_id,enrichment_type,enrichment_json) VALUES ('enr_s09_supermarket_c407ba13e2de1587','seed_run_s09_osm_supermarkets_20260502','organization','org_s09_supermarket_c407ba13e2de1587','licence_data','{"osm_id": "8111929251", "amenity": "supermarket", "addr_state": null, "operator": "CTRONS INFOTECH COMMUNIQUE", "brand": null}');

INSERT OR IGNORE INTO organizations (id,tenant_id,organization_type,legal_name,display_name,registration_number,status,verification_state,created_at,updated_at) VALUES ('org_s09_supermarket_f7594d8c916d78e8','tenant_platform_seed','retail_store','Shaddash','Shaddash',NULL,'active','seeded',unixepoch(),unixepoch());
INSERT OR IGNORE INTO profiles (id,subject_id,subject_type,primary_place_id,tenant_id,workspace_id,display_name,created_at,updated_at) VALUES ('prof_s09_supermarket_f7594d8c916d78e8','org_s09_supermarket_f7594d8c916d78e8','organization','place_nigeria_001','tenant_platform_seed','workspace_platform_seed_discovery','Shaddash',unixepoch(),unixepoch());
INSERT OR IGNORE INTO search_entries (id,profile_id,display_name,keywords,ancestry_path,vertical,created_at,updated_at) VALUES ('se_s09_supermarket_f7594d8c916d78e8','prof_s09_supermarket_f7594d8c916d78e8','Shaddash','shaddash supermarket grocery store retail shopping nigeria','place_nigeria_001','commerce',unixepoch(),unixepoch());
INSERT OR IGNORE INTO seed_ingestion_records (id,seed_run_id,entity_type,entity_id,source_id,status) VALUES ('ir_s09_supermarket_f7594d8c916d78e8','seed_run_s09_osm_supermarkets_20260502','organization','org_s09_supermarket_f7594d8c916d78e8','seed_source_osm_supermarkets_ng_20260502','ingested');
INSERT OR IGNORE INTO seed_entity_sources (id,seed_run_id,entity_type,entity_id,source_id,confidence_tier) VALUES ('es_s09_supermarket_f7594d8c916d78e8','seed_run_s09_osm_supermarkets_20260502','organization','org_s09_supermarket_f7594d8c916d78e8','seed_source_osm_supermarkets_ng_20260502','seeded');
INSERT OR IGNORE INTO seed_enrichment (id,seed_run_id,entity_type,entity_id,enrichment_type,enrichment_json) VALUES ('enr_s09_supermarket_f7594d8c916d78e8','seed_run_s09_osm_supermarkets_20260502','organization','org_s09_supermarket_f7594d8c916d78e8','licence_data','{"osm_id": "8126987110", "amenity": "supermarket", "addr_state": null, "operator": "Shaddash", "brand": null}');

INSERT OR IGNORE INTO organizations (id,tenant_id,organization_type,legal_name,display_name,registration_number,status,verification_state,created_at,updated_at) VALUES ('org_s09_supermarket_b53c38cea04d6c97','tenant_platform_seed','retail_store','DeTinselsSignature','DeTinselsSignature',NULL,'active','seeded',unixepoch(),unixepoch());
INSERT OR IGNORE INTO profiles (id,subject_id,subject_type,primary_place_id,tenant_id,workspace_id,display_name,created_at,updated_at) VALUES ('prof_s09_supermarket_b53c38cea04d6c97','org_s09_supermarket_b53c38cea04d6c97','organization','place_nigeria_001','tenant_platform_seed','workspace_platform_seed_discovery','DeTinselsSignature',unixepoch(),unixepoch());
INSERT OR IGNORE INTO search_entries (id,profile_id,display_name,keywords,ancestry_path,vertical,created_at,updated_at) VALUES ('se_s09_supermarket_b53c38cea04d6c97','prof_s09_supermarket_b53c38cea04d6c97','DeTinselsSignature','detinselssignature supermarket grocery store retail shopping nigeria','place_nigeria_001','commerce',unixepoch(),unixepoch());
INSERT OR IGNORE INTO seed_ingestion_records (id,seed_run_id,entity_type,entity_id,source_id,status) VALUES ('ir_s09_supermarket_b53c38cea04d6c97','seed_run_s09_osm_supermarkets_20260502','organization','org_s09_supermarket_b53c38cea04d6c97','seed_source_osm_supermarkets_ng_20260502','ingested');
INSERT OR IGNORE INTO seed_entity_sources (id,seed_run_id,entity_type,entity_id,source_id,confidence_tier) VALUES ('es_s09_supermarket_b53c38cea04d6c97','seed_run_s09_osm_supermarkets_20260502','organization','org_s09_supermarket_b53c38cea04d6c97','seed_source_osm_supermarkets_ng_20260502','seeded');
INSERT OR IGNORE INTO seed_enrichment (id,seed_run_id,entity_type,entity_id,enrichment_type,enrichment_json) VALUES ('enr_s09_supermarket_b53c38cea04d6c97','seed_run_s09_osm_supermarkets_20260502','organization','org_s09_supermarket_b53c38cea04d6c97','licence_data','{"osm_id": "8128856154", "amenity": "supermarket", "addr_state": null, "operator": "Mr Malachy Uradu", "brand": null}');

INSERT OR IGNORE INTO organizations (id,tenant_id,organization_type,legal_name,display_name,registration_number,status,verification_state,created_at,updated_at) VALUES ('org_s09_supermarket_b76cf6d34c393eb2','tenant_platform_seed','retail_store','Adedoyin Plaza','Adedoyin Plaza',NULL,'active','seeded',unixepoch(),unixepoch());
INSERT OR IGNORE INTO profiles (id,subject_id,subject_type,primary_place_id,tenant_id,workspace_id,display_name,created_at,updated_at) VALUES ('prof_s09_supermarket_b76cf6d34c393eb2','org_s09_supermarket_b76cf6d34c393eb2','organization','place_nigeria_001','tenant_platform_seed','workspace_platform_seed_discovery','Adedoyin Plaza',unixepoch(),unixepoch());
INSERT OR IGNORE INTO search_entries (id,profile_id,display_name,keywords,ancestry_path,vertical,created_at,updated_at) VALUES ('se_s09_supermarket_b76cf6d34c393eb2','prof_s09_supermarket_b76cf6d34c393eb2','Adedoyin Plaza','adedoyin plaza supermarket grocery store retail shopping nigeria','place_nigeria_001','commerce',unixepoch(),unixepoch());
INSERT OR IGNORE INTO seed_ingestion_records (id,seed_run_id,entity_type,entity_id,source_id,status) VALUES ('ir_s09_supermarket_b76cf6d34c393eb2','seed_run_s09_osm_supermarkets_20260502','organization','org_s09_supermarket_b76cf6d34c393eb2','seed_source_osm_supermarkets_ng_20260502','ingested');
INSERT OR IGNORE INTO seed_entity_sources (id,seed_run_id,entity_type,entity_id,source_id,confidence_tier) VALUES ('es_s09_supermarket_b76cf6d34c393eb2','seed_run_s09_osm_supermarkets_20260502','organization','org_s09_supermarket_b76cf6d34c393eb2','seed_source_osm_supermarkets_ng_20260502','seeded');
INSERT OR IGNORE INTO seed_enrichment (id,seed_run_id,entity_type,entity_id,enrichment_type,enrichment_json) VALUES ('enr_s09_supermarket_b76cf6d34c393eb2','seed_run_s09_osm_supermarkets_20260502','organization','org_s09_supermarket_b76cf6d34c393eb2','licence_data','{"osm_id": "8230762653", "amenity": "supermarket", "addr_state": null, "operator": null, "brand": null}');

INSERT OR IGNORE INTO organizations (id,tenant_id,organization_type,legal_name,display_name,registration_number,status,verification_state,created_at,updated_at) VALUES ('org_s09_supermarket_d202429841be8e64','tenant_platform_seed','retail_store','Ike Dunkofia Plaza Onitsha','Ike Dunkofia Plaza Onitsha',NULL,'active','seeded',unixepoch(),unixepoch());
INSERT OR IGNORE INTO profiles (id,subject_id,subject_type,primary_place_id,tenant_id,workspace_id,display_name,created_at,updated_at) VALUES ('prof_s09_supermarket_d202429841be8e64','org_s09_supermarket_d202429841be8e64','organization','place_nigeria_001','tenant_platform_seed','workspace_platform_seed_discovery','Ike Dunkofia Plaza Onitsha',unixepoch(),unixepoch());
INSERT OR IGNORE INTO search_entries (id,profile_id,display_name,keywords,ancestry_path,vertical,created_at,updated_at) VALUES ('se_s09_supermarket_d202429841be8e64','prof_s09_supermarket_d202429841be8e64','Ike Dunkofia Plaza Onitsha','ike dunkofia plaza onitsha supermarket grocery store retail shopping nigeria','place_nigeria_001','commerce',unixepoch(),unixepoch());
INSERT OR IGNORE INTO seed_ingestion_records (id,seed_run_id,entity_type,entity_id,source_id,status) VALUES ('ir_s09_supermarket_d202429841be8e64','seed_run_s09_osm_supermarkets_20260502','organization','org_s09_supermarket_d202429841be8e64','seed_source_osm_supermarkets_ng_20260502','ingested');
INSERT OR IGNORE INTO seed_entity_sources (id,seed_run_id,entity_type,entity_id,source_id,confidence_tier) VALUES ('es_s09_supermarket_d202429841be8e64','seed_run_s09_osm_supermarkets_20260502','organization','org_s09_supermarket_d202429841be8e64','seed_source_osm_supermarkets_ng_20260502','seeded');
INSERT OR IGNORE INTO seed_enrichment (id,seed_run_id,entity_type,entity_id,enrichment_type,enrichment_json) VALUES ('enr_s09_supermarket_d202429841be8e64','seed_run_s09_osm_supermarkets_20260502','organization','org_s09_supermarket_d202429841be8e64','licence_data','{"osm_id": "8487211885", "amenity": "mall", "addr_state": null, "operator": null, "brand": null}');

INSERT OR IGNORE INTO organizations (id,tenant_id,organization_type,legal_name,display_name,registration_number,status,verification_state,created_at,updated_at) VALUES ('org_s09_supermarket_2b85b4a5bf623005','tenant_platform_seed','retail_store','Hartley''s','Hartley''s',NULL,'active','seeded',unixepoch(),unixepoch());
INSERT OR IGNORE INTO profiles (id,subject_id,subject_type,primary_place_id,tenant_id,workspace_id,display_name,created_at,updated_at) VALUES ('prof_s09_supermarket_2b85b4a5bf623005','org_s09_supermarket_2b85b4a5bf623005','organization','place_nigeria_001','tenant_platform_seed','workspace_platform_seed_discovery','Hartley''s',unixepoch(),unixepoch());
INSERT OR IGNORE INTO search_entries (id,profile_id,display_name,keywords,ancestry_path,vertical,created_at,updated_at) VALUES ('se_s09_supermarket_2b85b4a5bf623005','prof_s09_supermarket_2b85b4a5bf623005','Hartley''s','hartley''s supermarket grocery store retail shopping nigeria','place_nigeria_001','commerce',unixepoch(),unixepoch());
INSERT OR IGNORE INTO seed_ingestion_records (id,seed_run_id,entity_type,entity_id,source_id,status) VALUES ('ir_s09_supermarket_2b85b4a5bf623005','seed_run_s09_osm_supermarkets_20260502','organization','org_s09_supermarket_2b85b4a5bf623005','seed_source_osm_supermarkets_ng_20260502','ingested');
INSERT OR IGNORE INTO seed_entity_sources (id,seed_run_id,entity_type,entity_id,source_id,confidence_tier) VALUES ('es_s09_supermarket_2b85b4a5bf623005','seed_run_s09_osm_supermarkets_20260502','organization','org_s09_supermarket_2b85b4a5bf623005','seed_source_osm_supermarkets_ng_20260502','seeded');
INSERT OR IGNORE INTO seed_enrichment (id,seed_run_id,entity_type,entity_id,enrichment_type,enrichment_json) VALUES ('enr_s09_supermarket_2b85b4a5bf623005','seed_run_s09_osm_supermarkets_20260502','organization','org_s09_supermarket_2b85b4a5bf623005','licence_data','{"osm_id": "8554838219", "amenity": "supermarket", "addr_state": null, "operator": null, "brand": null}');

INSERT OR IGNORE INTO organizations (id,tenant_id,organization_type,legal_name,display_name,registration_number,status,verification_state,created_at,updated_at) VALUES ('org_s09_supermarket_bd36a7196d28c537','tenant_platform_seed','retail_store','Frank Supermarket','Frank Supermarket',NULL,'active','seeded',unixepoch(),unixepoch());
INSERT OR IGNORE INTO profiles (id,subject_id,subject_type,primary_place_id,tenant_id,workspace_id,display_name,created_at,updated_at) VALUES ('prof_s09_supermarket_bd36a7196d28c537','org_s09_supermarket_bd36a7196d28c537','organization','place_nigeria_001','tenant_platform_seed','workspace_platform_seed_discovery','Frank Supermarket',unixepoch(),unixepoch());
INSERT OR IGNORE INTO search_entries (id,profile_id,display_name,keywords,ancestry_path,vertical,created_at,updated_at) VALUES ('se_s09_supermarket_bd36a7196d28c537','prof_s09_supermarket_bd36a7196d28c537','Frank Supermarket','frank supermarket supermarket grocery store retail shopping nigeria','place_nigeria_001','commerce',unixepoch(),unixepoch());
INSERT OR IGNORE INTO seed_ingestion_records (id,seed_run_id,entity_type,entity_id,source_id,status) VALUES ('ir_s09_supermarket_bd36a7196d28c537','seed_run_s09_osm_supermarkets_20260502','organization','org_s09_supermarket_bd36a7196d28c537','seed_source_osm_supermarkets_ng_20260502','ingested');
INSERT OR IGNORE INTO seed_entity_sources (id,seed_run_id,entity_type,entity_id,source_id,confidence_tier) VALUES ('es_s09_supermarket_bd36a7196d28c537','seed_run_s09_osm_supermarkets_20260502','organization','org_s09_supermarket_bd36a7196d28c537','seed_source_osm_supermarkets_ng_20260502','seeded');
INSERT OR IGNORE INTO seed_enrichment (id,seed_run_id,entity_type,entity_id,enrichment_type,enrichment_json) VALUES ('enr_s09_supermarket_bd36a7196d28c537','seed_run_s09_osm_supermarkets_20260502','organization','org_s09_supermarket_bd36a7196d28c537','licence_data','{"osm_id": "8753070715", "amenity": "supermarket", "addr_state": null, "operator": null, "brand": null}');

INSERT OR IGNORE INTO organizations (id,tenant_id,organization_type,legal_name,display_name,registration_number,status,verification_state,created_at,updated_at) VALUES ('org_s09_supermarket_7c846fa9a51c0891','tenant_platform_seed','retail_store','Friendly Supermarket','Friendly Supermarket',NULL,'active','seeded',unixepoch(),unixepoch());
INSERT OR IGNORE INTO profiles (id,subject_id,subject_type,primary_place_id,tenant_id,workspace_id,display_name,created_at,updated_at) VALUES ('prof_s09_supermarket_7c846fa9a51c0891','org_s09_supermarket_7c846fa9a51c0891','organization','place_nigeria_001','tenant_platform_seed','workspace_platform_seed_discovery','Friendly Supermarket',unixepoch(),unixepoch());
INSERT OR IGNORE INTO search_entries (id,profile_id,display_name,keywords,ancestry_path,vertical,created_at,updated_at) VALUES ('se_s09_supermarket_7c846fa9a51c0891','prof_s09_supermarket_7c846fa9a51c0891','Friendly Supermarket','friendly supermarket supermarket grocery store retail shopping nigeria','place_nigeria_001','commerce',unixepoch(),unixepoch());
INSERT OR IGNORE INTO seed_ingestion_records (id,seed_run_id,entity_type,entity_id,source_id,status) VALUES ('ir_s09_supermarket_7c846fa9a51c0891','seed_run_s09_osm_supermarkets_20260502','organization','org_s09_supermarket_7c846fa9a51c0891','seed_source_osm_supermarkets_ng_20260502','ingested');
INSERT OR IGNORE INTO seed_entity_sources (id,seed_run_id,entity_type,entity_id,source_id,confidence_tier) VALUES ('es_s09_supermarket_7c846fa9a51c0891','seed_run_s09_osm_supermarkets_20260502','organization','org_s09_supermarket_7c846fa9a51c0891','seed_source_osm_supermarkets_ng_20260502','seeded');
INSERT OR IGNORE INTO seed_enrichment (id,seed_run_id,entity_type,entity_id,enrichment_type,enrichment_json) VALUES ('enr_s09_supermarket_7c846fa9a51c0891','seed_run_s09_osm_supermarkets_20260502','organization','org_s09_supermarket_7c846fa9a51c0891','licence_data','{"osm_id": "8753126649", "amenity": "supermarket", "addr_state": null, "operator": null, "brand": null}');

INSERT OR IGNORE INTO organizations (id,tenant_id,organization_type,legal_name,display_name,registration_number,status,verification_state,created_at,updated_at) VALUES ('org_s09_supermarket_c41d803d08c79ddb','tenant_platform_seed','retail_store','Movin Star Supermarket','Movin Star Supermarket',NULL,'active','seeded',unixepoch(),unixepoch());
INSERT OR IGNORE INTO profiles (id,subject_id,subject_type,primary_place_id,tenant_id,workspace_id,display_name,created_at,updated_at) VALUES ('prof_s09_supermarket_c41d803d08c79ddb','org_s09_supermarket_c41d803d08c79ddb','organization','place_nigeria_001','tenant_platform_seed','workspace_platform_seed_discovery','Movin Star Supermarket',unixepoch(),unixepoch());
INSERT OR IGNORE INTO search_entries (id,profile_id,display_name,keywords,ancestry_path,vertical,created_at,updated_at) VALUES ('se_s09_supermarket_c41d803d08c79ddb','prof_s09_supermarket_c41d803d08c79ddb','Movin Star Supermarket','movin star supermarket supermarket grocery store retail shopping nigeria','place_nigeria_001','commerce',unixepoch(),unixepoch());
INSERT OR IGNORE INTO seed_ingestion_records (id,seed_run_id,entity_type,entity_id,source_id,status) VALUES ('ir_s09_supermarket_c41d803d08c79ddb','seed_run_s09_osm_supermarkets_20260502','organization','org_s09_supermarket_c41d803d08c79ddb','seed_source_osm_supermarkets_ng_20260502','ingested');
INSERT OR IGNORE INTO seed_entity_sources (id,seed_run_id,entity_type,entity_id,source_id,confidence_tier) VALUES ('es_s09_supermarket_c41d803d08c79ddb','seed_run_s09_osm_supermarkets_20260502','organization','org_s09_supermarket_c41d803d08c79ddb','seed_source_osm_supermarkets_ng_20260502','seeded');
INSERT OR IGNORE INTO seed_enrichment (id,seed_run_id,entity_type,entity_id,enrichment_type,enrichment_json) VALUES ('enr_s09_supermarket_c41d803d08c79ddb','seed_run_s09_osm_supermarkets_20260502','organization','org_s09_supermarket_c41d803d08c79ddb','licence_data','{"osm_id": "8753150412", "amenity": "supermarket", "addr_state": null, "operator": null, "brand": null}');

INSERT OR IGNORE INTO organizations (id,tenant_id,organization_type,legal_name,display_name,registration_number,status,verification_state,created_at,updated_at) VALUES ('org_s09_supermarket_bdeed082a326f944','tenant_platform_seed','retail_store','Akalaka House','Akalaka House',NULL,'active','seeded',unixepoch(),unixepoch());
INSERT OR IGNORE INTO profiles (id,subject_id,subject_type,primary_place_id,tenant_id,workspace_id,display_name,created_at,updated_at) VALUES ('prof_s09_supermarket_bdeed082a326f944','org_s09_supermarket_bdeed082a326f944','organization','place_nigeria_001','tenant_platform_seed','workspace_platform_seed_discovery','Akalaka House',unixepoch(),unixepoch());
INSERT OR IGNORE INTO search_entries (id,profile_id,display_name,keywords,ancestry_path,vertical,created_at,updated_at) VALUES ('se_s09_supermarket_bdeed082a326f944','prof_s09_supermarket_bdeed082a326f944','Akalaka House','akalaka house supermarket grocery store retail shopping nigeria','place_nigeria_001','commerce',unixepoch(),unixepoch());
INSERT OR IGNORE INTO seed_ingestion_records (id,seed_run_id,entity_type,entity_id,source_id,status) VALUES ('ir_s09_supermarket_bdeed082a326f944','seed_run_s09_osm_supermarkets_20260502','organization','org_s09_supermarket_bdeed082a326f944','seed_source_osm_supermarkets_ng_20260502','ingested');
INSERT OR IGNORE INTO seed_entity_sources (id,seed_run_id,entity_type,entity_id,source_id,confidence_tier) VALUES ('es_s09_supermarket_bdeed082a326f944','seed_run_s09_osm_supermarkets_20260502','organization','org_s09_supermarket_bdeed082a326f944','seed_source_osm_supermarkets_ng_20260502','seeded');
INSERT OR IGNORE INTO seed_enrichment (id,seed_run_id,entity_type,entity_id,enrichment_type,enrichment_json) VALUES ('enr_s09_supermarket_bdeed082a326f944','seed_run_s09_osm_supermarkets_20260502','organization','org_s09_supermarket_bdeed082a326f944','licence_data','{"osm_id": "8753227879", "amenity": "mall", "addr_state": null, "operator": null, "brand": null}');

INSERT OR IGNORE INTO organizations (id,tenant_id,organization_type,legal_name,display_name,registration_number,status,verification_state,created_at,updated_at) VALUES ('org_s09_supermarket_277327ed0491f14d','tenant_platform_seed','retail_store','Discovery Plaza','Discovery Plaza',NULL,'active','seeded',unixepoch(),unixepoch());
INSERT OR IGNORE INTO profiles (id,subject_id,subject_type,primary_place_id,tenant_id,workspace_id,display_name,created_at,updated_at) VALUES ('prof_s09_supermarket_277327ed0491f14d','org_s09_supermarket_277327ed0491f14d','organization','place_nigeria_001','tenant_platform_seed','workspace_platform_seed_discovery','Discovery Plaza',unixepoch(),unixepoch());
INSERT OR IGNORE INTO search_entries (id,profile_id,display_name,keywords,ancestry_path,vertical,created_at,updated_at) VALUES ('se_s09_supermarket_277327ed0491f14d','prof_s09_supermarket_277327ed0491f14d','Discovery Plaza','discovery plaza supermarket grocery store retail shopping nigeria','place_nigeria_001','commerce',unixepoch(),unixepoch());
INSERT OR IGNORE INTO seed_ingestion_records (id,seed_run_id,entity_type,entity_id,source_id,status) VALUES ('ir_s09_supermarket_277327ed0491f14d','seed_run_s09_osm_supermarkets_20260502','organization','org_s09_supermarket_277327ed0491f14d','seed_source_osm_supermarkets_ng_20260502','ingested');
INSERT OR IGNORE INTO seed_entity_sources (id,seed_run_id,entity_type,entity_id,source_id,confidence_tier) VALUES ('es_s09_supermarket_277327ed0491f14d','seed_run_s09_osm_supermarkets_20260502','organization','org_s09_supermarket_277327ed0491f14d','seed_source_osm_supermarkets_ng_20260502','seeded');
INSERT OR IGNORE INTO seed_enrichment (id,seed_run_id,entity_type,entity_id,enrichment_type,enrichment_json) VALUES ('enr_s09_supermarket_277327ed0491f14d','seed_run_s09_osm_supermarkets_20260502','organization','org_s09_supermarket_277327ed0491f14d','licence_data','{"osm_id": "8753246687", "amenity": "mall", "addr_state": null, "operator": null, "brand": null}');

INSERT OR IGNORE INTO organizations (id,tenant_id,organization_type,legal_name,display_name,registration_number,status,verification_state,created_at,updated_at) VALUES ('org_s09_supermarket_e52a59dfc1f67102','tenant_platform_seed','retail_store','Foodco Akobo','Foodco Akobo',NULL,'active','seeded',unixepoch(),unixepoch());
INSERT OR IGNORE INTO profiles (id,subject_id,subject_type,primary_place_id,tenant_id,workspace_id,display_name,created_at,updated_at) VALUES ('prof_s09_supermarket_e52a59dfc1f67102','org_s09_supermarket_e52a59dfc1f67102','organization','place_nigeria_001','tenant_platform_seed','workspace_platform_seed_discovery','Foodco Akobo',unixepoch(),unixepoch());
INSERT OR IGNORE INTO search_entries (id,profile_id,display_name,keywords,ancestry_path,vertical,created_at,updated_at) VALUES ('se_s09_supermarket_e52a59dfc1f67102','prof_s09_supermarket_e52a59dfc1f67102','Foodco Akobo','foodco akobo supermarket grocery store retail shopping nigeria','place_nigeria_001','commerce',unixepoch(),unixepoch());
INSERT OR IGNORE INTO seed_ingestion_records (id,seed_run_id,entity_type,entity_id,source_id,status) VALUES ('ir_s09_supermarket_e52a59dfc1f67102','seed_run_s09_osm_supermarkets_20260502','organization','org_s09_supermarket_e52a59dfc1f67102','seed_source_osm_supermarkets_ng_20260502','ingested');
INSERT OR IGNORE INTO seed_entity_sources (id,seed_run_id,entity_type,entity_id,source_id,confidence_tier) VALUES ('es_s09_supermarket_e52a59dfc1f67102','seed_run_s09_osm_supermarkets_20260502','organization','org_s09_supermarket_e52a59dfc1f67102','seed_source_osm_supermarkets_ng_20260502','seeded');
INSERT OR IGNORE INTO seed_enrichment (id,seed_run_id,entity_type,entity_id,enrichment_type,enrichment_json) VALUES ('enr_s09_supermarket_e52a59dfc1f67102','seed_run_s09_osm_supermarkets_20260502','organization','org_s09_supermarket_e52a59dfc1f67102','licence_data','{"osm_id": "8841784057", "amenity": "supermarket", "addr_state": null, "operator": null, "brand": null}');

INSERT OR IGNORE INTO organizations (id,tenant_id,organization_type,legal_name,display_name,registration_number,status,verification_state,created_at,updated_at) VALUES ('org_s09_supermarket_6bc32c05b2a61651','tenant_platform_seed','retail_store','PROGNOSY PHARMACY AND SUPERMARKET','PROGNOSY PHARMACY AND SUPERMARKET',NULL,'active','seeded',unixepoch(),unixepoch());
INSERT OR IGNORE INTO profiles (id,subject_id,subject_type,primary_place_id,tenant_id,workspace_id,display_name,created_at,updated_at) VALUES ('prof_s09_supermarket_6bc32c05b2a61651','org_s09_supermarket_6bc32c05b2a61651','organization','place_nigeria_001','tenant_platform_seed','workspace_platform_seed_discovery','PROGNOSY PHARMACY AND SUPERMARKET',unixepoch(),unixepoch());
INSERT OR IGNORE INTO search_entries (id,profile_id,display_name,keywords,ancestry_path,vertical,created_at,updated_at) VALUES ('se_s09_supermarket_6bc32c05b2a61651','prof_s09_supermarket_6bc32c05b2a61651','PROGNOSY PHARMACY AND SUPERMARKET','prognosy pharmacy and supermarket supermarket grocery store retail shopping nigeria','place_nigeria_001','commerce',unixepoch(),unixepoch());
INSERT OR IGNORE INTO seed_ingestion_records (id,seed_run_id,entity_type,entity_id,source_id,status) VALUES ('ir_s09_supermarket_6bc32c05b2a61651','seed_run_s09_osm_supermarkets_20260502','organization','org_s09_supermarket_6bc32c05b2a61651','seed_source_osm_supermarkets_ng_20260502','ingested');
INSERT OR IGNORE INTO seed_entity_sources (id,seed_run_id,entity_type,entity_id,source_id,confidence_tier) VALUES ('es_s09_supermarket_6bc32c05b2a61651','seed_run_s09_osm_supermarkets_20260502','organization','org_s09_supermarket_6bc32c05b2a61651','seed_source_osm_supermarkets_ng_20260502','seeded');
INSERT OR IGNORE INTO seed_enrichment (id,seed_run_id,entity_type,entity_id,enrichment_type,enrichment_json) VALUES ('enr_s09_supermarket_6bc32c05b2a61651','seed_run_s09_osm_supermarkets_20260502','organization','org_s09_supermarket_6bc32c05b2a61651','licence_data','{"osm_id": "9401736367", "amenity": "supermarket", "addr_state": null, "operator": null, "brand": null}');

INSERT OR IGNORE INTO organizations (id,tenant_id,organization_type,legal_name,display_name,registration_number,status,verification_state,created_at,updated_at) VALUES ('org_s09_supermarket_159baa9dcc4d74bf','tenant_platform_seed','retail_store','Oliver Twist','Oliver Twist',NULL,'active','seeded',unixepoch(),unixepoch());
INSERT OR IGNORE INTO profiles (id,subject_id,subject_type,primary_place_id,tenant_id,workspace_id,display_name,created_at,updated_at) VALUES ('prof_s09_supermarket_159baa9dcc4d74bf','org_s09_supermarket_159baa9dcc4d74bf','organization','place_nigeria_001','tenant_platform_seed','workspace_platform_seed_discovery','Oliver Twist',unixepoch(),unixepoch());
INSERT OR IGNORE INTO search_entries (id,profile_id,display_name,keywords,ancestry_path,vertical,created_at,updated_at) VALUES ('se_s09_supermarket_159baa9dcc4d74bf','prof_s09_supermarket_159baa9dcc4d74bf','Oliver Twist','oliver twist supermarket grocery store retail shopping nigeria','place_nigeria_001','commerce',unixepoch(),unixepoch());
INSERT OR IGNORE INTO seed_ingestion_records (id,seed_run_id,entity_type,entity_id,source_id,status) VALUES ('ir_s09_supermarket_159baa9dcc4d74bf','seed_run_s09_osm_supermarkets_20260502','organization','org_s09_supermarket_159baa9dcc4d74bf','seed_source_osm_supermarkets_ng_20260502','ingested');
INSERT OR IGNORE INTO seed_entity_sources (id,seed_run_id,entity_type,entity_id,source_id,confidence_tier) VALUES ('es_s09_supermarket_159baa9dcc4d74bf','seed_run_s09_osm_supermarkets_20260502','organization','org_s09_supermarket_159baa9dcc4d74bf','seed_source_osm_supermarkets_ng_20260502','seeded');
INSERT OR IGNORE INTO seed_enrichment (id,seed_run_id,entity_type,entity_id,enrichment_type,enrichment_json) VALUES ('enr_s09_supermarket_159baa9dcc4d74bf','seed_run_s09_osm_supermarkets_20260502','organization','org_s09_supermarket_159baa9dcc4d74bf','licence_data','{"osm_id": "9401822342", "amenity": "supermarket", "addr_state": null, "operator": null, "brand": null}');

INSERT OR IGNORE INTO organizations (id,tenant_id,organization_type,legal_name,display_name,registration_number,status,verification_state,created_at,updated_at) VALUES ('org_s09_supermarket_35d989520d6f1649','tenant_platform_seed','retail_store','NLNG SHOPPING MALL','NLNG SHOPPING MALL',NULL,'active','seeded',unixepoch(),unixepoch());
INSERT OR IGNORE INTO profiles (id,subject_id,subject_type,primary_place_id,tenant_id,workspace_id,display_name,created_at,updated_at) VALUES ('prof_s09_supermarket_35d989520d6f1649','org_s09_supermarket_35d989520d6f1649','organization','place_nigeria_001','tenant_platform_seed','workspace_platform_seed_discovery','NLNG SHOPPING MALL',unixepoch(),unixepoch());
INSERT OR IGNORE INTO search_entries (id,profile_id,display_name,keywords,ancestry_path,vertical,created_at,updated_at) VALUES ('se_s09_supermarket_35d989520d6f1649','prof_s09_supermarket_35d989520d6f1649','NLNG SHOPPING MALL','nlng shopping mall supermarket grocery store retail shopping nigeria','place_nigeria_001','commerce',unixepoch(),unixepoch());
INSERT OR IGNORE INTO seed_ingestion_records (id,seed_run_id,entity_type,entity_id,source_id,status) VALUES ('ir_s09_supermarket_35d989520d6f1649','seed_run_s09_osm_supermarkets_20260502','organization','org_s09_supermarket_35d989520d6f1649','seed_source_osm_supermarkets_ng_20260502','ingested');
INSERT OR IGNORE INTO seed_entity_sources (id,seed_run_id,entity_type,entity_id,source_id,confidence_tier) VALUES ('es_s09_supermarket_35d989520d6f1649','seed_run_s09_osm_supermarkets_20260502','organization','org_s09_supermarket_35d989520d6f1649','seed_source_osm_supermarkets_ng_20260502','seeded');
INSERT OR IGNORE INTO seed_enrichment (id,seed_run_id,entity_type,entity_id,enrichment_type,enrichment_json) VALUES ('enr_s09_supermarket_35d989520d6f1649','seed_run_s09_osm_supermarkets_20260502','organization','org_s09_supermarket_35d989520d6f1649','licence_data','{"osm_id": "9436743205", "amenity": "supermarket", "addr_state": null, "operator": null, "brand": null}');

INSERT OR IGNORE INTO organizations (id,tenant_id,organization_type,legal_name,display_name,registration_number,status,verification_state,created_at,updated_at) VALUES ('org_s09_supermarket_03d63893c4016940','tenant_platform_seed','retail_store','Roban Stores','Roban Stores',NULL,'active','seeded',unixepoch(),unixepoch());
INSERT OR IGNORE INTO profiles (id,subject_id,subject_type,primary_place_id,tenant_id,workspace_id,display_name,created_at,updated_at) VALUES ('prof_s09_supermarket_03d63893c4016940','org_s09_supermarket_03d63893c4016940','organization','place_nigeria_001','tenant_platform_seed','workspace_platform_seed_discovery','Roban Stores',unixepoch(),unixepoch());
INSERT OR IGNORE INTO search_entries (id,profile_id,display_name,keywords,ancestry_path,vertical,created_at,updated_at) VALUES ('se_s09_supermarket_03d63893c4016940','prof_s09_supermarket_03d63893c4016940','Roban Stores','roban stores supermarket grocery store retail shopping nigeria','place_nigeria_001','commerce',unixepoch(),unixepoch());
INSERT OR IGNORE INTO seed_ingestion_records (id,seed_run_id,entity_type,entity_id,source_id,status) VALUES ('ir_s09_supermarket_03d63893c4016940','seed_run_s09_osm_supermarkets_20260502','organization','org_s09_supermarket_03d63893c4016940','seed_source_osm_supermarkets_ng_20260502','ingested');
INSERT OR IGNORE INTO seed_entity_sources (id,seed_run_id,entity_type,entity_id,source_id,confidence_tier) VALUES ('es_s09_supermarket_03d63893c4016940','seed_run_s09_osm_supermarkets_20260502','organization','org_s09_supermarket_03d63893c4016940','seed_source_osm_supermarkets_ng_20260502','seeded');
INSERT OR IGNORE INTO seed_enrichment (id,seed_run_id,entity_type,entity_id,enrichment_type,enrichment_json) VALUES ('enr_s09_supermarket_03d63893c4016940','seed_run_s09_osm_supermarkets_20260502','organization','org_s09_supermarket_03d63893c4016940','licence_data','{"osm_id": "9582157844", "amenity": "mall", "addr_state": null, "operator": "Roban Stores", "brand": null}');

INSERT OR IGNORE INTO organizations (id,tenant_id,organization_type,legal_name,display_name,registration_number,status,verification_state,created_at,updated_at) VALUES ('org_s09_supermarket_afcd7b62635ace21','tenant_platform_seed','retail_store','Grocery Barzar','Grocery Barzar',NULL,'active','seeded',unixepoch(),unixepoch());
INSERT OR IGNORE INTO profiles (id,subject_id,subject_type,primary_place_id,tenant_id,workspace_id,display_name,created_at,updated_at) VALUES ('prof_s09_supermarket_afcd7b62635ace21','org_s09_supermarket_afcd7b62635ace21','organization','place_nigeria_001','tenant_platform_seed','workspace_platform_seed_discovery','Grocery Barzar',unixepoch(),unixepoch());
INSERT OR IGNORE INTO search_entries (id,profile_id,display_name,keywords,ancestry_path,vertical,created_at,updated_at) VALUES ('se_s09_supermarket_afcd7b62635ace21','prof_s09_supermarket_afcd7b62635ace21','Grocery Barzar','grocery barzar supermarket grocery store retail shopping nigeria','place_nigeria_001','commerce',unixepoch(),unixepoch());
INSERT OR IGNORE INTO seed_ingestion_records (id,seed_run_id,entity_type,entity_id,source_id,status) VALUES ('ir_s09_supermarket_afcd7b62635ace21','seed_run_s09_osm_supermarkets_20260502','organization','org_s09_supermarket_afcd7b62635ace21','seed_source_osm_supermarkets_ng_20260502','ingested');
INSERT OR IGNORE INTO seed_entity_sources (id,seed_run_id,entity_type,entity_id,source_id,confidence_tier) VALUES ('es_s09_supermarket_afcd7b62635ace21','seed_run_s09_osm_supermarkets_20260502','organization','org_s09_supermarket_afcd7b62635ace21','seed_source_osm_supermarkets_ng_20260502','seeded');
INSERT OR IGNORE INTO seed_enrichment (id,seed_run_id,entity_type,entity_id,enrichment_type,enrichment_json) VALUES ('enr_s09_supermarket_afcd7b62635ace21','seed_run_s09_osm_supermarkets_20260502','organization','org_s09_supermarket_afcd7b62635ace21','licence_data','{"osm_id": "9624452703", "amenity": "supermarket", "addr_state": null, "operator": null, "brand": null}');

INSERT OR IGNORE INTO organizations (id,tenant_id,organization_type,legal_name,display_name,registration_number,status,verification_state,created_at,updated_at) VALUES ('org_s09_supermarket_f93cafff245fa2d9','tenant_platform_seed','retail_store','c.g supermarket','c.g supermarket',NULL,'active','seeded',unixepoch(),unixepoch());
INSERT OR IGNORE INTO profiles (id,subject_id,subject_type,primary_place_id,tenant_id,workspace_id,display_name,created_at,updated_at) VALUES ('prof_s09_supermarket_f93cafff245fa2d9','org_s09_supermarket_f93cafff245fa2d9','organization','place_nigeria_001','tenant_platform_seed','workspace_platform_seed_discovery','c.g supermarket',unixepoch(),unixepoch());
INSERT OR IGNORE INTO search_entries (id,profile_id,display_name,keywords,ancestry_path,vertical,created_at,updated_at) VALUES ('se_s09_supermarket_f93cafff245fa2d9','prof_s09_supermarket_f93cafff245fa2d9','c.g supermarket','c.g supermarket supermarket grocery store retail shopping nigeria','place_nigeria_001','commerce',unixepoch(),unixepoch());
INSERT OR IGNORE INTO seed_ingestion_records (id,seed_run_id,entity_type,entity_id,source_id,status) VALUES ('ir_s09_supermarket_f93cafff245fa2d9','seed_run_s09_osm_supermarkets_20260502','organization','org_s09_supermarket_f93cafff245fa2d9','seed_source_osm_supermarkets_ng_20260502','ingested');
INSERT OR IGNORE INTO seed_entity_sources (id,seed_run_id,entity_type,entity_id,source_id,confidence_tier) VALUES ('es_s09_supermarket_f93cafff245fa2d9','seed_run_s09_osm_supermarkets_20260502','organization','org_s09_supermarket_f93cafff245fa2d9','seed_source_osm_supermarkets_ng_20260502','seeded');
INSERT OR IGNORE INTO seed_enrichment (id,seed_run_id,entity_type,entity_id,enrichment_type,enrichment_json) VALUES ('enr_s09_supermarket_f93cafff245fa2d9','seed_run_s09_osm_supermarkets_20260502','organization','org_s09_supermarket_f93cafff245fa2d9','licence_data','{"osm_id": "9851466892", "amenity": "supermarket", "addr_state": null, "operator": null, "brand": null}');

INSERT OR IGNORE INTO organizations (id,tenant_id,organization_type,legal_name,display_name,registration_number,status,verification_state,created_at,updated_at) VALUES ('org_s09_supermarket_4e1273252a42741a','tenant_platform_seed','retail_store','Beloved Super Store','Beloved Super Store',NULL,'active','seeded',unixepoch(),unixepoch());
INSERT OR IGNORE INTO profiles (id,subject_id,subject_type,primary_place_id,tenant_id,workspace_id,display_name,created_at,updated_at) VALUES ('prof_s09_supermarket_4e1273252a42741a','org_s09_supermarket_4e1273252a42741a','organization','place_nigeria_001','tenant_platform_seed','workspace_platform_seed_discovery','Beloved Super Store',unixepoch(),unixepoch());
INSERT OR IGNORE INTO search_entries (id,profile_id,display_name,keywords,ancestry_path,vertical,created_at,updated_at) VALUES ('se_s09_supermarket_4e1273252a42741a','prof_s09_supermarket_4e1273252a42741a','Beloved Super Store','beloved super store supermarket grocery store retail shopping nigeria','place_nigeria_001','commerce',unixepoch(),unixepoch());
INSERT OR IGNORE INTO seed_ingestion_records (id,seed_run_id,entity_type,entity_id,source_id,status) VALUES ('ir_s09_supermarket_4e1273252a42741a','seed_run_s09_osm_supermarkets_20260502','organization','org_s09_supermarket_4e1273252a42741a','seed_source_osm_supermarkets_ng_20260502','ingested');
INSERT OR IGNORE INTO seed_entity_sources (id,seed_run_id,entity_type,entity_id,source_id,confidence_tier) VALUES ('es_s09_supermarket_4e1273252a42741a','seed_run_s09_osm_supermarkets_20260502','organization','org_s09_supermarket_4e1273252a42741a','seed_source_osm_supermarkets_ng_20260502','seeded');
INSERT OR IGNORE INTO seed_enrichment (id,seed_run_id,entity_type,entity_id,enrichment_type,enrichment_json) VALUES ('enr_s09_supermarket_4e1273252a42741a','seed_run_s09_osm_supermarkets_20260502','organization','org_s09_supermarket_4e1273252a42741a','licence_data','{"osm_id": "10106319017", "amenity": "supermarket", "addr_state": null, "operator": null, "brand": null}');

INSERT OR IGNORE INTO organizations (id,tenant_id,organization_type,legal_name,display_name,registration_number,status,verification_state,created_at,updated_at) VALUES ('org_s09_supermarket_beb60a4a30ed5688','tenant_platform_seed','retail_store','Ebonyi Mall','Ebonyi Mall',NULL,'active','seeded',unixepoch(),unixepoch());
INSERT OR IGNORE INTO profiles (id,subject_id,subject_type,primary_place_id,tenant_id,workspace_id,display_name,created_at,updated_at) VALUES ('prof_s09_supermarket_beb60a4a30ed5688','org_s09_supermarket_beb60a4a30ed5688','organization','place_nigeria_001','tenant_platform_seed','workspace_platform_seed_discovery','Ebonyi Mall',unixepoch(),unixepoch());
INSERT OR IGNORE INTO search_entries (id,profile_id,display_name,keywords,ancestry_path,vertical,created_at,updated_at) VALUES ('se_s09_supermarket_beb60a4a30ed5688','prof_s09_supermarket_beb60a4a30ed5688','Ebonyi Mall','ebonyi mall supermarket grocery store retail shopping nigeria','place_nigeria_001','commerce',unixepoch(),unixepoch());
INSERT OR IGNORE INTO seed_ingestion_records (id,seed_run_id,entity_type,entity_id,source_id,status) VALUES ('ir_s09_supermarket_beb60a4a30ed5688','seed_run_s09_osm_supermarkets_20260502','organization','org_s09_supermarket_beb60a4a30ed5688','seed_source_osm_supermarkets_ng_20260502','ingested');
INSERT OR IGNORE INTO seed_entity_sources (id,seed_run_id,entity_type,entity_id,source_id,confidence_tier) VALUES ('es_s09_supermarket_beb60a4a30ed5688','seed_run_s09_osm_supermarkets_20260502','organization','org_s09_supermarket_beb60a4a30ed5688','seed_source_osm_supermarkets_ng_20260502','seeded');
INSERT OR IGNORE INTO seed_enrichment (id,seed_run_id,entity_type,entity_id,enrichment_type,enrichment_json) VALUES ('enr_s09_supermarket_beb60a4a30ed5688','seed_run_s09_osm_supermarkets_20260502','organization','org_s09_supermarket_beb60a4a30ed5688','licence_data','{"osm_id": "10287518642", "amenity": "mall", "addr_state": null, "operator": null, "brand": null}');

INSERT OR IGNORE INTO organizations (id,tenant_id,organization_type,legal_name,display_name,registration_number,status,verification_state,created_at,updated_at) VALUES ('org_s09_supermarket_7c94d3b4a846f7b8','tenant_platform_seed','retail_store','Shoprite Delta Mall','Shoprite Delta Mall',NULL,'active','seeded',unixepoch(),unixepoch());
INSERT OR IGNORE INTO profiles (id,subject_id,subject_type,primary_place_id,tenant_id,workspace_id,display_name,created_at,updated_at) VALUES ('prof_s09_supermarket_7c94d3b4a846f7b8','org_s09_supermarket_7c94d3b4a846f7b8','organization','place_nigeria_001','tenant_platform_seed','workspace_platform_seed_discovery','Shoprite Delta Mall',unixepoch(),unixepoch());
INSERT OR IGNORE INTO search_entries (id,profile_id,display_name,keywords,ancestry_path,vertical,created_at,updated_at) VALUES ('se_s09_supermarket_7c94d3b4a846f7b8','prof_s09_supermarket_7c94d3b4a846f7b8','Shoprite Delta Mall','shoprite delta mall supermarket grocery store retail shopping nigeria','place_nigeria_001','commerce',unixepoch(),unixepoch());
INSERT OR IGNORE INTO seed_ingestion_records (id,seed_run_id,entity_type,entity_id,source_id,status) VALUES ('ir_s09_supermarket_7c94d3b4a846f7b8','seed_run_s09_osm_supermarkets_20260502','organization','org_s09_supermarket_7c94d3b4a846f7b8','seed_source_osm_supermarkets_ng_20260502','ingested');
INSERT OR IGNORE INTO seed_entity_sources (id,seed_run_id,entity_type,entity_id,source_id,confidence_tier) VALUES ('es_s09_supermarket_7c94d3b4a846f7b8','seed_run_s09_osm_supermarkets_20260502','organization','org_s09_supermarket_7c94d3b4a846f7b8','seed_source_osm_supermarkets_ng_20260502','seeded');
INSERT OR IGNORE INTO seed_enrichment (id,seed_run_id,entity_type,entity_id,enrichment_type,enrichment_json) VALUES ('enr_s09_supermarket_7c94d3b4a846f7b8','seed_run_s09_osm_supermarkets_20260502','organization','org_s09_supermarket_7c94d3b4a846f7b8','licence_data','{"osm_id": "10726475200", "amenity": "mall", "addr_state": null, "operator": "Delta State Government", "brand": null}');

INSERT OR IGNORE INTO organizations (id,tenant_id,organization_type,legal_name,display_name,registration_number,status,verification_state,created_at,updated_at) VALUES ('org_s09_supermarket_ed3ae27600af1cd1','tenant_platform_seed','retail_store','Simple Aim Paza','Simple Aim Paza',NULL,'active','seeded',unixepoch(),unixepoch());
INSERT OR IGNORE INTO profiles (id,subject_id,subject_type,primary_place_id,tenant_id,workspace_id,display_name,created_at,updated_at) VALUES ('prof_s09_supermarket_ed3ae27600af1cd1','org_s09_supermarket_ed3ae27600af1cd1','organization','place_nigeria_001','tenant_platform_seed','workspace_platform_seed_discovery','Simple Aim Paza',unixepoch(),unixepoch());
INSERT OR IGNORE INTO search_entries (id,profile_id,display_name,keywords,ancestry_path,vertical,created_at,updated_at) VALUES ('se_s09_supermarket_ed3ae27600af1cd1','prof_s09_supermarket_ed3ae27600af1cd1','Simple Aim Paza','simple aim paza supermarket grocery store retail shopping nigeria','place_nigeria_001','commerce',unixepoch(),unixepoch());
INSERT OR IGNORE INTO seed_ingestion_records (id,seed_run_id,entity_type,entity_id,source_id,status) VALUES ('ir_s09_supermarket_ed3ae27600af1cd1','seed_run_s09_osm_supermarkets_20260502','organization','org_s09_supermarket_ed3ae27600af1cd1','seed_source_osm_supermarkets_ng_20260502','ingested');
INSERT OR IGNORE INTO seed_entity_sources (id,seed_run_id,entity_type,entity_id,source_id,confidence_tier) VALUES ('es_s09_supermarket_ed3ae27600af1cd1','seed_run_s09_osm_supermarkets_20260502','organization','org_s09_supermarket_ed3ae27600af1cd1','seed_source_osm_supermarkets_ng_20260502','seeded');
INSERT OR IGNORE INTO seed_enrichment (id,seed_run_id,entity_type,entity_id,enrichment_type,enrichment_json) VALUES ('enr_s09_supermarket_ed3ae27600af1cd1','seed_run_s09_osm_supermarkets_20260502','organization','org_s09_supermarket_ed3ae27600af1cd1','licence_data','{"osm_id": "10922038202", "amenity": "supermarket", "addr_state": null, "operator": null, "brand": null}');

INSERT OR IGNORE INTO organizations (id,tenant_id,organization_type,legal_name,display_name,registration_number,status,verification_state,created_at,updated_at) VALUES ('org_s09_supermarket_0d632f91a7fae5fe','tenant_platform_seed','retail_store','Moonbase','Moonbase',NULL,'active','seeded',unixepoch(),unixepoch());
INSERT OR IGNORE INTO profiles (id,subject_id,subject_type,primary_place_id,tenant_id,workspace_id,display_name,created_at,updated_at) VALUES ('prof_s09_supermarket_0d632f91a7fae5fe','org_s09_supermarket_0d632f91a7fae5fe','organization','place_nigeria_001','tenant_platform_seed','workspace_platform_seed_discovery','Moonbase',unixepoch(),unixepoch());
INSERT OR IGNORE INTO search_entries (id,profile_id,display_name,keywords,ancestry_path,vertical,created_at,updated_at) VALUES ('se_s09_supermarket_0d632f91a7fae5fe','prof_s09_supermarket_0d632f91a7fae5fe','Moonbase','moonbase supermarket grocery store retail shopping nigeria','place_nigeria_001','commerce',unixepoch(),unixepoch());
INSERT OR IGNORE INTO seed_ingestion_records (id,seed_run_id,entity_type,entity_id,source_id,status) VALUES ('ir_s09_supermarket_0d632f91a7fae5fe','seed_run_s09_osm_supermarkets_20260502','organization','org_s09_supermarket_0d632f91a7fae5fe','seed_source_osm_supermarkets_ng_20260502','ingested');
INSERT OR IGNORE INTO seed_entity_sources (id,seed_run_id,entity_type,entity_id,source_id,confidence_tier) VALUES ('es_s09_supermarket_0d632f91a7fae5fe','seed_run_s09_osm_supermarkets_20260502','organization','org_s09_supermarket_0d632f91a7fae5fe','seed_source_osm_supermarkets_ng_20260502','seeded');
INSERT OR IGNORE INTO seed_enrichment (id,seed_run_id,entity_type,entity_id,enrichment_type,enrichment_json) VALUES ('enr_s09_supermarket_0d632f91a7fae5fe','seed_run_s09_osm_supermarkets_20260502','organization','org_s09_supermarket_0d632f91a7fae5fe','licence_data','{"osm_id": "10990484805", "amenity": "supermarket", "addr_state": null, "operator": null, "brand": null}');

INSERT OR IGNORE INTO organizations (id,tenant_id,organization_type,legal_name,display_name,registration_number,status,verification_state,created_at,updated_at) VALUES ('org_s09_supermarket_54f175ed9787362a','tenant_platform_seed','retail_store','Target Supermarket','Target Supermarket',NULL,'active','seeded',unixepoch(),unixepoch());
INSERT OR IGNORE INTO profiles (id,subject_id,subject_type,primary_place_id,tenant_id,workspace_id,display_name,created_at,updated_at) VALUES ('prof_s09_supermarket_54f175ed9787362a','org_s09_supermarket_54f175ed9787362a','organization','place_nigeria_001','tenant_platform_seed','workspace_platform_seed_discovery','Target Supermarket',unixepoch(),unixepoch());
INSERT OR IGNORE INTO search_entries (id,profile_id,display_name,keywords,ancestry_path,vertical,created_at,updated_at) VALUES ('se_s09_supermarket_54f175ed9787362a','prof_s09_supermarket_54f175ed9787362a','Target Supermarket','target supermarket supermarket grocery store retail shopping nigeria','place_nigeria_001','commerce',unixepoch(),unixepoch());
INSERT OR IGNORE INTO seed_ingestion_records (id,seed_run_id,entity_type,entity_id,source_id,status) VALUES ('ir_s09_supermarket_54f175ed9787362a','seed_run_s09_osm_supermarkets_20260502','organization','org_s09_supermarket_54f175ed9787362a','seed_source_osm_supermarkets_ng_20260502','ingested');
INSERT OR IGNORE INTO seed_entity_sources (id,seed_run_id,entity_type,entity_id,source_id,confidence_tier) VALUES ('es_s09_supermarket_54f175ed9787362a','seed_run_s09_osm_supermarkets_20260502','organization','org_s09_supermarket_54f175ed9787362a','seed_source_osm_supermarkets_ng_20260502','seeded');
INSERT OR IGNORE INTO seed_enrichment (id,seed_run_id,entity_type,entity_id,enrichment_type,enrichment_json) VALUES ('enr_s09_supermarket_54f175ed9787362a','seed_run_s09_osm_supermarkets_20260502','organization','org_s09_supermarket_54f175ed9787362a','licence_data','{"osm_id": "11121934211", "amenity": "supermarket", "addr_state": null, "operator": null, "brand": null}');

INSERT OR IGNORE INTO organizations (id,tenant_id,organization_type,legal_name,display_name,registration_number,status,verification_state,created_at,updated_at) VALUES ('org_s09_supermarket_7d29997ef5541343','tenant_platform_seed','retail_store','Builders Mart','Builders Mart',NULL,'active','seeded',unixepoch(),unixepoch());
INSERT OR IGNORE INTO profiles (id,subject_id,subject_type,primary_place_id,tenant_id,workspace_id,display_name,created_at,updated_at) VALUES ('prof_s09_supermarket_7d29997ef5541343','org_s09_supermarket_7d29997ef5541343','organization','place_nigeria_001','tenant_platform_seed','workspace_platform_seed_discovery','Builders Mart',unixepoch(),unixepoch());
INSERT OR IGNORE INTO search_entries (id,profile_id,display_name,keywords,ancestry_path,vertical,created_at,updated_at) VALUES ('se_s09_supermarket_7d29997ef5541343','prof_s09_supermarket_7d29997ef5541343','Builders Mart','builders mart supermarket grocery store retail shopping nigeria','place_nigeria_001','commerce',unixepoch(),unixepoch());
INSERT OR IGNORE INTO seed_ingestion_records (id,seed_run_id,entity_type,entity_id,source_id,status) VALUES ('ir_s09_supermarket_7d29997ef5541343','seed_run_s09_osm_supermarkets_20260502','organization','org_s09_supermarket_7d29997ef5541343','seed_source_osm_supermarkets_ng_20260502','ingested');
INSERT OR IGNORE INTO seed_entity_sources (id,seed_run_id,entity_type,entity_id,source_id,confidence_tier) VALUES ('es_s09_supermarket_7d29997ef5541343','seed_run_s09_osm_supermarkets_20260502','organization','org_s09_supermarket_7d29997ef5541343','seed_source_osm_supermarkets_ng_20260502','seeded');
INSERT OR IGNORE INTO seed_enrichment (id,seed_run_id,entity_type,entity_id,enrichment_type,enrichment_json) VALUES ('enr_s09_supermarket_7d29997ef5541343','seed_run_s09_osm_supermarkets_20260502','organization','org_s09_supermarket_7d29997ef5541343','licence_data','{"osm_id": "11121934212", "amenity": "supermarket", "addr_state": null, "operator": null, "brand": null}');

INSERT OR IGNORE INTO organizations (id,tenant_id,organization_type,legal_name,display_name,registration_number,status,verification_state,created_at,updated_at) VALUES ('org_s09_supermarket_e34d147798bb0316','tenant_platform_seed','retail_store','Children''s place Plaza','Children''s place Plaza',NULL,'active','seeded',unixepoch(),unixepoch());
INSERT OR IGNORE INTO profiles (id,subject_id,subject_type,primary_place_id,tenant_id,workspace_id,display_name,created_at,updated_at) VALUES ('prof_s09_supermarket_e34d147798bb0316','org_s09_supermarket_e34d147798bb0316','organization','place_nigeria_001','tenant_platform_seed','workspace_platform_seed_discovery','Children''s place Plaza',unixepoch(),unixepoch());
INSERT OR IGNORE INTO search_entries (id,profile_id,display_name,keywords,ancestry_path,vertical,created_at,updated_at) VALUES ('se_s09_supermarket_e34d147798bb0316','prof_s09_supermarket_e34d147798bb0316','Children''s place Plaza','children''s place plaza supermarket grocery store retail shopping nigeria','place_nigeria_001','commerce',unixepoch(),unixepoch());
INSERT OR IGNORE INTO seed_ingestion_records (id,seed_run_id,entity_type,entity_id,source_id,status) VALUES ('ir_s09_supermarket_e34d147798bb0316','seed_run_s09_osm_supermarkets_20260502','organization','org_s09_supermarket_e34d147798bb0316','seed_source_osm_supermarkets_ng_20260502','ingested');
INSERT OR IGNORE INTO seed_entity_sources (id,seed_run_id,entity_type,entity_id,source_id,confidence_tier) VALUES ('es_s09_supermarket_e34d147798bb0316','seed_run_s09_osm_supermarkets_20260502','organization','org_s09_supermarket_e34d147798bb0316','seed_source_osm_supermarkets_ng_20260502','seeded');
INSERT OR IGNORE INTO seed_enrichment (id,seed_run_id,entity_type,entity_id,enrichment_type,enrichment_json) VALUES ('enr_s09_supermarket_e34d147798bb0316','seed_run_s09_osm_supermarkets_20260502','organization','org_s09_supermarket_e34d147798bb0316','licence_data','{"osm_id": "11121934214", "amenity": "marketplace", "addr_state": null, "operator": null, "brand": null}');

INSERT OR IGNORE INTO organizations (id,tenant_id,organization_type,legal_name,display_name,registration_number,status,verification_state,created_at,updated_at) VALUES ('org_s09_supermarket_d154a15a37b6d0a4','tenant_platform_seed','retail_store','Olad Plaza','Olad Plaza',NULL,'active','seeded',unixepoch(),unixepoch());
INSERT OR IGNORE INTO profiles (id,subject_id,subject_type,primary_place_id,tenant_id,workspace_id,display_name,created_at,updated_at) VALUES ('prof_s09_supermarket_d154a15a37b6d0a4','org_s09_supermarket_d154a15a37b6d0a4','organization','place_nigeria_001','tenant_platform_seed','workspace_platform_seed_discovery','Olad Plaza',unixepoch(),unixepoch());
INSERT OR IGNORE INTO search_entries (id,profile_id,display_name,keywords,ancestry_path,vertical,created_at,updated_at) VALUES ('se_s09_supermarket_d154a15a37b6d0a4','prof_s09_supermarket_d154a15a37b6d0a4','Olad Plaza','olad plaza supermarket grocery store retail shopping nigeria','place_nigeria_001','commerce',unixepoch(),unixepoch());
INSERT OR IGNORE INTO seed_ingestion_records (id,seed_run_id,entity_type,entity_id,source_id,status) VALUES ('ir_s09_supermarket_d154a15a37b6d0a4','seed_run_s09_osm_supermarkets_20260502','organization','org_s09_supermarket_d154a15a37b6d0a4','seed_source_osm_supermarkets_ng_20260502','ingested');
INSERT OR IGNORE INTO seed_entity_sources (id,seed_run_id,entity_type,entity_id,source_id,confidence_tier) VALUES ('es_s09_supermarket_d154a15a37b6d0a4','seed_run_s09_osm_supermarkets_20260502','organization','org_s09_supermarket_d154a15a37b6d0a4','seed_source_osm_supermarkets_ng_20260502','seeded');
INSERT OR IGNORE INTO seed_enrichment (id,seed_run_id,entity_type,entity_id,enrichment_type,enrichment_json) VALUES ('enr_s09_supermarket_d154a15a37b6d0a4','seed_run_s09_osm_supermarkets_20260502','organization','org_s09_supermarket_d154a15a37b6d0a4','licence_data','{"osm_id": "11121934215", "amenity": "marketplace", "addr_state": null, "operator": null, "brand": null}');

INSERT OR IGNORE INTO organizations (id,tenant_id,organization_type,legal_name,display_name,registration_number,status,verification_state,created_at,updated_at) VALUES ('org_s09_supermarket_c3ad26d291f5eaee','tenant_platform_seed','retail_store','Templehill Supermarket','Templehill Supermarket',NULL,'active','seeded',unixepoch(),unixepoch());
INSERT OR IGNORE INTO profiles (id,subject_id,subject_type,primary_place_id,tenant_id,workspace_id,display_name,created_at,updated_at) VALUES ('prof_s09_supermarket_c3ad26d291f5eaee','org_s09_supermarket_c3ad26d291f5eaee','organization','place_nigeria_001','tenant_platform_seed','workspace_platform_seed_discovery','Templehill Supermarket',unixepoch(),unixepoch());
INSERT OR IGNORE INTO search_entries (id,profile_id,display_name,keywords,ancestry_path,vertical,created_at,updated_at) VALUES ('se_s09_supermarket_c3ad26d291f5eaee','prof_s09_supermarket_c3ad26d291f5eaee','Templehill Supermarket','templehill supermarket supermarket grocery store retail shopping nigeria','place_nigeria_001','commerce',unixepoch(),unixepoch());
INSERT OR IGNORE INTO seed_ingestion_records (id,seed_run_id,entity_type,entity_id,source_id,status) VALUES ('ir_s09_supermarket_c3ad26d291f5eaee','seed_run_s09_osm_supermarkets_20260502','organization','org_s09_supermarket_c3ad26d291f5eaee','seed_source_osm_supermarkets_ng_20260502','ingested');
INSERT OR IGNORE INTO seed_entity_sources (id,seed_run_id,entity_type,entity_id,source_id,confidence_tier) VALUES ('es_s09_supermarket_c3ad26d291f5eaee','seed_run_s09_osm_supermarkets_20260502','organization','org_s09_supermarket_c3ad26d291f5eaee','seed_source_osm_supermarkets_ng_20260502','seeded');
INSERT OR IGNORE INTO seed_enrichment (id,seed_run_id,entity_type,entity_id,enrichment_type,enrichment_json) VALUES ('enr_s09_supermarket_c3ad26d291f5eaee','seed_run_s09_osm_supermarkets_20260502','organization','org_s09_supermarket_c3ad26d291f5eaee','licence_data','{"osm_id": "11121957034", "amenity": "supermarket", "addr_state": null, "operator": null, "brand": null}');

INSERT OR IGNORE INTO organizations (id,tenant_id,organization_type,legal_name,display_name,registration_number,status,verification_state,created_at,updated_at) VALUES ('org_s09_supermarket_6ecbebea2f505ecf','tenant_platform_seed','retail_store','EFG MART','EFG MART',NULL,'active','seeded',unixepoch(),unixepoch());
INSERT OR IGNORE INTO profiles (id,subject_id,subject_type,primary_place_id,tenant_id,workspace_id,display_name,created_at,updated_at) VALUES ('prof_s09_supermarket_6ecbebea2f505ecf','org_s09_supermarket_6ecbebea2f505ecf','organization','place_nigeria_001','tenant_platform_seed','workspace_platform_seed_discovery','EFG MART',unixepoch(),unixepoch());
INSERT OR IGNORE INTO search_entries (id,profile_id,display_name,keywords,ancestry_path,vertical,created_at,updated_at) VALUES ('se_s09_supermarket_6ecbebea2f505ecf','prof_s09_supermarket_6ecbebea2f505ecf','EFG MART','efg mart supermarket grocery store retail shopping nigeria','place_nigeria_001','commerce',unixepoch(),unixepoch());
INSERT OR IGNORE INTO seed_ingestion_records (id,seed_run_id,entity_type,entity_id,source_id,status) VALUES ('ir_s09_supermarket_6ecbebea2f505ecf','seed_run_s09_osm_supermarkets_20260502','organization','org_s09_supermarket_6ecbebea2f505ecf','seed_source_osm_supermarkets_ng_20260502','ingested');
INSERT OR IGNORE INTO seed_entity_sources (id,seed_run_id,entity_type,entity_id,source_id,confidence_tier) VALUES ('es_s09_supermarket_6ecbebea2f505ecf','seed_run_s09_osm_supermarkets_20260502','organization','org_s09_supermarket_6ecbebea2f505ecf','seed_source_osm_supermarkets_ng_20260502','seeded');
INSERT OR IGNORE INTO seed_enrichment (id,seed_run_id,entity_type,entity_id,enrichment_type,enrichment_json) VALUES ('enr_s09_supermarket_6ecbebea2f505ecf','seed_run_s09_osm_supermarkets_20260502','organization','org_s09_supermarket_6ecbebea2f505ecf','licence_data','{"osm_id": "11136179332", "amenity": "supermarket", "addr_state": null, "operator": "EFG GROUP", "brand": null}');

INSERT OR IGNORE INTO organizations (id,tenant_id,organization_type,legal_name,display_name,registration_number,status,verification_state,created_at,updated_at) VALUES ('org_s09_supermarket_2f9207d2049ee803','tenant_platform_seed','retail_store','NEPA Ultra Modern Market','NEPA Ultra Modern Market',NULL,'active','seeded',unixepoch(),unixepoch());
INSERT OR IGNORE INTO profiles (id,subject_id,subject_type,primary_place_id,tenant_id,workspace_id,display_name,created_at,updated_at) VALUES ('prof_s09_supermarket_2f9207d2049ee803','org_s09_supermarket_2f9207d2049ee803','organization','place_nigeria_001','tenant_platform_seed','workspace_platform_seed_discovery','NEPA Ultra Modern Market',unixepoch(),unixepoch());
INSERT OR IGNORE INTO search_entries (id,profile_id,display_name,keywords,ancestry_path,vertical,created_at,updated_at) VALUES ('se_s09_supermarket_2f9207d2049ee803','prof_s09_supermarket_2f9207d2049ee803','NEPA Ultra Modern Market','nepa ultra modern market supermarket grocery store retail shopping nigeria','place_nigeria_001','commerce',unixepoch(),unixepoch());
INSERT OR IGNORE INTO seed_ingestion_records (id,seed_run_id,entity_type,entity_id,source_id,status) VALUES ('ir_s09_supermarket_2f9207d2049ee803','seed_run_s09_osm_supermarkets_20260502','organization','org_s09_supermarket_2f9207d2049ee803','seed_source_osm_supermarkets_ng_20260502','ingested');
INSERT OR IGNORE INTO seed_entity_sources (id,seed_run_id,entity_type,entity_id,source_id,confidence_tier) VALUES ('es_s09_supermarket_2f9207d2049ee803','seed_run_s09_osm_supermarkets_20260502','organization','org_s09_supermarket_2f9207d2049ee803','seed_source_osm_supermarkets_ng_20260502','seeded');
INSERT OR IGNORE INTO seed_enrichment (id,seed_run_id,entity_type,entity_id,enrichment_type,enrichment_json) VALUES ('enr_s09_supermarket_2f9207d2049ee803','seed_run_s09_osm_supermarkets_20260502','organization','org_s09_supermarket_2f9207d2049ee803','licence_data','{"osm_id": "11243769938", "amenity": "mall", "addr_state": null, "operator": null, "brand": null}');

INSERT OR IGNORE INTO organizations (id,tenant_id,organization_type,legal_name,display_name,registration_number,status,verification_state,created_at,updated_at) VALUES ('org_s09_supermarket_0f13939362f24c96','tenant_platform_seed','retail_store','Iyeoma Plaza','Iyeoma Plaza',NULL,'active','seeded',unixepoch(),unixepoch());
INSERT OR IGNORE INTO profiles (id,subject_id,subject_type,primary_place_id,tenant_id,workspace_id,display_name,created_at,updated_at) VALUES ('prof_s09_supermarket_0f13939362f24c96','org_s09_supermarket_0f13939362f24c96','organization','place_nigeria_001','tenant_platform_seed','workspace_platform_seed_discovery','Iyeoma Plaza',unixepoch(),unixepoch());
INSERT OR IGNORE INTO search_entries (id,profile_id,display_name,keywords,ancestry_path,vertical,created_at,updated_at) VALUES ('se_s09_supermarket_0f13939362f24c96','prof_s09_supermarket_0f13939362f24c96','Iyeoma Plaza','iyeoma plaza supermarket grocery store retail shopping nigeria','place_nigeria_001','commerce',unixepoch(),unixepoch());
INSERT OR IGNORE INTO seed_ingestion_records (id,seed_run_id,entity_type,entity_id,source_id,status) VALUES ('ir_s09_supermarket_0f13939362f24c96','seed_run_s09_osm_supermarkets_20260502','organization','org_s09_supermarket_0f13939362f24c96','seed_source_osm_supermarkets_ng_20260502','ingested');
INSERT OR IGNORE INTO seed_entity_sources (id,seed_run_id,entity_type,entity_id,source_id,confidence_tier) VALUES ('es_s09_supermarket_0f13939362f24c96','seed_run_s09_osm_supermarkets_20260502','organization','org_s09_supermarket_0f13939362f24c96','seed_source_osm_supermarkets_ng_20260502','seeded');
INSERT OR IGNORE INTO seed_enrichment (id,seed_run_id,entity_type,entity_id,enrichment_type,enrichment_json) VALUES ('enr_s09_supermarket_0f13939362f24c96','seed_run_s09_osm_supermarkets_20260502','organization','org_s09_supermarket_0f13939362f24c96','licence_data','{"osm_id": "11357438860", "amenity": "supermarket", "addr_state": null, "operator": null, "brand": null}');

INSERT OR IGNORE INTO organizations (id,tenant_id,organization_type,legal_name,display_name,registration_number,status,verification_state,created_at,updated_at) VALUES ('org_s09_supermarket_89985f01591ed0a5','tenant_platform_seed','retail_store','Coal City Plaza','Coal City Plaza',NULL,'active','seeded',unixepoch(),unixepoch());
INSERT OR IGNORE INTO profiles (id,subject_id,subject_type,primary_place_id,tenant_id,workspace_id,display_name,created_at,updated_at) VALUES ('prof_s09_supermarket_89985f01591ed0a5','org_s09_supermarket_89985f01591ed0a5','organization','place_nigeria_001','tenant_platform_seed','workspace_platform_seed_discovery','Coal City Plaza',unixepoch(),unixepoch());
INSERT OR IGNORE INTO search_entries (id,profile_id,display_name,keywords,ancestry_path,vertical,created_at,updated_at) VALUES ('se_s09_supermarket_89985f01591ed0a5','prof_s09_supermarket_89985f01591ed0a5','Coal City Plaza','coal city plaza supermarket grocery store retail shopping nigeria','place_nigeria_001','commerce',unixepoch(),unixepoch());
INSERT OR IGNORE INTO seed_ingestion_records (id,seed_run_id,entity_type,entity_id,source_id,status) VALUES ('ir_s09_supermarket_89985f01591ed0a5','seed_run_s09_osm_supermarkets_20260502','organization','org_s09_supermarket_89985f01591ed0a5','seed_source_osm_supermarkets_ng_20260502','ingested');
INSERT OR IGNORE INTO seed_entity_sources (id,seed_run_id,entity_type,entity_id,source_id,confidence_tier) VALUES ('es_s09_supermarket_89985f01591ed0a5','seed_run_s09_osm_supermarkets_20260502','organization','org_s09_supermarket_89985f01591ed0a5','seed_source_osm_supermarkets_ng_20260502','seeded');
INSERT OR IGNORE INTO seed_enrichment (id,seed_run_id,entity_type,entity_id,enrichment_type,enrichment_json) VALUES ('enr_s09_supermarket_89985f01591ed0a5','seed_run_s09_osm_supermarkets_20260502','organization','org_s09_supermarket_89985f01591ed0a5','licence_data','{"osm_id": "11396393143", "amenity": "supermarket", "addr_state": null, "operator": null, "brand": null}');

INSERT OR IGNORE INTO organizations (id,tenant_id,organization_type,legal_name,display_name,registration_number,status,verification_state,created_at,updated_at) VALUES ('org_s09_supermarket_3e3f351c8e0d5cfd','tenant_platform_seed','retail_store','Food Alacarte','Food Alacarte',NULL,'active','seeded',unixepoch(),unixepoch());
INSERT OR IGNORE INTO profiles (id,subject_id,subject_type,primary_place_id,tenant_id,workspace_id,display_name,created_at,updated_at) VALUES ('prof_s09_supermarket_3e3f351c8e0d5cfd','org_s09_supermarket_3e3f351c8e0d5cfd','organization','place_nigeria_001','tenant_platform_seed','workspace_platform_seed_discovery','Food Alacarte',unixepoch(),unixepoch());
INSERT OR IGNORE INTO search_entries (id,profile_id,display_name,keywords,ancestry_path,vertical,created_at,updated_at) VALUES ('se_s09_supermarket_3e3f351c8e0d5cfd','prof_s09_supermarket_3e3f351c8e0d5cfd','Food Alacarte','food alacarte supermarket grocery store retail shopping nigeria','place_nigeria_001','commerce',unixepoch(),unixepoch());
INSERT OR IGNORE INTO seed_ingestion_records (id,seed_run_id,entity_type,entity_id,source_id,status) VALUES ('ir_s09_supermarket_3e3f351c8e0d5cfd','seed_run_s09_osm_supermarkets_20260502','organization','org_s09_supermarket_3e3f351c8e0d5cfd','seed_source_osm_supermarkets_ng_20260502','ingested');
INSERT OR IGNORE INTO seed_entity_sources (id,seed_run_id,entity_type,entity_id,source_id,confidence_tier) VALUES ('es_s09_supermarket_3e3f351c8e0d5cfd','seed_run_s09_osm_supermarkets_20260502','organization','org_s09_supermarket_3e3f351c8e0d5cfd','seed_source_osm_supermarkets_ng_20260502','seeded');
INSERT OR IGNORE INTO seed_enrichment (id,seed_run_id,entity_type,entity_id,enrichment_type,enrichment_json) VALUES ('enr_s09_supermarket_3e3f351c8e0d5cfd','seed_run_s09_osm_supermarkets_20260502','organization','org_s09_supermarket_3e3f351c8e0d5cfd','licence_data','{"osm_id": "11505512910", "amenity": "supermarket", "addr_state": null, "operator": null, "brand": null}');

INSERT OR IGNORE INTO organizations (id,tenant_id,organization_type,legal_name,display_name,registration_number,status,verification_state,created_at,updated_at) VALUES ('org_s09_supermarket_c4d8d9aaf69d8ce0','tenant_platform_seed','retail_store','Gracemade supermarket','Gracemade supermarket',NULL,'active','seeded',unixepoch(),unixepoch());
INSERT OR IGNORE INTO profiles (id,subject_id,subject_type,primary_place_id,tenant_id,workspace_id,display_name,created_at,updated_at) VALUES ('prof_s09_supermarket_c4d8d9aaf69d8ce0','org_s09_supermarket_c4d8d9aaf69d8ce0','organization','place_nigeria_001','tenant_platform_seed','workspace_platform_seed_discovery','Gracemade supermarket',unixepoch(),unixepoch());
INSERT OR IGNORE INTO search_entries (id,profile_id,display_name,keywords,ancestry_path,vertical,created_at,updated_at) VALUES ('se_s09_supermarket_c4d8d9aaf69d8ce0','prof_s09_supermarket_c4d8d9aaf69d8ce0','Gracemade supermarket','gracemade supermarket supermarket grocery store retail shopping nigeria','place_nigeria_001','commerce',unixepoch(),unixepoch());
INSERT OR IGNORE INTO seed_ingestion_records (id,seed_run_id,entity_type,entity_id,source_id,status) VALUES ('ir_s09_supermarket_c4d8d9aaf69d8ce0','seed_run_s09_osm_supermarkets_20260502','organization','org_s09_supermarket_c4d8d9aaf69d8ce0','seed_source_osm_supermarkets_ng_20260502','ingested');
INSERT OR IGNORE INTO seed_entity_sources (id,seed_run_id,entity_type,entity_id,source_id,confidence_tier) VALUES ('es_s09_supermarket_c4d8d9aaf69d8ce0','seed_run_s09_osm_supermarkets_20260502','organization','org_s09_supermarket_c4d8d9aaf69d8ce0','seed_source_osm_supermarkets_ng_20260502','seeded');
INSERT OR IGNORE INTO seed_enrichment (id,seed_run_id,entity_type,entity_id,enrichment_type,enrichment_json) VALUES ('enr_s09_supermarket_c4d8d9aaf69d8ce0','seed_run_s09_osm_supermarkets_20260502','organization','org_s09_supermarket_c4d8d9aaf69d8ce0','licence_data','{"osm_id": "11505525251", "amenity": "supermarket", "addr_state": null, "operator": null, "brand": null}');

INSERT OR IGNORE INTO organizations (id,tenant_id,organization_type,legal_name,display_name,registration_number,status,verification_state,created_at,updated_at) VALUES ('org_s09_supermarket_0da9134ac5164bee','tenant_platform_seed','retail_store','Adejuyigbe Shopping Center','Adejuyigbe Shopping Center',NULL,'active','seeded',unixepoch(),unixepoch());
INSERT OR IGNORE INTO profiles (id,subject_id,subject_type,primary_place_id,tenant_id,workspace_id,display_name,created_at,updated_at) VALUES ('prof_s09_supermarket_0da9134ac5164bee','org_s09_supermarket_0da9134ac5164bee','organization','place_nigeria_001','tenant_platform_seed','workspace_platform_seed_discovery','Adejuyigbe Shopping Center',unixepoch(),unixepoch());
INSERT OR IGNORE INTO search_entries (id,profile_id,display_name,keywords,ancestry_path,vertical,created_at,updated_at) VALUES ('se_s09_supermarket_0da9134ac5164bee','prof_s09_supermarket_0da9134ac5164bee','Adejuyigbe Shopping Center','adejuyigbe shopping center supermarket grocery store retail shopping nigeria','place_nigeria_001','commerce',unixepoch(),unixepoch());
INSERT OR IGNORE INTO seed_ingestion_records (id,seed_run_id,entity_type,entity_id,source_id,status) VALUES ('ir_s09_supermarket_0da9134ac5164bee','seed_run_s09_osm_supermarkets_20260502','organization','org_s09_supermarket_0da9134ac5164bee','seed_source_osm_supermarkets_ng_20260502','ingested');
INSERT OR IGNORE INTO seed_entity_sources (id,seed_run_id,entity_type,entity_id,source_id,confidence_tier) VALUES ('es_s09_supermarket_0da9134ac5164bee','seed_run_s09_osm_supermarkets_20260502','organization','org_s09_supermarket_0da9134ac5164bee','seed_source_osm_supermarkets_ng_20260502','seeded');
INSERT OR IGNORE INTO seed_enrichment (id,seed_run_id,entity_type,entity_id,enrichment_type,enrichment_json) VALUES ('enr_s09_supermarket_0da9134ac5164bee','seed_run_s09_osm_supermarkets_20260502','organization','org_s09_supermarket_0da9134ac5164bee','licence_data','{"osm_id": "11569815835", "amenity": "mall", "addr_state": null, "operator": null, "brand": null}');

INSERT OR IGNORE INTO organizations (id,tenant_id,organization_type,legal_name,display_name,registration_number,status,verification_state,created_at,updated_at) VALUES ('org_s09_supermarket_c57c9f25853edafa','tenant_platform_seed','retail_store','Sunnyvale Mall','Sunnyvale Mall',NULL,'active','seeded',unixepoch(),unixepoch());
INSERT OR IGNORE INTO profiles (id,subject_id,subject_type,primary_place_id,tenant_id,workspace_id,display_name,created_at,updated_at) VALUES ('prof_s09_supermarket_c57c9f25853edafa','org_s09_supermarket_c57c9f25853edafa','organization','place_nigeria_001','tenant_platform_seed','workspace_platform_seed_discovery','Sunnyvale Mall',unixepoch(),unixepoch());
INSERT OR IGNORE INTO search_entries (id,profile_id,display_name,keywords,ancestry_path,vertical,created_at,updated_at) VALUES ('se_s09_supermarket_c57c9f25853edafa','prof_s09_supermarket_c57c9f25853edafa','Sunnyvale Mall','sunnyvale mall supermarket grocery store retail shopping nigeria','place_nigeria_001','commerce',unixepoch(),unixepoch());
INSERT OR IGNORE INTO seed_ingestion_records (id,seed_run_id,entity_type,entity_id,source_id,status) VALUES ('ir_s09_supermarket_c57c9f25853edafa','seed_run_s09_osm_supermarkets_20260502','organization','org_s09_supermarket_c57c9f25853edafa','seed_source_osm_supermarkets_ng_20260502','ingested');
INSERT OR IGNORE INTO seed_entity_sources (id,seed_run_id,entity_type,entity_id,source_id,confidence_tier) VALUES ('es_s09_supermarket_c57c9f25853edafa','seed_run_s09_osm_supermarkets_20260502','organization','org_s09_supermarket_c57c9f25853edafa','seed_source_osm_supermarkets_ng_20260502','seeded');
INSERT OR IGNORE INTO seed_enrichment (id,seed_run_id,entity_type,entity_id,enrichment_type,enrichment_json) VALUES ('enr_s09_supermarket_c57c9f25853edafa','seed_run_s09_osm_supermarkets_20260502','organization','org_s09_supermarket_c57c9f25853edafa','licence_data','{"osm_id": "11579290288", "amenity": "mall", "addr_state": null, "operator": null, "brand": null}');

INSERT OR IGNORE INTO organizations (id,tenant_id,organization_type,legal_name,display_name,registration_number,status,verification_state,created_at,updated_at) VALUES ('org_s09_supermarket_2704973147678ed0','tenant_platform_seed','retail_store','Wellspring Superstore','Wellspring Superstore',NULL,'active','seeded',unixepoch(),unixepoch());
INSERT OR IGNORE INTO profiles (id,subject_id,subject_type,primary_place_id,tenant_id,workspace_id,display_name,created_at,updated_at) VALUES ('prof_s09_supermarket_2704973147678ed0','org_s09_supermarket_2704973147678ed0','organization','place_nigeria_001','tenant_platform_seed','workspace_platform_seed_discovery','Wellspring Superstore',unixepoch(),unixepoch());
INSERT OR IGNORE INTO search_entries (id,profile_id,display_name,keywords,ancestry_path,vertical,created_at,updated_at) VALUES ('se_s09_supermarket_2704973147678ed0','prof_s09_supermarket_2704973147678ed0','Wellspring Superstore','wellspring superstore supermarket grocery store retail shopping nigeria','place_nigeria_001','commerce',unixepoch(),unixepoch());
INSERT OR IGNORE INTO seed_ingestion_records (id,seed_run_id,entity_type,entity_id,source_id,status) VALUES ('ir_s09_supermarket_2704973147678ed0','seed_run_s09_osm_supermarkets_20260502','organization','org_s09_supermarket_2704973147678ed0','seed_source_osm_supermarkets_ng_20260502','ingested');
INSERT OR IGNORE INTO seed_entity_sources (id,seed_run_id,entity_type,entity_id,source_id,confidence_tier) VALUES ('es_s09_supermarket_2704973147678ed0','seed_run_s09_osm_supermarkets_20260502','organization','org_s09_supermarket_2704973147678ed0','seed_source_osm_supermarkets_ng_20260502','seeded');
INSERT OR IGNORE INTO seed_enrichment (id,seed_run_id,entity_type,entity_id,enrichment_type,enrichment_json) VALUES ('enr_s09_supermarket_2704973147678ed0','seed_run_s09_osm_supermarkets_20260502','organization','org_s09_supermarket_2704973147678ed0','licence_data','{"osm_id": "11670181844", "amenity": "supermarket", "addr_state": null, "operator": null, "brand": null}');

INSERT OR IGNORE INTO organizations (id,tenant_id,organization_type,legal_name,display_name,registration_number,status,verification_state,created_at,updated_at) VALUES ('org_s09_supermarket_d01d05b8b8f57032','tenant_platform_seed','retail_store','Flourish Superstores','Flourish Superstores',NULL,'active','seeded',unixepoch(),unixepoch());
INSERT OR IGNORE INTO profiles (id,subject_id,subject_type,primary_place_id,tenant_id,workspace_id,display_name,created_at,updated_at) VALUES ('prof_s09_supermarket_d01d05b8b8f57032','org_s09_supermarket_d01d05b8b8f57032','organization','place_nigeria_001','tenant_platform_seed','workspace_platform_seed_discovery','Flourish Superstores',unixepoch(),unixepoch());
INSERT OR IGNORE INTO search_entries (id,profile_id,display_name,keywords,ancestry_path,vertical,created_at,updated_at) VALUES ('se_s09_supermarket_d01d05b8b8f57032','prof_s09_supermarket_d01d05b8b8f57032','Flourish Superstores','flourish superstores supermarket grocery store retail shopping nigeria','place_nigeria_001','commerce',unixepoch(),unixepoch());
INSERT OR IGNORE INTO seed_ingestion_records (id,seed_run_id,entity_type,entity_id,source_id,status) VALUES ('ir_s09_supermarket_d01d05b8b8f57032','seed_run_s09_osm_supermarkets_20260502','organization','org_s09_supermarket_d01d05b8b8f57032','seed_source_osm_supermarkets_ng_20260502','ingested');
INSERT OR IGNORE INTO seed_entity_sources (id,seed_run_id,entity_type,entity_id,source_id,confidence_tier) VALUES ('es_s09_supermarket_d01d05b8b8f57032','seed_run_s09_osm_supermarkets_20260502','organization','org_s09_supermarket_d01d05b8b8f57032','seed_source_osm_supermarkets_ng_20260502','seeded');
INSERT OR IGNORE INTO seed_enrichment (id,seed_run_id,entity_type,entity_id,enrichment_type,enrichment_json) VALUES ('enr_s09_supermarket_d01d05b8b8f57032','seed_run_s09_osm_supermarkets_20260502','organization','org_s09_supermarket_d01d05b8b8f57032','licence_data','{"osm_id": "11746384743", "amenity": "supermarket", "addr_state": null, "operator": null, "brand": null}');

INSERT OR IGNORE INTO organizations (id,tenant_id,organization_type,legal_name,display_name,registration_number,status,verification_state,created_at,updated_at) VALUES ('org_s09_supermarket_a9eb2d6b4bb2f9ee','tenant_platform_seed','retail_store','BU Mall','BU Mall',NULL,'active','seeded',unixepoch(),unixepoch());
INSERT OR IGNORE INTO profiles (id,subject_id,subject_type,primary_place_id,tenant_id,workspace_id,display_name,created_at,updated_at) VALUES ('prof_s09_supermarket_a9eb2d6b4bb2f9ee','org_s09_supermarket_a9eb2d6b4bb2f9ee','organization','place_nigeria_001','tenant_platform_seed','workspace_platform_seed_discovery','BU Mall',unixepoch(),unixepoch());
INSERT OR IGNORE INTO search_entries (id,profile_id,display_name,keywords,ancestry_path,vertical,created_at,updated_at) VALUES ('se_s09_supermarket_a9eb2d6b4bb2f9ee','prof_s09_supermarket_a9eb2d6b4bb2f9ee','BU Mall','bu mall supermarket grocery store retail shopping nigeria','place_nigeria_001','commerce',unixepoch(),unixepoch());
INSERT OR IGNORE INTO seed_ingestion_records (id,seed_run_id,entity_type,entity_id,source_id,status) VALUES ('ir_s09_supermarket_a9eb2d6b4bb2f9ee','seed_run_s09_osm_supermarkets_20260502','organization','org_s09_supermarket_a9eb2d6b4bb2f9ee','seed_source_osm_supermarkets_ng_20260502','ingested');
INSERT OR IGNORE INTO seed_entity_sources (id,seed_run_id,entity_type,entity_id,source_id,confidence_tier) VALUES ('es_s09_supermarket_a9eb2d6b4bb2f9ee','seed_run_s09_osm_supermarkets_20260502','organization','org_s09_supermarket_a9eb2d6b4bb2f9ee','seed_source_osm_supermarkets_ng_20260502','seeded');
INSERT OR IGNORE INTO seed_enrichment (id,seed_run_id,entity_type,entity_id,enrichment_type,enrichment_json) VALUES ('enr_s09_supermarket_a9eb2d6b4bb2f9ee','seed_run_s09_osm_supermarkets_20260502','organization','org_s09_supermarket_a9eb2d6b4bb2f9ee','licence_data','{"osm_id": "11750139937", "amenity": "mall", "addr_state": null, "operator": null, "brand": null}');

INSERT OR IGNORE INTO organizations (id,tenant_id,organization_type,legal_name,display_name,registration_number,status,verification_state,created_at,updated_at) VALUES ('org_s09_supermarket_ed5398d9c5f152bd','tenant_platform_seed','retail_store','BUSA House','BUSA House',NULL,'active','seeded',unixepoch(),unixepoch());
INSERT OR IGNORE INTO profiles (id,subject_id,subject_type,primary_place_id,tenant_id,workspace_id,display_name,created_at,updated_at) VALUES ('prof_s09_supermarket_ed5398d9c5f152bd','org_s09_supermarket_ed5398d9c5f152bd','organization','place_nigeria_001','tenant_platform_seed','workspace_platform_seed_discovery','BUSA House',unixepoch(),unixepoch());
INSERT OR IGNORE INTO search_entries (id,profile_id,display_name,keywords,ancestry_path,vertical,created_at,updated_at) VALUES ('se_s09_supermarket_ed5398d9c5f152bd','prof_s09_supermarket_ed5398d9c5f152bd','BUSA House','busa house supermarket grocery store retail shopping nigeria','place_nigeria_001','commerce',unixepoch(),unixepoch());
INSERT OR IGNORE INTO seed_ingestion_records (id,seed_run_id,entity_type,entity_id,source_id,status) VALUES ('ir_s09_supermarket_ed5398d9c5f152bd','seed_run_s09_osm_supermarkets_20260502','organization','org_s09_supermarket_ed5398d9c5f152bd','seed_source_osm_supermarkets_ng_20260502','ingested');
INSERT OR IGNORE INTO seed_entity_sources (id,seed_run_id,entity_type,entity_id,source_id,confidence_tier) VALUES ('es_s09_supermarket_ed5398d9c5f152bd','seed_run_s09_osm_supermarkets_20260502','organization','org_s09_supermarket_ed5398d9c5f152bd','seed_source_osm_supermarkets_ng_20260502','seeded');
INSERT OR IGNORE INTO seed_enrichment (id,seed_run_id,entity_type,entity_id,enrichment_type,enrichment_json) VALUES ('enr_s09_supermarket_ed5398d9c5f152bd','seed_run_s09_osm_supermarkets_20260502','organization','org_s09_supermarket_ed5398d9c5f152bd','licence_data','{"osm_id": "11750260577", "amenity": "mall", "addr_state": null, "operator": null, "brand": null}');

INSERT OR IGNORE INTO organizations (id,tenant_id,organization_type,legal_name,display_name,registration_number,status,verification_state,created_at,updated_at) VALUES ('org_s09_supermarket_d40052037032619b','tenant_platform_seed','retail_store','D''Luxury Supermarket','D''Luxury Supermarket',NULL,'active','seeded',unixepoch(),unixepoch());
INSERT OR IGNORE INTO profiles (id,subject_id,subject_type,primary_place_id,tenant_id,workspace_id,display_name,created_at,updated_at) VALUES ('prof_s09_supermarket_d40052037032619b','org_s09_supermarket_d40052037032619b','organization','place_nigeria_001','tenant_platform_seed','workspace_platform_seed_discovery','D''Luxury Supermarket',unixepoch(),unixepoch());
INSERT OR IGNORE INTO search_entries (id,profile_id,display_name,keywords,ancestry_path,vertical,created_at,updated_at) VALUES ('se_s09_supermarket_d40052037032619b','prof_s09_supermarket_d40052037032619b','D''Luxury Supermarket','d''luxury supermarket supermarket grocery store retail shopping nigeria','place_nigeria_001','commerce',unixepoch(),unixepoch());
INSERT OR IGNORE INTO seed_ingestion_records (id,seed_run_id,entity_type,entity_id,source_id,status) VALUES ('ir_s09_supermarket_d40052037032619b','seed_run_s09_osm_supermarkets_20260502','organization','org_s09_supermarket_d40052037032619b','seed_source_osm_supermarkets_ng_20260502','ingested');
INSERT OR IGNORE INTO seed_entity_sources (id,seed_run_id,entity_type,entity_id,source_id,confidence_tier) VALUES ('es_s09_supermarket_d40052037032619b','seed_run_s09_osm_supermarkets_20260502','organization','org_s09_supermarket_d40052037032619b','seed_source_osm_supermarkets_ng_20260502','seeded');
INSERT OR IGNORE INTO seed_enrichment (id,seed_run_id,entity_type,entity_id,enrichment_type,enrichment_json) VALUES ('enr_s09_supermarket_d40052037032619b','seed_run_s09_osm_supermarkets_20260502','organization','org_s09_supermarket_d40052037032619b','licence_data','{"osm_id": "11938908270", "amenity": "supermarket", "addr_state": null, "operator": null, "brand": null}');

INSERT OR IGNORE INTO organizations (id,tenant_id,organization_type,legal_name,display_name,registration_number,status,verification_state,created_at,updated_at) VALUES ('org_s09_supermarket_ac575250ff914f51','tenant_platform_seed','retail_store','Solademi shopping complex','Solademi shopping complex',NULL,'active','seeded',unixepoch(),unixepoch());
INSERT OR IGNORE INTO profiles (id,subject_id,subject_type,primary_place_id,tenant_id,workspace_id,display_name,created_at,updated_at) VALUES ('prof_s09_supermarket_ac575250ff914f51','org_s09_supermarket_ac575250ff914f51','organization','place_nigeria_001','tenant_platform_seed','workspace_platform_seed_discovery','Solademi shopping complex',unixepoch(),unixepoch());
INSERT OR IGNORE INTO search_entries (id,profile_id,display_name,keywords,ancestry_path,vertical,created_at,updated_at) VALUES ('se_s09_supermarket_ac575250ff914f51','prof_s09_supermarket_ac575250ff914f51','Solademi shopping complex','solademi shopping complex supermarket grocery store retail shopping nigeria','place_nigeria_001','commerce',unixepoch(),unixepoch());
INSERT OR IGNORE INTO seed_ingestion_records (id,seed_run_id,entity_type,entity_id,source_id,status) VALUES ('ir_s09_supermarket_ac575250ff914f51','seed_run_s09_osm_supermarkets_20260502','organization','org_s09_supermarket_ac575250ff914f51','seed_source_osm_supermarkets_ng_20260502','ingested');
INSERT OR IGNORE INTO seed_entity_sources (id,seed_run_id,entity_type,entity_id,source_id,confidence_tier) VALUES ('es_s09_supermarket_ac575250ff914f51','seed_run_s09_osm_supermarkets_20260502','organization','org_s09_supermarket_ac575250ff914f51','seed_source_osm_supermarkets_ng_20260502','seeded');
INSERT OR IGNORE INTO seed_enrichment (id,seed_run_id,entity_type,entity_id,enrichment_type,enrichment_json) VALUES ('enr_s09_supermarket_ac575250ff914f51','seed_run_s09_osm_supermarkets_20260502','organization','org_s09_supermarket_ac575250ff914f51','licence_data','{"osm_id": "11940681524", "amenity": "mall", "addr_state": null, "operator": null, "brand": null}');

INSERT OR IGNORE INTO organizations (id,tenant_id,organization_type,legal_name,display_name,registration_number,status,verification_state,created_at,updated_at) VALUES ('org_s09_supermarket_305068166d475124','tenant_platform_seed','retail_store','Galaxy Electronics Store','Galaxy Electronics Store',NULL,'active','seeded',unixepoch(),unixepoch());
INSERT OR IGNORE INTO profiles (id,subject_id,subject_type,primary_place_id,tenant_id,workspace_id,display_name,created_at,updated_at) VALUES ('prof_s09_supermarket_305068166d475124','org_s09_supermarket_305068166d475124','organization','place_nigeria_001','tenant_platform_seed','workspace_platform_seed_discovery','Galaxy Electronics Store',unixepoch(),unixepoch());
INSERT OR IGNORE INTO search_entries (id,profile_id,display_name,keywords,ancestry_path,vertical,created_at,updated_at) VALUES ('se_s09_supermarket_305068166d475124','prof_s09_supermarket_305068166d475124','Galaxy Electronics Store','galaxy electronics store supermarket grocery store retail shopping nigeria','place_nigeria_001','commerce',unixepoch(),unixepoch());
INSERT OR IGNORE INTO seed_ingestion_records (id,seed_run_id,entity_type,entity_id,source_id,status) VALUES ('ir_s09_supermarket_305068166d475124','seed_run_s09_osm_supermarkets_20260502','organization','org_s09_supermarket_305068166d475124','seed_source_osm_supermarkets_ng_20260502','ingested');
INSERT OR IGNORE INTO seed_entity_sources (id,seed_run_id,entity_type,entity_id,source_id,confidence_tier) VALUES ('es_s09_supermarket_305068166d475124','seed_run_s09_osm_supermarkets_20260502','organization','org_s09_supermarket_305068166d475124','seed_source_osm_supermarkets_ng_20260502','seeded');
INSERT OR IGNORE INTO seed_enrichment (id,seed_run_id,entity_type,entity_id,enrichment_type,enrichment_json) VALUES ('enr_s09_supermarket_305068166d475124','seed_run_s09_osm_supermarkets_20260502','organization','org_s09_supermarket_305068166d475124','licence_data','{"osm_id": "11940706203", "amenity": "mall", "addr_state": null, "operator": null, "brand": null}');

INSERT OR IGNORE INTO organizations (id,tenant_id,organization_type,legal_name,display_name,registration_number,status,verification_state,created_at,updated_at) VALUES ('org_s09_supermarket_f23e8a0ddd7d52e9','tenant_platform_seed','retail_store','Shopping Complex Ejigbo','Shopping Complex Ejigbo',NULL,'active','seeded',unixepoch(),unixepoch());
INSERT OR IGNORE INTO profiles (id,subject_id,subject_type,primary_place_id,tenant_id,workspace_id,display_name,created_at,updated_at) VALUES ('prof_s09_supermarket_f23e8a0ddd7d52e9','org_s09_supermarket_f23e8a0ddd7d52e9','organization','place_nigeria_001','tenant_platform_seed','workspace_platform_seed_discovery','Shopping Complex Ejigbo',unixepoch(),unixepoch());
INSERT OR IGNORE INTO search_entries (id,profile_id,display_name,keywords,ancestry_path,vertical,created_at,updated_at) VALUES ('se_s09_supermarket_f23e8a0ddd7d52e9','prof_s09_supermarket_f23e8a0ddd7d52e9','Shopping Complex Ejigbo','shopping complex ejigbo supermarket grocery store retail shopping nigeria','place_nigeria_001','commerce',unixepoch(),unixepoch());
INSERT OR IGNORE INTO seed_ingestion_records (id,seed_run_id,entity_type,entity_id,source_id,status) VALUES ('ir_s09_supermarket_f23e8a0ddd7d52e9','seed_run_s09_osm_supermarkets_20260502','organization','org_s09_supermarket_f23e8a0ddd7d52e9','seed_source_osm_supermarkets_ng_20260502','ingested');
INSERT OR IGNORE INTO seed_entity_sources (id,seed_run_id,entity_type,entity_id,source_id,confidence_tier) VALUES ('es_s09_supermarket_f23e8a0ddd7d52e9','seed_run_s09_osm_supermarkets_20260502','organization','org_s09_supermarket_f23e8a0ddd7d52e9','seed_source_osm_supermarkets_ng_20260502','seeded');
INSERT OR IGNORE INTO seed_enrichment (id,seed_run_id,entity_type,entity_id,enrichment_type,enrichment_json) VALUES ('enr_s09_supermarket_f23e8a0ddd7d52e9','seed_run_s09_osm_supermarkets_20260502','organization','org_s09_supermarket_f23e8a0ddd7d52e9','licence_data','{"osm_id": "11969026619", "amenity": "mall", "addr_state": null, "operator": null, "brand": null}');

INSERT OR IGNORE INTO organizations (id,tenant_id,organization_type,legal_name,display_name,registration_number,status,verification_state,created_at,updated_at) VALUES ('org_s09_supermarket_b7475c65e1acf08b','tenant_platform_seed','retail_store','Adeeyo Shopping Complex','Adeeyo Shopping Complex',NULL,'active','seeded',unixepoch(),unixepoch());
INSERT OR IGNORE INTO profiles (id,subject_id,subject_type,primary_place_id,tenant_id,workspace_id,display_name,created_at,updated_at) VALUES ('prof_s09_supermarket_b7475c65e1acf08b','org_s09_supermarket_b7475c65e1acf08b','organization','place_nigeria_001','tenant_platform_seed','workspace_platform_seed_discovery','Adeeyo Shopping Complex',unixepoch(),unixepoch());
INSERT OR IGNORE INTO search_entries (id,profile_id,display_name,keywords,ancestry_path,vertical,created_at,updated_at) VALUES ('se_s09_supermarket_b7475c65e1acf08b','prof_s09_supermarket_b7475c65e1acf08b','Adeeyo Shopping Complex','adeeyo shopping complex supermarket grocery store retail shopping nigeria','place_nigeria_001','commerce',unixepoch(),unixepoch());
INSERT OR IGNORE INTO seed_ingestion_records (id,seed_run_id,entity_type,entity_id,source_id,status) VALUES ('ir_s09_supermarket_b7475c65e1acf08b','seed_run_s09_osm_supermarkets_20260502','organization','org_s09_supermarket_b7475c65e1acf08b','seed_source_osm_supermarkets_ng_20260502','ingested');
INSERT OR IGNORE INTO seed_entity_sources (id,seed_run_id,entity_type,entity_id,source_id,confidence_tier) VALUES ('es_s09_supermarket_b7475c65e1acf08b','seed_run_s09_osm_supermarkets_20260502','organization','org_s09_supermarket_b7475c65e1acf08b','seed_source_osm_supermarkets_ng_20260502','seeded');
INSERT OR IGNORE INTO seed_enrichment (id,seed_run_id,entity_type,entity_id,enrichment_type,enrichment_json) VALUES ('enr_s09_supermarket_b7475c65e1acf08b','seed_run_s09_osm_supermarkets_20260502','organization','org_s09_supermarket_b7475c65e1acf08b','licence_data','{"osm_id": "11969097666", "amenity": "mall", "addr_state": null, "operator": null, "brand": null}');

INSERT OR IGNORE INTO organizations (id,tenant_id,organization_type,legal_name,display_name,registration_number,status,verification_state,created_at,updated_at) VALUES ('org_s09_supermarket_02152f6d1517404d','tenant_platform_seed','retail_store','Dis And More Supermarket','Dis And More Supermarket',NULL,'active','seeded',unixepoch(),unixepoch());
INSERT OR IGNORE INTO profiles (id,subject_id,subject_type,primary_place_id,tenant_id,workspace_id,display_name,created_at,updated_at) VALUES ('prof_s09_supermarket_02152f6d1517404d','org_s09_supermarket_02152f6d1517404d','organization','place_nigeria_001','tenant_platform_seed','workspace_platform_seed_discovery','Dis And More Supermarket',unixepoch(),unixepoch());
INSERT OR IGNORE INTO search_entries (id,profile_id,display_name,keywords,ancestry_path,vertical,created_at,updated_at) VALUES ('se_s09_supermarket_02152f6d1517404d','prof_s09_supermarket_02152f6d1517404d','Dis And More Supermarket','dis and more supermarket supermarket grocery store retail shopping nigeria','place_nigeria_001','commerce',unixepoch(),unixepoch());
INSERT OR IGNORE INTO seed_ingestion_records (id,seed_run_id,entity_type,entity_id,source_id,status) VALUES ('ir_s09_supermarket_02152f6d1517404d','seed_run_s09_osm_supermarkets_20260502','organization','org_s09_supermarket_02152f6d1517404d','seed_source_osm_supermarkets_ng_20260502','ingested');
INSERT OR IGNORE INTO seed_entity_sources (id,seed_run_id,entity_type,entity_id,source_id,confidence_tier) VALUES ('es_s09_supermarket_02152f6d1517404d','seed_run_s09_osm_supermarkets_20260502','organization','org_s09_supermarket_02152f6d1517404d','seed_source_osm_supermarkets_ng_20260502','seeded');
INSERT OR IGNORE INTO seed_enrichment (id,seed_run_id,entity_type,entity_id,enrichment_type,enrichment_json) VALUES ('enr_s09_supermarket_02152f6d1517404d','seed_run_s09_osm_supermarkets_20260502','organization','org_s09_supermarket_02152f6d1517404d','licence_data','{"osm_id": "12066359339", "amenity": "supermarket", "addr_state": null, "operator": null, "brand": null}');

INSERT OR IGNORE INTO organizations (id,tenant_id,organization_type,legal_name,display_name,registration_number,status,verification_state,created_at,updated_at) VALUES ('org_s09_supermarket_4a1c75dd765667b4','tenant_platform_seed','retail_store','Tripple J Supermarket','Tripple J Supermarket',NULL,'active','seeded',unixepoch(),unixepoch());
INSERT OR IGNORE INTO profiles (id,subject_id,subject_type,primary_place_id,tenant_id,workspace_id,display_name,created_at,updated_at) VALUES ('prof_s09_supermarket_4a1c75dd765667b4','org_s09_supermarket_4a1c75dd765667b4','organization','place_nigeria_001','tenant_platform_seed','workspace_platform_seed_discovery','Tripple J Supermarket',unixepoch(),unixepoch());
INSERT OR IGNORE INTO search_entries (id,profile_id,display_name,keywords,ancestry_path,vertical,created_at,updated_at) VALUES ('se_s09_supermarket_4a1c75dd765667b4','prof_s09_supermarket_4a1c75dd765667b4','Tripple J Supermarket','tripple j supermarket supermarket grocery store retail shopping nigeria','place_nigeria_001','commerce',unixepoch(),unixepoch());
INSERT OR IGNORE INTO seed_ingestion_records (id,seed_run_id,entity_type,entity_id,source_id,status) VALUES ('ir_s09_supermarket_4a1c75dd765667b4','seed_run_s09_osm_supermarkets_20260502','organization','org_s09_supermarket_4a1c75dd765667b4','seed_source_osm_supermarkets_ng_20260502','ingested');
INSERT OR IGNORE INTO seed_entity_sources (id,seed_run_id,entity_type,entity_id,source_id,confidence_tier) VALUES ('es_s09_supermarket_4a1c75dd765667b4','seed_run_s09_osm_supermarkets_20260502','organization','org_s09_supermarket_4a1c75dd765667b4','seed_source_osm_supermarkets_ng_20260502','seeded');
INSERT OR IGNORE INTO seed_enrichment (id,seed_run_id,entity_type,entity_id,enrichment_type,enrichment_json) VALUES ('enr_s09_supermarket_4a1c75dd765667b4','seed_run_s09_osm_supermarkets_20260502','organization','org_s09_supermarket_4a1c75dd765667b4','licence_data','{"osm_id": "12073716124", "amenity": "supermarket", "addr_state": null, "operator": null, "brand": null}');

INSERT OR IGNORE INTO organizations (id,tenant_id,organization_type,legal_name,display_name,registration_number,status,verification_state,created_at,updated_at) VALUES ('org_s09_supermarket_d15662fa9160b9b1','tenant_platform_seed','retail_store','Mira mart supermarket','Mira mart supermarket',NULL,'active','seeded',unixepoch(),unixepoch());
INSERT OR IGNORE INTO profiles (id,subject_id,subject_type,primary_place_id,tenant_id,workspace_id,display_name,created_at,updated_at) VALUES ('prof_s09_supermarket_d15662fa9160b9b1','org_s09_supermarket_d15662fa9160b9b1','organization','place_nigeria_001','tenant_platform_seed','workspace_platform_seed_discovery','Mira mart supermarket',unixepoch(),unixepoch());
INSERT OR IGNORE INTO search_entries (id,profile_id,display_name,keywords,ancestry_path,vertical,created_at,updated_at) VALUES ('se_s09_supermarket_d15662fa9160b9b1','prof_s09_supermarket_d15662fa9160b9b1','Mira mart supermarket','mira mart supermarket supermarket grocery store retail shopping nigeria','place_nigeria_001','commerce',unixepoch(),unixepoch());
INSERT OR IGNORE INTO seed_ingestion_records (id,seed_run_id,entity_type,entity_id,source_id,status) VALUES ('ir_s09_supermarket_d15662fa9160b9b1','seed_run_s09_osm_supermarkets_20260502','organization','org_s09_supermarket_d15662fa9160b9b1','seed_source_osm_supermarkets_ng_20260502','ingested');
INSERT OR IGNORE INTO seed_entity_sources (id,seed_run_id,entity_type,entity_id,source_id,confidence_tier) VALUES ('es_s09_supermarket_d15662fa9160b9b1','seed_run_s09_osm_supermarkets_20260502','organization','org_s09_supermarket_d15662fa9160b9b1','seed_source_osm_supermarkets_ng_20260502','seeded');
INSERT OR IGNORE INTO seed_enrichment (id,seed_run_id,entity_type,entity_id,enrichment_type,enrichment_json) VALUES ('enr_s09_supermarket_d15662fa9160b9b1','seed_run_s09_osm_supermarkets_20260502','organization','org_s09_supermarket_d15662fa9160b9b1','licence_data','{"osm_id": "12281594059", "amenity": "supermarket", "addr_state": null, "operator": "private/individual", "brand": null}');

INSERT OR IGNORE INTO organizations (id,tenant_id,organization_type,legal_name,display_name,registration_number,status,verification_state,created_at,updated_at) VALUES ('org_s09_supermarket_23011f350bfe5726','tenant_platform_seed','retail_store','Over comers Plaza','Over comers Plaza',NULL,'active','seeded',unixepoch(),unixepoch());
INSERT OR IGNORE INTO profiles (id,subject_id,subject_type,primary_place_id,tenant_id,workspace_id,display_name,created_at,updated_at) VALUES ('prof_s09_supermarket_23011f350bfe5726','org_s09_supermarket_23011f350bfe5726','organization','place_nigeria_001','tenant_platform_seed','workspace_platform_seed_discovery','Over comers Plaza',unixepoch(),unixepoch());
INSERT OR IGNORE INTO search_entries (id,profile_id,display_name,keywords,ancestry_path,vertical,created_at,updated_at) VALUES ('se_s09_supermarket_23011f350bfe5726','prof_s09_supermarket_23011f350bfe5726','Over comers Plaza','over comers plaza supermarket grocery store retail shopping nigeria','place_nigeria_001','commerce',unixepoch(),unixepoch());
INSERT OR IGNORE INTO seed_ingestion_records (id,seed_run_id,entity_type,entity_id,source_id,status) VALUES ('ir_s09_supermarket_23011f350bfe5726','seed_run_s09_osm_supermarkets_20260502','organization','org_s09_supermarket_23011f350bfe5726','seed_source_osm_supermarkets_ng_20260502','ingested');
INSERT OR IGNORE INTO seed_entity_sources (id,seed_run_id,entity_type,entity_id,source_id,confidence_tier) VALUES ('es_s09_supermarket_23011f350bfe5726','seed_run_s09_osm_supermarkets_20260502','organization','org_s09_supermarket_23011f350bfe5726','seed_source_osm_supermarkets_ng_20260502','seeded');
INSERT OR IGNORE INTO seed_enrichment (id,seed_run_id,entity_type,entity_id,enrichment_type,enrichment_json) VALUES ('enr_s09_supermarket_23011f350bfe5726','seed_run_s09_osm_supermarkets_20260502','organization','org_s09_supermarket_23011f350bfe5726','licence_data','{"osm_id": "12281594060", "amenity": "supermarket", "addr_state": null, "operator": "private/individual", "brand": null}');

INSERT OR IGNORE INTO organizations (id,tenant_id,organization_type,legal_name,display_name,registration_number,status,verification_state,created_at,updated_at) VALUES ('org_s09_supermarket_e2c7fe46927e7630','tenant_platform_seed','retail_store','Boly Sam super mart','Boly Sam super mart',NULL,'active','seeded',unixepoch(),unixepoch());
INSERT OR IGNORE INTO profiles (id,subject_id,subject_type,primary_place_id,tenant_id,workspace_id,display_name,created_at,updated_at) VALUES ('prof_s09_supermarket_e2c7fe46927e7630','org_s09_supermarket_e2c7fe46927e7630','organization','place_nigeria_001','tenant_platform_seed','workspace_platform_seed_discovery','Boly Sam super mart',unixepoch(),unixepoch());
INSERT OR IGNORE INTO search_entries (id,profile_id,display_name,keywords,ancestry_path,vertical,created_at,updated_at) VALUES ('se_s09_supermarket_e2c7fe46927e7630','prof_s09_supermarket_e2c7fe46927e7630','Boly Sam super mart','boly sam super mart supermarket grocery store retail shopping nigeria','place_nigeria_001','commerce',unixepoch(),unixepoch());
INSERT OR IGNORE INTO seed_ingestion_records (id,seed_run_id,entity_type,entity_id,source_id,status) VALUES ('ir_s09_supermarket_e2c7fe46927e7630','seed_run_s09_osm_supermarkets_20260502','organization','org_s09_supermarket_e2c7fe46927e7630','seed_source_osm_supermarkets_ng_20260502','ingested');
INSERT OR IGNORE INTO seed_entity_sources (id,seed_run_id,entity_type,entity_id,source_id,confidence_tier) VALUES ('es_s09_supermarket_e2c7fe46927e7630','seed_run_s09_osm_supermarkets_20260502','organization','org_s09_supermarket_e2c7fe46927e7630','seed_source_osm_supermarkets_ng_20260502','seeded');
INSERT OR IGNORE INTO seed_enrichment (id,seed_run_id,entity_type,entity_id,enrichment_type,enrichment_json) VALUES ('enr_s09_supermarket_e2c7fe46927e7630','seed_run_s09_osm_supermarkets_20260502','organization','org_s09_supermarket_e2c7fe46927e7630','licence_data','{"osm_id": "12281594061", "amenity": "supermarket", "addr_state": null, "operator": "private/individual", "brand": null}');

INSERT OR IGNORE INTO organizations (id,tenant_id,organization_type,legal_name,display_name,registration_number,status,verification_state,created_at,updated_at) VALUES ('org_s09_supermarket_d3b58fb76e39bec5','tenant_platform_seed','retail_store','Mini supermarket','Mini supermarket',NULL,'active','seeded',unixepoch(),unixepoch());
INSERT OR IGNORE INTO profiles (id,subject_id,subject_type,primary_place_id,tenant_id,workspace_id,display_name,created_at,updated_at) VALUES ('prof_s09_supermarket_d3b58fb76e39bec5','org_s09_supermarket_d3b58fb76e39bec5','organization','place_nigeria_001','tenant_platform_seed','workspace_platform_seed_discovery','Mini supermarket',unixepoch(),unixepoch());
INSERT OR IGNORE INTO search_entries (id,profile_id,display_name,keywords,ancestry_path,vertical,created_at,updated_at) VALUES ('se_s09_supermarket_d3b58fb76e39bec5','prof_s09_supermarket_d3b58fb76e39bec5','Mini supermarket','mini supermarket supermarket grocery store retail shopping nigeria','place_nigeria_001','commerce',unixepoch(),unixepoch());
INSERT OR IGNORE INTO seed_ingestion_records (id,seed_run_id,entity_type,entity_id,source_id,status) VALUES ('ir_s09_supermarket_d3b58fb76e39bec5','seed_run_s09_osm_supermarkets_20260502','organization','org_s09_supermarket_d3b58fb76e39bec5','seed_source_osm_supermarkets_ng_20260502','ingested');
INSERT OR IGNORE INTO seed_entity_sources (id,seed_run_id,entity_type,entity_id,source_id,confidence_tier) VALUES ('es_s09_supermarket_d3b58fb76e39bec5','seed_run_s09_osm_supermarkets_20260502','organization','org_s09_supermarket_d3b58fb76e39bec5','seed_source_osm_supermarkets_ng_20260502','seeded');
INSERT OR IGNORE INTO seed_enrichment (id,seed_run_id,entity_type,entity_id,enrichment_type,enrichment_json) VALUES ('enr_s09_supermarket_d3b58fb76e39bec5','seed_run_s09_osm_supermarkets_20260502','organization','org_s09_supermarket_d3b58fb76e39bec5','licence_data','{"osm_id": "12281594062", "amenity": "small super market", "addr_state": null, "operator": "private/individual", "brand": null}');

INSERT OR IGNORE INTO organizations (id,tenant_id,organization_type,legal_name,display_name,registration_number,status,verification_state,created_at,updated_at) VALUES ('org_s09_supermarket_057ea9c38852d0c2','tenant_platform_seed','retail_store','S square','S square',NULL,'active','seeded',unixepoch(),unixepoch());
INSERT OR IGNORE INTO profiles (id,subject_id,subject_type,primary_place_id,tenant_id,workspace_id,display_name,created_at,updated_at) VALUES ('prof_s09_supermarket_057ea9c38852d0c2','org_s09_supermarket_057ea9c38852d0c2','organization','place_nigeria_001','tenant_platform_seed','workspace_platform_seed_discovery','S square',unixepoch(),unixepoch());
INSERT OR IGNORE INTO search_entries (id,profile_id,display_name,keywords,ancestry_path,vertical,created_at,updated_at) VALUES ('se_s09_supermarket_057ea9c38852d0c2','prof_s09_supermarket_057ea9c38852d0c2','S square','s square supermarket grocery store retail shopping nigeria','place_nigeria_001','commerce',unixepoch(),unixepoch());
INSERT OR IGNORE INTO seed_ingestion_records (id,seed_run_id,entity_type,entity_id,source_id,status) VALUES ('ir_s09_supermarket_057ea9c38852d0c2','seed_run_s09_osm_supermarkets_20260502','organization','org_s09_supermarket_057ea9c38852d0c2','seed_source_osm_supermarkets_ng_20260502','ingested');
INSERT OR IGNORE INTO seed_entity_sources (id,seed_run_id,entity_type,entity_id,source_id,confidence_tier) VALUES ('es_s09_supermarket_057ea9c38852d0c2','seed_run_s09_osm_supermarkets_20260502','organization','org_s09_supermarket_057ea9c38852d0c2','seed_source_osm_supermarkets_ng_20260502','seeded');
INSERT OR IGNORE INTO seed_enrichment (id,seed_run_id,entity_type,entity_id,enrichment_type,enrichment_json) VALUES ('enr_s09_supermarket_057ea9c38852d0c2','seed_run_s09_osm_supermarkets_20260502','organization','org_s09_supermarket_057ea9c38852d0c2','licence_data','{"osm_id": "12281594063", "amenity": "small super market", "addr_state": null, "operator": "private/individual", "brand": null}');

INSERT OR IGNORE INTO organizations (id,tenant_id,organization_type,legal_name,display_name,registration_number,status,verification_state,created_at,updated_at) VALUES ('org_s09_supermarket_b27334876df55ad9','tenant_platform_seed','retail_store','Apata plaza','Apata plaza',NULL,'active','seeded',unixepoch(),unixepoch());
INSERT OR IGNORE INTO profiles (id,subject_id,subject_type,primary_place_id,tenant_id,workspace_id,display_name,created_at,updated_at) VALUES ('prof_s09_supermarket_b27334876df55ad9','org_s09_supermarket_b27334876df55ad9','organization','place_nigeria_001','tenant_platform_seed','workspace_platform_seed_discovery','Apata plaza',unixepoch(),unixepoch());
INSERT OR IGNORE INTO search_entries (id,profile_id,display_name,keywords,ancestry_path,vertical,created_at,updated_at) VALUES ('se_s09_supermarket_b27334876df55ad9','prof_s09_supermarket_b27334876df55ad9','Apata plaza','apata plaza supermarket grocery store retail shopping nigeria','place_nigeria_001','commerce',unixepoch(),unixepoch());
INSERT OR IGNORE INTO seed_ingestion_records (id,seed_run_id,entity_type,entity_id,source_id,status) VALUES ('ir_s09_supermarket_b27334876df55ad9','seed_run_s09_osm_supermarkets_20260502','organization','org_s09_supermarket_b27334876df55ad9','seed_source_osm_supermarkets_ng_20260502','ingested');
INSERT OR IGNORE INTO seed_entity_sources (id,seed_run_id,entity_type,entity_id,source_id,confidence_tier) VALUES ('es_s09_supermarket_b27334876df55ad9','seed_run_s09_osm_supermarkets_20260502','organization','org_s09_supermarket_b27334876df55ad9','seed_source_osm_supermarkets_ng_20260502','seeded');
INSERT OR IGNORE INTO seed_enrichment (id,seed_run_id,entity_type,entity_id,enrichment_type,enrichment_json) VALUES ('enr_s09_supermarket_b27334876df55ad9','seed_run_s09_osm_supermarkets_20260502','organization','org_s09_supermarket_b27334876df55ad9','licence_data','{"osm_id": "12282795074", "amenity": "mall", "addr_state": null, "operator": "private/ individual", "brand": null}');

INSERT OR IGNORE INTO organizations (id,tenant_id,organization_type,legal_name,display_name,registration_number,status,verification_state,created_at,updated_at) VALUES ('org_s09_supermarket_9e3ea3a05f615cf4','tenant_platform_seed','retail_store','Peace','Peace',NULL,'active','seeded',unixepoch(),unixepoch());
INSERT OR IGNORE INTO profiles (id,subject_id,subject_type,primary_place_id,tenant_id,workspace_id,display_name,created_at,updated_at) VALUES ('prof_s09_supermarket_9e3ea3a05f615cf4','org_s09_supermarket_9e3ea3a05f615cf4','organization','place_nigeria_001','tenant_platform_seed','workspace_platform_seed_discovery','Peace',unixepoch(),unixepoch());
INSERT OR IGNORE INTO search_entries (id,profile_id,display_name,keywords,ancestry_path,vertical,created_at,updated_at) VALUES ('se_s09_supermarket_9e3ea3a05f615cf4','prof_s09_supermarket_9e3ea3a05f615cf4','Peace','peace supermarket grocery store retail shopping nigeria','place_nigeria_001','commerce',unixepoch(),unixepoch());
INSERT OR IGNORE INTO seed_ingestion_records (id,seed_run_id,entity_type,entity_id,source_id,status) VALUES ('ir_s09_supermarket_9e3ea3a05f615cf4','seed_run_s09_osm_supermarkets_20260502','organization','org_s09_supermarket_9e3ea3a05f615cf4','seed_source_osm_supermarkets_ng_20260502','ingested');
INSERT OR IGNORE INTO seed_entity_sources (id,seed_run_id,entity_type,entity_id,source_id,confidence_tier) VALUES ('es_s09_supermarket_9e3ea3a05f615cf4','seed_run_s09_osm_supermarkets_20260502','organization','org_s09_supermarket_9e3ea3a05f615cf4','seed_source_osm_supermarkets_ng_20260502','seeded');
INSERT OR IGNORE INTO seed_enrichment (id,seed_run_id,entity_type,entity_id,enrichment_type,enrichment_json) VALUES ('enr_s09_supermarket_9e3ea3a05f615cf4','seed_run_s09_osm_supermarkets_20260502','organization','org_s09_supermarket_9e3ea3a05f615cf4','licence_data','{"osm_id": "12569308966", "amenity": "mall", "addr_state": null, "operator": null, "brand": null}');

INSERT OR IGNORE INTO organizations (id,tenant_id,organization_type,legal_name,display_name,registration_number,status,verification_state,created_at,updated_at) VALUES ('org_s09_supermarket_27d83b0b5bd2b440','tenant_platform_seed','retail_store','Bakan Gizo Pharmacy And Stores','Bakan Gizo Pharmacy And Stores',NULL,'active','seeded',unixepoch(),unixepoch());
INSERT OR IGNORE INTO profiles (id,subject_id,subject_type,primary_place_id,tenant_id,workspace_id,display_name,created_at,updated_at) VALUES ('prof_s09_supermarket_27d83b0b5bd2b440','org_s09_supermarket_27d83b0b5bd2b440','organization','place_nigeria_001','tenant_platform_seed','workspace_platform_seed_discovery','Bakan Gizo Pharmacy And Stores',unixepoch(),unixepoch());
INSERT OR IGNORE INTO search_entries (id,profile_id,display_name,keywords,ancestry_path,vertical,created_at,updated_at) VALUES ('se_s09_supermarket_27d83b0b5bd2b440','prof_s09_supermarket_27d83b0b5bd2b440','Bakan Gizo Pharmacy And Stores','bakan gizo pharmacy and stores supermarket grocery store retail shopping nigeria','place_nigeria_001','commerce',unixepoch(),unixepoch());
INSERT OR IGNORE INTO seed_ingestion_records (id,seed_run_id,entity_type,entity_id,source_id,status) VALUES ('ir_s09_supermarket_27d83b0b5bd2b440','seed_run_s09_osm_supermarkets_20260502','organization','org_s09_supermarket_27d83b0b5bd2b440','seed_source_osm_supermarkets_ng_20260502','ingested');
INSERT OR IGNORE INTO seed_entity_sources (id,seed_run_id,entity_type,entity_id,source_id,confidence_tier) VALUES ('es_s09_supermarket_27d83b0b5bd2b440','seed_run_s09_osm_supermarkets_20260502','organization','org_s09_supermarket_27d83b0b5bd2b440','seed_source_osm_supermarkets_ng_20260502','seeded');
INSERT OR IGNORE INTO seed_enrichment (id,seed_run_id,entity_type,entity_id,enrichment_type,enrichment_json) VALUES ('enr_s09_supermarket_27d83b0b5bd2b440','seed_run_s09_osm_supermarkets_20260502','organization','org_s09_supermarket_27d83b0b5bd2b440','licence_data','{"osm_id": "12774568269", "amenity": "supermarket", "addr_state": null, "operator": null, "brand": null}');

INSERT OR IGNORE INTO organizations (id,tenant_id,organization_type,legal_name,display_name,registration_number,status,verification_state,created_at,updated_at) VALUES ('org_s09_supermarket_be2fcfe5b231e3b8','tenant_platform_seed','retail_store','Old English Superstores','Old English Superstores',NULL,'active','seeded',unixepoch(),unixepoch());
INSERT OR IGNORE INTO profiles (id,subject_id,subject_type,primary_place_id,tenant_id,workspace_id,display_name,created_at,updated_at) VALUES ('prof_s09_supermarket_be2fcfe5b231e3b8','org_s09_supermarket_be2fcfe5b231e3b8','organization','place_nigeria_001','tenant_platform_seed','workspace_platform_seed_discovery','Old English Superstores',unixepoch(),unixepoch());
INSERT OR IGNORE INTO search_entries (id,profile_id,display_name,keywords,ancestry_path,vertical,created_at,updated_at) VALUES ('se_s09_supermarket_be2fcfe5b231e3b8','prof_s09_supermarket_be2fcfe5b231e3b8','Old English Superstores','old english superstores supermarket grocery store retail shopping nigeria','place_nigeria_001','commerce',unixepoch(),unixepoch());
INSERT OR IGNORE INTO seed_ingestion_records (id,seed_run_id,entity_type,entity_id,source_id,status) VALUES ('ir_s09_supermarket_be2fcfe5b231e3b8','seed_run_s09_osm_supermarkets_20260502','organization','org_s09_supermarket_be2fcfe5b231e3b8','seed_source_osm_supermarkets_ng_20260502','ingested');
INSERT OR IGNORE INTO seed_entity_sources (id,seed_run_id,entity_type,entity_id,source_id,confidence_tier) VALUES ('es_s09_supermarket_be2fcfe5b231e3b8','seed_run_s09_osm_supermarkets_20260502','organization','org_s09_supermarket_be2fcfe5b231e3b8','seed_source_osm_supermarkets_ng_20260502','seeded');
INSERT OR IGNORE INTO seed_enrichment (id,seed_run_id,entity_type,entity_id,enrichment_type,enrichment_json) VALUES ('enr_s09_supermarket_be2fcfe5b231e3b8','seed_run_s09_osm_supermarkets_20260502','organization','org_s09_supermarket_be2fcfe5b231e3b8','licence_data','{"osm_id": "13011527303", "amenity": "supermarket", "addr_state": null, "operator": null, "brand": null}');

INSERT OR IGNORE INTO organizations (id,tenant_id,organization_type,legal_name,display_name,registration_number,status,verification_state,created_at,updated_at) VALUES ('org_s09_supermarket_bbd9747eae91920d','tenant_platform_seed','retail_store','Shoprite Kwara Mall, Fate Road, Oko Erin, Nigeria','Shoprite Kwara Mall, Fate Road, Oko Erin, Nigeria',NULL,'active','seeded',unixepoch(),unixepoch());
INSERT OR IGNORE INTO profiles (id,subject_id,subject_type,primary_place_id,tenant_id,workspace_id,display_name,created_at,updated_at) VALUES ('prof_s09_supermarket_bbd9747eae91920d','org_s09_supermarket_bbd9747eae91920d','organization','place_nigeria_001','tenant_platform_seed','workspace_platform_seed_discovery','Shoprite Kwara Mall, Fate Road, Oko Erin, Nigeria',unixepoch(),unixepoch());
INSERT OR IGNORE INTO search_entries (id,profile_id,display_name,keywords,ancestry_path,vertical,created_at,updated_at) VALUES ('se_s09_supermarket_bbd9747eae91920d','prof_s09_supermarket_bbd9747eae91920d','Shoprite Kwara Mall, Fate Road, Oko Erin, Nigeria','shoprite kwara mall, fate road, oko erin, nigeria supermarket grocery store retail shopping nigeria','place_nigeria_001','commerce',unixepoch(),unixepoch());
INSERT OR IGNORE INTO seed_ingestion_records (id,seed_run_id,entity_type,entity_id,source_id,status) VALUES ('ir_s09_supermarket_bbd9747eae91920d','seed_run_s09_osm_supermarkets_20260502','organization','org_s09_supermarket_bbd9747eae91920d','seed_source_osm_supermarkets_ng_20260502','ingested');
INSERT OR IGNORE INTO seed_entity_sources (id,seed_run_id,entity_type,entity_id,source_id,confidence_tier) VALUES ('es_s09_supermarket_bbd9747eae91920d','seed_run_s09_osm_supermarkets_20260502','organization','org_s09_supermarket_bbd9747eae91920d','seed_source_osm_supermarkets_ng_20260502','seeded');
INSERT OR IGNORE INTO seed_enrichment (id,seed_run_id,entity_type,entity_id,enrichment_type,enrichment_json) VALUES ('enr_s09_supermarket_bbd9747eae91920d','seed_run_s09_osm_supermarkets_20260502','organization','org_s09_supermarket_bbd9747eae91920d','licence_data','{"osm_id": "13047974729", "amenity": "mall", "addr_state": null, "operator": null, "brand": null}');

INSERT OR IGNORE INTO organizations (id,tenant_id,organization_type,legal_name,display_name,registration_number,status,verification_state,created_at,updated_at) VALUES ('org_s09_supermarket_4b5672319266d3cc','tenant_platform_seed','retail_store','Shop 46 Sango Shopping Complex Kwara, Oko Erin 240102, Kwara, Nigeria','Shop 46 Sango Shopping Complex Kwara, Oko Erin 240102, Kwara, Nigeria',NULL,'active','seeded',unixepoch(),unixepoch());
INSERT OR IGNORE INTO profiles (id,subject_id,subject_type,primary_place_id,tenant_id,workspace_id,display_name,created_at,updated_at) VALUES ('prof_s09_supermarket_4b5672319266d3cc','org_s09_supermarket_4b5672319266d3cc','organization','place_nigeria_001','tenant_platform_seed','workspace_platform_seed_discovery','Shop 46 Sango Shopping Complex Kwara, Oko Erin 240102, Kwara, Nigeria',unixepoch(),unixepoch());
INSERT OR IGNORE INTO search_entries (id,profile_id,display_name,keywords,ancestry_path,vertical,created_at,updated_at) VALUES ('se_s09_supermarket_4b5672319266d3cc','prof_s09_supermarket_4b5672319266d3cc','Shop 46 Sango Shopping Complex Kwara, Oko Erin 240102, Kwara, Nigeria','shop 46 sango shopping complex kwara, oko erin 240102, kwara, nigeria supermarket grocery store retail shopping nigeria','place_nigeria_001','commerce',unixepoch(),unixepoch());
INSERT OR IGNORE INTO seed_ingestion_records (id,seed_run_id,entity_type,entity_id,source_id,status) VALUES ('ir_s09_supermarket_4b5672319266d3cc','seed_run_s09_osm_supermarkets_20260502','organization','org_s09_supermarket_4b5672319266d3cc','seed_source_osm_supermarkets_ng_20260502','ingested');
INSERT OR IGNORE INTO seed_entity_sources (id,seed_run_id,entity_type,entity_id,source_id,confidence_tier) VALUES ('es_s09_supermarket_4b5672319266d3cc','seed_run_s09_osm_supermarkets_20260502','organization','org_s09_supermarket_4b5672319266d3cc','seed_source_osm_supermarkets_ng_20260502','seeded');
INSERT OR IGNORE INTO seed_enrichment (id,seed_run_id,entity_type,entity_id,enrichment_type,enrichment_json) VALUES ('enr_s09_supermarket_4b5672319266d3cc','seed_run_s09_osm_supermarkets_20260502','organization','org_s09_supermarket_4b5672319266d3cc','licence_data','{"osm_id": "13047974730", "amenity": "supermarket", "addr_state": null, "operator": null, "brand": null}');

INSERT OR IGNORE INTO organizations (id,tenant_id,organization_type,legal_name,display_name,registration_number,status,verification_state,created_at,updated_at) VALUES ('org_s09_supermarket_672ac5f62e0c3dbc','tenant_platform_seed','retail_store','Matanmi Shopping Complex, Oko Erin 240101, Kwara, Nigeria','Matanmi Shopping Complex, Oko Erin 240101, Kwara, Nigeria',NULL,'active','seeded',unixepoch(),unixepoch());
INSERT OR IGNORE INTO profiles (id,subject_id,subject_type,primary_place_id,tenant_id,workspace_id,display_name,created_at,updated_at) VALUES ('prof_s09_supermarket_672ac5f62e0c3dbc','org_s09_supermarket_672ac5f62e0c3dbc','organization','place_nigeria_001','tenant_platform_seed','workspace_platform_seed_discovery','Matanmi Shopping Complex, Oko Erin 240101, Kwara, Nigeria',unixepoch(),unixepoch());
INSERT OR IGNORE INTO search_entries (id,profile_id,display_name,keywords,ancestry_path,vertical,created_at,updated_at) VALUES ('se_s09_supermarket_672ac5f62e0c3dbc','prof_s09_supermarket_672ac5f62e0c3dbc','Matanmi Shopping Complex, Oko Erin 240101, Kwara, Nigeria','matanmi shopping complex, oko erin 240101, kwara, nigeria supermarket grocery store retail shopping nigeria','place_nigeria_001','commerce',unixepoch(),unixepoch());
INSERT OR IGNORE INTO seed_ingestion_records (id,seed_run_id,entity_type,entity_id,source_id,status) VALUES ('ir_s09_supermarket_672ac5f62e0c3dbc','seed_run_s09_osm_supermarkets_20260502','organization','org_s09_supermarket_672ac5f62e0c3dbc','seed_source_osm_supermarkets_ng_20260502','ingested');
INSERT OR IGNORE INTO seed_entity_sources (id,seed_run_id,entity_type,entity_id,source_id,confidence_tier) VALUES ('es_s09_supermarket_672ac5f62e0c3dbc','seed_run_s09_osm_supermarkets_20260502','organization','org_s09_supermarket_672ac5f62e0c3dbc','seed_source_osm_supermarkets_ng_20260502','seeded');
INSERT OR IGNORE INTO seed_enrichment (id,seed_run_id,entity_type,entity_id,enrichment_type,enrichment_json) VALUES ('enr_s09_supermarket_672ac5f62e0c3dbc','seed_run_s09_osm_supermarkets_20260502','organization','org_s09_supermarket_672ac5f62e0c3dbc','licence_data','{"osm_id": "13047974820", "amenity": "mall", "addr_state": null, "operator": null, "brand": null}');

INSERT OR IGNORE INTO organizations (id,tenant_id,organization_type,legal_name,display_name,registration_number,status,verification_state,created_at,updated_at) VALUES ('org_s09_supermarket_215436936a445a22','tenant_platform_seed','retail_store','Martrite Superstores, Ahmadu Bello Way, Ilorin, Nigeria','Martrite Superstores, Ahmadu Bello Way, Ilorin, Nigeria',NULL,'active','seeded',unixepoch(),unixepoch());
INSERT OR IGNORE INTO profiles (id,subject_id,subject_type,primary_place_id,tenant_id,workspace_id,display_name,created_at,updated_at) VALUES ('prof_s09_supermarket_215436936a445a22','org_s09_supermarket_215436936a445a22','organization','place_nigeria_001','tenant_platform_seed','workspace_platform_seed_discovery','Martrite Superstores, Ahmadu Bello Way, Ilorin, Nigeria',unixepoch(),unixepoch());
INSERT OR IGNORE INTO search_entries (id,profile_id,display_name,keywords,ancestry_path,vertical,created_at,updated_at) VALUES ('se_s09_supermarket_215436936a445a22','prof_s09_supermarket_215436936a445a22','Martrite Superstores, Ahmadu Bello Way, Ilorin, Nigeria','martrite superstores, ahmadu bello way, ilorin, nigeria supermarket grocery store retail shopping nigeria','place_nigeria_001','commerce',unixepoch(),unixepoch());
INSERT OR IGNORE INTO seed_ingestion_records (id,seed_run_id,entity_type,entity_id,source_id,status) VALUES ('ir_s09_supermarket_215436936a445a22','seed_run_s09_osm_supermarkets_20260502','organization','org_s09_supermarket_215436936a445a22','seed_source_osm_supermarkets_ng_20260502','ingested');
INSERT OR IGNORE INTO seed_entity_sources (id,seed_run_id,entity_type,entity_id,source_id,confidence_tier) VALUES ('es_s09_supermarket_215436936a445a22','seed_run_s09_osm_supermarkets_20260502','organization','org_s09_supermarket_215436936a445a22','seed_source_osm_supermarkets_ng_20260502','seeded');
INSERT OR IGNORE INTO seed_enrichment (id,seed_run_id,entity_type,entity_id,enrichment_type,enrichment_json) VALUES ('enr_s09_supermarket_215436936a445a22','seed_run_s09_osm_supermarkets_20260502','organization','org_s09_supermarket_215436936a445a22','licence_data','{"osm_id": "13047974821", "amenity": "supermarket", "addr_state": null, "operator": null, "brand": null}');

INSERT OR IGNORE INTO organizations (id,tenant_id,organization_type,legal_name,display_name,registration_number,status,verification_state,created_at,updated_at) VALUES ('org_s09_supermarket_8efab9a29ad85c3d','tenant_platform_seed','retail_store','FHXP+25X, Fate Rd, Oko Erin 240102, Kwara, Nigeria','FHXP+25X, Fate Rd, Oko Erin 240102, Kwara, Nigeria',NULL,'active','seeded',unixepoch(),unixepoch());
INSERT OR IGNORE INTO profiles (id,subject_id,subject_type,primary_place_id,tenant_id,workspace_id,display_name,created_at,updated_at) VALUES ('prof_s09_supermarket_8efab9a29ad85c3d','org_s09_supermarket_8efab9a29ad85c3d','organization','place_nigeria_001','tenant_platform_seed','workspace_platform_seed_discovery','FHXP+25X, Fate Rd, Oko Erin 240102, Kwara, Nigeria',unixepoch(),unixepoch());
INSERT OR IGNORE INTO search_entries (id,profile_id,display_name,keywords,ancestry_path,vertical,created_at,updated_at) VALUES ('se_s09_supermarket_8efab9a29ad85c3d','prof_s09_supermarket_8efab9a29ad85c3d','FHXP+25X, Fate Rd, Oko Erin 240102, Kwara, Nigeria','fhxp+25x, fate rd, oko erin 240102, kwara, nigeria supermarket grocery store retail shopping nigeria','place_nigeria_001','commerce',unixepoch(),unixepoch());
INSERT OR IGNORE INTO seed_ingestion_records (id,seed_run_id,entity_type,entity_id,source_id,status) VALUES ('ir_s09_supermarket_8efab9a29ad85c3d','seed_run_s09_osm_supermarkets_20260502','organization','org_s09_supermarket_8efab9a29ad85c3d','seed_source_osm_supermarkets_ng_20260502','ingested');
INSERT OR IGNORE INTO seed_entity_sources (id,seed_run_id,entity_type,entity_id,source_id,confidence_tier) VALUES ('es_s09_supermarket_8efab9a29ad85c3d','seed_run_s09_osm_supermarkets_20260502','organization','org_s09_supermarket_8efab9a29ad85c3d','seed_source_osm_supermarkets_ng_20260502','seeded');
INSERT OR IGNORE INTO seed_enrichment (id,seed_run_id,entity_type,entity_id,enrichment_type,enrichment_json) VALUES ('enr_s09_supermarket_8efab9a29ad85c3d','seed_run_s09_osm_supermarkets_20260502','organization','org_s09_supermarket_8efab9a29ad85c3d','licence_data','{"osm_id": "13047975002", "amenity": "mall", "addr_state": null, "operator": null, "brand": null}');

INSERT OR IGNORE INTO organizations (id,tenant_id,organization_type,legal_name,display_name,registration_number,status,verification_state,created_at,updated_at) VALUES ('org_s09_supermarket_4628988ce513eef0','tenant_platform_seed','retail_store','Edinwo Supermarket, Tanke Road, Oko Erin, Nigeria','Edinwo Supermarket, Tanke Road, Oko Erin, Nigeria',NULL,'active','seeded',unixepoch(),unixepoch());
INSERT OR IGNORE INTO profiles (id,subject_id,subject_type,primary_place_id,tenant_id,workspace_id,display_name,created_at,updated_at) VALUES ('prof_s09_supermarket_4628988ce513eef0','org_s09_supermarket_4628988ce513eef0','organization','place_nigeria_001','tenant_platform_seed','workspace_platform_seed_discovery','Edinwo Supermarket, Tanke Road, Oko Erin, Nigeria',unixepoch(),unixepoch());
INSERT OR IGNORE INTO search_entries (id,profile_id,display_name,keywords,ancestry_path,vertical,created_at,updated_at) VALUES ('se_s09_supermarket_4628988ce513eef0','prof_s09_supermarket_4628988ce513eef0','Edinwo Supermarket, Tanke Road, Oko Erin, Nigeria','edinwo supermarket, tanke road, oko erin, nigeria supermarket grocery store retail shopping nigeria','place_nigeria_001','commerce',unixepoch(),unixepoch());
INSERT OR IGNORE INTO seed_ingestion_records (id,seed_run_id,entity_type,entity_id,source_id,status) VALUES ('ir_s09_supermarket_4628988ce513eef0','seed_run_s09_osm_supermarkets_20260502','organization','org_s09_supermarket_4628988ce513eef0','seed_source_osm_supermarkets_ng_20260502','ingested');
INSERT OR IGNORE INTO seed_entity_sources (id,seed_run_id,entity_type,entity_id,source_id,confidence_tier) VALUES ('es_s09_supermarket_4628988ce513eef0','seed_run_s09_osm_supermarkets_20260502','organization','org_s09_supermarket_4628988ce513eef0','seed_source_osm_supermarkets_ng_20260502','seeded');
INSERT OR IGNORE INTO seed_enrichment (id,seed_run_id,entity_type,entity_id,enrichment_type,enrichment_json) VALUES ('enr_s09_supermarket_4628988ce513eef0','seed_run_s09_osm_supermarkets_20260502','organization','org_s09_supermarket_4628988ce513eef0','licence_data','{"osm_id": "13047975222", "amenity": "supermarket", "addr_state": null, "operator": null, "brand": null}');

INSERT OR IGNORE INTO organizations (id,tenant_id,organization_type,legal_name,display_name,registration_number,status,verification_state,created_at,updated_at) VALUES ('org_s09_supermarket_8f2b7082842befa5','tenant_platform_seed','retail_store','Edinwo Mall, Fate Tanke Road, Oko Erin, Nigeria','Edinwo Mall, Fate Tanke Road, Oko Erin, Nigeria',NULL,'active','seeded',unixepoch(),unixepoch());
INSERT OR IGNORE INTO profiles (id,subject_id,subject_type,primary_place_id,tenant_id,workspace_id,display_name,created_at,updated_at) VALUES ('prof_s09_supermarket_8f2b7082842befa5','org_s09_supermarket_8f2b7082842befa5','organization','place_nigeria_001','tenant_platform_seed','workspace_platform_seed_discovery','Edinwo Mall, Fate Tanke Road, Oko Erin, Nigeria',unixepoch(),unixepoch());
INSERT OR IGNORE INTO search_entries (id,profile_id,display_name,keywords,ancestry_path,vertical,created_at,updated_at) VALUES ('se_s09_supermarket_8f2b7082842befa5','prof_s09_supermarket_8f2b7082842befa5','Edinwo Mall, Fate Tanke Road, Oko Erin, Nigeria','edinwo mall, fate tanke road, oko erin, nigeria supermarket grocery store retail shopping nigeria','place_nigeria_001','commerce',unixepoch(),unixepoch());
INSERT OR IGNORE INTO seed_ingestion_records (id,seed_run_id,entity_type,entity_id,source_id,status) VALUES ('ir_s09_supermarket_8f2b7082842befa5','seed_run_s09_osm_supermarkets_20260502','organization','org_s09_supermarket_8f2b7082842befa5','seed_source_osm_supermarkets_ng_20260502','ingested');
INSERT OR IGNORE INTO seed_entity_sources (id,seed_run_id,entity_type,entity_id,source_id,confidence_tier) VALUES ('es_s09_supermarket_8f2b7082842befa5','seed_run_s09_osm_supermarkets_20260502','organization','org_s09_supermarket_8f2b7082842befa5','seed_source_osm_supermarkets_ng_20260502','seeded');
INSERT OR IGNORE INTO seed_enrichment (id,seed_run_id,entity_type,entity_id,enrichment_type,enrichment_json) VALUES ('enr_s09_supermarket_8f2b7082842befa5','seed_run_s09_osm_supermarkets_20260502','organization','org_s09_supermarket_8f2b7082842befa5','licence_data','{"osm_id": "13047975223", "amenity": "mall", "addr_state": null, "operator": null, "brand": null}');

INSERT OR IGNORE INTO organizations (id,tenant_id,organization_type,legal_name,display_name,registration_number,status,verification_state,created_at,updated_at) VALUES ('org_s09_supermarket_7edabad104e1dee3','tenant_platform_seed','retail_store','Challenge shopping complex, Muritala Muhamed Way, Oko Erin, Nigeria','Challenge shopping complex, Muritala Muhamed Way, Oko Erin, Nigeria',NULL,'active','seeded',unixepoch(),unixepoch());
INSERT OR IGNORE INTO profiles (id,subject_id,subject_type,primary_place_id,tenant_id,workspace_id,display_name,created_at,updated_at) VALUES ('prof_s09_supermarket_7edabad104e1dee3','org_s09_supermarket_7edabad104e1dee3','organization','place_nigeria_001','tenant_platform_seed','workspace_platform_seed_discovery','Challenge shopping complex, Muritala Muhamed Way, Oko Erin, Nigeria',unixepoch(),unixepoch());
INSERT OR IGNORE INTO search_entries (id,profile_id,display_name,keywords,ancestry_path,vertical,created_at,updated_at) VALUES ('se_s09_supermarket_7edabad104e1dee3','prof_s09_supermarket_7edabad104e1dee3','Challenge shopping complex, Muritala Muhamed Way, Oko Erin, Nigeria','challenge shopping complex, muritala muhamed way, oko erin, nigeria supermarket grocery store retail shopping nigeria','place_nigeria_001','commerce',unixepoch(),unixepoch());
INSERT OR IGNORE INTO seed_ingestion_records (id,seed_run_id,entity_type,entity_id,source_id,status) VALUES ('ir_s09_supermarket_7edabad104e1dee3','seed_run_s09_osm_supermarkets_20260502','organization','org_s09_supermarket_7edabad104e1dee3','seed_source_osm_supermarkets_ng_20260502','ingested');
INSERT OR IGNORE INTO seed_entity_sources (id,seed_run_id,entity_type,entity_id,source_id,confidence_tier) VALUES ('es_s09_supermarket_7edabad104e1dee3','seed_run_s09_osm_supermarkets_20260502','organization','org_s09_supermarket_7edabad104e1dee3','seed_source_osm_supermarkets_ng_20260502','seeded');
INSERT OR IGNORE INTO seed_enrichment (id,seed_run_id,entity_type,entity_id,enrichment_type,enrichment_json) VALUES ('enr_s09_supermarket_7edabad104e1dee3','seed_run_s09_osm_supermarkets_20260502','organization','org_s09_supermarket_7edabad104e1dee3','licence_data','{"osm_id": "13047975255", "amenity": "supermarket", "addr_state": null, "operator": null, "brand": null}');

INSERT OR IGNORE INTO organizations (id,tenant_id,organization_type,legal_name,display_name,registration_number,status,verification_state,created_at,updated_at) VALUES ('org_s09_supermarket_f045cd7c141d8a21','tenant_platform_seed','retail_store','130 Surulere Rd, Oja Oba, Kwara, Nigeria','130 Surulere Rd, Oja Oba, Kwara, Nigeria',NULL,'active','seeded',unixepoch(),unixepoch());
INSERT OR IGNORE INTO profiles (id,subject_id,subject_type,primary_place_id,tenant_id,workspace_id,display_name,created_at,updated_at) VALUES ('prof_s09_supermarket_f045cd7c141d8a21','org_s09_supermarket_f045cd7c141d8a21','organization','place_nigeria_001','tenant_platform_seed','workspace_platform_seed_discovery','130 Surulere Rd, Oja Oba, Kwara, Nigeria',unixepoch(),unixepoch());
INSERT OR IGNORE INTO search_entries (id,profile_id,display_name,keywords,ancestry_path,vertical,created_at,updated_at) VALUES ('se_s09_supermarket_f045cd7c141d8a21','prof_s09_supermarket_f045cd7c141d8a21','130 Surulere Rd, Oja Oba, Kwara, Nigeria','130 surulere rd, oja oba, kwara, nigeria supermarket grocery store retail shopping nigeria','place_nigeria_001','commerce',unixepoch(),unixepoch());
INSERT OR IGNORE INTO seed_ingestion_records (id,seed_run_id,entity_type,entity_id,source_id,status) VALUES ('ir_s09_supermarket_f045cd7c141d8a21','seed_run_s09_osm_supermarkets_20260502','organization','org_s09_supermarket_f045cd7c141d8a21','seed_source_osm_supermarkets_ng_20260502','ingested');
INSERT OR IGNORE INTO seed_entity_sources (id,seed_run_id,entity_type,entity_id,source_id,confidence_tier) VALUES ('es_s09_supermarket_f045cd7c141d8a21','seed_run_s09_osm_supermarkets_20260502','organization','org_s09_supermarket_f045cd7c141d8a21','seed_source_osm_supermarkets_ng_20260502','seeded');
INSERT OR IGNORE INTO seed_enrichment (id,seed_run_id,entity_type,entity_id,enrichment_type,enrichment_json) VALUES ('enr_s09_supermarket_f045cd7c141d8a21','seed_run_s09_osm_supermarkets_20260502','organization','org_s09_supermarket_f045cd7c141d8a21','licence_data','{"osm_id": "13047975428", "amenity": "supermarket", "addr_state": null, "operator": null, "brand": null}');

INSERT OR IGNORE INTO organizations (id,tenant_id,organization_type,legal_name,display_name,registration_number,status,verification_state,created_at,updated_at) VALUES ('org_s09_supermarket_3462a811efc19fa9','tenant_platform_seed','retail_store','Edinwo Plaza Muritala, Ilorin, Kwara, Nigeria','Edinwo Plaza Muritala, Ilorin, Kwara, Nigeria',NULL,'active','seeded',unixepoch(),unixepoch());
INSERT OR IGNORE INTO profiles (id,subject_id,subject_type,primary_place_id,tenant_id,workspace_id,display_name,created_at,updated_at) VALUES ('prof_s09_supermarket_3462a811efc19fa9','org_s09_supermarket_3462a811efc19fa9','organization','place_nigeria_001','tenant_platform_seed','workspace_platform_seed_discovery','Edinwo Plaza Muritala, Ilorin, Kwara, Nigeria',unixepoch(),unixepoch());
INSERT OR IGNORE INTO search_entries (id,profile_id,display_name,keywords,ancestry_path,vertical,created_at,updated_at) VALUES ('se_s09_supermarket_3462a811efc19fa9','prof_s09_supermarket_3462a811efc19fa9','Edinwo Plaza Muritala, Ilorin, Kwara, Nigeria','edinwo plaza muritala, ilorin, kwara, nigeria supermarket grocery store retail shopping nigeria','place_nigeria_001','commerce',unixepoch(),unixepoch());
INSERT OR IGNORE INTO seed_ingestion_records (id,seed_run_id,entity_type,entity_id,source_id,status) VALUES ('ir_s09_supermarket_3462a811efc19fa9','seed_run_s09_osm_supermarkets_20260502','organization','org_s09_supermarket_3462a811efc19fa9','seed_source_osm_supermarkets_ng_20260502','ingested');
INSERT OR IGNORE INTO seed_entity_sources (id,seed_run_id,entity_type,entity_id,source_id,confidence_tier) VALUES ('es_s09_supermarket_3462a811efc19fa9','seed_run_s09_osm_supermarkets_20260502','organization','org_s09_supermarket_3462a811efc19fa9','seed_source_osm_supermarkets_ng_20260502','seeded');
INSERT OR IGNORE INTO seed_enrichment (id,seed_run_id,entity_type,entity_id,enrichment_type,enrichment_json) VALUES ('enr_s09_supermarket_3462a811efc19fa9','seed_run_s09_osm_supermarkets_20260502','organization','org_s09_supermarket_3462a811efc19fa9','licence_data','{"osm_id": "13048283387", "amenity": "school", "addr_state": null, "operator": null, "brand": null}');

INSERT OR IGNORE INTO organizations (id,tenant_id,organization_type,legal_name,display_name,registration_number,status,verification_state,created_at,updated_at) VALUES ('org_s09_supermarket_3a739eeed783d44c','tenant_platform_seed','retail_store','JSS junction gbagba ilorin, Oko Erin, Nigeria','JSS junction gbagba ilorin, Oko Erin, Nigeria',NULL,'active','seeded',unixepoch(),unixepoch());
INSERT OR IGNORE INTO profiles (id,subject_id,subject_type,primary_place_id,tenant_id,workspace_id,display_name,created_at,updated_at) VALUES ('prof_s09_supermarket_3a739eeed783d44c','org_s09_supermarket_3a739eeed783d44c','organization','place_nigeria_001','tenant_platform_seed','workspace_platform_seed_discovery','JSS junction gbagba ilorin, Oko Erin, Nigeria',unixepoch(),unixepoch());
INSERT OR IGNORE INTO search_entries (id,profile_id,display_name,keywords,ancestry_path,vertical,created_at,updated_at) VALUES ('se_s09_supermarket_3a739eeed783d44c','prof_s09_supermarket_3a739eeed783d44c','JSS junction gbagba ilorin, Oko Erin, Nigeria','jss junction gbagba ilorin, oko erin, nigeria supermarket grocery store retail shopping nigeria','place_nigeria_001','commerce',unixepoch(),unixepoch());
INSERT OR IGNORE INTO seed_ingestion_records (id,seed_run_id,entity_type,entity_id,source_id,status) VALUES ('ir_s09_supermarket_3a739eeed783d44c','seed_run_s09_osm_supermarkets_20260502','organization','org_s09_supermarket_3a739eeed783d44c','seed_source_osm_supermarkets_ng_20260502','ingested');
INSERT OR IGNORE INTO seed_entity_sources (id,seed_run_id,entity_type,entity_id,source_id,confidence_tier) VALUES ('es_s09_supermarket_3a739eeed783d44c','seed_run_s09_osm_supermarkets_20260502','organization','org_s09_supermarket_3a739eeed783d44c','seed_source_osm_supermarkets_ng_20260502','seeded');
INSERT OR IGNORE INTO seed_enrichment (id,seed_run_id,entity_type,entity_id,enrichment_type,enrichment_json) VALUES ('enr_s09_supermarket_3a739eeed783d44c','seed_run_s09_osm_supermarkets_20260502','organization','org_s09_supermarket_3a739eeed783d44c','licence_data','{"osm_id": "13048286666", "amenity": "mall", "addr_state": null, "operator": null, "brand": null}');

INSERT OR IGNORE INTO organizations (id,tenant_id,organization_type,legal_name,display_name,registration_number,status,verification_state,created_at,updated_at) VALUES ('org_s09_supermarket_756b7ef198916b83','tenant_platform_seed','retail_store','ITA AJIA Shopping Complex, Oko Erin, Nigeria','ITA AJIA Shopping Complex, Oko Erin, Nigeria',NULL,'active','seeded',unixepoch(),unixepoch());
INSERT OR IGNORE INTO profiles (id,subject_id,subject_type,primary_place_id,tenant_id,workspace_id,display_name,created_at,updated_at) VALUES ('prof_s09_supermarket_756b7ef198916b83','org_s09_supermarket_756b7ef198916b83','organization','place_nigeria_001','tenant_platform_seed','workspace_platform_seed_discovery','ITA AJIA Shopping Complex, Oko Erin, Nigeria',unixepoch(),unixepoch());
INSERT OR IGNORE INTO search_entries (id,profile_id,display_name,keywords,ancestry_path,vertical,created_at,updated_at) VALUES ('se_s09_supermarket_756b7ef198916b83','prof_s09_supermarket_756b7ef198916b83','ITA AJIA Shopping Complex, Oko Erin, Nigeria','ita ajia shopping complex, oko erin, nigeria supermarket grocery store retail shopping nigeria','place_nigeria_001','commerce',unixepoch(),unixepoch());
INSERT OR IGNORE INTO seed_ingestion_records (id,seed_run_id,entity_type,entity_id,source_id,status) VALUES ('ir_s09_supermarket_756b7ef198916b83','seed_run_s09_osm_supermarkets_20260502','organization','org_s09_supermarket_756b7ef198916b83','seed_source_osm_supermarkets_ng_20260502','ingested');
INSERT OR IGNORE INTO seed_entity_sources (id,seed_run_id,entity_type,entity_id,source_id,confidence_tier) VALUES ('es_s09_supermarket_756b7ef198916b83','seed_run_s09_osm_supermarkets_20260502','organization','org_s09_supermarket_756b7ef198916b83','seed_source_osm_supermarkets_ng_20260502','seeded');
INSERT OR IGNORE INTO seed_enrichment (id,seed_run_id,entity_type,entity_id,enrichment_type,enrichment_json) VALUES ('enr_s09_supermarket_756b7ef198916b83','seed_run_s09_osm_supermarkets_20260502','organization','org_s09_supermarket_756b7ef198916b83','licence_data','{"osm_id": "13048286674", "amenity": "mall", "addr_state": null, "operator": null, "brand": null}');

INSERT OR IGNORE INTO organizations (id,tenant_id,organization_type,legal_name,display_name,registration_number,status,verification_state,created_at,updated_at) VALUES ('org_s09_supermarket_4c471c23ef02d44f','tenant_platform_seed','retail_store','Femtech Electromall, Fate Road, Ilorin, Nigeria','Femtech Electromall, Fate Road, Ilorin, Nigeria',NULL,'active','seeded',unixepoch(),unixepoch());
INSERT OR IGNORE INTO profiles (id,subject_id,subject_type,primary_place_id,tenant_id,workspace_id,display_name,created_at,updated_at) VALUES ('prof_s09_supermarket_4c471c23ef02d44f','org_s09_supermarket_4c471c23ef02d44f','organization','place_nigeria_001','tenant_platform_seed','workspace_platform_seed_discovery','Femtech Electromall, Fate Road, Ilorin, Nigeria',unixepoch(),unixepoch());
INSERT OR IGNORE INTO search_entries (id,profile_id,display_name,keywords,ancestry_path,vertical,created_at,updated_at) VALUES ('se_s09_supermarket_4c471c23ef02d44f','prof_s09_supermarket_4c471c23ef02d44f','Femtech Electromall, Fate Road, Ilorin, Nigeria','femtech electromall, fate road, ilorin, nigeria supermarket grocery store retail shopping nigeria','place_nigeria_001','commerce',unixepoch(),unixepoch());
INSERT OR IGNORE INTO seed_ingestion_records (id,seed_run_id,entity_type,entity_id,source_id,status) VALUES ('ir_s09_supermarket_4c471c23ef02d44f','seed_run_s09_osm_supermarkets_20260502','organization','org_s09_supermarket_4c471c23ef02d44f','seed_source_osm_supermarkets_ng_20260502','ingested');
INSERT OR IGNORE INTO seed_entity_sources (id,seed_run_id,entity_type,entity_id,source_id,confidence_tier) VALUES ('es_s09_supermarket_4c471c23ef02d44f','seed_run_s09_osm_supermarkets_20260502','organization','org_s09_supermarket_4c471c23ef02d44f','seed_source_osm_supermarkets_ng_20260502','seeded');
INSERT OR IGNORE INTO seed_enrichment (id,seed_run_id,entity_type,entity_id,enrichment_type,enrichment_json) VALUES ('enr_s09_supermarket_4c471c23ef02d44f','seed_run_s09_osm_supermarkets_20260502','organization','org_s09_supermarket_4c471c23ef02d44f','licence_data','{"osm_id": "13048286709", "amenity": "mall", "addr_state": null, "operator": null, "brand": null}');

INSERT OR IGNORE INTO organizations (id,tenant_id,organization_type,legal_name,display_name,registration_number,status,verification_state,created_at,updated_at) VALUES ('org_s09_supermarket_a7d9b1457042b78e','tenant_platform_seed','retail_store','Fate Road, Oko Erin, Nigeria','Fate Road, Oko Erin, Nigeria',NULL,'active','seeded',unixepoch(),unixepoch());
INSERT OR IGNORE INTO profiles (id,subject_id,subject_type,primary_place_id,tenant_id,workspace_id,display_name,created_at,updated_at) VALUES ('prof_s09_supermarket_a7d9b1457042b78e','org_s09_supermarket_a7d9b1457042b78e','organization','place_nigeria_001','tenant_platform_seed','workspace_platform_seed_discovery','Fate Road, Oko Erin, Nigeria',unixepoch(),unixepoch());
INSERT OR IGNORE INTO search_entries (id,profile_id,display_name,keywords,ancestry_path,vertical,created_at,updated_at) VALUES ('se_s09_supermarket_a7d9b1457042b78e','prof_s09_supermarket_a7d9b1457042b78e','Fate Road, Oko Erin, Nigeria','fate road, oko erin, nigeria supermarket grocery store retail shopping nigeria','place_nigeria_001','commerce',unixepoch(),unixepoch());
INSERT OR IGNORE INTO seed_ingestion_records (id,seed_run_id,entity_type,entity_id,source_id,status) VALUES ('ir_s09_supermarket_a7d9b1457042b78e','seed_run_s09_osm_supermarkets_20260502','organization','org_s09_supermarket_a7d9b1457042b78e','seed_source_osm_supermarkets_ng_20260502','ingested');
INSERT OR IGNORE INTO seed_entity_sources (id,seed_run_id,entity_type,entity_id,source_id,confidence_tier) VALUES ('es_s09_supermarket_a7d9b1457042b78e','seed_run_s09_osm_supermarkets_20260502','organization','org_s09_supermarket_a7d9b1457042b78e','seed_source_osm_supermarkets_ng_20260502','seeded');
INSERT OR IGNORE INTO seed_enrichment (id,seed_run_id,entity_type,entity_id,enrichment_type,enrichment_json) VALUES ('enr_s09_supermarket_a7d9b1457042b78e','seed_run_s09_osm_supermarkets_20260502','organization','org_s09_supermarket_a7d9b1457042b78e','licence_data','{"osm_id": "13048286710", "amenity": "mall", "addr_state": null, "operator": null, "brand": null}');

INSERT OR IGNORE INTO organizations (id,tenant_id,organization_type,legal_name,display_name,registration_number,status,verification_state,created_at,updated_at) VALUES ('org_s09_supermarket_603b23c89b2033fe','tenant_platform_seed','retail_store','Emirate Mall Ilorin, Airforce base street, off Lagos-Ogbomosho road, Ilorin, Nigeria','Emirate Mall Ilorin, Airforce base street, off Lagos-Ogbomosho road, Ilorin, Nigeria',NULL,'active','seeded',unixepoch(),unixepoch());
INSERT OR IGNORE INTO profiles (id,subject_id,subject_type,primary_place_id,tenant_id,workspace_id,display_name,created_at,updated_at) VALUES ('prof_s09_supermarket_603b23c89b2033fe','org_s09_supermarket_603b23c89b2033fe','organization','place_nigeria_001','tenant_platform_seed','workspace_platform_seed_discovery','Emirate Mall Ilorin, Airforce base street, off Lagos-Ogbomosho road, Ilorin, Nigeria',unixepoch(),unixepoch());
INSERT OR IGNORE INTO search_entries (id,profile_id,display_name,keywords,ancestry_path,vertical,created_at,updated_at) VALUES ('se_s09_supermarket_603b23c89b2033fe','prof_s09_supermarket_603b23c89b2033fe','Emirate Mall Ilorin, Airforce base street, off Lagos-Ogbomosho road, Ilorin, Nigeria','emirate mall ilorin, airforce base street, off lagos-ogbomosho road, ilorin, nigeria supermarket grocery store retail shopping nigeria','place_nigeria_001','commerce',unixepoch(),unixepoch());
INSERT OR IGNORE INTO seed_ingestion_records (id,seed_run_id,entity_type,entity_id,source_id,status) VALUES ('ir_s09_supermarket_603b23c89b2033fe','seed_run_s09_osm_supermarkets_20260502','organization','org_s09_supermarket_603b23c89b2033fe','seed_source_osm_supermarkets_ng_20260502','ingested');
INSERT OR IGNORE INTO seed_entity_sources (id,seed_run_id,entity_type,entity_id,source_id,confidence_tier) VALUES ('es_s09_supermarket_603b23c89b2033fe','seed_run_s09_osm_supermarkets_20260502','organization','org_s09_supermarket_603b23c89b2033fe','seed_source_osm_supermarkets_ng_20260502','seeded');
INSERT OR IGNORE INTO seed_enrichment (id,seed_run_id,entity_type,entity_id,enrichment_type,enrichment_json) VALUES ('enr_s09_supermarket_603b23c89b2033fe','seed_run_s09_osm_supermarkets_20260502','organization','org_s09_supermarket_603b23c89b2033fe','licence_data','{"osm_id": "13048286713", "amenity": "mall", "addr_state": null, "operator": null, "brand": null}');

INSERT OR IGNORE INTO organizations (id,tenant_id,organization_type,legal_name,display_name,registration_number,status,verification_state,created_at,updated_at) VALUES ('org_s09_supermarket_21072c4140035a69','tenant_platform_seed','retail_store','Charis Shopping Complex, Post Office, Ilorin, Nigeria','Charis Shopping Complex, Post Office, Ilorin, Nigeria',NULL,'active','seeded',unixepoch(),unixepoch());
INSERT OR IGNORE INTO profiles (id,subject_id,subject_type,primary_place_id,tenant_id,workspace_id,display_name,created_at,updated_at) VALUES ('prof_s09_supermarket_21072c4140035a69','org_s09_supermarket_21072c4140035a69','organization','place_nigeria_001','tenant_platform_seed','workspace_platform_seed_discovery','Charis Shopping Complex, Post Office, Ilorin, Nigeria',unixepoch(),unixepoch());
INSERT OR IGNORE INTO search_entries (id,profile_id,display_name,keywords,ancestry_path,vertical,created_at,updated_at) VALUES ('se_s09_supermarket_21072c4140035a69','prof_s09_supermarket_21072c4140035a69','Charis Shopping Complex, Post Office, Ilorin, Nigeria','charis shopping complex, post office, ilorin, nigeria supermarket grocery store retail shopping nigeria','place_nigeria_001','commerce',unixepoch(),unixepoch());
INSERT OR IGNORE INTO seed_ingestion_records (id,seed_run_id,entity_type,entity_id,source_id,status) VALUES ('ir_s09_supermarket_21072c4140035a69','seed_run_s09_osm_supermarkets_20260502','organization','org_s09_supermarket_21072c4140035a69','seed_source_osm_supermarkets_ng_20260502','ingested');
INSERT OR IGNORE INTO seed_entity_sources (id,seed_run_id,entity_type,entity_id,source_id,confidence_tier) VALUES ('es_s09_supermarket_21072c4140035a69','seed_run_s09_osm_supermarkets_20260502','organization','org_s09_supermarket_21072c4140035a69','seed_source_osm_supermarkets_ng_20260502','seeded');
INSERT OR IGNORE INTO seed_enrichment (id,seed_run_id,entity_type,entity_id,enrichment_type,enrichment_json) VALUES ('enr_s09_supermarket_21072c4140035a69','seed_run_s09_osm_supermarkets_20260502','organization','org_s09_supermarket_21072c4140035a69','licence_data','{"osm_id": "13048286735", "amenity": "mall", "addr_state": null, "operator": null, "brand": null}');

INSERT OR IGNORE INTO organizations (id,tenant_id,organization_type,legal_name,display_name,registration_number,status,verification_state,created_at,updated_at) VALUES ('org_s09_supermarket_8be7073239703385','tenant_platform_seed','retail_store','Ace Supermarket, Unity Road, Ilorin, Nigeria','Ace Supermarket, Unity Road, Ilorin, Nigeria',NULL,'active','seeded',unixepoch(),unixepoch());
INSERT OR IGNORE INTO profiles (id,subject_id,subject_type,primary_place_id,tenant_id,workspace_id,display_name,created_at,updated_at) VALUES ('prof_s09_supermarket_8be7073239703385','org_s09_supermarket_8be7073239703385','organization','place_nigeria_001','tenant_platform_seed','workspace_platform_seed_discovery','Ace Supermarket, Unity Road, Ilorin, Nigeria',unixepoch(),unixepoch());
INSERT OR IGNORE INTO search_entries (id,profile_id,display_name,keywords,ancestry_path,vertical,created_at,updated_at) VALUES ('se_s09_supermarket_8be7073239703385','prof_s09_supermarket_8be7073239703385','Ace Supermarket, Unity Road, Ilorin, Nigeria','ace supermarket, unity road, ilorin, nigeria supermarket grocery store retail shopping nigeria','place_nigeria_001','commerce',unixepoch(),unixepoch());
INSERT OR IGNORE INTO seed_ingestion_records (id,seed_run_id,entity_type,entity_id,source_id,status) VALUES ('ir_s09_supermarket_8be7073239703385','seed_run_s09_osm_supermarkets_20260502','organization','org_s09_supermarket_8be7073239703385','seed_source_osm_supermarkets_ng_20260502','ingested');
INSERT OR IGNORE INTO seed_entity_sources (id,seed_run_id,entity_type,entity_id,source_id,confidence_tier) VALUES ('es_s09_supermarket_8be7073239703385','seed_run_s09_osm_supermarkets_20260502','organization','org_s09_supermarket_8be7073239703385','seed_source_osm_supermarkets_ng_20260502','seeded');
INSERT OR IGNORE INTO seed_enrichment (id,seed_run_id,entity_type,entity_id,enrichment_type,enrichment_json) VALUES ('enr_s09_supermarket_8be7073239703385','seed_run_s09_osm_supermarkets_20260502','organization','org_s09_supermarket_8be7073239703385','licence_data','{"osm_id": "13048286777", "amenity": "supermarket", "addr_state": null, "operator": null, "brand": null}');

INSERT OR IGNORE INTO organizations (id,tenant_id,organization_type,legal_name,display_name,registration_number,status,verification_state,created_at,updated_at) VALUES ('org_s09_supermarket_13da431309b13690','tenant_platform_seed','retail_store','Nd Super-Market. Adewole, Ilorin','Nd Super-Market. Adewole, Ilorin',NULL,'active','seeded',unixepoch(),unixepoch());
INSERT OR IGNORE INTO profiles (id,subject_id,subject_type,primary_place_id,tenant_id,workspace_id,display_name,created_at,updated_at) VALUES ('prof_s09_supermarket_13da431309b13690','org_s09_supermarket_13da431309b13690','organization','place_nigeria_001','tenant_platform_seed','workspace_platform_seed_discovery','Nd Super-Market. Adewole, Ilorin',unixepoch(),unixepoch());
INSERT OR IGNORE INTO search_entries (id,profile_id,display_name,keywords,ancestry_path,vertical,created_at,updated_at) VALUES ('se_s09_supermarket_13da431309b13690','prof_s09_supermarket_13da431309b13690','Nd Super-Market. Adewole, Ilorin','nd super-market. adewole, ilorin supermarket grocery store retail shopping nigeria','place_nigeria_001','commerce',unixepoch(),unixepoch());
INSERT OR IGNORE INTO seed_ingestion_records (id,seed_run_id,entity_type,entity_id,source_id,status) VALUES ('ir_s09_supermarket_13da431309b13690','seed_run_s09_osm_supermarkets_20260502','organization','org_s09_supermarket_13da431309b13690','seed_source_osm_supermarkets_ng_20260502','ingested');
INSERT OR IGNORE INTO seed_entity_sources (id,seed_run_id,entity_type,entity_id,source_id,confidence_tier) VALUES ('es_s09_supermarket_13da431309b13690','seed_run_s09_osm_supermarkets_20260502','organization','org_s09_supermarket_13da431309b13690','seed_source_osm_supermarkets_ng_20260502','seeded');
INSERT OR IGNORE INTO seed_enrichment (id,seed_run_id,entity_type,entity_id,enrichment_type,enrichment_json) VALUES ('enr_s09_supermarket_13da431309b13690','seed_run_s09_osm_supermarkets_20260502','organization','org_s09_supermarket_13da431309b13690','licence_data','{"osm_id": "13062065151", "amenity": "supermarket", "addr_state": null, "operator": null, "brand": null}');

INSERT OR IGNORE INTO organizations (id,tenant_id,organization_type,legal_name,display_name,registration_number,status,verification_state,created_at,updated_at) VALUES ('org_s09_supermarket_f1853a24ad5b29a7','tenant_platform_seed','retail_store','Shoprite Mall','Shoprite Mall',NULL,'active','seeded',unixepoch(),unixepoch());
INSERT OR IGNORE INTO profiles (id,subject_id,subject_type,primary_place_id,tenant_id,workspace_id,display_name,created_at,updated_at) VALUES ('prof_s09_supermarket_f1853a24ad5b29a7','org_s09_supermarket_f1853a24ad5b29a7','organization','place_nigeria_001','tenant_platform_seed','workspace_platform_seed_discovery','Shoprite Mall',unixepoch(),unixepoch());
INSERT OR IGNORE INTO search_entries (id,profile_id,display_name,keywords,ancestry_path,vertical,created_at,updated_at) VALUES ('se_s09_supermarket_f1853a24ad5b29a7','prof_s09_supermarket_f1853a24ad5b29a7','Shoprite Mall','shoprite mall supermarket grocery store retail shopping nigeria','place_nigeria_001','commerce',unixepoch(),unixepoch());
INSERT OR IGNORE INTO seed_ingestion_records (id,seed_run_id,entity_type,entity_id,source_id,status) VALUES ('ir_s09_supermarket_f1853a24ad5b29a7','seed_run_s09_osm_supermarkets_20260502','organization','org_s09_supermarket_f1853a24ad5b29a7','seed_source_osm_supermarkets_ng_20260502','ingested');
INSERT OR IGNORE INTO seed_entity_sources (id,seed_run_id,entity_type,entity_id,source_id,confidence_tier) VALUES ('es_s09_supermarket_f1853a24ad5b29a7','seed_run_s09_osm_supermarkets_20260502','organization','org_s09_supermarket_f1853a24ad5b29a7','seed_source_osm_supermarkets_ng_20260502','seeded');
INSERT OR IGNORE INTO seed_enrichment (id,seed_run_id,entity_type,entity_id,enrichment_type,enrichment_json) VALUES ('enr_s09_supermarket_f1853a24ad5b29a7','seed_run_s09_osm_supermarkets_20260502','organization','org_s09_supermarket_f1853a24ad5b29a7','licence_data','{"osm_id": "13171397012", "amenity": "mall", "addr_state": null, "operator": null, "brand": null}');

INSERT OR IGNORE INTO organizations (id,tenant_id,organization_type,legal_name,display_name,registration_number,status,verification_state,created_at,updated_at) VALUES ('org_s09_supermarket_3f6148d31060479f','tenant_platform_seed','retail_store','Destiny Supermarket','Destiny Supermarket',NULL,'active','seeded',unixepoch(),unixepoch());
INSERT OR IGNORE INTO profiles (id,subject_id,subject_type,primary_place_id,tenant_id,workspace_id,display_name,created_at,updated_at) VALUES ('prof_s09_supermarket_3f6148d31060479f','org_s09_supermarket_3f6148d31060479f','organization','place_nigeria_001','tenant_platform_seed','workspace_platform_seed_discovery','Destiny Supermarket',unixepoch(),unixepoch());
INSERT OR IGNORE INTO search_entries (id,profile_id,display_name,keywords,ancestry_path,vertical,created_at,updated_at) VALUES ('se_s09_supermarket_3f6148d31060479f','prof_s09_supermarket_3f6148d31060479f','Destiny Supermarket','destiny supermarket supermarket grocery store retail shopping nigeria','place_nigeria_001','commerce',unixepoch(),unixepoch());
INSERT OR IGNORE INTO seed_ingestion_records (id,seed_run_id,entity_type,entity_id,source_id,status) VALUES ('ir_s09_supermarket_3f6148d31060479f','seed_run_s09_osm_supermarkets_20260502','organization','org_s09_supermarket_3f6148d31060479f','seed_source_osm_supermarkets_ng_20260502','ingested');
INSERT OR IGNORE INTO seed_entity_sources (id,seed_run_id,entity_type,entity_id,source_id,confidence_tier) VALUES ('es_s09_supermarket_3f6148d31060479f','seed_run_s09_osm_supermarkets_20260502','organization','org_s09_supermarket_3f6148d31060479f','seed_source_osm_supermarkets_ng_20260502','seeded');
INSERT OR IGNORE INTO seed_enrichment (id,seed_run_id,entity_type,entity_id,enrichment_type,enrichment_json) VALUES ('enr_s09_supermarket_3f6148d31060479f','seed_run_s09_osm_supermarkets_20260502','organization','org_s09_supermarket_3f6148d31060479f','licence_data','{"osm_id": "13432551145", "amenity": "supermarket", "addr_state": null, "operator": null, "brand": null}');

INSERT OR IGNORE INTO organizations (id,tenant_id,organization_type,legal_name,display_name,registration_number,status,verification_state,created_at,updated_at) VALUES ('org_s09_supermarket_efff385985837f3c','tenant_platform_seed','retail_store','Greenwich Supermarket','Greenwich Supermarket',NULL,'active','seeded',unixepoch(),unixepoch());
INSERT OR IGNORE INTO profiles (id,subject_id,subject_type,primary_place_id,tenant_id,workspace_id,display_name,created_at,updated_at) VALUES ('prof_s09_supermarket_efff385985837f3c','org_s09_supermarket_efff385985837f3c','organization','place_nigeria_001','tenant_platform_seed','workspace_platform_seed_discovery','Greenwich Supermarket',unixepoch(),unixepoch());
INSERT OR IGNORE INTO search_entries (id,profile_id,display_name,keywords,ancestry_path,vertical,created_at,updated_at) VALUES ('se_s09_supermarket_efff385985837f3c','prof_s09_supermarket_efff385985837f3c','Greenwich Supermarket','greenwich supermarket supermarket grocery store retail shopping nigeria','place_nigeria_001','commerce',unixepoch(),unixepoch());
INSERT OR IGNORE INTO seed_ingestion_records (id,seed_run_id,entity_type,entity_id,source_id,status) VALUES ('ir_s09_supermarket_efff385985837f3c','seed_run_s09_osm_supermarkets_20260502','organization','org_s09_supermarket_efff385985837f3c','seed_source_osm_supermarkets_ng_20260502','ingested');
INSERT OR IGNORE INTO seed_entity_sources (id,seed_run_id,entity_type,entity_id,source_id,confidence_tier) VALUES ('es_s09_supermarket_efff385985837f3c','seed_run_s09_osm_supermarkets_20260502','organization','org_s09_supermarket_efff385985837f3c','seed_source_osm_supermarkets_ng_20260502','seeded');
INSERT OR IGNORE INTO seed_enrichment (id,seed_run_id,entity_type,entity_id,enrichment_type,enrichment_json) VALUES ('enr_s09_supermarket_efff385985837f3c','seed_run_s09_osm_supermarkets_20260502','organization','org_s09_supermarket_efff385985837f3c','licence_data','{"osm_id": "13442806419", "amenity": "supermarket", "addr_state": null, "operator": null, "brand": null}');

INSERT OR IGNORE INTO organizations (id,tenant_id,organization_type,legal_name,display_name,registration_number,status,verification_state,created_at,updated_at) VALUES ('org_s09_supermarket_a0e4fa5b48f6c9bb','tenant_platform_seed','retail_store','Osawaru Mega Plaza','Osawaru Mega Plaza',NULL,'active','seeded',unixepoch(),unixepoch());
INSERT OR IGNORE INTO profiles (id,subject_id,subject_type,primary_place_id,tenant_id,workspace_id,display_name,created_at,updated_at) VALUES ('prof_s09_supermarket_a0e4fa5b48f6c9bb','org_s09_supermarket_a0e4fa5b48f6c9bb','organization','place_nigeria_001','tenant_platform_seed','workspace_platform_seed_discovery','Osawaru Mega Plaza',unixepoch(),unixepoch());
INSERT OR IGNORE INTO search_entries (id,profile_id,display_name,keywords,ancestry_path,vertical,created_at,updated_at) VALUES ('se_s09_supermarket_a0e4fa5b48f6c9bb','prof_s09_supermarket_a0e4fa5b48f6c9bb','Osawaru Mega Plaza','osawaru mega plaza supermarket grocery store retail shopping nigeria','place_nigeria_001','commerce',unixepoch(),unixepoch());
INSERT OR IGNORE INTO seed_ingestion_records (id,seed_run_id,entity_type,entity_id,source_id,status) VALUES ('ir_s09_supermarket_a0e4fa5b48f6c9bb','seed_run_s09_osm_supermarkets_20260502','organization','org_s09_supermarket_a0e4fa5b48f6c9bb','seed_source_osm_supermarkets_ng_20260502','ingested');
INSERT OR IGNORE INTO seed_entity_sources (id,seed_run_id,entity_type,entity_id,source_id,confidence_tier) VALUES ('es_s09_supermarket_a0e4fa5b48f6c9bb','seed_run_s09_osm_supermarkets_20260502','organization','org_s09_supermarket_a0e4fa5b48f6c9bb','seed_source_osm_supermarkets_ng_20260502','seeded');
INSERT OR IGNORE INTO seed_enrichment (id,seed_run_id,entity_type,entity_id,enrichment_type,enrichment_json) VALUES ('enr_s09_supermarket_a0e4fa5b48f6c9bb','seed_run_s09_osm_supermarkets_20260502','organization','org_s09_supermarket_a0e4fa5b48f6c9bb','licence_data','{"osm_id": "44618871", "amenity": "mall", "addr_state": null, "operator": null, "brand": null}');

INSERT OR IGNORE INTO organizations (id,tenant_id,organization_type,legal_name,display_name,registration_number,status,verification_state,created_at,updated_at) VALUES ('org_s09_supermarket_a51583f2e3339cff','tenant_platform_seed','retail_store','Uwa Shopping Plaza','Uwa Shopping Plaza',NULL,'active','seeded',unixepoch(),unixepoch());
INSERT OR IGNORE INTO profiles (id,subject_id,subject_type,primary_place_id,tenant_id,workspace_id,display_name,created_at,updated_at) VALUES ('prof_s09_supermarket_a51583f2e3339cff','org_s09_supermarket_a51583f2e3339cff','organization','place_nigeria_001','tenant_platform_seed','workspace_platform_seed_discovery','Uwa Shopping Plaza',unixepoch(),unixepoch());
INSERT OR IGNORE INTO search_entries (id,profile_id,display_name,keywords,ancestry_path,vertical,created_at,updated_at) VALUES ('se_s09_supermarket_a51583f2e3339cff','prof_s09_supermarket_a51583f2e3339cff','Uwa Shopping Plaza','uwa shopping plaza supermarket grocery store retail shopping nigeria','place_nigeria_001','commerce',unixepoch(),unixepoch());
INSERT OR IGNORE INTO seed_ingestion_records (id,seed_run_id,entity_type,entity_id,source_id,status) VALUES ('ir_s09_supermarket_a51583f2e3339cff','seed_run_s09_osm_supermarkets_20260502','organization','org_s09_supermarket_a51583f2e3339cff','seed_source_osm_supermarkets_ng_20260502','ingested');
INSERT OR IGNORE INTO seed_entity_sources (id,seed_run_id,entity_type,entity_id,source_id,confidence_tier) VALUES ('es_s09_supermarket_a51583f2e3339cff','seed_run_s09_osm_supermarkets_20260502','organization','org_s09_supermarket_a51583f2e3339cff','seed_source_osm_supermarkets_ng_20260502','seeded');
INSERT OR IGNORE INTO seed_enrichment (id,seed_run_id,entity_type,entity_id,enrichment_type,enrichment_json) VALUES ('enr_s09_supermarket_a51583f2e3339cff','seed_run_s09_osm_supermarkets_20260502','organization','org_s09_supermarket_a51583f2e3339cff','licence_data','{"osm_id": "44923972", "amenity": "mall", "addr_state": null, "operator": null, "brand": null}');

INSERT OR IGNORE INTO organizations (id,tenant_id,organization_type,legal_name,display_name,registration_number,status,verification_state,created_at,updated_at) VALUES ('org_s09_supermarket_cceb9476278498d1','tenant_platform_seed','retail_store','Crown Supermarket','Crown Supermarket',NULL,'active','seeded',unixepoch(),unixepoch());
INSERT OR IGNORE INTO profiles (id,subject_id,subject_type,primary_place_id,tenant_id,workspace_id,display_name,created_at,updated_at) VALUES ('prof_s09_supermarket_cceb9476278498d1','org_s09_supermarket_cceb9476278498d1','organization','place_nigeria_001','tenant_platform_seed','workspace_platform_seed_discovery','Crown Supermarket',unixepoch(),unixepoch());
INSERT OR IGNORE INTO search_entries (id,profile_id,display_name,keywords,ancestry_path,vertical,created_at,updated_at) VALUES ('se_s09_supermarket_cceb9476278498d1','prof_s09_supermarket_cceb9476278498d1','Crown Supermarket','crown supermarket supermarket grocery store retail shopping nigeria','place_nigeria_001','commerce',unixepoch(),unixepoch());
INSERT OR IGNORE INTO seed_ingestion_records (id,seed_run_id,entity_type,entity_id,source_id,status) VALUES ('ir_s09_supermarket_cceb9476278498d1','seed_run_s09_osm_supermarkets_20260502','organization','org_s09_supermarket_cceb9476278498d1','seed_source_osm_supermarkets_ng_20260502','ingested');
INSERT OR IGNORE INTO seed_entity_sources (id,seed_run_id,entity_type,entity_id,source_id,confidence_tier) VALUES ('es_s09_supermarket_cceb9476278498d1','seed_run_s09_osm_supermarkets_20260502','organization','org_s09_supermarket_cceb9476278498d1','seed_source_osm_supermarkets_ng_20260502','seeded');
INSERT OR IGNORE INTO seed_enrichment (id,seed_run_id,entity_type,entity_id,enrichment_type,enrichment_json) VALUES ('enr_s09_supermarket_cceb9476278498d1','seed_run_s09_osm_supermarkets_20260502','organization','org_s09_supermarket_cceb9476278498d1','licence_data','{"osm_id": "47145059", "amenity": "supermarket", "addr_state": null, "operator": null, "brand": null}');

INSERT OR IGNORE INTO organizations (id,tenant_id,organization_type,legal_name,display_name,registration_number,status,verification_state,created_at,updated_at) VALUES ('org_s09_supermarket_4ddec5f4e3f0d98c','tenant_platform_seed','retail_store','Shopping Mall (Phone village)','Shopping Mall (Phone village)',NULL,'active','seeded',unixepoch(),unixepoch());
INSERT OR IGNORE INTO profiles (id,subject_id,subject_type,primary_place_id,tenant_id,workspace_id,display_name,created_at,updated_at) VALUES ('prof_s09_supermarket_4ddec5f4e3f0d98c','org_s09_supermarket_4ddec5f4e3f0d98c','organization','place_nigeria_001','tenant_platform_seed','workspace_platform_seed_discovery','Shopping Mall (Phone village)',unixepoch(),unixepoch());
INSERT OR IGNORE INTO search_entries (id,profile_id,display_name,keywords,ancestry_path,vertical,created_at,updated_at) VALUES ('se_s09_supermarket_4ddec5f4e3f0d98c','prof_s09_supermarket_4ddec5f4e3f0d98c','Shopping Mall (Phone village)','shopping mall (phone village) supermarket grocery store retail shopping nigeria','place_nigeria_001','commerce',unixepoch(),unixepoch());
INSERT OR IGNORE INTO seed_ingestion_records (id,seed_run_id,entity_type,entity_id,source_id,status) VALUES ('ir_s09_supermarket_4ddec5f4e3f0d98c','seed_run_s09_osm_supermarkets_20260502','organization','org_s09_supermarket_4ddec5f4e3f0d98c','seed_source_osm_supermarkets_ng_20260502','ingested');
INSERT OR IGNORE INTO seed_entity_sources (id,seed_run_id,entity_type,entity_id,source_id,confidence_tier) VALUES ('es_s09_supermarket_4ddec5f4e3f0d98c','seed_run_s09_osm_supermarkets_20260502','organization','org_s09_supermarket_4ddec5f4e3f0d98c','seed_source_osm_supermarkets_ng_20260502','seeded');
INSERT OR IGNORE INTO seed_enrichment (id,seed_run_id,entity_type,entity_id,enrichment_type,enrichment_json) VALUES ('enr_s09_supermarket_4ddec5f4e3f0d98c','seed_run_s09_osm_supermarkets_20260502','organization','org_s09_supermarket_4ddec5f4e3f0d98c','licence_data','{"osm_id": "84172448", "amenity": "mall", "addr_state": null, "operator": null, "brand": null}');

INSERT OR IGNORE INTO organizations (id,tenant_id,organization_type,legal_name,display_name,registration_number,status,verification_state,created_at,updated_at) VALUES ('org_s09_supermarket_4b4eb3ad76246813','tenant_platform_seed','retail_store','Shopping Mall','Shopping Mall',NULL,'active','seeded',unixepoch(),unixepoch());
INSERT OR IGNORE INTO profiles (id,subject_id,subject_type,primary_place_id,tenant_id,workspace_id,display_name,created_at,updated_at) VALUES ('prof_s09_supermarket_4b4eb3ad76246813','org_s09_supermarket_4b4eb3ad76246813','organization','place_nigeria_001','tenant_platform_seed','workspace_platform_seed_discovery','Shopping Mall',unixepoch(),unixepoch());
INSERT OR IGNORE INTO search_entries (id,profile_id,display_name,keywords,ancestry_path,vertical,created_at,updated_at) VALUES ('se_s09_supermarket_4b4eb3ad76246813','prof_s09_supermarket_4b4eb3ad76246813','Shopping Mall','shopping mall supermarket grocery store retail shopping nigeria','place_nigeria_001','commerce',unixepoch(),unixepoch());
INSERT OR IGNORE INTO seed_ingestion_records (id,seed_run_id,entity_type,entity_id,source_id,status) VALUES ('ir_s09_supermarket_4b4eb3ad76246813','seed_run_s09_osm_supermarkets_20260502','organization','org_s09_supermarket_4b4eb3ad76246813','seed_source_osm_supermarkets_ng_20260502','ingested');
INSERT OR IGNORE INTO seed_entity_sources (id,seed_run_id,entity_type,entity_id,source_id,confidence_tier) VALUES ('es_s09_supermarket_4b4eb3ad76246813','seed_run_s09_osm_supermarkets_20260502','organization','org_s09_supermarket_4b4eb3ad76246813','seed_source_osm_supermarkets_ng_20260502','seeded');
INSERT OR IGNORE INTO seed_enrichment (id,seed_run_id,entity_type,entity_id,enrichment_type,enrichment_json) VALUES ('enr_s09_supermarket_4b4eb3ad76246813','seed_run_s09_osm_supermarkets_20260502','organization','org_s09_supermarket_4b4eb3ad76246813','licence_data','{"osm_id": "84396569", "amenity": "mall", "addr_state": null, "operator": null, "brand": null}');

INSERT OR IGNORE INTO organizations (id,tenant_id,organization_type,legal_name,display_name,registration_number,status,verification_state,created_at,updated_at) VALUES ('org_s09_supermarket_549862b819a56280','tenant_platform_seed','retail_store','Osasco Shopping Mall','Osasco Shopping Mall',NULL,'active','seeded',unixepoch(),unixepoch());
INSERT OR IGNORE INTO profiles (id,subject_id,subject_type,primary_place_id,tenant_id,workspace_id,display_name,created_at,updated_at) VALUES ('prof_s09_supermarket_549862b819a56280','org_s09_supermarket_549862b819a56280','organization','place_nigeria_001','tenant_platform_seed','workspace_platform_seed_discovery','Osasco Shopping Mall',unixepoch(),unixepoch());
INSERT OR IGNORE INTO search_entries (id,profile_id,display_name,keywords,ancestry_path,vertical,created_at,updated_at) VALUES ('se_s09_supermarket_549862b819a56280','prof_s09_supermarket_549862b819a56280','Osasco Shopping Mall','osasco shopping mall supermarket grocery store retail shopping nigeria','place_nigeria_001','commerce',unixepoch(),unixepoch());
INSERT OR IGNORE INTO seed_ingestion_records (id,seed_run_id,entity_type,entity_id,source_id,status) VALUES ('ir_s09_supermarket_549862b819a56280','seed_run_s09_osm_supermarkets_20260502','organization','org_s09_supermarket_549862b819a56280','seed_source_osm_supermarkets_ng_20260502','ingested');
INSERT OR IGNORE INTO seed_entity_sources (id,seed_run_id,entity_type,entity_id,source_id,confidence_tier) VALUES ('es_s09_supermarket_549862b819a56280','seed_run_s09_osm_supermarkets_20260502','organization','org_s09_supermarket_549862b819a56280','seed_source_osm_supermarkets_ng_20260502','seeded');
INSERT OR IGNORE INTO seed_enrichment (id,seed_run_id,entity_type,entity_id,enrichment_type,enrichment_json) VALUES ('enr_s09_supermarket_549862b819a56280','seed_run_s09_osm_supermarkets_20260502','organization','org_s09_supermarket_549862b819a56280','licence_data','{"osm_id": "84396951", "amenity": "mall", "addr_state": null, "operator": null, "brand": null}');

INSERT OR IGNORE INTO organizations (id,tenant_id,organization_type,legal_name,display_name,registration_number,status,verification_state,created_at,updated_at) VALUES ('org_s09_supermarket_67235409eeeba10e','tenant_platform_seed','retail_store','Shopping Mall','Shopping Mall',NULL,'active','seeded',unixepoch(),unixepoch());
INSERT OR IGNORE INTO profiles (id,subject_id,subject_type,primary_place_id,tenant_id,workspace_id,display_name,created_at,updated_at) VALUES ('prof_s09_supermarket_67235409eeeba10e','org_s09_supermarket_67235409eeeba10e','organization','place_nigeria_001','tenant_platform_seed','workspace_platform_seed_discovery','Shopping Mall',unixepoch(),unixepoch());
INSERT OR IGNORE INTO search_entries (id,profile_id,display_name,keywords,ancestry_path,vertical,created_at,updated_at) VALUES ('se_s09_supermarket_67235409eeeba10e','prof_s09_supermarket_67235409eeeba10e','Shopping Mall','shopping mall supermarket grocery store retail shopping nigeria','place_nigeria_001','commerce',unixepoch(),unixepoch());
INSERT OR IGNORE INTO seed_ingestion_records (id,seed_run_id,entity_type,entity_id,source_id,status) VALUES ('ir_s09_supermarket_67235409eeeba10e','seed_run_s09_osm_supermarkets_20260502','organization','org_s09_supermarket_67235409eeeba10e','seed_source_osm_supermarkets_ng_20260502','ingested');
INSERT OR IGNORE INTO seed_entity_sources (id,seed_run_id,entity_type,entity_id,source_id,confidence_tier) VALUES ('es_s09_supermarket_67235409eeeba10e','seed_run_s09_osm_supermarkets_20260502','organization','org_s09_supermarket_67235409eeeba10e','seed_source_osm_supermarkets_ng_20260502','seeded');
INSERT OR IGNORE INTO seed_enrichment (id,seed_run_id,entity_type,entity_id,enrichment_type,enrichment_json) VALUES ('enr_s09_supermarket_67235409eeeba10e','seed_run_s09_osm_supermarkets_20260502','organization','org_s09_supermarket_67235409eeeba10e','licence_data','{"osm_id": "84463429", "amenity": "mall", "addr_state": null, "operator": null, "brand": null}');

INSERT OR IGNORE INTO organizations (id,tenant_id,organization_type,legal_name,display_name,registration_number,status,verification_state,created_at,updated_at) VALUES ('org_s09_supermarket_528c66b86bab4762','tenant_platform_seed','retail_store','Abi Shopping Mall','Abi Shopping Mall',NULL,'active','seeded',unixepoch(),unixepoch());
INSERT OR IGNORE INTO profiles (id,subject_id,subject_type,primary_place_id,tenant_id,workspace_id,display_name,created_at,updated_at) VALUES ('prof_s09_supermarket_528c66b86bab4762','org_s09_supermarket_528c66b86bab4762','organization','place_nigeria_001','tenant_platform_seed','workspace_platform_seed_discovery','Abi Shopping Mall',unixepoch(),unixepoch());
INSERT OR IGNORE INTO search_entries (id,profile_id,display_name,keywords,ancestry_path,vertical,created_at,updated_at) VALUES ('se_s09_supermarket_528c66b86bab4762','prof_s09_supermarket_528c66b86bab4762','Abi Shopping Mall','abi shopping mall supermarket grocery store retail shopping nigeria','place_nigeria_001','commerce',unixepoch(),unixepoch());
INSERT OR IGNORE INTO seed_ingestion_records (id,seed_run_id,entity_type,entity_id,source_id,status) VALUES ('ir_s09_supermarket_528c66b86bab4762','seed_run_s09_osm_supermarkets_20260502','organization','org_s09_supermarket_528c66b86bab4762','seed_source_osm_supermarkets_ng_20260502','ingested');
INSERT OR IGNORE INTO seed_entity_sources (id,seed_run_id,entity_type,entity_id,source_id,confidence_tier) VALUES ('es_s09_supermarket_528c66b86bab4762','seed_run_s09_osm_supermarkets_20260502','organization','org_s09_supermarket_528c66b86bab4762','seed_source_osm_supermarkets_ng_20260502','seeded');
INSERT OR IGNORE INTO seed_enrichment (id,seed_run_id,entity_type,entity_id,enrichment_type,enrichment_json) VALUES ('enr_s09_supermarket_528c66b86bab4762','seed_run_s09_osm_supermarkets_20260502','organization','org_s09_supermarket_528c66b86bab4762','licence_data','{"osm_id": "85516038", "amenity": "mall", "addr_state": null, "operator": null, "brand": null}');

INSERT OR IGNORE INTO organizations (id,tenant_id,organization_type,legal_name,display_name,registration_number,status,verification_state,created_at,updated_at) VALUES ('org_s09_supermarket_7205f442dec3194e','tenant_platform_seed','retail_store','Sherryville','Sherryville',NULL,'active','seeded',unixepoch(),unixepoch());
INSERT OR IGNORE INTO profiles (id,subject_id,subject_type,primary_place_id,tenant_id,workspace_id,display_name,created_at,updated_at) VALUES ('prof_s09_supermarket_7205f442dec3194e','org_s09_supermarket_7205f442dec3194e','organization','place_nigeria_001','tenant_platform_seed','workspace_platform_seed_discovery','Sherryville',unixepoch(),unixepoch());
INSERT OR IGNORE INTO search_entries (id,profile_id,display_name,keywords,ancestry_path,vertical,created_at,updated_at) VALUES ('se_s09_supermarket_7205f442dec3194e','prof_s09_supermarket_7205f442dec3194e','Sherryville','sherryville supermarket grocery store retail shopping nigeria','place_nigeria_001','commerce',unixepoch(),unixepoch());
INSERT OR IGNORE INTO seed_ingestion_records (id,seed_run_id,entity_type,entity_id,source_id,status) VALUES ('ir_s09_supermarket_7205f442dec3194e','seed_run_s09_osm_supermarkets_20260502','organization','org_s09_supermarket_7205f442dec3194e','seed_source_osm_supermarkets_ng_20260502','ingested');
INSERT OR IGNORE INTO seed_entity_sources (id,seed_run_id,entity_type,entity_id,source_id,confidence_tier) VALUES ('es_s09_supermarket_7205f442dec3194e','seed_run_s09_osm_supermarkets_20260502','organization','org_s09_supermarket_7205f442dec3194e','seed_source_osm_supermarkets_ng_20260502','seeded');
INSERT OR IGNORE INTO seed_enrichment (id,seed_run_id,entity_type,entity_id,enrichment_type,enrichment_json) VALUES ('enr_s09_supermarket_7205f442dec3194e','seed_run_s09_osm_supermarkets_20260502','organization','org_s09_supermarket_7205f442dec3194e','licence_data','{"osm_id": "131672299", "amenity": "mall", "addr_state": null, "operator": null, "brand": null}');

INSERT OR IGNORE INTO organizations (id,tenant_id,organization_type,legal_name,display_name,registration_number,status,verification_state,created_at,updated_at) VALUES ('org_s09_supermarket_070f1ed4efb14ee5','tenant_platform_seed','retail_store','Shoprite','Shoprite',NULL,'active','seeded',unixepoch(),unixepoch());
INSERT OR IGNORE INTO profiles (id,subject_id,subject_type,primary_place_id,tenant_id,workspace_id,display_name,created_at,updated_at) VALUES ('prof_s09_supermarket_070f1ed4efb14ee5','org_s09_supermarket_070f1ed4efb14ee5','organization','place_nigeria_001','tenant_platform_seed','workspace_platform_seed_discovery','Shoprite',unixepoch(),unixepoch());
INSERT OR IGNORE INTO search_entries (id,profile_id,display_name,keywords,ancestry_path,vertical,created_at,updated_at) VALUES ('se_s09_supermarket_070f1ed4efb14ee5','prof_s09_supermarket_070f1ed4efb14ee5','Shoprite','shoprite supermarket grocery store retail shopping nigeria','place_nigeria_001','commerce',unixepoch(),unixepoch());
INSERT OR IGNORE INTO seed_ingestion_records (id,seed_run_id,entity_type,entity_id,source_id,status) VALUES ('ir_s09_supermarket_070f1ed4efb14ee5','seed_run_s09_osm_supermarkets_20260502','organization','org_s09_supermarket_070f1ed4efb14ee5','seed_source_osm_supermarkets_ng_20260502','ingested');
INSERT OR IGNORE INTO seed_entity_sources (id,seed_run_id,entity_type,entity_id,source_id,confidence_tier) VALUES ('es_s09_supermarket_070f1ed4efb14ee5','seed_run_s09_osm_supermarkets_20260502','organization','org_s09_supermarket_070f1ed4efb14ee5','seed_source_osm_supermarkets_ng_20260502','seeded');
INSERT OR IGNORE INTO seed_enrichment (id,seed_run_id,entity_type,entity_id,enrichment_type,enrichment_json) VALUES ('enr_s09_supermarket_070f1ed4efb14ee5','seed_run_s09_osm_supermarkets_20260502','organization','org_s09_supermarket_070f1ed4efb14ee5','licence_data','{"osm_id": "297477176", "amenity": "supermarket", "addr_state": null, "operator": null, "brand": null}');

INSERT OR IGNORE INTO organizations (id,tenant_id,organization_type,legal_name,display_name,registration_number,status,verification_state,created_at,updated_at) VALUES ('org_s09_supermarket_c2e5c1f4d700f07c','tenant_platform_seed','retail_store','Spar','Spar',NULL,'active','seeded',unixepoch(),unixepoch());
INSERT OR IGNORE INTO profiles (id,subject_id,subject_type,primary_place_id,tenant_id,workspace_id,display_name,created_at,updated_at) VALUES ('prof_s09_supermarket_c2e5c1f4d700f07c','org_s09_supermarket_c2e5c1f4d700f07c','organization','place_nigeria_001','tenant_platform_seed','workspace_platform_seed_discovery','Spar',unixepoch(),unixepoch());
INSERT OR IGNORE INTO search_entries (id,profile_id,display_name,keywords,ancestry_path,vertical,created_at,updated_at) VALUES ('se_s09_supermarket_c2e5c1f4d700f07c','prof_s09_supermarket_c2e5c1f4d700f07c','Spar','spar supermarket grocery store retail shopping nigeria','place_nigeria_001','commerce',unixepoch(),unixepoch());
INSERT OR IGNORE INTO seed_ingestion_records (id,seed_run_id,entity_type,entity_id,source_id,status) VALUES ('ir_s09_supermarket_c2e5c1f4d700f07c','seed_run_s09_osm_supermarkets_20260502','organization','org_s09_supermarket_c2e5c1f4d700f07c','seed_source_osm_supermarkets_ng_20260502','ingested');
INSERT OR IGNORE INTO seed_entity_sources (id,seed_run_id,entity_type,entity_id,source_id,confidence_tier) VALUES ('es_s09_supermarket_c2e5c1f4d700f07c','seed_run_s09_osm_supermarkets_20260502','organization','org_s09_supermarket_c2e5c1f4d700f07c','seed_source_osm_supermarkets_ng_20260502','seeded');
INSERT OR IGNORE INTO seed_enrichment (id,seed_run_id,entity_type,entity_id,enrichment_type,enrichment_json) VALUES ('enr_s09_supermarket_c2e5c1f4d700f07c','seed_run_s09_osm_supermarkets_20260502','organization','org_s09_supermarket_c2e5c1f4d700f07c','licence_data','{"osm_id": "316707040", "amenity": "supermarket", "addr_state": null, "operator": null, "brand": "Spar"}');

INSERT OR IGNORE INTO organizations (id,tenant_id,organization_type,legal_name,display_name,registration_number,status,verification_state,created_at,updated_at) VALUES ('org_s09_supermarket_7b7dae43afa72723','tenant_platform_seed','retail_store','Betsay Shopping Mall','Betsay Shopping Mall',NULL,'active','seeded',unixepoch(),unixepoch());
INSERT OR IGNORE INTO profiles (id,subject_id,subject_type,primary_place_id,tenant_id,workspace_id,display_name,created_at,updated_at) VALUES ('prof_s09_supermarket_7b7dae43afa72723','org_s09_supermarket_7b7dae43afa72723','organization','place_nigeria_001','tenant_platform_seed','workspace_platform_seed_discovery','Betsay Shopping Mall',unixepoch(),unixepoch());
INSERT OR IGNORE INTO search_entries (id,profile_id,display_name,keywords,ancestry_path,vertical,created_at,updated_at) VALUES ('se_s09_supermarket_7b7dae43afa72723','prof_s09_supermarket_7b7dae43afa72723','Betsay Shopping Mall','betsay shopping mall supermarket grocery store retail shopping nigeria','place_nigeria_001','commerce',unixepoch(),unixepoch());
INSERT OR IGNORE INTO seed_ingestion_records (id,seed_run_id,entity_type,entity_id,source_id,status) VALUES ('ir_s09_supermarket_7b7dae43afa72723','seed_run_s09_osm_supermarkets_20260502','organization','org_s09_supermarket_7b7dae43afa72723','seed_source_osm_supermarkets_ng_20260502','ingested');
INSERT OR IGNORE INTO seed_entity_sources (id,seed_run_id,entity_type,entity_id,source_id,confidence_tier) VALUES ('es_s09_supermarket_7b7dae43afa72723','seed_run_s09_osm_supermarkets_20260502','organization','org_s09_supermarket_7b7dae43afa72723','seed_source_osm_supermarkets_ng_20260502','seeded');
INSERT OR IGNORE INTO seed_enrichment (id,seed_run_id,entity_type,entity_id,enrichment_type,enrichment_json) VALUES ('enr_s09_supermarket_7b7dae43afa72723','seed_run_s09_osm_supermarkets_20260502','organization','org_s09_supermarket_7b7dae43afa72723','licence_data','{"osm_id": "378869329", "amenity": "mall", "addr_state": null, "operator": null, "brand": null}');

INSERT OR IGNORE INTO organizations (id,tenant_id,organization_type,legal_name,display_name,registration_number,status,verification_state,created_at,updated_at) VALUES ('org_s09_supermarket_7a08b71620fc87a6','tenant_platform_seed','retail_store','Treasure Plaza','Treasure Plaza',NULL,'active','seeded',unixepoch(),unixepoch());
INSERT OR IGNORE INTO profiles (id,subject_id,subject_type,primary_place_id,tenant_id,workspace_id,display_name,created_at,updated_at) VALUES ('prof_s09_supermarket_7a08b71620fc87a6','org_s09_supermarket_7a08b71620fc87a6','organization','place_nigeria_001','tenant_platform_seed','workspace_platform_seed_discovery','Treasure Plaza',unixepoch(),unixepoch());
INSERT OR IGNORE INTO search_entries (id,profile_id,display_name,keywords,ancestry_path,vertical,created_at,updated_at) VALUES ('se_s09_supermarket_7a08b71620fc87a6','prof_s09_supermarket_7a08b71620fc87a6','Treasure Plaza','treasure plaza supermarket grocery store retail shopping nigeria','place_nigeria_001','commerce',unixepoch(),unixepoch());
INSERT OR IGNORE INTO seed_ingestion_records (id,seed_run_id,entity_type,entity_id,source_id,status) VALUES ('ir_s09_supermarket_7a08b71620fc87a6','seed_run_s09_osm_supermarkets_20260502','organization','org_s09_supermarket_7a08b71620fc87a6','seed_source_osm_supermarkets_ng_20260502','ingested');
INSERT OR IGNORE INTO seed_entity_sources (id,seed_run_id,entity_type,entity_id,source_id,confidence_tier) VALUES ('es_s09_supermarket_7a08b71620fc87a6','seed_run_s09_osm_supermarkets_20260502','organization','org_s09_supermarket_7a08b71620fc87a6','seed_source_osm_supermarkets_ng_20260502','seeded');
INSERT OR IGNORE INTO seed_enrichment (id,seed_run_id,entity_type,entity_id,enrichment_type,enrichment_json) VALUES ('enr_s09_supermarket_7a08b71620fc87a6','seed_run_s09_osm_supermarkets_20260502','organization','org_s09_supermarket_7a08b71620fc87a6','licence_data','{"osm_id": "378869330", "amenity": "mall", "addr_state": null, "operator": null, "brand": null}');

INSERT OR IGNORE INTO organizations (id,tenant_id,organization_type,legal_name,display_name,registration_number,status,verification_state,created_at,updated_at) VALUES ('org_s09_supermarket_50aff5880d80590f','tenant_platform_seed','retail_store','Treasure Plaza','Treasure Plaza',NULL,'active','seeded',unixepoch(),unixepoch());
INSERT OR IGNORE INTO profiles (id,subject_id,subject_type,primary_place_id,tenant_id,workspace_id,display_name,created_at,updated_at) VALUES ('prof_s09_supermarket_50aff5880d80590f','org_s09_supermarket_50aff5880d80590f','organization','place_nigeria_001','tenant_platform_seed','workspace_platform_seed_discovery','Treasure Plaza',unixepoch(),unixepoch());
INSERT OR IGNORE INTO search_entries (id,profile_id,display_name,keywords,ancestry_path,vertical,created_at,updated_at) VALUES ('se_s09_supermarket_50aff5880d80590f','prof_s09_supermarket_50aff5880d80590f','Treasure Plaza','treasure plaza supermarket grocery store retail shopping nigeria','place_nigeria_001','commerce',unixepoch(),unixepoch());
INSERT OR IGNORE INTO seed_ingestion_records (id,seed_run_id,entity_type,entity_id,source_id,status) VALUES ('ir_s09_supermarket_50aff5880d80590f','seed_run_s09_osm_supermarkets_20260502','organization','org_s09_supermarket_50aff5880d80590f','seed_source_osm_supermarkets_ng_20260502','ingested');
INSERT OR IGNORE INTO seed_entity_sources (id,seed_run_id,entity_type,entity_id,source_id,confidence_tier) VALUES ('es_s09_supermarket_50aff5880d80590f','seed_run_s09_osm_supermarkets_20260502','organization','org_s09_supermarket_50aff5880d80590f','seed_source_osm_supermarkets_ng_20260502','seeded');
INSERT OR IGNORE INTO seed_enrichment (id,seed_run_id,entity_type,entity_id,enrichment_type,enrichment_json) VALUES ('enr_s09_supermarket_50aff5880d80590f','seed_run_s09_osm_supermarkets_20260502','organization','org_s09_supermarket_50aff5880d80590f','licence_data','{"osm_id": "378869333", "amenity": "mall", "addr_state": null, "operator": null, "brand": null}');

INSERT OR IGNORE INTO organizations (id,tenant_id,organization_type,legal_name,display_name,registration_number,status,verification_state,created_at,updated_at) VALUES ('org_s09_supermarket_ba89f7cabe8d26ad','tenant_platform_seed','retail_store','Olatundun Shopping Plaza','Olatundun Shopping Plaza',NULL,'active','seeded',unixepoch(),unixepoch());
INSERT OR IGNORE INTO profiles (id,subject_id,subject_type,primary_place_id,tenant_id,workspace_id,display_name,created_at,updated_at) VALUES ('prof_s09_supermarket_ba89f7cabe8d26ad','org_s09_supermarket_ba89f7cabe8d26ad','organization','place_nigeria_001','tenant_platform_seed','workspace_platform_seed_discovery','Olatundun Shopping Plaza',unixepoch(),unixepoch());
INSERT OR IGNORE INTO search_entries (id,profile_id,display_name,keywords,ancestry_path,vertical,created_at,updated_at) VALUES ('se_s09_supermarket_ba89f7cabe8d26ad','prof_s09_supermarket_ba89f7cabe8d26ad','Olatundun Shopping Plaza','olatundun shopping plaza supermarket grocery store retail shopping nigeria','place_nigeria_001','commerce',unixepoch(),unixepoch());
INSERT OR IGNORE INTO seed_ingestion_records (id,seed_run_id,entity_type,entity_id,source_id,status) VALUES ('ir_s09_supermarket_ba89f7cabe8d26ad','seed_run_s09_osm_supermarkets_20260502','organization','org_s09_supermarket_ba89f7cabe8d26ad','seed_source_osm_supermarkets_ng_20260502','ingested');
INSERT OR IGNORE INTO seed_entity_sources (id,seed_run_id,entity_type,entity_id,source_id,confidence_tier) VALUES ('es_s09_supermarket_ba89f7cabe8d26ad','seed_run_s09_osm_supermarkets_20260502','organization','org_s09_supermarket_ba89f7cabe8d26ad','seed_source_osm_supermarkets_ng_20260502','seeded');
INSERT OR IGNORE INTO seed_enrichment (id,seed_run_id,entity_type,entity_id,enrichment_type,enrichment_json) VALUES ('enr_s09_supermarket_ba89f7cabe8d26ad','seed_run_s09_osm_supermarkets_20260502','organization','org_s09_supermarket_ba89f7cabe8d26ad','licence_data','{"osm_id": "378869335", "amenity": "mall", "addr_state": null, "operator": null, "brand": null}');

INSERT OR IGNORE INTO organizations (id,tenant_id,organization_type,legal_name,display_name,registration_number,status,verification_state,created_at,updated_at) VALUES ('org_s09_supermarket_a4836eb3f55b51bd','tenant_platform_seed','retail_store','Oba Oyewole Shopping Plaza','Oba Oyewole Shopping Plaza',NULL,'active','seeded',unixepoch(),unixepoch());
INSERT OR IGNORE INTO profiles (id,subject_id,subject_type,primary_place_id,tenant_id,workspace_id,display_name,created_at,updated_at) VALUES ('prof_s09_supermarket_a4836eb3f55b51bd','org_s09_supermarket_a4836eb3f55b51bd','organization','place_nigeria_001','tenant_platform_seed','workspace_platform_seed_discovery','Oba Oyewole Shopping Plaza',unixepoch(),unixepoch());
INSERT OR IGNORE INTO search_entries (id,profile_id,display_name,keywords,ancestry_path,vertical,created_at,updated_at) VALUES ('se_s09_supermarket_a4836eb3f55b51bd','prof_s09_supermarket_a4836eb3f55b51bd','Oba Oyewole Shopping Plaza','oba oyewole shopping plaza supermarket grocery store retail shopping nigeria','place_nigeria_001','commerce',unixepoch(),unixepoch());
INSERT OR IGNORE INTO seed_ingestion_records (id,seed_run_id,entity_type,entity_id,source_id,status) VALUES ('ir_s09_supermarket_a4836eb3f55b51bd','seed_run_s09_osm_supermarkets_20260502','organization','org_s09_supermarket_a4836eb3f55b51bd','seed_source_osm_supermarkets_ng_20260502','ingested');
INSERT OR IGNORE INTO seed_entity_sources (id,seed_run_id,entity_type,entity_id,source_id,confidence_tier) VALUES ('es_s09_supermarket_a4836eb3f55b51bd','seed_run_s09_osm_supermarkets_20260502','organization','org_s09_supermarket_a4836eb3f55b51bd','seed_source_osm_supermarkets_ng_20260502','seeded');
INSERT OR IGNORE INTO seed_enrichment (id,seed_run_id,entity_type,entity_id,enrichment_type,enrichment_json) VALUES ('enr_s09_supermarket_a4836eb3f55b51bd','seed_run_s09_osm_supermarkets_20260502','organization','org_s09_supermarket_a4836eb3f55b51bd','licence_data','{"osm_id": "378869339", "amenity": "mall", "addr_state": null, "operator": null, "brand": null}');

INSERT OR IGNORE INTO organizations (id,tenant_id,organization_type,legal_name,display_name,registration_number,status,verification_state,created_at,updated_at) VALUES ('org_s09_supermarket_e0def3b8d427e9fa','tenant_platform_seed','retail_store','Boorepo Supermarket','Boorepo Supermarket',NULL,'active','seeded',unixepoch(),unixepoch());
INSERT OR IGNORE INTO profiles (id,subject_id,subject_type,primary_place_id,tenant_id,workspace_id,display_name,created_at,updated_at) VALUES ('prof_s09_supermarket_e0def3b8d427e9fa','org_s09_supermarket_e0def3b8d427e9fa','organization','place_nigeria_001','tenant_platform_seed','workspace_platform_seed_discovery','Boorepo Supermarket',unixepoch(),unixepoch());
INSERT OR IGNORE INTO search_entries (id,profile_id,display_name,keywords,ancestry_path,vertical,created_at,updated_at) VALUES ('se_s09_supermarket_e0def3b8d427e9fa','prof_s09_supermarket_e0def3b8d427e9fa','Boorepo Supermarket','boorepo supermarket supermarket grocery store retail shopping nigeria','place_nigeria_001','commerce',unixepoch(),unixepoch());
INSERT OR IGNORE INTO seed_ingestion_records (id,seed_run_id,entity_type,entity_id,source_id,status) VALUES ('ir_s09_supermarket_e0def3b8d427e9fa','seed_run_s09_osm_supermarkets_20260502','organization','org_s09_supermarket_e0def3b8d427e9fa','seed_source_osm_supermarkets_ng_20260502','ingested');
INSERT OR IGNORE INTO seed_entity_sources (id,seed_run_id,entity_type,entity_id,source_id,confidence_tier) VALUES ('es_s09_supermarket_e0def3b8d427e9fa','seed_run_s09_osm_supermarkets_20260502','organization','org_s09_supermarket_e0def3b8d427e9fa','seed_source_osm_supermarkets_ng_20260502','seeded');
INSERT OR IGNORE INTO seed_enrichment (id,seed_run_id,entity_type,entity_id,enrichment_type,enrichment_json) VALUES ('enr_s09_supermarket_e0def3b8d427e9fa','seed_run_s09_osm_supermarkets_20260502','organization','org_s09_supermarket_e0def3b8d427e9fa','licence_data','{"osm_id": "378869342", "amenity": "supermarket", "addr_state": null, "operator": null, "brand": null}');

INSERT OR IGNORE INTO organizations (id,tenant_id,organization_type,legal_name,display_name,registration_number,status,verification_state,created_at,updated_at) VALUES ('org_s09_supermarket_bea9f31a20a84783','tenant_platform_seed','retail_store','Goodies Supermarket','Goodies Supermarket',NULL,'active','seeded',unixepoch(),unixepoch());
INSERT OR IGNORE INTO profiles (id,subject_id,subject_type,primary_place_id,tenant_id,workspace_id,display_name,created_at,updated_at) VALUES ('prof_s09_supermarket_bea9f31a20a84783','org_s09_supermarket_bea9f31a20a84783','organization','place_nigeria_001','tenant_platform_seed','workspace_platform_seed_discovery','Goodies Supermarket',unixepoch(),unixepoch());
INSERT OR IGNORE INTO search_entries (id,profile_id,display_name,keywords,ancestry_path,vertical,created_at,updated_at) VALUES ('se_s09_supermarket_bea9f31a20a84783','prof_s09_supermarket_bea9f31a20a84783','Goodies Supermarket','goodies supermarket supermarket grocery store retail shopping nigeria','place_nigeria_001','commerce',unixepoch(),unixepoch());
INSERT OR IGNORE INTO seed_ingestion_records (id,seed_run_id,entity_type,entity_id,source_id,status) VALUES ('ir_s09_supermarket_bea9f31a20a84783','seed_run_s09_osm_supermarkets_20260502','organization','org_s09_supermarket_bea9f31a20a84783','seed_source_osm_supermarkets_ng_20260502','ingested');
INSERT OR IGNORE INTO seed_entity_sources (id,seed_run_id,entity_type,entity_id,source_id,confidence_tier) VALUES ('es_s09_supermarket_bea9f31a20a84783','seed_run_s09_osm_supermarkets_20260502','organization','org_s09_supermarket_bea9f31a20a84783','seed_source_osm_supermarkets_ng_20260502','seeded');
INSERT OR IGNORE INTO seed_enrichment (id,seed_run_id,entity_type,entity_id,enrichment_type,enrichment_json) VALUES ('enr_s09_supermarket_bea9f31a20a84783','seed_run_s09_osm_supermarkets_20260502','organization','org_s09_supermarket_bea9f31a20a84783','licence_data','{"osm_id": "415803709", "amenity": "supermarket", "addr_state": null, "operator": null, "brand": null}');

INSERT OR IGNORE INTO organizations (id,tenant_id,organization_type,legal_name,display_name,registration_number,status,verification_state,created_at,updated_at) VALUES ('org_s09_supermarket_69cf016f8a66161c','tenant_platform_seed','retail_store','De Current','De Current',NULL,'active','seeded',unixepoch(),unixepoch());
INSERT OR IGNORE INTO profiles (id,subject_id,subject_type,primary_place_id,tenant_id,workspace_id,display_name,created_at,updated_at) VALUES ('prof_s09_supermarket_69cf016f8a66161c','org_s09_supermarket_69cf016f8a66161c','organization','place_nigeria_001','tenant_platform_seed','workspace_platform_seed_discovery','De Current',unixepoch(),unixepoch());
INSERT OR IGNORE INTO search_entries (id,profile_id,display_name,keywords,ancestry_path,vertical,created_at,updated_at) VALUES ('se_s09_supermarket_69cf016f8a66161c','prof_s09_supermarket_69cf016f8a66161c','De Current','de current supermarket grocery store retail shopping nigeria','place_nigeria_001','commerce',unixepoch(),unixepoch());
INSERT OR IGNORE INTO seed_ingestion_records (id,seed_run_id,entity_type,entity_id,source_id,status) VALUES ('ir_s09_supermarket_69cf016f8a66161c','seed_run_s09_osm_supermarkets_20260502','organization','org_s09_supermarket_69cf016f8a66161c','seed_source_osm_supermarkets_ng_20260502','ingested');
INSERT OR IGNORE INTO seed_entity_sources (id,seed_run_id,entity_type,entity_id,source_id,confidence_tier) VALUES ('es_s09_supermarket_69cf016f8a66161c','seed_run_s09_osm_supermarkets_20260502','organization','org_s09_supermarket_69cf016f8a66161c','seed_source_osm_supermarkets_ng_20260502','seeded');
INSERT OR IGNORE INTO seed_enrichment (id,seed_run_id,entity_type,entity_id,enrichment_type,enrichment_json) VALUES ('enr_s09_supermarket_69cf016f8a66161c','seed_run_s09_osm_supermarkets_20260502','organization','org_s09_supermarket_69cf016f8a66161c','licence_data','{"osm_id": "514466054", "amenity": "supermarket", "addr_state": null, "operator": null, "brand": null}');

INSERT OR IGNORE INTO organizations (id,tenant_id,organization_type,legal_name,display_name,registration_number,status,verification_state,created_at,updated_at) VALUES ('org_s09_supermarket_51c8f20692cdc797','tenant_platform_seed','retail_store','Polo Park Mall','Polo Park Mall',NULL,'active','seeded',unixepoch(),unixepoch());
INSERT OR IGNORE INTO profiles (id,subject_id,subject_type,primary_place_id,tenant_id,workspace_id,display_name,created_at,updated_at) VALUES ('prof_s09_supermarket_51c8f20692cdc797','org_s09_supermarket_51c8f20692cdc797','organization','place_nigeria_001','tenant_platform_seed','workspace_platform_seed_discovery','Polo Park Mall',unixepoch(),unixepoch());
INSERT OR IGNORE INTO search_entries (id,profile_id,display_name,keywords,ancestry_path,vertical,created_at,updated_at) VALUES ('se_s09_supermarket_51c8f20692cdc797','prof_s09_supermarket_51c8f20692cdc797','Polo Park Mall','polo park mall supermarket grocery store retail shopping nigeria','place_nigeria_001','commerce',unixepoch(),unixepoch());
INSERT OR IGNORE INTO seed_ingestion_records (id,seed_run_id,entity_type,entity_id,source_id,status) VALUES ('ir_s09_supermarket_51c8f20692cdc797','seed_run_s09_osm_supermarkets_20260502','organization','org_s09_supermarket_51c8f20692cdc797','seed_source_osm_supermarkets_ng_20260502','ingested');
INSERT OR IGNORE INTO seed_entity_sources (id,seed_run_id,entity_type,entity_id,source_id,confidence_tier) VALUES ('es_s09_supermarket_51c8f20692cdc797','seed_run_s09_osm_supermarkets_20260502','organization','org_s09_supermarket_51c8f20692cdc797','seed_source_osm_supermarkets_ng_20260502','seeded');
INSERT OR IGNORE INTO seed_enrichment (id,seed_run_id,entity_type,entity_id,enrichment_type,enrichment_json) VALUES ('enr_s09_supermarket_51c8f20692cdc797','seed_run_s09_osm_supermarkets_20260502','organization','org_s09_supermarket_51c8f20692cdc797','licence_data','{"osm_id": "518124114", "amenity": "mall", "addr_state": null, "operator": null, "brand": null}');

INSERT OR IGNORE INTO organizations (id,tenant_id,organization_type,legal_name,display_name,registration_number,status,verification_state,created_at,updated_at) VALUES ('org_s09_supermarket_81bcd2a6f2a92842','tenant_platform_seed','retail_store','Stamart','Stamart',NULL,'active','seeded',unixepoch(),unixepoch());
INSERT OR IGNORE INTO profiles (id,subject_id,subject_type,primary_place_id,tenant_id,workspace_id,display_name,created_at,updated_at) VALUES ('prof_s09_supermarket_81bcd2a6f2a92842','org_s09_supermarket_81bcd2a6f2a92842','organization','place_nigeria_001','tenant_platform_seed','workspace_platform_seed_discovery','Stamart',unixepoch(),unixepoch());
INSERT OR IGNORE INTO search_entries (id,profile_id,display_name,keywords,ancestry_path,vertical,created_at,updated_at) VALUES ('se_s09_supermarket_81bcd2a6f2a92842','prof_s09_supermarket_81bcd2a6f2a92842','Stamart','stamart supermarket grocery store retail shopping nigeria','place_nigeria_001','commerce',unixepoch(),unixepoch());
INSERT OR IGNORE INTO seed_ingestion_records (id,seed_run_id,entity_type,entity_id,source_id,status) VALUES ('ir_s09_supermarket_81bcd2a6f2a92842','seed_run_s09_osm_supermarkets_20260502','organization','org_s09_supermarket_81bcd2a6f2a92842','seed_source_osm_supermarkets_ng_20260502','ingested');
INSERT OR IGNORE INTO seed_entity_sources (id,seed_run_id,entity_type,entity_id,source_id,confidence_tier) VALUES ('es_s09_supermarket_81bcd2a6f2a92842','seed_run_s09_osm_supermarkets_20260502','organization','org_s09_supermarket_81bcd2a6f2a92842','seed_source_osm_supermarkets_ng_20260502','seeded');
INSERT OR IGNORE INTO seed_enrichment (id,seed_run_id,entity_type,entity_id,enrichment_type,enrichment_json) VALUES ('enr_s09_supermarket_81bcd2a6f2a92842','seed_run_s09_osm_supermarkets_20260502','organization','org_s09_supermarket_81bcd2a6f2a92842','licence_data','{"osm_id": "536736961", "amenity": "supermarket", "addr_state": null, "operator": null, "brand": null}');

INSERT OR IGNORE INTO organizations (id,tenant_id,organization_type,legal_name,display_name,registration_number,status,verification_state,created_at,updated_at) VALUES ('org_s09_supermarket_7391d0fe09fa455f','tenant_platform_seed','retail_store','Novare Lekki Mall','Novare Lekki Mall',NULL,'active','seeded',unixepoch(),unixepoch());
INSERT OR IGNORE INTO profiles (id,subject_id,subject_type,primary_place_id,tenant_id,workspace_id,display_name,created_at,updated_at) VALUES ('prof_s09_supermarket_7391d0fe09fa455f','org_s09_supermarket_7391d0fe09fa455f','organization','place_nigeria_001','tenant_platform_seed','workspace_platform_seed_discovery','Novare Lekki Mall',unixepoch(),unixepoch());
INSERT OR IGNORE INTO search_entries (id,profile_id,display_name,keywords,ancestry_path,vertical,created_at,updated_at) VALUES ('se_s09_supermarket_7391d0fe09fa455f','prof_s09_supermarket_7391d0fe09fa455f','Novare Lekki Mall','novare lekki mall supermarket grocery store retail shopping nigeria','place_nigeria_001','commerce',unixepoch(),unixepoch());
INSERT OR IGNORE INTO seed_ingestion_records (id,seed_run_id,entity_type,entity_id,source_id,status) VALUES ('ir_s09_supermarket_7391d0fe09fa455f','seed_run_s09_osm_supermarkets_20260502','organization','org_s09_supermarket_7391d0fe09fa455f','seed_source_osm_supermarkets_ng_20260502','ingested');
INSERT OR IGNORE INTO seed_entity_sources (id,seed_run_id,entity_type,entity_id,source_id,confidence_tier) VALUES ('es_s09_supermarket_7391d0fe09fa455f','seed_run_s09_osm_supermarkets_20260502','organization','org_s09_supermarket_7391d0fe09fa455f','seed_source_osm_supermarkets_ng_20260502','seeded');
INSERT OR IGNORE INTO seed_enrichment (id,seed_run_id,entity_type,entity_id,enrichment_type,enrichment_json) VALUES ('enr_s09_supermarket_7391d0fe09fa455f','seed_run_s09_osm_supermarkets_20260502','organization','org_s09_supermarket_7391d0fe09fa455f','licence_data','{"osm_id": "542661178", "amenity": "mall", "addr_state": null, "operator": null, "brand": null}');

INSERT OR IGNORE INTO organizations (id,tenant_id,organization_type,legal_name,display_name,registration_number,status,verification_state,created_at,updated_at) VALUES ('org_s09_supermarket_a29a331a2765515a','tenant_platform_seed','retail_store','Trocadero Square','Trocadero Square',NULL,'active','seeded',unixepoch(),unixepoch());
INSERT OR IGNORE INTO profiles (id,subject_id,subject_type,primary_place_id,tenant_id,workspace_id,display_name,created_at,updated_at) VALUES ('prof_s09_supermarket_a29a331a2765515a','org_s09_supermarket_a29a331a2765515a','organization','place_nigeria_001','tenant_platform_seed','workspace_platform_seed_discovery','Trocadero Square',unixepoch(),unixepoch());
INSERT OR IGNORE INTO search_entries (id,profile_id,display_name,keywords,ancestry_path,vertical,created_at,updated_at) VALUES ('se_s09_supermarket_a29a331a2765515a','prof_s09_supermarket_a29a331a2765515a','Trocadero Square','trocadero square supermarket grocery store retail shopping nigeria','place_nigeria_001','commerce',unixepoch(),unixepoch());
INSERT OR IGNORE INTO seed_ingestion_records (id,seed_run_id,entity_type,entity_id,source_id,status) VALUES ('ir_s09_supermarket_a29a331a2765515a','seed_run_s09_osm_supermarkets_20260502','organization','org_s09_supermarket_a29a331a2765515a','seed_source_osm_supermarkets_ng_20260502','ingested');
INSERT OR IGNORE INTO seed_entity_sources (id,seed_run_id,entity_type,entity_id,source_id,confidence_tier) VALUES ('es_s09_supermarket_a29a331a2765515a','seed_run_s09_osm_supermarkets_20260502','organization','org_s09_supermarket_a29a331a2765515a','seed_source_osm_supermarkets_ng_20260502','seeded');
INSERT OR IGNORE INTO seed_enrichment (id,seed_run_id,entity_type,entity_id,enrichment_type,enrichment_json) VALUES ('enr_s09_supermarket_a29a331a2765515a','seed_run_s09_osm_supermarkets_20260502','organization','org_s09_supermarket_a29a331a2765515a','licence_data','{"osm_id": "570496234", "amenity": "mall", "addr_state": null, "operator": null, "brand": null}');

INSERT OR IGNORE INTO organizations (id,tenant_id,organization_type,legal_name,display_name,registration_number,status,verification_state,created_at,updated_at) VALUES ('org_s09_supermarket_51bc39bf1a5e5b1e','tenant_platform_seed','retail_store','Spar','Spar',NULL,'active','seeded',unixepoch(),unixepoch());
INSERT OR IGNORE INTO profiles (id,subject_id,subject_type,primary_place_id,tenant_id,workspace_id,display_name,created_at,updated_at) VALUES ('prof_s09_supermarket_51bc39bf1a5e5b1e','org_s09_supermarket_51bc39bf1a5e5b1e','organization','place_nigeria_001','tenant_platform_seed','workspace_platform_seed_discovery','Spar',unixepoch(),unixepoch());
INSERT OR IGNORE INTO search_entries (id,profile_id,display_name,keywords,ancestry_path,vertical,created_at,updated_at) VALUES ('se_s09_supermarket_51bc39bf1a5e5b1e','prof_s09_supermarket_51bc39bf1a5e5b1e','Spar','spar supermarket grocery store retail shopping nigeria','place_nigeria_001','commerce',unixepoch(),unixepoch());
INSERT OR IGNORE INTO seed_ingestion_records (id,seed_run_id,entity_type,entity_id,source_id,status) VALUES ('ir_s09_supermarket_51bc39bf1a5e5b1e','seed_run_s09_osm_supermarkets_20260502','organization','org_s09_supermarket_51bc39bf1a5e5b1e','seed_source_osm_supermarkets_ng_20260502','ingested');
INSERT OR IGNORE INTO seed_entity_sources (id,seed_run_id,entity_type,entity_id,source_id,confidence_tier) VALUES ('es_s09_supermarket_51bc39bf1a5e5b1e','seed_run_s09_osm_supermarkets_20260502','organization','org_s09_supermarket_51bc39bf1a5e5b1e','seed_source_osm_supermarkets_ng_20260502','seeded');
INSERT OR IGNORE INTO seed_enrichment (id,seed_run_id,entity_type,entity_id,enrichment_type,enrichment_json) VALUES ('enr_s09_supermarket_51bc39bf1a5e5b1e','seed_run_s09_osm_supermarkets_20260502','organization','org_s09_supermarket_51bc39bf1a5e5b1e','licence_data','{"osm_id": "594763846", "amenity": "supermarket", "addr_state": null, "operator": null, "brand": "Spar"}');

INSERT OR IGNORE INTO organizations (id,tenant_id,organization_type,legal_name,display_name,registration_number,status,verification_state,created_at,updated_at) VALUES ('org_s09_supermarket_b6c87da373580424','tenant_platform_seed','retail_store','La Pointe Supermarket','La Pointe Supermarket',NULL,'active','seeded',unixepoch(),unixepoch());
INSERT OR IGNORE INTO profiles (id,subject_id,subject_type,primary_place_id,tenant_id,workspace_id,display_name,created_at,updated_at) VALUES ('prof_s09_supermarket_b6c87da373580424','org_s09_supermarket_b6c87da373580424','organization','place_nigeria_001','tenant_platform_seed','workspace_platform_seed_discovery','La Pointe Supermarket',unixepoch(),unixepoch());
INSERT OR IGNORE INTO search_entries (id,profile_id,display_name,keywords,ancestry_path,vertical,created_at,updated_at) VALUES ('se_s09_supermarket_b6c87da373580424','prof_s09_supermarket_b6c87da373580424','La Pointe Supermarket','la pointe supermarket supermarket grocery store retail shopping nigeria','place_nigeria_001','commerce',unixepoch(),unixepoch());
INSERT OR IGNORE INTO seed_ingestion_records (id,seed_run_id,entity_type,entity_id,source_id,status) VALUES ('ir_s09_supermarket_b6c87da373580424','seed_run_s09_osm_supermarkets_20260502','organization','org_s09_supermarket_b6c87da373580424','seed_source_osm_supermarkets_ng_20260502','ingested');
INSERT OR IGNORE INTO seed_entity_sources (id,seed_run_id,entity_type,entity_id,source_id,confidence_tier) VALUES ('es_s09_supermarket_b6c87da373580424','seed_run_s09_osm_supermarkets_20260502','organization','org_s09_supermarket_b6c87da373580424','seed_source_osm_supermarkets_ng_20260502','seeded');
INSERT OR IGNORE INTO seed_enrichment (id,seed_run_id,entity_type,entity_id,enrichment_type,enrichment_json) VALUES ('enr_s09_supermarket_b6c87da373580424','seed_run_s09_osm_supermarkets_20260502','organization','org_s09_supermarket_b6c87da373580424','licence_data','{"osm_id": "595620121", "amenity": "supermarket", "addr_state": null, "operator": null, "brand": null}');

INSERT OR IGNORE INTO organizations (id,tenant_id,organization_type,legal_name,display_name,registration_number,status,verification_state,created_at,updated_at) VALUES ('org_s09_supermarket_3841d03a5b9d7647','tenant_platform_seed','retail_store','Owerri City Mall','Owerri City Mall',NULL,'active','seeded',unixepoch(),unixepoch());
INSERT OR IGNORE INTO profiles (id,subject_id,subject_type,primary_place_id,tenant_id,workspace_id,display_name,created_at,updated_at) VALUES ('prof_s09_supermarket_3841d03a5b9d7647','org_s09_supermarket_3841d03a5b9d7647','organization','place_nigeria_001','tenant_platform_seed','workspace_platform_seed_discovery','Owerri City Mall',unixepoch(),unixepoch());
INSERT OR IGNORE INTO search_entries (id,profile_id,display_name,keywords,ancestry_path,vertical,created_at,updated_at) VALUES ('se_s09_supermarket_3841d03a5b9d7647','prof_s09_supermarket_3841d03a5b9d7647','Owerri City Mall','owerri city mall supermarket grocery store retail shopping nigeria','place_nigeria_001','commerce',unixepoch(),unixepoch());
INSERT OR IGNORE INTO seed_ingestion_records (id,seed_run_id,entity_type,entity_id,source_id,status) VALUES ('ir_s09_supermarket_3841d03a5b9d7647','seed_run_s09_osm_supermarkets_20260502','organization','org_s09_supermarket_3841d03a5b9d7647','seed_source_osm_supermarkets_ng_20260502','ingested');
INSERT OR IGNORE INTO seed_entity_sources (id,seed_run_id,entity_type,entity_id,source_id,confidence_tier) VALUES ('es_s09_supermarket_3841d03a5b9d7647','seed_run_s09_osm_supermarkets_20260502','organization','org_s09_supermarket_3841d03a5b9d7647','seed_source_osm_supermarkets_ng_20260502','seeded');
INSERT OR IGNORE INTO seed_enrichment (id,seed_run_id,entity_type,entity_id,enrichment_type,enrichment_json) VALUES ('enr_s09_supermarket_3841d03a5b9d7647','seed_run_s09_osm_supermarkets_20260502','organization','org_s09_supermarket_3841d03a5b9d7647','licence_data','{"osm_id": "625792635", "amenity": "mall", "addr_state": null, "operator": null, "brand": null}');

INSERT OR IGNORE INTO organizations (id,tenant_id,organization_type,legal_name,display_name,registration_number,status,verification_state,created_at,updated_at) VALUES ('org_s09_supermarket_03e73bf4542625d9','tenant_platform_seed','retail_store','Emporium Plaza','Emporium Plaza',NULL,'active','seeded',unixepoch(),unixepoch());
INSERT OR IGNORE INTO profiles (id,subject_id,subject_type,primary_place_id,tenant_id,workspace_id,display_name,created_at,updated_at) VALUES ('prof_s09_supermarket_03e73bf4542625d9','org_s09_supermarket_03e73bf4542625d9','organization','place_state_lagos','tenant_platform_seed','workspace_platform_seed_discovery','Emporium Plaza',unixepoch(),unixepoch());
INSERT OR IGNORE INTO search_entries (id,profile_id,display_name,keywords,ancestry_path,vertical,created_at,updated_at) VALUES ('se_s09_supermarket_03e73bf4542625d9','prof_s09_supermarket_03e73bf4542625d9','Emporium Plaza','emporium plaza supermarket grocery store retail shopping nigeria','place_nigeria_001/place_state_lagos','commerce',unixepoch(),unixepoch());
INSERT OR IGNORE INTO seed_ingestion_records (id,seed_run_id,entity_type,entity_id,source_id,status) VALUES ('ir_s09_supermarket_03e73bf4542625d9','seed_run_s09_osm_supermarkets_20260502','organization','org_s09_supermarket_03e73bf4542625d9','seed_source_osm_supermarkets_ng_20260502','ingested');
INSERT OR IGNORE INTO seed_entity_sources (id,seed_run_id,entity_type,entity_id,source_id,confidence_tier) VALUES ('es_s09_supermarket_03e73bf4542625d9','seed_run_s09_osm_supermarkets_20260502','organization','org_s09_supermarket_03e73bf4542625d9','seed_source_osm_supermarkets_ng_20260502','seeded');
INSERT OR IGNORE INTO seed_enrichment (id,seed_run_id,entity_type,entity_id,enrichment_type,enrichment_json) VALUES ('enr_s09_supermarket_03e73bf4542625d9','seed_run_s09_osm_supermarkets_20260502','organization','org_s09_supermarket_03e73bf4542625d9','licence_data','{"osm_id": "626246877", "amenity": "mall", "addr_state": "Lagos", "operator": null, "brand": null}');

INSERT OR IGNORE INTO organizations (id,tenant_id,organization_type,legal_name,display_name,registration_number,status,verification_state,created_at,updated_at) VALUES ('org_s09_supermarket_8cc2ac7f4e4a9da8','tenant_platform_seed','retail_store','Shop D World Plaza','Shop D World Plaza',NULL,'active','seeded',unixepoch(),unixepoch());
INSERT OR IGNORE INTO profiles (id,subject_id,subject_type,primary_place_id,tenant_id,workspace_id,display_name,created_at,updated_at) VALUES ('prof_s09_supermarket_8cc2ac7f4e4a9da8','org_s09_supermarket_8cc2ac7f4e4a9da8','organization','place_nigeria_001','tenant_platform_seed','workspace_platform_seed_discovery','Shop D World Plaza',unixepoch(),unixepoch());
INSERT OR IGNORE INTO search_entries (id,profile_id,display_name,keywords,ancestry_path,vertical,created_at,updated_at) VALUES ('se_s09_supermarket_8cc2ac7f4e4a9da8','prof_s09_supermarket_8cc2ac7f4e4a9da8','Shop D World Plaza','shop d world plaza supermarket grocery store retail shopping nigeria','place_nigeria_001','commerce',unixepoch(),unixepoch());
INSERT OR IGNORE INTO seed_ingestion_records (id,seed_run_id,entity_type,entity_id,source_id,status) VALUES ('ir_s09_supermarket_8cc2ac7f4e4a9da8','seed_run_s09_osm_supermarkets_20260502','organization','org_s09_supermarket_8cc2ac7f4e4a9da8','seed_source_osm_supermarkets_ng_20260502','ingested');
INSERT OR IGNORE INTO seed_entity_sources (id,seed_run_id,entity_type,entity_id,source_id,confidence_tier) VALUES ('es_s09_supermarket_8cc2ac7f4e4a9da8','seed_run_s09_osm_supermarkets_20260502','organization','org_s09_supermarket_8cc2ac7f4e4a9da8','seed_source_osm_supermarkets_ng_20260502','seeded');
INSERT OR IGNORE INTO seed_enrichment (id,seed_run_id,entity_type,entity_id,enrichment_type,enrichment_json) VALUES ('enr_s09_supermarket_8cc2ac7f4e4a9da8','seed_run_s09_osm_supermarkets_20260502','organization','org_s09_supermarket_8cc2ac7f4e4a9da8','licence_data','{"osm_id": "626685823", "amenity": "mall", "addr_state": null, "operator": null, "brand": null}');

INSERT OR IGNORE INTO organizations (id,tenant_id,organization_type,legal_name,display_name,registration_number,status,verification_state,created_at,updated_at) VALUES ('org_s09_supermarket_ec2f1a193545be7e','tenant_platform_seed','retail_store','Chucks Shopping Mall','Chucks Shopping Mall',NULL,'active','seeded',unixepoch(),unixepoch());
INSERT OR IGNORE INTO profiles (id,subject_id,subject_type,primary_place_id,tenant_id,workspace_id,display_name,created_at,updated_at) VALUES ('prof_s09_supermarket_ec2f1a193545be7e','org_s09_supermarket_ec2f1a193545be7e','organization','place_nigeria_001','tenant_platform_seed','workspace_platform_seed_discovery','Chucks Shopping Mall',unixepoch(),unixepoch());
INSERT OR IGNORE INTO search_entries (id,profile_id,display_name,keywords,ancestry_path,vertical,created_at,updated_at) VALUES ('se_s09_supermarket_ec2f1a193545be7e','prof_s09_supermarket_ec2f1a193545be7e','Chucks Shopping Mall','chucks shopping mall supermarket grocery store retail shopping nigeria','place_nigeria_001','commerce',unixepoch(),unixepoch());
INSERT OR IGNORE INTO seed_ingestion_records (id,seed_run_id,entity_type,entity_id,source_id,status) VALUES ('ir_s09_supermarket_ec2f1a193545be7e','seed_run_s09_osm_supermarkets_20260502','organization','org_s09_supermarket_ec2f1a193545be7e','seed_source_osm_supermarkets_ng_20260502','ingested');
INSERT OR IGNORE INTO seed_entity_sources (id,seed_run_id,entity_type,entity_id,source_id,confidence_tier) VALUES ('es_s09_supermarket_ec2f1a193545be7e','seed_run_s09_osm_supermarkets_20260502','organization','org_s09_supermarket_ec2f1a193545be7e','seed_source_osm_supermarkets_ng_20260502','seeded');
INSERT OR IGNORE INTO seed_enrichment (id,seed_run_id,entity_type,entity_id,enrichment_type,enrichment_json) VALUES ('enr_s09_supermarket_ec2f1a193545be7e','seed_run_s09_osm_supermarkets_20260502','organization','org_s09_supermarket_ec2f1a193545be7e','licence_data','{"osm_id": "632763108", "amenity": "pharmacy", "addr_state": null, "operator": null, "brand": null}');

INSERT OR IGNORE INTO organizations (id,tenant_id,organization_type,legal_name,display_name,registration_number,status,verification_state,created_at,updated_at) VALUES ('org_s09_supermarket_1f327ddc0f1521b2','tenant_platform_seed','retail_store','Delis','Delis',NULL,'active','seeded',unixepoch(),unixepoch());
INSERT OR IGNORE INTO profiles (id,subject_id,subject_type,primary_place_id,tenant_id,workspace_id,display_name,created_at,updated_at) VALUES ('prof_s09_supermarket_1f327ddc0f1521b2','org_s09_supermarket_1f327ddc0f1521b2','organization','place_nigeria_001','tenant_platform_seed','workspace_platform_seed_discovery','Delis',unixepoch(),unixepoch());
INSERT OR IGNORE INTO search_entries (id,profile_id,display_name,keywords,ancestry_path,vertical,created_at,updated_at) VALUES ('se_s09_supermarket_1f327ddc0f1521b2','prof_s09_supermarket_1f327ddc0f1521b2','Delis','delis supermarket grocery store retail shopping nigeria','place_nigeria_001','commerce',unixepoch(),unixepoch());
INSERT OR IGNORE INTO seed_ingestion_records (id,seed_run_id,entity_type,entity_id,source_id,status) VALUES ('ir_s09_supermarket_1f327ddc0f1521b2','seed_run_s09_osm_supermarkets_20260502','organization','org_s09_supermarket_1f327ddc0f1521b2','seed_source_osm_supermarkets_ng_20260502','ingested');
INSERT OR IGNORE INTO seed_entity_sources (id,seed_run_id,entity_type,entity_id,source_id,confidence_tier) VALUES ('es_s09_supermarket_1f327ddc0f1521b2','seed_run_s09_osm_supermarkets_20260502','organization','org_s09_supermarket_1f327ddc0f1521b2','seed_source_osm_supermarkets_ng_20260502','seeded');
INSERT OR IGNORE INTO seed_enrichment (id,seed_run_id,entity_type,entity_id,enrichment_type,enrichment_json) VALUES ('enr_s09_supermarket_1f327ddc0f1521b2','seed_run_s09_osm_supermarkets_20260502','organization','org_s09_supermarket_1f327ddc0f1521b2','licence_data','{"osm_id": "653305667", "amenity": "supermarket", "addr_state": null, "operator": null, "brand": null}');

INSERT OR IGNORE INTO organizations (id,tenant_id,organization_type,legal_name,display_name,registration_number,status,verification_state,created_at,updated_at) VALUES ('org_s09_supermarket_75604e639426910e','tenant_platform_seed','retail_store','Pick n Pay','Pick n Pay',NULL,'active','seeded',unixepoch(),unixepoch());
INSERT OR IGNORE INTO profiles (id,subject_id,subject_type,primary_place_id,tenant_id,workspace_id,display_name,created_at,updated_at) VALUES ('prof_s09_supermarket_75604e639426910e','org_s09_supermarket_75604e639426910e','organization','place_nigeria_001','tenant_platform_seed','workspace_platform_seed_discovery','Pick n Pay',unixepoch(),unixepoch());
INSERT OR IGNORE INTO search_entries (id,profile_id,display_name,keywords,ancestry_path,vertical,created_at,updated_at) VALUES ('se_s09_supermarket_75604e639426910e','prof_s09_supermarket_75604e639426910e','Pick n Pay','pick n pay supermarket grocery store retail shopping nigeria','place_nigeria_001','commerce',unixepoch(),unixepoch());
INSERT OR IGNORE INTO seed_ingestion_records (id,seed_run_id,entity_type,entity_id,source_id,status) VALUES ('ir_s09_supermarket_75604e639426910e','seed_run_s09_osm_supermarkets_20260502','organization','org_s09_supermarket_75604e639426910e','seed_source_osm_supermarkets_ng_20260502','ingested');
INSERT OR IGNORE INTO seed_entity_sources (id,seed_run_id,entity_type,entity_id,source_id,confidence_tier) VALUES ('es_s09_supermarket_75604e639426910e','seed_run_s09_osm_supermarkets_20260502','organization','org_s09_supermarket_75604e639426910e','seed_source_osm_supermarkets_ng_20260502','seeded');
INSERT OR IGNORE INTO seed_enrichment (id,seed_run_id,entity_type,entity_id,enrichment_type,enrichment_json) VALUES ('enr_s09_supermarket_75604e639426910e','seed_run_s09_osm_supermarkets_20260502','organization','org_s09_supermarket_75604e639426910e','licence_data','{"osm_id": "653305671", "amenity": "supermarket", "addr_state": null, "operator": null, "brand": null}');

INSERT OR IGNORE INTO organizations (id,tenant_id,organization_type,legal_name,display_name,registration_number,status,verification_state,created_at,updated_at) VALUES ('org_s09_supermarket_8ab10d9222884d79','tenant_platform_seed','retail_store','Calabar Mall','Calabar Mall',NULL,'active','seeded',unixepoch(),unixepoch());
INSERT OR IGNORE INTO profiles (id,subject_id,subject_type,primary_place_id,tenant_id,workspace_id,display_name,created_at,updated_at) VALUES ('prof_s09_supermarket_8ab10d9222884d79','org_s09_supermarket_8ab10d9222884d79','organization','place_nigeria_001','tenant_platform_seed','workspace_platform_seed_discovery','Calabar Mall',unixepoch(),unixepoch());
INSERT OR IGNORE INTO search_entries (id,profile_id,display_name,keywords,ancestry_path,vertical,created_at,updated_at) VALUES ('se_s09_supermarket_8ab10d9222884d79','prof_s09_supermarket_8ab10d9222884d79','Calabar Mall','calabar mall supermarket grocery store retail shopping nigeria','place_nigeria_001','commerce',unixepoch(),unixepoch());
INSERT OR IGNORE INTO seed_ingestion_records (id,seed_run_id,entity_type,entity_id,source_id,status) VALUES ('ir_s09_supermarket_8ab10d9222884d79','seed_run_s09_osm_supermarkets_20260502','organization','org_s09_supermarket_8ab10d9222884d79','seed_source_osm_supermarkets_ng_20260502','ingested');
INSERT OR IGNORE INTO seed_entity_sources (id,seed_run_id,entity_type,entity_id,source_id,confidence_tier) VALUES ('es_s09_supermarket_8ab10d9222884d79','seed_run_s09_osm_supermarkets_20260502','organization','org_s09_supermarket_8ab10d9222884d79','seed_source_osm_supermarkets_ng_20260502','seeded');
INSERT OR IGNORE INTO seed_enrichment (id,seed_run_id,entity_type,entity_id,enrichment_type,enrichment_json) VALUES ('enr_s09_supermarket_8ab10d9222884d79','seed_run_s09_osm_supermarkets_20260502','organization','org_s09_supermarket_8ab10d9222884d79','licence_data','{"osm_id": "669758906", "amenity": "mall", "addr_state": null, "operator": null, "brand": null}');

INSERT OR IGNORE INTO organizations (id,tenant_id,organization_type,legal_name,display_name,registration_number,status,verification_state,created_at,updated_at) VALUES ('org_s09_supermarket_4941cf4f869fd7d7','tenant_platform_seed','retail_store','Tejuosho Shopping Centre','Tejuosho Shopping Centre',NULL,'active','seeded',unixepoch(),unixepoch());
INSERT OR IGNORE INTO profiles (id,subject_id,subject_type,primary_place_id,tenant_id,workspace_id,display_name,created_at,updated_at) VALUES ('prof_s09_supermarket_4941cf4f869fd7d7','org_s09_supermarket_4941cf4f869fd7d7','organization','place_nigeria_001','tenant_platform_seed','workspace_platform_seed_discovery','Tejuosho Shopping Centre',unixepoch(),unixepoch());
INSERT OR IGNORE INTO search_entries (id,profile_id,display_name,keywords,ancestry_path,vertical,created_at,updated_at) VALUES ('se_s09_supermarket_4941cf4f869fd7d7','prof_s09_supermarket_4941cf4f869fd7d7','Tejuosho Shopping Centre','tejuosho shopping centre supermarket grocery store retail shopping nigeria','place_nigeria_001','commerce',unixepoch(),unixepoch());
INSERT OR IGNORE INTO seed_ingestion_records (id,seed_run_id,entity_type,entity_id,source_id,status) VALUES ('ir_s09_supermarket_4941cf4f869fd7d7','seed_run_s09_osm_supermarkets_20260502','organization','org_s09_supermarket_4941cf4f869fd7d7','seed_source_osm_supermarkets_ng_20260502','ingested');
INSERT OR IGNORE INTO seed_entity_sources (id,seed_run_id,entity_type,entity_id,source_id,confidence_tier) VALUES ('es_s09_supermarket_4941cf4f869fd7d7','seed_run_s09_osm_supermarkets_20260502','organization','org_s09_supermarket_4941cf4f869fd7d7','seed_source_osm_supermarkets_ng_20260502','seeded');
INSERT OR IGNORE INTO seed_enrichment (id,seed_run_id,entity_type,entity_id,enrichment_type,enrichment_json) VALUES ('enr_s09_supermarket_4941cf4f869fd7d7','seed_run_s09_osm_supermarkets_20260502','organization','org_s09_supermarket_4941cf4f869fd7d7','licence_data','{"osm_id": "671850898", "amenity": "mall", "addr_state": null, "operator": null, "brand": null}');

INSERT OR IGNORE INTO organizations (id,tenant_id,organization_type,legal_name,display_name,registration_number,status,verification_state,created_at,updated_at) VALUES ('org_s09_supermarket_e528e8918e62d63c','tenant_platform_seed','retail_store','City Mall','City Mall',NULL,'active','seeded',unixepoch(),unixepoch());
INSERT OR IGNORE INTO profiles (id,subject_id,subject_type,primary_place_id,tenant_id,workspace_id,display_name,created_at,updated_at) VALUES ('prof_s09_supermarket_e528e8918e62d63c','org_s09_supermarket_e528e8918e62d63c','organization','place_nigeria_001','tenant_platform_seed','workspace_platform_seed_discovery','City Mall',unixepoch(),unixepoch());
INSERT OR IGNORE INTO search_entries (id,profile_id,display_name,keywords,ancestry_path,vertical,created_at,updated_at) VALUES ('se_s09_supermarket_e528e8918e62d63c','prof_s09_supermarket_e528e8918e62d63c','City Mall','city mall supermarket grocery store retail shopping nigeria','place_nigeria_001','commerce',unixepoch(),unixepoch());
INSERT OR IGNORE INTO seed_ingestion_records (id,seed_run_id,entity_type,entity_id,source_id,status) VALUES ('ir_s09_supermarket_e528e8918e62d63c','seed_run_s09_osm_supermarkets_20260502','organization','org_s09_supermarket_e528e8918e62d63c','seed_source_osm_supermarkets_ng_20260502','ingested');
INSERT OR IGNORE INTO seed_entity_sources (id,seed_run_id,entity_type,entity_id,source_id,confidence_tier) VALUES ('es_s09_supermarket_e528e8918e62d63c','seed_run_s09_osm_supermarkets_20260502','organization','org_s09_supermarket_e528e8918e62d63c','seed_source_osm_supermarkets_ng_20260502','seeded');
INSERT OR IGNORE INTO seed_enrichment (id,seed_run_id,entity_type,entity_id,enrichment_type,enrichment_json) VALUES ('enr_s09_supermarket_e528e8918e62d63c','seed_run_s09_osm_supermarkets_20260502','organization','org_s09_supermarket_e528e8918e62d63c','licence_data','{"osm_id": "671991294", "amenity": "mall", "addr_state": null, "operator": null, "brand": null}');

INSERT OR IGNORE INTO organizations (id,tenant_id,organization_type,legal_name,display_name,registration_number,status,verification_state,created_at,updated_at) VALUES ('org_s09_supermarket_de25f952f3de1b43','tenant_platform_seed','retail_store','Food Corner','Food Corner',NULL,'active','seeded',unixepoch(),unixepoch());
INSERT OR IGNORE INTO profiles (id,subject_id,subject_type,primary_place_id,tenant_id,workspace_id,display_name,created_at,updated_at) VALUES ('prof_s09_supermarket_de25f952f3de1b43','org_s09_supermarket_de25f952f3de1b43','organization','place_nigeria_001','tenant_platform_seed','workspace_platform_seed_discovery','Food Corner',unixepoch(),unixepoch());
INSERT OR IGNORE INTO search_entries (id,profile_id,display_name,keywords,ancestry_path,vertical,created_at,updated_at) VALUES ('se_s09_supermarket_de25f952f3de1b43','prof_s09_supermarket_de25f952f3de1b43','Food Corner','food corner supermarket grocery store retail shopping nigeria','place_nigeria_001','commerce',unixepoch(),unixepoch());
INSERT OR IGNORE INTO seed_ingestion_records (id,seed_run_id,entity_type,entity_id,source_id,status) VALUES ('ir_s09_supermarket_de25f952f3de1b43','seed_run_s09_osm_supermarkets_20260502','organization','org_s09_supermarket_de25f952f3de1b43','seed_source_osm_supermarkets_ng_20260502','ingested');
INSERT OR IGNORE INTO seed_entity_sources (id,seed_run_id,entity_type,entity_id,source_id,confidence_tier) VALUES ('es_s09_supermarket_de25f952f3de1b43','seed_run_s09_osm_supermarkets_20260502','organization','org_s09_supermarket_de25f952f3de1b43','seed_source_osm_supermarkets_ng_20260502','seeded');
INSERT OR IGNORE INTO seed_enrichment (id,seed_run_id,entity_type,entity_id,enrichment_type,enrichment_json) VALUES ('enr_s09_supermarket_de25f952f3de1b43','seed_run_s09_osm_supermarkets_20260502','organization','org_s09_supermarket_de25f952f3de1b43','licence_data','{"osm_id": "699200992", "amenity": "supermarket", "addr_state": null, "operator": null, "brand": null}');

INSERT OR IGNORE INTO organizations (id,tenant_id,organization_type,legal_name,display_name,registration_number,status,verification_state,created_at,updated_at) VALUES ('org_s09_supermarket_3b15b2943286a369','tenant_platform_seed','retail_store','Abia Mall','Abia Mall',NULL,'active','seeded',unixepoch(),unixepoch());
INSERT OR IGNORE INTO profiles (id,subject_id,subject_type,primary_place_id,tenant_id,workspace_id,display_name,created_at,updated_at) VALUES ('prof_s09_supermarket_3b15b2943286a369','org_s09_supermarket_3b15b2943286a369','organization','place_nigeria_001','tenant_platform_seed','workspace_platform_seed_discovery','Abia Mall',unixepoch(),unixepoch());
INSERT OR IGNORE INTO search_entries (id,profile_id,display_name,keywords,ancestry_path,vertical,created_at,updated_at) VALUES ('se_s09_supermarket_3b15b2943286a369','prof_s09_supermarket_3b15b2943286a369','Abia Mall','abia mall supermarket grocery store retail shopping nigeria','place_nigeria_001','commerce',unixepoch(),unixepoch());
INSERT OR IGNORE INTO seed_ingestion_records (id,seed_run_id,entity_type,entity_id,source_id,status) VALUES ('ir_s09_supermarket_3b15b2943286a369','seed_run_s09_osm_supermarkets_20260502','organization','org_s09_supermarket_3b15b2943286a369','seed_source_osm_supermarkets_ng_20260502','ingested');
INSERT OR IGNORE INTO seed_entity_sources (id,seed_run_id,entity_type,entity_id,source_id,confidence_tier) VALUES ('es_s09_supermarket_3b15b2943286a369','seed_run_s09_osm_supermarkets_20260502','organization','org_s09_supermarket_3b15b2943286a369','seed_source_osm_supermarkets_ng_20260502','seeded');
INSERT OR IGNORE INTO seed_enrichment (id,seed_run_id,entity_type,entity_id,enrichment_type,enrichment_json) VALUES ('enr_s09_supermarket_3b15b2943286a369','seed_run_s09_osm_supermarkets_20260502','organization','org_s09_supermarket_3b15b2943286a369','licence_data','{"osm_id": "700217906", "amenity": "mall", "addr_state": null, "operator": "Shoprite", "brand": null}');

INSERT OR IGNORE INTO organizations (id,tenant_id,organization_type,legal_name,display_name,registration_number,status,verification_state,created_at,updated_at) VALUES ('org_s09_supermarket_7f8691d94ab5317f','tenant_platform_seed','retail_store','Oluwole Urban Mall','Oluwole Urban Mall',NULL,'active','seeded',unixepoch(),unixepoch());
INSERT OR IGNORE INTO profiles (id,subject_id,subject_type,primary_place_id,tenant_id,workspace_id,display_name,created_at,updated_at) VALUES ('prof_s09_supermarket_7f8691d94ab5317f','org_s09_supermarket_7f8691d94ab5317f','organization','place_nigeria_001','tenant_platform_seed','workspace_platform_seed_discovery','Oluwole Urban Mall',unixepoch(),unixepoch());
INSERT OR IGNORE INTO search_entries (id,profile_id,display_name,keywords,ancestry_path,vertical,created_at,updated_at) VALUES ('se_s09_supermarket_7f8691d94ab5317f','prof_s09_supermarket_7f8691d94ab5317f','Oluwole Urban Mall','oluwole urban mall supermarket grocery store retail shopping nigeria','place_nigeria_001','commerce',unixepoch(),unixepoch());
INSERT OR IGNORE INTO seed_ingestion_records (id,seed_run_id,entity_type,entity_id,source_id,status) VALUES ('ir_s09_supermarket_7f8691d94ab5317f','seed_run_s09_osm_supermarkets_20260502','organization','org_s09_supermarket_7f8691d94ab5317f','seed_source_osm_supermarkets_ng_20260502','ingested');
INSERT OR IGNORE INTO seed_entity_sources (id,seed_run_id,entity_type,entity_id,source_id,confidence_tier) VALUES ('es_s09_supermarket_7f8691d94ab5317f','seed_run_s09_osm_supermarkets_20260502','organization','org_s09_supermarket_7f8691d94ab5317f','seed_source_osm_supermarkets_ng_20260502','seeded');
INSERT OR IGNORE INTO seed_enrichment (id,seed_run_id,entity_type,entity_id,enrichment_type,enrichment_json) VALUES ('enr_s09_supermarket_7f8691d94ab5317f','seed_run_s09_osm_supermarkets_20260502','organization','org_s09_supermarket_7f8691d94ab5317f','licence_data','{"osm_id": "704783397", "amenity": "mall", "addr_state": null, "operator": null, "brand": null}');

INSERT OR IGNORE INTO organizations (id,tenant_id,organization_type,legal_name,display_name,registration_number,status,verification_state,created_at,updated_at) VALUES ('org_s09_supermarket_4ca9832033b966e2','tenant_platform_seed','retail_store','Palms Mall','Palms Mall',NULL,'active','seeded',unixepoch(),unixepoch());
INSERT OR IGNORE INTO profiles (id,subject_id,subject_type,primary_place_id,tenant_id,workspace_id,display_name,created_at,updated_at) VALUES ('prof_s09_supermarket_4ca9832033b966e2','org_s09_supermarket_4ca9832033b966e2','organization','place_nigeria_001','tenant_platform_seed','workspace_platform_seed_discovery','Palms Mall',unixepoch(),unixepoch());
INSERT OR IGNORE INTO search_entries (id,profile_id,display_name,keywords,ancestry_path,vertical,created_at,updated_at) VALUES ('se_s09_supermarket_4ca9832033b966e2','prof_s09_supermarket_4ca9832033b966e2','Palms Mall','palms mall supermarket grocery store retail shopping nigeria','place_nigeria_001','commerce',unixepoch(),unixepoch());
INSERT OR IGNORE INTO seed_ingestion_records (id,seed_run_id,entity_type,entity_id,source_id,status) VALUES ('ir_s09_supermarket_4ca9832033b966e2','seed_run_s09_osm_supermarkets_20260502','organization','org_s09_supermarket_4ca9832033b966e2','seed_source_osm_supermarkets_ng_20260502','ingested');
INSERT OR IGNORE INTO seed_entity_sources (id,seed_run_id,entity_type,entity_id,source_id,confidence_tier) VALUES ('es_s09_supermarket_4ca9832033b966e2','seed_run_s09_osm_supermarkets_20260502','organization','org_s09_supermarket_4ca9832033b966e2','seed_source_osm_supermarkets_ng_20260502','seeded');
INSERT OR IGNORE INTO seed_enrichment (id,seed_run_id,entity_type,entity_id,enrichment_type,enrichment_json) VALUES ('enr_s09_supermarket_4ca9832033b966e2','seed_run_s09_osm_supermarkets_20260502','organization','org_s09_supermarket_4ca9832033b966e2','licence_data','{"osm_id": "705854749", "amenity": "mall", "addr_state": null, "operator": null, "brand": null}');

INSERT OR IGNORE INTO organizations (id,tenant_id,organization_type,legal_name,display_name,registration_number,status,verification_state,created_at,updated_at) VALUES ('org_s09_supermarket_d8a83e5a8dcdba1c','tenant_platform_seed','retail_store','Grand Square','Grand Square',NULL,'active','seeded',unixepoch(),unixepoch());
INSERT OR IGNORE INTO profiles (id,subject_id,subject_type,primary_place_id,tenant_id,workspace_id,display_name,created_at,updated_at) VALUES ('prof_s09_supermarket_d8a83e5a8dcdba1c','org_s09_supermarket_d8a83e5a8dcdba1c','organization','place_nigeria_001','tenant_platform_seed','workspace_platform_seed_discovery','Grand Square',unixepoch(),unixepoch());
INSERT OR IGNORE INTO search_entries (id,profile_id,display_name,keywords,ancestry_path,vertical,created_at,updated_at) VALUES ('se_s09_supermarket_d8a83e5a8dcdba1c','prof_s09_supermarket_d8a83e5a8dcdba1c','Grand Square','grand square supermarket grocery store retail shopping nigeria','place_nigeria_001','commerce',unixepoch(),unixepoch());
INSERT OR IGNORE INTO seed_ingestion_records (id,seed_run_id,entity_type,entity_id,source_id,status) VALUES ('ir_s09_supermarket_d8a83e5a8dcdba1c','seed_run_s09_osm_supermarkets_20260502','organization','org_s09_supermarket_d8a83e5a8dcdba1c','seed_source_osm_supermarkets_ng_20260502','ingested');
INSERT OR IGNORE INTO seed_entity_sources (id,seed_run_id,entity_type,entity_id,source_id,confidence_tier) VALUES ('es_s09_supermarket_d8a83e5a8dcdba1c','seed_run_s09_osm_supermarkets_20260502','organization','org_s09_supermarket_d8a83e5a8dcdba1c','seed_source_osm_supermarkets_ng_20260502','seeded');
INSERT OR IGNORE INTO seed_enrichment (id,seed_run_id,entity_type,entity_id,enrichment_type,enrichment_json) VALUES ('enr_s09_supermarket_d8a83e5a8dcdba1c','seed_run_s09_osm_supermarkets_20260502','organization','org_s09_supermarket_d8a83e5a8dcdba1c','licence_data','{"osm_id": "738664064", "amenity": "supermarket", "addr_state": null, "operator": null, "brand": null}');

INSERT OR IGNORE INTO organizations (id,tenant_id,organization_type,legal_name,display_name,registration_number,status,verification_state,created_at,updated_at) VALUES ('org_s09_supermarket_28fa2d78725aac6e','tenant_platform_seed','retail_store','Supersaver','Supersaver',NULL,'active','seeded',unixepoch(),unixepoch());
INSERT OR IGNORE INTO profiles (id,subject_id,subject_type,primary_place_id,tenant_id,workspace_id,display_name,created_at,updated_at) VALUES ('prof_s09_supermarket_28fa2d78725aac6e','org_s09_supermarket_28fa2d78725aac6e','organization','place_nigeria_001','tenant_platform_seed','workspace_platform_seed_discovery','Supersaver',unixepoch(),unixepoch());
INSERT OR IGNORE INTO search_entries (id,profile_id,display_name,keywords,ancestry_path,vertical,created_at,updated_at) VALUES ('se_s09_supermarket_28fa2d78725aac6e','prof_s09_supermarket_28fa2d78725aac6e','Supersaver','supersaver supermarket grocery store retail shopping nigeria','place_nigeria_001','commerce',unixepoch(),unixepoch());
INSERT OR IGNORE INTO seed_ingestion_records (id,seed_run_id,entity_type,entity_id,source_id,status) VALUES ('ir_s09_supermarket_28fa2d78725aac6e','seed_run_s09_osm_supermarkets_20260502','organization','org_s09_supermarket_28fa2d78725aac6e','seed_source_osm_supermarkets_ng_20260502','ingested');
INSERT OR IGNORE INTO seed_entity_sources (id,seed_run_id,entity_type,entity_id,source_id,confidence_tier) VALUES ('es_s09_supermarket_28fa2d78725aac6e','seed_run_s09_osm_supermarkets_20260502','organization','org_s09_supermarket_28fa2d78725aac6e','seed_source_osm_supermarkets_ng_20260502','seeded');
INSERT OR IGNORE INTO seed_enrichment (id,seed_run_id,entity_type,entity_id,enrichment_type,enrichment_json) VALUES ('enr_s09_supermarket_28fa2d78725aac6e','seed_run_s09_osm_supermarkets_20260502','organization','org_s09_supermarket_28fa2d78725aac6e','licence_data','{"osm_id": "747279120", "amenity": "supermarket", "addr_state": null, "operator": null, "brand": null}');

INSERT OR IGNORE INTO organizations (id,tenant_id,organization_type,legal_name,display_name,registration_number,status,verification_state,created_at,updated_at) VALUES ('org_s09_supermarket_02e626ca7b03d2e6','tenant_platform_seed','retail_store','Port Harcourt Mall','Port Harcourt Mall',NULL,'active','seeded',unixepoch(),unixepoch());
INSERT OR IGNORE INTO profiles (id,subject_id,subject_type,primary_place_id,tenant_id,workspace_id,display_name,created_at,updated_at) VALUES ('prof_s09_supermarket_02e626ca7b03d2e6','org_s09_supermarket_02e626ca7b03d2e6','organization','place_nigeria_001','tenant_platform_seed','workspace_platform_seed_discovery','Port Harcourt Mall',unixepoch(),unixepoch());
INSERT OR IGNORE INTO search_entries (id,profile_id,display_name,keywords,ancestry_path,vertical,created_at,updated_at) VALUES ('se_s09_supermarket_02e626ca7b03d2e6','prof_s09_supermarket_02e626ca7b03d2e6','Port Harcourt Mall','port harcourt mall supermarket grocery store retail shopping nigeria','place_nigeria_001','commerce',unixepoch(),unixepoch());
INSERT OR IGNORE INTO seed_ingestion_records (id,seed_run_id,entity_type,entity_id,source_id,status) VALUES ('ir_s09_supermarket_02e626ca7b03d2e6','seed_run_s09_osm_supermarkets_20260502','organization','org_s09_supermarket_02e626ca7b03d2e6','seed_source_osm_supermarkets_ng_20260502','ingested');
INSERT OR IGNORE INTO seed_entity_sources (id,seed_run_id,entity_type,entity_id,source_id,confidence_tier) VALUES ('es_s09_supermarket_02e626ca7b03d2e6','seed_run_s09_osm_supermarkets_20260502','organization','org_s09_supermarket_02e626ca7b03d2e6','seed_source_osm_supermarkets_ng_20260502','seeded');
INSERT OR IGNORE INTO seed_enrichment (id,seed_run_id,entity_type,entity_id,enrichment_type,enrichment_json) VALUES ('enr_s09_supermarket_02e626ca7b03d2e6','seed_run_s09_osm_supermarkets_20260502','organization','org_s09_supermarket_02e626ca7b03d2e6','licence_data','{"osm_id": "755344367", "amenity": "mall", "addr_state": null, "operator": null, "brand": null}');

INSERT OR IGNORE INTO organizations (id,tenant_id,organization_type,legal_name,display_name,registration_number,status,verification_state,created_at,updated_at) VALUES ('org_s09_supermarket_ec46532d925a2aeb','tenant_platform_seed','retail_store','Addide','Addide',NULL,'active','seeded',unixepoch(),unixepoch());
INSERT OR IGNORE INTO profiles (id,subject_id,subject_type,primary_place_id,tenant_id,workspace_id,display_name,created_at,updated_at) VALUES ('prof_s09_supermarket_ec46532d925a2aeb','org_s09_supermarket_ec46532d925a2aeb','organization','place_nigeria_001','tenant_platform_seed','workspace_platform_seed_discovery','Addide',unixepoch(),unixepoch());
INSERT OR IGNORE INTO search_entries (id,profile_id,display_name,keywords,ancestry_path,vertical,created_at,updated_at) VALUES ('se_s09_supermarket_ec46532d925a2aeb','prof_s09_supermarket_ec46532d925a2aeb','Addide','addide supermarket grocery store retail shopping nigeria','place_nigeria_001','commerce',unixepoch(),unixepoch());
INSERT OR IGNORE INTO seed_ingestion_records (id,seed_run_id,entity_type,entity_id,source_id,status) VALUES ('ir_s09_supermarket_ec46532d925a2aeb','seed_run_s09_osm_supermarkets_20260502','organization','org_s09_supermarket_ec46532d925a2aeb','seed_source_osm_supermarkets_ng_20260502','ingested');
INSERT OR IGNORE INTO seed_entity_sources (id,seed_run_id,entity_type,entity_id,source_id,confidence_tier) VALUES ('es_s09_supermarket_ec46532d925a2aeb','seed_run_s09_osm_supermarkets_20260502','organization','org_s09_supermarket_ec46532d925a2aeb','seed_source_osm_supermarkets_ng_20260502','seeded');
INSERT OR IGNORE INTO seed_enrichment (id,seed_run_id,entity_type,entity_id,enrichment_type,enrichment_json) VALUES ('enr_s09_supermarket_ec46532d925a2aeb','seed_run_s09_osm_supermarkets_20260502','organization','org_s09_supermarket_ec46532d925a2aeb','licence_data','{"osm_id": "779131263", "amenity": "supermarket", "addr_state": null, "operator": null, "brand": null}');

INSERT OR IGNORE INTO organizations (id,tenant_id,organization_type,legal_name,display_name,registration_number,status,verification_state,created_at,updated_at) VALUES ('org_s09_supermarket_0878b1bdfab4544d','tenant_platform_seed','retail_store','Blenco','Blenco',NULL,'active','seeded',unixepoch(),unixepoch());
INSERT OR IGNORE INTO profiles (id,subject_id,subject_type,primary_place_id,tenant_id,workspace_id,display_name,created_at,updated_at) VALUES ('prof_s09_supermarket_0878b1bdfab4544d','org_s09_supermarket_0878b1bdfab4544d','organization','place_nigeria_001','tenant_platform_seed','workspace_platform_seed_discovery','Blenco',unixepoch(),unixepoch());
INSERT OR IGNORE INTO search_entries (id,profile_id,display_name,keywords,ancestry_path,vertical,created_at,updated_at) VALUES ('se_s09_supermarket_0878b1bdfab4544d','prof_s09_supermarket_0878b1bdfab4544d','Blenco','blenco supermarket grocery store retail shopping nigeria','place_nigeria_001','commerce',unixepoch(),unixepoch());
INSERT OR IGNORE INTO seed_ingestion_records (id,seed_run_id,entity_type,entity_id,source_id,status) VALUES ('ir_s09_supermarket_0878b1bdfab4544d','seed_run_s09_osm_supermarkets_20260502','organization','org_s09_supermarket_0878b1bdfab4544d','seed_source_osm_supermarkets_ng_20260502','ingested');
INSERT OR IGNORE INTO seed_entity_sources (id,seed_run_id,entity_type,entity_id,source_id,confidence_tier) VALUES ('es_s09_supermarket_0878b1bdfab4544d','seed_run_s09_osm_supermarkets_20260502','organization','org_s09_supermarket_0878b1bdfab4544d','seed_source_osm_supermarkets_ng_20260502','seeded');
INSERT OR IGNORE INTO seed_enrichment (id,seed_run_id,entity_type,entity_id,enrichment_type,enrichment_json) VALUES ('enr_s09_supermarket_0878b1bdfab4544d','seed_run_s09_osm_supermarkets_20260502','organization','org_s09_supermarket_0878b1bdfab4544d','licence_data','{"osm_id": "785246903", "amenity": "supermarket", "addr_state": null, "operator": null, "brand": null}');

INSERT OR IGNORE INTO organizations (id,tenant_id,organization_type,legal_name,display_name,registration_number,status,verification_state,created_at,updated_at) VALUES ('org_s09_supermarket_e549a802a8b54f81','tenant_platform_seed','retail_store','Payless Supermarket','Payless Supermarket',NULL,'active','seeded',unixepoch(),unixepoch());
INSERT OR IGNORE INTO profiles (id,subject_id,subject_type,primary_place_id,tenant_id,workspace_id,display_name,created_at,updated_at) VALUES ('prof_s09_supermarket_e549a802a8b54f81','org_s09_supermarket_e549a802a8b54f81','organization','place_nigeria_001','tenant_platform_seed','workspace_platform_seed_discovery','Payless Supermarket',unixepoch(),unixepoch());
INSERT OR IGNORE INTO search_entries (id,profile_id,display_name,keywords,ancestry_path,vertical,created_at,updated_at) VALUES ('se_s09_supermarket_e549a802a8b54f81','prof_s09_supermarket_e549a802a8b54f81','Payless Supermarket','payless supermarket supermarket grocery store retail shopping nigeria','place_nigeria_001','commerce',unixepoch(),unixepoch());
INSERT OR IGNORE INTO seed_ingestion_records (id,seed_run_id,entity_type,entity_id,source_id,status) VALUES ('ir_s09_supermarket_e549a802a8b54f81','seed_run_s09_osm_supermarkets_20260502','organization','org_s09_supermarket_e549a802a8b54f81','seed_source_osm_supermarkets_ng_20260502','ingested');
INSERT OR IGNORE INTO seed_entity_sources (id,seed_run_id,entity_type,entity_id,source_id,confidence_tier) VALUES ('es_s09_supermarket_e549a802a8b54f81','seed_run_s09_osm_supermarkets_20260502','organization','org_s09_supermarket_e549a802a8b54f81','seed_source_osm_supermarkets_ng_20260502','seeded');
INSERT OR IGNORE INTO seed_enrichment (id,seed_run_id,entity_type,entity_id,enrichment_type,enrichment_json) VALUES ('enr_s09_supermarket_e549a802a8b54f81','seed_run_s09_osm_supermarkets_20260502','organization','org_s09_supermarket_e549a802a8b54f81','licence_data','{"osm_id": "801924049", "amenity": "supermarket", "addr_state": null, "operator": null, "brand": null}');

INSERT OR IGNORE INTO organizations (id,tenant_id,organization_type,legal_name,display_name,registration_number,status,verification_state,created_at,updated_at) VALUES ('org_s09_supermarket_9124d3c6668ae6ca','tenant_platform_seed','retail_store','Spinneys Supermarket','Spinneys Supermarket',NULL,'active','seeded',unixepoch(),unixepoch());
INSERT OR IGNORE INTO profiles (id,subject_id,subject_type,primary_place_id,tenant_id,workspace_id,display_name,created_at,updated_at) VALUES ('prof_s09_supermarket_9124d3c6668ae6ca','org_s09_supermarket_9124d3c6668ae6ca','organization','place_nigeria_001','tenant_platform_seed','workspace_platform_seed_discovery','Spinneys Supermarket',unixepoch(),unixepoch());
INSERT OR IGNORE INTO search_entries (id,profile_id,display_name,keywords,ancestry_path,vertical,created_at,updated_at) VALUES ('se_s09_supermarket_9124d3c6668ae6ca','prof_s09_supermarket_9124d3c6668ae6ca','Spinneys Supermarket','spinneys supermarket supermarket grocery store retail shopping nigeria','place_nigeria_001','commerce',unixepoch(),unixepoch());
INSERT OR IGNORE INTO seed_ingestion_records (id,seed_run_id,entity_type,entity_id,source_id,status) VALUES ('ir_s09_supermarket_9124d3c6668ae6ca','seed_run_s09_osm_supermarkets_20260502','organization','org_s09_supermarket_9124d3c6668ae6ca','seed_source_osm_supermarkets_ng_20260502','ingested');
INSERT OR IGNORE INTO seed_entity_sources (id,seed_run_id,entity_type,entity_id,source_id,confidence_tier) VALUES ('es_s09_supermarket_9124d3c6668ae6ca','seed_run_s09_osm_supermarkets_20260502','organization','org_s09_supermarket_9124d3c6668ae6ca','seed_source_osm_supermarkets_ng_20260502','seeded');
INSERT OR IGNORE INTO seed_enrichment (id,seed_run_id,entity_type,entity_id,enrichment_type,enrichment_json) VALUES ('enr_s09_supermarket_9124d3c6668ae6ca','seed_run_s09_osm_supermarkets_20260502','organization','org_s09_supermarket_9124d3c6668ae6ca','licence_data','{"osm_id": "802787475", "amenity": "supermarket", "addr_state": null, "operator": null, "brand": null}');

INSERT OR IGNORE INTO organizations (id,tenant_id,organization_type,legal_name,display_name,registration_number,status,verification_state,created_at,updated_at) VALUES ('org_s09_supermarket_013a82cc2d2fb8cf','tenant_platform_seed','retail_store','Akure Shopping Mall','Akure Shopping Mall',NULL,'active','seeded',unixepoch(),unixepoch());
INSERT OR IGNORE INTO profiles (id,subject_id,subject_type,primary_place_id,tenant_id,workspace_id,display_name,created_at,updated_at) VALUES ('prof_s09_supermarket_013a82cc2d2fb8cf','org_s09_supermarket_013a82cc2d2fb8cf','organization','place_nigeria_001','tenant_platform_seed','workspace_platform_seed_discovery','Akure Shopping Mall',unixepoch(),unixepoch());
INSERT OR IGNORE INTO search_entries (id,profile_id,display_name,keywords,ancestry_path,vertical,created_at,updated_at) VALUES ('se_s09_supermarket_013a82cc2d2fb8cf','prof_s09_supermarket_013a82cc2d2fb8cf','Akure Shopping Mall','akure shopping mall supermarket grocery store retail shopping nigeria','place_nigeria_001','commerce',unixepoch(),unixepoch());
INSERT OR IGNORE INTO seed_ingestion_records (id,seed_run_id,entity_type,entity_id,source_id,status) VALUES ('ir_s09_supermarket_013a82cc2d2fb8cf','seed_run_s09_osm_supermarkets_20260502','organization','org_s09_supermarket_013a82cc2d2fb8cf','seed_source_osm_supermarkets_ng_20260502','ingested');
INSERT OR IGNORE INTO seed_entity_sources (id,seed_run_id,entity_type,entity_id,source_id,confidence_tier) VALUES ('es_s09_supermarket_013a82cc2d2fb8cf','seed_run_s09_osm_supermarkets_20260502','organization','org_s09_supermarket_013a82cc2d2fb8cf','seed_source_osm_supermarkets_ng_20260502','seeded');
INSERT OR IGNORE INTO seed_enrichment (id,seed_run_id,entity_type,entity_id,enrichment_type,enrichment_json) VALUES ('enr_s09_supermarket_013a82cc2d2fb8cf','seed_run_s09_osm_supermarkets_20260502','organization','org_s09_supermarket_013a82cc2d2fb8cf','licence_data','{"osm_id": "837683775", "amenity": "mall", "addr_state": null, "operator": null, "brand": null}');

INSERT OR IGNORE INTO organizations (id,tenant_id,organization_type,legal_name,display_name,registration_number,status,verification_state,created_at,updated_at) VALUES ('org_s09_supermarket_ac79567024b729be','tenant_platform_seed','retail_store','Ceci Plaza Supermarket','Ceci Plaza Supermarket',NULL,'active','seeded',unixepoch(),unixepoch());
INSERT OR IGNORE INTO profiles (id,subject_id,subject_type,primary_place_id,tenant_id,workspace_id,display_name,created_at,updated_at) VALUES ('prof_s09_supermarket_ac79567024b729be','org_s09_supermarket_ac79567024b729be','organization','place_nigeria_001','tenant_platform_seed','workspace_platform_seed_discovery','Ceci Plaza Supermarket',unixepoch(),unixepoch());
INSERT OR IGNORE INTO search_entries (id,profile_id,display_name,keywords,ancestry_path,vertical,created_at,updated_at) VALUES ('se_s09_supermarket_ac79567024b729be','prof_s09_supermarket_ac79567024b729be','Ceci Plaza Supermarket','ceci plaza supermarket supermarket grocery store retail shopping nigeria','place_nigeria_001','commerce',unixepoch(),unixepoch());
INSERT OR IGNORE INTO seed_ingestion_records (id,seed_run_id,entity_type,entity_id,source_id,status) VALUES ('ir_s09_supermarket_ac79567024b729be','seed_run_s09_osm_supermarkets_20260502','organization','org_s09_supermarket_ac79567024b729be','seed_source_osm_supermarkets_ng_20260502','ingested');
INSERT OR IGNORE INTO seed_entity_sources (id,seed_run_id,entity_type,entity_id,source_id,confidence_tier) VALUES ('es_s09_supermarket_ac79567024b729be','seed_run_s09_osm_supermarkets_20260502','organization','org_s09_supermarket_ac79567024b729be','seed_source_osm_supermarkets_ng_20260502','seeded');
INSERT OR IGNORE INTO seed_enrichment (id,seed_run_id,entity_type,entity_id,enrichment_type,enrichment_json) VALUES ('enr_s09_supermarket_ac79567024b729be','seed_run_s09_osm_supermarkets_20260502','organization','org_s09_supermarket_ac79567024b729be','licence_data','{"osm_id": "838860388", "amenity": "supermarket", "addr_state": null, "operator": null, "brand": null}');

INSERT OR IGNORE INTO organizations (id,tenant_id,organization_type,legal_name,display_name,registration_number,status,verification_state,created_at,updated_at) VALUES ('org_s09_supermarket_6759fe8ade6a8745','tenant_platform_seed','retail_store','Prince Ebeano Supermarket','Prince Ebeano Supermarket',NULL,'active','seeded',unixepoch(),unixepoch());
INSERT OR IGNORE INTO profiles (id,subject_id,subject_type,primary_place_id,tenant_id,workspace_id,display_name,created_at,updated_at) VALUES ('prof_s09_supermarket_6759fe8ade6a8745','org_s09_supermarket_6759fe8ade6a8745','organization','place_nigeria_001','tenant_platform_seed','workspace_platform_seed_discovery','Prince Ebeano Supermarket',unixepoch(),unixepoch());
INSERT OR IGNORE INTO search_entries (id,profile_id,display_name,keywords,ancestry_path,vertical,created_at,updated_at) VALUES ('se_s09_supermarket_6759fe8ade6a8745','prof_s09_supermarket_6759fe8ade6a8745','Prince Ebeano Supermarket','prince ebeano supermarket supermarket grocery store retail shopping nigeria','place_nigeria_001','commerce',unixepoch(),unixepoch());
INSERT OR IGNORE INTO seed_ingestion_records (id,seed_run_id,entity_type,entity_id,source_id,status) VALUES ('ir_s09_supermarket_6759fe8ade6a8745','seed_run_s09_osm_supermarkets_20260502','organization','org_s09_supermarket_6759fe8ade6a8745','seed_source_osm_supermarkets_ng_20260502','ingested');
INSERT OR IGNORE INTO seed_entity_sources (id,seed_run_id,entity_type,entity_id,source_id,confidence_tier) VALUES ('es_s09_supermarket_6759fe8ade6a8745','seed_run_s09_osm_supermarkets_20260502','organization','org_s09_supermarket_6759fe8ade6a8745','seed_source_osm_supermarkets_ng_20260502','seeded');
INSERT OR IGNORE INTO seed_enrichment (id,seed_run_id,entity_type,entity_id,enrichment_type,enrichment_json) VALUES ('enr_s09_supermarket_6759fe8ade6a8745','seed_run_s09_osm_supermarkets_20260502','organization','org_s09_supermarket_6759fe8ade6a8745','licence_data','{"osm_id": "885971779", "amenity": "supermarket", "addr_state": null, "operator": null, "brand": null}');

INSERT OR IGNORE INTO organizations (id,tenant_id,organization_type,legal_name,display_name,registration_number,status,verification_state,created_at,updated_at) VALUES ('org_s09_supermarket_2ba17176acce433e','tenant_platform_seed','retail_store','Novare Apo','Novare Apo',NULL,'active','seeded',unixepoch(),unixepoch());
INSERT OR IGNORE INTO profiles (id,subject_id,subject_type,primary_place_id,tenant_id,workspace_id,display_name,created_at,updated_at) VALUES ('prof_s09_supermarket_2ba17176acce433e','org_s09_supermarket_2ba17176acce433e','organization','place_nigeria_001','tenant_platform_seed','workspace_platform_seed_discovery','Novare Apo',unixepoch(),unixepoch());
INSERT OR IGNORE INTO search_entries (id,profile_id,display_name,keywords,ancestry_path,vertical,created_at,updated_at) VALUES ('se_s09_supermarket_2ba17176acce433e','prof_s09_supermarket_2ba17176acce433e','Novare Apo','novare apo supermarket grocery store retail shopping nigeria','place_nigeria_001','commerce',unixepoch(),unixepoch());
INSERT OR IGNORE INTO seed_ingestion_records (id,seed_run_id,entity_type,entity_id,source_id,status) VALUES ('ir_s09_supermarket_2ba17176acce433e','seed_run_s09_osm_supermarkets_20260502','organization','org_s09_supermarket_2ba17176acce433e','seed_source_osm_supermarkets_ng_20260502','ingested');
INSERT OR IGNORE INTO seed_entity_sources (id,seed_run_id,entity_type,entity_id,source_id,confidence_tier) VALUES ('es_s09_supermarket_2ba17176acce433e','seed_run_s09_osm_supermarkets_20260502','organization','org_s09_supermarket_2ba17176acce433e','seed_source_osm_supermarkets_ng_20260502','seeded');
INSERT OR IGNORE INTO seed_enrichment (id,seed_run_id,entity_type,entity_id,enrichment_type,enrichment_json) VALUES ('enr_s09_supermarket_2ba17176acce433e','seed_run_s09_osm_supermarkets_20260502','organization','org_s09_supermarket_2ba17176acce433e','licence_data','{"osm_id": "898047980", "amenity": "mall", "addr_state": null, "operator": "Novare", "brand": null}');

INSERT OR IGNORE INTO organizations (id,tenant_id,organization_type,legal_name,display_name,registration_number,status,verification_state,created_at,updated_at) VALUES ('org_s09_supermarket_017fe8ff5d549ae9','tenant_platform_seed','retail_store','Novare Gateway','Novare Gateway',NULL,'active','seeded',unixepoch(),unixepoch());
INSERT OR IGNORE INTO profiles (id,subject_id,subject_type,primary_place_id,tenant_id,workspace_id,display_name,created_at,updated_at) VALUES ('prof_s09_supermarket_017fe8ff5d549ae9','org_s09_supermarket_017fe8ff5d549ae9','organization','place_nigeria_001','tenant_platform_seed','workspace_platform_seed_discovery','Novare Gateway',unixepoch(),unixepoch());
INSERT OR IGNORE INTO search_entries (id,profile_id,display_name,keywords,ancestry_path,vertical,created_at,updated_at) VALUES ('se_s09_supermarket_017fe8ff5d549ae9','prof_s09_supermarket_017fe8ff5d549ae9','Novare Gateway','novare gateway supermarket grocery store retail shopping nigeria','place_nigeria_001','commerce',unixepoch(),unixepoch());
INSERT OR IGNORE INTO seed_ingestion_records (id,seed_run_id,entity_type,entity_id,source_id,status) VALUES ('ir_s09_supermarket_017fe8ff5d549ae9','seed_run_s09_osm_supermarkets_20260502','organization','org_s09_supermarket_017fe8ff5d549ae9','seed_source_osm_supermarkets_ng_20260502','ingested');
INSERT OR IGNORE INTO seed_entity_sources (id,seed_run_id,entity_type,entity_id,source_id,confidence_tier) VALUES ('es_s09_supermarket_017fe8ff5d549ae9','seed_run_s09_osm_supermarkets_20260502','organization','org_s09_supermarket_017fe8ff5d549ae9','seed_source_osm_supermarkets_ng_20260502','seeded');
INSERT OR IGNORE INTO seed_enrichment (id,seed_run_id,entity_type,entity_id,enrichment_type,enrichment_json) VALUES ('enr_s09_supermarket_017fe8ff5d549ae9','seed_run_s09_osm_supermarkets_20260502','organization','org_s09_supermarket_017fe8ff5d549ae9','licence_data','{"osm_id": "898047983", "amenity": "mall", "addr_state": null, "operator": "Novare", "brand": null}');

INSERT OR IGNORE INTO organizations (id,tenant_id,organization_type,legal_name,display_name,registration_number,status,verification_state,created_at,updated_at) VALUES ('org_s09_supermarket_ff6312a2f3463a68','tenant_platform_seed','retail_store','Miskay Boutique','Miskay Boutique',NULL,'active','seeded',unixepoch(),unixepoch());
INSERT OR IGNORE INTO profiles (id,subject_id,subject_type,primary_place_id,tenant_id,workspace_id,display_name,created_at,updated_at) VALUES ('prof_s09_supermarket_ff6312a2f3463a68','org_s09_supermarket_ff6312a2f3463a68','organization','place_nigeria_001','tenant_platform_seed','workspace_platform_seed_discovery','Miskay Boutique',unixepoch(),unixepoch());
INSERT OR IGNORE INTO search_entries (id,profile_id,display_name,keywords,ancestry_path,vertical,created_at,updated_at) VALUES ('se_s09_supermarket_ff6312a2f3463a68','prof_s09_supermarket_ff6312a2f3463a68','Miskay Boutique','miskay boutique supermarket grocery store retail shopping nigeria','place_nigeria_001','commerce',unixepoch(),unixepoch());
INSERT OR IGNORE INTO seed_ingestion_records (id,seed_run_id,entity_type,entity_id,source_id,status) VALUES ('ir_s09_supermarket_ff6312a2f3463a68','seed_run_s09_osm_supermarkets_20260502','organization','org_s09_supermarket_ff6312a2f3463a68','seed_source_osm_supermarkets_ng_20260502','ingested');
INSERT OR IGNORE INTO seed_entity_sources (id,seed_run_id,entity_type,entity_id,source_id,confidence_tier) VALUES ('es_s09_supermarket_ff6312a2f3463a68','seed_run_s09_osm_supermarkets_20260502','organization','org_s09_supermarket_ff6312a2f3463a68','seed_source_osm_supermarkets_ng_20260502','seeded');
INSERT OR IGNORE INTO seed_enrichment (id,seed_run_id,entity_type,entity_id,enrichment_type,enrichment_json) VALUES ('enr_s09_supermarket_ff6312a2f3463a68','seed_run_s09_osm_supermarkets_20260502','organization','org_s09_supermarket_ff6312a2f3463a68','licence_data','{"osm_id": "941038668", "amenity": "mall", "addr_state": null, "operator": null, "brand": null}');

INSERT OR IGNORE INTO organizations (id,tenant_id,organization_type,legal_name,display_name,registration_number,status,verification_state,created_at,updated_at) VALUES ('org_s09_supermarket_c0d1639b23519eca','tenant_platform_seed','retail_store','JON KAMSY SUPERMARKET','JON KAMSY SUPERMARKET',NULL,'active','seeded',unixepoch(),unixepoch());
INSERT OR IGNORE INTO profiles (id,subject_id,subject_type,primary_place_id,tenant_id,workspace_id,display_name,created_at,updated_at) VALUES ('prof_s09_supermarket_c0d1639b23519eca','org_s09_supermarket_c0d1639b23519eca','organization','place_nigeria_001','tenant_platform_seed','workspace_platform_seed_discovery','JON KAMSY SUPERMARKET',unixepoch(),unixepoch());
INSERT OR IGNORE INTO search_entries (id,profile_id,display_name,keywords,ancestry_path,vertical,created_at,updated_at) VALUES ('se_s09_supermarket_c0d1639b23519eca','prof_s09_supermarket_c0d1639b23519eca','JON KAMSY SUPERMARKET','jon kamsy supermarket supermarket grocery store retail shopping nigeria','place_nigeria_001','commerce',unixepoch(),unixepoch());
INSERT OR IGNORE INTO seed_ingestion_records (id,seed_run_id,entity_type,entity_id,source_id,status) VALUES ('ir_s09_supermarket_c0d1639b23519eca','seed_run_s09_osm_supermarkets_20260502','organization','org_s09_supermarket_c0d1639b23519eca','seed_source_osm_supermarkets_ng_20260502','ingested');
INSERT OR IGNORE INTO seed_entity_sources (id,seed_run_id,entity_type,entity_id,source_id,confidence_tier) VALUES ('es_s09_supermarket_c0d1639b23519eca','seed_run_s09_osm_supermarkets_20260502','organization','org_s09_supermarket_c0d1639b23519eca','seed_source_osm_supermarkets_ng_20260502','seeded');
INSERT OR IGNORE INTO seed_enrichment (id,seed_run_id,entity_type,entity_id,enrichment_type,enrichment_json) VALUES ('enr_s09_supermarket_c0d1639b23519eca','seed_run_s09_osm_supermarkets_20260502','organization','org_s09_supermarket_c0d1639b23519eca','licence_data','{"osm_id": "1080662309", "amenity": "supermarket", "addr_state": null, "operator": null, "brand": null}');

INSERT OR IGNORE INTO organizations (id,tenant_id,organization_type,legal_name,display_name,registration_number,status,verification_state,created_at,updated_at) VALUES ('org_s09_supermarket_4446356e3827760e','tenant_platform_seed','retail_store','Robinson Plaza Warri','Robinson Plaza Warri',NULL,'active','seeded',unixepoch(),unixepoch());
INSERT OR IGNORE INTO profiles (id,subject_id,subject_type,primary_place_id,tenant_id,workspace_id,display_name,created_at,updated_at) VALUES ('prof_s09_supermarket_4446356e3827760e','org_s09_supermarket_4446356e3827760e','organization','place_nigeria_001','tenant_platform_seed','workspace_platform_seed_discovery','Robinson Plaza Warri',unixepoch(),unixepoch());
INSERT OR IGNORE INTO search_entries (id,profile_id,display_name,keywords,ancestry_path,vertical,created_at,updated_at) VALUES ('se_s09_supermarket_4446356e3827760e','prof_s09_supermarket_4446356e3827760e','Robinson Plaza Warri','robinson plaza warri supermarket grocery store retail shopping nigeria','place_nigeria_001','commerce',unixepoch(),unixepoch());
INSERT OR IGNORE INTO seed_ingestion_records (id,seed_run_id,entity_type,entity_id,source_id,status) VALUES ('ir_s09_supermarket_4446356e3827760e','seed_run_s09_osm_supermarkets_20260502','organization','org_s09_supermarket_4446356e3827760e','seed_source_osm_supermarkets_ng_20260502','ingested');
INSERT OR IGNORE INTO seed_entity_sources (id,seed_run_id,entity_type,entity_id,source_id,confidence_tier) VALUES ('es_s09_supermarket_4446356e3827760e','seed_run_s09_osm_supermarkets_20260502','organization','org_s09_supermarket_4446356e3827760e','seed_source_osm_supermarkets_ng_20260502','seeded');
INSERT OR IGNORE INTO seed_enrichment (id,seed_run_id,entity_type,entity_id,enrichment_type,enrichment_json) VALUES ('enr_s09_supermarket_4446356e3827760e','seed_run_s09_osm_supermarkets_20260502','organization','org_s09_supermarket_4446356e3827760e','licence_data','{"osm_id": "1154013012", "amenity": "mall", "addr_state": null, "operator": null, "brand": null}');

INSERT OR IGNORE INTO organizations (id,tenant_id,organization_type,legal_name,display_name,registration_number,status,verification_state,created_at,updated_at) VALUES ('org_s09_supermarket_2eddfad82bf3742e','tenant_platform_seed','retail_store','Faplins Estate Mall','Faplins Estate Mall',NULL,'active','seeded',unixepoch(),unixepoch());
INSERT OR IGNORE INTO profiles (id,subject_id,subject_type,primary_place_id,tenant_id,workspace_id,display_name,created_at,updated_at) VALUES ('prof_s09_supermarket_2eddfad82bf3742e','org_s09_supermarket_2eddfad82bf3742e','organization','place_nigeria_001','tenant_platform_seed','workspace_platform_seed_discovery','Faplins Estate Mall',unixepoch(),unixepoch());
INSERT OR IGNORE INTO search_entries (id,profile_id,display_name,keywords,ancestry_path,vertical,created_at,updated_at) VALUES ('se_s09_supermarket_2eddfad82bf3742e','prof_s09_supermarket_2eddfad82bf3742e','Faplins Estate Mall','faplins estate mall supermarket grocery store retail shopping nigeria','place_nigeria_001','commerce',unixepoch(),unixepoch());
INSERT OR IGNORE INTO seed_ingestion_records (id,seed_run_id,entity_type,entity_id,source_id,status) VALUES ('ir_s09_supermarket_2eddfad82bf3742e','seed_run_s09_osm_supermarkets_20260502','organization','org_s09_supermarket_2eddfad82bf3742e','seed_source_osm_supermarkets_ng_20260502','ingested');
INSERT OR IGNORE INTO seed_entity_sources (id,seed_run_id,entity_type,entity_id,source_id,confidence_tier) VALUES ('es_s09_supermarket_2eddfad82bf3742e','seed_run_s09_osm_supermarkets_20260502','organization','org_s09_supermarket_2eddfad82bf3742e','seed_source_osm_supermarkets_ng_20260502','seeded');
INSERT OR IGNORE INTO seed_enrichment (id,seed_run_id,entity_type,entity_id,enrichment_type,enrichment_json) VALUES ('enr_s09_supermarket_2eddfad82bf3742e','seed_run_s09_osm_supermarkets_20260502','organization','org_s09_supermarket_2eddfad82bf3742e','licence_data','{"osm_id": "1238916929", "amenity": "mall", "addr_state": null, "operator": null, "brand": null}');

INSERT OR IGNORE INTO organizations (id,tenant_id,organization_type,legal_name,display_name,registration_number,status,verification_state,created_at,updated_at) VALUES ('org_s09_supermarket_92f20616e1ad1f2c','tenant_platform_seed','retail_store','Big Mummy','Big Mummy',NULL,'active','seeded',unixepoch(),unixepoch());
INSERT OR IGNORE INTO profiles (id,subject_id,subject_type,primary_place_id,tenant_id,workspace_id,display_name,created_at,updated_at) VALUES ('prof_s09_supermarket_92f20616e1ad1f2c','org_s09_supermarket_92f20616e1ad1f2c','organization','place_nigeria_001','tenant_platform_seed','workspace_platform_seed_discovery','Big Mummy',unixepoch(),unixepoch());
INSERT OR IGNORE INTO search_entries (id,profile_id,display_name,keywords,ancestry_path,vertical,created_at,updated_at) VALUES ('se_s09_supermarket_92f20616e1ad1f2c','prof_s09_supermarket_92f20616e1ad1f2c','Big Mummy','big mummy supermarket grocery store retail shopping nigeria','place_nigeria_001','commerce',unixepoch(),unixepoch());
INSERT OR IGNORE INTO seed_ingestion_records (id,seed_run_id,entity_type,entity_id,source_id,status) VALUES ('ir_s09_supermarket_92f20616e1ad1f2c','seed_run_s09_osm_supermarkets_20260502','organization','org_s09_supermarket_92f20616e1ad1f2c','seed_source_osm_supermarkets_ng_20260502','ingested');
INSERT OR IGNORE INTO seed_entity_sources (id,seed_run_id,entity_type,entity_id,source_id,confidence_tier) VALUES ('es_s09_supermarket_92f20616e1ad1f2c','seed_run_s09_osm_supermarkets_20260502','organization','org_s09_supermarket_92f20616e1ad1f2c','seed_source_osm_supermarkets_ng_20260502','seeded');
INSERT OR IGNORE INTO seed_enrichment (id,seed_run_id,entity_type,entity_id,enrichment_type,enrichment_json) VALUES ('enr_s09_supermarket_92f20616e1ad1f2c','seed_run_s09_osm_supermarkets_20260502','organization','org_s09_supermarket_92f20616e1ad1f2c','licence_data','{"osm_id": "1288899865", "amenity": "supermarket", "addr_state": null, "operator": null, "brand": null}');

INSERT OR IGNORE INTO organizations (id,tenant_id,organization_type,legal_name,display_name,registration_number,status,verification_state,created_at,updated_at) VALUES ('org_s09_supermarket_5e70c374500cad6b','tenant_platform_seed','retail_store','WIN-P','WIN-P',NULL,'active','seeded',unixepoch(),unixepoch());
INSERT OR IGNORE INTO profiles (id,subject_id,subject_type,primary_place_id,tenant_id,workspace_id,display_name,created_at,updated_at) VALUES ('prof_s09_supermarket_5e70c374500cad6b','org_s09_supermarket_5e70c374500cad6b','organization','place_nigeria_001','tenant_platform_seed','workspace_platform_seed_discovery','WIN-P',unixepoch(),unixepoch());
INSERT OR IGNORE INTO search_entries (id,profile_id,display_name,keywords,ancestry_path,vertical,created_at,updated_at) VALUES ('se_s09_supermarket_5e70c374500cad6b','prof_s09_supermarket_5e70c374500cad6b','WIN-P','win-p supermarket grocery store retail shopping nigeria','place_nigeria_001','commerce',unixepoch(),unixepoch());
INSERT OR IGNORE INTO seed_ingestion_records (id,seed_run_id,entity_type,entity_id,source_id,status) VALUES ('ir_s09_supermarket_5e70c374500cad6b','seed_run_s09_osm_supermarkets_20260502','organization','org_s09_supermarket_5e70c374500cad6b','seed_source_osm_supermarkets_ng_20260502','ingested');
INSERT OR IGNORE INTO seed_entity_sources (id,seed_run_id,entity_type,entity_id,source_id,confidence_tier) VALUES ('es_s09_supermarket_5e70c374500cad6b','seed_run_s09_osm_supermarkets_20260502','organization','org_s09_supermarket_5e70c374500cad6b','seed_source_osm_supermarkets_ng_20260502','seeded');
INSERT OR IGNORE INTO seed_enrichment (id,seed_run_id,entity_type,entity_id,enrichment_type,enrichment_json) VALUES ('enr_s09_supermarket_5e70c374500cad6b','seed_run_s09_osm_supermarkets_20260502','organization','org_s09_supermarket_5e70c374500cad6b','licence_data','{"osm_id": "1306193103", "amenity": "supermarket", "addr_state": null, "operator": "WIN-P GAS", "brand": null}');

INSERT OR IGNORE INTO organizations (id,tenant_id,organization_type,legal_name,display_name,registration_number,status,verification_state,created_at,updated_at) VALUES ('org_s09_supermarket_b70c1b714c2ad7c3','tenant_platform_seed','retail_store','Everyday Supermarket','Everyday Supermarket',NULL,'active','seeded',unixepoch(),unixepoch());
INSERT OR IGNORE INTO profiles (id,subject_id,subject_type,primary_place_id,tenant_id,workspace_id,display_name,created_at,updated_at) VALUES ('prof_s09_supermarket_b70c1b714c2ad7c3','org_s09_supermarket_b70c1b714c2ad7c3','organization','place_nigeria_001','tenant_platform_seed','workspace_platform_seed_discovery','Everyday Supermarket',unixepoch(),unixepoch());
INSERT OR IGNORE INTO search_entries (id,profile_id,display_name,keywords,ancestry_path,vertical,created_at,updated_at) VALUES ('se_s09_supermarket_b70c1b714c2ad7c3','prof_s09_supermarket_b70c1b714c2ad7c3','Everyday Supermarket','everyday supermarket supermarket grocery store retail shopping nigeria','place_nigeria_001','commerce',unixepoch(),unixepoch());
INSERT OR IGNORE INTO seed_ingestion_records (id,seed_run_id,entity_type,entity_id,source_id,status) VALUES ('ir_s09_supermarket_b70c1b714c2ad7c3','seed_run_s09_osm_supermarkets_20260502','organization','org_s09_supermarket_b70c1b714c2ad7c3','seed_source_osm_supermarkets_ng_20260502','ingested');
INSERT OR IGNORE INTO seed_entity_sources (id,seed_run_id,entity_type,entity_id,source_id,confidence_tier) VALUES ('es_s09_supermarket_b70c1b714c2ad7c3','seed_run_s09_osm_supermarkets_20260502','organization','org_s09_supermarket_b70c1b714c2ad7c3','seed_source_osm_supermarkets_ng_20260502','seeded');
INSERT OR IGNORE INTO seed_enrichment (id,seed_run_id,entity_type,entity_id,enrichment_type,enrichment_json) VALUES ('enr_s09_supermarket_b70c1b714c2ad7c3','seed_run_s09_osm_supermarkets_20260502','organization','org_s09_supermarket_b70c1b714c2ad7c3','licence_data','{"osm_id": "1348006274", "amenity": "supermarket", "addr_state": null, "operator": null, "brand": null}');

INSERT OR IGNORE INTO organizations (id,tenant_id,organization_type,legal_name,display_name,registration_number,status,verification_state,created_at,updated_at) VALUES ('org_s09_supermarket_6fdc8d103b1200da','tenant_platform_seed','retail_store','Falomo Shopping Mall','Falomo Shopping Mall',NULL,'active','seeded',unixepoch(),unixepoch());
INSERT OR IGNORE INTO profiles (id,subject_id,subject_type,primary_place_id,tenant_id,workspace_id,display_name,created_at,updated_at) VALUES ('prof_s09_supermarket_6fdc8d103b1200da','org_s09_supermarket_6fdc8d103b1200da','organization','place_nigeria_001','tenant_platform_seed','workspace_platform_seed_discovery','Falomo Shopping Mall',unixepoch(),unixepoch());
INSERT OR IGNORE INTO search_entries (id,profile_id,display_name,keywords,ancestry_path,vertical,created_at,updated_at) VALUES ('se_s09_supermarket_6fdc8d103b1200da','prof_s09_supermarket_6fdc8d103b1200da','Falomo Shopping Mall','falomo shopping mall supermarket grocery store retail shopping nigeria','place_nigeria_001','commerce',unixepoch(),unixepoch());
INSERT OR IGNORE INTO seed_ingestion_records (id,seed_run_id,entity_type,entity_id,source_id,status) VALUES ('ir_s09_supermarket_6fdc8d103b1200da','seed_run_s09_osm_supermarkets_20260502','organization','org_s09_supermarket_6fdc8d103b1200da','seed_source_osm_supermarkets_ng_20260502','ingested');
INSERT OR IGNORE INTO seed_entity_sources (id,seed_run_id,entity_type,entity_id,source_id,confidence_tier) VALUES ('es_s09_supermarket_6fdc8d103b1200da','seed_run_s09_osm_supermarkets_20260502','organization','org_s09_supermarket_6fdc8d103b1200da','seed_source_osm_supermarkets_ng_20260502','seeded');
INSERT OR IGNORE INTO seed_enrichment (id,seed_run_id,entity_type,entity_id,enrichment_type,enrichment_json) VALUES ('enr_s09_supermarket_6fdc8d103b1200da','seed_run_s09_osm_supermarkets_20260502','organization','org_s09_supermarket_6fdc8d103b1200da','licence_data','{"osm_id": "1373912839", "amenity": "mall", "addr_state": null, "operator": null, "brand": null}');

INSERT OR IGNORE INTO organizations (id,tenant_id,organization_type,legal_name,display_name,registration_number,status,verification_state,created_at,updated_at) VALUES ('org_s09_supermarket_f844f9e70b3c88ee','tenant_platform_seed','retail_store','Sunflower Mall','Sunflower Mall',NULL,'active','seeded',unixepoch(),unixepoch());
INSERT OR IGNORE INTO profiles (id,subject_id,subject_type,primary_place_id,tenant_id,workspace_id,display_name,created_at,updated_at) VALUES ('prof_s09_supermarket_f844f9e70b3c88ee','org_s09_supermarket_f844f9e70b3c88ee','organization','place_nigeria_001','tenant_platform_seed','workspace_platform_seed_discovery','Sunflower Mall',unixepoch(),unixepoch());
INSERT OR IGNORE INTO search_entries (id,profile_id,display_name,keywords,ancestry_path,vertical,created_at,updated_at) VALUES ('se_s09_supermarket_f844f9e70b3c88ee','prof_s09_supermarket_f844f9e70b3c88ee','Sunflower Mall','sunflower mall supermarket grocery store retail shopping nigeria','place_nigeria_001','commerce',unixepoch(),unixepoch());
INSERT OR IGNORE INTO seed_ingestion_records (id,seed_run_id,entity_type,entity_id,source_id,status) VALUES ('ir_s09_supermarket_f844f9e70b3c88ee','seed_run_s09_osm_supermarkets_20260502','organization','org_s09_supermarket_f844f9e70b3c88ee','seed_source_osm_supermarkets_ng_20260502','ingested');
INSERT OR IGNORE INTO seed_entity_sources (id,seed_run_id,entity_type,entity_id,source_id,confidence_tier) VALUES ('es_s09_supermarket_f844f9e70b3c88ee','seed_run_s09_osm_supermarkets_20260502','organization','org_s09_supermarket_f844f9e70b3c88ee','seed_source_osm_supermarkets_ng_20260502','seeded');
INSERT OR IGNORE INTO seed_enrichment (id,seed_run_id,entity_type,entity_id,enrichment_type,enrichment_json) VALUES ('enr_s09_supermarket_f844f9e70b3c88ee','seed_run_s09_osm_supermarkets_20260502','organization','org_s09_supermarket_f844f9e70b3c88ee','licence_data','{"osm_id": "1379646813", "amenity": "mall", "addr_state": null, "operator": null, "brand": null}');

INSERT OR IGNORE INTO organizations (id,tenant_id,organization_type,legal_name,display_name,registration_number,status,verification_state,created_at,updated_at) VALUES ('org_s09_supermarket_4cb3fae99b7f7960','tenant_platform_seed','retail_store','Uniport Mall','Uniport Mall',NULL,'active','seeded',unixepoch(),unixepoch());
INSERT OR IGNORE INTO profiles (id,subject_id,subject_type,primary_place_id,tenant_id,workspace_id,display_name,created_at,updated_at) VALUES ('prof_s09_supermarket_4cb3fae99b7f7960','org_s09_supermarket_4cb3fae99b7f7960','organization','place_nigeria_001','tenant_platform_seed','workspace_platform_seed_discovery','Uniport Mall',unixepoch(),unixepoch());
INSERT OR IGNORE INTO search_entries (id,profile_id,display_name,keywords,ancestry_path,vertical,created_at,updated_at) VALUES ('se_s09_supermarket_4cb3fae99b7f7960','prof_s09_supermarket_4cb3fae99b7f7960','Uniport Mall','uniport mall supermarket grocery store retail shopping nigeria','place_nigeria_001','commerce',unixepoch(),unixepoch());
INSERT OR IGNORE INTO seed_ingestion_records (id,seed_run_id,entity_type,entity_id,source_id,status) VALUES ('ir_s09_supermarket_4cb3fae99b7f7960','seed_run_s09_osm_supermarkets_20260502','organization','org_s09_supermarket_4cb3fae99b7f7960','seed_source_osm_supermarkets_ng_20260502','ingested');
INSERT OR IGNORE INTO seed_entity_sources (id,seed_run_id,entity_type,entity_id,source_id,confidence_tier) VALUES ('es_s09_supermarket_4cb3fae99b7f7960','seed_run_s09_osm_supermarkets_20260502','organization','org_s09_supermarket_4cb3fae99b7f7960','seed_source_osm_supermarkets_ng_20260502','seeded');
INSERT OR IGNORE INTO seed_enrichment (id,seed_run_id,entity_type,entity_id,enrichment_type,enrichment_json) VALUES ('enr_s09_supermarket_4cb3fae99b7f7960','seed_run_s09_osm_supermarkets_20260502','organization','org_s09_supermarket_4cb3fae99b7f7960','licence_data','{"osm_id": "1419580731", "amenity": "mall", "addr_state": null, "operator": null, "brand": null}');

INSERT OR IGNORE INTO organizations (id,tenant_id,organization_type,legal_name,display_name,registration_number,status,verification_state,created_at,updated_at) VALUES ('org_s09_supermarket_0cd59450118e897f','tenant_platform_seed','retail_store','Iyemi Plaza','Iyemi Plaza',NULL,'active','seeded',unixepoch(),unixepoch());
INSERT OR IGNORE INTO profiles (id,subject_id,subject_type,primary_place_id,tenant_id,workspace_id,display_name,created_at,updated_at) VALUES ('prof_s09_supermarket_0cd59450118e897f','org_s09_supermarket_0cd59450118e897f','organization','place_nigeria_001','tenant_platform_seed','workspace_platform_seed_discovery','Iyemi Plaza',unixepoch(),unixepoch());
INSERT OR IGNORE INTO search_entries (id,profile_id,display_name,keywords,ancestry_path,vertical,created_at,updated_at) VALUES ('se_s09_supermarket_0cd59450118e897f','prof_s09_supermarket_0cd59450118e897f','Iyemi Plaza','iyemi plaza supermarket grocery store retail shopping nigeria','place_nigeria_001','commerce',unixepoch(),unixepoch());
INSERT OR IGNORE INTO seed_ingestion_records (id,seed_run_id,entity_type,entity_id,source_id,status) VALUES ('ir_s09_supermarket_0cd59450118e897f','seed_run_s09_osm_supermarkets_20260502','organization','org_s09_supermarket_0cd59450118e897f','seed_source_osm_supermarkets_ng_20260502','ingested');
INSERT OR IGNORE INTO seed_entity_sources (id,seed_run_id,entity_type,entity_id,source_id,confidence_tier) VALUES ('es_s09_supermarket_0cd59450118e897f','seed_run_s09_osm_supermarkets_20260502','organization','org_s09_supermarket_0cd59450118e897f','seed_source_osm_supermarkets_ng_20260502','seeded');
INSERT OR IGNORE INTO seed_enrichment (id,seed_run_id,entity_type,entity_id,enrichment_type,enrichment_json) VALUES ('enr_s09_supermarket_0cd59450118e897f','seed_run_s09_osm_supermarkets_20260502','organization','org_s09_supermarket_0cd59450118e897f','licence_data','{"osm_id": "1431372606", "amenity": "mall", "addr_state": null, "operator": null, "brand": null}');

INSERT OR IGNORE INTO organizations (id,tenant_id,organization_type,legal_name,display_name,registration_number,status,verification_state,created_at,updated_at) VALUES ('org_s09_supermarket_c4616cec96fbfe84','tenant_platform_seed','retail_store','Hytel Plaza','Hytel Plaza',NULL,'active','seeded',unixepoch(),unixepoch());
INSERT OR IGNORE INTO profiles (id,subject_id,subject_type,primary_place_id,tenant_id,workspace_id,display_name,created_at,updated_at) VALUES ('prof_s09_supermarket_c4616cec96fbfe84','org_s09_supermarket_c4616cec96fbfe84','organization','place_nigeria_001','tenant_platform_seed','workspace_platform_seed_discovery','Hytel Plaza',unixepoch(),unixepoch());
INSERT OR IGNORE INTO search_entries (id,profile_id,display_name,keywords,ancestry_path,vertical,created_at,updated_at) VALUES ('se_s09_supermarket_c4616cec96fbfe84','prof_s09_supermarket_c4616cec96fbfe84','Hytel Plaza','hytel plaza supermarket grocery store retail shopping nigeria','place_nigeria_001','commerce',unixepoch(),unixepoch());
INSERT OR IGNORE INTO seed_ingestion_records (id,seed_run_id,entity_type,entity_id,source_id,status) VALUES ('ir_s09_supermarket_c4616cec96fbfe84','seed_run_s09_osm_supermarkets_20260502','organization','org_s09_supermarket_c4616cec96fbfe84','seed_source_osm_supermarkets_ng_20260502','ingested');
INSERT OR IGNORE INTO seed_entity_sources (id,seed_run_id,entity_type,entity_id,source_id,confidence_tier) VALUES ('es_s09_supermarket_c4616cec96fbfe84','seed_run_s09_osm_supermarkets_20260502','organization','org_s09_supermarket_c4616cec96fbfe84','seed_source_osm_supermarkets_ng_20260502','seeded');
INSERT OR IGNORE INTO seed_enrichment (id,seed_run_id,entity_type,entity_id,enrichment_type,enrichment_json) VALUES ('enr_s09_supermarket_c4616cec96fbfe84','seed_run_s09_osm_supermarkets_20260502','organization','org_s09_supermarket_c4616cec96fbfe84','licence_data','{"osm_id": "1465627346", "amenity": "mall", "addr_state": null, "operator": null, "brand": null}');

INSERT OR IGNORE INTO organizations (id,tenant_id,organization_type,legal_name,display_name,registration_number,status,verification_state,created_at,updated_at) VALUES ('org_s09_supermarket_8a64de897ed3bd9d','tenant_platform_seed','retail_store','Ononuju House','Ononuju House',NULL,'active','seeded',unixepoch(),unixepoch());
INSERT OR IGNORE INTO profiles (id,subject_id,subject_type,primary_place_id,tenant_id,workspace_id,display_name,created_at,updated_at) VALUES ('prof_s09_supermarket_8a64de897ed3bd9d','org_s09_supermarket_8a64de897ed3bd9d','organization','place_nigeria_001','tenant_platform_seed','workspace_platform_seed_discovery','Ononuju House',unixepoch(),unixepoch());
INSERT OR IGNORE INTO search_entries (id,profile_id,display_name,keywords,ancestry_path,vertical,created_at,updated_at) VALUES ('se_s09_supermarket_8a64de897ed3bd9d','prof_s09_supermarket_8a64de897ed3bd9d','Ononuju House','ononuju house supermarket grocery store retail shopping nigeria','place_nigeria_001','commerce',unixepoch(),unixepoch());
INSERT OR IGNORE INTO seed_ingestion_records (id,seed_run_id,entity_type,entity_id,source_id,status) VALUES ('ir_s09_supermarket_8a64de897ed3bd9d','seed_run_s09_osm_supermarkets_20260502','organization','org_s09_supermarket_8a64de897ed3bd9d','seed_source_osm_supermarkets_ng_20260502','ingested');
INSERT OR IGNORE INTO seed_entity_sources (id,seed_run_id,entity_type,entity_id,source_id,confidence_tier) VALUES ('es_s09_supermarket_8a64de897ed3bd9d','seed_run_s09_osm_supermarkets_20260502','organization','org_s09_supermarket_8a64de897ed3bd9d','seed_source_osm_supermarkets_ng_20260502','seeded');
INSERT OR IGNORE INTO seed_enrichment (id,seed_run_id,entity_type,entity_id,enrichment_type,enrichment_json) VALUES ('enr_s09_supermarket_8a64de897ed3bd9d','seed_run_s09_osm_supermarkets_20260502','organization','org_s09_supermarket_8a64de897ed3bd9d','licence_data','{"osm_id": "1465638401", "amenity": "mall", "addr_state": null, "operator": null, "brand": null}');

INSERT OR IGNORE INTO organizations (id,tenant_id,organization_type,legal_name,display_name,registration_number,status,verification_state,created_at,updated_at) VALUES ('org_s09_supermarket_013ad57d6b177f38','tenant_platform_seed','retail_store','N. Wasco Electronics plaza','N. Wasco Electronics plaza',NULL,'active','seeded',unixepoch(),unixepoch());
INSERT OR IGNORE INTO profiles (id,subject_id,subject_type,primary_place_id,tenant_id,workspace_id,display_name,created_at,updated_at) VALUES ('prof_s09_supermarket_013ad57d6b177f38','org_s09_supermarket_013ad57d6b177f38','organization','place_nigeria_001','tenant_platform_seed','workspace_platform_seed_discovery','N. Wasco Electronics plaza',unixepoch(),unixepoch());
INSERT OR IGNORE INTO search_entries (id,profile_id,display_name,keywords,ancestry_path,vertical,created_at,updated_at) VALUES ('se_s09_supermarket_013ad57d6b177f38','prof_s09_supermarket_013ad57d6b177f38','N. Wasco Electronics plaza','n. wasco electronics plaza supermarket grocery store retail shopping nigeria','place_nigeria_001','commerce',unixepoch(),unixepoch());
INSERT OR IGNORE INTO seed_ingestion_records (id,seed_run_id,entity_type,entity_id,source_id,status) VALUES ('ir_s09_supermarket_013ad57d6b177f38','seed_run_s09_osm_supermarkets_20260502','organization','org_s09_supermarket_013ad57d6b177f38','seed_source_osm_supermarkets_ng_20260502','ingested');
INSERT OR IGNORE INTO seed_entity_sources (id,seed_run_id,entity_type,entity_id,source_id,confidence_tier) VALUES ('es_s09_supermarket_013ad57d6b177f38','seed_run_s09_osm_supermarkets_20260502','organization','org_s09_supermarket_013ad57d6b177f38','seed_source_osm_supermarkets_ng_20260502','seeded');
INSERT OR IGNORE INTO seed_enrichment (id,seed_run_id,entity_type,entity_id,enrichment_type,enrichment_json) VALUES ('enr_s09_supermarket_013ad57d6b177f38','seed_run_s09_osm_supermarkets_20260502','organization','org_s09_supermarket_013ad57d6b177f38','licence_data','{"osm_id": "1465641073", "amenity": "mall", "addr_state": null, "operator": null, "brand": null}');

INSERT OR IGNORE INTO organizations (id,tenant_id,organization_type,legal_name,display_name,registration_number,status,verification_state,created_at,updated_at) VALUES ('org_s09_supermarket_e06ff1901232ae10','tenant_platform_seed','retail_store','Greenwich Mall','Greenwich Mall',NULL,'active','seeded',unixepoch(),unixepoch());
INSERT OR IGNORE INTO profiles (id,subject_id,subject_type,primary_place_id,tenant_id,workspace_id,display_name,created_at,updated_at) VALUES ('prof_s09_supermarket_e06ff1901232ae10','org_s09_supermarket_e06ff1901232ae10','organization','place_nigeria_001','tenant_platform_seed','workspace_platform_seed_discovery','Greenwich Mall',unixepoch(),unixepoch());
INSERT OR IGNORE INTO search_entries (id,profile_id,display_name,keywords,ancestry_path,vertical,created_at,updated_at) VALUES ('se_s09_supermarket_e06ff1901232ae10','prof_s09_supermarket_e06ff1901232ae10','Greenwich Mall','greenwich mall supermarket grocery store retail shopping nigeria','place_nigeria_001','commerce',unixepoch(),unixepoch());
INSERT OR IGNORE INTO seed_ingestion_records (id,seed_run_id,entity_type,entity_id,source_id,status) VALUES ('ir_s09_supermarket_e06ff1901232ae10','seed_run_s09_osm_supermarkets_20260502','organization','org_s09_supermarket_e06ff1901232ae10','seed_source_osm_supermarkets_ng_20260502','ingested');
INSERT OR IGNORE INTO seed_entity_sources (id,seed_run_id,entity_type,entity_id,source_id,confidence_tier) VALUES ('es_s09_supermarket_e06ff1901232ae10','seed_run_s09_osm_supermarkets_20260502','organization','org_s09_supermarket_e06ff1901232ae10','seed_source_osm_supermarkets_ng_20260502','seeded');
INSERT OR IGNORE INTO seed_enrichment (id,seed_run_id,entity_type,entity_id,enrichment_type,enrichment_json) VALUES ('enr_s09_supermarket_e06ff1901232ae10','seed_run_s09_osm_supermarkets_20260502','organization','org_s09_supermarket_e06ff1901232ae10','licence_data','{"osm_id": "1465643473", "amenity": "mall", "addr_state": null, "operator": null, "brand": null}');

INSERT OR IGNORE INTO organizations (id,tenant_id,organization_type,legal_name,display_name,registration_number,status,verification_state,created_at,updated_at) VALUES ('org_s09_supermarket_f48a2db3a06c0e27','tenant_platform_seed','retail_store','ORCA Mall','ORCA Mall',NULL,'active','seeded',unixepoch(),unixepoch());
INSERT OR IGNORE INTO profiles (id,subject_id,subject_type,primary_place_id,tenant_id,workspace_id,display_name,created_at,updated_at) VALUES ('prof_s09_supermarket_f48a2db3a06c0e27','org_s09_supermarket_f48a2db3a06c0e27','organization','place_nigeria_001','tenant_platform_seed','workspace_platform_seed_discovery','ORCA Mall',unixepoch(),unixepoch());
INSERT OR IGNORE INTO search_entries (id,profile_id,display_name,keywords,ancestry_path,vertical,created_at,updated_at) VALUES ('se_s09_supermarket_f48a2db3a06c0e27','prof_s09_supermarket_f48a2db3a06c0e27','ORCA Mall','orca mall supermarket grocery store retail shopping nigeria','place_nigeria_001','commerce',unixepoch(),unixepoch());
INSERT OR IGNORE INTO seed_ingestion_records (id,seed_run_id,entity_type,entity_id,source_id,status) VALUES ('ir_s09_supermarket_f48a2db3a06c0e27','seed_run_s09_osm_supermarkets_20260502','organization','org_s09_supermarket_f48a2db3a06c0e27','seed_source_osm_supermarkets_ng_20260502','ingested');
INSERT OR IGNORE INTO seed_entity_sources (id,seed_run_id,entity_type,entity_id,source_id,confidence_tier) VALUES ('es_s09_supermarket_f48a2db3a06c0e27','seed_run_s09_osm_supermarkets_20260502','organization','org_s09_supermarket_f48a2db3a06c0e27','seed_source_osm_supermarkets_ng_20260502','seeded');
INSERT OR IGNORE INTO seed_enrichment (id,seed_run_id,entity_type,entity_id,enrichment_type,enrichment_json) VALUES ('enr_s09_supermarket_f48a2db3a06c0e27','seed_run_s09_osm_supermarkets_20260502','organization','org_s09_supermarket_f48a2db3a06c0e27','licence_data','{"osm_id": "1466331526", "amenity": "mall", "addr_state": null, "operator": null, "brand": null}');

INSERT OR IGNORE INTO organizations (id,tenant_id,organization_type,legal_name,display_name,registration_number,status,verification_state,created_at,updated_at) VALUES ('org_s09_supermarket_baf6a53512d07d3c','tenant_platform_seed','retail_store','Blenco Supermarket','Blenco Supermarket',NULL,'active','seeded',unixepoch(),unixepoch());
INSERT OR IGNORE INTO profiles (id,subject_id,subject_type,primary_place_id,tenant_id,workspace_id,display_name,created_at,updated_at) VALUES ('prof_s09_supermarket_baf6a53512d07d3c','org_s09_supermarket_baf6a53512d07d3c','organization','place_nigeria_001','tenant_platform_seed','workspace_platform_seed_discovery','Blenco Supermarket',unixepoch(),unixepoch());
INSERT OR IGNORE INTO search_entries (id,profile_id,display_name,keywords,ancestry_path,vertical,created_at,updated_at) VALUES ('se_s09_supermarket_baf6a53512d07d3c','prof_s09_supermarket_baf6a53512d07d3c','Blenco Supermarket','blenco supermarket supermarket grocery store retail shopping nigeria','place_nigeria_001','commerce',unixepoch(),unixepoch());
INSERT OR IGNORE INTO seed_ingestion_records (id,seed_run_id,entity_type,entity_id,source_id,status) VALUES ('ir_s09_supermarket_baf6a53512d07d3c','seed_run_s09_osm_supermarkets_20260502','organization','org_s09_supermarket_baf6a53512d07d3c','seed_source_osm_supermarkets_ng_20260502','ingested');
INSERT OR IGNORE INTO seed_entity_sources (id,seed_run_id,entity_type,entity_id,source_id,confidence_tier) VALUES ('es_s09_supermarket_baf6a53512d07d3c','seed_run_s09_osm_supermarkets_20260502','organization','org_s09_supermarket_baf6a53512d07d3c','seed_source_osm_supermarkets_ng_20260502','seeded');
INSERT OR IGNORE INTO seed_enrichment (id,seed_run_id,entity_type,entity_id,enrichment_type,enrichment_json) VALUES ('enr_s09_supermarket_baf6a53512d07d3c','seed_run_s09_osm_supermarkets_20260502','organization','org_s09_supermarket_baf6a53512d07d3c','licence_data','{"osm_id": "1472810285", "amenity": "supermarket", "addr_state": null, "operator": null, "brand": null}');

INSERT OR IGNORE INTO organizations (id,tenant_id,organization_type,legal_name,display_name,registration_number,status,verification_state,created_at,updated_at) VALUES ('org_s09_supermarket_2fee53c14bd62848','tenant_platform_seed','retail_store','Millipat Plaza','Millipat Plaza',NULL,'active','seeded',unixepoch(),unixepoch());
INSERT OR IGNORE INTO profiles (id,subject_id,subject_type,primary_place_id,tenant_id,workspace_id,display_name,created_at,updated_at) VALUES ('prof_s09_supermarket_2fee53c14bd62848','org_s09_supermarket_2fee53c14bd62848','organization','place_nigeria_001','tenant_platform_seed','workspace_platform_seed_discovery','Millipat Plaza',unixepoch(),unixepoch());
INSERT OR IGNORE INTO search_entries (id,profile_id,display_name,keywords,ancestry_path,vertical,created_at,updated_at) VALUES ('se_s09_supermarket_2fee53c14bd62848','prof_s09_supermarket_2fee53c14bd62848','Millipat Plaza','millipat plaza supermarket grocery store retail shopping nigeria','place_nigeria_001','commerce',unixepoch(),unixepoch());
INSERT OR IGNORE INTO seed_ingestion_records (id,seed_run_id,entity_type,entity_id,source_id,status) VALUES ('ir_s09_supermarket_2fee53c14bd62848','seed_run_s09_osm_supermarkets_20260502','organization','org_s09_supermarket_2fee53c14bd62848','seed_source_osm_supermarkets_ng_20260502','ingested');
INSERT OR IGNORE INTO seed_entity_sources (id,seed_run_id,entity_type,entity_id,source_id,confidence_tier) VALUES ('es_s09_supermarket_2fee53c14bd62848','seed_run_s09_osm_supermarkets_20260502','organization','org_s09_supermarket_2fee53c14bd62848','seed_source_osm_supermarkets_ng_20260502','seeded');
INSERT OR IGNORE INTO seed_enrichment (id,seed_run_id,entity_type,entity_id,enrichment_type,enrichment_json) VALUES ('enr_s09_supermarket_2fee53c14bd62848','seed_run_s09_osm_supermarkets_20260502','organization','org_s09_supermarket_2fee53c14bd62848','licence_data','{"osm_id": "31445570", "amenity": "mall", "addr_state": null, "operator": null, "brand": null}');

INSERT OR IGNORE INTO organizations (id,tenant_id,organization_type,legal_name,display_name,registration_number,status,verification_state,created_at,updated_at) VALUES ('org_s09_supermarket_6e7360542d7dffd5','tenant_platform_seed','retail_store','Manan','Manan',NULL,'active','seeded',unixepoch(),unixepoch());
INSERT OR IGNORE INTO profiles (id,subject_id,subject_type,primary_place_id,tenant_id,workspace_id,display_name,created_at,updated_at) VALUES ('prof_s09_supermarket_6e7360542d7dffd5','org_s09_supermarket_6e7360542d7dffd5','organization','place_nigeria_001','tenant_platform_seed','workspace_platform_seed_discovery','Manan',unixepoch(),unixepoch());
INSERT OR IGNORE INTO search_entries (id,profile_id,display_name,keywords,ancestry_path,vertical,created_at,updated_at) VALUES ('se_s09_supermarket_6e7360542d7dffd5','prof_s09_supermarket_6e7360542d7dffd5','Manan','manan supermarket grocery store retail shopping nigeria','place_nigeria_001','commerce',unixepoch(),unixepoch());
INSERT OR IGNORE INTO seed_ingestion_records (id,seed_run_id,entity_type,entity_id,source_id,status) VALUES ('ir_s09_supermarket_6e7360542d7dffd5','seed_run_s09_osm_supermarkets_20260502','organization','org_s09_supermarket_6e7360542d7dffd5','seed_source_osm_supermarkets_ng_20260502','ingested');
INSERT OR IGNORE INTO seed_entity_sources (id,seed_run_id,entity_type,entity_id,source_id,confidence_tier) VALUES ('es_s09_supermarket_6e7360542d7dffd5','seed_run_s09_osm_supermarkets_20260502','organization','org_s09_supermarket_6e7360542d7dffd5','seed_source_osm_supermarkets_ng_20260502','seeded');
INSERT OR IGNORE INTO seed_enrichment (id,seed_run_id,entity_type,entity_id,enrichment_type,enrichment_json) VALUES ('enr_s09_supermarket_6e7360542d7dffd5','seed_run_s09_osm_supermarkets_20260502','organization','org_s09_supermarket_6e7360542d7dffd5','licence_data','{"osm_id": "541871957", "amenity": "supermarket", "addr_state": null, "operator": null, "brand": null}');

INSERT OR IGNORE INTO organizations (id,tenant_id,organization_type,legal_name,display_name,registration_number,status,verification_state,created_at,updated_at) VALUES ('org_s09_supermarket_9c63be008bb8d3d9','tenant_platform_seed','retail_store','Shagon Buba','Shagon Buba',NULL,'active','seeded',unixepoch(),unixepoch());
INSERT OR IGNORE INTO profiles (id,subject_id,subject_type,primary_place_id,tenant_id,workspace_id,display_name,created_at,updated_at) VALUES ('prof_s09_supermarket_9c63be008bb8d3d9','org_s09_supermarket_9c63be008bb8d3d9','organization','place_nigeria_001','tenant_platform_seed','workspace_platform_seed_discovery','Shagon Buba',unixepoch(),unixepoch());
INSERT OR IGNORE INTO search_entries (id,profile_id,display_name,keywords,ancestry_path,vertical,created_at,updated_at) VALUES ('se_s09_supermarket_9c63be008bb8d3d9','prof_s09_supermarket_9c63be008bb8d3d9','Shagon Buba','shagon buba supermarket grocery store retail shopping nigeria','place_nigeria_001','commerce',unixepoch(),unixepoch());
INSERT OR IGNORE INTO seed_ingestion_records (id,seed_run_id,entity_type,entity_id,source_id,status) VALUES ('ir_s09_supermarket_9c63be008bb8d3d9','seed_run_s09_osm_supermarkets_20260502','organization','org_s09_supermarket_9c63be008bb8d3d9','seed_source_osm_supermarkets_ng_20260502','ingested');
INSERT OR IGNORE INTO seed_entity_sources (id,seed_run_id,entity_type,entity_id,source_id,confidence_tier) VALUES ('es_s09_supermarket_9c63be008bb8d3d9','seed_run_s09_osm_supermarkets_20260502','organization','org_s09_supermarket_9c63be008bb8d3d9','seed_source_osm_supermarkets_ng_20260502','seeded');
INSERT OR IGNORE INTO seed_enrichment (id,seed_run_id,entity_type,entity_id,enrichment_type,enrichment_json) VALUES ('enr_s09_supermarket_9c63be008bb8d3d9','seed_run_s09_osm_supermarkets_20260502','organization','org_s09_supermarket_9c63be008bb8d3d9','licence_data','{"osm_id": "1754869251", "amenity": "supermarket", "addr_state": null, "operator": null, "brand": null}');

INSERT OR IGNORE INTO organizations (id,tenant_id,organization_type,legal_name,display_name,registration_number,status,verification_state,created_at,updated_at) VALUES ('org_s09_supermarket_a21888b79534cf50','tenant_platform_seed','retail_store','Etablissement Hadadad Khalil','Etablissement Hadadad Khalil',NULL,'active','seeded',unixepoch(),unixepoch());
INSERT OR IGNORE INTO profiles (id,subject_id,subject_type,primary_place_id,tenant_id,workspace_id,display_name,created_at,updated_at) VALUES ('prof_s09_supermarket_a21888b79534cf50','org_s09_supermarket_a21888b79534cf50','organization','place_nigeria_001','tenant_platform_seed','workspace_platform_seed_discovery','Etablissement Hadadad Khalil',unixepoch(),unixepoch());
INSERT OR IGNORE INTO search_entries (id,profile_id,display_name,keywords,ancestry_path,vertical,created_at,updated_at) VALUES ('se_s09_supermarket_a21888b79534cf50','prof_s09_supermarket_a21888b79534cf50','Etablissement Hadadad Khalil','etablissement hadadad khalil supermarket grocery store retail shopping nigeria','place_nigeria_001','commerce',unixepoch(),unixepoch());
INSERT OR IGNORE INTO seed_ingestion_records (id,seed_run_id,entity_type,entity_id,source_id,status) VALUES ('ir_s09_supermarket_a21888b79534cf50','seed_run_s09_osm_supermarkets_20260502','organization','org_s09_supermarket_a21888b79534cf50','seed_source_osm_supermarkets_ng_20260502','ingested');
INSERT OR IGNORE INTO seed_entity_sources (id,seed_run_id,entity_type,entity_id,source_id,confidence_tier) VALUES ('es_s09_supermarket_a21888b79534cf50','seed_run_s09_osm_supermarkets_20260502','organization','org_s09_supermarket_a21888b79534cf50','seed_source_osm_supermarkets_ng_20260502','seeded');
INSERT OR IGNORE INTO seed_enrichment (id,seed_run_id,entity_type,entity_id,enrichment_type,enrichment_json) VALUES ('enr_s09_supermarket_a21888b79534cf50','seed_run_s09_osm_supermarkets_20260502','organization','org_s09_supermarket_a21888b79534cf50','licence_data','{"osm_id": "3906097876", "amenity": "supermarket", "addr_state": null, "operator": null, "brand": null}');

INSERT OR IGNORE INTO organizations (id,tenant_id,organization_type,legal_name,display_name,registration_number,status,verification_state,created_at,updated_at) VALUES ('org_s09_supermarket_1b8aebee3d66bd33','tenant_platform_seed','retail_store','Game','Game',NULL,'active','seeded',unixepoch(),unixepoch());
INSERT OR IGNORE INTO profiles (id,subject_id,subject_type,primary_place_id,tenant_id,workspace_id,display_name,created_at,updated_at) VALUES ('prof_s09_supermarket_1b8aebee3d66bd33','org_s09_supermarket_1b8aebee3d66bd33','organization','place_nigeria_001','tenant_platform_seed','workspace_platform_seed_discovery','Game',unixepoch(),unixepoch());
INSERT OR IGNORE INTO search_entries (id,profile_id,display_name,keywords,ancestry_path,vertical,created_at,updated_at) VALUES ('se_s09_supermarket_1b8aebee3d66bd33','prof_s09_supermarket_1b8aebee3d66bd33','Game','game supermarket grocery store retail shopping nigeria','place_nigeria_001','commerce',unixepoch(),unixepoch());
INSERT OR IGNORE INTO seed_ingestion_records (id,seed_run_id,entity_type,entity_id,source_id,status) VALUES ('ir_s09_supermarket_1b8aebee3d66bd33','seed_run_s09_osm_supermarkets_20260502','organization','org_s09_supermarket_1b8aebee3d66bd33','seed_source_osm_supermarkets_ng_20260502','ingested');
INSERT OR IGNORE INTO seed_entity_sources (id,seed_run_id,entity_type,entity_id,source_id,confidence_tier) VALUES ('es_s09_supermarket_1b8aebee3d66bd33','seed_run_s09_osm_supermarkets_20260502','organization','org_s09_supermarket_1b8aebee3d66bd33','seed_source_osm_supermarkets_ng_20260502','seeded');
INSERT OR IGNORE INTO seed_enrichment (id,seed_run_id,entity_type,entity_id,enrichment_type,enrichment_json) VALUES ('enr_s09_supermarket_1b8aebee3d66bd33','seed_run_s09_osm_supermarkets_20260502','organization','org_s09_supermarket_1b8aebee3d66bd33','licence_data','{"osm_id": "4237933928", "amenity": "supermarket", "addr_state": null, "operator": null, "brand": "Game"}');

INSERT OR IGNORE INTO organizations (id,tenant_id,organization_type,legal_name,display_name,registration_number,status,verification_state,created_at,updated_at) VALUES ('org_s09_supermarket_0766c1979c393359','tenant_platform_seed','retail_store','Shoprite','Shoprite',NULL,'active','seeded',unixepoch(),unixepoch());
INSERT OR IGNORE INTO profiles (id,subject_id,subject_type,primary_place_id,tenant_id,workspace_id,display_name,created_at,updated_at) VALUES ('prof_s09_supermarket_0766c1979c393359','org_s09_supermarket_0766c1979c393359','organization','place_nigeria_001','tenant_platform_seed','workspace_platform_seed_discovery','Shoprite',unixepoch(),unixepoch());
INSERT OR IGNORE INTO search_entries (id,profile_id,display_name,keywords,ancestry_path,vertical,created_at,updated_at) VALUES ('se_s09_supermarket_0766c1979c393359','prof_s09_supermarket_0766c1979c393359','Shoprite','shoprite supermarket grocery store retail shopping nigeria','place_nigeria_001','commerce',unixepoch(),unixepoch());
INSERT OR IGNORE INTO seed_ingestion_records (id,seed_run_id,entity_type,entity_id,source_id,status) VALUES ('ir_s09_supermarket_0766c1979c393359','seed_run_s09_osm_supermarkets_20260502','organization','org_s09_supermarket_0766c1979c393359','seed_source_osm_supermarkets_ng_20260502','ingested');
INSERT OR IGNORE INTO seed_entity_sources (id,seed_run_id,entity_type,entity_id,source_id,confidence_tier) VALUES ('es_s09_supermarket_0766c1979c393359','seed_run_s09_osm_supermarkets_20260502','organization','org_s09_supermarket_0766c1979c393359','seed_source_osm_supermarkets_ng_20260502','seeded');
INSERT OR IGNORE INTO seed_enrichment (id,seed_run_id,entity_type,entity_id,enrichment_type,enrichment_json) VALUES ('enr_s09_supermarket_0766c1979c393359','seed_run_s09_osm_supermarkets_20260502','organization','org_s09_supermarket_0766c1979c393359','licence_data','{"osm_id": "4237933929", "amenity": "supermarket", "addr_state": null, "operator": null, "brand": "Shoprite"}');

INSERT OR IGNORE INTO organizations (id,tenant_id,organization_type,legal_name,display_name,registration_number,status,verification_state,created_at,updated_at) VALUES ('org_s09_supermarket_dfe62f75c32dffa7','tenant_platform_seed','retail_store','O''Neil Centre','O''Neil Centre',NULL,'active','seeded',unixepoch(),unixepoch());
INSERT OR IGNORE INTO profiles (id,subject_id,subject_type,primary_place_id,tenant_id,workspace_id,display_name,created_at,updated_at) VALUES ('prof_s09_supermarket_dfe62f75c32dffa7','org_s09_supermarket_dfe62f75c32dffa7','organization','place_nigeria_001','tenant_platform_seed','workspace_platform_seed_discovery','O''Neil Centre',unixepoch(),unixepoch());
INSERT OR IGNORE INTO search_entries (id,profile_id,display_name,keywords,ancestry_path,vertical,created_at,updated_at) VALUES ('se_s09_supermarket_dfe62f75c32dffa7','prof_s09_supermarket_dfe62f75c32dffa7','O''Neil Centre','o''neil centre supermarket grocery store retail shopping nigeria','place_nigeria_001','commerce',unixepoch(),unixepoch());
INSERT OR IGNORE INTO seed_ingestion_records (id,seed_run_id,entity_type,entity_id,source_id,status) VALUES ('ir_s09_supermarket_dfe62f75c32dffa7','seed_run_s09_osm_supermarkets_20260502','organization','org_s09_supermarket_dfe62f75c32dffa7','seed_source_osm_supermarkets_ng_20260502','ingested');
INSERT OR IGNORE INTO seed_entity_sources (id,seed_run_id,entity_type,entity_id,source_id,confidence_tier) VALUES ('es_s09_supermarket_dfe62f75c32dffa7','seed_run_s09_osm_supermarkets_20260502','organization','org_s09_supermarket_dfe62f75c32dffa7','seed_source_osm_supermarkets_ng_20260502','seeded');
INSERT OR IGNORE INTO seed_enrichment (id,seed_run_id,entity_type,entity_id,enrichment_type,enrichment_json) VALUES ('enr_s09_supermarket_dfe62f75c32dffa7','seed_run_s09_osm_supermarkets_20260502','organization','org_s09_supermarket_dfe62f75c32dffa7','licence_data','{"osm_id": "4239609893", "amenity": "mall", "addr_state": null, "operator": null, "brand": null}');

INSERT OR IGNORE INTO organizations (id,tenant_id,organization_type,legal_name,display_name,registration_number,status,verification_state,created_at,updated_at) VALUES ('org_s09_supermarket_3e6d9315b02238ae','tenant_platform_seed','retail_store','Classic','Classic',NULL,'active','seeded',unixepoch(),unixepoch());
INSERT OR IGNORE INTO profiles (id,subject_id,subject_type,primary_place_id,tenant_id,workspace_id,display_name,created_at,updated_at) VALUES ('prof_s09_supermarket_3e6d9315b02238ae','org_s09_supermarket_3e6d9315b02238ae','organization','place_nigeria_001','tenant_platform_seed','workspace_platform_seed_discovery','Classic',unixepoch(),unixepoch());
INSERT OR IGNORE INTO search_entries (id,profile_id,display_name,keywords,ancestry_path,vertical,created_at,updated_at) VALUES ('se_s09_supermarket_3e6d9315b02238ae','prof_s09_supermarket_3e6d9315b02238ae','Classic','classic supermarket grocery store retail shopping nigeria','place_nigeria_001','commerce',unixepoch(),unixepoch());
INSERT OR IGNORE INTO seed_ingestion_records (id,seed_run_id,entity_type,entity_id,source_id,status) VALUES ('ir_s09_supermarket_3e6d9315b02238ae','seed_run_s09_osm_supermarkets_20260502','organization','org_s09_supermarket_3e6d9315b02238ae','seed_source_osm_supermarkets_ng_20260502','ingested');
INSERT OR IGNORE INTO seed_entity_sources (id,seed_run_id,entity_type,entity_id,source_id,confidence_tier) VALUES ('es_s09_supermarket_3e6d9315b02238ae','seed_run_s09_osm_supermarkets_20260502','organization','org_s09_supermarket_3e6d9315b02238ae','seed_source_osm_supermarkets_ng_20260502','seeded');
INSERT OR IGNORE INTO seed_enrichment (id,seed_run_id,entity_type,entity_id,enrichment_type,enrichment_json) VALUES ('enr_s09_supermarket_3e6d9315b02238ae','seed_run_s09_osm_supermarkets_20260502','organization','org_s09_supermarket_3e6d9315b02238ae','licence_data','{"osm_id": "4239611289", "amenity": "supermarket", "addr_state": null, "operator": null, "brand": null}');

INSERT OR IGNORE INTO organizations (id,tenant_id,organization_type,legal_name,display_name,registration_number,status,verification_state,created_at,updated_at) VALUES ('org_s09_supermarket_18d6edcc453bef50','tenant_platform_seed','retail_store','Supermarché PLAZA','Supermarché PLAZA',NULL,'active','seeded',unixepoch(),unixepoch());
INSERT OR IGNORE INTO profiles (id,subject_id,subject_type,primary_place_id,tenant_id,workspace_id,display_name,created_at,updated_at) VALUES ('prof_s09_supermarket_18d6edcc453bef50','org_s09_supermarket_18d6edcc453bef50','organization','place_nigeria_001','tenant_platform_seed','workspace_platform_seed_discovery','Supermarché PLAZA',unixepoch(),unixepoch());
INSERT OR IGNORE INTO search_entries (id,profile_id,display_name,keywords,ancestry_path,vertical,created_at,updated_at) VALUES ('se_s09_supermarket_18d6edcc453bef50','prof_s09_supermarket_18d6edcc453bef50','Supermarché PLAZA','supermarché plaza supermarket grocery store retail shopping nigeria','place_nigeria_001','commerce',unixepoch(),unixepoch());
INSERT OR IGNORE INTO seed_ingestion_records (id,seed_run_id,entity_type,entity_id,source_id,status) VALUES ('ir_s09_supermarket_18d6edcc453bef50','seed_run_s09_osm_supermarkets_20260502','organization','org_s09_supermarket_18d6edcc453bef50','seed_source_osm_supermarkets_ng_20260502','ingested');
INSERT OR IGNORE INTO seed_entity_sources (id,seed_run_id,entity_type,entity_id,source_id,confidence_tier) VALUES ('es_s09_supermarket_18d6edcc453bef50','seed_run_s09_osm_supermarkets_20260502','organization','org_s09_supermarket_18d6edcc453bef50','seed_source_osm_supermarkets_ng_20260502','seeded');
INSERT OR IGNORE INTO seed_enrichment (id,seed_run_id,entity_type,entity_id,enrichment_type,enrichment_json) VALUES ('enr_s09_supermarket_18d6edcc453bef50','seed_run_s09_osm_supermarkets_20260502','organization','org_s09_supermarket_18d6edcc453bef50','licence_data','{"osm_id": "4314700229", "amenity": "supermarket", "addr_state": null, "operator": null, "brand": null}');

INSERT OR IGNORE INTO organizations (id,tenant_id,organization_type,legal_name,display_name,registration_number,status,verification_state,created_at,updated_at) VALUES ('org_s09_supermarket_98e5cc1d7f0fc0c1','tenant_platform_seed','retail_store','Alimentation City Market','Alimentation City Market',NULL,'active','seeded',unixepoch(),unixepoch());
INSERT OR IGNORE INTO profiles (id,subject_id,subject_type,primary_place_id,tenant_id,workspace_id,display_name,created_at,updated_at) VALUES ('prof_s09_supermarket_98e5cc1d7f0fc0c1','org_s09_supermarket_98e5cc1d7f0fc0c1','organization','place_nigeria_001','tenant_platform_seed','workspace_platform_seed_discovery','Alimentation City Market',unixepoch(),unixepoch());
INSERT OR IGNORE INTO search_entries (id,profile_id,display_name,keywords,ancestry_path,vertical,created_at,updated_at) VALUES ('se_s09_supermarket_98e5cc1d7f0fc0c1','prof_s09_supermarket_98e5cc1d7f0fc0c1','Alimentation City Market','alimentation city market supermarket grocery store retail shopping nigeria','place_nigeria_001','commerce',unixepoch(),unixepoch());
INSERT OR IGNORE INTO seed_ingestion_records (id,seed_run_id,entity_type,entity_id,source_id,status) VALUES ('ir_s09_supermarket_98e5cc1d7f0fc0c1','seed_run_s09_osm_supermarkets_20260502','organization','org_s09_supermarket_98e5cc1d7f0fc0c1','seed_source_osm_supermarkets_ng_20260502','ingested');
INSERT OR IGNORE INTO seed_entity_sources (id,seed_run_id,entity_type,entity_id,source_id,confidence_tier) VALUES ('es_s09_supermarket_98e5cc1d7f0fc0c1','seed_run_s09_osm_supermarkets_20260502','organization','org_s09_supermarket_98e5cc1d7f0fc0c1','seed_source_osm_supermarkets_ng_20260502','seeded');
INSERT OR IGNORE INTO seed_enrichment (id,seed_run_id,entity_type,entity_id,enrichment_type,enrichment_json) VALUES ('enr_s09_supermarket_98e5cc1d7f0fc0c1','seed_run_s09_osm_supermarkets_20260502','organization','org_s09_supermarket_98e5cc1d7f0fc0c1','licence_data','{"osm_id": "4317311380", "amenity": "supermarket", "addr_state": null, "operator": null, "brand": null}');

INSERT OR IGNORE INTO organizations (id,tenant_id,organization_type,legal_name,display_name,registration_number,status,verification_state,created_at,updated_at) VALUES ('org_s09_supermarket_686b629251163393','tenant_platform_seed','retail_store','Alimentation Centrale BDZ','Alimentation Centrale BDZ',NULL,'active','seeded',unixepoch(),unixepoch());
INSERT OR IGNORE INTO profiles (id,subject_id,subject_type,primary_place_id,tenant_id,workspace_id,display_name,created_at,updated_at) VALUES ('prof_s09_supermarket_686b629251163393','org_s09_supermarket_686b629251163393','organization','place_nigeria_001','tenant_platform_seed','workspace_platform_seed_discovery','Alimentation Centrale BDZ',unixepoch(),unixepoch());
INSERT OR IGNORE INTO search_entries (id,profile_id,display_name,keywords,ancestry_path,vertical,created_at,updated_at) VALUES ('se_s09_supermarket_686b629251163393','prof_s09_supermarket_686b629251163393','Alimentation Centrale BDZ','alimentation centrale bdz supermarket grocery store retail shopping nigeria','place_nigeria_001','commerce',unixepoch(),unixepoch());
INSERT OR IGNORE INTO seed_ingestion_records (id,seed_run_id,entity_type,entity_id,source_id,status) VALUES ('ir_s09_supermarket_686b629251163393','seed_run_s09_osm_supermarkets_20260502','organization','org_s09_supermarket_686b629251163393','seed_source_osm_supermarkets_ng_20260502','ingested');
INSERT OR IGNORE INTO seed_entity_sources (id,seed_run_id,entity_type,entity_id,source_id,confidence_tier) VALUES ('es_s09_supermarket_686b629251163393','seed_run_s09_osm_supermarkets_20260502','organization','org_s09_supermarket_686b629251163393','seed_source_osm_supermarkets_ng_20260502','seeded');
INSERT OR IGNORE INTO seed_enrichment (id,seed_run_id,entity_type,entity_id,enrichment_type,enrichment_json) VALUES ('enr_s09_supermarket_686b629251163393','seed_run_s09_osm_supermarkets_20260502','organization','org_s09_supermarket_686b629251163393','licence_data','{"osm_id": "4318562770", "amenity": "supermarket", "addr_state": null, "operator": null, "brand": null}');

INSERT OR IGNORE INTO organizations (id,tenant_id,organization_type,legal_name,display_name,registration_number,status,verification_state,created_at,updated_at) VALUES ('org_s09_supermarket_5a3971baa96a62b9','tenant_platform_seed','retail_store','salt source','salt source',NULL,'active','seeded',unixepoch(),unixepoch());
INSERT OR IGNORE INTO profiles (id,subject_id,subject_type,primary_place_id,tenant_id,workspace_id,display_name,created_at,updated_at) VALUES ('prof_s09_supermarket_5a3971baa96a62b9','org_s09_supermarket_5a3971baa96a62b9','organization','place_nigeria_001','tenant_platform_seed','workspace_platform_seed_discovery','salt source',unixepoch(),unixepoch());
INSERT OR IGNORE INTO search_entries (id,profile_id,display_name,keywords,ancestry_path,vertical,created_at,updated_at) VALUES ('se_s09_supermarket_5a3971baa96a62b9','prof_s09_supermarket_5a3971baa96a62b9','salt source','salt source supermarket grocery store retail shopping nigeria','place_nigeria_001','commerce',unixepoch(),unixepoch());
INSERT OR IGNORE INTO seed_ingestion_records (id,seed_run_id,entity_type,entity_id,source_id,status) VALUES ('ir_s09_supermarket_5a3971baa96a62b9','seed_run_s09_osm_supermarkets_20260502','organization','org_s09_supermarket_5a3971baa96a62b9','seed_source_osm_supermarkets_ng_20260502','ingested');
INSERT OR IGNORE INTO seed_entity_sources (id,seed_run_id,entity_type,entity_id,source_id,confidence_tier) VALUES ('es_s09_supermarket_5a3971baa96a62b9','seed_run_s09_osm_supermarkets_20260502','organization','org_s09_supermarket_5a3971baa96a62b9','seed_source_osm_supermarkets_ng_20260502','seeded');
INSERT OR IGNORE INTO seed_enrichment (id,seed_run_id,entity_type,entity_id,enrichment_type,enrichment_json) VALUES ('enr_s09_supermarket_5a3971baa96a62b9','seed_run_s09_osm_supermarkets_20260502','organization','org_s09_supermarket_5a3971baa96a62b9','licence_data','{"osm_id": "4549849154", "amenity": "supermarket", "addr_state": null, "operator": null, "brand": null}');

INSERT OR IGNORE INTO organizations (id,tenant_id,organization_type,legal_name,display_name,registration_number,status,verification_state,created_at,updated_at) VALUES ('org_s09_supermarket_e48bf6a1ee94ea1a','tenant_platform_seed','retail_store','vente du lait de vache','vente du lait de vache',NULL,'active','seeded',unixepoch(),unixepoch());
INSERT OR IGNORE INTO profiles (id,subject_id,subject_type,primary_place_id,tenant_id,workspace_id,display_name,created_at,updated_at) VALUES ('prof_s09_supermarket_e48bf6a1ee94ea1a','org_s09_supermarket_e48bf6a1ee94ea1a','organization','place_nigeria_001','tenant_platform_seed','workspace_platform_seed_discovery','vente du lait de vache',unixepoch(),unixepoch());
INSERT OR IGNORE INTO search_entries (id,profile_id,display_name,keywords,ancestry_path,vertical,created_at,updated_at) VALUES ('se_s09_supermarket_e48bf6a1ee94ea1a','prof_s09_supermarket_e48bf6a1ee94ea1a','vente du lait de vache','vente du lait de vache supermarket grocery store retail shopping nigeria','place_nigeria_001','commerce',unixepoch(),unixepoch());
INSERT OR IGNORE INTO seed_ingestion_records (id,seed_run_id,entity_type,entity_id,source_id,status) VALUES ('ir_s09_supermarket_e48bf6a1ee94ea1a','seed_run_s09_osm_supermarkets_20260502','organization','org_s09_supermarket_e48bf6a1ee94ea1a','seed_source_osm_supermarkets_ng_20260502','ingested');
INSERT OR IGNORE INTO seed_entity_sources (id,seed_run_id,entity_type,entity_id,source_id,confidence_tier) VALUES ('es_s09_supermarket_e48bf6a1ee94ea1a','seed_run_s09_osm_supermarkets_20260502','organization','org_s09_supermarket_e48bf6a1ee94ea1a','seed_source_osm_supermarkets_ng_20260502','seeded');
INSERT OR IGNORE INTO seed_enrichment (id,seed_run_id,entity_type,entity_id,enrichment_type,enrichment_json) VALUES ('enr_s09_supermarket_e48bf6a1ee94ea1a','seed_run_s09_osm_supermarkets_20260502','organization','org_s09_supermarket_e48bf6a1ee94ea1a','licence_data','{"osm_id": "4804068125", "amenity": "supermarket", "addr_state": null, "operator": null, "brand": null}');

INSERT OR IGNORE INTO organizations (id,tenant_id,organization_type,legal_name,display_name,registration_number,status,verification_state,created_at,updated_at) VALUES ('org_s09_supermarket_6498aac8e2da73d2','tenant_platform_seed','retail_store','Hadidi Shopping Complex','Hadidi Shopping Complex',NULL,'active','seeded',unixepoch(),unixepoch());
INSERT OR IGNORE INTO profiles (id,subject_id,subject_type,primary_place_id,tenant_id,workspace_id,display_name,created_at,updated_at) VALUES ('prof_s09_supermarket_6498aac8e2da73d2','org_s09_supermarket_6498aac8e2da73d2','organization','place_nigeria_001','tenant_platform_seed','workspace_platform_seed_discovery','Hadidi Shopping Complex',unixepoch(),unixepoch());
INSERT OR IGNORE INTO search_entries (id,profile_id,display_name,keywords,ancestry_path,vertical,created_at,updated_at) VALUES ('se_s09_supermarket_6498aac8e2da73d2','prof_s09_supermarket_6498aac8e2da73d2','Hadidi Shopping Complex','hadidi shopping complex supermarket grocery store retail shopping nigeria','place_nigeria_001','commerce',unixepoch(),unixepoch());
INSERT OR IGNORE INTO seed_ingestion_records (id,seed_run_id,entity_type,entity_id,source_id,status) VALUES ('ir_s09_supermarket_6498aac8e2da73d2','seed_run_s09_osm_supermarkets_20260502','organization','org_s09_supermarket_6498aac8e2da73d2','seed_source_osm_supermarkets_ng_20260502','ingested');
INSERT OR IGNORE INTO seed_entity_sources (id,seed_run_id,entity_type,entity_id,source_id,confidence_tier) VALUES ('es_s09_supermarket_6498aac8e2da73d2','seed_run_s09_osm_supermarkets_20260502','organization','org_s09_supermarket_6498aac8e2da73d2','seed_source_osm_supermarkets_ng_20260502','seeded');
INSERT OR IGNORE INTO seed_enrichment (id,seed_run_id,entity_type,entity_id,enrichment_type,enrichment_json) VALUES ('enr_s09_supermarket_6498aac8e2da73d2','seed_run_s09_osm_supermarkets_20260502','organization','org_s09_supermarket_6498aac8e2da73d2','licence_data','{"osm_id": "4910976254", "amenity": "mall", "addr_state": null, "operator": null, "brand": null}');

INSERT OR IGNORE INTO organizations (id,tenant_id,organization_type,legal_name,display_name,registration_number,status,verification_state,created_at,updated_at) VALUES ('org_s09_supermarket_edf6009bae6ab872','tenant_platform_seed','retail_store','AGG Mall','AGG Mall',NULL,'active','seeded',unixepoch(),unixepoch());
INSERT OR IGNORE INTO profiles (id,subject_id,subject_type,primary_place_id,tenant_id,workspace_id,display_name,created_at,updated_at) VALUES ('prof_s09_supermarket_edf6009bae6ab872','org_s09_supermarket_edf6009bae6ab872','organization','place_nigeria_001','tenant_platform_seed','workspace_platform_seed_discovery','AGG Mall',unixepoch(),unixepoch());
INSERT OR IGNORE INTO search_entries (id,profile_id,display_name,keywords,ancestry_path,vertical,created_at,updated_at) VALUES ('se_s09_supermarket_edf6009bae6ab872','prof_s09_supermarket_edf6009bae6ab872','AGG Mall','agg mall supermarket grocery store retail shopping nigeria','place_nigeria_001','commerce',unixepoch(),unixepoch());
INSERT OR IGNORE INTO seed_ingestion_records (id,seed_run_id,entity_type,entity_id,source_id,status) VALUES ('ir_s09_supermarket_edf6009bae6ab872','seed_run_s09_osm_supermarkets_20260502','organization','org_s09_supermarket_edf6009bae6ab872','seed_source_osm_supermarkets_ng_20260502','ingested');
INSERT OR IGNORE INTO seed_entity_sources (id,seed_run_id,entity_type,entity_id,source_id,confidence_tier) VALUES ('es_s09_supermarket_edf6009bae6ab872','seed_run_s09_osm_supermarkets_20260502','organization','org_s09_supermarket_edf6009bae6ab872','seed_source_osm_supermarkets_ng_20260502','seeded');
INSERT OR IGNORE INTO seed_enrichment (id,seed_run_id,entity_type,entity_id,enrichment_type,enrichment_json) VALUES ('enr_s09_supermarket_edf6009bae6ab872','seed_run_s09_osm_supermarkets_20260502','organization','org_s09_supermarket_edf6009bae6ab872','licence_data','{"osm_id": "5562040376", "amenity": "supermarket", "addr_state": null, "operator": null, "brand": null}');

INSERT OR IGNORE INTO organizations (id,tenant_id,organization_type,legal_name,display_name,registration_number,status,verification_state,created_at,updated_at) VALUES ('org_s09_supermarket_50f3fc1e51161b72','tenant_platform_seed','retail_store','Jifatu','Jifatu',NULL,'active','seeded',unixepoch(),unixepoch());
INSERT OR IGNORE INTO profiles (id,subject_id,subject_type,primary_place_id,tenant_id,workspace_id,display_name,created_at,updated_at) VALUES ('prof_s09_supermarket_50f3fc1e51161b72','org_s09_supermarket_50f3fc1e51161b72','organization','place_nigeria_001','tenant_platform_seed','workspace_platform_seed_discovery','Jifatu',unixepoch(),unixepoch());
INSERT OR IGNORE INTO search_entries (id,profile_id,display_name,keywords,ancestry_path,vertical,created_at,updated_at) VALUES ('se_s09_supermarket_50f3fc1e51161b72','prof_s09_supermarket_50f3fc1e51161b72','Jifatu','jifatu supermarket grocery store retail shopping nigeria','place_nigeria_001','commerce',unixepoch(),unixepoch());
INSERT OR IGNORE INTO seed_ingestion_records (id,seed_run_id,entity_type,entity_id,source_id,status) VALUES ('ir_s09_supermarket_50f3fc1e51161b72','seed_run_s09_osm_supermarkets_20260502','organization','org_s09_supermarket_50f3fc1e51161b72','seed_source_osm_supermarkets_ng_20260502','ingested');
INSERT OR IGNORE INTO seed_entity_sources (id,seed_run_id,entity_type,entity_id,source_id,confidence_tier) VALUES ('es_s09_supermarket_50f3fc1e51161b72','seed_run_s09_osm_supermarkets_20260502','organization','org_s09_supermarket_50f3fc1e51161b72','seed_source_osm_supermarkets_ng_20260502','seeded');
INSERT OR IGNORE INTO seed_enrichment (id,seed_run_id,entity_type,entity_id,enrichment_type,enrichment_json) VALUES ('enr_s09_supermarket_50f3fc1e51161b72','seed_run_s09_osm_supermarkets_20260502','organization','org_s09_supermarket_50f3fc1e51161b72','licence_data','{"osm_id": "5666277313", "amenity": "supermarket", "addr_state": null, "operator": "eHealth Africa", "brand": null}');

INSERT OR IGNORE INTO organizations (id,tenant_id,organization_type,legal_name,display_name,registration_number,status,verification_state,created_at,updated_at) VALUES ('org_s09_supermarket_39c786fb0de40e45','tenant_platform_seed','retail_store','Umar Store','Umar Store',NULL,'active','seeded',unixepoch(),unixepoch());
INSERT OR IGNORE INTO profiles (id,subject_id,subject_type,primary_place_id,tenant_id,workspace_id,display_name,created_at,updated_at) VALUES ('prof_s09_supermarket_39c786fb0de40e45','org_s09_supermarket_39c786fb0de40e45','organization','place_nigeria_001','tenant_platform_seed','workspace_platform_seed_discovery','Umar Store',unixepoch(),unixepoch());
INSERT OR IGNORE INTO search_entries (id,profile_id,display_name,keywords,ancestry_path,vertical,created_at,updated_at) VALUES ('se_s09_supermarket_39c786fb0de40e45','prof_s09_supermarket_39c786fb0de40e45','Umar Store','umar store supermarket grocery store retail shopping nigeria','place_nigeria_001','commerce',unixepoch(),unixepoch());
INSERT OR IGNORE INTO seed_ingestion_records (id,seed_run_id,entity_type,entity_id,source_id,status) VALUES ('ir_s09_supermarket_39c786fb0de40e45','seed_run_s09_osm_supermarkets_20260502','organization','org_s09_supermarket_39c786fb0de40e45','seed_source_osm_supermarkets_ng_20260502','ingested');
INSERT OR IGNORE INTO seed_entity_sources (id,seed_run_id,entity_type,entity_id,source_id,confidence_tier) VALUES ('es_s09_supermarket_39c786fb0de40e45','seed_run_s09_osm_supermarkets_20260502','organization','org_s09_supermarket_39c786fb0de40e45','seed_source_osm_supermarkets_ng_20260502','seeded');
INSERT OR IGNORE INTO seed_enrichment (id,seed_run_id,entity_type,entity_id,enrichment_type,enrichment_json) VALUES ('enr_s09_supermarket_39c786fb0de40e45','seed_run_s09_osm_supermarkets_20260502','organization','org_s09_supermarket_39c786fb0de40e45','licence_data','{"osm_id": "5666280724", "amenity": "supermarket", "addr_state": null, "operator": null, "brand": null}');

INSERT OR IGNORE INTO organizations (id,tenant_id,organization_type,legal_name,display_name,registration_number,status,verification_state,created_at,updated_at) VALUES ('org_s09_supermarket_7f399870e4c42223','tenant_platform_seed','retail_store','Green House','Green House',NULL,'active','seeded',unixepoch(),unixepoch());
INSERT OR IGNORE INTO profiles (id,subject_id,subject_type,primary_place_id,tenant_id,workspace_id,display_name,created_at,updated_at) VALUES ('prof_s09_supermarket_7f399870e4c42223','org_s09_supermarket_7f399870e4c42223','organization','place_nigeria_001','tenant_platform_seed','workspace_platform_seed_discovery','Green House',unixepoch(),unixepoch());
INSERT OR IGNORE INTO search_entries (id,profile_id,display_name,keywords,ancestry_path,vertical,created_at,updated_at) VALUES ('se_s09_supermarket_7f399870e4c42223','prof_s09_supermarket_7f399870e4c42223','Green House','green house supermarket grocery store retail shopping nigeria','place_nigeria_001','commerce',unixepoch(),unixepoch());
INSERT OR IGNORE INTO seed_ingestion_records (id,seed_run_id,entity_type,entity_id,source_id,status) VALUES ('ir_s09_supermarket_7f399870e4c42223','seed_run_s09_osm_supermarkets_20260502','organization','org_s09_supermarket_7f399870e4c42223','seed_source_osm_supermarkets_ng_20260502','ingested');
INSERT OR IGNORE INTO seed_entity_sources (id,seed_run_id,entity_type,entity_id,source_id,confidence_tier) VALUES ('es_s09_supermarket_7f399870e4c42223','seed_run_s09_osm_supermarkets_20260502','organization','org_s09_supermarket_7f399870e4c42223','seed_source_osm_supermarkets_ng_20260502','seeded');
INSERT OR IGNORE INTO seed_enrichment (id,seed_run_id,entity_type,entity_id,enrichment_type,enrichment_json) VALUES ('enr_s09_supermarket_7f399870e4c42223','seed_run_s09_osm_supermarkets_20260502','organization','org_s09_supermarket_7f399870e4c42223','licence_data','{"osm_id": "5666284726", "amenity": "supermarket", "addr_state": null, "operator": "eHealth Africa", "brand": null}');

INSERT OR IGNORE INTO organizations (id,tenant_id,organization_type,legal_name,display_name,registration_number,status,verification_state,created_at,updated_at) VALUES ('org_s09_supermarket_9dd1eda3ce3ef2f5','tenant_platform_seed','retail_store','KalaTransa Mall','KalaTransa Mall',NULL,'active','seeded',unixepoch(),unixepoch());
INSERT OR IGNORE INTO profiles (id,subject_id,subject_type,primary_place_id,tenant_id,workspace_id,display_name,created_at,updated_at) VALUES ('prof_s09_supermarket_9dd1eda3ce3ef2f5','org_s09_supermarket_9dd1eda3ce3ef2f5','organization','place_nigeria_001','tenant_platform_seed','workspace_platform_seed_discovery','KalaTransa Mall',unixepoch(),unixepoch());
INSERT OR IGNORE INTO search_entries (id,profile_id,display_name,keywords,ancestry_path,vertical,created_at,updated_at) VALUES ('se_s09_supermarket_9dd1eda3ce3ef2f5','prof_s09_supermarket_9dd1eda3ce3ef2f5','KalaTransa Mall','kalatransa mall supermarket grocery store retail shopping nigeria','place_nigeria_001','commerce',unixepoch(),unixepoch());
INSERT OR IGNORE INTO seed_ingestion_records (id,seed_run_id,entity_type,entity_id,source_id,status) VALUES ('ir_s09_supermarket_9dd1eda3ce3ef2f5','seed_run_s09_osm_supermarkets_20260502','organization','org_s09_supermarket_9dd1eda3ce3ef2f5','seed_source_osm_supermarkets_ng_20260502','ingested');
INSERT OR IGNORE INTO seed_entity_sources (id,seed_run_id,entity_type,entity_id,source_id,confidence_tier) VALUES ('es_s09_supermarket_9dd1eda3ce3ef2f5','seed_run_s09_osm_supermarkets_20260502','organization','org_s09_supermarket_9dd1eda3ce3ef2f5','seed_source_osm_supermarkets_ng_20260502','seeded');
INSERT OR IGNORE INTO seed_enrichment (id,seed_run_id,entity_type,entity_id,enrichment_type,enrichment_json) VALUES ('enr_s09_supermarket_9dd1eda3ce3ef2f5','seed_run_s09_osm_supermarkets_20260502','organization','org_s09_supermarket_9dd1eda3ce3ef2f5','licence_data','{"osm_id": "5781785678", "amenity": "supermarket", "addr_state": null, "operator": null, "brand": null}');

INSERT OR IGNORE INTO organizations (id,tenant_id,organization_type,legal_name,display_name,registration_number,status,verification_state,created_at,updated_at) VALUES ('org_s09_supermarket_f98950be7152147f','tenant_platform_seed','retail_store','Fodio mall','Fodio mall',NULL,'active','seeded',unixepoch(),unixepoch());
INSERT OR IGNORE INTO profiles (id,subject_id,subject_type,primary_place_id,tenant_id,workspace_id,display_name,created_at,updated_at) VALUES ('prof_s09_supermarket_f98950be7152147f','org_s09_supermarket_f98950be7152147f','organization','place_nigeria_001','tenant_platform_seed','workspace_platform_seed_discovery','Fodio mall',unixepoch(),unixepoch());
INSERT OR IGNORE INTO search_entries (id,profile_id,display_name,keywords,ancestry_path,vertical,created_at,updated_at) VALUES ('se_s09_supermarket_f98950be7152147f','prof_s09_supermarket_f98950be7152147f','Fodio mall','fodio mall supermarket grocery store retail shopping nigeria','place_nigeria_001','commerce',unixepoch(),unixepoch());
INSERT OR IGNORE INTO seed_ingestion_records (id,seed_run_id,entity_type,entity_id,source_id,status) VALUES ('ir_s09_supermarket_f98950be7152147f','seed_run_s09_osm_supermarkets_20260502','organization','org_s09_supermarket_f98950be7152147f','seed_source_osm_supermarkets_ng_20260502','ingested');
INSERT OR IGNORE INTO seed_entity_sources (id,seed_run_id,entity_type,entity_id,source_id,confidence_tier) VALUES ('es_s09_supermarket_f98950be7152147f','seed_run_s09_osm_supermarkets_20260502','organization','org_s09_supermarket_f98950be7152147f','seed_source_osm_supermarkets_ng_20260502','seeded');
INSERT OR IGNORE INTO seed_enrichment (id,seed_run_id,entity_type,entity_id,enrichment_type,enrichment_json) VALUES ('enr_s09_supermarket_f98950be7152147f','seed_run_s09_osm_supermarkets_20260502','organization','org_s09_supermarket_f98950be7152147f','licence_data','{"osm_id": "5836592709", "amenity": "mall", "addr_state": null, "operator": null, "brand": null}');

INSERT OR IGNORE INTO organizations (id,tenant_id,organization_type,legal_name,display_name,registration_number,status,verification_state,created_at,updated_at) VALUES ('org_s09_supermarket_fb738008ea5bfd90','tenant_platform_seed','retail_store','Shoprite','Shoprite',NULL,'active','seeded',unixepoch(),unixepoch());
INSERT OR IGNORE INTO profiles (id,subject_id,subject_type,primary_place_id,tenant_id,workspace_id,display_name,created_at,updated_at) VALUES ('prof_s09_supermarket_fb738008ea5bfd90','org_s09_supermarket_fb738008ea5bfd90','organization','place_nigeria_001','tenant_platform_seed','workspace_platform_seed_discovery','Shoprite',unixepoch(),unixepoch());
INSERT OR IGNORE INTO search_entries (id,profile_id,display_name,keywords,ancestry_path,vertical,created_at,updated_at) VALUES ('se_s09_supermarket_fb738008ea5bfd90','prof_s09_supermarket_fb738008ea5bfd90','Shoprite','shoprite supermarket grocery store retail shopping nigeria','place_nigeria_001','commerce',unixepoch(),unixepoch());
INSERT OR IGNORE INTO seed_ingestion_records (id,seed_run_id,entity_type,entity_id,source_id,status) VALUES ('ir_s09_supermarket_fb738008ea5bfd90','seed_run_s09_osm_supermarkets_20260502','organization','org_s09_supermarket_fb738008ea5bfd90','seed_source_osm_supermarkets_ng_20260502','ingested');
INSERT OR IGNORE INTO seed_entity_sources (id,seed_run_id,entity_type,entity_id,source_id,confidence_tier) VALUES ('es_s09_supermarket_fb738008ea5bfd90','seed_run_s09_osm_supermarkets_20260502','organization','org_s09_supermarket_fb738008ea5bfd90','seed_source_osm_supermarkets_ng_20260502','seeded');
INSERT OR IGNORE INTO seed_enrichment (id,seed_run_id,entity_type,entity_id,enrichment_type,enrichment_json) VALUES ('enr_s09_supermarket_fb738008ea5bfd90','seed_run_s09_osm_supermarkets_20260502','organization','org_s09_supermarket_fb738008ea5bfd90','licence_data','{"osm_id": "6068313290", "amenity": "supermarket", "addr_state": null, "operator": "Shoprite", "brand": "Shoprite"}');

INSERT OR IGNORE INTO organizations (id,tenant_id,organization_type,legal_name,display_name,registration_number,status,verification_state,created_at,updated_at) VALUES ('org_s09_supermarket_5a05440717938bb4','tenant_platform_seed','retail_store','Alkanci supermarket','Alkanci supermarket',NULL,'active','seeded',unixepoch(),unixepoch());
INSERT OR IGNORE INTO profiles (id,subject_id,subject_type,primary_place_id,tenant_id,workspace_id,display_name,created_at,updated_at) VALUES ('prof_s09_supermarket_5a05440717938bb4','org_s09_supermarket_5a05440717938bb4','organization','place_nigeria_001','tenant_platform_seed','workspace_platform_seed_discovery','Alkanci supermarket',unixepoch(),unixepoch());
INSERT OR IGNORE INTO search_entries (id,profile_id,display_name,keywords,ancestry_path,vertical,created_at,updated_at) VALUES ('se_s09_supermarket_5a05440717938bb4','prof_s09_supermarket_5a05440717938bb4','Alkanci supermarket','alkanci supermarket supermarket grocery store retail shopping nigeria','place_nigeria_001','commerce',unixepoch(),unixepoch());
INSERT OR IGNORE INTO seed_ingestion_records (id,seed_run_id,entity_type,entity_id,source_id,status) VALUES ('ir_s09_supermarket_5a05440717938bb4','seed_run_s09_osm_supermarkets_20260502','organization','org_s09_supermarket_5a05440717938bb4','seed_source_osm_supermarkets_ng_20260502','ingested');
INSERT OR IGNORE INTO seed_entity_sources (id,seed_run_id,entity_type,entity_id,source_id,confidence_tier) VALUES ('es_s09_supermarket_5a05440717938bb4','seed_run_s09_osm_supermarkets_20260502','organization','org_s09_supermarket_5a05440717938bb4','seed_source_osm_supermarkets_ng_20260502','seeded');
INSERT OR IGNORE INTO seed_enrichment (id,seed_run_id,entity_type,entity_id,enrichment_type,enrichment_json) VALUES ('enr_s09_supermarket_5a05440717938bb4','seed_run_s09_osm_supermarkets_20260502','organization','org_s09_supermarket_5a05440717938bb4','licence_data','{"osm_id": "6787751987", "amenity": "supermarket", "addr_state": null, "operator": null, "brand": null}');

INSERT OR IGNORE INTO organizations (id,tenant_id,organization_type,legal_name,display_name,registration_number,status,verification_state,created_at,updated_at) VALUES ('org_s09_supermarket_0058cf94fa5f3d95','tenant_platform_seed','retail_store','Marché Tessaoua','Marché Tessaoua',NULL,'active','seeded',unixepoch(),unixepoch());
INSERT OR IGNORE INTO profiles (id,subject_id,subject_type,primary_place_id,tenant_id,workspace_id,display_name,created_at,updated_at) VALUES ('prof_s09_supermarket_0058cf94fa5f3d95','org_s09_supermarket_0058cf94fa5f3d95','organization','place_nigeria_001','tenant_platform_seed','workspace_platform_seed_discovery','Marché Tessaoua',unixepoch(),unixepoch());
INSERT OR IGNORE INTO search_entries (id,profile_id,display_name,keywords,ancestry_path,vertical,created_at,updated_at) VALUES ('se_s09_supermarket_0058cf94fa5f3d95','prof_s09_supermarket_0058cf94fa5f3d95','Marché Tessaoua','marché tessaoua supermarket grocery store retail shopping nigeria','place_nigeria_001','commerce',unixepoch(),unixepoch());
INSERT OR IGNORE INTO seed_ingestion_records (id,seed_run_id,entity_type,entity_id,source_id,status) VALUES ('ir_s09_supermarket_0058cf94fa5f3d95','seed_run_s09_osm_supermarkets_20260502','organization','org_s09_supermarket_0058cf94fa5f3d95','seed_source_osm_supermarkets_ng_20260502','ingested');
INSERT OR IGNORE INTO seed_entity_sources (id,seed_run_id,entity_type,entity_id,source_id,confidence_tier) VALUES ('es_s09_supermarket_0058cf94fa5f3d95','seed_run_s09_osm_supermarkets_20260502','organization','org_s09_supermarket_0058cf94fa5f3d95','seed_source_osm_supermarkets_ng_20260502','seeded');
INSERT OR IGNORE INTO seed_enrichment (id,seed_run_id,entity_type,entity_id,enrichment_type,enrichment_json) VALUES ('enr_s09_supermarket_0058cf94fa5f3d95','seed_run_s09_osm_supermarkets_20260502','organization','org_s09_supermarket_0058cf94fa5f3d95','licence_data','{"osm_id": "7320365386", "amenity": "supermarket", "addr_state": null, "operator": null, "brand": null}');

INSERT OR IGNORE INTO organizations (id,tenant_id,organization_type,legal_name,display_name,registration_number,status,verification_state,created_at,updated_at) VALUES ('org_s09_supermarket_cbbab1eb5ad892ce','tenant_platform_seed','retail_store','ILLELA TRADE CENTRE','ILLELA TRADE CENTRE',NULL,'active','seeded',unixepoch(),unixepoch());
INSERT OR IGNORE INTO profiles (id,subject_id,subject_type,primary_place_id,tenant_id,workspace_id,display_name,created_at,updated_at) VALUES ('prof_s09_supermarket_cbbab1eb5ad892ce','org_s09_supermarket_cbbab1eb5ad892ce','organization','place_nigeria_001','tenant_platform_seed','workspace_platform_seed_discovery','ILLELA TRADE CENTRE',unixepoch(),unixepoch());
INSERT OR IGNORE INTO search_entries (id,profile_id,display_name,keywords,ancestry_path,vertical,created_at,updated_at) VALUES ('se_s09_supermarket_cbbab1eb5ad892ce','prof_s09_supermarket_cbbab1eb5ad892ce','ILLELA TRADE CENTRE','illela trade centre supermarket grocery store retail shopping nigeria','place_nigeria_001','commerce',unixepoch(),unixepoch());
INSERT OR IGNORE INTO seed_ingestion_records (id,seed_run_id,entity_type,entity_id,source_id,status) VALUES ('ir_s09_supermarket_cbbab1eb5ad892ce','seed_run_s09_osm_supermarkets_20260502','organization','org_s09_supermarket_cbbab1eb5ad892ce','seed_source_osm_supermarkets_ng_20260502','ingested');
INSERT OR IGNORE INTO seed_entity_sources (id,seed_run_id,entity_type,entity_id,source_id,confidence_tier) VALUES ('es_s09_supermarket_cbbab1eb5ad892ce','seed_run_s09_osm_supermarkets_20260502','organization','org_s09_supermarket_cbbab1eb5ad892ce','seed_source_osm_supermarkets_ng_20260502','seeded');
INSERT OR IGNORE INTO seed_enrichment (id,seed_run_id,entity_type,entity_id,enrichment_type,enrichment_json) VALUES ('enr_s09_supermarket_cbbab1eb5ad892ce','seed_run_s09_osm_supermarkets_20260502','organization','org_s09_supermarket_cbbab1eb5ad892ce','licence_data','{"osm_id": "7359763585", "amenity": "supermarket", "addr_state": null, "operator": "NASIRU DAN HAJIYA", "brand": null}');

INSERT OR IGNORE INTO organizations (id,tenant_id,organization_type,legal_name,display_name,registration_number,status,verification_state,created_at,updated_at) VALUES ('org_s09_supermarket_5161774047383bba','tenant_platform_seed','retail_store','Filin banza','Filin banza',NULL,'active','seeded',unixepoch(),unixepoch());
INSERT OR IGNORE INTO profiles (id,subject_id,subject_type,primary_place_id,tenant_id,workspace_id,display_name,created_at,updated_at) VALUES ('prof_s09_supermarket_5161774047383bba','org_s09_supermarket_5161774047383bba','organization','place_nigeria_001','tenant_platform_seed','workspace_platform_seed_discovery','Filin banza',unixepoch(),unixepoch());
INSERT OR IGNORE INTO search_entries (id,profile_id,display_name,keywords,ancestry_path,vertical,created_at,updated_at) VALUES ('se_s09_supermarket_5161774047383bba','prof_s09_supermarket_5161774047383bba','Filin banza','filin banza supermarket grocery store retail shopping nigeria','place_nigeria_001','commerce',unixepoch(),unixepoch());
INSERT OR IGNORE INTO seed_ingestion_records (id,seed_run_id,entity_type,entity_id,source_id,status) VALUES ('ir_s09_supermarket_5161774047383bba','seed_run_s09_osm_supermarkets_20260502','organization','org_s09_supermarket_5161774047383bba','seed_source_osm_supermarkets_ng_20260502','ingested');
INSERT OR IGNORE INTO seed_entity_sources (id,seed_run_id,entity_type,entity_id,source_id,confidence_tier) VALUES ('es_s09_supermarket_5161774047383bba','seed_run_s09_osm_supermarkets_20260502','organization','org_s09_supermarket_5161774047383bba','seed_source_osm_supermarkets_ng_20260502','seeded');
INSERT OR IGNORE INTO seed_enrichment (id,seed_run_id,entity_type,entity_id,enrichment_type,enrichment_json) VALUES ('enr_s09_supermarket_5161774047383bba','seed_run_s09_osm_supermarkets_20260502','organization','org_s09_supermarket_5161774047383bba','licence_data','{"osm_id": "7936852092", "amenity": "supermarket", "addr_state": null, "operator": null, "brand": null}');

INSERT OR IGNORE INTO organizations (id,tenant_id,organization_type,legal_name,display_name,registration_number,status,verification_state,created_at,updated_at) VALUES ('org_s09_supermarket_3a2265dc5a3bc73e','tenant_platform_seed','retail_store','Dépôt laban','Dépôt laban',NULL,'active','seeded',unixepoch(),unixepoch());
INSERT OR IGNORE INTO profiles (id,subject_id,subject_type,primary_place_id,tenant_id,workspace_id,display_name,created_at,updated_at) VALUES ('prof_s09_supermarket_3a2265dc5a3bc73e','org_s09_supermarket_3a2265dc5a3bc73e','organization','place_nigeria_001','tenant_platform_seed','workspace_platform_seed_discovery','Dépôt laban',unixepoch(),unixepoch());
INSERT OR IGNORE INTO search_entries (id,profile_id,display_name,keywords,ancestry_path,vertical,created_at,updated_at) VALUES ('se_s09_supermarket_3a2265dc5a3bc73e','prof_s09_supermarket_3a2265dc5a3bc73e','Dépôt laban','dépôt laban supermarket grocery store retail shopping nigeria','place_nigeria_001','commerce',unixepoch(),unixepoch());
INSERT OR IGNORE INTO seed_ingestion_records (id,seed_run_id,entity_type,entity_id,source_id,status) VALUES ('ir_s09_supermarket_3a2265dc5a3bc73e','seed_run_s09_osm_supermarkets_20260502','organization','org_s09_supermarket_3a2265dc5a3bc73e','seed_source_osm_supermarkets_ng_20260502','ingested');
INSERT OR IGNORE INTO seed_entity_sources (id,seed_run_id,entity_type,entity_id,source_id,confidence_tier) VALUES ('es_s09_supermarket_3a2265dc5a3bc73e','seed_run_s09_osm_supermarkets_20260502','organization','org_s09_supermarket_3a2265dc5a3bc73e','seed_source_osm_supermarkets_ng_20260502','seeded');
INSERT OR IGNORE INTO seed_enrichment (id,seed_run_id,entity_type,entity_id,enrichment_type,enrichment_json) VALUES ('enr_s09_supermarket_3a2265dc5a3bc73e','seed_run_s09_osm_supermarkets_20260502','organization','org_s09_supermarket_3a2265dc5a3bc73e','licence_data','{"osm_id": "7936854698", "amenity": "supermarket", "addr_state": null, "operator": null, "brand": null}');

INSERT OR IGNORE INTO organizations (id,tenant_id,organization_type,legal_name,display_name,registration_number,status,verification_state,created_at,updated_at) VALUES ('org_s09_supermarket_815e8df47fbada5a','tenant_platform_seed','retail_store','Karu int''l market, Mararaba','Karu int''l market, Mararaba',NULL,'active','seeded',unixepoch(),unixepoch());
INSERT OR IGNORE INTO profiles (id,subject_id,subject_type,primary_place_id,tenant_id,workspace_id,display_name,created_at,updated_at) VALUES ('prof_s09_supermarket_815e8df47fbada5a','org_s09_supermarket_815e8df47fbada5a','organization','place_nigeria_001','tenant_platform_seed','workspace_platform_seed_discovery','Karu int''l market, Mararaba',unixepoch(),unixepoch());
INSERT OR IGNORE INTO search_entries (id,profile_id,display_name,keywords,ancestry_path,vertical,created_at,updated_at) VALUES ('se_s09_supermarket_815e8df47fbada5a','prof_s09_supermarket_815e8df47fbada5a','Karu int''l market, Mararaba','karu int''l market, mararaba supermarket grocery store retail shopping nigeria','place_nigeria_001','commerce',unixepoch(),unixepoch());
INSERT OR IGNORE INTO seed_ingestion_records (id,seed_run_id,entity_type,entity_id,source_id,status) VALUES ('ir_s09_supermarket_815e8df47fbada5a','seed_run_s09_osm_supermarkets_20260502','organization','org_s09_supermarket_815e8df47fbada5a','seed_source_osm_supermarkets_ng_20260502','ingested');
INSERT OR IGNORE INTO seed_entity_sources (id,seed_run_id,entity_type,entity_id,source_id,confidence_tier) VALUES ('es_s09_supermarket_815e8df47fbada5a','seed_run_s09_osm_supermarkets_20260502','organization','org_s09_supermarket_815e8df47fbada5a','seed_source_osm_supermarkets_ng_20260502','seeded');
INSERT OR IGNORE INTO seed_enrichment (id,seed_run_id,entity_type,entity_id,enrichment_type,enrichment_json) VALUES ('enr_s09_supermarket_815e8df47fbada5a','seed_run_s09_osm_supermarkets_20260502','organization','org_s09_supermarket_815e8df47fbada5a','licence_data','{"osm_id": "8117578517", "amenity": "supermarket", "addr_state": null, "operator": null, "brand": null}');

INSERT OR IGNORE INTO organizations (id,tenant_id,organization_type,legal_name,display_name,registration_number,status,verification_state,created_at,updated_at) VALUES ('org_s09_supermarket_8ab89e2ac3cf49f5','tenant_platform_seed','retail_store','Spar','Spar',NULL,'active','seeded',unixepoch(),unixepoch());
INSERT OR IGNORE INTO profiles (id,subject_id,subject_type,primary_place_id,tenant_id,workspace_id,display_name,created_at,updated_at) VALUES ('prof_s09_supermarket_8ab89e2ac3cf49f5','org_s09_supermarket_8ab89e2ac3cf49f5','organization','place_nigeria_001','tenant_platform_seed','workspace_platform_seed_discovery','Spar',unixepoch(),unixepoch());
INSERT OR IGNORE INTO search_entries (id,profile_id,display_name,keywords,ancestry_path,vertical,created_at,updated_at) VALUES ('se_s09_supermarket_8ab89e2ac3cf49f5','prof_s09_supermarket_8ab89e2ac3cf49f5','Spar','spar supermarket grocery store retail shopping nigeria','place_nigeria_001','commerce',unixepoch(),unixepoch());
INSERT OR IGNORE INTO seed_ingestion_records (id,seed_run_id,entity_type,entity_id,source_id,status) VALUES ('ir_s09_supermarket_8ab89e2ac3cf49f5','seed_run_s09_osm_supermarkets_20260502','organization','org_s09_supermarket_8ab89e2ac3cf49f5','seed_source_osm_supermarkets_ng_20260502','ingested');
INSERT OR IGNORE INTO seed_entity_sources (id,seed_run_id,entity_type,entity_id,source_id,confidence_tier) VALUES ('es_s09_supermarket_8ab89e2ac3cf49f5','seed_run_s09_osm_supermarkets_20260502','organization','org_s09_supermarket_8ab89e2ac3cf49f5','seed_source_osm_supermarkets_ng_20260502','seeded');
INSERT OR IGNORE INTO seed_enrichment (id,seed_run_id,entity_type,entity_id,enrichment_type,enrichment_json) VALUES ('enr_s09_supermarket_8ab89e2ac3cf49f5','seed_run_s09_osm_supermarkets_20260502','organization','org_s09_supermarket_8ab89e2ac3cf49f5','licence_data','{"osm_id": "8284170918", "amenity": "supermarket", "addr_state": null, "operator": null, "brand": "Spar"}');

INSERT OR IGNORE INTO organizations (id,tenant_id,organization_type,legal_name,display_name,registration_number,status,verification_state,created_at,updated_at) VALUES ('org_s09_supermarket_6bc551db32e6879d','tenant_platform_seed','retail_store','Shoprite','Shoprite',NULL,'active','seeded',unixepoch(),unixepoch());
INSERT OR IGNORE INTO profiles (id,subject_id,subject_type,primary_place_id,tenant_id,workspace_id,display_name,created_at,updated_at) VALUES ('prof_s09_supermarket_6bc551db32e6879d','org_s09_supermarket_6bc551db32e6879d','organization','place_nigeria_001','tenant_platform_seed','workspace_platform_seed_discovery','Shoprite',unixepoch(),unixepoch());
INSERT OR IGNORE INTO search_entries (id,profile_id,display_name,keywords,ancestry_path,vertical,created_at,updated_at) VALUES ('se_s09_supermarket_6bc551db32e6879d','prof_s09_supermarket_6bc551db32e6879d','Shoprite','shoprite supermarket grocery store retail shopping nigeria','place_nigeria_001','commerce',unixepoch(),unixepoch());
INSERT OR IGNORE INTO seed_ingestion_records (id,seed_run_id,entity_type,entity_id,source_id,status) VALUES ('ir_s09_supermarket_6bc551db32e6879d','seed_run_s09_osm_supermarkets_20260502','organization','org_s09_supermarket_6bc551db32e6879d','seed_source_osm_supermarkets_ng_20260502','ingested');
INSERT OR IGNORE INTO seed_entity_sources (id,seed_run_id,entity_type,entity_id,source_id,confidence_tier) VALUES ('es_s09_supermarket_6bc551db32e6879d','seed_run_s09_osm_supermarkets_20260502','organization','org_s09_supermarket_6bc551db32e6879d','seed_source_osm_supermarkets_ng_20260502','seeded');
INSERT OR IGNORE INTO seed_enrichment (id,seed_run_id,entity_type,entity_id,enrichment_type,enrichment_json) VALUES ('enr_s09_supermarket_6bc551db32e6879d','seed_run_s09_osm_supermarkets_20260502','organization','org_s09_supermarket_6bc551db32e6879d','licence_data','{"osm_id": "8341496210", "amenity": "supermarket", "addr_state": null, "operator": null, "brand": "Shoprite"}');

INSERT OR IGNORE INTO organizations (id,tenant_id,organization_type,legal_name,display_name,registration_number,status,verification_state,created_at,updated_at) VALUES ('org_s09_supermarket_ac972fd53f30f615','tenant_platform_seed','retail_store','Spar','Spar',NULL,'active','seeded',unixepoch(),unixepoch());
INSERT OR IGNORE INTO profiles (id,subject_id,subject_type,primary_place_id,tenant_id,workspace_id,display_name,created_at,updated_at) VALUES ('prof_s09_supermarket_ac972fd53f30f615','org_s09_supermarket_ac972fd53f30f615','organization','place_nigeria_001','tenant_platform_seed','workspace_platform_seed_discovery','Spar',unixepoch(),unixepoch());
INSERT OR IGNORE INTO search_entries (id,profile_id,display_name,keywords,ancestry_path,vertical,created_at,updated_at) VALUES ('se_s09_supermarket_ac972fd53f30f615','prof_s09_supermarket_ac972fd53f30f615','Spar','spar supermarket grocery store retail shopping nigeria','place_nigeria_001','commerce',unixepoch(),unixepoch());
INSERT OR IGNORE INTO seed_ingestion_records (id,seed_run_id,entity_type,entity_id,source_id,status) VALUES ('ir_s09_supermarket_ac972fd53f30f615','seed_run_s09_osm_supermarkets_20260502','organization','org_s09_supermarket_ac972fd53f30f615','seed_source_osm_supermarkets_ng_20260502','ingested');
INSERT OR IGNORE INTO seed_entity_sources (id,seed_run_id,entity_type,entity_id,source_id,confidence_tier) VALUES ('es_s09_supermarket_ac972fd53f30f615','seed_run_s09_osm_supermarkets_20260502','organization','org_s09_supermarket_ac972fd53f30f615','seed_source_osm_supermarkets_ng_20260502','seeded');
INSERT OR IGNORE INTO seed_enrichment (id,seed_run_id,entity_type,entity_id,enrichment_type,enrichment_json) VALUES ('enr_s09_supermarket_ac972fd53f30f615','seed_run_s09_osm_supermarkets_20260502','organization','org_s09_supermarket_ac972fd53f30f615','licence_data','{"osm_id": "8367587217", "amenity": "supermarket", "addr_state": null, "operator": null, "brand": "Spar"}');

INSERT OR IGNORE INTO organizations (id,tenant_id,organization_type,legal_name,display_name,registration_number,status,verification_state,created_at,updated_at) VALUES ('org_s09_supermarket_b40bf1dbf6c8b2ee','tenant_platform_seed','retail_store','FARMERS MARKET','FARMERS MARKET',NULL,'active','seeded',unixepoch(),unixepoch());
INSERT OR IGNORE INTO profiles (id,subject_id,subject_type,primary_place_id,tenant_id,workspace_id,display_name,created_at,updated_at) VALUES ('prof_s09_supermarket_b40bf1dbf6c8b2ee','org_s09_supermarket_b40bf1dbf6c8b2ee','organization','place_nigeria_001','tenant_platform_seed','workspace_platform_seed_discovery','FARMERS MARKET',unixepoch(),unixepoch());
INSERT OR IGNORE INTO search_entries (id,profile_id,display_name,keywords,ancestry_path,vertical,created_at,updated_at) VALUES ('se_s09_supermarket_b40bf1dbf6c8b2ee','prof_s09_supermarket_b40bf1dbf6c8b2ee','FARMERS MARKET','farmers market supermarket grocery store retail shopping nigeria','place_nigeria_001','commerce',unixepoch(),unixepoch());
INSERT OR IGNORE INTO seed_ingestion_records (id,seed_run_id,entity_type,entity_id,source_id,status) VALUES ('ir_s09_supermarket_b40bf1dbf6c8b2ee','seed_run_s09_osm_supermarkets_20260502','organization','org_s09_supermarket_b40bf1dbf6c8b2ee','seed_source_osm_supermarkets_ng_20260502','ingested');
INSERT OR IGNORE INTO seed_entity_sources (id,seed_run_id,entity_type,entity_id,source_id,confidence_tier) VALUES ('es_s09_supermarket_b40bf1dbf6c8b2ee','seed_run_s09_osm_supermarkets_20260502','organization','org_s09_supermarket_b40bf1dbf6c8b2ee','seed_source_osm_supermarkets_ng_20260502','seeded');
INSERT OR IGNORE INTO seed_enrichment (id,seed_run_id,entity_type,entity_id,enrichment_type,enrichment_json) VALUES ('enr_s09_supermarket_b40bf1dbf6c8b2ee','seed_run_s09_osm_supermarkets_20260502','organization','org_s09_supermarket_b40bf1dbf6c8b2ee','licence_data','{"osm_id": "8589415842", "amenity": "supermarket", "addr_state": null, "operator": null, "brand": null}');

INSERT OR IGNORE INTO organizations (id,tenant_id,organization_type,legal_name,display_name,registration_number,status,verification_state,created_at,updated_at) VALUES ('org_s09_supermarket_fafc93d1b3f384ab','tenant_platform_seed','retail_store','Vmart','Vmart',NULL,'active','seeded',unixepoch(),unixepoch());
INSERT OR IGNORE INTO profiles (id,subject_id,subject_type,primary_place_id,tenant_id,workspace_id,display_name,created_at,updated_at) VALUES ('prof_s09_supermarket_fafc93d1b3f384ab','org_s09_supermarket_fafc93d1b3f384ab','organization','place_nigeria_001','tenant_platform_seed','workspace_platform_seed_discovery','Vmart',unixepoch(),unixepoch());
INSERT OR IGNORE INTO search_entries (id,profile_id,display_name,keywords,ancestry_path,vertical,created_at,updated_at) VALUES ('se_s09_supermarket_fafc93d1b3f384ab','prof_s09_supermarket_fafc93d1b3f384ab','Vmart','vmart supermarket grocery store retail shopping nigeria','place_nigeria_001','commerce',unixepoch(),unixepoch());
INSERT OR IGNORE INTO seed_ingestion_records (id,seed_run_id,entity_type,entity_id,source_id,status) VALUES ('ir_s09_supermarket_fafc93d1b3f384ab','seed_run_s09_osm_supermarkets_20260502','organization','org_s09_supermarket_fafc93d1b3f384ab','seed_source_osm_supermarkets_ng_20260502','ingested');
INSERT OR IGNORE INTO seed_entity_sources (id,seed_run_id,entity_type,entity_id,source_id,confidence_tier) VALUES ('es_s09_supermarket_fafc93d1b3f384ab','seed_run_s09_osm_supermarkets_20260502','organization','org_s09_supermarket_fafc93d1b3f384ab','seed_source_osm_supermarkets_ng_20260502','seeded');
INSERT OR IGNORE INTO seed_enrichment (id,seed_run_id,entity_type,entity_id,enrichment_type,enrichment_json) VALUES ('enr_s09_supermarket_fafc93d1b3f384ab','seed_run_s09_osm_supermarkets_20260502','organization','org_s09_supermarket_fafc93d1b3f384ab','licence_data','{"osm_id": "9541785662", "amenity": "supermarket", "addr_state": null, "operator": null, "brand": null}');

INSERT OR IGNORE INTO organizations (id,tenant_id,organization_type,legal_name,display_name,registration_number,status,verification_state,created_at,updated_at) VALUES ('org_s09_supermarket_8a6b31f899d3fab3','tenant_platform_seed','retail_store','H-Medix','H-Medix',NULL,'active','seeded',unixepoch(),unixepoch());
INSERT OR IGNORE INTO profiles (id,subject_id,subject_type,primary_place_id,tenant_id,workspace_id,display_name,created_at,updated_at) VALUES ('prof_s09_supermarket_8a6b31f899d3fab3','org_s09_supermarket_8a6b31f899d3fab3','organization','place_nigeria_001','tenant_platform_seed','workspace_platform_seed_discovery','H-Medix',unixepoch(),unixepoch());
INSERT OR IGNORE INTO search_entries (id,profile_id,display_name,keywords,ancestry_path,vertical,created_at,updated_at) VALUES ('se_s09_supermarket_8a6b31f899d3fab3','prof_s09_supermarket_8a6b31f899d3fab3','H-Medix','h-medix supermarket grocery store retail shopping nigeria','place_nigeria_001','commerce',unixepoch(),unixepoch());
INSERT OR IGNORE INTO seed_ingestion_records (id,seed_run_id,entity_type,entity_id,source_id,status) VALUES ('ir_s09_supermarket_8a6b31f899d3fab3','seed_run_s09_osm_supermarkets_20260502','organization','org_s09_supermarket_8a6b31f899d3fab3','seed_source_osm_supermarkets_ng_20260502','ingested');
INSERT OR IGNORE INTO seed_entity_sources (id,seed_run_id,entity_type,entity_id,source_id,confidence_tier) VALUES ('es_s09_supermarket_8a6b31f899d3fab3','seed_run_s09_osm_supermarkets_20260502','organization','org_s09_supermarket_8a6b31f899d3fab3','seed_source_osm_supermarkets_ng_20260502','seeded');
INSERT OR IGNORE INTO seed_enrichment (id,seed_run_id,entity_type,entity_id,enrichment_type,enrichment_json) VALUES ('enr_s09_supermarket_8a6b31f899d3fab3','seed_run_s09_osm_supermarkets_20260502','organization','org_s09_supermarket_8a6b31f899d3fab3','licence_data','{"osm_id": "9577867316", "amenity": "supermarket", "addr_state": null, "operator": null, "brand": null}');

INSERT OR IGNORE INTO organizations (id,tenant_id,organization_type,legal_name,display_name,registration_number,status,verification_state,created_at,updated_at) VALUES ('org_s09_supermarket_70140c1ec4457cdf','tenant_platform_seed','retail_store','Vintage Hubb','Vintage Hubb',NULL,'active','seeded',unixepoch(),unixepoch());
INSERT OR IGNORE INTO profiles (id,subject_id,subject_type,primary_place_id,tenant_id,workspace_id,display_name,created_at,updated_at) VALUES ('prof_s09_supermarket_70140c1ec4457cdf','org_s09_supermarket_70140c1ec4457cdf','organization','place_nigeria_001','tenant_platform_seed','workspace_platform_seed_discovery','Vintage Hubb',unixepoch(),unixepoch());
INSERT OR IGNORE INTO search_entries (id,profile_id,display_name,keywords,ancestry_path,vertical,created_at,updated_at) VALUES ('se_s09_supermarket_70140c1ec4457cdf','prof_s09_supermarket_70140c1ec4457cdf','Vintage Hubb','vintage hubb supermarket grocery store retail shopping nigeria','place_nigeria_001','commerce',unixepoch(),unixepoch());
INSERT OR IGNORE INTO seed_ingestion_records (id,seed_run_id,entity_type,entity_id,source_id,status) VALUES ('ir_s09_supermarket_70140c1ec4457cdf','seed_run_s09_osm_supermarkets_20260502','organization','org_s09_supermarket_70140c1ec4457cdf','seed_source_osm_supermarkets_ng_20260502','ingested');
INSERT OR IGNORE INTO seed_entity_sources (id,seed_run_id,entity_type,entity_id,source_id,confidence_tier) VALUES ('es_s09_supermarket_70140c1ec4457cdf','seed_run_s09_osm_supermarkets_20260502','organization','org_s09_supermarket_70140c1ec4457cdf','seed_source_osm_supermarkets_ng_20260502','seeded');
INSERT OR IGNORE INTO seed_enrichment (id,seed_run_id,entity_type,entity_id,enrichment_type,enrichment_json) VALUES ('enr_s09_supermarket_70140c1ec4457cdf','seed_run_s09_osm_supermarkets_20260502','organization','org_s09_supermarket_70140c1ec4457cdf','licence_data','{"osm_id": "9961441591", "amenity": "mall", "addr_state": null, "operator": null, "brand": null}');

INSERT OR IGNORE INTO organizations (id,tenant_id,organization_type,legal_name,display_name,registration_number,status,verification_state,created_at,updated_at) VALUES ('org_s09_supermarket_7fa284c8dccb05b9','tenant_platform_seed','retail_store','Complexe SGB','Complexe SGB',NULL,'active','seeded',unixepoch(),unixepoch());
INSERT OR IGNORE INTO profiles (id,subject_id,subject_type,primary_place_id,tenant_id,workspace_id,display_name,created_at,updated_at) VALUES ('prof_s09_supermarket_7fa284c8dccb05b9','org_s09_supermarket_7fa284c8dccb05b9','organization','place_nigeria_001','tenant_platform_seed','workspace_platform_seed_discovery','Complexe SGB',unixepoch(),unixepoch());
INSERT OR IGNORE INTO search_entries (id,profile_id,display_name,keywords,ancestry_path,vertical,created_at,updated_at) VALUES ('se_s09_supermarket_7fa284c8dccb05b9','prof_s09_supermarket_7fa284c8dccb05b9','Complexe SGB','complexe sgb supermarket grocery store retail shopping nigeria','place_nigeria_001','commerce',unixepoch(),unixepoch());
INSERT OR IGNORE INTO seed_ingestion_records (id,seed_run_id,entity_type,entity_id,source_id,status) VALUES ('ir_s09_supermarket_7fa284c8dccb05b9','seed_run_s09_osm_supermarkets_20260502','organization','org_s09_supermarket_7fa284c8dccb05b9','seed_source_osm_supermarkets_ng_20260502','ingested');
INSERT OR IGNORE INTO seed_entity_sources (id,seed_run_id,entity_type,entity_id,source_id,confidence_tier) VALUES ('es_s09_supermarket_7fa284c8dccb05b9','seed_run_s09_osm_supermarkets_20260502','organization','org_s09_supermarket_7fa284c8dccb05b9','seed_source_osm_supermarkets_ng_20260502','seeded');
INSERT OR IGNORE INTO seed_enrichment (id,seed_run_id,entity_type,entity_id,enrichment_type,enrichment_json) VALUES ('enr_s09_supermarket_7fa284c8dccb05b9','seed_run_s09_osm_supermarkets_20260502','organization','org_s09_supermarket_7fa284c8dccb05b9','licence_data','{"osm_id": "11073313343", "amenity": "supermarket", "addr_state": null, "operator": null, "brand": null}');

INSERT OR IGNORE INTO organizations (id,tenant_id,organization_type,legal_name,display_name,registration_number,status,verification_state,created_at,updated_at) VALUES ('org_s09_supermarket_370ad5d1972055e8','tenant_platform_seed','retail_store','Établissement Sabiou Moussa Kalla','Établissement Sabiou Moussa Kalla',NULL,'active','seeded',unixepoch(),unixepoch());
INSERT OR IGNORE INTO profiles (id,subject_id,subject_type,primary_place_id,tenant_id,workspace_id,display_name,created_at,updated_at) VALUES ('prof_s09_supermarket_370ad5d1972055e8','org_s09_supermarket_370ad5d1972055e8','organization','place_nigeria_001','tenant_platform_seed','workspace_platform_seed_discovery','Établissement Sabiou Moussa Kalla',unixepoch(),unixepoch());
INSERT OR IGNORE INTO search_entries (id,profile_id,display_name,keywords,ancestry_path,vertical,created_at,updated_at) VALUES ('se_s09_supermarket_370ad5d1972055e8','prof_s09_supermarket_370ad5d1972055e8','Établissement Sabiou Moussa Kalla','établissement sabiou moussa kalla supermarket grocery store retail shopping nigeria','place_nigeria_001','commerce',unixepoch(),unixepoch());
INSERT OR IGNORE INTO seed_ingestion_records (id,seed_run_id,entity_type,entity_id,source_id,status) VALUES ('ir_s09_supermarket_370ad5d1972055e8','seed_run_s09_osm_supermarkets_20260502','organization','org_s09_supermarket_370ad5d1972055e8','seed_source_osm_supermarkets_ng_20260502','ingested');
INSERT OR IGNORE INTO seed_entity_sources (id,seed_run_id,entity_type,entity_id,source_id,confidence_tier) VALUES ('es_s09_supermarket_370ad5d1972055e8','seed_run_s09_osm_supermarkets_20260502','organization','org_s09_supermarket_370ad5d1972055e8','seed_source_osm_supermarkets_ng_20260502','seeded');
INSERT OR IGNORE INTO seed_enrichment (id,seed_run_id,entity_type,entity_id,enrichment_type,enrichment_json) VALUES ('enr_s09_supermarket_370ad5d1972055e8','seed_run_s09_osm_supermarkets_20260502','organization','org_s09_supermarket_370ad5d1972055e8','licence_data','{"osm_id": "11097269501", "amenity": "supermarket", "addr_state": null, "operator": null, "brand": null}');

INSERT OR IGNORE INTO organizations (id,tenant_id,organization_type,legal_name,display_name,registration_number,status,verification_state,created_at,updated_at) VALUES ('org_s09_supermarket_2a7f99731b9cfb19','tenant_platform_seed','retail_store','Établissement Oriba','Établissement Oriba',NULL,'active','seeded',unixepoch(),unixepoch());
INSERT OR IGNORE INTO profiles (id,subject_id,subject_type,primary_place_id,tenant_id,workspace_id,display_name,created_at,updated_at) VALUES ('prof_s09_supermarket_2a7f99731b9cfb19','org_s09_supermarket_2a7f99731b9cfb19','organization','place_nigeria_001','tenant_platform_seed','workspace_platform_seed_discovery','Établissement Oriba',unixepoch(),unixepoch());
INSERT OR IGNORE INTO search_entries (id,profile_id,display_name,keywords,ancestry_path,vertical,created_at,updated_at) VALUES ('se_s09_supermarket_2a7f99731b9cfb19','prof_s09_supermarket_2a7f99731b9cfb19','Établissement Oriba','établissement oriba supermarket grocery store retail shopping nigeria','place_nigeria_001','commerce',unixepoch(),unixepoch());
INSERT OR IGNORE INTO seed_ingestion_records (id,seed_run_id,entity_type,entity_id,source_id,status) VALUES ('ir_s09_supermarket_2a7f99731b9cfb19','seed_run_s09_osm_supermarkets_20260502','organization','org_s09_supermarket_2a7f99731b9cfb19','seed_source_osm_supermarkets_ng_20260502','ingested');
INSERT OR IGNORE INTO seed_entity_sources (id,seed_run_id,entity_type,entity_id,source_id,confidence_tier) VALUES ('es_s09_supermarket_2a7f99731b9cfb19','seed_run_s09_osm_supermarkets_20260502','organization','org_s09_supermarket_2a7f99731b9cfb19','seed_source_osm_supermarkets_ng_20260502','seeded');
INSERT OR IGNORE INTO seed_enrichment (id,seed_run_id,entity_type,entity_id,enrichment_type,enrichment_json) VALUES ('enr_s09_supermarket_2a7f99731b9cfb19','seed_run_s09_osm_supermarkets_20260502','organization','org_s09_supermarket_2a7f99731b9cfb19','licence_data','{"osm_id": "11102638456", "amenity": "supermarket", "addr_state": null, "operator": null, "brand": null}');

INSERT OR IGNORE INTO organizations (id,tenant_id,organization_type,legal_name,display_name,registration_number,status,verification_state,created_at,updated_at) VALUES ('org_s09_supermarket_42d102918449d00e','tenant_platform_seed','retail_store','Boutique Komma Bagori et Fils','Boutique Komma Bagori et Fils',NULL,'active','seeded',unixepoch(),unixepoch());
INSERT OR IGNORE INTO profiles (id,subject_id,subject_type,primary_place_id,tenant_id,workspace_id,display_name,created_at,updated_at) VALUES ('prof_s09_supermarket_42d102918449d00e','org_s09_supermarket_42d102918449d00e','organization','place_nigeria_001','tenant_platform_seed','workspace_platform_seed_discovery','Boutique Komma Bagori et Fils',unixepoch(),unixepoch());
INSERT OR IGNORE INTO search_entries (id,profile_id,display_name,keywords,ancestry_path,vertical,created_at,updated_at) VALUES ('se_s09_supermarket_42d102918449d00e','prof_s09_supermarket_42d102918449d00e','Boutique Komma Bagori et Fils','boutique komma bagori et fils supermarket grocery store retail shopping nigeria','place_nigeria_001','commerce',unixepoch(),unixepoch());
INSERT OR IGNORE INTO seed_ingestion_records (id,seed_run_id,entity_type,entity_id,source_id,status) VALUES ('ir_s09_supermarket_42d102918449d00e','seed_run_s09_osm_supermarkets_20260502','organization','org_s09_supermarket_42d102918449d00e','seed_source_osm_supermarkets_ng_20260502','ingested');
INSERT OR IGNORE INTO seed_entity_sources (id,seed_run_id,entity_type,entity_id,source_id,confidence_tier) VALUES ('es_s09_supermarket_42d102918449d00e','seed_run_s09_osm_supermarkets_20260502','organization','org_s09_supermarket_42d102918449d00e','seed_source_osm_supermarkets_ng_20260502','seeded');
INSERT OR IGNORE INTO seed_enrichment (id,seed_run_id,entity_type,entity_id,enrichment_type,enrichment_json) VALUES ('enr_s09_supermarket_42d102918449d00e','seed_run_s09_osm_supermarkets_20260502','organization','org_s09_supermarket_42d102918449d00e','licence_data','{"osm_id": "11102656835", "amenity": "supermarket", "addr_state": null, "operator": null, "brand": null}');

INSERT OR IGNORE INTO organizations (id,tenant_id,organization_type,legal_name,display_name,registration_number,status,verification_state,created_at,updated_at) VALUES ('org_s09_supermarket_39113958d9e8c615','tenant_platform_seed','retail_store','Hamman','Hamman',NULL,'active','seeded',unixepoch(),unixepoch());
INSERT OR IGNORE INTO profiles (id,subject_id,subject_type,primary_place_id,tenant_id,workspace_id,display_name,created_at,updated_at) VALUES ('prof_s09_supermarket_39113958d9e8c615','org_s09_supermarket_39113958d9e8c615','organization','place_nigeria_001','tenant_platform_seed','workspace_platform_seed_discovery','Hamman',unixepoch(),unixepoch());
INSERT OR IGNORE INTO search_entries (id,profile_id,display_name,keywords,ancestry_path,vertical,created_at,updated_at) VALUES ('se_s09_supermarket_39113958d9e8c615','prof_s09_supermarket_39113958d9e8c615','Hamman','hamman supermarket grocery store retail shopping nigeria','place_nigeria_001','commerce',unixepoch(),unixepoch());
INSERT OR IGNORE INTO seed_ingestion_records (id,seed_run_id,entity_type,entity_id,source_id,status) VALUES ('ir_s09_supermarket_39113958d9e8c615','seed_run_s09_osm_supermarkets_20260502','organization','org_s09_supermarket_39113958d9e8c615','seed_source_osm_supermarkets_ng_20260502','ingested');
INSERT OR IGNORE INTO seed_entity_sources (id,seed_run_id,entity_type,entity_id,source_id,confidence_tier) VALUES ('es_s09_supermarket_39113958d9e8c615','seed_run_s09_osm_supermarkets_20260502','organization','org_s09_supermarket_39113958d9e8c615','seed_source_osm_supermarkets_ng_20260502','seeded');
INSERT OR IGNORE INTO seed_enrichment (id,seed_run_id,entity_type,entity_id,enrichment_type,enrichment_json) VALUES ('enr_s09_supermarket_39113958d9e8c615','seed_run_s09_osm_supermarkets_20260502','organization','org_s09_supermarket_39113958d9e8c615','licence_data','{"osm_id": "11175703239", "amenity": "supermarket", "addr_state": null, "operator": null, "brand": null}');

INSERT OR IGNORE INTO organizations (id,tenant_id,organization_type,legal_name,display_name,registration_number,status,verification_state,created_at,updated_at) VALUES ('org_s09_supermarket_36cc68687eb1fc0a','tenant_platform_seed','retail_store','Jujin labu store','Jujin labu store',NULL,'active','seeded',unixepoch(),unixepoch());
INSERT OR IGNORE INTO profiles (id,subject_id,subject_type,primary_place_id,tenant_id,workspace_id,display_name,created_at,updated_at) VALUES ('prof_s09_supermarket_36cc68687eb1fc0a','org_s09_supermarket_36cc68687eb1fc0a','organization','place_nigeria_001','tenant_platform_seed','workspace_platform_seed_discovery','Jujin labu store',unixepoch(),unixepoch());
INSERT OR IGNORE INTO search_entries (id,profile_id,display_name,keywords,ancestry_path,vertical,created_at,updated_at) VALUES ('se_s09_supermarket_36cc68687eb1fc0a','prof_s09_supermarket_36cc68687eb1fc0a','Jujin labu store','jujin labu store supermarket grocery store retail shopping nigeria','place_nigeria_001','commerce',unixepoch(),unixepoch());
INSERT OR IGNORE INTO seed_ingestion_records (id,seed_run_id,entity_type,entity_id,source_id,status) VALUES ('ir_s09_supermarket_36cc68687eb1fc0a','seed_run_s09_osm_supermarkets_20260502','organization','org_s09_supermarket_36cc68687eb1fc0a','seed_source_osm_supermarkets_ng_20260502','ingested');
INSERT OR IGNORE INTO seed_entity_sources (id,seed_run_id,entity_type,entity_id,source_id,confidence_tier) VALUES ('es_s09_supermarket_36cc68687eb1fc0a','seed_run_s09_osm_supermarkets_20260502','organization','org_s09_supermarket_36cc68687eb1fc0a','seed_source_osm_supermarkets_ng_20260502','seeded');
INSERT OR IGNORE INTO seed_enrichment (id,seed_run_id,entity_type,entity_id,enrichment_type,enrichment_json) VALUES ('enr_s09_supermarket_36cc68687eb1fc0a','seed_run_s09_osm_supermarkets_20260502','organization','org_s09_supermarket_36cc68687eb1fc0a','licence_data','{"osm_id": "11175729237", "amenity": "supermarket", "addr_state": null, "operator": null, "brand": null}');

INSERT OR IGNORE INTO organizations (id,tenant_id,organization_type,legal_name,display_name,registration_number,status,verification_state,created_at,updated_at) VALUES ('org_s09_supermarket_f0731a56e4c9b53d','tenant_platform_seed','retail_store','Chadakori','Chadakori',NULL,'active','seeded',unixepoch(),unixepoch());
INSERT OR IGNORE INTO profiles (id,subject_id,subject_type,primary_place_id,tenant_id,workspace_id,display_name,created_at,updated_at) VALUES ('prof_s09_supermarket_f0731a56e4c9b53d','org_s09_supermarket_f0731a56e4c9b53d','organization','place_nigeria_001','tenant_platform_seed','workspace_platform_seed_discovery','Chadakori',unixepoch(),unixepoch());
INSERT OR IGNORE INTO search_entries (id,profile_id,display_name,keywords,ancestry_path,vertical,created_at,updated_at) VALUES ('se_s09_supermarket_f0731a56e4c9b53d','prof_s09_supermarket_f0731a56e4c9b53d','Chadakori','chadakori supermarket grocery store retail shopping nigeria','place_nigeria_001','commerce',unixepoch(),unixepoch());
INSERT OR IGNORE INTO seed_ingestion_records (id,seed_run_id,entity_type,entity_id,source_id,status) VALUES ('ir_s09_supermarket_f0731a56e4c9b53d','seed_run_s09_osm_supermarkets_20260502','organization','org_s09_supermarket_f0731a56e4c9b53d','seed_source_osm_supermarkets_ng_20260502','ingested');
INSERT OR IGNORE INTO seed_entity_sources (id,seed_run_id,entity_type,entity_id,source_id,confidence_tier) VALUES ('es_s09_supermarket_f0731a56e4c9b53d','seed_run_s09_osm_supermarkets_20260502','organization','org_s09_supermarket_f0731a56e4c9b53d','seed_source_osm_supermarkets_ng_20260502','seeded');
INSERT OR IGNORE INTO seed_enrichment (id,seed_run_id,entity_type,entity_id,enrichment_type,enrichment_json) VALUES ('enr_s09_supermarket_f0731a56e4c9b53d','seed_run_s09_osm_supermarkets_20260502','organization','org_s09_supermarket_f0731a56e4c9b53d','licence_data','{"osm_id": "11186215725", "amenity": "mall", "addr_state": null, "operator": null, "brand": null}');

INSERT OR IGNORE INTO organizations (id,tenant_id,organization_type,legal_name,display_name,registration_number,status,verification_state,created_at,updated_at) VALUES ('org_s09_supermarket_9f326eca59697f8c','tenant_platform_seed','retail_store','N.N.D.C Mall','N.N.D.C Mall',NULL,'active','seeded',unixepoch(),unixepoch());
INSERT OR IGNORE INTO profiles (id,subject_id,subject_type,primary_place_id,tenant_id,workspace_id,display_name,created_at,updated_at) VALUES ('prof_s09_supermarket_9f326eca59697f8c','org_s09_supermarket_9f326eca59697f8c','organization','place_nigeria_001','tenant_platform_seed','workspace_platform_seed_discovery','N.N.D.C Mall',unixepoch(),unixepoch());
INSERT OR IGNORE INTO search_entries (id,profile_id,display_name,keywords,ancestry_path,vertical,created_at,updated_at) VALUES ('se_s09_supermarket_9f326eca59697f8c','prof_s09_supermarket_9f326eca59697f8c','N.N.D.C Mall','n.n.d.c mall supermarket grocery store retail shopping nigeria','place_nigeria_001','commerce',unixepoch(),unixepoch());
INSERT OR IGNORE INTO seed_ingestion_records (id,seed_run_id,entity_type,entity_id,source_id,status) VALUES ('ir_s09_supermarket_9f326eca59697f8c','seed_run_s09_osm_supermarkets_20260502','organization','org_s09_supermarket_9f326eca59697f8c','seed_source_osm_supermarkets_ng_20260502','ingested');
INSERT OR IGNORE INTO seed_entity_sources (id,seed_run_id,entity_type,entity_id,source_id,confidence_tier) VALUES ('es_s09_supermarket_9f326eca59697f8c','seed_run_s09_osm_supermarkets_20260502','organization','org_s09_supermarket_9f326eca59697f8c','seed_source_osm_supermarkets_ng_20260502','seeded');
INSERT OR IGNORE INTO seed_enrichment (id,seed_run_id,entity_type,entity_id,enrichment_type,enrichment_json) VALUES ('enr_s09_supermarket_9f326eca59697f8c','seed_run_s09_osm_supermarkets_20260502','organization','org_s09_supermarket_9f326eca59697f8c','licence_data','{"osm_id": "11224664461", "amenity": "supermarket", "addr_state": null, "operator": null, "brand": null}');

INSERT OR IGNORE INTO organizations (id,tenant_id,organization_type,legal_name,display_name,registration_number,status,verification_state,created_at,updated_at) VALUES ('org_s09_supermarket_4c80161919c392a2','tenant_platform_seed','retail_store','Graceland Supermarket & Gift Shop','Graceland Supermarket & Gift Shop',NULL,'active','seeded',unixepoch(),unixepoch());
INSERT OR IGNORE INTO profiles (id,subject_id,subject_type,primary_place_id,tenant_id,workspace_id,display_name,created_at,updated_at) VALUES ('prof_s09_supermarket_4c80161919c392a2','org_s09_supermarket_4c80161919c392a2','organization','place_nigeria_001','tenant_platform_seed','workspace_platform_seed_discovery','Graceland Supermarket & Gift Shop',unixepoch(),unixepoch());
INSERT OR IGNORE INTO search_entries (id,profile_id,display_name,keywords,ancestry_path,vertical,created_at,updated_at) VALUES ('se_s09_supermarket_4c80161919c392a2','prof_s09_supermarket_4c80161919c392a2','Graceland Supermarket & Gift Shop','graceland supermarket & gift shop supermarket grocery store retail shopping nigeria','place_nigeria_001','commerce',unixepoch(),unixepoch());
INSERT OR IGNORE INTO seed_ingestion_records (id,seed_run_id,entity_type,entity_id,source_id,status) VALUES ('ir_s09_supermarket_4c80161919c392a2','seed_run_s09_osm_supermarkets_20260502','organization','org_s09_supermarket_4c80161919c392a2','seed_source_osm_supermarkets_ng_20260502','ingested');
INSERT OR IGNORE INTO seed_entity_sources (id,seed_run_id,entity_type,entity_id,source_id,confidence_tier) VALUES ('es_s09_supermarket_4c80161919c392a2','seed_run_s09_osm_supermarkets_20260502','organization','org_s09_supermarket_4c80161919c392a2','seed_source_osm_supermarkets_ng_20260502','seeded');
INSERT OR IGNORE INTO seed_enrichment (id,seed_run_id,entity_type,entity_id,enrichment_type,enrichment_json) VALUES ('enr_s09_supermarket_4c80161919c392a2','seed_run_s09_osm_supermarkets_20260502','organization','org_s09_supermarket_4c80161919c392a2','licence_data','{"osm_id": "11746111947", "amenity": "supermarket", "addr_state": null, "operator": null, "brand": null}');

INSERT OR IGNORE INTO organizations (id,tenant_id,organization_type,legal_name,display_name,registration_number,status,verification_state,created_at,updated_at) VALUES ('org_s09_supermarket_66743691ffb64177','tenant_platform_seed','retail_store','Abuja Mobile Market','Abuja Mobile Market',NULL,'active','seeded',unixepoch(),unixepoch());
INSERT OR IGNORE INTO profiles (id,subject_id,subject_type,primary_place_id,tenant_id,workspace_id,display_name,created_at,updated_at) VALUES ('prof_s09_supermarket_66743691ffb64177','org_s09_supermarket_66743691ffb64177','organization','place_nigeria_001','tenant_platform_seed','workspace_platform_seed_discovery','Abuja Mobile Market',unixepoch(),unixepoch());
INSERT OR IGNORE INTO search_entries (id,profile_id,display_name,keywords,ancestry_path,vertical,created_at,updated_at) VALUES ('se_s09_supermarket_66743691ffb64177','prof_s09_supermarket_66743691ffb64177','Abuja Mobile Market','abuja mobile market supermarket grocery store retail shopping nigeria','place_nigeria_001','commerce',unixepoch(),unixepoch());
INSERT OR IGNORE INTO seed_ingestion_records (id,seed_run_id,entity_type,entity_id,source_id,status) VALUES ('ir_s09_supermarket_66743691ffb64177','seed_run_s09_osm_supermarkets_20260502','organization','org_s09_supermarket_66743691ffb64177','seed_source_osm_supermarkets_ng_20260502','ingested');
INSERT OR IGNORE INTO seed_entity_sources (id,seed_run_id,entity_type,entity_id,source_id,confidence_tier) VALUES ('es_s09_supermarket_66743691ffb64177','seed_run_s09_osm_supermarkets_20260502','organization','org_s09_supermarket_66743691ffb64177','seed_source_osm_supermarkets_ng_20260502','seeded');
INSERT OR IGNORE INTO seed_enrichment (id,seed_run_id,entity_type,entity_id,enrichment_type,enrichment_json) VALUES ('enr_s09_supermarket_66743691ffb64177','seed_run_s09_osm_supermarkets_20260502','organization','org_s09_supermarket_66743691ffb64177','licence_data','{"osm_id": "11916576220", "amenity": "supermarket", "addr_state": null, "operator": null, "brand": null}');

INSERT OR IGNORE INTO organizations (id,tenant_id,organization_type,legal_name,display_name,registration_number,status,verification_state,created_at,updated_at) VALUES ('org_s09_supermarket_cefbdc279051a19d','tenant_platform_seed','retail_store','Oliver Twist Supermarket','Oliver Twist Supermarket',NULL,'active','seeded',unixepoch(),unixepoch());
INSERT OR IGNORE INTO profiles (id,subject_id,subject_type,primary_place_id,tenant_id,workspace_id,display_name,created_at,updated_at) VALUES ('prof_s09_supermarket_cefbdc279051a19d','org_s09_supermarket_cefbdc279051a19d','organization','place_nigeria_001','tenant_platform_seed','workspace_platform_seed_discovery','Oliver Twist Supermarket',unixepoch(),unixepoch());
INSERT OR IGNORE INTO search_entries (id,profile_id,display_name,keywords,ancestry_path,vertical,created_at,updated_at) VALUES ('se_s09_supermarket_cefbdc279051a19d','prof_s09_supermarket_cefbdc279051a19d','Oliver Twist Supermarket','oliver twist supermarket supermarket grocery store retail shopping nigeria','place_nigeria_001','commerce',unixepoch(),unixepoch());
INSERT OR IGNORE INTO seed_ingestion_records (id,seed_run_id,entity_type,entity_id,source_id,status) VALUES ('ir_s09_supermarket_cefbdc279051a19d','seed_run_s09_osm_supermarkets_20260502','organization','org_s09_supermarket_cefbdc279051a19d','seed_source_osm_supermarkets_ng_20260502','ingested');
INSERT OR IGNORE INTO seed_entity_sources (id,seed_run_id,entity_type,entity_id,source_id,confidence_tier) VALUES ('es_s09_supermarket_cefbdc279051a19d','seed_run_s09_osm_supermarkets_20260502','organization','org_s09_supermarket_cefbdc279051a19d','seed_source_osm_supermarkets_ng_20260502','seeded');
INSERT OR IGNORE INTO seed_enrichment (id,seed_run_id,entity_type,entity_id,enrichment_type,enrichment_json) VALUES ('enr_s09_supermarket_cefbdc279051a19d','seed_run_s09_osm_supermarkets_20260502','organization','org_s09_supermarket_cefbdc279051a19d','licence_data','{"osm_id": "11922113357", "amenity": "supermarket", "addr_state": null, "operator": null, "brand": null}');

INSERT OR IGNORE INTO organizations (id,tenant_id,organization_type,legal_name,display_name,registration_number,status,verification_state,created_at,updated_at) VALUES ('org_s09_supermarket_0c24e6a45c855546','tenant_platform_seed','retail_store','Olive plaza','Olive plaza',NULL,'active','seeded',unixepoch(),unixepoch());
INSERT OR IGNORE INTO profiles (id,subject_id,subject_type,primary_place_id,tenant_id,workspace_id,display_name,created_at,updated_at) VALUES ('prof_s09_supermarket_0c24e6a45c855546','org_s09_supermarket_0c24e6a45c855546','organization','place_nigeria_001','tenant_platform_seed','workspace_platform_seed_discovery','Olive plaza',unixepoch(),unixepoch());
INSERT OR IGNORE INTO search_entries (id,profile_id,display_name,keywords,ancestry_path,vertical,created_at,updated_at) VALUES ('se_s09_supermarket_0c24e6a45c855546','prof_s09_supermarket_0c24e6a45c855546','Olive plaza','olive plaza supermarket grocery store retail shopping nigeria','place_nigeria_001','commerce',unixepoch(),unixepoch());
INSERT OR IGNORE INTO seed_ingestion_records (id,seed_run_id,entity_type,entity_id,source_id,status) VALUES ('ir_s09_supermarket_0c24e6a45c855546','seed_run_s09_osm_supermarkets_20260502','organization','org_s09_supermarket_0c24e6a45c855546','seed_source_osm_supermarkets_ng_20260502','ingested');
INSERT OR IGNORE INTO seed_entity_sources (id,seed_run_id,entity_type,entity_id,source_id,confidence_tier) VALUES ('es_s09_supermarket_0c24e6a45c855546','seed_run_s09_osm_supermarkets_20260502','organization','org_s09_supermarket_0c24e6a45c855546','seed_source_osm_supermarkets_ng_20260502','seeded');
INSERT OR IGNORE INTO seed_enrichment (id,seed_run_id,entity_type,entity_id,enrichment_type,enrichment_json) VALUES ('enr_s09_supermarket_0c24e6a45c855546','seed_run_s09_osm_supermarkets_20260502','organization','org_s09_supermarket_0c24e6a45c855546','licence_data','{"osm_id": "12569304845", "amenity": "mall", "addr_state": null, "operator": null, "brand": null}');

INSERT OR IGNORE INTO organizations (id,tenant_id,organization_type,legal_name,display_name,registration_number,status,verification_state,created_at,updated_at) VALUES ('org_s09_supermarket_7345c49eecbbf376','tenant_platform_seed','retail_store','Sims digital Center','Sims digital Center',NULL,'active','seeded',unixepoch(),unixepoch());
INSERT OR IGNORE INTO profiles (id,subject_id,subject_type,primary_place_id,tenant_id,workspace_id,display_name,created_at,updated_at) VALUES ('prof_s09_supermarket_7345c49eecbbf376','org_s09_supermarket_7345c49eecbbf376','organization','place_nigeria_001','tenant_platform_seed','workspace_platform_seed_discovery','Sims digital Center',unixepoch(),unixepoch());
INSERT OR IGNORE INTO search_entries (id,profile_id,display_name,keywords,ancestry_path,vertical,created_at,updated_at) VALUES ('se_s09_supermarket_7345c49eecbbf376','prof_s09_supermarket_7345c49eecbbf376','Sims digital Center','sims digital center supermarket grocery store retail shopping nigeria','place_nigeria_001','commerce',unixepoch(),unixepoch());
INSERT OR IGNORE INTO seed_ingestion_records (id,seed_run_id,entity_type,entity_id,source_id,status) VALUES ('ir_s09_supermarket_7345c49eecbbf376','seed_run_s09_osm_supermarkets_20260502','organization','org_s09_supermarket_7345c49eecbbf376','seed_source_osm_supermarkets_ng_20260502','ingested');
INSERT OR IGNORE INTO seed_entity_sources (id,seed_run_id,entity_type,entity_id,source_id,confidence_tier) VALUES ('es_s09_supermarket_7345c49eecbbf376','seed_run_s09_osm_supermarkets_20260502','organization','org_s09_supermarket_7345c49eecbbf376','seed_source_osm_supermarkets_ng_20260502','seeded');
INSERT OR IGNORE INTO seed_enrichment (id,seed_run_id,entity_type,entity_id,enrichment_type,enrichment_json) VALUES ('enr_s09_supermarket_7345c49eecbbf376','seed_run_s09_osm_supermarkets_20260502','organization','org_s09_supermarket_7345c49eecbbf376','licence_data','{"osm_id": "12569308810", "amenity": "mall", "addr_state": null, "operator": null, "brand": null}');

INSERT OR IGNORE INTO organizations (id,tenant_id,organization_type,legal_name,display_name,registration_number,status,verification_state,created_at,updated_at) VALUES ('org_s09_supermarket_0916cc3524091c2a','tenant_platform_seed','retail_store','M633 supermarket','M633 supermarket',NULL,'active','seeded',unixepoch(),unixepoch());
INSERT OR IGNORE INTO profiles (id,subject_id,subject_type,primary_place_id,tenant_id,workspace_id,display_name,created_at,updated_at) VALUES ('prof_s09_supermarket_0916cc3524091c2a','org_s09_supermarket_0916cc3524091c2a','organization','place_nigeria_001','tenant_platform_seed','workspace_platform_seed_discovery','M633 supermarket',unixepoch(),unixepoch());
INSERT OR IGNORE INTO search_entries (id,profile_id,display_name,keywords,ancestry_path,vertical,created_at,updated_at) VALUES ('se_s09_supermarket_0916cc3524091c2a','prof_s09_supermarket_0916cc3524091c2a','M633 supermarket','m633 supermarket supermarket grocery store retail shopping nigeria','place_nigeria_001','commerce',unixepoch(),unixepoch());
INSERT OR IGNORE INTO seed_ingestion_records (id,seed_run_id,entity_type,entity_id,source_id,status) VALUES ('ir_s09_supermarket_0916cc3524091c2a','seed_run_s09_osm_supermarkets_20260502','organization','org_s09_supermarket_0916cc3524091c2a','seed_source_osm_supermarkets_ng_20260502','ingested');
INSERT OR IGNORE INTO seed_entity_sources (id,seed_run_id,entity_type,entity_id,source_id,confidence_tier) VALUES ('es_s09_supermarket_0916cc3524091c2a','seed_run_s09_osm_supermarkets_20260502','organization','org_s09_supermarket_0916cc3524091c2a','seed_source_osm_supermarkets_ng_20260502','seeded');
INSERT OR IGNORE INTO seed_enrichment (id,seed_run_id,entity_type,entity_id,enrichment_type,enrichment_json) VALUES ('enr_s09_supermarket_0916cc3524091c2a','seed_run_s09_osm_supermarkets_20260502','organization','org_s09_supermarket_0916cc3524091c2a','licence_data','{"osm_id": "13031332520", "amenity": "supermarket", "addr_state": null, "operator": "Jada-Baruch", "brand": null}');

INSERT OR IGNORE INTO organizations (id,tenant_id,organization_type,legal_name,display_name,registration_number,status,verification_state,created_at,updated_at) VALUES ('org_s09_supermarket_823917d2ee91d578','tenant_platform_seed','retail_store','MKK Plaza','MKK Plaza',NULL,'active','seeded',unixepoch(),unixepoch());
INSERT OR IGNORE INTO profiles (id,subject_id,subject_type,primary_place_id,tenant_id,workspace_id,display_name,created_at,updated_at) VALUES ('prof_s09_supermarket_823917d2ee91d578','org_s09_supermarket_823917d2ee91d578','organization','place_nigeria_001','tenant_platform_seed','workspace_platform_seed_discovery','MKK Plaza',unixepoch(),unixepoch());
INSERT OR IGNORE INTO search_entries (id,profile_id,display_name,keywords,ancestry_path,vertical,created_at,updated_at) VALUES ('se_s09_supermarket_823917d2ee91d578','prof_s09_supermarket_823917d2ee91d578','MKK Plaza','mkk plaza supermarket grocery store retail shopping nigeria','place_nigeria_001','commerce',unixepoch(),unixepoch());
INSERT OR IGNORE INTO seed_ingestion_records (id,seed_run_id,entity_type,entity_id,source_id,status) VALUES ('ir_s09_supermarket_823917d2ee91d578','seed_run_s09_osm_supermarkets_20260502','organization','org_s09_supermarket_823917d2ee91d578','seed_source_osm_supermarkets_ng_20260502','ingested');
INSERT OR IGNORE INTO seed_entity_sources (id,seed_run_id,entity_type,entity_id,source_id,confidence_tier) VALUES ('es_s09_supermarket_823917d2ee91d578','seed_run_s09_osm_supermarkets_20260502','organization','org_s09_supermarket_823917d2ee91d578','seed_source_osm_supermarkets_ng_20260502','seeded');
INSERT OR IGNORE INTO seed_enrichment (id,seed_run_id,entity_type,entity_id,enrichment_type,enrichment_json) VALUES ('enr_s09_supermarket_823917d2ee91d578','seed_run_s09_osm_supermarkets_20260502','organization','org_s09_supermarket_823917d2ee91d578','licence_data','{"osm_id": "176918852", "amenity": "mall", "addr_state": null, "operator": null, "brand": null}');

INSERT OR IGNORE INTO organizations (id,tenant_id,organization_type,legal_name,display_name,registration_number,status,verification_state,created_at,updated_at) VALUES ('org_s09_supermarket_772e966ff9d34880','tenant_platform_seed','retail_store','Abuja Shopping Complex','Abuja Shopping Complex',NULL,'active','seeded',unixepoch(),unixepoch());
INSERT OR IGNORE INTO profiles (id,subject_id,subject_type,primary_place_id,tenant_id,workspace_id,display_name,created_at,updated_at) VALUES ('prof_s09_supermarket_772e966ff9d34880','org_s09_supermarket_772e966ff9d34880','organization','place_nigeria_001','tenant_platform_seed','workspace_platform_seed_discovery','Abuja Shopping Complex',unixepoch(),unixepoch());
INSERT OR IGNORE INTO search_entries (id,profile_id,display_name,keywords,ancestry_path,vertical,created_at,updated_at) VALUES ('se_s09_supermarket_772e966ff9d34880','prof_s09_supermarket_772e966ff9d34880','Abuja Shopping Complex','abuja shopping complex supermarket grocery store retail shopping nigeria','place_nigeria_001','commerce',unixepoch(),unixepoch());
INSERT OR IGNORE INTO seed_ingestion_records (id,seed_run_id,entity_type,entity_id,source_id,status) VALUES ('ir_s09_supermarket_772e966ff9d34880','seed_run_s09_osm_supermarkets_20260502','organization','org_s09_supermarket_772e966ff9d34880','seed_source_osm_supermarkets_ng_20260502','ingested');
INSERT OR IGNORE INTO seed_entity_sources (id,seed_run_id,entity_type,entity_id,source_id,confidence_tier) VALUES ('es_s09_supermarket_772e966ff9d34880','seed_run_s09_osm_supermarkets_20260502','organization','org_s09_supermarket_772e966ff9d34880','seed_source_osm_supermarkets_ng_20260502','seeded');
INSERT OR IGNORE INTO seed_enrichment (id,seed_run_id,entity_type,entity_id,enrichment_type,enrichment_json) VALUES ('enr_s09_supermarket_772e966ff9d34880','seed_run_s09_osm_supermarkets_20260502','organization','org_s09_supermarket_772e966ff9d34880','licence_data','{"osm_id": "181653525", "amenity": "mall", "addr_state": null, "operator": null, "brand": null}');

INSERT OR IGNORE INTO organizations (id,tenant_id,organization_type,legal_name,display_name,registration_number,status,verification_state,created_at,updated_at) VALUES ('org_s09_supermarket_5f098369db855f49','tenant_platform_seed','retail_store','Legends Supermarket','Legends Supermarket',NULL,'active','seeded',unixepoch(),unixepoch());
INSERT OR IGNORE INTO profiles (id,subject_id,subject_type,primary_place_id,tenant_id,workspace_id,display_name,created_at,updated_at) VALUES ('prof_s09_supermarket_5f098369db855f49','org_s09_supermarket_5f098369db855f49','organization','place_nigeria_001','tenant_platform_seed','workspace_platform_seed_discovery','Legends Supermarket',unixepoch(),unixepoch());
INSERT OR IGNORE INTO search_entries (id,profile_id,display_name,keywords,ancestry_path,vertical,created_at,updated_at) VALUES ('se_s09_supermarket_5f098369db855f49','prof_s09_supermarket_5f098369db855f49','Legends Supermarket','legends supermarket supermarket grocery store retail shopping nigeria','place_nigeria_001','commerce',unixepoch(),unixepoch());
INSERT OR IGNORE INTO seed_ingestion_records (id,seed_run_id,entity_type,entity_id,source_id,status) VALUES ('ir_s09_supermarket_5f098369db855f49','seed_run_s09_osm_supermarkets_20260502','organization','org_s09_supermarket_5f098369db855f49','seed_source_osm_supermarkets_ng_20260502','ingested');
INSERT OR IGNORE INTO seed_entity_sources (id,seed_run_id,entity_type,entity_id,source_id,confidence_tier) VALUES ('es_s09_supermarket_5f098369db855f49','seed_run_s09_osm_supermarkets_20260502','organization','org_s09_supermarket_5f098369db855f49','seed_source_osm_supermarkets_ng_20260502','seeded');
INSERT OR IGNORE INTO seed_enrichment (id,seed_run_id,entity_type,entity_id,enrichment_type,enrichment_json) VALUES ('enr_s09_supermarket_5f098369db855f49','seed_run_s09_osm_supermarkets_20260502','organization','org_s09_supermarket_5f098369db855f49','licence_data','{"osm_id": "182162677", "amenity": "supermarket", "addr_state": null, "operator": null, "brand": null}');

INSERT OR IGNORE INTO organizations (id,tenant_id,organization_type,legal_name,display_name,registration_number,status,verification_state,created_at,updated_at) VALUES ('org_s09_supermarket_8ddc1ba4f66e7277','tenant_platform_seed','retail_store','Landmark Plaza','Landmark Plaza',NULL,'active','seeded',unixepoch(),unixepoch());
INSERT OR IGNORE INTO profiles (id,subject_id,subject_type,primary_place_id,tenant_id,workspace_id,display_name,created_at,updated_at) VALUES ('prof_s09_supermarket_8ddc1ba4f66e7277','org_s09_supermarket_8ddc1ba4f66e7277','organization','place_nigeria_001','tenant_platform_seed','workspace_platform_seed_discovery','Landmark Plaza',unixepoch(),unixepoch());
INSERT OR IGNORE INTO search_entries (id,profile_id,display_name,keywords,ancestry_path,vertical,created_at,updated_at) VALUES ('se_s09_supermarket_8ddc1ba4f66e7277','prof_s09_supermarket_8ddc1ba4f66e7277','Landmark Plaza','landmark plaza supermarket grocery store retail shopping nigeria','place_nigeria_001','commerce',unixepoch(),unixepoch());
INSERT OR IGNORE INTO seed_ingestion_records (id,seed_run_id,entity_type,entity_id,source_id,status) VALUES ('ir_s09_supermarket_8ddc1ba4f66e7277','seed_run_s09_osm_supermarkets_20260502','organization','org_s09_supermarket_8ddc1ba4f66e7277','seed_source_osm_supermarkets_ng_20260502','ingested');
INSERT OR IGNORE INTO seed_entity_sources (id,seed_run_id,entity_type,entity_id,source_id,confidence_tier) VALUES ('es_s09_supermarket_8ddc1ba4f66e7277','seed_run_s09_osm_supermarkets_20260502','organization','org_s09_supermarket_8ddc1ba4f66e7277','seed_source_osm_supermarkets_ng_20260502','seeded');
INSERT OR IGNORE INTO seed_enrichment (id,seed_run_id,entity_type,entity_id,enrichment_type,enrichment_json) VALUES ('enr_s09_supermarket_8ddc1ba4f66e7277','seed_run_s09_osm_supermarkets_20260502','organization','org_s09_supermarket_8ddc1ba4f66e7277','licence_data','{"osm_id": "183435074", "amenity": "mall", "addr_state": null, "operator": null, "brand": null}');

INSERT OR IGNORE INTO organizations (id,tenant_id,organization_type,legal_name,display_name,registration_number,status,verification_state,created_at,updated_at) VALUES ('org_s09_supermarket_59338c7fb01d4257','tenant_platform_seed','retail_store','Landmark Plaza','Landmark Plaza',NULL,'active','seeded',unixepoch(),unixepoch());
INSERT OR IGNORE INTO profiles (id,subject_id,subject_type,primary_place_id,tenant_id,workspace_id,display_name,created_at,updated_at) VALUES ('prof_s09_supermarket_59338c7fb01d4257','org_s09_supermarket_59338c7fb01d4257','organization','place_nigeria_001','tenant_platform_seed','workspace_platform_seed_discovery','Landmark Plaza',unixepoch(),unixepoch());
INSERT OR IGNORE INTO search_entries (id,profile_id,display_name,keywords,ancestry_path,vertical,created_at,updated_at) VALUES ('se_s09_supermarket_59338c7fb01d4257','prof_s09_supermarket_59338c7fb01d4257','Landmark Plaza','landmark plaza supermarket grocery store retail shopping nigeria','place_nigeria_001','commerce',unixepoch(),unixepoch());
INSERT OR IGNORE INTO seed_ingestion_records (id,seed_run_id,entity_type,entity_id,source_id,status) VALUES ('ir_s09_supermarket_59338c7fb01d4257','seed_run_s09_osm_supermarkets_20260502','organization','org_s09_supermarket_59338c7fb01d4257','seed_source_osm_supermarkets_ng_20260502','ingested');
INSERT OR IGNORE INTO seed_entity_sources (id,seed_run_id,entity_type,entity_id,source_id,confidence_tier) VALUES ('es_s09_supermarket_59338c7fb01d4257','seed_run_s09_osm_supermarkets_20260502','organization','org_s09_supermarket_59338c7fb01d4257','seed_source_osm_supermarkets_ng_20260502','seeded');
INSERT OR IGNORE INTO seed_enrichment (id,seed_run_id,entity_type,entity_id,enrichment_type,enrichment_json) VALUES ('enr_s09_supermarket_59338c7fb01d4257','seed_run_s09_osm_supermarkets_20260502','organization','org_s09_supermarket_59338c7fb01d4257','licence_data','{"osm_id": "183435075", "amenity": "mall", "addr_state": null, "operator": null, "brand": null}');

INSERT OR IGNORE INTO organizations (id,tenant_id,organization_type,legal_name,display_name,registration_number,status,verification_state,created_at,updated_at) VALUES ('org_s09_supermarket_e76e8196959fd1ad','tenant_platform_seed','retail_store','Wuse Shopping Plaza','Wuse Shopping Plaza',NULL,'active','seeded',unixepoch(),unixepoch());
INSERT OR IGNORE INTO profiles (id,subject_id,subject_type,primary_place_id,tenant_id,workspace_id,display_name,created_at,updated_at) VALUES ('prof_s09_supermarket_e76e8196959fd1ad','org_s09_supermarket_e76e8196959fd1ad','organization','place_nigeria_001','tenant_platform_seed','workspace_platform_seed_discovery','Wuse Shopping Plaza',unixepoch(),unixepoch());
INSERT OR IGNORE INTO search_entries (id,profile_id,display_name,keywords,ancestry_path,vertical,created_at,updated_at) VALUES ('se_s09_supermarket_e76e8196959fd1ad','prof_s09_supermarket_e76e8196959fd1ad','Wuse Shopping Plaza','wuse shopping plaza supermarket grocery store retail shopping nigeria','place_nigeria_001','commerce',unixepoch(),unixepoch());
INSERT OR IGNORE INTO seed_ingestion_records (id,seed_run_id,entity_type,entity_id,source_id,status) VALUES ('ir_s09_supermarket_e76e8196959fd1ad','seed_run_s09_osm_supermarkets_20260502','organization','org_s09_supermarket_e76e8196959fd1ad','seed_source_osm_supermarkets_ng_20260502','ingested');
INSERT OR IGNORE INTO seed_entity_sources (id,seed_run_id,entity_type,entity_id,source_id,confidence_tier) VALUES ('es_s09_supermarket_e76e8196959fd1ad','seed_run_s09_osm_supermarkets_20260502','organization','org_s09_supermarket_e76e8196959fd1ad','seed_source_osm_supermarkets_ng_20260502','seeded');
INSERT OR IGNORE INTO seed_enrichment (id,seed_run_id,entity_type,entity_id,enrichment_type,enrichment_json) VALUES ('enr_s09_supermarket_e76e8196959fd1ad','seed_run_s09_osm_supermarkets_20260502','organization','org_s09_supermarket_e76e8196959fd1ad','licence_data','{"osm_id": "211556830", "amenity": "mall", "addr_state": null, "operator": null, "brand": null}');

INSERT OR IGNORE INTO organizations (id,tenant_id,organization_type,legal_name,display_name,registration_number,status,verification_state,created_at,updated_at) VALUES ('org_s09_supermarket_cc420ee14162bd1a','tenant_platform_seed','retail_store','Wuse Shopping Plaza','Wuse Shopping Plaza',NULL,'active','seeded',unixepoch(),unixepoch());
INSERT OR IGNORE INTO profiles (id,subject_id,subject_type,primary_place_id,tenant_id,workspace_id,display_name,created_at,updated_at) VALUES ('prof_s09_supermarket_cc420ee14162bd1a','org_s09_supermarket_cc420ee14162bd1a','organization','place_nigeria_001','tenant_platform_seed','workspace_platform_seed_discovery','Wuse Shopping Plaza',unixepoch(),unixepoch());
INSERT OR IGNORE INTO search_entries (id,profile_id,display_name,keywords,ancestry_path,vertical,created_at,updated_at) VALUES ('se_s09_supermarket_cc420ee14162bd1a','prof_s09_supermarket_cc420ee14162bd1a','Wuse Shopping Plaza','wuse shopping plaza supermarket grocery store retail shopping nigeria','place_nigeria_001','commerce',unixepoch(),unixepoch());
INSERT OR IGNORE INTO seed_ingestion_records (id,seed_run_id,entity_type,entity_id,source_id,status) VALUES ('ir_s09_supermarket_cc420ee14162bd1a','seed_run_s09_osm_supermarkets_20260502','organization','org_s09_supermarket_cc420ee14162bd1a','seed_source_osm_supermarkets_ng_20260502','ingested');
INSERT OR IGNORE INTO seed_entity_sources (id,seed_run_id,entity_type,entity_id,source_id,confidence_tier) VALUES ('es_s09_supermarket_cc420ee14162bd1a','seed_run_s09_osm_supermarkets_20260502','organization','org_s09_supermarket_cc420ee14162bd1a','seed_source_osm_supermarkets_ng_20260502','seeded');
INSERT OR IGNORE INTO seed_enrichment (id,seed_run_id,entity_type,entity_id,enrichment_type,enrichment_json) VALUES ('enr_s09_supermarket_cc420ee14162bd1a','seed_run_s09_osm_supermarkets_20260502','organization','org_s09_supermarket_cc420ee14162bd1a','licence_data','{"osm_id": "211556832", "amenity": "mall", "addr_state": null, "operator": null, "brand": null}');

INSERT OR IGNORE INTO organizations (id,tenant_id,organization_type,legal_name,display_name,registration_number,status,verification_state,created_at,updated_at) VALUES ('org_s09_supermarket_1ed27c4db1ec2905','tenant_platform_seed','retail_store','Wuse Shopping Plaza','Wuse Shopping Plaza',NULL,'active','seeded',unixepoch(),unixepoch());
INSERT OR IGNORE INTO profiles (id,subject_id,subject_type,primary_place_id,tenant_id,workspace_id,display_name,created_at,updated_at) VALUES ('prof_s09_supermarket_1ed27c4db1ec2905','org_s09_supermarket_1ed27c4db1ec2905','organization','place_nigeria_001','tenant_platform_seed','workspace_platform_seed_discovery','Wuse Shopping Plaza',unixepoch(),unixepoch());
INSERT OR IGNORE INTO search_entries (id,profile_id,display_name,keywords,ancestry_path,vertical,created_at,updated_at) VALUES ('se_s09_supermarket_1ed27c4db1ec2905','prof_s09_supermarket_1ed27c4db1ec2905','Wuse Shopping Plaza','wuse shopping plaza supermarket grocery store retail shopping nigeria','place_nigeria_001','commerce',unixepoch(),unixepoch());
INSERT OR IGNORE INTO seed_ingestion_records (id,seed_run_id,entity_type,entity_id,source_id,status) VALUES ('ir_s09_supermarket_1ed27c4db1ec2905','seed_run_s09_osm_supermarkets_20260502','organization','org_s09_supermarket_1ed27c4db1ec2905','seed_source_osm_supermarkets_ng_20260502','ingested');
INSERT OR IGNORE INTO seed_entity_sources (id,seed_run_id,entity_type,entity_id,source_id,confidence_tier) VALUES ('es_s09_supermarket_1ed27c4db1ec2905','seed_run_s09_osm_supermarkets_20260502','organization','org_s09_supermarket_1ed27c4db1ec2905','seed_source_osm_supermarkets_ng_20260502','seeded');
INSERT OR IGNORE INTO seed_enrichment (id,seed_run_id,entity_type,entity_id,enrichment_type,enrichment_json) VALUES ('enr_s09_supermarket_1ed27c4db1ec2905','seed_run_s09_osm_supermarkets_20260502','organization','org_s09_supermarket_1ed27c4db1ec2905','licence_data','{"osm_id": "211556845", "amenity": "mall", "addr_state": null, "operator": null, "brand": null}');

INSERT OR IGNORE INTO organizations (id,tenant_id,organization_type,legal_name,display_name,registration_number,status,verification_state,created_at,updated_at) VALUES ('org_s09_supermarket_51a75eae1e4af2e5','tenant_platform_seed','retail_store','Silverbird Cinemas & Shopping Centre','Silverbird Cinemas & Shopping Centre',NULL,'active','seeded',unixepoch(),unixepoch());
INSERT OR IGNORE INTO profiles (id,subject_id,subject_type,primary_place_id,tenant_id,workspace_id,display_name,created_at,updated_at) VALUES ('prof_s09_supermarket_51a75eae1e4af2e5','org_s09_supermarket_51a75eae1e4af2e5','organization','place_nigeria_001','tenant_platform_seed','workspace_platform_seed_discovery','Silverbird Cinemas & Shopping Centre',unixepoch(),unixepoch());
INSERT OR IGNORE INTO search_entries (id,profile_id,display_name,keywords,ancestry_path,vertical,created_at,updated_at) VALUES ('se_s09_supermarket_51a75eae1e4af2e5','prof_s09_supermarket_51a75eae1e4af2e5','Silverbird Cinemas & Shopping Centre','silverbird cinemas & shopping centre supermarket grocery store retail shopping nigeria','place_nigeria_001','commerce',unixepoch(),unixepoch());
INSERT OR IGNORE INTO seed_ingestion_records (id,seed_run_id,entity_type,entity_id,source_id,status) VALUES ('ir_s09_supermarket_51a75eae1e4af2e5','seed_run_s09_osm_supermarkets_20260502','organization','org_s09_supermarket_51a75eae1e4af2e5','seed_source_osm_supermarkets_ng_20260502','ingested');
INSERT OR IGNORE INTO seed_entity_sources (id,seed_run_id,entity_type,entity_id,source_id,confidence_tier) VALUES ('es_s09_supermarket_51a75eae1e4af2e5','seed_run_s09_osm_supermarkets_20260502','organization','org_s09_supermarket_51a75eae1e4af2e5','seed_source_osm_supermarkets_ng_20260502','seeded');
INSERT OR IGNORE INTO seed_enrichment (id,seed_run_id,entity_type,entity_id,enrichment_type,enrichment_json) VALUES ('enr_s09_supermarket_51a75eae1e4af2e5','seed_run_s09_osm_supermarkets_20260502','organization','org_s09_supermarket_51a75eae1e4af2e5','licence_data','{"osm_id": "212189426", "amenity": "mall", "addr_state": null, "operator": null, "brand": null}');

INSERT OR IGNORE INTO organizations (id,tenant_id,organization_type,legal_name,display_name,registration_number,status,verification_state,created_at,updated_at) VALUES ('org_s09_supermarket_c31f92c487a45829','tenant_platform_seed','retail_store','Park ''N'' Shop','Park ''N'' Shop',NULL,'active','seeded',unixepoch(),unixepoch());
INSERT OR IGNORE INTO profiles (id,subject_id,subject_type,primary_place_id,tenant_id,workspace_id,display_name,created_at,updated_at) VALUES ('prof_s09_supermarket_c31f92c487a45829','org_s09_supermarket_c31f92c487a45829','organization','place_nigeria_001','tenant_platform_seed','workspace_platform_seed_discovery','Park ''N'' Shop',unixepoch(),unixepoch());
INSERT OR IGNORE INTO search_entries (id,profile_id,display_name,keywords,ancestry_path,vertical,created_at,updated_at) VALUES ('se_s09_supermarket_c31f92c487a45829','prof_s09_supermarket_c31f92c487a45829','Park ''N'' Shop','park ''n'' shop supermarket grocery store retail shopping nigeria','place_nigeria_001','commerce',unixepoch(),unixepoch());
INSERT OR IGNORE INTO seed_ingestion_records (id,seed_run_id,entity_type,entity_id,source_id,status) VALUES ('ir_s09_supermarket_c31f92c487a45829','seed_run_s09_osm_supermarkets_20260502','organization','org_s09_supermarket_c31f92c487a45829','seed_source_osm_supermarkets_ng_20260502','ingested');
INSERT OR IGNORE INTO seed_entity_sources (id,seed_run_id,entity_type,entity_id,source_id,confidence_tier) VALUES ('es_s09_supermarket_c31f92c487a45829','seed_run_s09_osm_supermarkets_20260502','organization','org_s09_supermarket_c31f92c487a45829','seed_source_osm_supermarkets_ng_20260502','seeded');
INSERT OR IGNORE INTO seed_enrichment (id,seed_run_id,entity_type,entity_id,enrichment_type,enrichment_json) VALUES ('enr_s09_supermarket_c31f92c487a45829','seed_run_s09_osm_supermarkets_20260502','organization','org_s09_supermarket_c31f92c487a45829','licence_data','{"osm_id": "218599847", "amenity": "mall", "addr_state": null, "operator": null, "brand": null}');

INSERT OR IGNORE INTO organizations (id,tenant_id,organization_type,legal_name,display_name,registration_number,status,verification_state,created_at,updated_at) VALUES ('org_s09_supermarket_ac6f0072710069eb','tenant_platform_seed','retail_store','Ceddi Plaza','Ceddi Plaza',NULL,'active','seeded',unixepoch(),unixepoch());
INSERT OR IGNORE INTO profiles (id,subject_id,subject_type,primary_place_id,tenant_id,workspace_id,display_name,created_at,updated_at) VALUES ('prof_s09_supermarket_ac6f0072710069eb','org_s09_supermarket_ac6f0072710069eb','organization','place_nigeria_001','tenant_platform_seed','workspace_platform_seed_discovery','Ceddi Plaza',unixepoch(),unixepoch());
INSERT OR IGNORE INTO search_entries (id,profile_id,display_name,keywords,ancestry_path,vertical,created_at,updated_at) VALUES ('se_s09_supermarket_ac6f0072710069eb','prof_s09_supermarket_ac6f0072710069eb','Ceddi Plaza','ceddi plaza supermarket grocery store retail shopping nigeria','place_nigeria_001','commerce',unixepoch(),unixepoch());
INSERT OR IGNORE INTO seed_ingestion_records (id,seed_run_id,entity_type,entity_id,source_id,status) VALUES ('ir_s09_supermarket_ac6f0072710069eb','seed_run_s09_osm_supermarkets_20260502','organization','org_s09_supermarket_ac6f0072710069eb','seed_source_osm_supermarkets_ng_20260502','ingested');
INSERT OR IGNORE INTO seed_entity_sources (id,seed_run_id,entity_type,entity_id,source_id,confidence_tier) VALUES ('es_s09_supermarket_ac6f0072710069eb','seed_run_s09_osm_supermarkets_20260502','organization','org_s09_supermarket_ac6f0072710069eb','seed_source_osm_supermarkets_ng_20260502','seeded');
INSERT OR IGNORE INTO seed_enrichment (id,seed_run_id,entity_type,entity_id,enrichment_type,enrichment_json) VALUES ('enr_s09_supermarket_ac6f0072710069eb','seed_run_s09_osm_supermarkets_20260502','organization','org_s09_supermarket_ac6f0072710069eb','licence_data','{"osm_id": "302294835", "amenity": "mall", "addr_state": null, "operator": null, "brand": null}');

INSERT OR IGNORE INTO organizations (id,tenant_id,organization_type,legal_name,display_name,registration_number,status,verification_state,created_at,updated_at) VALUES ('org_s09_supermarket_2cf0e63e83e46b42','tenant_platform_seed','retail_store','Aniki Super','Aniki Super',NULL,'active','seeded',unixepoch(),unixepoch());
INSERT OR IGNORE INTO profiles (id,subject_id,subject_type,primary_place_id,tenant_id,workspace_id,display_name,created_at,updated_at) VALUES ('prof_s09_supermarket_2cf0e63e83e46b42','org_s09_supermarket_2cf0e63e83e46b42','organization','place_nigeria_001','tenant_platform_seed','workspace_platform_seed_discovery','Aniki Super',unixepoch(),unixepoch());
INSERT OR IGNORE INTO search_entries (id,profile_id,display_name,keywords,ancestry_path,vertical,created_at,updated_at) VALUES ('se_s09_supermarket_2cf0e63e83e46b42','prof_s09_supermarket_2cf0e63e83e46b42','Aniki Super','aniki super supermarket grocery store retail shopping nigeria','place_nigeria_001','commerce',unixepoch(),unixepoch());
INSERT OR IGNORE INTO seed_ingestion_records (id,seed_run_id,entity_type,entity_id,source_id,status) VALUES ('ir_s09_supermarket_2cf0e63e83e46b42','seed_run_s09_osm_supermarkets_20260502','organization','org_s09_supermarket_2cf0e63e83e46b42','seed_source_osm_supermarkets_ng_20260502','ingested');
INSERT OR IGNORE INTO seed_entity_sources (id,seed_run_id,entity_type,entity_id,source_id,confidence_tier) VALUES ('es_s09_supermarket_2cf0e63e83e46b42','seed_run_s09_osm_supermarkets_20260502','organization','org_s09_supermarket_2cf0e63e83e46b42','seed_source_osm_supermarkets_ng_20260502','seeded');
INSERT OR IGNORE INTO seed_enrichment (id,seed_run_id,entity_type,entity_id,enrichment_type,enrichment_json) VALUES ('enr_s09_supermarket_2cf0e63e83e46b42','seed_run_s09_osm_supermarkets_20260502','organization','org_s09_supermarket_2cf0e63e83e46b42','licence_data','{"osm_id": "483252182", "amenity": "supermarket", "addr_state": null, "operator": null, "brand": null}');

INSERT OR IGNORE INTO organizations (id,tenant_id,organization_type,legal_name,display_name,registration_number,status,verification_state,created_at,updated_at) VALUES ('org_s09_supermarket_5e1f958e66ca7604','tenant_platform_seed','retail_store','Coorperate Plaza','Coorperate Plaza',NULL,'active','seeded',unixepoch(),unixepoch());
INSERT OR IGNORE INTO profiles (id,subject_id,subject_type,primary_place_id,tenant_id,workspace_id,display_name,created_at,updated_at) VALUES ('prof_s09_supermarket_5e1f958e66ca7604','org_s09_supermarket_5e1f958e66ca7604','organization','place_nigeria_001','tenant_platform_seed','workspace_platform_seed_discovery','Coorperate Plaza',unixepoch(),unixepoch());
INSERT OR IGNORE INTO search_entries (id,profile_id,display_name,keywords,ancestry_path,vertical,created_at,updated_at) VALUES ('se_s09_supermarket_5e1f958e66ca7604','prof_s09_supermarket_5e1f958e66ca7604','Coorperate Plaza','coorperate plaza supermarket grocery store retail shopping nigeria','place_nigeria_001','commerce',unixepoch(),unixepoch());
INSERT OR IGNORE INTO seed_ingestion_records (id,seed_run_id,entity_type,entity_id,source_id,status) VALUES ('ir_s09_supermarket_5e1f958e66ca7604','seed_run_s09_osm_supermarkets_20260502','organization','org_s09_supermarket_5e1f958e66ca7604','seed_source_osm_supermarkets_ng_20260502','ingested');
INSERT OR IGNORE INTO seed_entity_sources (id,seed_run_id,entity_type,entity_id,source_id,confidence_tier) VALUES ('es_s09_supermarket_5e1f958e66ca7604','seed_run_s09_osm_supermarkets_20260502','organization','org_s09_supermarket_5e1f958e66ca7604','seed_source_osm_supermarkets_ng_20260502','seeded');
INSERT OR IGNORE INTO seed_enrichment (id,seed_run_id,entity_type,entity_id,enrichment_type,enrichment_json) VALUES ('enr_s09_supermarket_5e1f958e66ca7604','seed_run_s09_osm_supermarkets_20260502','organization','org_s09_supermarket_5e1f958e66ca7604','licence_data','{"osm_id": "500109317", "amenity": "mall", "addr_state": null, "operator": null, "brand": null}');

INSERT OR IGNORE INTO organizations (id,tenant_id,organization_type,legal_name,display_name,registration_number,status,verification_state,created_at,updated_at) VALUES ('org_s09_supermarket_802d24204ce2bcba','tenant_platform_seed','retail_store','Exclusive stores','Exclusive stores',NULL,'active','seeded',unixepoch(),unixepoch());
INSERT OR IGNORE INTO profiles (id,subject_id,subject_type,primary_place_id,tenant_id,workspace_id,display_name,created_at,updated_at) VALUES ('prof_s09_supermarket_802d24204ce2bcba','org_s09_supermarket_802d24204ce2bcba','organization','place_nigeria_001','tenant_platform_seed','workspace_platform_seed_discovery','Exclusive stores',unixepoch(),unixepoch());
INSERT OR IGNORE INTO search_entries (id,profile_id,display_name,keywords,ancestry_path,vertical,created_at,updated_at) VALUES ('se_s09_supermarket_802d24204ce2bcba','prof_s09_supermarket_802d24204ce2bcba','Exclusive stores','exclusive stores supermarket grocery store retail shopping nigeria','place_nigeria_001','commerce',unixepoch(),unixepoch());
INSERT OR IGNORE INTO seed_ingestion_records (id,seed_run_id,entity_type,entity_id,source_id,status) VALUES ('ir_s09_supermarket_802d24204ce2bcba','seed_run_s09_osm_supermarkets_20260502','organization','org_s09_supermarket_802d24204ce2bcba','seed_source_osm_supermarkets_ng_20260502','ingested');
INSERT OR IGNORE INTO seed_entity_sources (id,seed_run_id,entity_type,entity_id,source_id,confidence_tier) VALUES ('es_s09_supermarket_802d24204ce2bcba','seed_run_s09_osm_supermarkets_20260502','organization','org_s09_supermarket_802d24204ce2bcba','seed_source_osm_supermarkets_ng_20260502','seeded');
INSERT OR IGNORE INTO seed_enrichment (id,seed_run_id,entity_type,entity_id,enrichment_type,enrichment_json) VALUES ('enr_s09_supermarket_802d24204ce2bcba','seed_run_s09_osm_supermarkets_20260502','organization','org_s09_supermarket_802d24204ce2bcba','licence_data','{"osm_id": "712903753", "amenity": "department_store;supermarket", "addr_state": null, "operator": null, "brand": null}');

INSERT OR IGNORE INTO organizations (id,tenant_id,organization_type,legal_name,display_name,registration_number,status,verification_state,created_at,updated_at) VALUES ('org_s09_supermarket_687bb75c7733b9f1','tenant_platform_seed','retail_store','Chocolate Mall','Chocolate Mall',NULL,'active','seeded',unixepoch(),unixepoch());
INSERT OR IGNORE INTO profiles (id,subject_id,subject_type,primary_place_id,tenant_id,workspace_id,display_name,created_at,updated_at) VALUES ('prof_s09_supermarket_687bb75c7733b9f1','org_s09_supermarket_687bb75c7733b9f1','organization','place_nigeria_001','tenant_platform_seed','workspace_platform_seed_discovery','Chocolate Mall',unixepoch(),unixepoch());
INSERT OR IGNORE INTO search_entries (id,profile_id,display_name,keywords,ancestry_path,vertical,created_at,updated_at) VALUES ('se_s09_supermarket_687bb75c7733b9f1','prof_s09_supermarket_687bb75c7733b9f1','Chocolate Mall','chocolate mall supermarket grocery store retail shopping nigeria','place_nigeria_001','commerce',unixepoch(),unixepoch());
INSERT OR IGNORE INTO seed_ingestion_records (id,seed_run_id,entity_type,entity_id,source_id,status) VALUES ('ir_s09_supermarket_687bb75c7733b9f1','seed_run_s09_osm_supermarkets_20260502','organization','org_s09_supermarket_687bb75c7733b9f1','seed_source_osm_supermarkets_ng_20260502','ingested');
INSERT OR IGNORE INTO seed_entity_sources (id,seed_run_id,entity_type,entity_id,source_id,confidence_tier) VALUES ('es_s09_supermarket_687bb75c7733b9f1','seed_run_s09_osm_supermarkets_20260502','organization','org_s09_supermarket_687bb75c7733b9f1','seed_source_osm_supermarkets_ng_20260502','seeded');
INSERT OR IGNORE INTO seed_enrichment (id,seed_run_id,entity_type,entity_id,enrichment_type,enrichment_json) VALUES ('enr_s09_supermarket_687bb75c7733b9f1','seed_run_s09_osm_supermarkets_20260502','organization','org_s09_supermarket_687bb75c7733b9f1','licence_data','{"osm_id": "777033935", "amenity": "mall", "addr_state": null, "operator": null, "brand": null}');

INSERT OR IGNORE INTO organizations (id,tenant_id,organization_type,legal_name,display_name,registration_number,status,verification_state,created_at,updated_at) VALUES ('org_s09_supermarket_ec0848b261f392a7','tenant_platform_seed','retail_store','Grand Square','Grand Square',NULL,'active','seeded',unixepoch(),unixepoch());
INSERT OR IGNORE INTO profiles (id,subject_id,subject_type,primary_place_id,tenant_id,workspace_id,display_name,created_at,updated_at) VALUES ('prof_s09_supermarket_ec0848b261f392a7','org_s09_supermarket_ec0848b261f392a7','organization','place_nigeria_001','tenant_platform_seed','workspace_platform_seed_discovery','Grand Square',unixepoch(),unixepoch());
INSERT OR IGNORE INTO search_entries (id,profile_id,display_name,keywords,ancestry_path,vertical,created_at,updated_at) VALUES ('se_s09_supermarket_ec0848b261f392a7','prof_s09_supermarket_ec0848b261f392a7','Grand Square','grand square supermarket grocery store retail shopping nigeria','place_nigeria_001','commerce',unixepoch(),unixepoch());
INSERT OR IGNORE INTO seed_ingestion_records (id,seed_run_id,entity_type,entity_id,source_id,status) VALUES ('ir_s09_supermarket_ec0848b261f392a7','seed_run_s09_osm_supermarkets_20260502','organization','org_s09_supermarket_ec0848b261f392a7','seed_source_osm_supermarkets_ng_20260502','ingested');
INSERT OR IGNORE INTO seed_entity_sources (id,seed_run_id,entity_type,entity_id,source_id,confidence_tier) VALUES ('es_s09_supermarket_ec0848b261f392a7','seed_run_s09_osm_supermarkets_20260502','organization','org_s09_supermarket_ec0848b261f392a7','seed_source_osm_supermarkets_ng_20260502','seeded');
INSERT OR IGNORE INTO seed_enrichment (id,seed_run_id,entity_type,entity_id,enrichment_type,enrichment_json) VALUES ('enr_s09_supermarket_ec0848b261f392a7','seed_run_s09_osm_supermarkets_20260502','organization','org_s09_supermarket_ec0848b261f392a7','licence_data','{"osm_id": "779453564", "amenity": "mall", "addr_state": null, "operator": "Grand Products Co. Ltd.", "brand": null}');

INSERT OR IGNORE INTO organizations (id,tenant_id,organization_type,legal_name,display_name,registration_number,status,verification_state,created_at,updated_at) VALUES ('org_s09_supermarket_c0a9458ff272c46b','tenant_platform_seed','retail_store','H-Medix','H-Medix',NULL,'active','seeded',unixepoch(),unixepoch());
INSERT OR IGNORE INTO profiles (id,subject_id,subject_type,primary_place_id,tenant_id,workspace_id,display_name,created_at,updated_at) VALUES ('prof_s09_supermarket_c0a9458ff272c46b','org_s09_supermarket_c0a9458ff272c46b','organization','place_nigeria_001','tenant_platform_seed','workspace_platform_seed_discovery','H-Medix',unixepoch(),unixepoch());
INSERT OR IGNORE INTO search_entries (id,profile_id,display_name,keywords,ancestry_path,vertical,created_at,updated_at) VALUES ('se_s09_supermarket_c0a9458ff272c46b','prof_s09_supermarket_c0a9458ff272c46b','H-Medix','h-medix supermarket grocery store retail shopping nigeria','place_nigeria_001','commerce',unixepoch(),unixepoch());
INSERT OR IGNORE INTO seed_ingestion_records (id,seed_run_id,entity_type,entity_id,source_id,status) VALUES ('ir_s09_supermarket_c0a9458ff272c46b','seed_run_s09_osm_supermarkets_20260502','organization','org_s09_supermarket_c0a9458ff272c46b','seed_source_osm_supermarkets_ng_20260502','ingested');
INSERT OR IGNORE INTO seed_entity_sources (id,seed_run_id,entity_type,entity_id,source_id,confidence_tier) VALUES ('es_s09_supermarket_c0a9458ff272c46b','seed_run_s09_osm_supermarkets_20260502','organization','org_s09_supermarket_c0a9458ff272c46b','seed_source_osm_supermarkets_ng_20260502','seeded');
INSERT OR IGNORE INTO seed_enrichment (id,seed_run_id,entity_type,entity_id,enrichment_type,enrichment_json) VALUES ('enr_s09_supermarket_c0a9458ff272c46b','seed_run_s09_osm_supermarkets_20260502','organization','org_s09_supermarket_c0a9458ff272c46b','licence_data','{"osm_id": "780720767", "amenity": "supermarket", "addr_state": null, "operator": null, "brand": null}');

INSERT OR IGNORE INTO organizations (id,tenant_id,organization_type,legal_name,display_name,registration_number,status,verification_state,created_at,updated_at) VALUES ('org_s09_supermarket_50d2f4b6f8aa55e7','tenant_platform_seed','retail_store','4U Supermarket','4U Supermarket',NULL,'active','seeded',unixepoch(),unixepoch());
INSERT OR IGNORE INTO profiles (id,subject_id,subject_type,primary_place_id,tenant_id,workspace_id,display_name,created_at,updated_at) VALUES ('prof_s09_supermarket_50d2f4b6f8aa55e7','org_s09_supermarket_50d2f4b6f8aa55e7','organization','place_nigeria_001','tenant_platform_seed','workspace_platform_seed_discovery','4U Supermarket',unixepoch(),unixepoch());
INSERT OR IGNORE INTO search_entries (id,profile_id,display_name,keywords,ancestry_path,vertical,created_at,updated_at) VALUES ('se_s09_supermarket_50d2f4b6f8aa55e7','prof_s09_supermarket_50d2f4b6f8aa55e7','4U Supermarket','4u supermarket supermarket grocery store retail shopping nigeria','place_nigeria_001','commerce',unixepoch(),unixepoch());
INSERT OR IGNORE INTO seed_ingestion_records (id,seed_run_id,entity_type,entity_id,source_id,status) VALUES ('ir_s09_supermarket_50d2f4b6f8aa55e7','seed_run_s09_osm_supermarkets_20260502','organization','org_s09_supermarket_50d2f4b6f8aa55e7','seed_source_osm_supermarkets_ng_20260502','ingested');
INSERT OR IGNORE INTO seed_entity_sources (id,seed_run_id,entity_type,entity_id,source_id,confidence_tier) VALUES ('es_s09_supermarket_50d2f4b6f8aa55e7','seed_run_s09_osm_supermarkets_20260502','organization','org_s09_supermarket_50d2f4b6f8aa55e7','seed_source_osm_supermarkets_ng_20260502','seeded');
INSERT OR IGNORE INTO seed_enrichment (id,seed_run_id,entity_type,entity_id,enrichment_type,enrichment_json) VALUES ('enr_s09_supermarket_50d2f4b6f8aa55e7','seed_run_s09_osm_supermarkets_20260502','organization','org_s09_supermarket_50d2f4b6f8aa55e7','licence_data','{"osm_id": "780720790", "amenity": "supermarket", "addr_state": null, "operator": null, "brand": null}');

INSERT OR IGNORE INTO organizations (id,tenant_id,organization_type,legal_name,display_name,registration_number,status,verification_state,created_at,updated_at) VALUES ('org_s09_supermarket_9222bef653f3720f','tenant_platform_seed','retail_store','ASD Mall','ASD Mall',NULL,'active','seeded',unixepoch(),unixepoch());
INSERT OR IGNORE INTO profiles (id,subject_id,subject_type,primary_place_id,tenant_id,workspace_id,display_name,created_at,updated_at) VALUES ('prof_s09_supermarket_9222bef653f3720f','org_s09_supermarket_9222bef653f3720f','organization','place_nigeria_001','tenant_platform_seed','workspace_platform_seed_discovery','ASD Mall',unixepoch(),unixepoch());
INSERT OR IGNORE INTO search_entries (id,profile_id,display_name,keywords,ancestry_path,vertical,created_at,updated_at) VALUES ('se_s09_supermarket_9222bef653f3720f','prof_s09_supermarket_9222bef653f3720f','ASD Mall','asd mall supermarket grocery store retail shopping nigeria','place_nigeria_001','commerce',unixepoch(),unixepoch());
INSERT OR IGNORE INTO seed_ingestion_records (id,seed_run_id,entity_type,entity_id,source_id,status) VALUES ('ir_s09_supermarket_9222bef653f3720f','seed_run_s09_osm_supermarkets_20260502','organization','org_s09_supermarket_9222bef653f3720f','seed_source_osm_supermarkets_ng_20260502','ingested');
INSERT OR IGNORE INTO seed_entity_sources (id,seed_run_id,entity_type,entity_id,source_id,confidence_tier) VALUES ('es_s09_supermarket_9222bef653f3720f','seed_run_s09_osm_supermarkets_20260502','organization','org_s09_supermarket_9222bef653f3720f','seed_source_osm_supermarkets_ng_20260502','seeded');
INSERT OR IGNORE INTO seed_enrichment (id,seed_run_id,entity_type,entity_id,enrichment_type,enrichment_json) VALUES ('enr_s09_supermarket_9222bef653f3720f','seed_run_s09_osm_supermarkets_20260502','organization','org_s09_supermarket_9222bef653f3720f','licence_data','{"osm_id": "794284800", "amenity": "mall", "addr_state": null, "operator": "ASD", "brand": null}');

INSERT OR IGNORE INTO organizations (id,tenant_id,organization_type,legal_name,display_name,registration_number,status,verification_state,created_at,updated_at) VALUES ('org_s09_supermarket_048899380f308d43','tenant_platform_seed','retail_store','Novare Central Mall','Novare Central Mall',NULL,'active','seeded',unixepoch(),unixepoch());
INSERT OR IGNORE INTO profiles (id,subject_id,subject_type,primary_place_id,tenant_id,workspace_id,display_name,created_at,updated_at) VALUES ('prof_s09_supermarket_048899380f308d43','org_s09_supermarket_048899380f308d43','organization','place_nigeria_001','tenant_platform_seed','workspace_platform_seed_discovery','Novare Central Mall',unixepoch(),unixepoch());
INSERT OR IGNORE INTO search_entries (id,profile_id,display_name,keywords,ancestry_path,vertical,created_at,updated_at) VALUES ('se_s09_supermarket_048899380f308d43','prof_s09_supermarket_048899380f308d43','Novare Central Mall','novare central mall supermarket grocery store retail shopping nigeria','place_nigeria_001','commerce',unixepoch(),unixepoch());
INSERT OR IGNORE INTO seed_ingestion_records (id,seed_run_id,entity_type,entity_id,source_id,status) VALUES ('ir_s09_supermarket_048899380f308d43','seed_run_s09_osm_supermarkets_20260502','organization','org_s09_supermarket_048899380f308d43','seed_source_osm_supermarkets_ng_20260502','ingested');
INSERT OR IGNORE INTO seed_entity_sources (id,seed_run_id,entity_type,entity_id,source_id,confidence_tier) VALUES ('es_s09_supermarket_048899380f308d43','seed_run_s09_osm_supermarkets_20260502','organization','org_s09_supermarket_048899380f308d43','seed_source_osm_supermarkets_ng_20260502','seeded');
INSERT OR IGNORE INTO seed_enrichment (id,seed_run_id,entity_type,entity_id,enrichment_type,enrichment_json) VALUES ('enr_s09_supermarket_048899380f308d43','seed_run_s09_osm_supermarkets_20260502','organization','org_s09_supermarket_048899380f308d43','licence_data','{"osm_id": "898047978", "amenity": "mall", "addr_state": null, "operator": null, "brand": null}');

INSERT OR IGNORE INTO organizations (id,tenant_id,organization_type,legal_name,display_name,registration_number,status,verification_state,created_at,updated_at) VALUES ('org_s09_supermarket_99851fa0c720edd9','tenant_platform_seed','retail_store','Zuma','Zuma',NULL,'active','seeded',unixepoch(),unixepoch());
INSERT OR IGNORE INTO profiles (id,subject_id,subject_type,primary_place_id,tenant_id,workspace_id,display_name,created_at,updated_at) VALUES ('prof_s09_supermarket_99851fa0c720edd9','org_s09_supermarket_99851fa0c720edd9','organization','place_nigeria_001','tenant_platform_seed','workspace_platform_seed_discovery','Zuma',unixepoch(),unixepoch());
INSERT OR IGNORE INTO search_entries (id,profile_id,display_name,keywords,ancestry_path,vertical,created_at,updated_at) VALUES ('se_s09_supermarket_99851fa0c720edd9','prof_s09_supermarket_99851fa0c720edd9','Zuma','zuma supermarket grocery store retail shopping nigeria','place_nigeria_001','commerce',unixepoch(),unixepoch());
INSERT OR IGNORE INTO seed_ingestion_records (id,seed_run_id,entity_type,entity_id,source_id,status) VALUES ('ir_s09_supermarket_99851fa0c720edd9','seed_run_s09_osm_supermarkets_20260502','organization','org_s09_supermarket_99851fa0c720edd9','seed_source_osm_supermarkets_ng_20260502','ingested');
INSERT OR IGNORE INTO seed_entity_sources (id,seed_run_id,entity_type,entity_id,source_id,confidence_tier) VALUES ('es_s09_supermarket_99851fa0c720edd9','seed_run_s09_osm_supermarkets_20260502','organization','org_s09_supermarket_99851fa0c720edd9','seed_source_osm_supermarkets_ng_20260502','seeded');
INSERT OR IGNORE INTO seed_enrichment (id,seed_run_id,entity_type,entity_id,enrichment_type,enrichment_json) VALUES ('enr_s09_supermarket_99851fa0c720edd9','seed_run_s09_osm_supermarkets_20260502','organization','org_s09_supermarket_99851fa0c720edd9','licence_data','{"osm_id": "898053992", "amenity": "mall", "addr_state": null, "operator": null, "brand": null}');

INSERT OR IGNORE INTO organizations (id,tenant_id,organization_type,legal_name,display_name,registration_number,status,verification_state,created_at,updated_at) VALUES ('org_s09_supermarket_8666f6228bd8c0d2','tenant_platform_seed','retail_store','Febson Mall','Febson Mall',NULL,'active','seeded',unixepoch(),unixepoch());
INSERT OR IGNORE INTO profiles (id,subject_id,subject_type,primary_place_id,tenant_id,workspace_id,display_name,created_at,updated_at) VALUES ('prof_s09_supermarket_8666f6228bd8c0d2','org_s09_supermarket_8666f6228bd8c0d2','organization','place_nigeria_001','tenant_platform_seed','workspace_platform_seed_discovery','Febson Mall',unixepoch(),unixepoch());
INSERT OR IGNORE INTO search_entries (id,profile_id,display_name,keywords,ancestry_path,vertical,created_at,updated_at) VALUES ('se_s09_supermarket_8666f6228bd8c0d2','prof_s09_supermarket_8666f6228bd8c0d2','Febson Mall','febson mall supermarket grocery store retail shopping nigeria','place_nigeria_001','commerce',unixepoch(),unixepoch());
INSERT OR IGNORE INTO seed_ingestion_records (id,seed_run_id,entity_type,entity_id,source_id,status) VALUES ('ir_s09_supermarket_8666f6228bd8c0d2','seed_run_s09_osm_supermarkets_20260502','organization','org_s09_supermarket_8666f6228bd8c0d2','seed_source_osm_supermarkets_ng_20260502','ingested');
INSERT OR IGNORE INTO seed_entity_sources (id,seed_run_id,entity_type,entity_id,source_id,confidence_tier) VALUES ('es_s09_supermarket_8666f6228bd8c0d2','seed_run_s09_osm_supermarkets_20260502','organization','org_s09_supermarket_8666f6228bd8c0d2','seed_source_osm_supermarkets_ng_20260502','seeded');
INSERT OR IGNORE INTO seed_enrichment (id,seed_run_id,entity_type,entity_id,enrichment_type,enrichment_json) VALUES ('enr_s09_supermarket_8666f6228bd8c0d2','seed_run_s09_osm_supermarkets_20260502','organization','org_s09_supermarket_8666f6228bd8c0d2','licence_data','{"osm_id": "898053993", "amenity": "mall", "addr_state": null, "operator": null, "brand": null}');

INSERT OR IGNORE INTO organizations (id,tenant_id,organization_type,legal_name,display_name,registration_number,status,verification_state,created_at,updated_at) VALUES ('org_s09_supermarket_084103ea8b4e12e8','tenant_platform_seed','retail_store','Bakan Gizo Pharmacy & Stores','Bakan Gizo Pharmacy & Stores',NULL,'active','seeded',unixepoch(),unixepoch());
INSERT OR IGNORE INTO profiles (id,subject_id,subject_type,primary_place_id,tenant_id,workspace_id,display_name,created_at,updated_at) VALUES ('prof_s09_supermarket_084103ea8b4e12e8','org_s09_supermarket_084103ea8b4e12e8','organization','place_nigeria_001','tenant_platform_seed','workspace_platform_seed_discovery','Bakan Gizo Pharmacy & Stores',unixepoch(),unixepoch());
INSERT OR IGNORE INTO search_entries (id,profile_id,display_name,keywords,ancestry_path,vertical,created_at,updated_at) VALUES ('se_s09_supermarket_084103ea8b4e12e8','prof_s09_supermarket_084103ea8b4e12e8','Bakan Gizo Pharmacy & Stores','bakan gizo pharmacy & stores supermarket grocery store retail shopping nigeria','place_nigeria_001','commerce',unixepoch(),unixepoch());
INSERT OR IGNORE INTO seed_ingestion_records (id,seed_run_id,entity_type,entity_id,source_id,status) VALUES ('ir_s09_supermarket_084103ea8b4e12e8','seed_run_s09_osm_supermarkets_20260502','organization','org_s09_supermarket_084103ea8b4e12e8','seed_source_osm_supermarkets_ng_20260502','ingested');
INSERT OR IGNORE INTO seed_entity_sources (id,seed_run_id,entity_type,entity_id,source_id,confidence_tier) VALUES ('es_s09_supermarket_084103ea8b4e12e8','seed_run_s09_osm_supermarkets_20260502','organization','org_s09_supermarket_084103ea8b4e12e8','seed_source_osm_supermarkets_ng_20260502','seeded');
INSERT OR IGNORE INTO seed_enrichment (id,seed_run_id,entity_type,entity_id,enrichment_type,enrichment_json) VALUES ('enr_s09_supermarket_084103ea8b4e12e8','seed_run_s09_osm_supermarkets_20260502','organization','org_s09_supermarket_084103ea8b4e12e8','licence_data','{"osm_id": "1117329702", "amenity": "supermarket", "addr_state": null, "operator": "Bakan Gizo Pharmacy & Stores", "brand": "Bakan Gizo Pharmarcy & Stores"}');

INSERT OR IGNORE INTO organizations (id,tenant_id,organization_type,legal_name,display_name,registration_number,status,verification_state,created_at,updated_at) VALUES ('org_s09_supermarket_172123c76396c74e','tenant_platform_seed','retail_store','Lasad super market','Lasad super market',NULL,'active','seeded',unixepoch(),unixepoch());
INSERT OR IGNORE INTO profiles (id,subject_id,subject_type,primary_place_id,tenant_id,workspace_id,display_name,created_at,updated_at) VALUES ('prof_s09_supermarket_172123c76396c74e','org_s09_supermarket_172123c76396c74e','organization','place_nigeria_001','tenant_platform_seed','workspace_platform_seed_discovery','Lasad super market',unixepoch(),unixepoch());
INSERT OR IGNORE INTO search_entries (id,profile_id,display_name,keywords,ancestry_path,vertical,created_at,updated_at) VALUES ('se_s09_supermarket_172123c76396c74e','prof_s09_supermarket_172123c76396c74e','Lasad super market','lasad super market supermarket grocery store retail shopping nigeria','place_nigeria_001','commerce',unixepoch(),unixepoch());
INSERT OR IGNORE INTO seed_ingestion_records (id,seed_run_id,entity_type,entity_id,source_id,status) VALUES ('ir_s09_supermarket_172123c76396c74e','seed_run_s09_osm_supermarkets_20260502','organization','org_s09_supermarket_172123c76396c74e','seed_source_osm_supermarkets_ng_20260502','ingested');
INSERT OR IGNORE INTO seed_entity_sources (id,seed_run_id,entity_type,entity_id,source_id,confidence_tier) VALUES ('es_s09_supermarket_172123c76396c74e','seed_run_s09_osm_supermarkets_20260502','organization','org_s09_supermarket_172123c76396c74e','seed_source_osm_supermarkets_ng_20260502','seeded');
INSERT OR IGNORE INTO seed_enrichment (id,seed_run_id,entity_type,entity_id,enrichment_type,enrichment_json) VALUES ('enr_s09_supermarket_172123c76396c74e','seed_run_s09_osm_supermarkets_20260502','organization','org_s09_supermarket_172123c76396c74e','licence_data','{"osm_id": "1207250025", "amenity": "supermarket", "addr_state": null, "operator": null, "brand": null}');

INSERT OR IGNORE INTO organizations (id,tenant_id,organization_type,legal_name,display_name,registration_number,status,verification_state,created_at,updated_at) VALUES ('org_s09_supermarket_cf167080741b6d04','tenant_platform_seed','retail_store','Nana Firdausi Plaza','Nana Firdausi Plaza',NULL,'active','seeded',unixepoch(),unixepoch());
INSERT OR IGNORE INTO profiles (id,subject_id,subject_type,primary_place_id,tenant_id,workspace_id,display_name,created_at,updated_at) VALUES ('prof_s09_supermarket_cf167080741b6d04','org_s09_supermarket_cf167080741b6d04','organization','place_nigeria_001','tenant_platform_seed','workspace_platform_seed_discovery','Nana Firdausi Plaza',unixepoch(),unixepoch());
INSERT OR IGNORE INTO search_entries (id,profile_id,display_name,keywords,ancestry_path,vertical,created_at,updated_at) VALUES ('se_s09_supermarket_cf167080741b6d04','prof_s09_supermarket_cf167080741b6d04','Nana Firdausi Plaza','nana firdausi plaza supermarket grocery store retail shopping nigeria','place_nigeria_001','commerce',unixepoch(),unixepoch());
INSERT OR IGNORE INTO seed_ingestion_records (id,seed_run_id,entity_type,entity_id,source_id,status) VALUES ('ir_s09_supermarket_cf167080741b6d04','seed_run_s09_osm_supermarkets_20260502','organization','org_s09_supermarket_cf167080741b6d04','seed_source_osm_supermarkets_ng_20260502','ingested');
INSERT OR IGNORE INTO seed_entity_sources (id,seed_run_id,entity_type,entity_id,source_id,confidence_tier) VALUES ('es_s09_supermarket_cf167080741b6d04','seed_run_s09_osm_supermarkets_20260502','organization','org_s09_supermarket_cf167080741b6d04','seed_source_osm_supermarkets_ng_20260502','seeded');
INSERT OR IGNORE INTO seed_enrichment (id,seed_run_id,entity_type,entity_id,enrichment_type,enrichment_json) VALUES ('enr_s09_supermarket_cf167080741b6d04','seed_run_s09_osm_supermarkets_20260502','organization','org_s09_supermarket_cf167080741b6d04','licence_data','{"osm_id": "1210540946", "amenity": "mall", "addr_state": null, "operator": null, "brand": null}');

INSERT OR IGNORE INTO organizations (id,tenant_id,organization_type,legal_name,display_name,registration_number,status,verification_state,created_at,updated_at) VALUES ('org_s09_supermarket_6f19f7dd877cea0a','tenant_platform_seed','retail_store','Rahama Stores','Rahama Stores',NULL,'active','seeded',unixepoch(),unixepoch());
INSERT OR IGNORE INTO profiles (id,subject_id,subject_type,primary_place_id,tenant_id,workspace_id,display_name,created_at,updated_at) VALUES ('prof_s09_supermarket_6f19f7dd877cea0a','org_s09_supermarket_6f19f7dd877cea0a','organization','place_nigeria_001','tenant_platform_seed','workspace_platform_seed_discovery','Rahama Stores',unixepoch(),unixepoch());
INSERT OR IGNORE INTO search_entries (id,profile_id,display_name,keywords,ancestry_path,vertical,created_at,updated_at) VALUES ('se_s09_supermarket_6f19f7dd877cea0a','prof_s09_supermarket_6f19f7dd877cea0a','Rahama Stores','rahama stores supermarket grocery store retail shopping nigeria','place_nigeria_001','commerce',unixepoch(),unixepoch());
INSERT OR IGNORE INTO seed_ingestion_records (id,seed_run_id,entity_type,entity_id,source_id,status) VALUES ('ir_s09_supermarket_6f19f7dd877cea0a','seed_run_s09_osm_supermarkets_20260502','organization','org_s09_supermarket_6f19f7dd877cea0a','seed_source_osm_supermarkets_ng_20260502','ingested');
INSERT OR IGNORE INTO seed_entity_sources (id,seed_run_id,entity_type,entity_id,source_id,confidence_tier) VALUES ('es_s09_supermarket_6f19f7dd877cea0a','seed_run_s09_osm_supermarkets_20260502','organization','org_s09_supermarket_6f19f7dd877cea0a','seed_source_osm_supermarkets_ng_20260502','seeded');
INSERT OR IGNORE INTO seed_enrichment (id,seed_run_id,entity_type,entity_id,enrichment_type,enrichment_json) VALUES ('enr_s09_supermarket_6f19f7dd877cea0a','seed_run_s09_osm_supermarkets_20260502','organization','org_s09_supermarket_6f19f7dd877cea0a','licence_data','{"osm_id": "1245661622", "amenity": "supermarket", "addr_state": null, "operator": "Sidi and Sons", "brand": null}');

INSERT OR IGNORE INTO organizations (id,tenant_id,organization_type,legal_name,display_name,registration_number,status,verification_state,created_at,updated_at) VALUES ('org_s09_supermarket_00e89c91ceaf3769','tenant_platform_seed','retail_store','Intercontinental Plaza','Intercontinental Plaza',NULL,'active','seeded',unixepoch(),unixepoch());
INSERT OR IGNORE INTO profiles (id,subject_id,subject_type,primary_place_id,tenant_id,workspace_id,display_name,created_at,updated_at) VALUES ('prof_s09_supermarket_00e89c91ceaf3769','org_s09_supermarket_00e89c91ceaf3769','organization','place_nigeria_001','tenant_platform_seed','workspace_platform_seed_discovery','Intercontinental Plaza',unixepoch(),unixepoch());
INSERT OR IGNORE INTO search_entries (id,profile_id,display_name,keywords,ancestry_path,vertical,created_at,updated_at) VALUES ('se_s09_supermarket_00e89c91ceaf3769','prof_s09_supermarket_00e89c91ceaf3769','Intercontinental Plaza','intercontinental plaza supermarket grocery store retail shopping nigeria','place_nigeria_001','commerce',unixepoch(),unixepoch());
INSERT OR IGNORE INTO seed_ingestion_records (id,seed_run_id,entity_type,entity_id,source_id,status) VALUES ('ir_s09_supermarket_00e89c91ceaf3769','seed_run_s09_osm_supermarkets_20260502','organization','org_s09_supermarket_00e89c91ceaf3769','seed_source_osm_supermarkets_ng_20260502','ingested');
INSERT OR IGNORE INTO seed_entity_sources (id,seed_run_id,entity_type,entity_id,source_id,confidence_tier) VALUES ('es_s09_supermarket_00e89c91ceaf3769','seed_run_s09_osm_supermarkets_20260502','organization','org_s09_supermarket_00e89c91ceaf3769','seed_source_osm_supermarkets_ng_20260502','seeded');
INSERT OR IGNORE INTO seed_enrichment (id,seed_run_id,entity_type,entity_id,enrichment_type,enrichment_json) VALUES ('enr_s09_supermarket_00e89c91ceaf3769','seed_run_s09_osm_supermarkets_20260502','organization','org_s09_supermarket_00e89c91ceaf3769','licence_data','{"osm_id": "1247387205", "amenity": "mall", "addr_state": null, "operator": null, "brand": null}');

INSERT OR IGNORE INTO organizations (id,tenant_id,organization_type,legal_name,display_name,registration_number,status,verification_state,created_at,updated_at) VALUES ('org_s09_supermarket_6fdec783a761bdd2','tenant_platform_seed','retail_store','Barbieplace Supermarket','Barbieplace Supermarket',NULL,'active','seeded',unixepoch(),unixepoch());
INSERT OR IGNORE INTO profiles (id,subject_id,subject_type,primary_place_id,tenant_id,workspace_id,display_name,created_at,updated_at) VALUES ('prof_s09_supermarket_6fdec783a761bdd2','org_s09_supermarket_6fdec783a761bdd2','organization','place_nigeria_001','tenant_platform_seed','workspace_platform_seed_discovery','Barbieplace Supermarket',unixepoch(),unixepoch());
INSERT OR IGNORE INTO search_entries (id,profile_id,display_name,keywords,ancestry_path,vertical,created_at,updated_at) VALUES ('se_s09_supermarket_6fdec783a761bdd2','prof_s09_supermarket_6fdec783a761bdd2','Barbieplace Supermarket','barbieplace supermarket supermarket grocery store retail shopping nigeria','place_nigeria_001','commerce',unixepoch(),unixepoch());
INSERT OR IGNORE INTO seed_ingestion_records (id,seed_run_id,entity_type,entity_id,source_id,status) VALUES ('ir_s09_supermarket_6fdec783a761bdd2','seed_run_s09_osm_supermarkets_20260502','organization','org_s09_supermarket_6fdec783a761bdd2','seed_source_osm_supermarkets_ng_20260502','ingested');
INSERT OR IGNORE INTO seed_entity_sources (id,seed_run_id,entity_type,entity_id,source_id,confidence_tier) VALUES ('es_s09_supermarket_6fdec783a761bdd2','seed_run_s09_osm_supermarkets_20260502','organization','org_s09_supermarket_6fdec783a761bdd2','seed_source_osm_supermarkets_ng_20260502','seeded');
INSERT OR IGNORE INTO seed_enrichment (id,seed_run_id,entity_type,entity_id,enrichment_type,enrichment_json) VALUES ('enr_s09_supermarket_6fdec783a761bdd2','seed_run_s09_osm_supermarkets_20260502','organization','org_s09_supermarket_6fdec783a761bdd2','licence_data','{"osm_id": "1250868129", "amenity": "supermarket", "addr_state": null, "operator": null, "brand": null}');

INSERT OR IGNORE INTO organizations (id,tenant_id,organization_type,legal_name,display_name,registration_number,status,verification_state,created_at,updated_at) VALUES ('org_s09_supermarket_0c15c4c838faecc1','tenant_platform_seed','retail_store','Prixair Supermarket','Prixair Supermarket',NULL,'active','seeded',unixepoch(),unixepoch());
INSERT OR IGNORE INTO profiles (id,subject_id,subject_type,primary_place_id,tenant_id,workspace_id,display_name,created_at,updated_at) VALUES ('prof_s09_supermarket_0c15c4c838faecc1','org_s09_supermarket_0c15c4c838faecc1','organization','place_nigeria_001','tenant_platform_seed','workspace_platform_seed_discovery','Prixair Supermarket',unixepoch(),unixepoch());
INSERT OR IGNORE INTO search_entries (id,profile_id,display_name,keywords,ancestry_path,vertical,created_at,updated_at) VALUES ('se_s09_supermarket_0c15c4c838faecc1','prof_s09_supermarket_0c15c4c838faecc1','Prixair Supermarket','prixair supermarket supermarket grocery store retail shopping nigeria','place_nigeria_001','commerce',unixepoch(),unixepoch());
INSERT OR IGNORE INTO seed_ingestion_records (id,seed_run_id,entity_type,entity_id,source_id,status) VALUES ('ir_s09_supermarket_0c15c4c838faecc1','seed_run_s09_osm_supermarkets_20260502','organization','org_s09_supermarket_0c15c4c838faecc1','seed_source_osm_supermarkets_ng_20260502','ingested');
INSERT OR IGNORE INTO seed_entity_sources (id,seed_run_id,entity_type,entity_id,source_id,confidence_tier) VALUES ('es_s09_supermarket_0c15c4c838faecc1','seed_run_s09_osm_supermarkets_20260502','organization','org_s09_supermarket_0c15c4c838faecc1','seed_source_osm_supermarkets_ng_20260502','seeded');
INSERT OR IGNORE INTO seed_enrichment (id,seed_run_id,entity_type,entity_id,enrichment_type,enrichment_json) VALUES ('enr_s09_supermarket_0c15c4c838faecc1','seed_run_s09_osm_supermarkets_20260502','organization','org_s09_supermarket_0c15c4c838faecc1','licence_data','{"osm_id": "1272064812", "amenity": "supermarket", "addr_state": null, "operator": null, "brand": "Prixair"}');

INSERT OR IGNORE INTO organizations (id,tenant_id,organization_type,legal_name,display_name,registration_number,status,verification_state,created_at,updated_at) VALUES ('org_s09_supermarket_f37524b1d76337a7','tenant_platform_seed','retail_store','Prince Ebeano Supermarket','Prince Ebeano Supermarket',NULL,'active','seeded',unixepoch(),unixepoch());
INSERT OR IGNORE INTO profiles (id,subject_id,subject_type,primary_place_id,tenant_id,workspace_id,display_name,created_at,updated_at) VALUES ('prof_s09_supermarket_f37524b1d76337a7','org_s09_supermarket_f37524b1d76337a7','organization','place_nigeria_001','tenant_platform_seed','workspace_platform_seed_discovery','Prince Ebeano Supermarket',unixepoch(),unixepoch());
INSERT OR IGNORE INTO search_entries (id,profile_id,display_name,keywords,ancestry_path,vertical,created_at,updated_at) VALUES ('se_s09_supermarket_f37524b1d76337a7','prof_s09_supermarket_f37524b1d76337a7','Prince Ebeano Supermarket','prince ebeano supermarket supermarket grocery store retail shopping nigeria','place_nigeria_001','commerce',unixepoch(),unixepoch());
INSERT OR IGNORE INTO seed_ingestion_records (id,seed_run_id,entity_type,entity_id,source_id,status) VALUES ('ir_s09_supermarket_f37524b1d76337a7','seed_run_s09_osm_supermarkets_20260502','organization','org_s09_supermarket_f37524b1d76337a7','seed_source_osm_supermarkets_ng_20260502','ingested');
INSERT OR IGNORE INTO seed_entity_sources (id,seed_run_id,entity_type,entity_id,source_id,confidence_tier) VALUES ('es_s09_supermarket_f37524b1d76337a7','seed_run_s09_osm_supermarkets_20260502','organization','org_s09_supermarket_f37524b1d76337a7','seed_source_osm_supermarkets_ng_20260502','seeded');
INSERT OR IGNORE INTO seed_enrichment (id,seed_run_id,entity_type,entity_id,enrichment_type,enrichment_json) VALUES ('enr_s09_supermarket_f37524b1d76337a7','seed_run_s09_osm_supermarkets_20260502','organization','org_s09_supermarket_f37524b1d76337a7','licence_data','{"osm_id": "1274817963", "amenity": "supermarket", "addr_state": null, "operator": null, "brand": null}');

INSERT OR IGNORE INTO organizations (id,tenant_id,organization_type,legal_name,display_name,registration_number,status,verification_state,created_at,updated_at) VALUES ('org_s09_supermarket_c5fa1f26d7a3529c','tenant_platform_seed','retail_store','H-Medix','H-Medix',NULL,'active','seeded',unixepoch(),unixepoch());
INSERT OR IGNORE INTO profiles (id,subject_id,subject_type,primary_place_id,tenant_id,workspace_id,display_name,created_at,updated_at) VALUES ('prof_s09_supermarket_c5fa1f26d7a3529c','org_s09_supermarket_c5fa1f26d7a3529c','organization','place_nigeria_001','tenant_platform_seed','workspace_platform_seed_discovery','H-Medix',unixepoch(),unixepoch());
INSERT OR IGNORE INTO search_entries (id,profile_id,display_name,keywords,ancestry_path,vertical,created_at,updated_at) VALUES ('se_s09_supermarket_c5fa1f26d7a3529c','prof_s09_supermarket_c5fa1f26d7a3529c','H-Medix','h-medix supermarket grocery store retail shopping nigeria','place_nigeria_001','commerce',unixepoch(),unixepoch());
INSERT OR IGNORE INTO seed_ingestion_records (id,seed_run_id,entity_type,entity_id,source_id,status) VALUES ('ir_s09_supermarket_c5fa1f26d7a3529c','seed_run_s09_osm_supermarkets_20260502','organization','org_s09_supermarket_c5fa1f26d7a3529c','seed_source_osm_supermarkets_ng_20260502','ingested');
INSERT OR IGNORE INTO seed_entity_sources (id,seed_run_id,entity_type,entity_id,source_id,confidence_tier) VALUES ('es_s09_supermarket_c5fa1f26d7a3529c','seed_run_s09_osm_supermarkets_20260502','organization','org_s09_supermarket_c5fa1f26d7a3529c','seed_source_osm_supermarkets_ng_20260502','seeded');
INSERT OR IGNORE INTO seed_enrichment (id,seed_run_id,entity_type,entity_id,enrichment_type,enrichment_json) VALUES ('enr_s09_supermarket_c5fa1f26d7a3529c','seed_run_s09_osm_supermarkets_20260502','organization','org_s09_supermarket_c5fa1f26d7a3529c','licence_data','{"osm_id": "1283367530", "amenity": "mall", "addr_state": null, "operator": null, "brand": null}');

INSERT OR IGNORE INTO organizations (id,tenant_id,organization_type,legal_name,display_name,registration_number,status,verification_state,created_at,updated_at) VALUES ('org_s09_supermarket_1432ac05368ac9fd','tenant_platform_seed','retail_store','Dummec Plaza','Dummec Plaza',NULL,'active','seeded',unixepoch(),unixepoch());
INSERT OR IGNORE INTO profiles (id,subject_id,subject_type,primary_place_id,tenant_id,workspace_id,display_name,created_at,updated_at) VALUES ('prof_s09_supermarket_1432ac05368ac9fd','org_s09_supermarket_1432ac05368ac9fd','organization','place_nigeria_001','tenant_platform_seed','workspace_platform_seed_discovery','Dummec Plaza',unixepoch(),unixepoch());
INSERT OR IGNORE INTO search_entries (id,profile_id,display_name,keywords,ancestry_path,vertical,created_at,updated_at) VALUES ('se_s09_supermarket_1432ac05368ac9fd','prof_s09_supermarket_1432ac05368ac9fd','Dummec Plaza','dummec plaza supermarket grocery store retail shopping nigeria','place_nigeria_001','commerce',unixepoch(),unixepoch());
INSERT OR IGNORE INTO seed_ingestion_records (id,seed_run_id,entity_type,entity_id,source_id,status) VALUES ('ir_s09_supermarket_1432ac05368ac9fd','seed_run_s09_osm_supermarkets_20260502','organization','org_s09_supermarket_1432ac05368ac9fd','seed_source_osm_supermarkets_ng_20260502','ingested');
INSERT OR IGNORE INTO seed_entity_sources (id,seed_run_id,entity_type,entity_id,source_id,confidence_tier) VALUES ('es_s09_supermarket_1432ac05368ac9fd','seed_run_s09_osm_supermarkets_20260502','organization','org_s09_supermarket_1432ac05368ac9fd','seed_source_osm_supermarkets_ng_20260502','seeded');
INSERT OR IGNORE INTO seed_enrichment (id,seed_run_id,entity_type,entity_id,enrichment_type,enrichment_json) VALUES ('enr_s09_supermarket_1432ac05368ac9fd','seed_run_s09_osm_supermarkets_20260502','organization','org_s09_supermarket_1432ac05368ac9fd','licence_data','{"osm_id": "1313192781", "amenity": "mall", "addr_state": null, "operator": null, "brand": null}');

INSERT OR IGNORE INTO organizations (id,tenant_id,organization_type,legal_name,display_name,registration_number,status,verification_state,created_at,updated_at) VALUES ('org_s09_supermarket_4c6e261ce298eed4','tenant_platform_seed','retail_store','Dabo Mall','Dabo Mall',NULL,'active','seeded',unixepoch(),unixepoch());
INSERT OR IGNORE INTO profiles (id,subject_id,subject_type,primary_place_id,tenant_id,workspace_id,display_name,created_at,updated_at) VALUES ('prof_s09_supermarket_4c6e261ce298eed4','org_s09_supermarket_4c6e261ce298eed4','organization','place_nigeria_001','tenant_platform_seed','workspace_platform_seed_discovery','Dabo Mall',unixepoch(),unixepoch());
INSERT OR IGNORE INTO search_entries (id,profile_id,display_name,keywords,ancestry_path,vertical,created_at,updated_at) VALUES ('se_s09_supermarket_4c6e261ce298eed4','prof_s09_supermarket_4c6e261ce298eed4','Dabo Mall','dabo mall supermarket grocery store retail shopping nigeria','place_nigeria_001','commerce',unixepoch(),unixepoch());
INSERT OR IGNORE INTO seed_ingestion_records (id,seed_run_id,entity_type,entity_id,source_id,status) VALUES ('ir_s09_supermarket_4c6e261ce298eed4','seed_run_s09_osm_supermarkets_20260502','organization','org_s09_supermarket_4c6e261ce298eed4','seed_source_osm_supermarkets_ng_20260502','ingested');
INSERT OR IGNORE INTO seed_entity_sources (id,seed_run_id,entity_type,entity_id,source_id,confidence_tier) VALUES ('es_s09_supermarket_4c6e261ce298eed4','seed_run_s09_osm_supermarkets_20260502','organization','org_s09_supermarket_4c6e261ce298eed4','seed_source_osm_supermarkets_ng_20260502','seeded');
INSERT OR IGNORE INTO seed_enrichment (id,seed_run_id,entity_type,entity_id,enrichment_type,enrichment_json) VALUES ('enr_s09_supermarket_4c6e261ce298eed4','seed_run_s09_osm_supermarkets_20260502','organization','org_s09_supermarket_4c6e261ce298eed4','licence_data','{"osm_id": "1315760044", "amenity": "mall", "addr_state": null, "operator": null, "brand": null}');

INSERT OR IGNORE INTO organizations (id,tenant_id,organization_type,legal_name,display_name,registration_number,status,verification_state,created_at,updated_at) VALUES ('org_s09_supermarket_0cd8a83b16520fc3','tenant_platform_seed','retail_store','Cok Best Mall','Cok Best Mall',NULL,'active','seeded',unixepoch(),unixepoch());
INSERT OR IGNORE INTO profiles (id,subject_id,subject_type,primary_place_id,tenant_id,workspace_id,display_name,created_at,updated_at) VALUES ('prof_s09_supermarket_0cd8a83b16520fc3','org_s09_supermarket_0cd8a83b16520fc3','organization','place_nigeria_001','tenant_platform_seed','workspace_platform_seed_discovery','Cok Best Mall',unixepoch(),unixepoch());
INSERT OR IGNORE INTO search_entries (id,profile_id,display_name,keywords,ancestry_path,vertical,created_at,updated_at) VALUES ('se_s09_supermarket_0cd8a83b16520fc3','prof_s09_supermarket_0cd8a83b16520fc3','Cok Best Mall','cok best mall supermarket grocery store retail shopping nigeria','place_nigeria_001','commerce',unixepoch(),unixepoch());
INSERT OR IGNORE INTO seed_ingestion_records (id,seed_run_id,entity_type,entity_id,source_id,status) VALUES ('ir_s09_supermarket_0cd8a83b16520fc3','seed_run_s09_osm_supermarkets_20260502','organization','org_s09_supermarket_0cd8a83b16520fc3','seed_source_osm_supermarkets_ng_20260502','ingested');
INSERT OR IGNORE INTO seed_entity_sources (id,seed_run_id,entity_type,entity_id,source_id,confidence_tier) VALUES ('es_s09_supermarket_0cd8a83b16520fc3','seed_run_s09_osm_supermarkets_20260502','organization','org_s09_supermarket_0cd8a83b16520fc3','seed_source_osm_supermarkets_ng_20260502','seeded');
INSERT OR IGNORE INTO seed_enrichment (id,seed_run_id,entity_type,entity_id,enrichment_type,enrichment_json) VALUES ('enr_s09_supermarket_0cd8a83b16520fc3','seed_run_s09_osm_supermarkets_20260502','organization','org_s09_supermarket_0cd8a83b16520fc3','licence_data','{"osm_id": "1323129089", "amenity": "mall", "addr_state": null, "operator": null, "brand": null}');

INSERT OR IGNORE INTO organizations (id,tenant_id,organization_type,legal_name,display_name,registration_number,status,verification_state,created_at,updated_at) VALUES ('org_s09_supermarket_a5d9160a5c5de6e6','tenant_platform_seed','retail_store','Big Ideas Supermarket and Pharmacy','Big Ideas Supermarket and Pharmacy',NULL,'active','seeded',unixepoch(),unixepoch());
INSERT OR IGNORE INTO profiles (id,subject_id,subject_type,primary_place_id,tenant_id,workspace_id,display_name,created_at,updated_at) VALUES ('prof_s09_supermarket_a5d9160a5c5de6e6','org_s09_supermarket_a5d9160a5c5de6e6','organization','place_nigeria_001','tenant_platform_seed','workspace_platform_seed_discovery','Big Ideas Supermarket and Pharmacy',unixepoch(),unixepoch());
INSERT OR IGNORE INTO search_entries (id,profile_id,display_name,keywords,ancestry_path,vertical,created_at,updated_at) VALUES ('se_s09_supermarket_a5d9160a5c5de6e6','prof_s09_supermarket_a5d9160a5c5de6e6','Big Ideas Supermarket and Pharmacy','big ideas supermarket and pharmacy supermarket grocery store retail shopping nigeria','place_nigeria_001','commerce',unixepoch(),unixepoch());
INSERT OR IGNORE INTO seed_ingestion_records (id,seed_run_id,entity_type,entity_id,source_id,status) VALUES ('ir_s09_supermarket_a5d9160a5c5de6e6','seed_run_s09_osm_supermarkets_20260502','organization','org_s09_supermarket_a5d9160a5c5de6e6','seed_source_osm_supermarkets_ng_20260502','ingested');
INSERT OR IGNORE INTO seed_entity_sources (id,seed_run_id,entity_type,entity_id,source_id,confidence_tier) VALUES ('es_s09_supermarket_a5d9160a5c5de6e6','seed_run_s09_osm_supermarkets_20260502','organization','org_s09_supermarket_a5d9160a5c5de6e6','seed_source_osm_supermarkets_ng_20260502','seeded');
INSERT OR IGNORE INTO seed_enrichment (id,seed_run_id,entity_type,entity_id,enrichment_type,enrichment_json) VALUES ('enr_s09_supermarket_a5d9160a5c5de6e6','seed_run_s09_osm_supermarkets_20260502','organization','org_s09_supermarket_a5d9160a5c5de6e6','licence_data','{"osm_id": "1327897357", "amenity": "supermarket", "addr_state": null, "operator": null, "brand": null}');

INSERT OR IGNORE INTO organizations (id,tenant_id,organization_type,legal_name,display_name,registration_number,status,verification_state,created_at,updated_at) VALUES ('org_s09_supermarket_b91bafc5116e081f','tenant_platform_seed','retail_store','Century Mall','Century Mall',NULL,'active','seeded',unixepoch(),unixepoch());
INSERT OR IGNORE INTO profiles (id,subject_id,subject_type,primary_place_id,tenant_id,workspace_id,display_name,created_at,updated_at) VALUES ('prof_s09_supermarket_b91bafc5116e081f','org_s09_supermarket_b91bafc5116e081f','organization','place_nigeria_001','tenant_platform_seed','workspace_platform_seed_discovery','Century Mall',unixepoch(),unixepoch());
INSERT OR IGNORE INTO search_entries (id,profile_id,display_name,keywords,ancestry_path,vertical,created_at,updated_at) VALUES ('se_s09_supermarket_b91bafc5116e081f','prof_s09_supermarket_b91bafc5116e081f','Century Mall','century mall supermarket grocery store retail shopping nigeria','place_nigeria_001','commerce',unixepoch(),unixepoch());
INSERT OR IGNORE INTO seed_ingestion_records (id,seed_run_id,entity_type,entity_id,source_id,status) VALUES ('ir_s09_supermarket_b91bafc5116e081f','seed_run_s09_osm_supermarkets_20260502','organization','org_s09_supermarket_b91bafc5116e081f','seed_source_osm_supermarkets_ng_20260502','ingested');
INSERT OR IGNORE INTO seed_entity_sources (id,seed_run_id,entity_type,entity_id,source_id,confidence_tier) VALUES ('es_s09_supermarket_b91bafc5116e081f','seed_run_s09_osm_supermarkets_20260502','organization','org_s09_supermarket_b91bafc5116e081f','seed_source_osm_supermarkets_ng_20260502','seeded');
INSERT OR IGNORE INTO seed_enrichment (id,seed_run_id,entity_type,entity_id,enrichment_type,enrichment_json) VALUES ('enr_s09_supermarket_b91bafc5116e081f','seed_run_s09_osm_supermarkets_20260502','organization','org_s09_supermarket_b91bafc5116e081f','licence_data','{"osm_id": "1455149783", "amenity": "mall", "addr_state": null, "operator": null, "brand": null}');

INSERT OR IGNORE INTO organizations (id,tenant_id,organization_type,legal_name,display_name,registration_number,status,verification_state,created_at,updated_at) VALUES ('org_s09_supermarket_aa8634ec94470a6c','tenant_platform_seed','retail_store','Ndop Central Market','Ndop Central Market',NULL,'active','seeded',unixepoch(),unixepoch());
INSERT OR IGNORE INTO profiles (id,subject_id,subject_type,primary_place_id,tenant_id,workspace_id,display_name,created_at,updated_at) VALUES ('prof_s09_supermarket_aa8634ec94470a6c','org_s09_supermarket_aa8634ec94470a6c','organization','place_nigeria_001','tenant_platform_seed','workspace_platform_seed_discovery','Ndop Central Market',unixepoch(),unixepoch());
INSERT OR IGNORE INTO search_entries (id,profile_id,display_name,keywords,ancestry_path,vertical,created_at,updated_at) VALUES ('se_s09_supermarket_aa8634ec94470a6c','prof_s09_supermarket_aa8634ec94470a6c','Ndop Central Market','ndop central market supermarket grocery store retail shopping nigeria','place_nigeria_001','commerce',unixepoch(),unixepoch());
INSERT OR IGNORE INTO seed_ingestion_records (id,seed_run_id,entity_type,entity_id,source_id,status) VALUES ('ir_s09_supermarket_aa8634ec94470a6c','seed_run_s09_osm_supermarkets_20260502','organization','org_s09_supermarket_aa8634ec94470a6c','seed_source_osm_supermarkets_ng_20260502','ingested');
INSERT OR IGNORE INTO seed_entity_sources (id,seed_run_id,entity_type,entity_id,source_id,confidence_tier) VALUES ('es_s09_supermarket_aa8634ec94470a6c','seed_run_s09_osm_supermarkets_20260502','organization','org_s09_supermarket_aa8634ec94470a6c','seed_source_osm_supermarkets_ng_20260502','seeded');
INSERT OR IGNORE INTO seed_enrichment (id,seed_run_id,entity_type,entity_id,enrichment_type,enrichment_json) VALUES ('enr_s09_supermarket_aa8634ec94470a6c','seed_run_s09_osm_supermarkets_20260502','organization','org_s09_supermarket_aa8634ec94470a6c','licence_data','{"osm_id": "1068916116", "amenity": "supermarket", "addr_state": null, "operator": null, "brand": null}');

INSERT OR IGNORE INTO organizations (id,tenant_id,organization_type,legal_name,display_name,registration_number,status,verification_state,created_at,updated_at) VALUES ('org_s09_supermarket_a137fe4e7ce6fb8d','tenant_platform_seed','retail_store','Madam Eli','Madam Eli',NULL,'active','seeded',unixepoch(),unixepoch());
INSERT OR IGNORE INTO profiles (id,subject_id,subject_type,primary_place_id,tenant_id,workspace_id,display_name,created_at,updated_at) VALUES ('prof_s09_supermarket_a137fe4e7ce6fb8d','org_s09_supermarket_a137fe4e7ce6fb8d','organization','place_nigeria_001','tenant_platform_seed','workspace_platform_seed_discovery','Madam Eli',unixepoch(),unixepoch());
INSERT OR IGNORE INTO search_entries (id,profile_id,display_name,keywords,ancestry_path,vertical,created_at,updated_at) VALUES ('se_s09_supermarket_a137fe4e7ce6fb8d','prof_s09_supermarket_a137fe4e7ce6fb8d','Madam Eli','madam eli supermarket grocery store retail shopping nigeria','place_nigeria_001','commerce',unixepoch(),unixepoch());
INSERT OR IGNORE INTO seed_ingestion_records (id,seed_run_id,entity_type,entity_id,source_id,status) VALUES ('ir_s09_supermarket_a137fe4e7ce6fb8d','seed_run_s09_osm_supermarkets_20260502','organization','org_s09_supermarket_a137fe4e7ce6fb8d','seed_source_osm_supermarkets_ng_20260502','ingested');
INSERT OR IGNORE INTO seed_entity_sources (id,seed_run_id,entity_type,entity_id,source_id,confidence_tier) VALUES ('es_s09_supermarket_a137fe4e7ce6fb8d','seed_run_s09_osm_supermarkets_20260502','organization','org_s09_supermarket_a137fe4e7ce6fb8d','seed_source_osm_supermarkets_ng_20260502','seeded');
INSERT OR IGNORE INTO seed_enrichment (id,seed_run_id,entity_type,entity_id,enrichment_type,enrichment_json) VALUES ('enr_s09_supermarket_a137fe4e7ce6fb8d','seed_run_s09_osm_supermarkets_20260502','organization','org_s09_supermarket_a137fe4e7ce6fb8d','licence_data','{"osm_id": "3116256103", "amenity": "supermarket", "addr_state": null, "operator": null, "brand": null}');

INSERT OR IGNORE INTO organizations (id,tenant_id,organization_type,legal_name,display_name,registration_number,status,verification_state,created_at,updated_at) VALUES ('org_s09_supermarket_4b9213b397bad93c','tenant_platform_seed','retail_store','Renaissance Central','Renaissance Central',NULL,'active','seeded',unixepoch(),unixepoch());
INSERT OR IGNORE INTO profiles (id,subject_id,subject_type,primary_place_id,tenant_id,workspace_id,display_name,created_at,updated_at) VALUES ('prof_s09_supermarket_4b9213b397bad93c','org_s09_supermarket_4b9213b397bad93c','organization','place_nigeria_001','tenant_platform_seed','workspace_platform_seed_discovery','Renaissance Central',unixepoch(),unixepoch());
INSERT OR IGNORE INTO search_entries (id,profile_id,display_name,keywords,ancestry_path,vertical,created_at,updated_at) VALUES ('se_s09_supermarket_4b9213b397bad93c','prof_s09_supermarket_4b9213b397bad93c','Renaissance Central','renaissance central supermarket grocery store retail shopping nigeria','place_nigeria_001','commerce',unixepoch(),unixepoch());
INSERT OR IGNORE INTO seed_ingestion_records (id,seed_run_id,entity_type,entity_id,source_id,status) VALUES ('ir_s09_supermarket_4b9213b397bad93c','seed_run_s09_osm_supermarkets_20260502','organization','org_s09_supermarket_4b9213b397bad93c','seed_source_osm_supermarkets_ng_20260502','ingested');
INSERT OR IGNORE INTO seed_entity_sources (id,seed_run_id,entity_type,entity_id,source_id,confidence_tier) VALUES ('es_s09_supermarket_4b9213b397bad93c','seed_run_s09_osm_supermarkets_20260502','organization','org_s09_supermarket_4b9213b397bad93c','seed_source_osm_supermarkets_ng_20260502','seeded');
INSERT OR IGNORE INTO seed_enrichment (id,seed_run_id,entity_type,entity_id,enrichment_type,enrichment_json) VALUES ('enr_s09_supermarket_4b9213b397bad93c','seed_run_s09_osm_supermarkets_20260502','organization','org_s09_supermarket_4b9213b397bad93c','licence_data','{"osm_id": "4407984717", "amenity": "supermarket", "addr_state": null, "operator": null, "brand": null}');

INSERT OR IGNORE INTO organizations (id,tenant_id,organization_type,legal_name,display_name,registration_number,status,verification_state,created_at,updated_at) VALUES ('org_s09_supermarket_1f1574b08199337b','tenant_platform_seed','retail_store','Kings shop','Kings shop',NULL,'active','seeded',unixepoch(),unixepoch());
INSERT OR IGNORE INTO profiles (id,subject_id,subject_type,primary_place_id,tenant_id,workspace_id,display_name,created_at,updated_at) VALUES ('prof_s09_supermarket_1f1574b08199337b','org_s09_supermarket_1f1574b08199337b','organization','place_nigeria_001','tenant_platform_seed','workspace_platform_seed_discovery','Kings shop',unixepoch(),unixepoch());
INSERT OR IGNORE INTO search_entries (id,profile_id,display_name,keywords,ancestry_path,vertical,created_at,updated_at) VALUES ('se_s09_supermarket_1f1574b08199337b','prof_s09_supermarket_1f1574b08199337b','Kings shop','kings shop supermarket grocery store retail shopping nigeria','place_nigeria_001','commerce',unixepoch(),unixepoch());
INSERT OR IGNORE INTO seed_ingestion_records (id,seed_run_id,entity_type,entity_id,source_id,status) VALUES ('ir_s09_supermarket_1f1574b08199337b','seed_run_s09_osm_supermarkets_20260502','organization','org_s09_supermarket_1f1574b08199337b','seed_source_osm_supermarkets_ng_20260502','ingested');
INSERT OR IGNORE INTO seed_entity_sources (id,seed_run_id,entity_type,entity_id,source_id,confidence_tier) VALUES ('es_s09_supermarket_1f1574b08199337b','seed_run_s09_osm_supermarkets_20260502','organization','org_s09_supermarket_1f1574b08199337b','seed_source_osm_supermarkets_ng_20260502','seeded');
INSERT OR IGNORE INTO seed_enrichment (id,seed_run_id,entity_type,entity_id,enrichment_type,enrichment_json) VALUES ('enr_s09_supermarket_1f1574b08199337b','seed_run_s09_osm_supermarkets_20260502','organization','org_s09_supermarket_1f1574b08199337b','licence_data','{"osm_id": "4409603497", "amenity": "supermarket", "addr_state": null, "operator": null, "brand": null}');

INSERT OR IGNORE INTO organizations (id,tenant_id,organization_type,legal_name,display_name,registration_number,status,verification_state,created_at,updated_at) VALUES ('org_s09_supermarket_85c261bbbb34c8bd','tenant_platform_seed','retail_store','Fish Slap at','Fish Slap at',NULL,'active','seeded',unixepoch(),unixepoch());
INSERT OR IGNORE INTO profiles (id,subject_id,subject_type,primary_place_id,tenant_id,workspace_id,display_name,created_at,updated_at) VALUES ('prof_s09_supermarket_85c261bbbb34c8bd','org_s09_supermarket_85c261bbbb34c8bd','organization','place_nigeria_001','tenant_platform_seed','workspace_platform_seed_discovery','Fish Slap at',unixepoch(),unixepoch());
INSERT OR IGNORE INTO search_entries (id,profile_id,display_name,keywords,ancestry_path,vertical,created_at,updated_at) VALUES ('se_s09_supermarket_85c261bbbb34c8bd','prof_s09_supermarket_85c261bbbb34c8bd','Fish Slap at','fish slap at supermarket grocery store retail shopping nigeria','place_nigeria_001','commerce',unixepoch(),unixepoch());
INSERT OR IGNORE INTO seed_ingestion_records (id,seed_run_id,entity_type,entity_id,source_id,status) VALUES ('ir_s09_supermarket_85c261bbbb34c8bd','seed_run_s09_osm_supermarkets_20260502','organization','org_s09_supermarket_85c261bbbb34c8bd','seed_source_osm_supermarkets_ng_20260502','ingested');
INSERT OR IGNORE INTO seed_entity_sources (id,seed_run_id,entity_type,entity_id,source_id,confidence_tier) VALUES ('es_s09_supermarket_85c261bbbb34c8bd','seed_run_s09_osm_supermarkets_20260502','organization','org_s09_supermarket_85c261bbbb34c8bd','seed_source_osm_supermarkets_ng_20260502','seeded');
INSERT OR IGNORE INTO seed_enrichment (id,seed_run_id,entity_type,entity_id,enrichment_type,enrichment_json) VALUES ('enr_s09_supermarket_85c261bbbb34c8bd','seed_run_s09_osm_supermarkets_20260502','organization','org_s09_supermarket_85c261bbbb34c8bd','licence_data','{"osm_id": "4409603505", "amenity": "supermarket", "addr_state": null, "operator": null, "brand": null}');

INSERT OR IGNORE INTO organizations (id,tenant_id,organization_type,legal_name,display_name,registration_number,status,verification_state,created_at,updated_at) VALUES ('org_s09_supermarket_695e6d9b8ad5d772','tenant_platform_seed','retail_store','Central shop','Central shop',NULL,'active','seeded',unixepoch(),unixepoch());
INSERT OR IGNORE INTO profiles (id,subject_id,subject_type,primary_place_id,tenant_id,workspace_id,display_name,created_at,updated_at) VALUES ('prof_s09_supermarket_695e6d9b8ad5d772','org_s09_supermarket_695e6d9b8ad5d772','organization','place_nigeria_001','tenant_platform_seed','workspace_platform_seed_discovery','Central shop',unixepoch(),unixepoch());
INSERT OR IGNORE INTO search_entries (id,profile_id,display_name,keywords,ancestry_path,vertical,created_at,updated_at) VALUES ('se_s09_supermarket_695e6d9b8ad5d772','prof_s09_supermarket_695e6d9b8ad5d772','Central shop','central shop supermarket grocery store retail shopping nigeria','place_nigeria_001','commerce',unixepoch(),unixepoch());
INSERT OR IGNORE INTO seed_ingestion_records (id,seed_run_id,entity_type,entity_id,source_id,status) VALUES ('ir_s09_supermarket_695e6d9b8ad5d772','seed_run_s09_osm_supermarkets_20260502','organization','org_s09_supermarket_695e6d9b8ad5d772','seed_source_osm_supermarkets_ng_20260502','ingested');
INSERT OR IGNORE INTO seed_entity_sources (id,seed_run_id,entity_type,entity_id,source_id,confidence_tier) VALUES ('es_s09_supermarket_695e6d9b8ad5d772','seed_run_s09_osm_supermarkets_20260502','organization','org_s09_supermarket_695e6d9b8ad5d772','seed_source_osm_supermarkets_ng_20260502','seeded');
INSERT OR IGNORE INTO seed_enrichment (id,seed_run_id,entity_type,entity_id,enrichment_type,enrichment_json) VALUES ('enr_s09_supermarket_695e6d9b8ad5d772','seed_run_s09_osm_supermarkets_20260502','organization','org_s09_supermarket_695e6d9b8ad5d772','licence_data','{"osm_id": "4411317414", "amenity": "supermarket", "addr_state": null, "operator": null, "brand": null}');

INSERT OR IGNORE INTO organizations (id,tenant_id,organization_type,legal_name,display_name,registration_number,status,verification_state,created_at,updated_at) VALUES ('org_s09_supermarket_e3ffe1311788c855','tenant_platform_seed','retail_store','Africana plus','Africana plus',NULL,'active','seeded',unixepoch(),unixepoch());
INSERT OR IGNORE INTO profiles (id,subject_id,subject_type,primary_place_id,tenant_id,workspace_id,display_name,created_at,updated_at) VALUES ('prof_s09_supermarket_e3ffe1311788c855','org_s09_supermarket_e3ffe1311788c855','organization','place_nigeria_001','tenant_platform_seed','workspace_platform_seed_discovery','Africana plus',unixepoch(),unixepoch());
INSERT OR IGNORE INTO search_entries (id,profile_id,display_name,keywords,ancestry_path,vertical,created_at,updated_at) VALUES ('se_s09_supermarket_e3ffe1311788c855','prof_s09_supermarket_e3ffe1311788c855','Africana plus','africana plus supermarket grocery store retail shopping nigeria','place_nigeria_001','commerce',unixepoch(),unixepoch());
INSERT OR IGNORE INTO seed_ingestion_records (id,seed_run_id,entity_type,entity_id,source_id,status) VALUES ('ir_s09_supermarket_e3ffe1311788c855','seed_run_s09_osm_supermarkets_20260502','organization','org_s09_supermarket_e3ffe1311788c855','seed_source_osm_supermarkets_ng_20260502','ingested');
INSERT OR IGNORE INTO seed_entity_sources (id,seed_run_id,entity_type,entity_id,source_id,confidence_tier) VALUES ('es_s09_supermarket_e3ffe1311788c855','seed_run_s09_osm_supermarkets_20260502','organization','org_s09_supermarket_e3ffe1311788c855','seed_source_osm_supermarkets_ng_20260502','seeded');
INSERT OR IGNORE INTO seed_enrichment (id,seed_run_id,entity_type,entity_id,enrichment_type,enrichment_json) VALUES ('enr_s09_supermarket_e3ffe1311788c855','seed_run_s09_osm_supermarkets_20260502','organization','org_s09_supermarket_e3ffe1311788c855','licence_data','{"osm_id": "4411317415", "amenity": "supermarket", "addr_state": null, "operator": null, "brand": null}');

INSERT OR IGNORE INTO organizations (id,tenant_id,organization_type,legal_name,display_name,registration_number,status,verification_state,created_at,updated_at) VALUES ('org_s09_supermarket_760d07a7bd2f4fa1','tenant_platform_seed','retail_store','SUPER GOAL','SUPER GOAL',NULL,'active','seeded',unixepoch(),unixepoch());
INSERT OR IGNORE INTO profiles (id,subject_id,subject_type,primary_place_id,tenant_id,workspace_id,display_name,created_at,updated_at) VALUES ('prof_s09_supermarket_760d07a7bd2f4fa1','org_s09_supermarket_760d07a7bd2f4fa1','organization','place_nigeria_001','tenant_platform_seed','workspace_platform_seed_discovery','SUPER GOAL',unixepoch(),unixepoch());
INSERT OR IGNORE INTO search_entries (id,profile_id,display_name,keywords,ancestry_path,vertical,created_at,updated_at) VALUES ('se_s09_supermarket_760d07a7bd2f4fa1','prof_s09_supermarket_760d07a7bd2f4fa1','SUPER GOAL','super goal supermarket grocery store retail shopping nigeria','place_nigeria_001','commerce',unixepoch(),unixepoch());
INSERT OR IGNORE INTO seed_ingestion_records (id,seed_run_id,entity_type,entity_id,source_id,status) VALUES ('ir_s09_supermarket_760d07a7bd2f4fa1','seed_run_s09_osm_supermarkets_20260502','organization','org_s09_supermarket_760d07a7bd2f4fa1','seed_source_osm_supermarkets_ng_20260502','ingested');
INSERT OR IGNORE INTO seed_entity_sources (id,seed_run_id,entity_type,entity_id,source_id,confidence_tier) VALUES ('es_s09_supermarket_760d07a7bd2f4fa1','seed_run_s09_osm_supermarkets_20260502','organization','org_s09_supermarket_760d07a7bd2f4fa1','seed_source_osm_supermarkets_ng_20260502','seeded');
INSERT OR IGNORE INTO seed_enrichment (id,seed_run_id,entity_type,entity_id,enrichment_type,enrichment_json) VALUES ('enr_s09_supermarket_760d07a7bd2f4fa1','seed_run_s09_osm_supermarkets_20260502','organization','org_s09_supermarket_760d07a7bd2f4fa1','licence_data','{"osm_id": "4411317418", "amenity": "supermarket", "addr_state": null, "operator": null, "brand": null}');

INSERT OR IGNORE INTO organizations (id,tenant_id,organization_type,legal_name,display_name,registration_number,status,verification_state,created_at,updated_at) VALUES ('org_s09_supermarket_91e37b104e65a1f1','tenant_platform_seed','retail_store','Wat Market Donga Mantung','Wat Market Donga Mantung',NULL,'active','seeded',unixepoch(),unixepoch());
INSERT OR IGNORE INTO profiles (id,subject_id,subject_type,primary_place_id,tenant_id,workspace_id,display_name,created_at,updated_at) VALUES ('prof_s09_supermarket_91e37b104e65a1f1','org_s09_supermarket_91e37b104e65a1f1','organization','place_nigeria_001','tenant_platform_seed','workspace_platform_seed_discovery','Wat Market Donga Mantung',unixepoch(),unixepoch());
INSERT OR IGNORE INTO search_entries (id,profile_id,display_name,keywords,ancestry_path,vertical,created_at,updated_at) VALUES ('se_s09_supermarket_91e37b104e65a1f1','prof_s09_supermarket_91e37b104e65a1f1','Wat Market Donga Mantung','wat market donga mantung supermarket grocery store retail shopping nigeria','place_nigeria_001','commerce',unixepoch(),unixepoch());
INSERT OR IGNORE INTO seed_ingestion_records (id,seed_run_id,entity_type,entity_id,source_id,status) VALUES ('ir_s09_supermarket_91e37b104e65a1f1','seed_run_s09_osm_supermarkets_20260502','organization','org_s09_supermarket_91e37b104e65a1f1','seed_source_osm_supermarkets_ng_20260502','ingested');
INSERT OR IGNORE INTO seed_entity_sources (id,seed_run_id,entity_type,entity_id,source_id,confidence_tier) VALUES ('es_s09_supermarket_91e37b104e65a1f1','seed_run_s09_osm_supermarkets_20260502','organization','org_s09_supermarket_91e37b104e65a1f1','seed_source_osm_supermarkets_ng_20260502','seeded');
INSERT OR IGNORE INTO seed_enrichment (id,seed_run_id,entity_type,entity_id,enrichment_type,enrichment_json) VALUES ('enr_s09_supermarket_91e37b104e65a1f1','seed_run_s09_osm_supermarkets_20260502','organization','org_s09_supermarket_91e37b104e65a1f1','licence_data','{"osm_id": "4810543221", "amenity": "supermarket", "addr_state": null, "operator": null, "brand": null}');

INSERT OR IGNORE INTO organizations (id,tenant_id,organization_type,legal_name,display_name,registration_number,status,verification_state,created_at,updated_at) VALUES ('org_s09_supermarket_588f9bb9a32b63c0','tenant_platform_seed','retail_store','Rapido Supermarket','Rapido Supermarket',NULL,'active','seeded',unixepoch(),unixepoch());
INSERT OR IGNORE INTO profiles (id,subject_id,subject_type,primary_place_id,tenant_id,workspace_id,display_name,created_at,updated_at) VALUES ('prof_s09_supermarket_588f9bb9a32b63c0','org_s09_supermarket_588f9bb9a32b63c0','organization','place_nigeria_001','tenant_platform_seed','workspace_platform_seed_discovery','Rapido Supermarket',unixepoch(),unixepoch());
INSERT OR IGNORE INTO search_entries (id,profile_id,display_name,keywords,ancestry_path,vertical,created_at,updated_at) VALUES ('se_s09_supermarket_588f9bb9a32b63c0','prof_s09_supermarket_588f9bb9a32b63c0','Rapido Supermarket','rapido supermarket supermarket grocery store retail shopping nigeria','place_nigeria_001','commerce',unixepoch(),unixepoch());
INSERT OR IGNORE INTO seed_ingestion_records (id,seed_run_id,entity_type,entity_id,source_id,status) VALUES ('ir_s09_supermarket_588f9bb9a32b63c0','seed_run_s09_osm_supermarkets_20260502','organization','org_s09_supermarket_588f9bb9a32b63c0','seed_source_osm_supermarkets_ng_20260502','ingested');
INSERT OR IGNORE INTO seed_entity_sources (id,seed_run_id,entity_type,entity_id,source_id,confidence_tier) VALUES ('es_s09_supermarket_588f9bb9a32b63c0','seed_run_s09_osm_supermarkets_20260502','organization','org_s09_supermarket_588f9bb9a32b63c0','seed_source_osm_supermarkets_ng_20260502','seeded');
INSERT OR IGNORE INTO seed_enrichment (id,seed_run_id,entity_type,entity_id,enrichment_type,enrichment_json) VALUES ('enr_s09_supermarket_588f9bb9a32b63c0','seed_run_s09_osm_supermarkets_20260502','organization','org_s09_supermarket_588f9bb9a32b63c0','licence_data','{"osm_id": "5671968921", "amenity": "supermarket", "addr_state": null, "operator": null, "brand": null}');

INSERT OR IGNORE INTO organizations (id,tenant_id,organization_type,legal_name,display_name,registration_number,status,verification_state,created_at,updated_at) VALUES ('org_s09_supermarket_157c29375c59d1b5','tenant_platform_seed','retail_store','DJOUDJOU THOMAS','DJOUDJOU THOMAS',NULL,'active','seeded',unixepoch(),unixepoch());
INSERT OR IGNORE INTO profiles (id,subject_id,subject_type,primary_place_id,tenant_id,workspace_id,display_name,created_at,updated_at) VALUES ('prof_s09_supermarket_157c29375c59d1b5','org_s09_supermarket_157c29375c59d1b5','organization','place_nigeria_001','tenant_platform_seed','workspace_platform_seed_discovery','DJOUDJOU THOMAS',unixepoch(),unixepoch());
INSERT OR IGNORE INTO search_entries (id,profile_id,display_name,keywords,ancestry_path,vertical,created_at,updated_at) VALUES ('se_s09_supermarket_157c29375c59d1b5','prof_s09_supermarket_157c29375c59d1b5','DJOUDJOU THOMAS','djoudjou thomas supermarket grocery store retail shopping nigeria','place_nigeria_001','commerce',unixepoch(),unixepoch());
INSERT OR IGNORE INTO seed_ingestion_records (id,seed_run_id,entity_type,entity_id,source_id,status) VALUES ('ir_s09_supermarket_157c29375c59d1b5','seed_run_s09_osm_supermarkets_20260502','organization','org_s09_supermarket_157c29375c59d1b5','seed_source_osm_supermarkets_ng_20260502','ingested');
INSERT OR IGNORE INTO seed_entity_sources (id,seed_run_id,entity_type,entity_id,source_id,confidence_tier) VALUES ('es_s09_supermarket_157c29375c59d1b5','seed_run_s09_osm_supermarkets_20260502','organization','org_s09_supermarket_157c29375c59d1b5','seed_source_osm_supermarkets_ng_20260502','seeded');
INSERT OR IGNORE INTO seed_enrichment (id,seed_run_id,entity_type,entity_id,enrichment_type,enrichment_json) VALUES ('enr_s09_supermarket_157c29375c59d1b5','seed_run_s09_osm_supermarkets_20260502','organization','org_s09_supermarket_157c29375c59d1b5','licence_data','{"osm_id": "5943429089", "amenity": "supermarket", "addr_state": null, "operator": null, "brand": null}');

INSERT OR IGNORE INTO organizations (id,tenant_id,organization_type,legal_name,display_name,registration_number,status,verification_state,created_at,updated_at) VALUES ('org_s09_supermarket_4ada189f8f103eb8','tenant_platform_seed','retail_store','SUPER MARCHE SODIAL','SUPER MARCHE SODIAL',NULL,'active','seeded',unixepoch(),unixepoch());
INSERT OR IGNORE INTO profiles (id,subject_id,subject_type,primary_place_id,tenant_id,workspace_id,display_name,created_at,updated_at) VALUES ('prof_s09_supermarket_4ada189f8f103eb8','org_s09_supermarket_4ada189f8f103eb8','organization','place_nigeria_001','tenant_platform_seed','workspace_platform_seed_discovery','SUPER MARCHE SODIAL',unixepoch(),unixepoch());
INSERT OR IGNORE INTO search_entries (id,profile_id,display_name,keywords,ancestry_path,vertical,created_at,updated_at) VALUES ('se_s09_supermarket_4ada189f8f103eb8','prof_s09_supermarket_4ada189f8f103eb8','SUPER MARCHE SODIAL','super marche sodial supermarket grocery store retail shopping nigeria','place_nigeria_001','commerce',unixepoch(),unixepoch());
INSERT OR IGNORE INTO seed_ingestion_records (id,seed_run_id,entity_type,entity_id,source_id,status) VALUES ('ir_s09_supermarket_4ada189f8f103eb8','seed_run_s09_osm_supermarkets_20260502','organization','org_s09_supermarket_4ada189f8f103eb8','seed_source_osm_supermarkets_ng_20260502','ingested');
INSERT OR IGNORE INTO seed_entity_sources (id,seed_run_id,entity_type,entity_id,source_id,confidence_tier) VALUES ('es_s09_supermarket_4ada189f8f103eb8','seed_run_s09_osm_supermarkets_20260502','organization','org_s09_supermarket_4ada189f8f103eb8','seed_source_osm_supermarkets_ng_20260502','seeded');
INSERT OR IGNORE INTO seed_enrichment (id,seed_run_id,entity_type,entity_id,enrichment_type,enrichment_json) VALUES ('enr_s09_supermarket_4ada189f8f103eb8','seed_run_s09_osm_supermarkets_20260502','organization','org_s09_supermarket_4ada189f8f103eb8','licence_data','{"osm_id": "5943429090", "amenity": "supermarket", "addr_state": null, "operator": null, "brand": null}');

INSERT OR IGNORE INTO organizations (id,tenant_id,organization_type,legal_name,display_name,registration_number,status,verification_state,created_at,updated_at) VALUES ('org_s09_supermarket_0652d9a926faffff','tenant_platform_seed','retail_store','ETS A. NZIKO. SARL','ETS A. NZIKO. SARL',NULL,'active','seeded',unixepoch(),unixepoch());
INSERT OR IGNORE INTO profiles (id,subject_id,subject_type,primary_place_id,tenant_id,workspace_id,display_name,created_at,updated_at) VALUES ('prof_s09_supermarket_0652d9a926faffff','org_s09_supermarket_0652d9a926faffff','organization','place_nigeria_001','tenant_platform_seed','workspace_platform_seed_discovery','ETS A. NZIKO. SARL',unixepoch(),unixepoch());
INSERT OR IGNORE INTO search_entries (id,profile_id,display_name,keywords,ancestry_path,vertical,created_at,updated_at) VALUES ('se_s09_supermarket_0652d9a926faffff','prof_s09_supermarket_0652d9a926faffff','ETS A. NZIKO. SARL','ets a. nziko. sarl supermarket grocery store retail shopping nigeria','place_nigeria_001','commerce',unixepoch(),unixepoch());
INSERT OR IGNORE INTO seed_ingestion_records (id,seed_run_id,entity_type,entity_id,source_id,status) VALUES ('ir_s09_supermarket_0652d9a926faffff','seed_run_s09_osm_supermarkets_20260502','organization','org_s09_supermarket_0652d9a926faffff','seed_source_osm_supermarkets_ng_20260502','ingested');
INSERT OR IGNORE INTO seed_entity_sources (id,seed_run_id,entity_type,entity_id,source_id,confidence_tier) VALUES ('es_s09_supermarket_0652d9a926faffff','seed_run_s09_osm_supermarkets_20260502','organization','org_s09_supermarket_0652d9a926faffff','seed_source_osm_supermarkets_ng_20260502','seeded');
INSERT OR IGNORE INTO seed_enrichment (id,seed_run_id,entity_type,entity_id,enrichment_type,enrichment_json) VALUES ('enr_s09_supermarket_0652d9a926faffff','seed_run_s09_osm_supermarkets_20260502','organization','org_s09_supermarket_0652d9a926faffff','licence_data','{"osm_id": "5943429091", "amenity": "supermarket", "addr_state": null, "operator": null, "brand": null}');

INSERT OR IGNORE INTO organizations (id,tenant_id,organization_type,legal_name,display_name,registration_number,status,verification_state,created_at,updated_at) VALUES ('org_s09_supermarket_e8e4dd479e3144aa','tenant_platform_seed','retail_store','Société des porovenderies du cameroun','Société des porovenderies du cameroun',NULL,'active','seeded',unixepoch(),unixepoch());
INSERT OR IGNORE INTO profiles (id,subject_id,subject_type,primary_place_id,tenant_id,workspace_id,display_name,created_at,updated_at) VALUES ('prof_s09_supermarket_e8e4dd479e3144aa','org_s09_supermarket_e8e4dd479e3144aa','organization','place_nigeria_001','tenant_platform_seed','workspace_platform_seed_discovery','Société des porovenderies du cameroun',unixepoch(),unixepoch());
INSERT OR IGNORE INTO search_entries (id,profile_id,display_name,keywords,ancestry_path,vertical,created_at,updated_at) VALUES ('se_s09_supermarket_e8e4dd479e3144aa','prof_s09_supermarket_e8e4dd479e3144aa','Société des porovenderies du cameroun','société des porovenderies du cameroun supermarket grocery store retail shopping nigeria','place_nigeria_001','commerce',unixepoch(),unixepoch());
INSERT OR IGNORE INTO seed_ingestion_records (id,seed_run_id,entity_type,entity_id,source_id,status) VALUES ('ir_s09_supermarket_e8e4dd479e3144aa','seed_run_s09_osm_supermarkets_20260502','organization','org_s09_supermarket_e8e4dd479e3144aa','seed_source_osm_supermarkets_ng_20260502','ingested');
INSERT OR IGNORE INTO seed_entity_sources (id,seed_run_id,entity_type,entity_id,source_id,confidence_tier) VALUES ('es_s09_supermarket_e8e4dd479e3144aa','seed_run_s09_osm_supermarkets_20260502','organization','org_s09_supermarket_e8e4dd479e3144aa','seed_source_osm_supermarkets_ng_20260502','seeded');
INSERT OR IGNORE INTO seed_enrichment (id,seed_run_id,entity_type,entity_id,enrichment_type,enrichment_json) VALUES ('enr_s09_supermarket_e8e4dd479e3144aa','seed_run_s09_osm_supermarkets_20260502','organization','org_s09_supermarket_e8e4dd479e3144aa','licence_data','{"osm_id": "5943429092", "amenity": "supermarket", "addr_state": null, "operator": null, "brand": null}');

INSERT OR IGNORE INTO organizations (id,tenant_id,organization_type,legal_name,display_name,registration_number,status,verification_state,created_at,updated_at) VALUES ('org_s09_supermarket_0c06e4d288903310','tenant_platform_seed','retail_store','SOCIADAM SARL','SOCIADAM SARL',NULL,'active','seeded',unixepoch(),unixepoch());
INSERT OR IGNORE INTO profiles (id,subject_id,subject_type,primary_place_id,tenant_id,workspace_id,display_name,created_at,updated_at) VALUES ('prof_s09_supermarket_0c06e4d288903310','org_s09_supermarket_0c06e4d288903310','organization','place_nigeria_001','tenant_platform_seed','workspace_platform_seed_discovery','SOCIADAM SARL',unixepoch(),unixepoch());
INSERT OR IGNORE INTO search_entries (id,profile_id,display_name,keywords,ancestry_path,vertical,created_at,updated_at) VALUES ('se_s09_supermarket_0c06e4d288903310','prof_s09_supermarket_0c06e4d288903310','SOCIADAM SARL','sociadam sarl supermarket grocery store retail shopping nigeria','place_nigeria_001','commerce',unixepoch(),unixepoch());
INSERT OR IGNORE INTO seed_ingestion_records (id,seed_run_id,entity_type,entity_id,source_id,status) VALUES ('ir_s09_supermarket_0c06e4d288903310','seed_run_s09_osm_supermarkets_20260502','organization','org_s09_supermarket_0c06e4d288903310','seed_source_osm_supermarkets_ng_20260502','ingested');
INSERT OR IGNORE INTO seed_entity_sources (id,seed_run_id,entity_type,entity_id,source_id,confidence_tier) VALUES ('es_s09_supermarket_0c06e4d288903310','seed_run_s09_osm_supermarkets_20260502','organization','org_s09_supermarket_0c06e4d288903310','seed_source_osm_supermarkets_ng_20260502','seeded');
INSERT OR IGNORE INTO seed_enrichment (id,seed_run_id,entity_type,entity_id,enrichment_type,enrichment_json) VALUES ('enr_s09_supermarket_0c06e4d288903310','seed_run_s09_osm_supermarkets_20260502','organization','org_s09_supermarket_0c06e4d288903310','licence_data','{"osm_id": "5943429093", "amenity": "supermarket", "addr_state": null, "operator": null, "brand": null}');

INSERT OR IGNORE INTO organizations (id,tenant_id,organization_type,legal_name,display_name,registration_number,status,verification_state,created_at,updated_at) VALUES ('org_s09_supermarket_21147f5837950d65','tenant_platform_seed','retail_store','OUMAROU','OUMAROU',NULL,'active','seeded',unixepoch(),unixepoch());
INSERT OR IGNORE INTO profiles (id,subject_id,subject_type,primary_place_id,tenant_id,workspace_id,display_name,created_at,updated_at) VALUES ('prof_s09_supermarket_21147f5837950d65','org_s09_supermarket_21147f5837950d65','organization','place_nigeria_001','tenant_platform_seed','workspace_platform_seed_discovery','OUMAROU',unixepoch(),unixepoch());
INSERT OR IGNORE INTO search_entries (id,profile_id,display_name,keywords,ancestry_path,vertical,created_at,updated_at) VALUES ('se_s09_supermarket_21147f5837950d65','prof_s09_supermarket_21147f5837950d65','OUMAROU','oumarou supermarket grocery store retail shopping nigeria','place_nigeria_001','commerce',unixepoch(),unixepoch());
INSERT OR IGNORE INTO seed_ingestion_records (id,seed_run_id,entity_type,entity_id,source_id,status) VALUES ('ir_s09_supermarket_21147f5837950d65','seed_run_s09_osm_supermarkets_20260502','organization','org_s09_supermarket_21147f5837950d65','seed_source_osm_supermarkets_ng_20260502','ingested');
INSERT OR IGNORE INTO seed_entity_sources (id,seed_run_id,entity_type,entity_id,source_id,confidence_tier) VALUES ('es_s09_supermarket_21147f5837950d65','seed_run_s09_osm_supermarkets_20260502','organization','org_s09_supermarket_21147f5837950d65','seed_source_osm_supermarkets_ng_20260502','seeded');
INSERT OR IGNORE INTO seed_enrichment (id,seed_run_id,entity_type,entity_id,enrichment_type,enrichment_json) VALUES ('enr_s09_supermarket_21147f5837950d65','seed_run_s09_osm_supermarkets_20260502','organization','org_s09_supermarket_21147f5837950d65','licence_data','{"osm_id": "5943429094", "amenity": "supermarket", "addr_state": null, "operator": null, "brand": null}');

INSERT OR IGNORE INTO organizations (id,tenant_id,organization_type,legal_name,display_name,registration_number,status,verification_state,created_at,updated_at) VALUES ('org_s09_supermarket_416261cc06f7fee3','tenant_platform_seed','retail_store','SOULEYMANOU','SOULEYMANOU',NULL,'active','seeded',unixepoch(),unixepoch());
INSERT OR IGNORE INTO profiles (id,subject_id,subject_type,primary_place_id,tenant_id,workspace_id,display_name,created_at,updated_at) VALUES ('prof_s09_supermarket_416261cc06f7fee3','org_s09_supermarket_416261cc06f7fee3','organization','place_nigeria_001','tenant_platform_seed','workspace_platform_seed_discovery','SOULEYMANOU',unixepoch(),unixepoch());
INSERT OR IGNORE INTO search_entries (id,profile_id,display_name,keywords,ancestry_path,vertical,created_at,updated_at) VALUES ('se_s09_supermarket_416261cc06f7fee3','prof_s09_supermarket_416261cc06f7fee3','SOULEYMANOU','souleymanou supermarket grocery store retail shopping nigeria','place_nigeria_001','commerce',unixepoch(),unixepoch());
INSERT OR IGNORE INTO seed_ingestion_records (id,seed_run_id,entity_type,entity_id,source_id,status) VALUES ('ir_s09_supermarket_416261cc06f7fee3','seed_run_s09_osm_supermarkets_20260502','organization','org_s09_supermarket_416261cc06f7fee3','seed_source_osm_supermarkets_ng_20260502','ingested');
INSERT OR IGNORE INTO seed_entity_sources (id,seed_run_id,entity_type,entity_id,source_id,confidence_tier) VALUES ('es_s09_supermarket_416261cc06f7fee3','seed_run_s09_osm_supermarkets_20260502','organization','org_s09_supermarket_416261cc06f7fee3','seed_source_osm_supermarkets_ng_20260502','seeded');
INSERT OR IGNORE INTO seed_enrichment (id,seed_run_id,entity_type,entity_id,enrichment_type,enrichment_json) VALUES ('enr_s09_supermarket_416261cc06f7fee3','seed_run_s09_osm_supermarkets_20260502','organization','org_s09_supermarket_416261cc06f7fee3','licence_data','{"osm_id": "5943429095", "amenity": "supermarket", "addr_state": null, "operator": null, "brand": null}');

INSERT OR IGNORE INTO organizations (id,tenant_id,organization_type,legal_name,display_name,registration_number,status,verification_state,created_at,updated_at) VALUES ('org_s09_supermarket_b111b5bf111cbb9e','tenant_platform_seed','retail_store','Pain d''or','Pain d''or',NULL,'active','seeded',unixepoch(),unixepoch());
INSERT OR IGNORE INTO profiles (id,subject_id,subject_type,primary_place_id,tenant_id,workspace_id,display_name,created_at,updated_at) VALUES ('prof_s09_supermarket_b111b5bf111cbb9e','org_s09_supermarket_b111b5bf111cbb9e','organization','place_nigeria_001','tenant_platform_seed','workspace_platform_seed_discovery','Pain d''or',unixepoch(),unixepoch());
INSERT OR IGNORE INTO search_entries (id,profile_id,display_name,keywords,ancestry_path,vertical,created_at,updated_at) VALUES ('se_s09_supermarket_b111b5bf111cbb9e','prof_s09_supermarket_b111b5bf111cbb9e','Pain d''or','pain d''or supermarket grocery store retail shopping nigeria','place_nigeria_001','commerce',unixepoch(),unixepoch());
INSERT OR IGNORE INTO seed_ingestion_records (id,seed_run_id,entity_type,entity_id,source_id,status) VALUES ('ir_s09_supermarket_b111b5bf111cbb9e','seed_run_s09_osm_supermarkets_20260502','organization','org_s09_supermarket_b111b5bf111cbb9e','seed_source_osm_supermarkets_ng_20260502','ingested');
INSERT OR IGNORE INTO seed_entity_sources (id,seed_run_id,entity_type,entity_id,source_id,confidence_tier) VALUES ('es_s09_supermarket_b111b5bf111cbb9e','seed_run_s09_osm_supermarkets_20260502','organization','org_s09_supermarket_b111b5bf111cbb9e','seed_source_osm_supermarkets_ng_20260502','seeded');
INSERT OR IGNORE INTO seed_enrichment (id,seed_run_id,entity_type,entity_id,enrichment_type,enrichment_json) VALUES ('enr_s09_supermarket_b111b5bf111cbb9e','seed_run_s09_osm_supermarkets_20260502','organization','org_s09_supermarket_b111b5bf111cbb9e','licence_data','{"osm_id": "6555283701", "amenity": "supermarket", "addr_state": null, "operator": null, "brand": null}');

INSERT OR IGNORE INTO organizations (id,tenant_id,organization_type,legal_name,display_name,registration_number,status,verification_state,created_at,updated_at) VALUES ('org_s09_supermarket_4e33b5c65b7e7f1a','tenant_platform_seed','retail_store','CONGELCAM','CONGELCAM',NULL,'active','seeded',unixepoch(),unixepoch());
INSERT OR IGNORE INTO profiles (id,subject_id,subject_type,primary_place_id,tenant_id,workspace_id,display_name,created_at,updated_at) VALUES ('prof_s09_supermarket_4e33b5c65b7e7f1a','org_s09_supermarket_4e33b5c65b7e7f1a','organization','place_nigeria_001','tenant_platform_seed','workspace_platform_seed_discovery','CONGELCAM',unixepoch(),unixepoch());
INSERT OR IGNORE INTO search_entries (id,profile_id,display_name,keywords,ancestry_path,vertical,created_at,updated_at) VALUES ('se_s09_supermarket_4e33b5c65b7e7f1a','prof_s09_supermarket_4e33b5c65b7e7f1a','CONGELCAM','congelcam supermarket grocery store retail shopping nigeria','place_nigeria_001','commerce',unixepoch(),unixepoch());
INSERT OR IGNORE INTO seed_ingestion_records (id,seed_run_id,entity_type,entity_id,source_id,status) VALUES ('ir_s09_supermarket_4e33b5c65b7e7f1a','seed_run_s09_osm_supermarkets_20260502','organization','org_s09_supermarket_4e33b5c65b7e7f1a','seed_source_osm_supermarkets_ng_20260502','ingested');
INSERT OR IGNORE INTO seed_entity_sources (id,seed_run_id,entity_type,entity_id,source_id,confidence_tier) VALUES ('es_s09_supermarket_4e33b5c65b7e7f1a','seed_run_s09_osm_supermarkets_20260502','organization','org_s09_supermarket_4e33b5c65b7e7f1a','seed_source_osm_supermarkets_ng_20260502','seeded');
INSERT OR IGNORE INTO seed_enrichment (id,seed_run_id,entity_type,entity_id,enrichment_type,enrichment_json) VALUES ('enr_s09_supermarket_4e33b5c65b7e7f1a','seed_run_s09_osm_supermarkets_20260502','organization','org_s09_supermarket_4e33b5c65b7e7f1a','licence_data','{"osm_id": "8390614026", "amenity": "supermarket", "addr_state": null, "operator": null, "brand": null}');

INSERT OR IGNORE INTO organizations (id,tenant_id,organization_type,legal_name,display_name,registration_number,status,verification_state,created_at,updated_at) VALUES ('org_s09_supermarket_730aad1ff5e0bfe5','tenant_platform_seed','retail_store','Benakuma local Market','Benakuma local Market',NULL,'active','seeded',unixepoch(),unixepoch());
INSERT OR IGNORE INTO profiles (id,subject_id,subject_type,primary_place_id,tenant_id,workspace_id,display_name,created_at,updated_at) VALUES ('prof_s09_supermarket_730aad1ff5e0bfe5','org_s09_supermarket_730aad1ff5e0bfe5','organization','place_nigeria_001','tenant_platform_seed','workspace_platform_seed_discovery','Benakuma local Market',unixepoch(),unixepoch());
INSERT OR IGNORE INTO search_entries (id,profile_id,display_name,keywords,ancestry_path,vertical,created_at,updated_at) VALUES ('se_s09_supermarket_730aad1ff5e0bfe5','prof_s09_supermarket_730aad1ff5e0bfe5','Benakuma local Market','benakuma local market supermarket grocery store retail shopping nigeria','place_nigeria_001','commerce',unixepoch(),unixepoch());
INSERT OR IGNORE INTO seed_ingestion_records (id,seed_run_id,entity_type,entity_id,source_id,status) VALUES ('ir_s09_supermarket_730aad1ff5e0bfe5','seed_run_s09_osm_supermarkets_20260502','organization','org_s09_supermarket_730aad1ff5e0bfe5','seed_source_osm_supermarkets_ng_20260502','ingested');
INSERT OR IGNORE INTO seed_entity_sources (id,seed_run_id,entity_type,entity_id,source_id,confidence_tier) VALUES ('es_s09_supermarket_730aad1ff5e0bfe5','seed_run_s09_osm_supermarkets_20260502','organization','org_s09_supermarket_730aad1ff5e0bfe5','seed_source_osm_supermarkets_ng_20260502','seeded');
INSERT OR IGNORE INTO seed_enrichment (id,seed_run_id,entity_type,entity_id,enrichment_type,enrichment_json) VALUES ('enr_s09_supermarket_730aad1ff5e0bfe5','seed_run_s09_osm_supermarkets_20260502','organization','org_s09_supermarket_730aad1ff5e0bfe5','licence_data','{"osm_id": "9993035533", "amenity": "supermarket", "addr_state": null, "operator": null, "brand": null}');

INSERT OR IGNORE INTO organizations (id,tenant_id,organization_type,legal_name,display_name,registration_number,status,verification_state,created_at,updated_at) VALUES ('org_s09_supermarket_003709ec9cfaa88a','tenant_platform_seed','retail_store','Supermarché Yatch Center','Supermarché Yatch Center',NULL,'active','seeded',unixepoch(),unixepoch());
INSERT OR IGNORE INTO profiles (id,subject_id,subject_type,primary_place_id,tenant_id,workspace_id,display_name,created_at,updated_at) VALUES ('prof_s09_supermarket_003709ec9cfaa88a','org_s09_supermarket_003709ec9cfaa88a','organization','place_nigeria_001','tenant_platform_seed','workspace_platform_seed_discovery','Supermarché Yatch Center',unixepoch(),unixepoch());
INSERT OR IGNORE INTO search_entries (id,profile_id,display_name,keywords,ancestry_path,vertical,created_at,updated_at) VALUES ('se_s09_supermarket_003709ec9cfaa88a','prof_s09_supermarket_003709ec9cfaa88a','Supermarché Yatch Center','supermarché yatch center supermarket grocery store retail shopping nigeria','place_nigeria_001','commerce',unixepoch(),unixepoch());
INSERT OR IGNORE INTO seed_ingestion_records (id,seed_run_id,entity_type,entity_id,source_id,status) VALUES ('ir_s09_supermarket_003709ec9cfaa88a','seed_run_s09_osm_supermarkets_20260502','organization','org_s09_supermarket_003709ec9cfaa88a','seed_source_osm_supermarkets_ng_20260502','ingested');
INSERT OR IGNORE INTO seed_entity_sources (id,seed_run_id,entity_type,entity_id,source_id,confidence_tier) VALUES ('es_s09_supermarket_003709ec9cfaa88a','seed_run_s09_osm_supermarkets_20260502','organization','org_s09_supermarket_003709ec9cfaa88a','seed_source_osm_supermarkets_ng_20260502','seeded');
INSERT OR IGNORE INTO seed_enrichment (id,seed_run_id,entity_type,entity_id,enrichment_type,enrichment_json) VALUES ('enr_s09_supermarket_003709ec9cfaa88a','seed_run_s09_osm_supermarkets_20260502','organization','org_s09_supermarket_003709ec9cfaa88a','licence_data','{"osm_id": "10790775006", "amenity": "supermarket", "addr_state": null, "operator": null, "brand": null}');

INSERT OR IGNORE INTO organizations (id,tenant_id,organization_type,legal_name,display_name,registration_number,status,verification_state,created_at,updated_at) VALUES ('org_s09_supermarket_6e40b94c7065b684','tenant_platform_seed','retail_store','IKILIWINDI MAIN MARKET','IKILIWINDI MAIN MARKET',NULL,'active','seeded',unixepoch(),unixepoch());
INSERT OR IGNORE INTO profiles (id,subject_id,subject_type,primary_place_id,tenant_id,workspace_id,display_name,created_at,updated_at) VALUES ('prof_s09_supermarket_6e40b94c7065b684','org_s09_supermarket_6e40b94c7065b684','organization','place_nigeria_001','tenant_platform_seed','workspace_platform_seed_discovery','IKILIWINDI MAIN MARKET',unixepoch(),unixepoch());
INSERT OR IGNORE INTO search_entries (id,profile_id,display_name,keywords,ancestry_path,vertical,created_at,updated_at) VALUES ('se_s09_supermarket_6e40b94c7065b684','prof_s09_supermarket_6e40b94c7065b684','IKILIWINDI MAIN MARKET','ikiliwindi main market supermarket grocery store retail shopping nigeria','place_nigeria_001','commerce',unixepoch(),unixepoch());
INSERT OR IGNORE INTO seed_ingestion_records (id,seed_run_id,entity_type,entity_id,source_id,status) VALUES ('ir_s09_supermarket_6e40b94c7065b684','seed_run_s09_osm_supermarkets_20260502','organization','org_s09_supermarket_6e40b94c7065b684','seed_source_osm_supermarkets_ng_20260502','ingested');
INSERT OR IGNORE INTO seed_entity_sources (id,seed_run_id,entity_type,entity_id,source_id,confidence_tier) VALUES ('es_s09_supermarket_6e40b94c7065b684','seed_run_s09_osm_supermarkets_20260502','organization','org_s09_supermarket_6e40b94c7065b684','seed_source_osm_supermarkets_ng_20260502','seeded');
INSERT OR IGNORE INTO seed_enrichment (id,seed_run_id,entity_type,entity_id,enrichment_type,enrichment_json) VALUES ('enr_s09_supermarket_6e40b94c7065b684','seed_run_s09_osm_supermarkets_20260502','organization','org_s09_supermarket_6e40b94c7065b684','licence_data','{"osm_id": "11340973769", "amenity": "supermarket", "addr_state": null, "operator": null, "brand": null}');

INSERT OR IGNORE INTO organizations (id,tenant_id,organization_type,legal_name,display_name,registration_number,status,verification_state,created_at,updated_at) VALUES ('org_s09_supermarket_c3be5379ed771422','tenant_platform_seed','retail_store','Marché de Kombou','Marché de Kombou',NULL,'active','seeded',unixepoch(),unixepoch());
INSERT OR IGNORE INTO profiles (id,subject_id,subject_type,primary_place_id,tenant_id,workspace_id,display_name,created_at,updated_at) VALUES ('prof_s09_supermarket_c3be5379ed771422','org_s09_supermarket_c3be5379ed771422','organization','place_nigeria_001','tenant_platform_seed','workspace_platform_seed_discovery','Marché de Kombou',unixepoch(),unixepoch());
INSERT OR IGNORE INTO search_entries (id,profile_id,display_name,keywords,ancestry_path,vertical,created_at,updated_at) VALUES ('se_s09_supermarket_c3be5379ed771422','prof_s09_supermarket_c3be5379ed771422','Marché de Kombou','marché de kombou supermarket grocery store retail shopping nigeria','place_nigeria_001','commerce',unixepoch(),unixepoch());
INSERT OR IGNORE INTO seed_ingestion_records (id,seed_run_id,entity_type,entity_id,source_id,status) VALUES ('ir_s09_supermarket_c3be5379ed771422','seed_run_s09_osm_supermarkets_20260502','organization','org_s09_supermarket_c3be5379ed771422','seed_source_osm_supermarkets_ng_20260502','ingested');
INSERT OR IGNORE INTO seed_entity_sources (id,seed_run_id,entity_type,entity_id,source_id,confidence_tier) VALUES ('es_s09_supermarket_c3be5379ed771422','seed_run_s09_osm_supermarkets_20260502','organization','org_s09_supermarket_c3be5379ed771422','seed_source_osm_supermarkets_ng_20260502','seeded');
INSERT OR IGNORE INTO seed_enrichment (id,seed_run_id,entity_type,entity_id,enrichment_type,enrichment_json) VALUES ('enr_s09_supermarket_c3be5379ed771422','seed_run_s09_osm_supermarkets_20260502','organization','org_s09_supermarket_c3be5379ed771422','licence_data','{"osm_id": "11386920970", "amenity": "supermarket", "addr_state": null, "operator": null, "brand": null}');

INSERT OR IGNORE INTO organizations (id,tenant_id,organization_type,legal_name,display_name,registration_number,status,verification_state,created_at,updated_at) VALUES ('org_s09_supermarket_579044286913ff5e','tenant_platform_seed','retail_store','Alpha Emmanuel''s shop','Alpha Emmanuel''s shop',NULL,'active','seeded',unixepoch(),unixepoch());
INSERT OR IGNORE INTO profiles (id,subject_id,subject_type,primary_place_id,tenant_id,workspace_id,display_name,created_at,updated_at) VALUES ('prof_s09_supermarket_579044286913ff5e','org_s09_supermarket_579044286913ff5e','organization','place_nigeria_001','tenant_platform_seed','workspace_platform_seed_discovery','Alpha Emmanuel''s shop',unixepoch(),unixepoch());
INSERT OR IGNORE INTO search_entries (id,profile_id,display_name,keywords,ancestry_path,vertical,created_at,updated_at) VALUES ('se_s09_supermarket_579044286913ff5e','prof_s09_supermarket_579044286913ff5e','Alpha Emmanuel''s shop','alpha emmanuel''s shop supermarket grocery store retail shopping nigeria','place_nigeria_001','commerce',unixepoch(),unixepoch());
INSERT OR IGNORE INTO seed_ingestion_records (id,seed_run_id,entity_type,entity_id,source_id,status) VALUES ('ir_s09_supermarket_579044286913ff5e','seed_run_s09_osm_supermarkets_20260502','organization','org_s09_supermarket_579044286913ff5e','seed_source_osm_supermarkets_ng_20260502','ingested');
INSERT OR IGNORE INTO seed_entity_sources (id,seed_run_id,entity_type,entity_id,source_id,confidence_tier) VALUES ('es_s09_supermarket_579044286913ff5e','seed_run_s09_osm_supermarkets_20260502','organization','org_s09_supermarket_579044286913ff5e','seed_source_osm_supermarkets_ng_20260502','seeded');
INSERT OR IGNORE INTO seed_enrichment (id,seed_run_id,entity_type,entity_id,enrichment_type,enrichment_json) VALUES ('enr_s09_supermarket_579044286913ff5e','seed_run_s09_osm_supermarkets_20260502','organization','org_s09_supermarket_579044286913ff5e','licence_data','{"osm_id": "13586368601", "amenity": "grocery", "addr_state": null, "operator": null, "brand": null}');

INSERT OR IGNORE INTO organizations (id,tenant_id,organization_type,legal_name,display_name,registration_number,status,verification_state,created_at,updated_at) VALUES ('org_s09_supermarket_dfe4f9a06768818d','tenant_platform_seed','retail_store','Ets NZIKO','Ets NZIKO',NULL,'active','seeded',unixepoch(),unixepoch());
INSERT OR IGNORE INTO profiles (id,subject_id,subject_type,primary_place_id,tenant_id,workspace_id,display_name,created_at,updated_at) VALUES ('prof_s09_supermarket_dfe4f9a06768818d','org_s09_supermarket_dfe4f9a06768818d','organization','place_nigeria_001','tenant_platform_seed','workspace_platform_seed_discovery','Ets NZIKO',unixepoch(),unixepoch());
INSERT OR IGNORE INTO search_entries (id,profile_id,display_name,keywords,ancestry_path,vertical,created_at,updated_at) VALUES ('se_s09_supermarket_dfe4f9a06768818d','prof_s09_supermarket_dfe4f9a06768818d','Ets NZIKO','ets nziko supermarket grocery store retail shopping nigeria','place_nigeria_001','commerce',unixepoch(),unixepoch());
INSERT OR IGNORE INTO seed_ingestion_records (id,seed_run_id,entity_type,entity_id,source_id,status) VALUES ('ir_s09_supermarket_dfe4f9a06768818d','seed_run_s09_osm_supermarkets_20260502','organization','org_s09_supermarket_dfe4f9a06768818d','seed_source_osm_supermarkets_ng_20260502','ingested');
INSERT OR IGNORE INTO seed_entity_sources (id,seed_run_id,entity_type,entity_id,source_id,confidence_tier) VALUES ('es_s09_supermarket_dfe4f9a06768818d','seed_run_s09_osm_supermarkets_20260502','organization','org_s09_supermarket_dfe4f9a06768818d','seed_source_osm_supermarkets_ng_20260502','seeded');
INSERT OR IGNORE INTO seed_enrichment (id,seed_run_id,entity_type,entity_id,enrichment_type,enrichment_json) VALUES ('enr_s09_supermarket_dfe4f9a06768818d','seed_run_s09_osm_supermarkets_20260502','organization','org_s09_supermarket_dfe4f9a06768818d','licence_data','{"osm_id": "219927965", "amenity": "supermarket", "addr_state": null, "operator": null, "brand": null}');

INSERT OR IGNORE INTO organizations (id,tenant_id,organization_type,legal_name,display_name,registration_number,status,verification_state,created_at,updated_at) VALUES ('org_s09_supermarket_c5dc28683d71c956','tenant_platform_seed','retail_store','BB Center','BB Center',NULL,'active','seeded',unixepoch(),unixepoch());
INSERT OR IGNORE INTO profiles (id,subject_id,subject_type,primary_place_id,tenant_id,workspace_id,display_name,created_at,updated_at) VALUES ('prof_s09_supermarket_c5dc28683d71c956','org_s09_supermarket_c5dc28683d71c956','organization','place_nigeria_001','tenant_platform_seed','workspace_platform_seed_discovery','BB Center',unixepoch(),unixepoch());
INSERT OR IGNORE INTO search_entries (id,profile_id,display_name,keywords,ancestry_path,vertical,created_at,updated_at) VALUES ('se_s09_supermarket_c5dc28683d71c956','prof_s09_supermarket_c5dc28683d71c956','BB Center','bb center supermarket grocery store retail shopping nigeria','place_nigeria_001','commerce',unixepoch(),unixepoch());
INSERT OR IGNORE INTO seed_ingestion_records (id,seed_run_id,entity_type,entity_id,source_id,status) VALUES ('ir_s09_supermarket_c5dc28683d71c956','seed_run_s09_osm_supermarkets_20260502','organization','org_s09_supermarket_c5dc28683d71c956','seed_source_osm_supermarkets_ng_20260502','ingested');
INSERT OR IGNORE INTO seed_entity_sources (id,seed_run_id,entity_type,entity_id,source_id,confidence_tier) VALUES ('es_s09_supermarket_c5dc28683d71c956','seed_run_s09_osm_supermarkets_20260502','organization','org_s09_supermarket_c5dc28683d71c956','seed_source_osm_supermarkets_ng_20260502','seeded');
INSERT OR IGNORE INTO seed_enrichment (id,seed_run_id,entity_type,entity_id,enrichment_type,enrichment_json) VALUES ('enr_s09_supermarket_c5dc28683d71c956','seed_run_s09_osm_supermarkets_20260502','organization','org_s09_supermarket_c5dc28683d71c956','licence_data','{"osm_id": "268625768", "amenity": "supermarket", "addr_state": null, "operator": null, "brand": null}');

INSERT OR IGNORE INTO organizations (id,tenant_id,organization_type,legal_name,display_name,registration_number,status,verification_state,created_at,updated_at) VALUES ('org_s09_supermarket_a02679002bd5451e','tenant_platform_seed','retail_store','Super Marché Milan Minsi','Super Marché Milan Minsi',NULL,'active','seeded',unixepoch(),unixepoch());
INSERT OR IGNORE INTO profiles (id,subject_id,subject_type,primary_place_id,tenant_id,workspace_id,display_name,created_at,updated_at) VALUES ('prof_s09_supermarket_a02679002bd5451e','org_s09_supermarket_a02679002bd5451e','organization','place_nigeria_001','tenant_platform_seed','workspace_platform_seed_discovery','Super Marché Milan Minsi',unixepoch(),unixepoch());
INSERT OR IGNORE INTO search_entries (id,profile_id,display_name,keywords,ancestry_path,vertical,created_at,updated_at) VALUES ('se_s09_supermarket_a02679002bd5451e','prof_s09_supermarket_a02679002bd5451e','Super Marché Milan Minsi','super marché milan minsi supermarket grocery store retail shopping nigeria','place_nigeria_001','commerce',unixepoch(),unixepoch());
INSERT OR IGNORE INTO seed_ingestion_records (id,seed_run_id,entity_type,entity_id,source_id,status) VALUES ('ir_s09_supermarket_a02679002bd5451e','seed_run_s09_osm_supermarkets_20260502','organization','org_s09_supermarket_a02679002bd5451e','seed_source_osm_supermarkets_ng_20260502','ingested');
INSERT OR IGNORE INTO seed_entity_sources (id,seed_run_id,entity_type,entity_id,source_id,confidence_tier) VALUES ('es_s09_supermarket_a02679002bd5451e','seed_run_s09_osm_supermarkets_20260502','organization','org_s09_supermarket_a02679002bd5451e','seed_source_osm_supermarkets_ng_20260502','seeded');
INSERT OR IGNORE INTO seed_enrichment (id,seed_run_id,entity_type,entity_id,enrichment_type,enrichment_json) VALUES ('enr_s09_supermarket_a02679002bd5451e','seed_run_s09_osm_supermarkets_20260502','organization','org_s09_supermarket_a02679002bd5451e','licence_data','{"osm_id": "324996416", "amenity": "supermarket", "addr_state": null, "operator": null, "brand": null}');

INSERT OR IGNORE INTO organizations (id,tenant_id,organization_type,legal_name,display_name,registration_number,status,verification_state,created_at,updated_at) VALUES ('org_s09_supermarket_bcd071e1cdd0d2a5','tenant_platform_seed','retail_store','Centre commercial','Centre commercial',NULL,'active','seeded',unixepoch(),unixepoch());
INSERT OR IGNORE INTO profiles (id,subject_id,subject_type,primary_place_id,tenant_id,workspace_id,display_name,created_at,updated_at) VALUES ('prof_s09_supermarket_bcd071e1cdd0d2a5','org_s09_supermarket_bcd071e1cdd0d2a5','organization','place_nigeria_001','tenant_platform_seed','workspace_platform_seed_discovery','Centre commercial',unixepoch(),unixepoch());
INSERT OR IGNORE INTO search_entries (id,profile_id,display_name,keywords,ancestry_path,vertical,created_at,updated_at) VALUES ('se_s09_supermarket_bcd071e1cdd0d2a5','prof_s09_supermarket_bcd071e1cdd0d2a5','Centre commercial','centre commercial supermarket grocery store retail shopping nigeria','place_nigeria_001','commerce',unixepoch(),unixepoch());
INSERT OR IGNORE INTO seed_ingestion_records (id,seed_run_id,entity_type,entity_id,source_id,status) VALUES ('ir_s09_supermarket_bcd071e1cdd0d2a5','seed_run_s09_osm_supermarkets_20260502','organization','org_s09_supermarket_bcd071e1cdd0d2a5','seed_source_osm_supermarkets_ng_20260502','ingested');
INSERT OR IGNORE INTO seed_entity_sources (id,seed_run_id,entity_type,entity_id,source_id,confidence_tier) VALUES ('es_s09_supermarket_bcd071e1cdd0d2a5','seed_run_s09_osm_supermarkets_20260502','organization','org_s09_supermarket_bcd071e1cdd0d2a5','seed_source_osm_supermarkets_ng_20260502','seeded');
INSERT OR IGNORE INTO seed_enrichment (id,seed_run_id,entity_type,entity_id,enrichment_type,enrichment_json) VALUES ('enr_s09_supermarket_bcd071e1cdd0d2a5','seed_run_s09_osm_supermarkets_20260502','organization','org_s09_supermarket_bcd071e1cdd0d2a5','licence_data','{"osm_id": "354325762", "amenity": "mall", "addr_state": null, "operator": null, "brand": null}');

INSERT OR IGNORE INTO organizations (id,tenant_id,organization_type,legal_name,display_name,registration_number,status,verification_state,created_at,updated_at) VALUES ('org_s09_supermarket_4136012a3b58dffa','tenant_platform_seed','retail_store','Ets Ndongo Essomba','Ets Ndongo Essomba',NULL,'active','seeded',unixepoch(),unixepoch());
INSERT OR IGNORE INTO profiles (id,subject_id,subject_type,primary_place_id,tenant_id,workspace_id,display_name,created_at,updated_at) VALUES ('prof_s09_supermarket_4136012a3b58dffa','org_s09_supermarket_4136012a3b58dffa','organization','place_nigeria_001','tenant_platform_seed','workspace_platform_seed_discovery','Ets Ndongo Essomba',unixepoch(),unixepoch());
INSERT OR IGNORE INTO search_entries (id,profile_id,display_name,keywords,ancestry_path,vertical,created_at,updated_at) VALUES ('se_s09_supermarket_4136012a3b58dffa','prof_s09_supermarket_4136012a3b58dffa','Ets Ndongo Essomba','ets ndongo essomba supermarket grocery store retail shopping nigeria','place_nigeria_001','commerce',unixepoch(),unixepoch());
INSERT OR IGNORE INTO seed_ingestion_records (id,seed_run_id,entity_type,entity_id,source_id,status) VALUES ('ir_s09_supermarket_4136012a3b58dffa','seed_run_s09_osm_supermarkets_20260502','organization','org_s09_supermarket_4136012a3b58dffa','seed_source_osm_supermarkets_ng_20260502','ingested');
INSERT OR IGNORE INTO seed_entity_sources (id,seed_run_id,entity_type,entity_id,source_id,confidence_tier) VALUES ('es_s09_supermarket_4136012a3b58dffa','seed_run_s09_osm_supermarkets_20260502','organization','org_s09_supermarket_4136012a3b58dffa','seed_source_osm_supermarkets_ng_20260502','seeded');
INSERT OR IGNORE INTO seed_enrichment (id,seed_run_id,entity_type,entity_id,enrichment_type,enrichment_json) VALUES ('enr_s09_supermarket_4136012a3b58dffa','seed_run_s09_osm_supermarkets_20260502','organization','org_s09_supermarket_4136012a3b58dffa','licence_data','{"osm_id": "354882433", "amenity": "mall", "addr_state": null, "operator": null, "brand": null}');

INSERT OR IGNORE INTO organizations (id,tenant_id,organization_type,legal_name,display_name,registration_number,status,verification_state,created_at,updated_at) VALUES ('org_s09_supermarket_0d104d9eb338571b','tenant_platform_seed','retail_store','Complexe commercial de Sa''a','Complexe commercial de Sa''a',NULL,'active','seeded',unixepoch(),unixepoch());
INSERT OR IGNORE INTO profiles (id,subject_id,subject_type,primary_place_id,tenant_id,workspace_id,display_name,created_at,updated_at) VALUES ('prof_s09_supermarket_0d104d9eb338571b','org_s09_supermarket_0d104d9eb338571b','organization','place_nigeria_001','tenant_platform_seed','workspace_platform_seed_discovery','Complexe commercial de Sa''a',unixepoch(),unixepoch());
INSERT OR IGNORE INTO search_entries (id,profile_id,display_name,keywords,ancestry_path,vertical,created_at,updated_at) VALUES ('se_s09_supermarket_0d104d9eb338571b','prof_s09_supermarket_0d104d9eb338571b','Complexe commercial de Sa''a','complexe commercial de sa''a supermarket grocery store retail shopping nigeria','place_nigeria_001','commerce',unixepoch(),unixepoch());
INSERT OR IGNORE INTO seed_ingestion_records (id,seed_run_id,entity_type,entity_id,source_id,status) VALUES ('ir_s09_supermarket_0d104d9eb338571b','seed_run_s09_osm_supermarkets_20260502','organization','org_s09_supermarket_0d104d9eb338571b','seed_source_osm_supermarkets_ng_20260502','ingested');
INSERT OR IGNORE INTO seed_entity_sources (id,seed_run_id,entity_type,entity_id,source_id,confidence_tier) VALUES ('es_s09_supermarket_0d104d9eb338571b','seed_run_s09_osm_supermarkets_20260502','organization','org_s09_supermarket_0d104d9eb338571b','seed_source_osm_supermarkets_ng_20260502','seeded');
INSERT OR IGNORE INTO seed_enrichment (id,seed_run_id,entity_type,entity_id,enrichment_type,enrichment_json) VALUES ('enr_s09_supermarket_0d104d9eb338571b','seed_run_s09_osm_supermarkets_20260502','organization','org_s09_supermarket_0d104d9eb338571b','licence_data','{"osm_id": "355768240", "amenity": "commercial", "addr_state": null, "operator": null, "brand": null}');

INSERT OR IGNORE INTO organizations (id,tenant_id,organization_type,legal_name,display_name,registration_number,status,verification_state,created_at,updated_at) VALUES ('org_s09_supermarket_fa9382bdb9708568','tenant_platform_seed','retail_store','Le Point Plus','Le Point Plus',NULL,'active','seeded',unixepoch(),unixepoch());
INSERT OR IGNORE INTO profiles (id,subject_id,subject_type,primary_place_id,tenant_id,workspace_id,display_name,created_at,updated_at) VALUES ('prof_s09_supermarket_fa9382bdb9708568','org_s09_supermarket_fa9382bdb9708568','organization','place_nigeria_001','tenant_platform_seed','workspace_platform_seed_discovery','Le Point Plus',unixepoch(),unixepoch());
INSERT OR IGNORE INTO search_entries (id,profile_id,display_name,keywords,ancestry_path,vertical,created_at,updated_at) VALUES ('se_s09_supermarket_fa9382bdb9708568','prof_s09_supermarket_fa9382bdb9708568','Le Point Plus','le point plus supermarket grocery store retail shopping nigeria','place_nigeria_001','commerce',unixepoch(),unixepoch());
INSERT OR IGNORE INTO seed_ingestion_records (id,seed_run_id,entity_type,entity_id,source_id,status) VALUES ('ir_s09_supermarket_fa9382bdb9708568','seed_run_s09_osm_supermarkets_20260502','organization','org_s09_supermarket_fa9382bdb9708568','seed_source_osm_supermarkets_ng_20260502','ingested');
INSERT OR IGNORE INTO seed_entity_sources (id,seed_run_id,entity_type,entity_id,source_id,confidence_tier) VALUES ('es_s09_supermarket_fa9382bdb9708568','seed_run_s09_osm_supermarkets_20260502','organization','org_s09_supermarket_fa9382bdb9708568','seed_source_osm_supermarkets_ng_20260502','seeded');
INSERT OR IGNORE INTO seed_enrichment (id,seed_run_id,entity_type,entity_id,enrichment_type,enrichment_json) VALUES ('enr_s09_supermarket_fa9382bdb9708568','seed_run_s09_osm_supermarkets_20260502','organization','org_s09_supermarket_fa9382bdb9708568','licence_data','{"osm_id": "372730743", "amenity": "supermarket", "addr_state": null, "operator": null, "brand": null}');

INSERT OR IGNORE INTO organizations (id,tenant_id,organization_type,legal_name,display_name,registration_number,status,verification_state,created_at,updated_at) VALUES ('org_s09_supermarket_5780d7f9bb1da048','tenant_platform_seed','retail_store','Le Repère','Le Repère',NULL,'active','seeded',unixepoch(),unixepoch());
INSERT OR IGNORE INTO profiles (id,subject_id,subject_type,primary_place_id,tenant_id,workspace_id,display_name,created_at,updated_at) VALUES ('prof_s09_supermarket_5780d7f9bb1da048','org_s09_supermarket_5780d7f9bb1da048','organization','place_nigeria_001','tenant_platform_seed','workspace_platform_seed_discovery','Le Repère',unixepoch(),unixepoch());
INSERT OR IGNORE INTO search_entries (id,profile_id,display_name,keywords,ancestry_path,vertical,created_at,updated_at) VALUES ('se_s09_supermarket_5780d7f9bb1da048','prof_s09_supermarket_5780d7f9bb1da048','Le Repère','le repère supermarket grocery store retail shopping nigeria','place_nigeria_001','commerce',unixepoch(),unixepoch());
INSERT OR IGNORE INTO seed_ingestion_records (id,seed_run_id,entity_type,entity_id,source_id,status) VALUES ('ir_s09_supermarket_5780d7f9bb1da048','seed_run_s09_osm_supermarkets_20260502','organization','org_s09_supermarket_5780d7f9bb1da048','seed_source_osm_supermarkets_ng_20260502','ingested');
INSERT OR IGNORE INTO seed_entity_sources (id,seed_run_id,entity_type,entity_id,source_id,confidence_tier) VALUES ('es_s09_supermarket_5780d7f9bb1da048','seed_run_s09_osm_supermarkets_20260502','organization','org_s09_supermarket_5780d7f9bb1da048','seed_source_osm_supermarkets_ng_20260502','seeded');
INSERT OR IGNORE INTO seed_enrichment (id,seed_run_id,entity_type,entity_id,enrichment_type,enrichment_json) VALUES ('enr_s09_supermarket_5780d7f9bb1da048','seed_run_s09_osm_supermarkets_20260502','organization','org_s09_supermarket_5780d7f9bb1da048','licence_data','{"osm_id": "372967005", "amenity": "supermarket", "addr_state": null, "operator": null, "brand": null}');

INSERT OR IGNORE INTO organizations (id,tenant_id,organization_type,legal_name,display_name,registration_number,status,verification_state,created_at,updated_at) VALUES ('org_s09_supermarket_2e3f07b6cbd96ee4','tenant_platform_seed','retail_store','Sim Delice','Sim Delice',NULL,'active','seeded',unixepoch(),unixepoch());
INSERT OR IGNORE INTO profiles (id,subject_id,subject_type,primary_place_id,tenant_id,workspace_id,display_name,created_at,updated_at) VALUES ('prof_s09_supermarket_2e3f07b6cbd96ee4','org_s09_supermarket_2e3f07b6cbd96ee4','organization','place_nigeria_001','tenant_platform_seed','workspace_platform_seed_discovery','Sim Delice',unixepoch(),unixepoch());
INSERT OR IGNORE INTO search_entries (id,profile_id,display_name,keywords,ancestry_path,vertical,created_at,updated_at) VALUES ('se_s09_supermarket_2e3f07b6cbd96ee4','prof_s09_supermarket_2e3f07b6cbd96ee4','Sim Delice','sim delice supermarket grocery store retail shopping nigeria','place_nigeria_001','commerce',unixepoch(),unixepoch());
INSERT OR IGNORE INTO seed_ingestion_records (id,seed_run_id,entity_type,entity_id,source_id,status) VALUES ('ir_s09_supermarket_2e3f07b6cbd96ee4','seed_run_s09_osm_supermarkets_20260502','organization','org_s09_supermarket_2e3f07b6cbd96ee4','seed_source_osm_supermarkets_ng_20260502','ingested');
INSERT OR IGNORE INTO seed_entity_sources (id,seed_run_id,entity_type,entity_id,source_id,confidence_tier) VALUES ('es_s09_supermarket_2e3f07b6cbd96ee4','seed_run_s09_osm_supermarkets_20260502','organization','org_s09_supermarket_2e3f07b6cbd96ee4','seed_source_osm_supermarkets_ng_20260502','seeded');
INSERT OR IGNORE INTO seed_enrichment (id,seed_run_id,entity_type,entity_id,enrichment_type,enrichment_json) VALUES ('enr_s09_supermarket_2e3f07b6cbd96ee4','seed_run_s09_osm_supermarkets_20260502','organization','org_s09_supermarket_2e3f07b6cbd96ee4','licence_data','{"osm_id": "373246757", "amenity": "supermarket", "addr_state": null, "operator": null, "brand": null}');

INSERT OR IGNORE INTO organizations (id,tenant_id,organization_type,legal_name,display_name,registration_number,status,verification_state,created_at,updated_at) VALUES ('org_s09_supermarket_6499acbf5981203d','tenant_platform_seed','retail_store','Centre Commercial Tchuente','Centre Commercial Tchuente',NULL,'active','seeded',unixepoch(),unixepoch());
INSERT OR IGNORE INTO profiles (id,subject_id,subject_type,primary_place_id,tenant_id,workspace_id,display_name,created_at,updated_at) VALUES ('prof_s09_supermarket_6499acbf5981203d','org_s09_supermarket_6499acbf5981203d','organization','place_nigeria_001','tenant_platform_seed','workspace_platform_seed_discovery','Centre Commercial Tchuente',unixepoch(),unixepoch());
INSERT OR IGNORE INTO search_entries (id,profile_id,display_name,keywords,ancestry_path,vertical,created_at,updated_at) VALUES ('se_s09_supermarket_6499acbf5981203d','prof_s09_supermarket_6499acbf5981203d','Centre Commercial Tchuente','centre commercial tchuente supermarket grocery store retail shopping nigeria','place_nigeria_001','commerce',unixepoch(),unixepoch());
INSERT OR IGNORE INTO seed_ingestion_records (id,seed_run_id,entity_type,entity_id,source_id,status) VALUES ('ir_s09_supermarket_6499acbf5981203d','seed_run_s09_osm_supermarkets_20260502','organization','org_s09_supermarket_6499acbf5981203d','seed_source_osm_supermarkets_ng_20260502','ingested');
INSERT OR IGNORE INTO seed_entity_sources (id,seed_run_id,entity_type,entity_id,source_id,confidence_tier) VALUES ('es_s09_supermarket_6499acbf5981203d','seed_run_s09_osm_supermarkets_20260502','organization','org_s09_supermarket_6499acbf5981203d','seed_source_osm_supermarkets_ng_20260502','seeded');
INSERT OR IGNORE INTO seed_enrichment (id,seed_run_id,entity_type,entity_id,enrichment_type,enrichment_json) VALUES ('enr_s09_supermarket_6499acbf5981203d','seed_run_s09_osm_supermarkets_20260502','organization','org_s09_supermarket_6499acbf5981203d','licence_data','{"osm_id": "384821283", "amenity": "supermarket", "addr_state": null, "operator": "Tchuente Michel", "brand": null}');

INSERT OR IGNORE INTO organizations (id,tenant_id,organization_type,legal_name,display_name,registration_number,status,verification_state,created_at,updated_at) VALUES ('org_s09_supermarket_19086ddffb3753f7','tenant_platform_seed','retail_store','Supermarché Fokou','Supermarché Fokou',NULL,'active','seeded',unixepoch(),unixepoch());
INSERT OR IGNORE INTO profiles (id,subject_id,subject_type,primary_place_id,tenant_id,workspace_id,display_name,created_at,updated_at) VALUES ('prof_s09_supermarket_19086ddffb3753f7','org_s09_supermarket_19086ddffb3753f7','organization','place_nigeria_001','tenant_platform_seed','workspace_platform_seed_discovery','Supermarché Fokou',unixepoch(),unixepoch());
INSERT OR IGNORE INTO search_entries (id,profile_id,display_name,keywords,ancestry_path,vertical,created_at,updated_at) VALUES ('se_s09_supermarket_19086ddffb3753f7','prof_s09_supermarket_19086ddffb3753f7','Supermarché Fokou','supermarché fokou supermarket grocery store retail shopping nigeria','place_nigeria_001','commerce',unixepoch(),unixepoch());
INSERT OR IGNORE INTO seed_ingestion_records (id,seed_run_id,entity_type,entity_id,source_id,status) VALUES ('ir_s09_supermarket_19086ddffb3753f7','seed_run_s09_osm_supermarkets_20260502','organization','org_s09_supermarket_19086ddffb3753f7','seed_source_osm_supermarkets_ng_20260502','ingested');
INSERT OR IGNORE INTO seed_entity_sources (id,seed_run_id,entity_type,entity_id,source_id,confidence_tier) VALUES ('es_s09_supermarket_19086ddffb3753f7','seed_run_s09_osm_supermarkets_20260502','organization','org_s09_supermarket_19086ddffb3753f7','seed_source_osm_supermarkets_ng_20260502','seeded');
INSERT OR IGNORE INTO seed_enrichment (id,seed_run_id,entity_type,entity_id,enrichment_type,enrichment_json) VALUES ('enr_s09_supermarket_19086ddffb3753f7','seed_run_s09_osm_supermarkets_20260502','organization','org_s09_supermarket_19086ddffb3753f7','licence_data','{"osm_id": "424940913", "amenity": "supermarket", "addr_state": null, "operator": null, "brand": null}');

INSERT OR IGNORE INTO organizations (id,tenant_id,organization_type,legal_name,display_name,registration_number,status,verification_state,created_at,updated_at) VALUES ('org_s09_supermarket_1728fa48c881b3d7','tenant_platform_seed','retail_store','Boutique avec money','Boutique avec money',NULL,'active','seeded',unixepoch(),unixepoch());
INSERT OR IGNORE INTO profiles (id,subject_id,subject_type,primary_place_id,tenant_id,workspace_id,display_name,created_at,updated_at) VALUES ('prof_s09_supermarket_1728fa48c881b3d7','org_s09_supermarket_1728fa48c881b3d7','organization','place_nigeria_001','tenant_platform_seed','workspace_platform_seed_discovery','Boutique avec money',unixepoch(),unixepoch());
INSERT OR IGNORE INTO search_entries (id,profile_id,display_name,keywords,ancestry_path,vertical,created_at,updated_at) VALUES ('se_s09_supermarket_1728fa48c881b3d7','prof_s09_supermarket_1728fa48c881b3d7','Boutique avec money','boutique avec money supermarket grocery store retail shopping nigeria','place_nigeria_001','commerce',unixepoch(),unixepoch());
INSERT OR IGNORE INTO seed_ingestion_records (id,seed_run_id,entity_type,entity_id,source_id,status) VALUES ('ir_s09_supermarket_1728fa48c881b3d7','seed_run_s09_osm_supermarkets_20260502','organization','org_s09_supermarket_1728fa48c881b3d7','seed_source_osm_supermarkets_ng_20260502','ingested');
INSERT OR IGNORE INTO seed_entity_sources (id,seed_run_id,entity_type,entity_id,source_id,confidence_tier) VALUES ('es_s09_supermarket_1728fa48c881b3d7','seed_run_s09_osm_supermarkets_20260502','organization','org_s09_supermarket_1728fa48c881b3d7','seed_source_osm_supermarkets_ng_20260502','seeded');
INSERT OR IGNORE INTO seed_enrichment (id,seed_run_id,entity_type,entity_id,enrichment_type,enrichment_json) VALUES ('enr_s09_supermarket_1728fa48c881b3d7','seed_run_s09_osm_supermarkets_20260502','organization','org_s09_supermarket_1728fa48c881b3d7','licence_data','{"osm_id": "480193099", "amenity": "supermarket", "addr_state": null, "operator": null, "brand": null}');

INSERT OR IGNORE INTO organizations (id,tenant_id,organization_type,legal_name,display_name,registration_number,status,verification_state,created_at,updated_at) VALUES ('org_s09_supermarket_98e1ef8bcf56851b','tenant_platform_seed','retail_store','Centre commercial d''Ebone','Centre commercial d''Ebone',NULL,'active','seeded',unixepoch(),unixepoch());
INSERT OR IGNORE INTO profiles (id,subject_id,subject_type,primary_place_id,tenant_id,workspace_id,display_name,created_at,updated_at) VALUES ('prof_s09_supermarket_98e1ef8bcf56851b','org_s09_supermarket_98e1ef8bcf56851b','organization','place_nigeria_001','tenant_platform_seed','workspace_platform_seed_discovery','Centre commercial d''Ebone',unixepoch(),unixepoch());
INSERT OR IGNORE INTO search_entries (id,profile_id,display_name,keywords,ancestry_path,vertical,created_at,updated_at) VALUES ('se_s09_supermarket_98e1ef8bcf56851b','prof_s09_supermarket_98e1ef8bcf56851b','Centre commercial d''Ebone','centre commercial d''ebone supermarket grocery store retail shopping nigeria','place_nigeria_001','commerce',unixepoch(),unixepoch());
INSERT OR IGNORE INTO seed_ingestion_records (id,seed_run_id,entity_type,entity_id,source_id,status) VALUES ('ir_s09_supermarket_98e1ef8bcf56851b','seed_run_s09_osm_supermarkets_20260502','organization','org_s09_supermarket_98e1ef8bcf56851b','seed_source_osm_supermarkets_ng_20260502','ingested');
INSERT OR IGNORE INTO seed_entity_sources (id,seed_run_id,entity_type,entity_id,source_id,confidence_tier) VALUES ('es_s09_supermarket_98e1ef8bcf56851b','seed_run_s09_osm_supermarkets_20260502','organization','org_s09_supermarket_98e1ef8bcf56851b','seed_source_osm_supermarkets_ng_20260502','seeded');
INSERT OR IGNORE INTO seed_enrichment (id,seed_run_id,entity_type,entity_id,enrichment_type,enrichment_json) VALUES ('enr_s09_supermarket_98e1ef8bcf56851b','seed_run_s09_osm_supermarkets_20260502','organization','org_s09_supermarket_98e1ef8bcf56851b','licence_data','{"osm_id": "838713823", "amenity": "mall", "addr_state": null, "operator": null, "brand": null}');

INSERT OR IGNORE INTO organizations (id,tenant_id,organization_type,legal_name,display_name,registration_number,status,verification_state,created_at,updated_at) VALUES ('org_s09_supermarket_6a57ddca537af775','tenant_platform_seed','retail_store','Jalingo Shopping Mall','Jalingo Shopping Mall',NULL,'active','seeded',unixepoch(),unixepoch());
INSERT OR IGNORE INTO profiles (id,subject_id,subject_type,primary_place_id,tenant_id,workspace_id,display_name,created_at,updated_at) VALUES ('prof_s09_supermarket_6a57ddca537af775','org_s09_supermarket_6a57ddca537af775','organization','place_nigeria_001','tenant_platform_seed','workspace_platform_seed_discovery','Jalingo Shopping Mall',unixepoch(),unixepoch());
INSERT OR IGNORE INTO search_entries (id,profile_id,display_name,keywords,ancestry_path,vertical,created_at,updated_at) VALUES ('se_s09_supermarket_6a57ddca537af775','prof_s09_supermarket_6a57ddca537af775','Jalingo Shopping Mall','jalingo shopping mall supermarket grocery store retail shopping nigeria','place_nigeria_001','commerce',unixepoch(),unixepoch());
INSERT OR IGNORE INTO seed_ingestion_records (id,seed_run_id,entity_type,entity_id,source_id,status) VALUES ('ir_s09_supermarket_6a57ddca537af775','seed_run_s09_osm_supermarkets_20260502','organization','org_s09_supermarket_6a57ddca537af775','seed_source_osm_supermarkets_ng_20260502','ingested');
INSERT OR IGNORE INTO seed_entity_sources (id,seed_run_id,entity_type,entity_id,source_id,confidence_tier) VALUES ('es_s09_supermarket_6a57ddca537af775','seed_run_s09_osm_supermarkets_20260502','organization','org_s09_supermarket_6a57ddca537af775','seed_source_osm_supermarkets_ng_20260502','seeded');
INSERT OR IGNORE INTO seed_enrichment (id,seed_run_id,entity_type,entity_id,enrichment_type,enrichment_json) VALUES ('enr_s09_supermarket_6a57ddca537af775','seed_run_s09_osm_supermarkets_20260502','organization','org_s09_supermarket_6a57ddca537af775','licence_data','{"osm_id": "1302778776", "amenity": "mall", "addr_state": null, "operator": null, "brand": null}');

INSERT OR IGNORE INTO organizations (id,tenant_id,organization_type,legal_name,display_name,registration_number,status,verification_state,created_at,updated_at) VALUES ('org_s09_supermarket_8b4b2539e51683f9','tenant_platform_seed','retail_store','Magasin de stockage Sodecoton de Banaye','Magasin de stockage Sodecoton de Banaye',NULL,'active','seeded',unixepoch(),unixepoch());
INSERT OR IGNORE INTO profiles (id,subject_id,subject_type,primary_place_id,tenant_id,workspace_id,display_name,created_at,updated_at) VALUES ('prof_s09_supermarket_8b4b2539e51683f9','org_s09_supermarket_8b4b2539e51683f9','organization','place_nigeria_001','tenant_platform_seed','workspace_platform_seed_discovery','Magasin de stockage Sodecoton de Banaye',unixepoch(),unixepoch());
INSERT OR IGNORE INTO search_entries (id,profile_id,display_name,keywords,ancestry_path,vertical,created_at,updated_at) VALUES ('se_s09_supermarket_8b4b2539e51683f9','prof_s09_supermarket_8b4b2539e51683f9','Magasin de stockage Sodecoton de Banaye','magasin de stockage sodecoton de banaye supermarket grocery store retail shopping nigeria','place_nigeria_001','commerce',unixepoch(),unixepoch());
INSERT OR IGNORE INTO seed_ingestion_records (id,seed_run_id,entity_type,entity_id,source_id,status) VALUES ('ir_s09_supermarket_8b4b2539e51683f9','seed_run_s09_osm_supermarkets_20260502','organization','org_s09_supermarket_8b4b2539e51683f9','seed_source_osm_supermarkets_ng_20260502','ingested');
INSERT OR IGNORE INTO seed_entity_sources (id,seed_run_id,entity_type,entity_id,source_id,confidence_tier) VALUES ('es_s09_supermarket_8b4b2539e51683f9','seed_run_s09_osm_supermarkets_20260502','organization','org_s09_supermarket_8b4b2539e51683f9','seed_source_osm_supermarkets_ng_20260502','seeded');
INSERT OR IGNORE INTO seed_enrichment (id,seed_run_id,entity_type,entity_id,enrichment_type,enrichment_json) VALUES ('enr_s09_supermarket_8b4b2539e51683f9','seed_run_s09_osm_supermarkets_20260502','organization','org_s09_supermarket_8b4b2539e51683f9','licence_data','{"osm_id": "1067301106", "amenity": "supermarket", "addr_state": null, "operator": null, "brand": null}');

INSERT OR IGNORE INTO organizations (id,tenant_id,organization_type,legal_name,display_name,registration_number,status,verification_state,created_at,updated_at) VALUES ('org_s09_supermarket_6877bdfd3e271306','tenant_platform_seed','retail_store','Magasin SODECOTON Ouro Bocki','Magasin SODECOTON Ouro Bocki',NULL,'active','seeded',unixepoch(),unixepoch());
INSERT OR IGNORE INTO profiles (id,subject_id,subject_type,primary_place_id,tenant_id,workspace_id,display_name,created_at,updated_at) VALUES ('prof_s09_supermarket_6877bdfd3e271306','org_s09_supermarket_6877bdfd3e271306','organization','place_nigeria_001','tenant_platform_seed','workspace_platform_seed_discovery','Magasin SODECOTON Ouro Bocki',unixepoch(),unixepoch());
INSERT OR IGNORE INTO search_entries (id,profile_id,display_name,keywords,ancestry_path,vertical,created_at,updated_at) VALUES ('se_s09_supermarket_6877bdfd3e271306','prof_s09_supermarket_6877bdfd3e271306','Magasin SODECOTON Ouro Bocki','magasin sodecoton ouro bocki supermarket grocery store retail shopping nigeria','place_nigeria_001','commerce',unixepoch(),unixepoch());
INSERT OR IGNORE INTO seed_ingestion_records (id,seed_run_id,entity_type,entity_id,source_id,status) VALUES ('ir_s09_supermarket_6877bdfd3e271306','seed_run_s09_osm_supermarkets_20260502','organization','org_s09_supermarket_6877bdfd3e271306','seed_source_osm_supermarkets_ng_20260502','ingested');
INSERT OR IGNORE INTO seed_entity_sources (id,seed_run_id,entity_type,entity_id,source_id,confidence_tier) VALUES ('es_s09_supermarket_6877bdfd3e271306','seed_run_s09_osm_supermarkets_20260502','organization','org_s09_supermarket_6877bdfd3e271306','seed_source_osm_supermarkets_ng_20260502','seeded');
INSERT OR IGNORE INTO seed_enrichment (id,seed_run_id,entity_type,entity_id,enrichment_type,enrichment_json) VALUES ('enr_s09_supermarket_6877bdfd3e271306','seed_run_s09_osm_supermarkets_20260502','organization','org_s09_supermarket_6877bdfd3e271306','licence_data','{"osm_id": "1067306263", "amenity": "supermarket", "addr_state": null, "operator": null, "brand": null}');

INSERT OR IGNORE INTO organizations (id,tenant_id,organization_type,legal_name,display_name,registration_number,status,verification_state,created_at,updated_at) VALUES ('org_s09_supermarket_67e1fbaaa1018a4c','tenant_platform_seed','retail_store','Super Marche de Pitoa','Super Marche de Pitoa',NULL,'active','seeded',unixepoch(),unixepoch());
INSERT OR IGNORE INTO profiles (id,subject_id,subject_type,primary_place_id,tenant_id,workspace_id,display_name,created_at,updated_at) VALUES ('prof_s09_supermarket_67e1fbaaa1018a4c','org_s09_supermarket_67e1fbaaa1018a4c','organization','place_nigeria_001','tenant_platform_seed','workspace_platform_seed_discovery','Super Marche de Pitoa',unixepoch(),unixepoch());
INSERT OR IGNORE INTO search_entries (id,profile_id,display_name,keywords,ancestry_path,vertical,created_at,updated_at) VALUES ('se_s09_supermarket_67e1fbaaa1018a4c','prof_s09_supermarket_67e1fbaaa1018a4c','Super Marche de Pitoa','super marche de pitoa supermarket grocery store retail shopping nigeria','place_nigeria_001','commerce',unixepoch(),unixepoch());
INSERT OR IGNORE INTO seed_ingestion_records (id,seed_run_id,entity_type,entity_id,source_id,status) VALUES ('ir_s09_supermarket_67e1fbaaa1018a4c','seed_run_s09_osm_supermarkets_20260502','organization','org_s09_supermarket_67e1fbaaa1018a4c','seed_source_osm_supermarkets_ng_20260502','ingested');
INSERT OR IGNORE INTO seed_entity_sources (id,seed_run_id,entity_type,entity_id,source_id,confidence_tier) VALUES ('es_s09_supermarket_67e1fbaaa1018a4c','seed_run_s09_osm_supermarkets_20260502','organization','org_s09_supermarket_67e1fbaaa1018a4c','seed_source_osm_supermarkets_ng_20260502','seeded');
INSERT OR IGNORE INTO seed_enrichment (id,seed_run_id,entity_type,entity_id,enrichment_type,enrichment_json) VALUES ('enr_s09_supermarket_67e1fbaaa1018a4c','seed_run_s09_osm_supermarkets_20260502','organization','org_s09_supermarket_67e1fbaaa1018a4c','licence_data','{"osm_id": "1067306382", "amenity": "supermarket", "addr_state": null, "operator": null, "brand": null}');

INSERT OR IGNORE INTO organizations (id,tenant_id,organization_type,legal_name,display_name,registration_number,status,verification_state,created_at,updated_at) VALUES ('org_s09_supermarket_6bd5230b8044d81a','tenant_platform_seed','retail_store','Shopping Time','Shopping Time',NULL,'active','seeded',unixepoch(),unixepoch());
INSERT OR IGNORE INTO profiles (id,subject_id,subject_type,primary_place_id,tenant_id,workspace_id,display_name,created_at,updated_at) VALUES ('prof_s09_supermarket_6bd5230b8044d81a','org_s09_supermarket_6bd5230b8044d81a','organization','place_nigeria_001','tenant_platform_seed','workspace_platform_seed_discovery','Shopping Time',unixepoch(),unixepoch());
INSERT OR IGNORE INTO search_entries (id,profile_id,display_name,keywords,ancestry_path,vertical,created_at,updated_at) VALUES ('se_s09_supermarket_6bd5230b8044d81a','prof_s09_supermarket_6bd5230b8044d81a','Shopping Time','shopping time supermarket grocery store retail shopping nigeria','place_nigeria_001','commerce',unixepoch(),unixepoch());
INSERT OR IGNORE INTO seed_ingestion_records (id,seed_run_id,entity_type,entity_id,source_id,status) VALUES ('ir_s09_supermarket_6bd5230b8044d81a','seed_run_s09_osm_supermarkets_20260502','organization','org_s09_supermarket_6bd5230b8044d81a','seed_source_osm_supermarkets_ng_20260502','ingested');
INSERT OR IGNORE INTO seed_entity_sources (id,seed_run_id,entity_type,entity_id,source_id,confidence_tier) VALUES ('es_s09_supermarket_6bd5230b8044d81a','seed_run_s09_osm_supermarkets_20260502','organization','org_s09_supermarket_6bd5230b8044d81a','seed_source_osm_supermarkets_ng_20260502','seeded');
INSERT OR IGNORE INTO seed_enrichment (id,seed_run_id,entity_type,entity_id,enrichment_type,enrichment_json) VALUES ('enr_s09_supermarket_6bd5230b8044d81a','seed_run_s09_osm_supermarkets_20260502','organization','org_s09_supermarket_6bd5230b8044d81a','licence_data','{"osm_id": "2177177726", "amenity": "supermarket", "addr_state": null, "operator": null, "brand": null}');

INSERT OR IGNORE INTO organizations (id,tenant_id,organization_type,legal_name,display_name,registration_number,status,verification_state,created_at,updated_at) VALUES ('org_s09_supermarket_33e15e785389dec5','tenant_platform_seed','retail_store','KANDRE','KANDRE',NULL,'active','seeded',unixepoch(),unixepoch());
INSERT OR IGNORE INTO profiles (id,subject_id,subject_type,primary_place_id,tenant_id,workspace_id,display_name,created_at,updated_at) VALUES ('prof_s09_supermarket_33e15e785389dec5','org_s09_supermarket_33e15e785389dec5','organization','place_nigeria_001','tenant_platform_seed','workspace_platform_seed_discovery','KANDRE',unixepoch(),unixepoch());
INSERT OR IGNORE INTO search_entries (id,profile_id,display_name,keywords,ancestry_path,vertical,created_at,updated_at) VALUES ('se_s09_supermarket_33e15e785389dec5','prof_s09_supermarket_33e15e785389dec5','KANDRE','kandre supermarket grocery store retail shopping nigeria','place_nigeria_001','commerce',unixepoch(),unixepoch());
INSERT OR IGNORE INTO seed_ingestion_records (id,seed_run_id,entity_type,entity_id,source_id,status) VALUES ('ir_s09_supermarket_33e15e785389dec5','seed_run_s09_osm_supermarkets_20260502','organization','org_s09_supermarket_33e15e785389dec5','seed_source_osm_supermarkets_ng_20260502','ingested');
INSERT OR IGNORE INTO seed_entity_sources (id,seed_run_id,entity_type,entity_id,source_id,confidence_tier) VALUES ('es_s09_supermarket_33e15e785389dec5','seed_run_s09_osm_supermarkets_20260502','organization','org_s09_supermarket_33e15e785389dec5','seed_source_osm_supermarkets_ng_20260502','seeded');
INSERT OR IGNORE INTO seed_enrichment (id,seed_run_id,entity_type,entity_id,enrichment_type,enrichment_json) VALUES ('enr_s09_supermarket_33e15e785389dec5','seed_run_s09_osm_supermarkets_20260502','organization','org_s09_supermarket_33e15e785389dec5','licence_data','{"osm_id": "2317291652", "amenity": "supermarket", "addr_state": null, "operator": null, "brand": null}');

INSERT OR IGNORE INTO organizations (id,tenant_id,organization_type,legal_name,display_name,registration_number,status,verification_state,created_at,updated_at) VALUES ('org_s09_supermarket_20f96e1f898fdb9f','tenant_platform_seed','retail_store','CFAO','CFAO',NULL,'active','seeded',unixepoch(),unixepoch());
INSERT OR IGNORE INTO profiles (id,subject_id,subject_type,primary_place_id,tenant_id,workspace_id,display_name,created_at,updated_at) VALUES ('prof_s09_supermarket_20f96e1f898fdb9f','org_s09_supermarket_20f96e1f898fdb9f','organization','place_nigeria_001','tenant_platform_seed','workspace_platform_seed_discovery','CFAO',unixepoch(),unixepoch());
INSERT OR IGNORE INTO search_entries (id,profile_id,display_name,keywords,ancestry_path,vertical,created_at,updated_at) VALUES ('se_s09_supermarket_20f96e1f898fdb9f','prof_s09_supermarket_20f96e1f898fdb9f','CFAO','cfao supermarket grocery store retail shopping nigeria','place_nigeria_001','commerce',unixepoch(),unixepoch());
INSERT OR IGNORE INTO seed_ingestion_records (id,seed_run_id,entity_type,entity_id,source_id,status) VALUES ('ir_s09_supermarket_20f96e1f898fdb9f','seed_run_s09_osm_supermarkets_20260502','organization','org_s09_supermarket_20f96e1f898fdb9f','seed_source_osm_supermarkets_ng_20260502','ingested');
INSERT OR IGNORE INTO seed_entity_sources (id,seed_run_id,entity_type,entity_id,source_id,confidence_tier) VALUES ('es_s09_supermarket_20f96e1f898fdb9f','seed_run_s09_osm_supermarkets_20260502','organization','org_s09_supermarket_20f96e1f898fdb9f','seed_source_osm_supermarkets_ng_20260502','seeded');
INSERT OR IGNORE INTO seed_enrichment (id,seed_run_id,entity_type,entity_id,enrichment_type,enrichment_json) VALUES ('enr_s09_supermarket_20f96e1f898fdb9f','seed_run_s09_osm_supermarkets_20260502','organization','org_s09_supermarket_20f96e1f898fdb9f','licence_data','{"osm_id": "2451961209", "amenity": "supermarket", "addr_state": null, "operator": null, "brand": null}');

INSERT OR IGNORE INTO organizations (id,tenant_id,organization_type,legal_name,display_name,registration_number,status,verification_state,created_at,updated_at) VALUES ('org_s09_supermarket_6574464e37702342','tenant_platform_seed','retail_store','Grand Square','Grand Square',NULL,'active','seeded',unixepoch(),unixepoch());
INSERT OR IGNORE INTO profiles (id,subject_id,subject_type,primary_place_id,tenant_id,workspace_id,display_name,created_at,updated_at) VALUES ('prof_s09_supermarket_6574464e37702342','org_s09_supermarket_6574464e37702342','organization','place_nigeria_001','tenant_platform_seed','workspace_platform_seed_discovery','Grand Square',unixepoch(),unixepoch());
INSERT OR IGNORE INTO search_entries (id,profile_id,display_name,keywords,ancestry_path,vertical,created_at,updated_at) VALUES ('se_s09_supermarket_6574464e37702342','prof_s09_supermarket_6574464e37702342','Grand Square','grand square supermarket grocery store retail shopping nigeria','place_nigeria_001','commerce',unixepoch(),unixepoch());
INSERT OR IGNORE INTO seed_ingestion_records (id,seed_run_id,entity_type,entity_id,source_id,status) VALUES ('ir_s09_supermarket_6574464e37702342','seed_run_s09_osm_supermarkets_20260502','organization','org_s09_supermarket_6574464e37702342','seed_source_osm_supermarkets_ng_20260502','ingested');
INSERT OR IGNORE INTO seed_entity_sources (id,seed_run_id,entity_type,entity_id,source_id,confidence_tier) VALUES ('es_s09_supermarket_6574464e37702342','seed_run_s09_osm_supermarkets_20260502','organization','org_s09_supermarket_6574464e37702342','seed_source_osm_supermarkets_ng_20260502','seeded');
INSERT OR IGNORE INTO seed_enrichment (id,seed_run_id,entity_type,entity_id,enrichment_type,enrichment_json) VALUES ('enr_s09_supermarket_6574464e37702342','seed_run_s09_osm_supermarkets_20260502','organization','org_s09_supermarket_6574464e37702342','licence_data','{"osm_id": "2872937565", "amenity": "supermarket", "addr_state": null, "operator": null, "brand": null}');

INSERT OR IGNORE INTO organizations (id,tenant_id,organization_type,legal_name,display_name,registration_number,status,verification_state,created_at,updated_at) VALUES ('org_s09_supermarket_a38f0045efa9e7f7','tenant_platform_seed','retail_store','Well Care','Well Care',NULL,'active','seeded',unixepoch(),unixepoch());
INSERT OR IGNORE INTO profiles (id,subject_id,subject_type,primary_place_id,tenant_id,workspace_id,display_name,created_at,updated_at) VALUES ('prof_s09_supermarket_a38f0045efa9e7f7','org_s09_supermarket_a38f0045efa9e7f7','organization','place_nigeria_001','tenant_platform_seed','workspace_platform_seed_discovery','Well Care',unixepoch(),unixepoch());
INSERT OR IGNORE INTO search_entries (id,profile_id,display_name,keywords,ancestry_path,vertical,created_at,updated_at) VALUES ('se_s09_supermarket_a38f0045efa9e7f7','prof_s09_supermarket_a38f0045efa9e7f7','Well Care','well care supermarket grocery store retail shopping nigeria','place_nigeria_001','commerce',unixepoch(),unixepoch());
INSERT OR IGNORE INTO seed_ingestion_records (id,seed_run_id,entity_type,entity_id,source_id,status) VALUES ('ir_s09_supermarket_a38f0045efa9e7f7','seed_run_s09_osm_supermarkets_20260502','organization','org_s09_supermarket_a38f0045efa9e7f7','seed_source_osm_supermarkets_ng_20260502','ingested');
INSERT OR IGNORE INTO seed_entity_sources (id,seed_run_id,entity_type,entity_id,source_id,confidence_tier) VALUES ('es_s09_supermarket_a38f0045efa9e7f7','seed_run_s09_osm_supermarkets_20260502','organization','org_s09_supermarket_a38f0045efa9e7f7','seed_source_osm_supermarkets_ng_20260502','seeded');
INSERT OR IGNORE INTO seed_enrichment (id,seed_run_id,entity_type,entity_id,enrichment_type,enrichment_json) VALUES ('enr_s09_supermarket_a38f0045efa9e7f7','seed_run_s09_osm_supermarkets_20260502','organization','org_s09_supermarket_a38f0045efa9e7f7','licence_data','{"osm_id": "2996971195", "amenity": "supermarket", "addr_state": null, "operator": null, "brand": null}');

INSERT OR IGNORE INTO organizations (id,tenant_id,organization_type,legal_name,display_name,registration_number,status,verification_state,created_at,updated_at) VALUES ('org_s09_supermarket_2785959aba5bf0bd','tenant_platform_seed','retail_store','AG Stores','AG Stores',NULL,'active','seeded',unixepoch(),unixepoch());
INSERT OR IGNORE INTO profiles (id,subject_id,subject_type,primary_place_id,tenant_id,workspace_id,display_name,created_at,updated_at) VALUES ('prof_s09_supermarket_2785959aba5bf0bd','org_s09_supermarket_2785959aba5bf0bd','organization','place_nigeria_001','tenant_platform_seed','workspace_platform_seed_discovery','AG Stores',unixepoch(),unixepoch());
INSERT OR IGNORE INTO search_entries (id,profile_id,display_name,keywords,ancestry_path,vertical,created_at,updated_at) VALUES ('se_s09_supermarket_2785959aba5bf0bd','prof_s09_supermarket_2785959aba5bf0bd','AG Stores','ag stores supermarket grocery store retail shopping nigeria','place_nigeria_001','commerce',unixepoch(),unixepoch());
INSERT OR IGNORE INTO seed_ingestion_records (id,seed_run_id,entity_type,entity_id,source_id,status) VALUES ('ir_s09_supermarket_2785959aba5bf0bd','seed_run_s09_osm_supermarkets_20260502','organization','org_s09_supermarket_2785959aba5bf0bd','seed_source_osm_supermarkets_ng_20260502','ingested');
INSERT OR IGNORE INTO seed_entity_sources (id,seed_run_id,entity_type,entity_id,source_id,confidence_tier) VALUES ('es_s09_supermarket_2785959aba5bf0bd','seed_run_s09_osm_supermarkets_20260502','organization','org_s09_supermarket_2785959aba5bf0bd','seed_source_osm_supermarkets_ng_20260502','seeded');
INSERT OR IGNORE INTO seed_enrichment (id,seed_run_id,entity_type,entity_id,enrichment_type,enrichment_json) VALUES ('enr_s09_supermarket_2785959aba5bf0bd','seed_run_s09_osm_supermarkets_20260502','organization','org_s09_supermarket_2785959aba5bf0bd','licence_data','{"osm_id": "3698433628", "amenity": "supermarket", "addr_state": null, "operator": null, "brand": null}');

INSERT OR IGNORE INTO organizations (id,tenant_id,organization_type,legal_name,display_name,registration_number,status,verification_state,created_at,updated_at) VALUES ('org_s09_supermarket_42ee21f3800f9362','tenant_platform_seed','retail_store','Shoprite','Shoprite',NULL,'active','seeded',unixepoch(),unixepoch());
INSERT OR IGNORE INTO profiles (id,subject_id,subject_type,primary_place_id,tenant_id,workspace_id,display_name,created_at,updated_at) VALUES ('prof_s09_supermarket_42ee21f3800f9362','org_s09_supermarket_42ee21f3800f9362','organization','place_nigeria_001','tenant_platform_seed','workspace_platform_seed_discovery','Shoprite',unixepoch(),unixepoch());
INSERT OR IGNORE INTO search_entries (id,profile_id,display_name,keywords,ancestry_path,vertical,created_at,updated_at) VALUES ('se_s09_supermarket_42ee21f3800f9362','prof_s09_supermarket_42ee21f3800f9362','Shoprite','shoprite supermarket grocery store retail shopping nigeria','place_nigeria_001','commerce',unixepoch(),unixepoch());
INSERT OR IGNORE INTO seed_ingestion_records (id,seed_run_id,entity_type,entity_id,source_id,status) VALUES ('ir_s09_supermarket_42ee21f3800f9362','seed_run_s09_osm_supermarkets_20260502','organization','org_s09_supermarket_42ee21f3800f9362','seed_source_osm_supermarkets_ng_20260502','ingested');
INSERT OR IGNORE INTO seed_entity_sources (id,seed_run_id,entity_type,entity_id,source_id,confidence_tier) VALUES ('es_s09_supermarket_42ee21f3800f9362','seed_run_s09_osm_supermarkets_20260502','organization','org_s09_supermarket_42ee21f3800f9362','seed_source_osm_supermarkets_ng_20260502','seeded');
INSERT OR IGNORE INTO seed_enrichment (id,seed_run_id,entity_type,entity_id,enrichment_type,enrichment_json) VALUES ('enr_s09_supermarket_42ee21f3800f9362','seed_run_s09_osm_supermarkets_20260502','organization','org_s09_supermarket_42ee21f3800f9362','licence_data','{"osm_id": "3813046270", "amenity": "mall", "addr_state": null, "operator": "Shoprite", "brand": null}');

INSERT OR IGNORE INTO organizations (id,tenant_id,organization_type,legal_name,display_name,registration_number,status,verification_state,created_at,updated_at) VALUES ('org_s09_supermarket_836e4ab2766a1389','tenant_platform_seed','retail_store','Game','Game',NULL,'active','seeded',unixepoch(),unixepoch());
INSERT OR IGNORE INTO profiles (id,subject_id,subject_type,primary_place_id,tenant_id,workspace_id,display_name,created_at,updated_at) VALUES ('prof_s09_supermarket_836e4ab2766a1389','org_s09_supermarket_836e4ab2766a1389','organization','place_nigeria_001','tenant_platform_seed','workspace_platform_seed_discovery','Game',unixepoch(),unixepoch());
INSERT OR IGNORE INTO search_entries (id,profile_id,display_name,keywords,ancestry_path,vertical,created_at,updated_at) VALUES ('se_s09_supermarket_836e4ab2766a1389','prof_s09_supermarket_836e4ab2766a1389','Game','game supermarket grocery store retail shopping nigeria','place_nigeria_001','commerce',unixepoch(),unixepoch());
INSERT OR IGNORE INTO seed_ingestion_records (id,seed_run_id,entity_type,entity_id,source_id,status) VALUES ('ir_s09_supermarket_836e4ab2766a1389','seed_run_s09_osm_supermarkets_20260502','organization','org_s09_supermarket_836e4ab2766a1389','seed_source_osm_supermarkets_ng_20260502','ingested');
INSERT OR IGNORE INTO seed_entity_sources (id,seed_run_id,entity_type,entity_id,source_id,confidence_tier) VALUES ('es_s09_supermarket_836e4ab2766a1389','seed_run_s09_osm_supermarkets_20260502','organization','org_s09_supermarket_836e4ab2766a1389','seed_source_osm_supermarkets_ng_20260502','seeded');
INSERT OR IGNORE INTO seed_enrichment (id,seed_run_id,entity_type,entity_id,enrichment_type,enrichment_json) VALUES ('enr_s09_supermarket_836e4ab2766a1389','seed_run_s09_osm_supermarkets_20260502','organization','org_s09_supermarket_836e4ab2766a1389','licence_data','{"osm_id": "3813047438", "amenity": "mall", "addr_state": null, "operator": "Game", "brand": null}');

INSERT OR IGNORE INTO organizations (id,tenant_id,organization_type,legal_name,display_name,registration_number,status,verification_state,created_at,updated_at) VALUES ('org_s09_supermarket_fdacd832b47a3acf','tenant_platform_seed','retail_store','Marché pont rouge','Marché pont rouge',NULL,'active','seeded',unixepoch(),unixepoch());
INSERT OR IGNORE INTO profiles (id,subject_id,subject_type,primary_place_id,tenant_id,workspace_id,display_name,created_at,updated_at) VALUES ('prof_s09_supermarket_fdacd832b47a3acf','org_s09_supermarket_fdacd832b47a3acf','organization','place_nigeria_001','tenant_platform_seed','workspace_platform_seed_discovery','Marché pont rouge',unixepoch(),unixepoch());
INSERT OR IGNORE INTO search_entries (id,profile_id,display_name,keywords,ancestry_path,vertical,created_at,updated_at) VALUES ('se_s09_supermarket_fdacd832b47a3acf','prof_s09_supermarket_fdacd832b47a3acf','Marché pont rouge','marché pont rouge supermarket grocery store retail shopping nigeria','place_nigeria_001','commerce',unixepoch(),unixepoch());
INSERT OR IGNORE INTO seed_ingestion_records (id,seed_run_id,entity_type,entity_id,source_id,status) VALUES ('ir_s09_supermarket_fdacd832b47a3acf','seed_run_s09_osm_supermarkets_20260502','organization','org_s09_supermarket_fdacd832b47a3acf','seed_source_osm_supermarkets_ng_20260502','ingested');
INSERT OR IGNORE INTO seed_entity_sources (id,seed_run_id,entity_type,entity_id,source_id,confidence_tier) VALUES ('es_s09_supermarket_fdacd832b47a3acf','seed_run_s09_osm_supermarkets_20260502','organization','org_s09_supermarket_fdacd832b47a3acf','seed_source_osm_supermarkets_ng_20260502','seeded');
INSERT OR IGNORE INTO seed_enrichment (id,seed_run_id,entity_type,entity_id,enrichment_type,enrichment_json) VALUES ('enr_s09_supermarket_fdacd832b47a3acf','seed_run_s09_osm_supermarkets_20260502','organization','org_s09_supermarket_fdacd832b47a3acf','licence_data','{"osm_id": "4252209289", "amenity": "supermarket", "addr_state": null, "operator": null, "brand": null}');

INSERT OR IGNORE INTO organizations (id,tenant_id,organization_type,legal_name,display_name,registration_number,status,verification_state,created_at,updated_at) VALUES ('org_s09_supermarket_003fc76e6dd58660','tenant_platform_seed','retail_store','Septentrion','Septentrion',NULL,'active','seeded',unixepoch(),unixepoch());
INSERT OR IGNORE INTO profiles (id,subject_id,subject_type,primary_place_id,tenant_id,workspace_id,display_name,created_at,updated_at) VALUES ('prof_s09_supermarket_003fc76e6dd58660','org_s09_supermarket_003fc76e6dd58660','organization','place_nigeria_001','tenant_platform_seed','workspace_platform_seed_discovery','Septentrion',unixepoch(),unixepoch());
INSERT OR IGNORE INTO search_entries (id,profile_id,display_name,keywords,ancestry_path,vertical,created_at,updated_at) VALUES ('se_s09_supermarket_003fc76e6dd58660','prof_s09_supermarket_003fc76e6dd58660','Septentrion','septentrion supermarket grocery store retail shopping nigeria','place_nigeria_001','commerce',unixepoch(),unixepoch());
INSERT OR IGNORE INTO seed_ingestion_records (id,seed_run_id,entity_type,entity_id,source_id,status) VALUES ('ir_s09_supermarket_003fc76e6dd58660','seed_run_s09_osm_supermarkets_20260502','organization','org_s09_supermarket_003fc76e6dd58660','seed_source_osm_supermarkets_ng_20260502','ingested');
INSERT OR IGNORE INTO seed_entity_sources (id,seed_run_id,entity_type,entity_id,source_id,confidence_tier) VALUES ('es_s09_supermarket_003fc76e6dd58660','seed_run_s09_osm_supermarkets_20260502','organization','org_s09_supermarket_003fc76e6dd58660','seed_source_osm_supermarkets_ng_20260502','seeded');
INSERT OR IGNORE INTO seed_enrichment (id,seed_run_id,entity_type,entity_id,enrichment_type,enrichment_json) VALUES ('enr_s09_supermarket_003fc76e6dd58660','seed_run_s09_osm_supermarkets_20260502','organization','org_s09_supermarket_003fc76e6dd58660','licence_data','{"osm_id": "4254035694", "amenity": "supermarket", "addr_state": null, "operator": null, "brand": null}');

INSERT OR IGNORE INTO organizations (id,tenant_id,organization_type,legal_name,display_name,registration_number,status,verification_state,created_at,updated_at) VALUES ('org_s09_supermarket_01010c9b123b003e','tenant_platform_seed','retail_store','Épicerie du coin','Épicerie du coin',NULL,'active','seeded',unixepoch(),unixepoch());
INSERT OR IGNORE INTO profiles (id,subject_id,subject_type,primary_place_id,tenant_id,workspace_id,display_name,created_at,updated_at) VALUES ('prof_s09_supermarket_01010c9b123b003e','org_s09_supermarket_01010c9b123b003e','organization','place_nigeria_001','tenant_platform_seed','workspace_platform_seed_discovery','Épicerie du coin',unixepoch(),unixepoch());
INSERT OR IGNORE INTO search_entries (id,profile_id,display_name,keywords,ancestry_path,vertical,created_at,updated_at) VALUES ('se_s09_supermarket_01010c9b123b003e','prof_s09_supermarket_01010c9b123b003e','Épicerie du coin','épicerie du coin supermarket grocery store retail shopping nigeria','place_nigeria_001','commerce',unixepoch(),unixepoch());
INSERT OR IGNORE INTO seed_ingestion_records (id,seed_run_id,entity_type,entity_id,source_id,status) VALUES ('ir_s09_supermarket_01010c9b123b003e','seed_run_s09_osm_supermarkets_20260502','organization','org_s09_supermarket_01010c9b123b003e','seed_source_osm_supermarkets_ng_20260502','ingested');
INSERT OR IGNORE INTO seed_entity_sources (id,seed_run_id,entity_type,entity_id,source_id,confidence_tier) VALUES ('es_s09_supermarket_01010c9b123b003e','seed_run_s09_osm_supermarkets_20260502','organization','org_s09_supermarket_01010c9b123b003e','seed_source_osm_supermarkets_ng_20260502','seeded');
INSERT OR IGNORE INTO seed_enrichment (id,seed_run_id,entity_type,entity_id,enrichment_type,enrichment_json) VALUES ('enr_s09_supermarket_01010c9b123b003e','seed_run_s09_osm_supermarkets_20260502','organization','org_s09_supermarket_01010c9b123b003e','licence_data','{"osm_id": "4254080789", "amenity": "supermarket", "addr_state": null, "operator": null, "brand": null}');

INSERT OR IGNORE INTO organizations (id,tenant_id,organization_type,legal_name,display_name,registration_number,status,verification_state,created_at,updated_at) VALUES ('org_s09_supermarket_e08878b1c96e7a68','tenant_platform_seed','retail_store','Ziko','Ziko',NULL,'active','seeded',unixepoch(),unixepoch());
INSERT OR IGNORE INTO profiles (id,subject_id,subject_type,primary_place_id,tenant_id,workspace_id,display_name,created_at,updated_at) VALUES ('prof_s09_supermarket_e08878b1c96e7a68','org_s09_supermarket_e08878b1c96e7a68','organization','place_nigeria_001','tenant_platform_seed','workspace_platform_seed_discovery','Ziko',unixepoch(),unixepoch());
INSERT OR IGNORE INTO search_entries (id,profile_id,display_name,keywords,ancestry_path,vertical,created_at,updated_at) VALUES ('se_s09_supermarket_e08878b1c96e7a68','prof_s09_supermarket_e08878b1c96e7a68','Ziko','ziko supermarket grocery store retail shopping nigeria','place_nigeria_001','commerce',unixepoch(),unixepoch());
INSERT OR IGNORE INTO seed_ingestion_records (id,seed_run_id,entity_type,entity_id,source_id,status) VALUES ('ir_s09_supermarket_e08878b1c96e7a68','seed_run_s09_osm_supermarkets_20260502','organization','org_s09_supermarket_e08878b1c96e7a68','seed_source_osm_supermarkets_ng_20260502','ingested');
INSERT OR IGNORE INTO seed_entity_sources (id,seed_run_id,entity_type,entity_id,source_id,confidence_tier) VALUES ('es_s09_supermarket_e08878b1c96e7a68','seed_run_s09_osm_supermarkets_20260502','organization','org_s09_supermarket_e08878b1c96e7a68','seed_source_osm_supermarkets_ng_20260502','seeded');
INSERT OR IGNORE INTO seed_enrichment (id,seed_run_id,entity_type,entity_id,enrichment_type,enrichment_json) VALUES ('enr_s09_supermarket_e08878b1c96e7a68','seed_run_s09_osm_supermarkets_20260502','organization','org_s09_supermarket_e08878b1c96e7a68','licence_data','{"osm_id": "4254080889", "amenity": "supermarket", "addr_state": null, "operator": null, "brand": null}');

INSERT OR IGNORE INTO organizations (id,tenant_id,organization_type,legal_name,display_name,registration_number,status,verification_state,created_at,updated_at) VALUES ('org_s09_supermarket_ad13865a25598410','tenant_platform_seed','retail_store','FOKOU','FOKOU',NULL,'active','seeded',unixepoch(),unixepoch());
INSERT OR IGNORE INTO profiles (id,subject_id,subject_type,primary_place_id,tenant_id,workspace_id,display_name,created_at,updated_at) VALUES ('prof_s09_supermarket_ad13865a25598410','org_s09_supermarket_ad13865a25598410','organization','place_nigeria_001','tenant_platform_seed','workspace_platform_seed_discovery','FOKOU',unixepoch(),unixepoch());
INSERT OR IGNORE INTO search_entries (id,profile_id,display_name,keywords,ancestry_path,vertical,created_at,updated_at) VALUES ('se_s09_supermarket_ad13865a25598410','prof_s09_supermarket_ad13865a25598410','FOKOU','fokou supermarket grocery store retail shopping nigeria','place_nigeria_001','commerce',unixepoch(),unixepoch());
INSERT OR IGNORE INTO seed_ingestion_records (id,seed_run_id,entity_type,entity_id,source_id,status) VALUES ('ir_s09_supermarket_ad13865a25598410','seed_run_s09_osm_supermarkets_20260502','organization','org_s09_supermarket_ad13865a25598410','seed_source_osm_supermarkets_ng_20260502','ingested');
INSERT OR IGNORE INTO seed_entity_sources (id,seed_run_id,entity_type,entity_id,source_id,confidence_tier) VALUES ('es_s09_supermarket_ad13865a25598410','seed_run_s09_osm_supermarkets_20260502','organization','org_s09_supermarket_ad13865a25598410','seed_source_osm_supermarkets_ng_20260502','seeded');
INSERT OR IGNORE INTO seed_enrichment (id,seed_run_id,entity_type,entity_id,enrichment_type,enrichment_json) VALUES ('enr_s09_supermarket_ad13865a25598410','seed_run_s09_osm_supermarkets_20260502','organization','org_s09_supermarket_ad13865a25598410','licence_data','{"osm_id": "4254309396", "amenity": "supermarket", "addr_state": null, "operator": null, "brand": null}');

INSERT OR IGNORE INTO organizations (id,tenant_id,organization_type,legal_name,display_name,registration_number,status,verification_state,created_at,updated_at) VALUES ('org_s09_supermarket_260fde4d75f581b9','tenant_platform_seed','retail_store','Friperie','Friperie',NULL,'active','seeded',unixepoch(),unixepoch());
INSERT OR IGNORE INTO profiles (id,subject_id,subject_type,primary_place_id,tenant_id,workspace_id,display_name,created_at,updated_at) VALUES ('prof_s09_supermarket_260fde4d75f581b9','org_s09_supermarket_260fde4d75f581b9','organization','place_nigeria_001','tenant_platform_seed','workspace_platform_seed_discovery','Friperie',unixepoch(),unixepoch());
INSERT OR IGNORE INTO search_entries (id,profile_id,display_name,keywords,ancestry_path,vertical,created_at,updated_at) VALUES ('se_s09_supermarket_260fde4d75f581b9','prof_s09_supermarket_260fde4d75f581b9','Friperie','friperie supermarket grocery store retail shopping nigeria','place_nigeria_001','commerce',unixepoch(),unixepoch());
INSERT OR IGNORE INTO seed_ingestion_records (id,seed_run_id,entity_type,entity_id,source_id,status) VALUES ('ir_s09_supermarket_260fde4d75f581b9','seed_run_s09_osm_supermarkets_20260502','organization','org_s09_supermarket_260fde4d75f581b9','seed_source_osm_supermarkets_ng_20260502','ingested');
INSERT OR IGNORE INTO seed_entity_sources (id,seed_run_id,entity_type,entity_id,source_id,confidence_tier) VALUES ('es_s09_supermarket_260fde4d75f581b9','seed_run_s09_osm_supermarkets_20260502','organization','org_s09_supermarket_260fde4d75f581b9','seed_source_osm_supermarkets_ng_20260502','seeded');
INSERT OR IGNORE INTO seed_enrichment (id,seed_run_id,entity_type,entity_id,enrichment_type,enrichment_json) VALUES ('enr_s09_supermarket_260fde4d75f581b9','seed_run_s09_osm_supermarkets_20260502','organization','org_s09_supermarket_260fde4d75f581b9','licence_data','{"osm_id": "4254483590", "amenity": "supermarket", "addr_state": null, "operator": null, "brand": null}');

INSERT OR IGNORE INTO organizations (id,tenant_id,organization_type,legal_name,display_name,registration_number,status,verification_state,created_at,updated_at) VALUES ('org_s09_supermarket_0a051e8427d1b510','tenant_platform_seed','retail_store','Loumo Babba','Loumo Babba',NULL,'active','seeded',unixepoch(),unixepoch());
INSERT OR IGNORE INTO profiles (id,subject_id,subject_type,primary_place_id,tenant_id,workspace_id,display_name,created_at,updated_at) VALUES ('prof_s09_supermarket_0a051e8427d1b510','org_s09_supermarket_0a051e8427d1b510','organization','place_nigeria_001','tenant_platform_seed','workspace_platform_seed_discovery','Loumo Babba',unixepoch(),unixepoch());
INSERT OR IGNORE INTO search_entries (id,profile_id,display_name,keywords,ancestry_path,vertical,created_at,updated_at) VALUES ('se_s09_supermarket_0a051e8427d1b510','prof_s09_supermarket_0a051e8427d1b510','Loumo Babba','loumo babba supermarket grocery store retail shopping nigeria','place_nigeria_001','commerce',unixepoch(),unixepoch());
INSERT OR IGNORE INTO seed_ingestion_records (id,seed_run_id,entity_type,entity_id,source_id,status) VALUES ('ir_s09_supermarket_0a051e8427d1b510','seed_run_s09_osm_supermarkets_20260502','organization','org_s09_supermarket_0a051e8427d1b510','seed_source_osm_supermarkets_ng_20260502','ingested');
INSERT OR IGNORE INTO seed_entity_sources (id,seed_run_id,entity_type,entity_id,source_id,confidence_tier) VALUES ('es_s09_supermarket_0a051e8427d1b510','seed_run_s09_osm_supermarkets_20260502','organization','org_s09_supermarket_0a051e8427d1b510','seed_source_osm_supermarkets_ng_20260502','seeded');
INSERT OR IGNORE INTO seed_enrichment (id,seed_run_id,entity_type,entity_id,enrichment_type,enrichment_json) VALUES ('enr_s09_supermarket_0a051e8427d1b510','seed_run_s09_osm_supermarkets_20260502','organization','org_s09_supermarket_0a051e8427d1b510','licence_data','{"osm_id": "4254498789", "amenity": "supermarket", "addr_state": null, "operator": null, "brand": null}');

INSERT OR IGNORE INTO organizations (id,tenant_id,organization_type,legal_name,display_name,registration_number,status,verification_state,created_at,updated_at) VALUES ('org_s09_supermarket_488553efb10af136','tenant_platform_seed','retail_store','Petit Marché','Petit Marché',NULL,'active','seeded',unixepoch(),unixepoch());
INSERT OR IGNORE INTO profiles (id,subject_id,subject_type,primary_place_id,tenant_id,workspace_id,display_name,created_at,updated_at) VALUES ('prof_s09_supermarket_488553efb10af136','org_s09_supermarket_488553efb10af136','organization','place_nigeria_001','tenant_platform_seed','workspace_platform_seed_discovery','Petit Marché',unixepoch(),unixepoch());
INSERT OR IGNORE INTO search_entries (id,profile_id,display_name,keywords,ancestry_path,vertical,created_at,updated_at) VALUES ('se_s09_supermarket_488553efb10af136','prof_s09_supermarket_488553efb10af136','Petit Marché','petit marché supermarket grocery store retail shopping nigeria','place_nigeria_001','commerce',unixepoch(),unixepoch());
INSERT OR IGNORE INTO seed_ingestion_records (id,seed_run_id,entity_type,entity_id,source_id,status) VALUES ('ir_s09_supermarket_488553efb10af136','seed_run_s09_osm_supermarkets_20260502','organization','org_s09_supermarket_488553efb10af136','seed_source_osm_supermarkets_ng_20260502','ingested');
INSERT OR IGNORE INTO seed_entity_sources (id,seed_run_id,entity_type,entity_id,source_id,confidence_tier) VALUES ('es_s09_supermarket_488553efb10af136','seed_run_s09_osm_supermarkets_20260502','organization','org_s09_supermarket_488553efb10af136','seed_source_osm_supermarkets_ng_20260502','seeded');
INSERT OR IGNORE INTO seed_enrichment (id,seed_run_id,entity_type,entity_id,enrichment_type,enrichment_json) VALUES ('enr_s09_supermarket_488553efb10af136','seed_run_s09_osm_supermarkets_20260502','organization','org_s09_supermarket_488553efb10af136','licence_data','{"osm_id": "4254498790", "amenity": "supermarket", "addr_state": null, "operator": null, "brand": null}');

INSERT OR IGNORE INTO organizations (id,tenant_id,organization_type,legal_name,display_name,registration_number,status,verification_state,created_at,updated_at) VALUES ('org_s09_supermarket_60e066951386d50c','tenant_platform_seed','retail_store','Kantin Sauki Quincaillerie et Divers','Kantin Sauki Quincaillerie et Divers',NULL,'active','seeded',unixepoch(),unixepoch());
INSERT OR IGNORE INTO profiles (id,subject_id,subject_type,primary_place_id,tenant_id,workspace_id,display_name,created_at,updated_at) VALUES ('prof_s09_supermarket_60e066951386d50c','org_s09_supermarket_60e066951386d50c','organization','place_nigeria_001','tenant_platform_seed','workspace_platform_seed_discovery','Kantin Sauki Quincaillerie et Divers',unixepoch(),unixepoch());
INSERT OR IGNORE INTO search_entries (id,profile_id,display_name,keywords,ancestry_path,vertical,created_at,updated_at) VALUES ('se_s09_supermarket_60e066951386d50c','prof_s09_supermarket_60e066951386d50c','Kantin Sauki Quincaillerie et Divers','kantin sauki quincaillerie et divers supermarket grocery store retail shopping nigeria','place_nigeria_001','commerce',unixepoch(),unixepoch());
INSERT OR IGNORE INTO seed_ingestion_records (id,seed_run_id,entity_type,entity_id,source_id,status) VALUES ('ir_s09_supermarket_60e066951386d50c','seed_run_s09_osm_supermarkets_20260502','organization','org_s09_supermarket_60e066951386d50c','seed_source_osm_supermarkets_ng_20260502','ingested');
INSERT OR IGNORE INTO seed_entity_sources (id,seed_run_id,entity_type,entity_id,source_id,confidence_tier) VALUES ('es_s09_supermarket_60e066951386d50c','seed_run_s09_osm_supermarkets_20260502','organization','org_s09_supermarket_60e066951386d50c','seed_source_osm_supermarkets_ng_20260502','seeded');
INSERT OR IGNORE INTO seed_enrichment (id,seed_run_id,entity_type,entity_id,enrichment_type,enrichment_json) VALUES ('enr_s09_supermarket_60e066951386d50c','seed_run_s09_osm_supermarkets_20260502','organization','org_s09_supermarket_60e066951386d50c','licence_data','{"osm_id": "4308481867", "amenity": "supermarket", "addr_state": null, "operator": null, "brand": null}');

INSERT OR IGNORE INTO organizations (id,tenant_id,organization_type,legal_name,display_name,registration_number,status,verification_state,created_at,updated_at) VALUES ('org_s09_supermarket_6ea999efc81a4856','tenant_platform_seed','retail_store','SOCONORD DIRECTION','SOCONORD DIRECTION',NULL,'active','seeded',unixepoch(),unixepoch());
INSERT OR IGNORE INTO profiles (id,subject_id,subject_type,primary_place_id,tenant_id,workspace_id,display_name,created_at,updated_at) VALUES ('prof_s09_supermarket_6ea999efc81a4856','org_s09_supermarket_6ea999efc81a4856','organization','place_nigeria_001','tenant_platform_seed','workspace_platform_seed_discovery','SOCONORD DIRECTION',unixepoch(),unixepoch());
INSERT OR IGNORE INTO search_entries (id,profile_id,display_name,keywords,ancestry_path,vertical,created_at,updated_at) VALUES ('se_s09_supermarket_6ea999efc81a4856','prof_s09_supermarket_6ea999efc81a4856','SOCONORD DIRECTION','soconord direction supermarket grocery store retail shopping nigeria','place_nigeria_001','commerce',unixepoch(),unixepoch());
INSERT OR IGNORE INTO seed_ingestion_records (id,seed_run_id,entity_type,entity_id,source_id,status) VALUES ('ir_s09_supermarket_6ea999efc81a4856','seed_run_s09_osm_supermarkets_20260502','organization','org_s09_supermarket_6ea999efc81a4856','seed_source_osm_supermarkets_ng_20260502','ingested');
INSERT OR IGNORE INTO seed_entity_sources (id,seed_run_id,entity_type,entity_id,source_id,confidence_tier) VALUES ('es_s09_supermarket_6ea999efc81a4856','seed_run_s09_osm_supermarkets_20260502','organization','org_s09_supermarket_6ea999efc81a4856','seed_source_osm_supermarkets_ng_20260502','seeded');
INSERT OR IGNORE INTO seed_enrichment (id,seed_run_id,entity_type,entity_id,enrichment_type,enrichment_json) VALUES ('enr_s09_supermarket_6ea999efc81a4856','seed_run_s09_osm_supermarkets_20260502','organization','org_s09_supermarket_6ea999efc81a4856','licence_data','{"osm_id": "4459229893", "amenity": "supermarket", "addr_state": null, "operator": null, "brand": null}');

INSERT OR IGNORE INTO organizations (id,tenant_id,organization_type,legal_name,display_name,registration_number,status,verification_state,created_at,updated_at) VALUES ('org_s09_supermarket_55d53955f76172d5','tenant_platform_seed','retail_store','DAMING','DAMING',NULL,'active','seeded',unixepoch(),unixepoch());
INSERT OR IGNORE INTO profiles (id,subject_id,subject_type,primary_place_id,tenant_id,workspace_id,display_name,created_at,updated_at) VALUES ('prof_s09_supermarket_55d53955f76172d5','org_s09_supermarket_55d53955f76172d5','organization','place_nigeria_001','tenant_platform_seed','workspace_platform_seed_discovery','DAMING',unixepoch(),unixepoch());
INSERT OR IGNORE INTO search_entries (id,profile_id,display_name,keywords,ancestry_path,vertical,created_at,updated_at) VALUES ('se_s09_supermarket_55d53955f76172d5','prof_s09_supermarket_55d53955f76172d5','DAMING','daming supermarket grocery store retail shopping nigeria','place_nigeria_001','commerce',unixepoch(),unixepoch());
INSERT OR IGNORE INTO seed_ingestion_records (id,seed_run_id,entity_type,entity_id,source_id,status) VALUES ('ir_s09_supermarket_55d53955f76172d5','seed_run_s09_osm_supermarkets_20260502','organization','org_s09_supermarket_55d53955f76172d5','seed_source_osm_supermarkets_ng_20260502','ingested');
INSERT OR IGNORE INTO seed_entity_sources (id,seed_run_id,entity_type,entity_id,source_id,confidence_tier) VALUES ('es_s09_supermarket_55d53955f76172d5','seed_run_s09_osm_supermarkets_20260502','organization','org_s09_supermarket_55d53955f76172d5','seed_source_osm_supermarkets_ng_20260502','seeded');
INSERT OR IGNORE INTO seed_enrichment (id,seed_run_id,entity_type,entity_id,enrichment_type,enrichment_json) VALUES ('enr_s09_supermarket_55d53955f76172d5','seed_run_s09_osm_supermarkets_20260502','organization','org_s09_supermarket_55d53955f76172d5','licence_data','{"osm_id": "4459229894", "amenity": "supermarket", "addr_state": null, "operator": null, "brand": null}');

INSERT OR IGNORE INTO organizations (id,tenant_id,organization_type,legal_name,display_name,registration_number,status,verification_state,created_at,updated_at) VALUES ('org_s09_supermarket_22e16b4b8f419c5b','tenant_platform_seed','retail_store','SOCONORD BOUTIQUE','SOCONORD BOUTIQUE',NULL,'active','seeded',unixepoch(),unixepoch());
INSERT OR IGNORE INTO profiles (id,subject_id,subject_type,primary_place_id,tenant_id,workspace_id,display_name,created_at,updated_at) VALUES ('prof_s09_supermarket_22e16b4b8f419c5b','org_s09_supermarket_22e16b4b8f419c5b','organization','place_nigeria_001','tenant_platform_seed','workspace_platform_seed_discovery','SOCONORD BOUTIQUE',unixepoch(),unixepoch());
INSERT OR IGNORE INTO search_entries (id,profile_id,display_name,keywords,ancestry_path,vertical,created_at,updated_at) VALUES ('se_s09_supermarket_22e16b4b8f419c5b','prof_s09_supermarket_22e16b4b8f419c5b','SOCONORD BOUTIQUE','soconord boutique supermarket grocery store retail shopping nigeria','place_nigeria_001','commerce',unixepoch(),unixepoch());
INSERT OR IGNORE INTO seed_ingestion_records (id,seed_run_id,entity_type,entity_id,source_id,status) VALUES ('ir_s09_supermarket_22e16b4b8f419c5b','seed_run_s09_osm_supermarkets_20260502','organization','org_s09_supermarket_22e16b4b8f419c5b','seed_source_osm_supermarkets_ng_20260502','ingested');
INSERT OR IGNORE INTO seed_entity_sources (id,seed_run_id,entity_type,entity_id,source_id,confidence_tier) VALUES ('es_s09_supermarket_22e16b4b8f419c5b','seed_run_s09_osm_supermarkets_20260502','organization','org_s09_supermarket_22e16b4b8f419c5b','seed_source_osm_supermarkets_ng_20260502','seeded');
INSERT OR IGNORE INTO seed_enrichment (id,seed_run_id,entity_type,entity_id,enrichment_type,enrichment_json) VALUES ('enr_s09_supermarket_22e16b4b8f419c5b','seed_run_s09_osm_supermarkets_20260502','organization','org_s09_supermarket_22e16b4b8f419c5b','licence_data','{"osm_id": "4459230291", "amenity": "supermarket", "addr_state": null, "operator": null, "brand": null}');

INSERT OR IGNORE INTO organizations (id,tenant_id,organization_type,legal_name,display_name,registration_number,status,verification_state,created_at,updated_at) VALUES ('org_s09_supermarket_dbe356ebb4509df4','tenant_platform_seed','retail_store','Boutique Sadou Holding SA','Boutique Sadou Holding SA',NULL,'active','seeded',unixepoch(),unixepoch());
INSERT OR IGNORE INTO profiles (id,subject_id,subject_type,primary_place_id,tenant_id,workspace_id,display_name,created_at,updated_at) VALUES ('prof_s09_supermarket_dbe356ebb4509df4','org_s09_supermarket_dbe356ebb4509df4','organization','place_nigeria_001','tenant_platform_seed','workspace_platform_seed_discovery','Boutique Sadou Holding SA',unixepoch(),unixepoch());
INSERT OR IGNORE INTO search_entries (id,profile_id,display_name,keywords,ancestry_path,vertical,created_at,updated_at) VALUES ('se_s09_supermarket_dbe356ebb4509df4','prof_s09_supermarket_dbe356ebb4509df4','Boutique Sadou Holding SA','boutique sadou holding sa supermarket grocery store retail shopping nigeria','place_nigeria_001','commerce',unixepoch(),unixepoch());
INSERT OR IGNORE INTO seed_ingestion_records (id,seed_run_id,entity_type,entity_id,source_id,status) VALUES ('ir_s09_supermarket_dbe356ebb4509df4','seed_run_s09_osm_supermarkets_20260502','organization','org_s09_supermarket_dbe356ebb4509df4','seed_source_osm_supermarkets_ng_20260502','ingested');
INSERT OR IGNORE INTO seed_entity_sources (id,seed_run_id,entity_type,entity_id,source_id,confidence_tier) VALUES ('es_s09_supermarket_dbe356ebb4509df4','seed_run_s09_osm_supermarkets_20260502','organization','org_s09_supermarket_dbe356ebb4509df4','seed_source_osm_supermarkets_ng_20260502','seeded');
INSERT OR IGNORE INTO seed_enrichment (id,seed_run_id,entity_type,entity_id,enrichment_type,enrichment_json) VALUES ('enr_s09_supermarket_dbe356ebb4509df4','seed_run_s09_osm_supermarkets_20260502','organization','org_s09_supermarket_dbe356ebb4509df4','licence_data','{"osm_id": "4729004592", "amenity": "supermarket", "addr_state": null, "operator": null, "brand": null}');

INSERT OR IGNORE INTO organizations (id,tenant_id,organization_type,legal_name,display_name,registration_number,status,verification_state,created_at,updated_at) VALUES ('org_s09_supermarket_c23c42934dd59bfe','tenant_platform_seed','retail_store','Hier Thermocool Showroom','Hier Thermocool Showroom',NULL,'active','seeded',unixepoch(),unixepoch());
INSERT OR IGNORE INTO profiles (id,subject_id,subject_type,primary_place_id,tenant_id,workspace_id,display_name,created_at,updated_at) VALUES ('prof_s09_supermarket_c23c42934dd59bfe','org_s09_supermarket_c23c42934dd59bfe','organization','place_nigeria_001','tenant_platform_seed','workspace_platform_seed_discovery','Hier Thermocool Showroom',unixepoch(),unixepoch());
INSERT OR IGNORE INTO search_entries (id,profile_id,display_name,keywords,ancestry_path,vertical,created_at,updated_at) VALUES ('se_s09_supermarket_c23c42934dd59bfe','prof_s09_supermarket_c23c42934dd59bfe','Hier Thermocool Showroom','hier thermocool showroom supermarket grocery store retail shopping nigeria','place_nigeria_001','commerce',unixepoch(),unixepoch());
INSERT OR IGNORE INTO seed_ingestion_records (id,seed_run_id,entity_type,entity_id,source_id,status) VALUES ('ir_s09_supermarket_c23c42934dd59bfe','seed_run_s09_osm_supermarkets_20260502','organization','org_s09_supermarket_c23c42934dd59bfe','seed_source_osm_supermarkets_ng_20260502','ingested');
INSERT OR IGNORE INTO seed_entity_sources (id,seed_run_id,entity_type,entity_id,source_id,confidence_tier) VALUES ('es_s09_supermarket_c23c42934dd59bfe','seed_run_s09_osm_supermarkets_20260502','organization','org_s09_supermarket_c23c42934dd59bfe','seed_source_osm_supermarkets_ng_20260502','seeded');
INSERT OR IGNORE INTO seed_enrichment (id,seed_run_id,entity_type,entity_id,enrichment_type,enrichment_json) VALUES ('enr_s09_supermarket_c23c42934dd59bfe','seed_run_s09_osm_supermarkets_20260502','organization','org_s09_supermarket_c23c42934dd59bfe','licence_data','{"osm_id": "5418226668", "amenity": "supermarket", "addr_state": null, "operator": "Hier Thermocool", "brand": null}');

INSERT OR IGNORE INTO organizations (id,tenant_id,organization_type,legal_name,display_name,registration_number,status,verification_state,created_at,updated_at) VALUES ('org_s09_supermarket_29ee6b0aa36b20de','tenant_platform_seed','retail_store','Ike supermaket','Ike supermaket',NULL,'active','seeded',unixepoch(),unixepoch());
INSERT OR IGNORE INTO profiles (id,subject_id,subject_type,primary_place_id,tenant_id,workspace_id,display_name,created_at,updated_at) VALUES ('prof_s09_supermarket_29ee6b0aa36b20de','org_s09_supermarket_29ee6b0aa36b20de','organization','place_nigeria_001','tenant_platform_seed','workspace_platform_seed_discovery','Ike supermaket',unixepoch(),unixepoch());
INSERT OR IGNORE INTO search_entries (id,profile_id,display_name,keywords,ancestry_path,vertical,created_at,updated_at) VALUES ('se_s09_supermarket_29ee6b0aa36b20de','prof_s09_supermarket_29ee6b0aa36b20de','Ike supermaket','ike supermaket supermarket grocery store retail shopping nigeria','place_nigeria_001','commerce',unixepoch(),unixepoch());
INSERT OR IGNORE INTO seed_ingestion_records (id,seed_run_id,entity_type,entity_id,source_id,status) VALUES ('ir_s09_supermarket_29ee6b0aa36b20de','seed_run_s09_osm_supermarkets_20260502','organization','org_s09_supermarket_29ee6b0aa36b20de','seed_source_osm_supermarkets_ng_20260502','ingested');
INSERT OR IGNORE INTO seed_entity_sources (id,seed_run_id,entity_type,entity_id,source_id,confidence_tier) VALUES ('es_s09_supermarket_29ee6b0aa36b20de','seed_run_s09_osm_supermarkets_20260502','organization','org_s09_supermarket_29ee6b0aa36b20de','seed_source_osm_supermarkets_ng_20260502','seeded');
INSERT OR IGNORE INTO seed_enrichment (id,seed_run_id,entity_type,entity_id,enrichment_type,enrichment_json) VALUES ('enr_s09_supermarket_29ee6b0aa36b20de','seed_run_s09_osm_supermarkets_20260502','organization','org_s09_supermarket_29ee6b0aa36b20de','licence_data','{"osm_id": "5437237442", "amenity": "supermarket", "addr_state": null, "operator": "Mr. Ike", "brand": null}');

INSERT OR IGNORE INTO organizations (id,tenant_id,organization_type,legal_name,display_name,registration_number,status,verification_state,created_at,updated_at) VALUES ('org_s09_supermarket_444b6964411485fd','tenant_platform_seed','retail_store','CEDARS Supermarket','CEDARS Supermarket',NULL,'active','seeded',unixepoch(),unixepoch());
INSERT OR IGNORE INTO profiles (id,subject_id,subject_type,primary_place_id,tenant_id,workspace_id,display_name,created_at,updated_at) VALUES ('prof_s09_supermarket_444b6964411485fd','org_s09_supermarket_444b6964411485fd','organization','place_nigeria_001','tenant_platform_seed','workspace_platform_seed_discovery','CEDARS Supermarket',unixepoch(),unixepoch());
INSERT OR IGNORE INTO search_entries (id,profile_id,display_name,keywords,ancestry_path,vertical,created_at,updated_at) VALUES ('se_s09_supermarket_444b6964411485fd','prof_s09_supermarket_444b6964411485fd','CEDARS Supermarket','cedars supermarket supermarket grocery store retail shopping nigeria','place_nigeria_001','commerce',unixepoch(),unixepoch());
INSERT OR IGNORE INTO seed_ingestion_records (id,seed_run_id,entity_type,entity_id,source_id,status) VALUES ('ir_s09_supermarket_444b6964411485fd','seed_run_s09_osm_supermarkets_20260502','organization','org_s09_supermarket_444b6964411485fd','seed_source_osm_supermarkets_ng_20260502','ingested');
INSERT OR IGNORE INTO seed_entity_sources (id,seed_run_id,entity_type,entity_id,source_id,confidence_tier) VALUES ('es_s09_supermarket_444b6964411485fd','seed_run_s09_osm_supermarkets_20260502','organization','org_s09_supermarket_444b6964411485fd','seed_source_osm_supermarkets_ng_20260502','seeded');
INSERT OR IGNORE INTO seed_enrichment (id,seed_run_id,entity_type,entity_id,enrichment_type,enrichment_json) VALUES ('enr_s09_supermarket_444b6964411485fd','seed_run_s09_osm_supermarkets_20260502','organization','org_s09_supermarket_444b6964411485fd','licence_data','{"osm_id": "5566990121", "amenity": "supermarket", "addr_state": null, "operator": null, "brand": null}');

INSERT OR IGNORE INTO organizations (id,tenant_id,organization_type,legal_name,display_name,registration_number,status,verification_state,created_at,updated_at) VALUES ('org_s09_supermarket_38a4a68ea970a59d','tenant_platform_seed','retail_store','boutique ISAC','boutique ISAC',NULL,'active','seeded',unixepoch(),unixepoch());
INSERT OR IGNORE INTO profiles (id,subject_id,subject_type,primary_place_id,tenant_id,workspace_id,display_name,created_at,updated_at) VALUES ('prof_s09_supermarket_38a4a68ea970a59d','org_s09_supermarket_38a4a68ea970a59d','organization','place_nigeria_001','tenant_platform_seed','workspace_platform_seed_discovery','boutique ISAC',unixepoch(),unixepoch());
INSERT OR IGNORE INTO search_entries (id,profile_id,display_name,keywords,ancestry_path,vertical,created_at,updated_at) VALUES ('se_s09_supermarket_38a4a68ea970a59d','prof_s09_supermarket_38a4a68ea970a59d','boutique ISAC','boutique isac supermarket grocery store retail shopping nigeria','place_nigeria_001','commerce',unixepoch(),unixepoch());
INSERT OR IGNORE INTO seed_ingestion_records (id,seed_run_id,entity_type,entity_id,source_id,status) VALUES ('ir_s09_supermarket_38a4a68ea970a59d','seed_run_s09_osm_supermarkets_20260502','organization','org_s09_supermarket_38a4a68ea970a59d','seed_source_osm_supermarkets_ng_20260502','ingested');
INSERT OR IGNORE INTO seed_entity_sources (id,seed_run_id,entity_type,entity_id,source_id,confidence_tier) VALUES ('es_s09_supermarket_38a4a68ea970a59d','seed_run_s09_osm_supermarkets_20260502','organization','org_s09_supermarket_38a4a68ea970a59d','seed_source_osm_supermarkets_ng_20260502','seeded');
INSERT OR IGNORE INTO seed_enrichment (id,seed_run_id,entity_type,entity_id,enrichment_type,enrichment_json) VALUES ('enr_s09_supermarket_38a4a68ea970a59d','seed_run_s09_osm_supermarkets_20260502','organization','org_s09_supermarket_38a4a68ea970a59d','licence_data','{"osm_id": "6018666180", "amenity": "supermarket", "addr_state": null, "operator": null, "brand": null}');

INSERT OR IGNORE INTO organizations (id,tenant_id,organization_type,legal_name,display_name,registration_number,status,verification_state,created_at,updated_at) VALUES ('org_s09_supermarket_003018b31ab8ea48','tenant_platform_seed','retail_store','Gidan Kalwa','Gidan Kalwa',NULL,'active','seeded',unixepoch(),unixepoch());
INSERT OR IGNORE INTO profiles (id,subject_id,subject_type,primary_place_id,tenant_id,workspace_id,display_name,created_at,updated_at) VALUES ('prof_s09_supermarket_003018b31ab8ea48','org_s09_supermarket_003018b31ab8ea48','organization','place_nigeria_001','tenant_platform_seed','workspace_platform_seed_discovery','Gidan Kalwa',unixepoch(),unixepoch());
INSERT OR IGNORE INTO search_entries (id,profile_id,display_name,keywords,ancestry_path,vertical,created_at,updated_at) VALUES ('se_s09_supermarket_003018b31ab8ea48','prof_s09_supermarket_003018b31ab8ea48','Gidan Kalwa','gidan kalwa supermarket grocery store retail shopping nigeria','place_nigeria_001','commerce',unixepoch(),unixepoch());
INSERT OR IGNORE INTO seed_ingestion_records (id,seed_run_id,entity_type,entity_id,source_id,status) VALUES ('ir_s09_supermarket_003018b31ab8ea48','seed_run_s09_osm_supermarkets_20260502','organization','org_s09_supermarket_003018b31ab8ea48','seed_source_osm_supermarkets_ng_20260502','ingested');
INSERT OR IGNORE INTO seed_entity_sources (id,seed_run_id,entity_type,entity_id,source_id,confidence_tier) VALUES ('es_s09_supermarket_003018b31ab8ea48','seed_run_s09_osm_supermarkets_20260502','organization','org_s09_supermarket_003018b31ab8ea48','seed_source_osm_supermarkets_ng_20260502','seeded');
INSERT OR IGNORE INTO seed_enrichment (id,seed_run_id,entity_type,entity_id,enrichment_type,enrichment_json) VALUES ('enr_s09_supermarket_003018b31ab8ea48','seed_run_s09_osm_supermarkets_20260502','organization','org_s09_supermarket_003018b31ab8ea48','licence_data','{"osm_id": "6121081029", "amenity": "supermarket", "addr_state": null, "operator": null, "brand": null}');

INSERT OR IGNORE INTO organizations (id,tenant_id,organization_type,legal_name,display_name,registration_number,status,verification_state,created_at,updated_at) VALUES ('org_s09_supermarket_78a83be647e57ecb','tenant_platform_seed','retail_store','Alimentation Barka','Alimentation Barka',NULL,'active','seeded',unixepoch(),unixepoch());
INSERT OR IGNORE INTO profiles (id,subject_id,subject_type,primary_place_id,tenant_id,workspace_id,display_name,created_at,updated_at) VALUES ('prof_s09_supermarket_78a83be647e57ecb','org_s09_supermarket_78a83be647e57ecb','organization','place_nigeria_001','tenant_platform_seed','workspace_platform_seed_discovery','Alimentation Barka',unixepoch(),unixepoch());
INSERT OR IGNORE INTO search_entries (id,profile_id,display_name,keywords,ancestry_path,vertical,created_at,updated_at) VALUES ('se_s09_supermarket_78a83be647e57ecb','prof_s09_supermarket_78a83be647e57ecb','Alimentation Barka','alimentation barka supermarket grocery store retail shopping nigeria','place_nigeria_001','commerce',unixepoch(),unixepoch());
INSERT OR IGNORE INTO seed_ingestion_records (id,seed_run_id,entity_type,entity_id,source_id,status) VALUES ('ir_s09_supermarket_78a83be647e57ecb','seed_run_s09_osm_supermarkets_20260502','organization','org_s09_supermarket_78a83be647e57ecb','seed_source_osm_supermarkets_ng_20260502','ingested');
INSERT OR IGNORE INTO seed_entity_sources (id,seed_run_id,entity_type,entity_id,source_id,confidence_tier) VALUES ('es_s09_supermarket_78a83be647e57ecb','seed_run_s09_osm_supermarkets_20260502','organization','org_s09_supermarket_78a83be647e57ecb','seed_source_osm_supermarkets_ng_20260502','seeded');
INSERT OR IGNORE INTO seed_enrichment (id,seed_run_id,entity_type,entity_id,enrichment_type,enrichment_json) VALUES ('enr_s09_supermarket_78a83be647e57ecb','seed_run_s09_osm_supermarkets_20260502','organization','org_s09_supermarket_78a83be647e57ecb','licence_data','{"osm_id": "6670494233", "amenity": "supermarket", "addr_state": null, "operator": null, "brand": null}');

INSERT OR IGNORE INTO organizations (id,tenant_id,organization_type,legal_name,display_name,registration_number,status,verification_state,created_at,updated_at) VALUES ('org_s09_supermarket_03bcfeb4c1709159','tenant_platform_seed','retail_store','Repro Service','Repro Service',NULL,'active','seeded',unixepoch(),unixepoch());
INSERT OR IGNORE INTO profiles (id,subject_id,subject_type,primary_place_id,tenant_id,workspace_id,display_name,created_at,updated_at) VALUES ('prof_s09_supermarket_03bcfeb4c1709159','org_s09_supermarket_03bcfeb4c1709159','organization','place_nigeria_001','tenant_platform_seed','workspace_platform_seed_discovery','Repro Service',unixepoch(),unixepoch());
INSERT OR IGNORE INTO search_entries (id,profile_id,display_name,keywords,ancestry_path,vertical,created_at,updated_at) VALUES ('se_s09_supermarket_03bcfeb4c1709159','prof_s09_supermarket_03bcfeb4c1709159','Repro Service','repro service supermarket grocery store retail shopping nigeria','place_nigeria_001','commerce',unixepoch(),unixepoch());
INSERT OR IGNORE INTO seed_ingestion_records (id,seed_run_id,entity_type,entity_id,source_id,status) VALUES ('ir_s09_supermarket_03bcfeb4c1709159','seed_run_s09_osm_supermarkets_20260502','organization','org_s09_supermarket_03bcfeb4c1709159','seed_source_osm_supermarkets_ng_20260502','ingested');
INSERT OR IGNORE INTO seed_entity_sources (id,seed_run_id,entity_type,entity_id,source_id,confidence_tier) VALUES ('es_s09_supermarket_03bcfeb4c1709159','seed_run_s09_osm_supermarkets_20260502','organization','org_s09_supermarket_03bcfeb4c1709159','seed_source_osm_supermarkets_ng_20260502','seeded');
INSERT OR IGNORE INTO seed_enrichment (id,seed_run_id,entity_type,entity_id,enrichment_type,enrichment_json) VALUES ('enr_s09_supermarket_03bcfeb4c1709159','seed_run_s09_osm_supermarkets_20260502','organization','org_s09_supermarket_03bcfeb4c1709159','licence_data','{"osm_id": "6673744138", "amenity": "supermarket", "addr_state": null, "operator": null, "brand": null}');

INSERT OR IGNORE INTO organizations (id,tenant_id,organization_type,legal_name,display_name,registration_number,status,verification_state,created_at,updated_at) VALUES ('org_s09_supermarket_339c4529e7913cd9','tenant_platform_seed','retail_store','Supermarché','Supermarché',NULL,'active','seeded',unixepoch(),unixepoch());
INSERT OR IGNORE INTO profiles (id,subject_id,subject_type,primary_place_id,tenant_id,workspace_id,display_name,created_at,updated_at) VALUES ('prof_s09_supermarket_339c4529e7913cd9','org_s09_supermarket_339c4529e7913cd9','organization','place_nigeria_001','tenant_platform_seed','workspace_platform_seed_discovery','Supermarché',unixepoch(),unixepoch());
INSERT OR IGNORE INTO search_entries (id,profile_id,display_name,keywords,ancestry_path,vertical,created_at,updated_at) VALUES ('se_s09_supermarket_339c4529e7913cd9','prof_s09_supermarket_339c4529e7913cd9','Supermarché','supermarché supermarket grocery store retail shopping nigeria','place_nigeria_001','commerce',unixepoch(),unixepoch());
INSERT OR IGNORE INTO seed_ingestion_records (id,seed_run_id,entity_type,entity_id,source_id,status) VALUES ('ir_s09_supermarket_339c4529e7913cd9','seed_run_s09_osm_supermarkets_20260502','organization','org_s09_supermarket_339c4529e7913cd9','seed_source_osm_supermarkets_ng_20260502','ingested');
INSERT OR IGNORE INTO seed_entity_sources (id,seed_run_id,entity_type,entity_id,source_id,confidence_tier) VALUES ('es_s09_supermarket_339c4529e7913cd9','seed_run_s09_osm_supermarkets_20260502','organization','org_s09_supermarket_339c4529e7913cd9','seed_source_osm_supermarkets_ng_20260502','seeded');
INSERT OR IGNORE INTO seed_enrichment (id,seed_run_id,entity_type,entity_id,enrichment_type,enrichment_json) VALUES ('enr_s09_supermarket_339c4529e7913cd9','seed_run_s09_osm_supermarkets_20260502','organization','org_s09_supermarket_339c4529e7913cd9','licence_data','{"osm_id": "6673744139", "amenity": "supermarket", "addr_state": null, "operator": null, "brand": null}');

INSERT OR IGNORE INTO organizations (id,tenant_id,organization_type,legal_name,display_name,registration_number,status,verification_state,created_at,updated_at) VALUES ('org_s09_supermarket_3643ab5a0d31854c','tenant_platform_seed','retail_store','Amariya Boutique','Amariya Boutique',NULL,'active','seeded',unixepoch(),unixepoch());
INSERT OR IGNORE INTO profiles (id,subject_id,subject_type,primary_place_id,tenant_id,workspace_id,display_name,created_at,updated_at) VALUES ('prof_s09_supermarket_3643ab5a0d31854c','org_s09_supermarket_3643ab5a0d31854c','organization','place_nigeria_001','tenant_platform_seed','workspace_platform_seed_discovery','Amariya Boutique',unixepoch(),unixepoch());
INSERT OR IGNORE INTO search_entries (id,profile_id,display_name,keywords,ancestry_path,vertical,created_at,updated_at) VALUES ('se_s09_supermarket_3643ab5a0d31854c','prof_s09_supermarket_3643ab5a0d31854c','Amariya Boutique','amariya boutique supermarket grocery store retail shopping nigeria','place_nigeria_001','commerce',unixepoch(),unixepoch());
INSERT OR IGNORE INTO seed_ingestion_records (id,seed_run_id,entity_type,entity_id,source_id,status) VALUES ('ir_s09_supermarket_3643ab5a0d31854c','seed_run_s09_osm_supermarkets_20260502','organization','org_s09_supermarket_3643ab5a0d31854c','seed_source_osm_supermarkets_ng_20260502','ingested');
INSERT OR IGNORE INTO seed_entity_sources (id,seed_run_id,entity_type,entity_id,source_id,confidence_tier) VALUES ('es_s09_supermarket_3643ab5a0d31854c','seed_run_s09_osm_supermarkets_20260502','organization','org_s09_supermarket_3643ab5a0d31854c','seed_source_osm_supermarkets_ng_20260502','seeded');
INSERT OR IGNORE INTO seed_enrichment (id,seed_run_id,entity_type,entity_id,enrichment_type,enrichment_json) VALUES ('enr_s09_supermarket_3643ab5a0d31854c','seed_run_s09_osm_supermarkets_20260502','organization','org_s09_supermarket_3643ab5a0d31854c','licence_data','{"osm_id": "6673744140", "amenity": "supermarket", "addr_state": null, "operator": null, "brand": null}');

INSERT OR IGNORE INTO organizations (id,tenant_id,organization_type,legal_name,display_name,registration_number,status,verification_state,created_at,updated_at) VALUES ('org_s09_supermarket_68628cd68d6c140d','tenant_platform_seed','retail_store','Afrilux Sa','Afrilux Sa',NULL,'active','seeded',unixepoch(),unixepoch());
INSERT OR IGNORE INTO profiles (id,subject_id,subject_type,primary_place_id,tenant_id,workspace_id,display_name,created_at,updated_at) VALUES ('prof_s09_supermarket_68628cd68d6c140d','org_s09_supermarket_68628cd68d6c140d','organization','place_nigeria_001','tenant_platform_seed','workspace_platform_seed_discovery','Afrilux Sa',unixepoch(),unixepoch());
INSERT OR IGNORE INTO search_entries (id,profile_id,display_name,keywords,ancestry_path,vertical,created_at,updated_at) VALUES ('se_s09_supermarket_68628cd68d6c140d','prof_s09_supermarket_68628cd68d6c140d','Afrilux Sa','afrilux sa supermarket grocery store retail shopping nigeria','place_nigeria_001','commerce',unixepoch(),unixepoch());
INSERT OR IGNORE INTO seed_ingestion_records (id,seed_run_id,entity_type,entity_id,source_id,status) VALUES ('ir_s09_supermarket_68628cd68d6c140d','seed_run_s09_osm_supermarkets_20260502','organization','org_s09_supermarket_68628cd68d6c140d','seed_source_osm_supermarkets_ng_20260502','ingested');
INSERT OR IGNORE INTO seed_entity_sources (id,seed_run_id,entity_type,entity_id,source_id,confidence_tier) VALUES ('es_s09_supermarket_68628cd68d6c140d','seed_run_s09_osm_supermarkets_20260502','organization','org_s09_supermarket_68628cd68d6c140d','seed_source_osm_supermarkets_ng_20260502','seeded');
INSERT OR IGNORE INTO seed_enrichment (id,seed_run_id,entity_type,entity_id,enrichment_type,enrichment_json) VALUES ('enr_s09_supermarket_68628cd68d6c140d','seed_run_s09_osm_supermarkets_20260502','organization','org_s09_supermarket_68628cd68d6c140d','licence_data','{"osm_id": "6673744141", "amenity": "supermarket", "addr_state": null, "operator": null, "brand": null}');

INSERT OR IGNORE INTO organizations (id,tenant_id,organization_type,legal_name,display_name,registration_number,status,verification_state,created_at,updated_at) VALUES ('org_s09_supermarket_db417e3aedbbe2b6','tenant_platform_seed','retail_store','Office Sa','Office Sa',NULL,'active','seeded',unixepoch(),unixepoch());
INSERT OR IGNORE INTO profiles (id,subject_id,subject_type,primary_place_id,tenant_id,workspace_id,display_name,created_at,updated_at) VALUES ('prof_s09_supermarket_db417e3aedbbe2b6','org_s09_supermarket_db417e3aedbbe2b6','organization','place_nigeria_001','tenant_platform_seed','workspace_platform_seed_discovery','Office Sa',unixepoch(),unixepoch());
INSERT OR IGNORE INTO search_entries (id,profile_id,display_name,keywords,ancestry_path,vertical,created_at,updated_at) VALUES ('se_s09_supermarket_db417e3aedbbe2b6','prof_s09_supermarket_db417e3aedbbe2b6','Office Sa','office sa supermarket grocery store retail shopping nigeria','place_nigeria_001','commerce',unixepoch(),unixepoch());
INSERT OR IGNORE INTO seed_ingestion_records (id,seed_run_id,entity_type,entity_id,source_id,status) VALUES ('ir_s09_supermarket_db417e3aedbbe2b6','seed_run_s09_osm_supermarkets_20260502','organization','org_s09_supermarket_db417e3aedbbe2b6','seed_source_osm_supermarkets_ng_20260502','ingested');
INSERT OR IGNORE INTO seed_entity_sources (id,seed_run_id,entity_type,entity_id,source_id,confidence_tier) VALUES ('es_s09_supermarket_db417e3aedbbe2b6','seed_run_s09_osm_supermarkets_20260502','organization','org_s09_supermarket_db417e3aedbbe2b6','seed_source_osm_supermarkets_ng_20260502','seeded');
INSERT OR IGNORE INTO seed_enrichment (id,seed_run_id,entity_type,entity_id,enrichment_type,enrichment_json) VALUES ('enr_s09_supermarket_db417e3aedbbe2b6','seed_run_s09_osm_supermarkets_20260502','organization','org_s09_supermarket_db417e3aedbbe2b6','licence_data','{"osm_id": "6673744142", "amenity": "supermarket", "addr_state": null, "operator": null, "brand": null}');

INSERT OR IGNORE INTO organizations (id,tenant_id,organization_type,legal_name,display_name,registration_number,status,verification_state,created_at,updated_at) VALUES ('org_s09_supermarket_36bd893a2b9036d2','tenant_platform_seed','retail_store','Supermarche Saphir','Supermarche Saphir',NULL,'active','seeded',unixepoch(),unixepoch());
INSERT OR IGNORE INTO profiles (id,subject_id,subject_type,primary_place_id,tenant_id,workspace_id,display_name,created_at,updated_at) VALUES ('prof_s09_supermarket_36bd893a2b9036d2','org_s09_supermarket_36bd893a2b9036d2','organization','place_nigeria_001','tenant_platform_seed','workspace_platform_seed_discovery','Supermarche Saphir',unixepoch(),unixepoch());
INSERT OR IGNORE INTO search_entries (id,profile_id,display_name,keywords,ancestry_path,vertical,created_at,updated_at) VALUES ('se_s09_supermarket_36bd893a2b9036d2','prof_s09_supermarket_36bd893a2b9036d2','Supermarche Saphir','supermarche saphir supermarket grocery store retail shopping nigeria','place_nigeria_001','commerce',unixepoch(),unixepoch());
INSERT OR IGNORE INTO seed_ingestion_records (id,seed_run_id,entity_type,entity_id,source_id,status) VALUES ('ir_s09_supermarket_36bd893a2b9036d2','seed_run_s09_osm_supermarkets_20260502','organization','org_s09_supermarket_36bd893a2b9036d2','seed_source_osm_supermarkets_ng_20260502','ingested');
INSERT OR IGNORE INTO seed_entity_sources (id,seed_run_id,entity_type,entity_id,source_id,confidence_tier) VALUES ('es_s09_supermarket_36bd893a2b9036d2','seed_run_s09_osm_supermarkets_20260502','organization','org_s09_supermarket_36bd893a2b9036d2','seed_source_osm_supermarkets_ng_20260502','seeded');
INSERT OR IGNORE INTO seed_enrichment (id,seed_run_id,entity_type,entity_id,enrichment_type,enrichment_json) VALUES ('enr_s09_supermarket_36bd893a2b9036d2','seed_run_s09_osm_supermarkets_20260502','organization','org_s09_supermarket_36bd893a2b9036d2','licence_data','{"osm_id": "6673744143", "amenity": "supermarket", "addr_state": null, "operator": null, "brand": null}');

INSERT OR IGNORE INTO organizations (id,tenant_id,organization_type,legal_name,display_name,registration_number,status,verification_state,created_at,updated_at) VALUES ('org_s09_supermarket_1a4b0c1b143475ed','tenant_platform_seed','retail_store','Kasuwan Mata','Kasuwan Mata',NULL,'active','seeded',unixepoch(),unixepoch());
INSERT OR IGNORE INTO profiles (id,subject_id,subject_type,primary_place_id,tenant_id,workspace_id,display_name,created_at,updated_at) VALUES ('prof_s09_supermarket_1a4b0c1b143475ed','org_s09_supermarket_1a4b0c1b143475ed','organization','place_nigeria_001','tenant_platform_seed','workspace_platform_seed_discovery','Kasuwan Mata',unixepoch(),unixepoch());
INSERT OR IGNORE INTO search_entries (id,profile_id,display_name,keywords,ancestry_path,vertical,created_at,updated_at) VALUES ('se_s09_supermarket_1a4b0c1b143475ed','prof_s09_supermarket_1a4b0c1b143475ed','Kasuwan Mata','kasuwan mata supermarket grocery store retail shopping nigeria','place_nigeria_001','commerce',unixepoch(),unixepoch());
INSERT OR IGNORE INTO seed_ingestion_records (id,seed_run_id,entity_type,entity_id,source_id,status) VALUES ('ir_s09_supermarket_1a4b0c1b143475ed','seed_run_s09_osm_supermarkets_20260502','organization','org_s09_supermarket_1a4b0c1b143475ed','seed_source_osm_supermarkets_ng_20260502','ingested');
INSERT OR IGNORE INTO seed_entity_sources (id,seed_run_id,entity_type,entity_id,source_id,confidence_tier) VALUES ('es_s09_supermarket_1a4b0c1b143475ed','seed_run_s09_osm_supermarkets_20260502','organization','org_s09_supermarket_1a4b0c1b143475ed','seed_source_osm_supermarkets_ng_20260502','seeded');
INSERT OR IGNORE INTO seed_enrichment (id,seed_run_id,entity_type,entity_id,enrichment_type,enrichment_json) VALUES ('enr_s09_supermarket_1a4b0c1b143475ed','seed_run_s09_osm_supermarkets_20260502','organization','org_s09_supermarket_1a4b0c1b143475ed','licence_data','{"osm_id": "7253718186", "amenity": "supermarket", "addr_state": null, "operator": null, "brand": null}');

INSERT OR IGNORE INTO organizations (id,tenant_id,organization_type,legal_name,display_name,registration_number,status,verification_state,created_at,updated_at) VALUES ('org_s09_supermarket_fad37a80b17b6388','tenant_platform_seed','retail_store','Sadiq shopping complex','Sadiq shopping complex',NULL,'active','seeded',unixepoch(),unixepoch());
INSERT OR IGNORE INTO profiles (id,subject_id,subject_type,primary_place_id,tenant_id,workspace_id,display_name,created_at,updated_at) VALUES ('prof_s09_supermarket_fad37a80b17b6388','org_s09_supermarket_fad37a80b17b6388','organization','place_nigeria_001','tenant_platform_seed','workspace_platform_seed_discovery','Sadiq shopping complex',unixepoch(),unixepoch());
INSERT OR IGNORE INTO search_entries (id,profile_id,display_name,keywords,ancestry_path,vertical,created_at,updated_at) VALUES ('se_s09_supermarket_fad37a80b17b6388','prof_s09_supermarket_fad37a80b17b6388','Sadiq shopping complex','sadiq shopping complex supermarket grocery store retail shopping nigeria','place_nigeria_001','commerce',unixepoch(),unixepoch());
INSERT OR IGNORE INTO seed_ingestion_records (id,seed_run_id,entity_type,entity_id,source_id,status) VALUES ('ir_s09_supermarket_fad37a80b17b6388','seed_run_s09_osm_supermarkets_20260502','organization','org_s09_supermarket_fad37a80b17b6388','seed_source_osm_supermarkets_ng_20260502','ingested');
INSERT OR IGNORE INTO seed_entity_sources (id,seed_run_id,entity_type,entity_id,source_id,confidence_tier) VALUES ('es_s09_supermarket_fad37a80b17b6388','seed_run_s09_osm_supermarkets_20260502','organization','org_s09_supermarket_fad37a80b17b6388','seed_source_osm_supermarkets_ng_20260502','seeded');
INSERT OR IGNORE INTO seed_enrichment (id,seed_run_id,entity_type,entity_id,enrichment_type,enrichment_json) VALUES ('enr_s09_supermarket_fad37a80b17b6388','seed_run_s09_osm_supermarkets_20260502','organization','org_s09_supermarket_fad37a80b17b6388','licence_data','{"osm_id": "7312493988", "amenity": "supermarket", "addr_state": null, "operator": null, "brand": null}');

INSERT OR IGNORE INTO organizations (id,tenant_id,organization_type,legal_name,display_name,registration_number,status,verification_state,created_at,updated_at) VALUES ('org_s09_supermarket_37889ef116b26399','tenant_platform_seed','retail_store','Nassarawo plaza','Nassarawo plaza',NULL,'active','seeded',unixepoch(),unixepoch());
INSERT OR IGNORE INTO profiles (id,subject_id,subject_type,primary_place_id,tenant_id,workspace_id,display_name,created_at,updated_at) VALUES ('prof_s09_supermarket_37889ef116b26399','org_s09_supermarket_37889ef116b26399','organization','place_nigeria_001','tenant_platform_seed','workspace_platform_seed_discovery','Nassarawo plaza',unixepoch(),unixepoch());
INSERT OR IGNORE INTO search_entries (id,profile_id,display_name,keywords,ancestry_path,vertical,created_at,updated_at) VALUES ('se_s09_supermarket_37889ef116b26399','prof_s09_supermarket_37889ef116b26399','Nassarawo plaza','nassarawo plaza supermarket grocery store retail shopping nigeria','place_nigeria_001','commerce',unixepoch(),unixepoch());
INSERT OR IGNORE INTO seed_ingestion_records (id,seed_run_id,entity_type,entity_id,source_id,status) VALUES ('ir_s09_supermarket_37889ef116b26399','seed_run_s09_osm_supermarkets_20260502','organization','org_s09_supermarket_37889ef116b26399','seed_source_osm_supermarkets_ng_20260502','ingested');
INSERT OR IGNORE INTO seed_entity_sources (id,seed_run_id,entity_type,entity_id,source_id,confidence_tier) VALUES ('es_s09_supermarket_37889ef116b26399','seed_run_s09_osm_supermarkets_20260502','organization','org_s09_supermarket_37889ef116b26399','seed_source_osm_supermarkets_ng_20260502','seeded');
INSERT OR IGNORE INTO seed_enrichment (id,seed_run_id,entity_type,entity_id,enrichment_type,enrichment_json) VALUES ('enr_s09_supermarket_37889ef116b26399','seed_run_s09_osm_supermarkets_20260502','organization','org_s09_supermarket_37889ef116b26399','licence_data','{"osm_id": "7327941087", "amenity": "supermarket", "addr_state": null, "operator": null, "brand": null}');

INSERT OR IGNORE INTO organizations (id,tenant_id,organization_type,legal_name,display_name,registration_number,status,verification_state,created_at,updated_at) VALUES ('org_s09_supermarket_922d4edd918ad155','tenant_platform_seed','retail_store','ABU SHURAHBIL SUPER STORE','ABU SHURAHBIL SUPER STORE',NULL,'active','seeded',unixepoch(),unixepoch());
INSERT OR IGNORE INTO profiles (id,subject_id,subject_type,primary_place_id,tenant_id,workspace_id,display_name,created_at,updated_at) VALUES ('prof_s09_supermarket_922d4edd918ad155','org_s09_supermarket_922d4edd918ad155','organization','place_nigeria_001','tenant_platform_seed','workspace_platform_seed_discovery','ABU SHURAHBIL SUPER STORE',unixepoch(),unixepoch());
INSERT OR IGNORE INTO search_entries (id,profile_id,display_name,keywords,ancestry_path,vertical,created_at,updated_at) VALUES ('se_s09_supermarket_922d4edd918ad155','prof_s09_supermarket_922d4edd918ad155','ABU SHURAHBIL SUPER STORE','abu shurahbil super store supermarket grocery store retail shopping nigeria','place_nigeria_001','commerce',unixepoch(),unixepoch());
INSERT OR IGNORE INTO seed_ingestion_records (id,seed_run_id,entity_type,entity_id,source_id,status) VALUES ('ir_s09_supermarket_922d4edd918ad155','seed_run_s09_osm_supermarkets_20260502','organization','org_s09_supermarket_922d4edd918ad155','seed_source_osm_supermarkets_ng_20260502','ingested');
INSERT OR IGNORE INTO seed_entity_sources (id,seed_run_id,entity_type,entity_id,source_id,confidence_tier) VALUES ('es_s09_supermarket_922d4edd918ad155','seed_run_s09_osm_supermarkets_20260502','organization','org_s09_supermarket_922d4edd918ad155','seed_source_osm_supermarkets_ng_20260502','seeded');
INSERT OR IGNORE INTO seed_enrichment (id,seed_run_id,entity_type,entity_id,enrichment_type,enrichment_json) VALUES ('enr_s09_supermarket_922d4edd918ad155','seed_run_s09_osm_supermarkets_20260502','organization','org_s09_supermarket_922d4edd918ad155','licence_data','{"osm_id": "7345603186", "amenity": "supermarket", "addr_state": null, "operator": null, "brand": null}');

INSERT OR IGNORE INTO organizations (id,tenant_id,organization_type,legal_name,display_name,registration_number,status,verification_state,created_at,updated_at) VALUES ('org_s09_supermarket_7580f8e64ee5fb7c','tenant_platform_seed','retail_store','Gombe Timber market junction','Gombe Timber market junction',NULL,'active','seeded',unixepoch(),unixepoch());
INSERT OR IGNORE INTO profiles (id,subject_id,subject_type,primary_place_id,tenant_id,workspace_id,display_name,created_at,updated_at) VALUES ('prof_s09_supermarket_7580f8e64ee5fb7c','org_s09_supermarket_7580f8e64ee5fb7c','organization','place_nigeria_001','tenant_platform_seed','workspace_platform_seed_discovery','Gombe Timber market junction',unixepoch(),unixepoch());
INSERT OR IGNORE INTO search_entries (id,profile_id,display_name,keywords,ancestry_path,vertical,created_at,updated_at) VALUES ('se_s09_supermarket_7580f8e64ee5fb7c','prof_s09_supermarket_7580f8e64ee5fb7c','Gombe Timber market junction','gombe timber market junction supermarket grocery store retail shopping nigeria','place_nigeria_001','commerce',unixepoch(),unixepoch());
INSERT OR IGNORE INTO seed_ingestion_records (id,seed_run_id,entity_type,entity_id,source_id,status) VALUES ('ir_s09_supermarket_7580f8e64ee5fb7c','seed_run_s09_osm_supermarkets_20260502','organization','org_s09_supermarket_7580f8e64ee5fb7c','seed_source_osm_supermarkets_ng_20260502','ingested');
INSERT OR IGNORE INTO seed_entity_sources (id,seed_run_id,entity_type,entity_id,source_id,confidence_tier) VALUES ('es_s09_supermarket_7580f8e64ee5fb7c','seed_run_s09_osm_supermarkets_20260502','organization','org_s09_supermarket_7580f8e64ee5fb7c','seed_source_osm_supermarkets_ng_20260502','seeded');
INSERT OR IGNORE INTO seed_enrichment (id,seed_run_id,entity_type,entity_id,enrichment_type,enrichment_json) VALUES ('enr_s09_supermarket_7580f8e64ee5fb7c','seed_run_s09_osm_supermarkets_20260502','organization','org_s09_supermarket_7580f8e64ee5fb7c','licence_data','{"osm_id": "7972408385", "amenity": "supermarket", "addr_state": null, "operator": null, "brand": null}');

INSERT OR IGNORE INTO organizations (id,tenant_id,organization_type,legal_name,display_name,registration_number,status,verification_state,created_at,updated_at) VALUES ('org_s09_supermarket_fc98f63d664a767d','tenant_platform_seed','retail_store','Makay, super market Gombe','Makay, super market Gombe',NULL,'active','seeded',unixepoch(),unixepoch());
INSERT OR IGNORE INTO profiles (id,subject_id,subject_type,primary_place_id,tenant_id,workspace_id,display_name,created_at,updated_at) VALUES ('prof_s09_supermarket_fc98f63d664a767d','org_s09_supermarket_fc98f63d664a767d','organization','place_nigeria_001','tenant_platform_seed','workspace_platform_seed_discovery','Makay, super market Gombe',unixepoch(),unixepoch());
INSERT OR IGNORE INTO search_entries (id,profile_id,display_name,keywords,ancestry_path,vertical,created_at,updated_at) VALUES ('se_s09_supermarket_fc98f63d664a767d','prof_s09_supermarket_fc98f63d664a767d','Makay, super market Gombe','makay, super market gombe supermarket grocery store retail shopping nigeria','place_nigeria_001','commerce',unixepoch(),unixepoch());
INSERT OR IGNORE INTO seed_ingestion_records (id,seed_run_id,entity_type,entity_id,source_id,status) VALUES ('ir_s09_supermarket_fc98f63d664a767d','seed_run_s09_osm_supermarkets_20260502','organization','org_s09_supermarket_fc98f63d664a767d','seed_source_osm_supermarkets_ng_20260502','ingested');
INSERT OR IGNORE INTO seed_entity_sources (id,seed_run_id,entity_type,entity_id,source_id,confidence_tier) VALUES ('es_s09_supermarket_fc98f63d664a767d','seed_run_s09_osm_supermarkets_20260502','organization','org_s09_supermarket_fc98f63d664a767d','seed_source_osm_supermarkets_ng_20260502','seeded');
INSERT OR IGNORE INTO seed_enrichment (id,seed_run_id,entity_type,entity_id,enrichment_type,enrichment_json) VALUES ('enr_s09_supermarket_fc98f63d664a767d','seed_run_s09_osm_supermarkets_20260502','organization','org_s09_supermarket_fc98f63d664a767d','licence_data','{"osm_id": "7972408485", "amenity": "supermarket", "addr_state": null, "operator": null, "brand": null}');

INSERT OR IGNORE INTO organizations (id,tenant_id,organization_type,legal_name,display_name,registration_number,status,verification_state,created_at,updated_at) VALUES ('org_s09_supermarket_66072ef0abfc1822','tenant_platform_seed','retail_store','San Hussain supermarket','San Hussain supermarket',NULL,'active','seeded',unixepoch(),unixepoch());
INSERT OR IGNORE INTO profiles (id,subject_id,subject_type,primary_place_id,tenant_id,workspace_id,display_name,created_at,updated_at) VALUES ('prof_s09_supermarket_66072ef0abfc1822','org_s09_supermarket_66072ef0abfc1822','organization','place_nigeria_001','tenant_platform_seed','workspace_platform_seed_discovery','San Hussain supermarket',unixepoch(),unixepoch());
INSERT OR IGNORE INTO search_entries (id,profile_id,display_name,keywords,ancestry_path,vertical,created_at,updated_at) VALUES ('se_s09_supermarket_66072ef0abfc1822','prof_s09_supermarket_66072ef0abfc1822','San Hussain supermarket','san hussain supermarket supermarket grocery store retail shopping nigeria','place_nigeria_001','commerce',unixepoch(),unixepoch());
INSERT OR IGNORE INTO seed_ingestion_records (id,seed_run_id,entity_type,entity_id,source_id,status) VALUES ('ir_s09_supermarket_66072ef0abfc1822','seed_run_s09_osm_supermarkets_20260502','organization','org_s09_supermarket_66072ef0abfc1822','seed_source_osm_supermarkets_ng_20260502','ingested');
INSERT OR IGNORE INTO seed_entity_sources (id,seed_run_id,entity_type,entity_id,source_id,confidence_tier) VALUES ('es_s09_supermarket_66072ef0abfc1822','seed_run_s09_osm_supermarkets_20260502','organization','org_s09_supermarket_66072ef0abfc1822','seed_source_osm_supermarkets_ng_20260502','seeded');
INSERT OR IGNORE INTO seed_enrichment (id,seed_run_id,entity_type,entity_id,enrichment_type,enrichment_json) VALUES ('enr_s09_supermarket_66072ef0abfc1822','seed_run_s09_osm_supermarkets_20260502','organization','org_s09_supermarket_66072ef0abfc1822','licence_data','{"osm_id": "8546970618", "amenity": "supermarket", "addr_state": null, "operator": null, "brand": null}');

INSERT OR IGNORE INTO organizations (id,tenant_id,organization_type,legal_name,display_name,registration_number,status,verification_state,created_at,updated_at) VALUES ('org_s09_supermarket_089d1165e3f9007f','tenant_platform_seed','retail_store','YB SARLE','YB SARLE',NULL,'active','seeded',unixepoch(),unixepoch());
INSERT OR IGNORE INTO profiles (id,subject_id,subject_type,primary_place_id,tenant_id,workspace_id,display_name,created_at,updated_at) VALUES ('prof_s09_supermarket_089d1165e3f9007f','org_s09_supermarket_089d1165e3f9007f','organization','place_nigeria_001','tenant_platform_seed','workspace_platform_seed_discovery','YB SARLE',unixepoch(),unixepoch());
INSERT OR IGNORE INTO search_entries (id,profile_id,display_name,keywords,ancestry_path,vertical,created_at,updated_at) VALUES ('se_s09_supermarket_089d1165e3f9007f','prof_s09_supermarket_089d1165e3f9007f','YB SARLE','yb sarle supermarket grocery store retail shopping nigeria','place_nigeria_001','commerce',unixepoch(),unixepoch());
INSERT OR IGNORE INTO seed_ingestion_records (id,seed_run_id,entity_type,entity_id,source_id,status) VALUES ('ir_s09_supermarket_089d1165e3f9007f','seed_run_s09_osm_supermarkets_20260502','organization','org_s09_supermarket_089d1165e3f9007f','seed_source_osm_supermarkets_ng_20260502','ingested');
INSERT OR IGNORE INTO seed_entity_sources (id,seed_run_id,entity_type,entity_id,source_id,confidence_tier) VALUES ('es_s09_supermarket_089d1165e3f9007f','seed_run_s09_osm_supermarkets_20260502','organization','org_s09_supermarket_089d1165e3f9007f','seed_source_osm_supermarkets_ng_20260502','seeded');
INSERT OR IGNORE INTO seed_enrichment (id,seed_run_id,entity_type,entity_id,enrichment_type,enrichment_json) VALUES ('enr_s09_supermarket_089d1165e3f9007f','seed_run_s09_osm_supermarkets_20260502','organization','org_s09_supermarket_089d1165e3f9007f','licence_data','{"osm_id": "8592850217", "amenity": "supermarket", "addr_state": null, "operator": null, "brand": null}');

INSERT OR IGNORE INTO organizations (id,tenant_id,organization_type,legal_name,display_name,registration_number,status,verification_state,created_at,updated_at) VALUES ('org_s09_supermarket_eb90556877c2af53','tenant_platform_seed','retail_store','Customz Place','Customz Place',NULL,'active','seeded',unixepoch(),unixepoch());
INSERT OR IGNORE INTO profiles (id,subject_id,subject_type,primary_place_id,tenant_id,workspace_id,display_name,created_at,updated_at) VALUES ('prof_s09_supermarket_eb90556877c2af53','org_s09_supermarket_eb90556877c2af53','organization','place_nigeria_001','tenant_platform_seed','workspace_platform_seed_discovery','Customz Place',unixepoch(),unixepoch());
INSERT OR IGNORE INTO search_entries (id,profile_id,display_name,keywords,ancestry_path,vertical,created_at,updated_at) VALUES ('se_s09_supermarket_eb90556877c2af53','prof_s09_supermarket_eb90556877c2af53','Customz Place','customz place supermarket grocery store retail shopping nigeria','place_nigeria_001','commerce',unixepoch(),unixepoch());
INSERT OR IGNORE INTO seed_ingestion_records (id,seed_run_id,entity_type,entity_id,source_id,status) VALUES ('ir_s09_supermarket_eb90556877c2af53','seed_run_s09_osm_supermarkets_20260502','organization','org_s09_supermarket_eb90556877c2af53','seed_source_osm_supermarkets_ng_20260502','ingested');
INSERT OR IGNORE INTO seed_entity_sources (id,seed_run_id,entity_type,entity_id,source_id,confidence_tier) VALUES ('es_s09_supermarket_eb90556877c2af53','seed_run_s09_osm_supermarkets_20260502','organization','org_s09_supermarket_eb90556877c2af53','seed_source_osm_supermarkets_ng_20260502','seeded');
INSERT OR IGNORE INTO seed_enrichment (id,seed_run_id,entity_type,entity_id,enrichment_type,enrichment_json) VALUES ('enr_s09_supermarket_eb90556877c2af53','seed_run_s09_osm_supermarkets_20260502','organization','org_s09_supermarket_eb90556877c2af53','licence_data','{"osm_id": "9181892332", "amenity": "supermarket", "addr_state": null, "operator": null, "brand": null}');

INSERT OR IGNORE INTO organizations (id,tenant_id,organization_type,legal_name,display_name,registration_number,status,verification_state,created_at,updated_at) VALUES ('org_s09_supermarket_aed6f9a2899fc080','tenant_platform_seed','retail_store','Country Mall','Country Mall',NULL,'active','seeded',unixepoch(),unixepoch());
INSERT OR IGNORE INTO profiles (id,subject_id,subject_type,primary_place_id,tenant_id,workspace_id,display_name,created_at,updated_at) VALUES ('prof_s09_supermarket_aed6f9a2899fc080','org_s09_supermarket_aed6f9a2899fc080','organization','place_nigeria_001','tenant_platform_seed','workspace_platform_seed_discovery','Country Mall',unixepoch(),unixepoch());
INSERT OR IGNORE INTO search_entries (id,profile_id,display_name,keywords,ancestry_path,vertical,created_at,updated_at) VALUES ('se_s09_supermarket_aed6f9a2899fc080','prof_s09_supermarket_aed6f9a2899fc080','Country Mall','country mall supermarket grocery store retail shopping nigeria','place_nigeria_001','commerce',unixepoch(),unixepoch());
INSERT OR IGNORE INTO seed_ingestion_records (id,seed_run_id,entity_type,entity_id,source_id,status) VALUES ('ir_s09_supermarket_aed6f9a2899fc080','seed_run_s09_osm_supermarkets_20260502','organization','org_s09_supermarket_aed6f9a2899fc080','seed_source_osm_supermarkets_ng_20260502','ingested');
INSERT OR IGNORE INTO seed_entity_sources (id,seed_run_id,entity_type,entity_id,source_id,confidence_tier) VALUES ('es_s09_supermarket_aed6f9a2899fc080','seed_run_s09_osm_supermarkets_20260502','organization','org_s09_supermarket_aed6f9a2899fc080','seed_source_osm_supermarkets_ng_20260502','seeded');
INSERT OR IGNORE INTO seed_enrichment (id,seed_run_id,entity_type,entity_id,enrichment_type,enrichment_json) VALUES ('enr_s09_supermarket_aed6f9a2899fc080','seed_run_s09_osm_supermarkets_20260502','organization','org_s09_supermarket_aed6f9a2899fc080','licence_data','{"osm_id": "9181892333", "amenity": "supermarket", "addr_state": null, "operator": null, "brand": null}');

INSERT OR IGNORE INTO organizations (id,tenant_id,organization_type,legal_name,display_name,registration_number,status,verification_state,created_at,updated_at) VALUES ('org_s09_supermarket_08aa599b4c70d845','tenant_platform_seed','retail_store','Marché de Guetallet','Marché de Guetallet',NULL,'active','seeded',unixepoch(),unixepoch());
INSERT OR IGNORE INTO profiles (id,subject_id,subject_type,primary_place_id,tenant_id,workspace_id,display_name,created_at,updated_at) VALUES ('prof_s09_supermarket_08aa599b4c70d845','org_s09_supermarket_08aa599b4c70d845','organization','place_nigeria_001','tenant_platform_seed','workspace_platform_seed_discovery','Marché de Guetallet',unixepoch(),unixepoch());
INSERT OR IGNORE INTO search_entries (id,profile_id,display_name,keywords,ancestry_path,vertical,created_at,updated_at) VALUES ('se_s09_supermarket_08aa599b4c70d845','prof_s09_supermarket_08aa599b4c70d845','Marché de Guetallet','marché de guetallet supermarket grocery store retail shopping nigeria','place_nigeria_001','commerce',unixepoch(),unixepoch());
INSERT OR IGNORE INTO seed_ingestion_records (id,seed_run_id,entity_type,entity_id,source_id,status) VALUES ('ir_s09_supermarket_08aa599b4c70d845','seed_run_s09_osm_supermarkets_20260502','organization','org_s09_supermarket_08aa599b4c70d845','seed_source_osm_supermarkets_ng_20260502','ingested');
INSERT OR IGNORE INTO seed_entity_sources (id,seed_run_id,entity_type,entity_id,source_id,confidence_tier) VALUES ('es_s09_supermarket_08aa599b4c70d845','seed_run_s09_osm_supermarkets_20260502','organization','org_s09_supermarket_08aa599b4c70d845','seed_source_osm_supermarkets_ng_20260502','seeded');
INSERT OR IGNORE INTO seed_enrichment (id,seed_run_id,entity_type,entity_id,enrichment_type,enrichment_json) VALUES ('enr_s09_supermarket_08aa599b4c70d845','seed_run_s09_osm_supermarkets_20260502','organization','org_s09_supermarket_08aa599b4c70d845','licence_data','{"osm_id": "10267681820", "amenity": "supermarket", "addr_state": null, "operator": null, "brand": null}');

INSERT OR IGNORE INTO organizations (id,tenant_id,organization_type,legal_name,display_name,registration_number,status,verification_state,created_at,updated_at) VALUES ('org_s09_supermarket_e372c48882d54b1e','tenant_platform_seed','retail_store','Supermarket','Supermarket',NULL,'active','seeded',unixepoch(),unixepoch());
INSERT OR IGNORE INTO profiles (id,subject_id,subject_type,primary_place_id,tenant_id,workspace_id,display_name,created_at,updated_at) VALUES ('prof_s09_supermarket_e372c48882d54b1e','org_s09_supermarket_e372c48882d54b1e','organization','place_nigeria_001','tenant_platform_seed','workspace_platform_seed_discovery','Supermarket',unixepoch(),unixepoch());
INSERT OR IGNORE INTO search_entries (id,profile_id,display_name,keywords,ancestry_path,vertical,created_at,updated_at) VALUES ('se_s09_supermarket_e372c48882d54b1e','prof_s09_supermarket_e372c48882d54b1e','Supermarket','supermarket supermarket grocery store retail shopping nigeria','place_nigeria_001','commerce',unixepoch(),unixepoch());
INSERT OR IGNORE INTO seed_ingestion_records (id,seed_run_id,entity_type,entity_id,source_id,status) VALUES ('ir_s09_supermarket_e372c48882d54b1e','seed_run_s09_osm_supermarkets_20260502','organization','org_s09_supermarket_e372c48882d54b1e','seed_source_osm_supermarkets_ng_20260502','ingested');
INSERT OR IGNORE INTO seed_entity_sources (id,seed_run_id,entity_type,entity_id,source_id,confidence_tier) VALUES ('es_s09_supermarket_e372c48882d54b1e','seed_run_s09_osm_supermarkets_20260502','organization','org_s09_supermarket_e372c48882d54b1e','seed_source_osm_supermarkets_ng_20260502','seeded');
INSERT OR IGNORE INTO seed_enrichment (id,seed_run_id,entity_type,entity_id,enrichment_type,enrichment_json) VALUES ('enr_s09_supermarket_e372c48882d54b1e','seed_run_s09_osm_supermarkets_20260502','organization','org_s09_supermarket_e372c48882d54b1e','licence_data','{"osm_id": "10568545207", "amenity": "supermarket", "addr_state": null, "operator": null, "brand": null}');

INSERT OR IGNORE INTO organizations (id,tenant_id,organization_type,legal_name,display_name,registration_number,status,verification_state,created_at,updated_at) VALUES ('org_s09_supermarket_b24b9511165d9ba2','tenant_platform_seed','retail_store','Mamman Paul''s Supermarket','Mamman Paul''s Supermarket',NULL,'active','seeded',unixepoch(),unixepoch());
INSERT OR IGNORE INTO profiles (id,subject_id,subject_type,primary_place_id,tenant_id,workspace_id,display_name,created_at,updated_at) VALUES ('prof_s09_supermarket_b24b9511165d9ba2','org_s09_supermarket_b24b9511165d9ba2','organization','place_nigeria_001','tenant_platform_seed','workspace_platform_seed_discovery','Mamman Paul''s Supermarket',unixepoch(),unixepoch());
INSERT OR IGNORE INTO search_entries (id,profile_id,display_name,keywords,ancestry_path,vertical,created_at,updated_at) VALUES ('se_s09_supermarket_b24b9511165d9ba2','prof_s09_supermarket_b24b9511165d9ba2','Mamman Paul''s Supermarket','mamman paul''s supermarket supermarket grocery store retail shopping nigeria','place_nigeria_001','commerce',unixepoch(),unixepoch());
INSERT OR IGNORE INTO seed_ingestion_records (id,seed_run_id,entity_type,entity_id,source_id,status) VALUES ('ir_s09_supermarket_b24b9511165d9ba2','seed_run_s09_osm_supermarkets_20260502','organization','org_s09_supermarket_b24b9511165d9ba2','seed_source_osm_supermarkets_ng_20260502','ingested');
INSERT OR IGNORE INTO seed_entity_sources (id,seed_run_id,entity_type,entity_id,source_id,confidence_tier) VALUES ('es_s09_supermarket_b24b9511165d9ba2','seed_run_s09_osm_supermarkets_20260502','organization','org_s09_supermarket_b24b9511165d9ba2','seed_source_osm_supermarkets_ng_20260502','seeded');
INSERT OR IGNORE INTO seed_enrichment (id,seed_run_id,entity_type,entity_id,enrichment_type,enrichment_json) VALUES ('enr_s09_supermarket_b24b9511165d9ba2','seed_run_s09_osm_supermarkets_20260502','organization','org_s09_supermarket_b24b9511165d9ba2','licence_data','{"osm_id": "10840487948", "amenity": "supermarket", "addr_state": null, "operator": null, "brand": null}');

INSERT OR IGNORE INTO organizations (id,tenant_id,organization_type,legal_name,display_name,registration_number,status,verification_state,created_at,updated_at) VALUES ('org_s09_supermarket_d735fdb64e75f9d9','tenant_platform_seed','retail_store','Sandami super market','Sandami super market',NULL,'active','seeded',unixepoch(),unixepoch());
INSERT OR IGNORE INTO profiles (id,subject_id,subject_type,primary_place_id,tenant_id,workspace_id,display_name,created_at,updated_at) VALUES ('prof_s09_supermarket_d735fdb64e75f9d9','org_s09_supermarket_d735fdb64e75f9d9','organization','place_nigeria_001','tenant_platform_seed','workspace_platform_seed_discovery','Sandami super market',unixepoch(),unixepoch());
INSERT OR IGNORE INTO search_entries (id,profile_id,display_name,keywords,ancestry_path,vertical,created_at,updated_at) VALUES ('se_s09_supermarket_d735fdb64e75f9d9','prof_s09_supermarket_d735fdb64e75f9d9','Sandami super market','sandami super market supermarket grocery store retail shopping nigeria','place_nigeria_001','commerce',unixepoch(),unixepoch());
INSERT OR IGNORE INTO seed_ingestion_records (id,seed_run_id,entity_type,entity_id,source_id,status) VALUES ('ir_s09_supermarket_d735fdb64e75f9d9','seed_run_s09_osm_supermarkets_20260502','organization','org_s09_supermarket_d735fdb64e75f9d9','seed_source_osm_supermarkets_ng_20260502','ingested');
INSERT OR IGNORE INTO seed_entity_sources (id,seed_run_id,entity_type,entity_id,source_id,confidence_tier) VALUES ('es_s09_supermarket_d735fdb64e75f9d9','seed_run_s09_osm_supermarkets_20260502','organization','org_s09_supermarket_d735fdb64e75f9d9','seed_source_osm_supermarkets_ng_20260502','seeded');
INSERT OR IGNORE INTO seed_enrichment (id,seed_run_id,entity_type,entity_id,enrichment_type,enrichment_json) VALUES ('enr_s09_supermarket_d735fdb64e75f9d9','seed_run_s09_osm_supermarkets_20260502','organization','org_s09_supermarket_d735fdb64e75f9d9','licence_data','{"osm_id": "10844471585", "amenity": "supermarket", "addr_state": null, "operator": null, "brand": null}');

INSERT OR IGNORE INTO organizations (id,tenant_id,organization_type,legal_name,display_name,registration_number,status,verification_state,created_at,updated_at) VALUES ('org_s09_supermarket_0ff93bb4205cab60','tenant_platform_seed','retail_store','Shagari Shopping Complex','Shagari Shopping Complex',NULL,'active','seeded',unixepoch(),unixepoch());
INSERT OR IGNORE INTO profiles (id,subject_id,subject_type,primary_place_id,tenant_id,workspace_id,display_name,created_at,updated_at) VALUES ('prof_s09_supermarket_0ff93bb4205cab60','org_s09_supermarket_0ff93bb4205cab60','organization','place_nigeria_001','tenant_platform_seed','workspace_platform_seed_discovery','Shagari Shopping Complex',unixepoch(),unixepoch());
INSERT OR IGNORE INTO search_entries (id,profile_id,display_name,keywords,ancestry_path,vertical,created_at,updated_at) VALUES ('se_s09_supermarket_0ff93bb4205cab60','prof_s09_supermarket_0ff93bb4205cab60','Shagari Shopping Complex','shagari shopping complex supermarket grocery store retail shopping nigeria','place_nigeria_001','commerce',unixepoch(),unixepoch());
INSERT OR IGNORE INTO seed_ingestion_records (id,seed_run_id,entity_type,entity_id,source_id,status) VALUES ('ir_s09_supermarket_0ff93bb4205cab60','seed_run_s09_osm_supermarkets_20260502','organization','org_s09_supermarket_0ff93bb4205cab60','seed_source_osm_supermarkets_ng_20260502','ingested');
INSERT OR IGNORE INTO seed_entity_sources (id,seed_run_id,entity_type,entity_id,source_id,confidence_tier) VALUES ('es_s09_supermarket_0ff93bb4205cab60','seed_run_s09_osm_supermarkets_20260502','organization','org_s09_supermarket_0ff93bb4205cab60','seed_source_osm_supermarkets_ng_20260502','seeded');
INSERT OR IGNORE INTO seed_enrichment (id,seed_run_id,entity_type,entity_id,enrichment_type,enrichment_json) VALUES ('enr_s09_supermarket_0ff93bb4205cab60','seed_run_s09_osm_supermarkets_20260502','organization','org_s09_supermarket_0ff93bb4205cab60','licence_data','{"osm_id": "11013703999", "amenity": "supermarket", "addr_state": null, "operator": null, "brand": null}');

INSERT OR IGNORE INTO organizations (id,tenant_id,organization_type,legal_name,display_name,registration_number,status,verification_state,created_at,updated_at) VALUES ('org_s09_supermarket_7fbedc54e9a586ad','tenant_platform_seed','retail_store','HD plaza','HD plaza',NULL,'active','seeded',unixepoch(),unixepoch());
INSERT OR IGNORE INTO profiles (id,subject_id,subject_type,primary_place_id,tenant_id,workspace_id,display_name,created_at,updated_at) VALUES ('prof_s09_supermarket_7fbedc54e9a586ad','org_s09_supermarket_7fbedc54e9a586ad','organization','place_nigeria_001','tenant_platform_seed','workspace_platform_seed_discovery','HD plaza',unixepoch(),unixepoch());
INSERT OR IGNORE INTO search_entries (id,profile_id,display_name,keywords,ancestry_path,vertical,created_at,updated_at) VALUES ('se_s09_supermarket_7fbedc54e9a586ad','prof_s09_supermarket_7fbedc54e9a586ad','HD plaza','hd plaza supermarket grocery store retail shopping nigeria','place_nigeria_001','commerce',unixepoch(),unixepoch());
INSERT OR IGNORE INTO seed_ingestion_records (id,seed_run_id,entity_type,entity_id,source_id,status) VALUES ('ir_s09_supermarket_7fbedc54e9a586ad','seed_run_s09_osm_supermarkets_20260502','organization','org_s09_supermarket_7fbedc54e9a586ad','seed_source_osm_supermarkets_ng_20260502','ingested');
INSERT OR IGNORE INTO seed_entity_sources (id,seed_run_id,entity_type,entity_id,source_id,confidence_tier) VALUES ('es_s09_supermarket_7fbedc54e9a586ad','seed_run_s09_osm_supermarkets_20260502','organization','org_s09_supermarket_7fbedc54e9a586ad','seed_source_osm_supermarkets_ng_20260502','seeded');
INSERT OR IGNORE INTO seed_enrichment (id,seed_run_id,entity_type,entity_id,enrichment_type,enrichment_json) VALUES ('enr_s09_supermarket_7fbedc54e9a586ad','seed_run_s09_osm_supermarkets_20260502','organization','org_s09_supermarket_7fbedc54e9a586ad','licence_data','{"osm_id": "11084333728", "amenity": "mall", "addr_state": null, "operator": null, "brand": null}');

INSERT OR IGNORE INTO organizations (id,tenant_id,organization_type,legal_name,display_name,registration_number,status,verification_state,created_at,updated_at) VALUES ('org_s09_supermarket_083c21a2eb90cfc9','tenant_platform_seed','retail_store','One Stop Super Market','One Stop Super Market',NULL,'active','seeded',unixepoch(),unixepoch());
INSERT OR IGNORE INTO profiles (id,subject_id,subject_type,primary_place_id,tenant_id,workspace_id,display_name,created_at,updated_at) VALUES ('prof_s09_supermarket_083c21a2eb90cfc9','org_s09_supermarket_083c21a2eb90cfc9','organization','place_nigeria_001','tenant_platform_seed','workspace_platform_seed_discovery','One Stop Super Market',unixepoch(),unixepoch());
INSERT OR IGNORE INTO search_entries (id,profile_id,display_name,keywords,ancestry_path,vertical,created_at,updated_at) VALUES ('se_s09_supermarket_083c21a2eb90cfc9','prof_s09_supermarket_083c21a2eb90cfc9','One Stop Super Market','one stop super market supermarket grocery store retail shopping nigeria','place_nigeria_001','commerce',unixepoch(),unixepoch());
INSERT OR IGNORE INTO seed_ingestion_records (id,seed_run_id,entity_type,entity_id,source_id,status) VALUES ('ir_s09_supermarket_083c21a2eb90cfc9','seed_run_s09_osm_supermarkets_20260502','organization','org_s09_supermarket_083c21a2eb90cfc9','seed_source_osm_supermarkets_ng_20260502','ingested');
INSERT OR IGNORE INTO seed_entity_sources (id,seed_run_id,entity_type,entity_id,source_id,confidence_tier) VALUES ('es_s09_supermarket_083c21a2eb90cfc9','seed_run_s09_osm_supermarkets_20260502','organization','org_s09_supermarket_083c21a2eb90cfc9','seed_source_osm_supermarkets_ng_20260502','seeded');
INSERT OR IGNORE INTO seed_enrichment (id,seed_run_id,entity_type,entity_id,enrichment_type,enrichment_json) VALUES ('enr_s09_supermarket_083c21a2eb90cfc9','seed_run_s09_osm_supermarkets_20260502','organization','org_s09_supermarket_083c21a2eb90cfc9','licence_data','{"osm_id": "11109574401", "amenity": "supermarket", "addr_state": null, "operator": null, "brand": null}');

INSERT OR IGNORE INTO organizations (id,tenant_id,organization_type,legal_name,display_name,registration_number,status,verification_state,created_at,updated_at) VALUES ('org_s09_supermarket_1e521dd325e230ec','tenant_platform_seed','retail_store','Emmaculate','Emmaculate',NULL,'active','seeded',unixepoch(),unixepoch());
INSERT OR IGNORE INTO profiles (id,subject_id,subject_type,primary_place_id,tenant_id,workspace_id,display_name,created_at,updated_at) VALUES ('prof_s09_supermarket_1e521dd325e230ec','org_s09_supermarket_1e521dd325e230ec','organization','place_nigeria_001','tenant_platform_seed','workspace_platform_seed_discovery','Emmaculate',unixepoch(),unixepoch());
INSERT OR IGNORE INTO search_entries (id,profile_id,display_name,keywords,ancestry_path,vertical,created_at,updated_at) VALUES ('se_s09_supermarket_1e521dd325e230ec','prof_s09_supermarket_1e521dd325e230ec','Emmaculate','emmaculate supermarket grocery store retail shopping nigeria','place_nigeria_001','commerce',unixepoch(),unixepoch());
INSERT OR IGNORE INTO seed_ingestion_records (id,seed_run_id,entity_type,entity_id,source_id,status) VALUES ('ir_s09_supermarket_1e521dd325e230ec','seed_run_s09_osm_supermarkets_20260502','organization','org_s09_supermarket_1e521dd325e230ec','seed_source_osm_supermarkets_ng_20260502','ingested');
INSERT OR IGNORE INTO seed_entity_sources (id,seed_run_id,entity_type,entity_id,source_id,confidence_tier) VALUES ('es_s09_supermarket_1e521dd325e230ec','seed_run_s09_osm_supermarkets_20260502','organization','org_s09_supermarket_1e521dd325e230ec','seed_source_osm_supermarkets_ng_20260502','seeded');
INSERT OR IGNORE INTO seed_enrichment (id,seed_run_id,entity_type,entity_id,enrichment_type,enrichment_json) VALUES ('enr_s09_supermarket_1e521dd325e230ec','seed_run_s09_osm_supermarkets_20260502','organization','org_s09_supermarket_1e521dd325e230ec','licence_data','{"osm_id": "11115052486", "amenity": "supermarket", "addr_state": null, "operator": null, "brand": null}');

INSERT OR IGNORE INTO organizations (id,tenant_id,organization_type,legal_name,display_name,registration_number,status,verification_state,created_at,updated_at) VALUES ('org_s09_supermarket_ea7de567ef515b50','tenant_platform_seed','retail_store','main market','main market',NULL,'active','seeded',unixepoch(),unixepoch());
INSERT OR IGNORE INTO profiles (id,subject_id,subject_type,primary_place_id,tenant_id,workspace_id,display_name,created_at,updated_at) VALUES ('prof_s09_supermarket_ea7de567ef515b50','org_s09_supermarket_ea7de567ef515b50','organization','place_nigeria_001','tenant_platform_seed','workspace_platform_seed_discovery','main market',unixepoch(),unixepoch());
INSERT OR IGNORE INTO search_entries (id,profile_id,display_name,keywords,ancestry_path,vertical,created_at,updated_at) VALUES ('se_s09_supermarket_ea7de567ef515b50','prof_s09_supermarket_ea7de567ef515b50','main market','main market supermarket grocery store retail shopping nigeria','place_nigeria_001','commerce',unixepoch(),unixepoch());
INSERT OR IGNORE INTO seed_ingestion_records (id,seed_run_id,entity_type,entity_id,source_id,status) VALUES ('ir_s09_supermarket_ea7de567ef515b50','seed_run_s09_osm_supermarkets_20260502','organization','org_s09_supermarket_ea7de567ef515b50','seed_source_osm_supermarkets_ng_20260502','ingested');
INSERT OR IGNORE INTO seed_entity_sources (id,seed_run_id,entity_type,entity_id,source_id,confidence_tier) VALUES ('es_s09_supermarket_ea7de567ef515b50','seed_run_s09_osm_supermarkets_20260502','organization','org_s09_supermarket_ea7de567ef515b50','seed_source_osm_supermarkets_ng_20260502','seeded');
INSERT OR IGNORE INTO seed_enrichment (id,seed_run_id,entity_type,entity_id,enrichment_type,enrichment_json) VALUES ('enr_s09_supermarket_ea7de567ef515b50','seed_run_s09_osm_supermarkets_20260502','organization','org_s09_supermarket_ea7de567ef515b50','licence_data','{"osm_id": "11148631305", "amenity": "supermarket", "addr_state": null, "operator": null, "brand": null}');

INSERT OR IGNORE INTO organizations (id,tenant_id,organization_type,legal_name,display_name,registration_number,status,verification_state,created_at,updated_at) VALUES ('org_s09_supermarket_1d0c366cc47e4b4e','tenant_platform_seed','retail_store','Supermarket','Supermarket',NULL,'active','seeded',unixepoch(),unixepoch());
INSERT OR IGNORE INTO profiles (id,subject_id,subject_type,primary_place_id,tenant_id,workspace_id,display_name,created_at,updated_at) VALUES ('prof_s09_supermarket_1d0c366cc47e4b4e','org_s09_supermarket_1d0c366cc47e4b4e','organization','place_nigeria_001','tenant_platform_seed','workspace_platform_seed_discovery','Supermarket',unixepoch(),unixepoch());
INSERT OR IGNORE INTO search_entries (id,profile_id,display_name,keywords,ancestry_path,vertical,created_at,updated_at) VALUES ('se_s09_supermarket_1d0c366cc47e4b4e','prof_s09_supermarket_1d0c366cc47e4b4e','Supermarket','supermarket supermarket grocery store retail shopping nigeria','place_nigeria_001','commerce',unixepoch(),unixepoch());
INSERT OR IGNORE INTO seed_ingestion_records (id,seed_run_id,entity_type,entity_id,source_id,status) VALUES ('ir_s09_supermarket_1d0c366cc47e4b4e','seed_run_s09_osm_supermarkets_20260502','organization','org_s09_supermarket_1d0c366cc47e4b4e','seed_source_osm_supermarkets_ng_20260502','ingested');
INSERT OR IGNORE INTO seed_entity_sources (id,seed_run_id,entity_type,entity_id,source_id,confidence_tier) VALUES ('es_s09_supermarket_1d0c366cc47e4b4e','seed_run_s09_osm_supermarkets_20260502','organization','org_s09_supermarket_1d0c366cc47e4b4e','seed_source_osm_supermarkets_ng_20260502','seeded');
INSERT OR IGNORE INTO seed_enrichment (id,seed_run_id,entity_type,entity_id,enrichment_type,enrichment_json) VALUES ('enr_s09_supermarket_1d0c366cc47e4b4e','seed_run_s09_osm_supermarkets_20260502','organization','org_s09_supermarket_1d0c366cc47e4b4e','licence_data','{"osm_id": "11153550005", "amenity": "supermarket", "addr_state": null, "operator": null, "brand": null}');

INSERT OR IGNORE INTO organizations (id,tenant_id,organization_type,legal_name,display_name,registration_number,status,verification_state,created_at,updated_at) VALUES ('org_s09_supermarket_0654aa60fdb6d3b2','tenant_platform_seed','retail_store','Seiman Plaza','Seiman Plaza',NULL,'active','seeded',unixepoch(),unixepoch());
INSERT OR IGNORE INTO profiles (id,subject_id,subject_type,primary_place_id,tenant_id,workspace_id,display_name,created_at,updated_at) VALUES ('prof_s09_supermarket_0654aa60fdb6d3b2','org_s09_supermarket_0654aa60fdb6d3b2','organization','place_nigeria_001','tenant_platform_seed','workspace_platform_seed_discovery','Seiman Plaza',unixepoch(),unixepoch());
INSERT OR IGNORE INTO search_entries (id,profile_id,display_name,keywords,ancestry_path,vertical,created_at,updated_at) VALUES ('se_s09_supermarket_0654aa60fdb6d3b2','prof_s09_supermarket_0654aa60fdb6d3b2','Seiman Plaza','seiman plaza supermarket grocery store retail shopping nigeria','place_nigeria_001','commerce',unixepoch(),unixepoch());
INSERT OR IGNORE INTO seed_ingestion_records (id,seed_run_id,entity_type,entity_id,source_id,status) VALUES ('ir_s09_supermarket_0654aa60fdb6d3b2','seed_run_s09_osm_supermarkets_20260502','organization','org_s09_supermarket_0654aa60fdb6d3b2','seed_source_osm_supermarkets_ng_20260502','ingested');
INSERT OR IGNORE INTO seed_entity_sources (id,seed_run_id,entity_type,entity_id,source_id,confidence_tier) VALUES ('es_s09_supermarket_0654aa60fdb6d3b2','seed_run_s09_osm_supermarkets_20260502','organization','org_s09_supermarket_0654aa60fdb6d3b2','seed_source_osm_supermarkets_ng_20260502','seeded');
INSERT OR IGNORE INTO seed_enrichment (id,seed_run_id,entity_type,entity_id,enrichment_type,enrichment_json) VALUES ('enr_s09_supermarket_0654aa60fdb6d3b2','seed_run_s09_osm_supermarkets_20260502','organization','org_s09_supermarket_0654aa60fdb6d3b2','licence_data','{"osm_id": "11165053206", "amenity": "supermarket", "addr_state": null, "operator": null, "brand": null}');

INSERT OR IGNORE INTO organizations (id,tenant_id,organization_type,legal_name,display_name,registration_number,status,verification_state,created_at,updated_at) VALUES ('org_s09_supermarket_6aafe907d3844e4c','tenant_platform_seed','retail_store','nasara mart','nasara mart',NULL,'active','seeded',unixepoch(),unixepoch());
INSERT OR IGNORE INTO profiles (id,subject_id,subject_type,primary_place_id,tenant_id,workspace_id,display_name,created_at,updated_at) VALUES ('prof_s09_supermarket_6aafe907d3844e4c','org_s09_supermarket_6aafe907d3844e4c','organization','place_nigeria_001','tenant_platform_seed','workspace_platform_seed_discovery','nasara mart',unixepoch(),unixepoch());
INSERT OR IGNORE INTO search_entries (id,profile_id,display_name,keywords,ancestry_path,vertical,created_at,updated_at) VALUES ('se_s09_supermarket_6aafe907d3844e4c','prof_s09_supermarket_6aafe907d3844e4c','nasara mart','nasara mart supermarket grocery store retail shopping nigeria','place_nigeria_001','commerce',unixepoch(),unixepoch());
INSERT OR IGNORE INTO seed_ingestion_records (id,seed_run_id,entity_type,entity_id,source_id,status) VALUES ('ir_s09_supermarket_6aafe907d3844e4c','seed_run_s09_osm_supermarkets_20260502','organization','org_s09_supermarket_6aafe907d3844e4c','seed_source_osm_supermarkets_ng_20260502','ingested');
INSERT OR IGNORE INTO seed_entity_sources (id,seed_run_id,entity_type,entity_id,source_id,confidence_tier) VALUES ('es_s09_supermarket_6aafe907d3844e4c','seed_run_s09_osm_supermarkets_20260502','organization','org_s09_supermarket_6aafe907d3844e4c','seed_source_osm_supermarkets_ng_20260502','seeded');
INSERT OR IGNORE INTO seed_enrichment (id,seed_run_id,entity_type,entity_id,enrichment_type,enrichment_json) VALUES ('enr_s09_supermarket_6aafe907d3844e4c','seed_run_s09_osm_supermarkets_20260502','organization','org_s09_supermarket_6aafe907d3844e4c','licence_data','{"osm_id": "11225832637", "amenity": "supermarket", "addr_state": null, "operator": null, "brand": null}');

INSERT OR IGNORE INTO organizations (id,tenant_id,organization_type,legal_name,display_name,registration_number,status,verification_state,created_at,updated_at) VALUES ('org_s09_supermarket_3f603a488059d009','tenant_platform_seed','retail_store','san Hussain supermarket','san Hussain supermarket',NULL,'active','seeded',unixepoch(),unixepoch());
INSERT OR IGNORE INTO profiles (id,subject_id,subject_type,primary_place_id,tenant_id,workspace_id,display_name,created_at,updated_at) VALUES ('prof_s09_supermarket_3f603a488059d009','org_s09_supermarket_3f603a488059d009','organization','place_nigeria_001','tenant_platform_seed','workspace_platform_seed_discovery','san Hussain supermarket',unixepoch(),unixepoch());
INSERT OR IGNORE INTO search_entries (id,profile_id,display_name,keywords,ancestry_path,vertical,created_at,updated_at) VALUES ('se_s09_supermarket_3f603a488059d009','prof_s09_supermarket_3f603a488059d009','san Hussain supermarket','san hussain supermarket supermarket grocery store retail shopping nigeria','place_nigeria_001','commerce',unixepoch(),unixepoch());
INSERT OR IGNORE INTO seed_ingestion_records (id,seed_run_id,entity_type,entity_id,source_id,status) VALUES ('ir_s09_supermarket_3f603a488059d009','seed_run_s09_osm_supermarkets_20260502','organization','org_s09_supermarket_3f603a488059d009','seed_source_osm_supermarkets_ng_20260502','ingested');
INSERT OR IGNORE INTO seed_entity_sources (id,seed_run_id,entity_type,entity_id,source_id,confidence_tier) VALUES ('es_s09_supermarket_3f603a488059d009','seed_run_s09_osm_supermarkets_20260502','organization','org_s09_supermarket_3f603a488059d009','seed_source_osm_supermarkets_ng_20260502','seeded');
INSERT OR IGNORE INTO seed_enrichment (id,seed_run_id,entity_type,entity_id,enrichment_type,enrichment_json) VALUES ('enr_s09_supermarket_3f603a488059d009','seed_run_s09_osm_supermarkets_20260502','organization','org_s09_supermarket_3f603a488059d009','licence_data','{"osm_id": "11225843738", "amenity": "supermarket", "addr_state": null, "operator": null, "brand": null}');

INSERT OR IGNORE INTO organizations (id,tenant_id,organization_type,legal_name,display_name,registration_number,status,verification_state,created_at,updated_at) VALUES ('org_s09_supermarket_20aeb7b453a3bfe0','tenant_platform_seed','retail_store','Gombe CBN Road','Gombe CBN Road',NULL,'active','seeded',unixepoch(),unixepoch());
INSERT OR IGNORE INTO profiles (id,subject_id,subject_type,primary_place_id,tenant_id,workspace_id,display_name,created_at,updated_at) VALUES ('prof_s09_supermarket_20aeb7b453a3bfe0','org_s09_supermarket_20aeb7b453a3bfe0','organization','place_nigeria_001','tenant_platform_seed','workspace_platform_seed_discovery','Gombe CBN Road',unixepoch(),unixepoch());
INSERT OR IGNORE INTO search_entries (id,profile_id,display_name,keywords,ancestry_path,vertical,created_at,updated_at) VALUES ('se_s09_supermarket_20aeb7b453a3bfe0','prof_s09_supermarket_20aeb7b453a3bfe0','Gombe CBN Road','gombe cbn road supermarket grocery store retail shopping nigeria','place_nigeria_001','commerce',unixepoch(),unixepoch());
INSERT OR IGNORE INTO seed_ingestion_records (id,seed_run_id,entity_type,entity_id,source_id,status) VALUES ('ir_s09_supermarket_20aeb7b453a3bfe0','seed_run_s09_osm_supermarkets_20260502','organization','org_s09_supermarket_20aeb7b453a3bfe0','seed_source_osm_supermarkets_ng_20260502','ingested');
INSERT OR IGNORE INTO seed_entity_sources (id,seed_run_id,entity_type,entity_id,source_id,confidence_tier) VALUES ('es_s09_supermarket_20aeb7b453a3bfe0','seed_run_s09_osm_supermarkets_20260502','organization','org_s09_supermarket_20aeb7b453a3bfe0','seed_source_osm_supermarkets_ng_20260502','seeded');
INSERT OR IGNORE INTO seed_enrichment (id,seed_run_id,entity_type,entity_id,enrichment_type,enrichment_json) VALUES ('enr_s09_supermarket_20aeb7b453a3bfe0','seed_run_s09_osm_supermarkets_20260502','organization','org_s09_supermarket_20aeb7b453a3bfe0','licence_data','{"osm_id": "11336944369", "amenity": "supermarket", "addr_state": null, "operator": null, "brand": null}');

INSERT OR IGNORE INTO organizations (id,tenant_id,organization_type,legal_name,display_name,registration_number,status,verification_state,created_at,updated_at) VALUES ('org_s09_supermarket_5f528a8562942a86','tenant_platform_seed','retail_store','Duwa plaza','Duwa plaza',NULL,'active','seeded',unixepoch(),unixepoch());
INSERT OR IGNORE INTO profiles (id,subject_id,subject_type,primary_place_id,tenant_id,workspace_id,display_name,created_at,updated_at) VALUES ('prof_s09_supermarket_5f528a8562942a86','org_s09_supermarket_5f528a8562942a86','organization','place_nigeria_001','tenant_platform_seed','workspace_platform_seed_discovery','Duwa plaza',unixepoch(),unixepoch());
INSERT OR IGNORE INTO search_entries (id,profile_id,display_name,keywords,ancestry_path,vertical,created_at,updated_at) VALUES ('se_s09_supermarket_5f528a8562942a86','prof_s09_supermarket_5f528a8562942a86','Duwa plaza','duwa plaza supermarket grocery store retail shopping nigeria','place_nigeria_001','commerce',unixepoch(),unixepoch());
INSERT OR IGNORE INTO seed_ingestion_records (id,seed_run_id,entity_type,entity_id,source_id,status) VALUES ('ir_s09_supermarket_5f528a8562942a86','seed_run_s09_osm_supermarkets_20260502','organization','org_s09_supermarket_5f528a8562942a86','seed_source_osm_supermarkets_ng_20260502','ingested');
INSERT OR IGNORE INTO seed_entity_sources (id,seed_run_id,entity_type,entity_id,source_id,confidence_tier) VALUES ('es_s09_supermarket_5f528a8562942a86','seed_run_s09_osm_supermarkets_20260502','organization','org_s09_supermarket_5f528a8562942a86','seed_source_osm_supermarkets_ng_20260502','seeded');
INSERT OR IGNORE INTO seed_enrichment (id,seed_run_id,entity_type,entity_id,enrichment_type,enrichment_json) VALUES ('enr_s09_supermarket_5f528a8562942a86','seed_run_s09_osm_supermarkets_20260502','organization','org_s09_supermarket_5f528a8562942a86','licence_data','{"osm_id": "11337328369", "amenity": "supermarket", "addr_state": null, "operator": null, "brand": null}');

INSERT OR IGNORE INTO organizations (id,tenant_id,organization_type,legal_name,display_name,registration_number,status,verification_state,created_at,updated_at) VALUES ('org_s09_supermarket_9076c115ddc9e447','tenant_platform_seed','retail_store','Gondola','Gondola',NULL,'active','seeded',unixepoch(),unixepoch());
INSERT OR IGNORE INTO profiles (id,subject_id,subject_type,primary_place_id,tenant_id,workspace_id,display_name,created_at,updated_at) VALUES ('prof_s09_supermarket_9076c115ddc9e447','org_s09_supermarket_9076c115ddc9e447','organization','place_nigeria_001','tenant_platform_seed','workspace_platform_seed_discovery','Gondola',unixepoch(),unixepoch());
INSERT OR IGNORE INTO search_entries (id,profile_id,display_name,keywords,ancestry_path,vertical,created_at,updated_at) VALUES ('se_s09_supermarket_9076c115ddc9e447','prof_s09_supermarket_9076c115ddc9e447','Gondola','gondola supermarket grocery store retail shopping nigeria','place_nigeria_001','commerce',unixepoch(),unixepoch());
INSERT OR IGNORE INTO seed_ingestion_records (id,seed_run_id,entity_type,entity_id,source_id,status) VALUES ('ir_s09_supermarket_9076c115ddc9e447','seed_run_s09_osm_supermarkets_20260502','organization','org_s09_supermarket_9076c115ddc9e447','seed_source_osm_supermarkets_ng_20260502','ingested');
INSERT OR IGNORE INTO seed_entity_sources (id,seed_run_id,entity_type,entity_id,source_id,confidence_tier) VALUES ('es_s09_supermarket_9076c115ddc9e447','seed_run_s09_osm_supermarkets_20260502','organization','org_s09_supermarket_9076c115ddc9e447','seed_source_osm_supermarkets_ng_20260502','seeded');
INSERT OR IGNORE INTO seed_enrichment (id,seed_run_id,entity_type,entity_id,enrichment_type,enrichment_json) VALUES ('enr_s09_supermarket_9076c115ddc9e447','seed_run_s09_osm_supermarkets_20260502','organization','org_s09_supermarket_9076c115ddc9e447','licence_data','{"osm_id": "11418009042", "amenity": "mall", "addr_state": null, "operator": null, "brand": null}');

INSERT OR IGNORE INTO organizations (id,tenant_id,organization_type,legal_name,display_name,registration_number,status,verification_state,created_at,updated_at) VALUES ('org_s09_supermarket_a1702719e8933b82','tenant_platform_seed','retail_store','mkt','mkt',NULL,'active','seeded',unixepoch(),unixepoch());
INSERT OR IGNORE INTO profiles (id,subject_id,subject_type,primary_place_id,tenant_id,workspace_id,display_name,created_at,updated_at) VALUES ('prof_s09_supermarket_a1702719e8933b82','org_s09_supermarket_a1702719e8933b82','organization','place_nigeria_001','tenant_platform_seed','workspace_platform_seed_discovery','mkt',unixepoch(),unixepoch());
INSERT OR IGNORE INTO search_entries (id,profile_id,display_name,keywords,ancestry_path,vertical,created_at,updated_at) VALUES ('se_s09_supermarket_a1702719e8933b82','prof_s09_supermarket_a1702719e8933b82','mkt','mkt supermarket grocery store retail shopping nigeria','place_nigeria_001','commerce',unixepoch(),unixepoch());
INSERT OR IGNORE INTO seed_ingestion_records (id,seed_run_id,entity_type,entity_id,source_id,status) VALUES ('ir_s09_supermarket_a1702719e8933b82','seed_run_s09_osm_supermarkets_20260502','organization','org_s09_supermarket_a1702719e8933b82','seed_source_osm_supermarkets_ng_20260502','ingested');
INSERT OR IGNORE INTO seed_entity_sources (id,seed_run_id,entity_type,entity_id,source_id,confidence_tier) VALUES ('es_s09_supermarket_a1702719e8933b82','seed_run_s09_osm_supermarkets_20260502','organization','org_s09_supermarket_a1702719e8933b82','seed_source_osm_supermarkets_ng_20260502','seeded');
INSERT OR IGNORE INTO seed_enrichment (id,seed_run_id,entity_type,entity_id,enrichment_type,enrichment_json) VALUES ('enr_s09_supermarket_a1702719e8933b82','seed_run_s09_osm_supermarkets_20260502','organization','org_s09_supermarket_a1702719e8933b82','licence_data','{"osm_id": "11445895573", "amenity": "supermarket", "addr_state": null, "operator": null, "brand": null}');

INSERT OR IGNORE INTO organizations (id,tenant_id,organization_type,legal_name,display_name,registration_number,status,verification_state,created_at,updated_at) VALUES ('org_s09_supermarket_d9256077768bbbed','tenant_platform_seed','retail_store','Ngurore Market','Ngurore Market',NULL,'active','seeded',unixepoch(),unixepoch());
INSERT OR IGNORE INTO profiles (id,subject_id,subject_type,primary_place_id,tenant_id,workspace_id,display_name,created_at,updated_at) VALUES ('prof_s09_supermarket_d9256077768bbbed','org_s09_supermarket_d9256077768bbbed','organization','place_nigeria_001','tenant_platform_seed','workspace_platform_seed_discovery','Ngurore Market',unixepoch(),unixepoch());
INSERT OR IGNORE INTO search_entries (id,profile_id,display_name,keywords,ancestry_path,vertical,created_at,updated_at) VALUES ('se_s09_supermarket_d9256077768bbbed','prof_s09_supermarket_d9256077768bbbed','Ngurore Market','ngurore market supermarket grocery store retail shopping nigeria','place_nigeria_001','commerce',unixepoch(),unixepoch());
INSERT OR IGNORE INTO seed_ingestion_records (id,seed_run_id,entity_type,entity_id,source_id,status) VALUES ('ir_s09_supermarket_d9256077768bbbed','seed_run_s09_osm_supermarkets_20260502','organization','org_s09_supermarket_d9256077768bbbed','seed_source_osm_supermarkets_ng_20260502','ingested');
INSERT OR IGNORE INTO seed_entity_sources (id,seed_run_id,entity_type,entity_id,source_id,confidence_tier) VALUES ('es_s09_supermarket_d9256077768bbbed','seed_run_s09_osm_supermarkets_20260502','organization','org_s09_supermarket_d9256077768bbbed','seed_source_osm_supermarkets_ng_20260502','seeded');
INSERT OR IGNORE INTO seed_enrichment (id,seed_run_id,entity_type,entity_id,enrichment_type,enrichment_json) VALUES ('enr_s09_supermarket_d9256077768bbbed','seed_run_s09_osm_supermarkets_20260502','organization','org_s09_supermarket_d9256077768bbbed','licence_data','{"osm_id": "12458454222", "amenity": "supermarket", "addr_state": null, "operator": "Peoples", "brand": null}');

INSERT OR IGNORE INTO organizations (id,tenant_id,organization_type,legal_name,display_name,registration_number,status,verification_state,created_at,updated_at) VALUES ('org_s09_supermarket_508d21724bf93183','tenant_platform_seed','retail_store','Jifatu','Jifatu',NULL,'active','seeded',unixepoch(),unixepoch());
INSERT OR IGNORE INTO profiles (id,subject_id,subject_type,primary_place_id,tenant_id,workspace_id,display_name,created_at,updated_at) VALUES ('prof_s09_supermarket_508d21724bf93183','org_s09_supermarket_508d21724bf93183','organization','place_nigeria_001','tenant_platform_seed','workspace_platform_seed_discovery','Jifatu',unixepoch(),unixepoch());
INSERT OR IGNORE INTO search_entries (id,profile_id,display_name,keywords,ancestry_path,vertical,created_at,updated_at) VALUES ('se_s09_supermarket_508d21724bf93183','prof_s09_supermarket_508d21724bf93183','Jifatu','jifatu supermarket grocery store retail shopping nigeria','place_nigeria_001','commerce',unixepoch(),unixepoch());
INSERT OR IGNORE INTO seed_ingestion_records (id,seed_run_id,entity_type,entity_id,source_id,status) VALUES ('ir_s09_supermarket_508d21724bf93183','seed_run_s09_osm_supermarkets_20260502','organization','org_s09_supermarket_508d21724bf93183','seed_source_osm_supermarkets_ng_20260502','ingested');
INSERT OR IGNORE INTO seed_entity_sources (id,seed_run_id,entity_type,entity_id,source_id,confidence_tier) VALUES ('es_s09_supermarket_508d21724bf93183','seed_run_s09_osm_supermarkets_20260502','organization','org_s09_supermarket_508d21724bf93183','seed_source_osm_supermarkets_ng_20260502','seeded');
INSERT OR IGNORE INTO seed_enrichment (id,seed_run_id,entity_type,entity_id,enrichment_type,enrichment_json) VALUES ('enr_s09_supermarket_508d21724bf93183','seed_run_s09_osm_supermarkets_20260502','organization','org_s09_supermarket_508d21724bf93183','licence_data','{"osm_id": "13098850642", "amenity": "mall", "addr_state": null, "operator": null, "brand": null}');

INSERT OR IGNORE INTO organizations (id,tenant_id,organization_type,legal_name,display_name,registration_number,status,verification_state,created_at,updated_at) VALUES ('org_s09_supermarket_9b62638a0e66645c','tenant_platform_seed','retail_store','Shopping Time','Shopping Time',NULL,'active','seeded',unixepoch(),unixepoch());
INSERT OR IGNORE INTO profiles (id,subject_id,subject_type,primary_place_id,tenant_id,workspace_id,display_name,created_at,updated_at) VALUES ('prof_s09_supermarket_9b62638a0e66645c','org_s09_supermarket_9b62638a0e66645c','organization','place_nigeria_001','tenant_platform_seed','workspace_platform_seed_discovery','Shopping Time',unixepoch(),unixepoch());
INSERT OR IGNORE INTO search_entries (id,profile_id,display_name,keywords,ancestry_path,vertical,created_at,updated_at) VALUES ('se_s09_supermarket_9b62638a0e66645c','prof_s09_supermarket_9b62638a0e66645c','Shopping Time','shopping time supermarket grocery store retail shopping nigeria','place_nigeria_001','commerce',unixepoch(),unixepoch());
INSERT OR IGNORE INTO seed_ingestion_records (id,seed_run_id,entity_type,entity_id,source_id,status) VALUES ('ir_s09_supermarket_9b62638a0e66645c','seed_run_s09_osm_supermarkets_20260502','organization','org_s09_supermarket_9b62638a0e66645c','seed_source_osm_supermarkets_ng_20260502','ingested');
INSERT OR IGNORE INTO seed_entity_sources (id,seed_run_id,entity_type,entity_id,source_id,confidence_tier) VALUES ('es_s09_supermarket_9b62638a0e66645c','seed_run_s09_osm_supermarkets_20260502','organization','org_s09_supermarket_9b62638a0e66645c','seed_source_osm_supermarkets_ng_20260502','seeded');
INSERT OR IGNORE INTO seed_enrichment (id,seed_run_id,entity_type,entity_id,enrichment_type,enrichment_json) VALUES ('enr_s09_supermarket_9b62638a0e66645c','seed_run_s09_osm_supermarkets_20260502','organization','org_s09_supermarket_9b62638a0e66645c','licence_data','{"osm_id": "207553171", "amenity": "mall", "addr_state": null, "operator": null, "brand": null}');

INSERT OR IGNORE INTO organizations (id,tenant_id,organization_type,legal_name,display_name,registration_number,status,verification_state,created_at,updated_at) VALUES ('org_s09_supermarket_e908654788de32d1','tenant_platform_seed','retail_store','Flourish','Flourish',NULL,'active','seeded',unixepoch(),unixepoch());
INSERT OR IGNORE INTO profiles (id,subject_id,subject_type,primary_place_id,tenant_id,workspace_id,display_name,created_at,updated_at) VALUES ('prof_s09_supermarket_e908654788de32d1','org_s09_supermarket_e908654788de32d1','organization','place_nigeria_001','tenant_platform_seed','workspace_platform_seed_discovery','Flourish',unixepoch(),unixepoch());
INSERT OR IGNORE INTO search_entries (id,profile_id,display_name,keywords,ancestry_path,vertical,created_at,updated_at) VALUES ('se_s09_supermarket_e908654788de32d1','prof_s09_supermarket_e908654788de32d1','Flourish','flourish supermarket grocery store retail shopping nigeria','place_nigeria_001','commerce',unixepoch(),unixepoch());
INSERT OR IGNORE INTO seed_ingestion_records (id,seed_run_id,entity_type,entity_id,source_id,status) VALUES ('ir_s09_supermarket_e908654788de32d1','seed_run_s09_osm_supermarkets_20260502','organization','org_s09_supermarket_e908654788de32d1','seed_source_osm_supermarkets_ng_20260502','ingested');
INSERT OR IGNORE INTO seed_entity_sources (id,seed_run_id,entity_type,entity_id,source_id,confidence_tier) VALUES ('es_s09_supermarket_e908654788de32d1','seed_run_s09_osm_supermarkets_20260502','organization','org_s09_supermarket_e908654788de32d1','seed_source_osm_supermarkets_ng_20260502','seeded');
INSERT OR IGNORE INTO seed_enrichment (id,seed_run_id,entity_type,entity_id,enrichment_type,enrichment_json) VALUES ('enr_s09_supermarket_e908654788de32d1','seed_run_s09_osm_supermarkets_20260502','organization','org_s09_supermarket_e908654788de32d1','licence_data','{"osm_id": "248639369", "amenity": "supermarket", "addr_state": null, "operator": null, "brand": null}');

INSERT OR IGNORE INTO organizations (id,tenant_id,organization_type,legal_name,display_name,registration_number,status,verification_state,created_at,updated_at) VALUES ('org_s09_supermarket_861d965d3ec08c31','tenant_platform_seed','retail_store','Sahad Stores','Sahad Stores',NULL,'active','seeded',unixepoch(),unixepoch());
INSERT OR IGNORE INTO profiles (id,subject_id,subject_type,primary_place_id,tenant_id,workspace_id,display_name,created_at,updated_at) VALUES ('prof_s09_supermarket_861d965d3ec08c31','org_s09_supermarket_861d965d3ec08c31','organization','place_nigeria_001','tenant_platform_seed','workspace_platform_seed_discovery','Sahad Stores',unixepoch(),unixepoch());
INSERT OR IGNORE INTO search_entries (id,profile_id,display_name,keywords,ancestry_path,vertical,created_at,updated_at) VALUES ('se_s09_supermarket_861d965d3ec08c31','prof_s09_supermarket_861d965d3ec08c31','Sahad Stores','sahad stores supermarket grocery store retail shopping nigeria','place_nigeria_001','commerce',unixepoch(),unixepoch());
INSERT OR IGNORE INTO seed_ingestion_records (id,seed_run_id,entity_type,entity_id,source_id,status) VALUES ('ir_s09_supermarket_861d965d3ec08c31','seed_run_s09_osm_supermarkets_20260502','organization','org_s09_supermarket_861d965d3ec08c31','seed_source_osm_supermarkets_ng_20260502','ingested');
INSERT OR IGNORE INTO seed_entity_sources (id,seed_run_id,entity_type,entity_id,source_id,confidence_tier) VALUES ('es_s09_supermarket_861d965d3ec08c31','seed_run_s09_osm_supermarkets_20260502','organization','org_s09_supermarket_861d965d3ec08c31','seed_source_osm_supermarkets_ng_20260502','seeded');
INSERT OR IGNORE INTO seed_enrichment (id,seed_run_id,entity_type,entity_id,enrichment_type,enrichment_json) VALUES ('enr_s09_supermarket_861d965d3ec08c31','seed_run_s09_osm_supermarkets_20260502','organization','org_s09_supermarket_861d965d3ec08c31','licence_data','{"osm_id": "283109888", "amenity": "mall", "addr_state": null, "operator": "Sahad", "brand": null}');

INSERT OR IGNORE INTO organizations (id,tenant_id,organization_type,legal_name,display_name,registration_number,status,verification_state,created_at,updated_at) VALUES ('org_s09_supermarket_86553f8d087ef65d','tenant_platform_seed','retail_store','Marché de Kaélé','Marché de Kaélé',NULL,'active','seeded',unixepoch(),unixepoch());
INSERT OR IGNORE INTO profiles (id,subject_id,subject_type,primary_place_id,tenant_id,workspace_id,display_name,created_at,updated_at) VALUES ('prof_s09_supermarket_86553f8d087ef65d','org_s09_supermarket_86553f8d087ef65d','organization','place_nigeria_001','tenant_platform_seed','workspace_platform_seed_discovery','Marché de Kaélé',unixepoch(),unixepoch());
INSERT OR IGNORE INTO search_entries (id,profile_id,display_name,keywords,ancestry_path,vertical,created_at,updated_at) VALUES ('se_s09_supermarket_86553f8d087ef65d','prof_s09_supermarket_86553f8d087ef65d','Marché de Kaélé','marché de kaélé supermarket grocery store retail shopping nigeria','place_nigeria_001','commerce',unixepoch(),unixepoch());
INSERT OR IGNORE INTO seed_ingestion_records (id,seed_run_id,entity_type,entity_id,source_id,status) VALUES ('ir_s09_supermarket_86553f8d087ef65d','seed_run_s09_osm_supermarkets_20260502','organization','org_s09_supermarket_86553f8d087ef65d','seed_source_osm_supermarkets_ng_20260502','ingested');
INSERT OR IGNORE INTO seed_entity_sources (id,seed_run_id,entity_type,entity_id,source_id,confidence_tier) VALUES ('es_s09_supermarket_86553f8d087ef65d','seed_run_s09_osm_supermarkets_20260502','organization','org_s09_supermarket_86553f8d087ef65d','seed_source_osm_supermarkets_ng_20260502','seeded');
INSERT OR IGNORE INTO seed_enrichment (id,seed_run_id,entity_type,entity_id,enrichment_type,enrichment_json) VALUES ('enr_s09_supermarket_86553f8d087ef65d','seed_run_s09_osm_supermarkets_20260502','organization','org_s09_supermarket_86553f8d087ef65d','licence_data','{"osm_id": "320784910", "amenity": "supermarket", "addr_state": null, "operator": null, "brand": null}');

INSERT OR IGNORE INTO organizations (id,tenant_id,organization_type,legal_name,display_name,registration_number,status,verification_state,created_at,updated_at) VALUES ('org_s09_supermarket_8758ac3236755fd3','tenant_platform_seed','retail_store','Paris couture','Paris couture',NULL,'active','seeded',unixepoch(),unixepoch());
INSERT OR IGNORE INTO profiles (id,subject_id,subject_type,primary_place_id,tenant_id,workspace_id,display_name,created_at,updated_at) VALUES ('prof_s09_supermarket_8758ac3236755fd3','org_s09_supermarket_8758ac3236755fd3','organization','place_nigeria_001','tenant_platform_seed','workspace_platform_seed_discovery','Paris couture',unixepoch(),unixepoch());
INSERT OR IGNORE INTO search_entries (id,profile_id,display_name,keywords,ancestry_path,vertical,created_at,updated_at) VALUES ('se_s09_supermarket_8758ac3236755fd3','prof_s09_supermarket_8758ac3236755fd3','Paris couture','paris couture supermarket grocery store retail shopping nigeria','place_nigeria_001','commerce',unixepoch(),unixepoch());
INSERT OR IGNORE INTO seed_ingestion_records (id,seed_run_id,entity_type,entity_id,source_id,status) VALUES ('ir_s09_supermarket_8758ac3236755fd3','seed_run_s09_osm_supermarkets_20260502','organization','org_s09_supermarket_8758ac3236755fd3','seed_source_osm_supermarkets_ng_20260502','ingested');
INSERT OR IGNORE INTO seed_entity_sources (id,seed_run_id,entity_type,entity_id,source_id,confidence_tier) VALUES ('es_s09_supermarket_8758ac3236755fd3','seed_run_s09_osm_supermarkets_20260502','organization','org_s09_supermarket_8758ac3236755fd3','seed_source_osm_supermarkets_ng_20260502','seeded');
INSERT OR IGNORE INTO seed_enrichment (id,seed_run_id,entity_type,entity_id,enrichment_type,enrichment_json) VALUES ('enr_s09_supermarket_8758ac3236755fd3','seed_run_s09_osm_supermarkets_20260502','organization','org_s09_supermarket_8758ac3236755fd3','licence_data','{"osm_id": "417508589", "amenity": "mall", "addr_state": null, "operator": null, "brand": null}');

INSERT OR IGNORE INTO organizations (id,tenant_id,organization_type,legal_name,display_name,registration_number,status,verification_state,created_at,updated_at) VALUES ('org_s09_supermarket_d2aeaae62a7387a4','tenant_platform_seed','retail_store','comice','comice',NULL,'active','seeded',unixepoch(),unixepoch());
INSERT OR IGNORE INTO profiles (id,subject_id,subject_type,primary_place_id,tenant_id,workspace_id,display_name,created_at,updated_at) VALUES ('prof_s09_supermarket_d2aeaae62a7387a4','org_s09_supermarket_d2aeaae62a7387a4','organization','place_nigeria_001','tenant_platform_seed','workspace_platform_seed_discovery','comice',unixepoch(),unixepoch());
INSERT OR IGNORE INTO search_entries (id,profile_id,display_name,keywords,ancestry_path,vertical,created_at,updated_at) VALUES ('se_s09_supermarket_d2aeaae62a7387a4','prof_s09_supermarket_d2aeaae62a7387a4','comice','comice supermarket grocery store retail shopping nigeria','place_nigeria_001','commerce',unixepoch(),unixepoch());
INSERT OR IGNORE INTO seed_ingestion_records (id,seed_run_id,entity_type,entity_id,source_id,status) VALUES ('ir_s09_supermarket_d2aeaae62a7387a4','seed_run_s09_osm_supermarkets_20260502','organization','org_s09_supermarket_d2aeaae62a7387a4','seed_source_osm_supermarkets_ng_20260502','ingested');
INSERT OR IGNORE INTO seed_entity_sources (id,seed_run_id,entity_type,entity_id,source_id,confidence_tier) VALUES ('es_s09_supermarket_d2aeaae62a7387a4','seed_run_s09_osm_supermarkets_20260502','organization','org_s09_supermarket_d2aeaae62a7387a4','seed_source_osm_supermarkets_ng_20260502','seeded');
INSERT OR IGNORE INTO seed_enrichment (id,seed_run_id,entity_type,entity_id,enrichment_type,enrichment_json) VALUES ('enr_s09_supermarket_d2aeaae62a7387a4','seed_run_s09_osm_supermarkets_20260502','organization','org_s09_supermarket_d2aeaae62a7387a4','licence_data','{"osm_id": "417866031", "amenity": "supermarket", "addr_state": null, "operator": null, "brand": null}');

INSERT OR IGNORE INTO organizations (id,tenant_id,organization_type,legal_name,display_name,registration_number,status,verification_state,created_at,updated_at) VALUES ('org_s09_supermarket_e32b58a4dabfc891','tenant_platform_seed','retail_store','loja de alimentos, produtos de higiene','loja de alimentos, produtos de higiene',NULL,'active','seeded',unixepoch(),unixepoch());
INSERT OR IGNORE INTO profiles (id,subject_id,subject_type,primary_place_id,tenant_id,workspace_id,display_name,created_at,updated_at) VALUES ('prof_s09_supermarket_e32b58a4dabfc891','org_s09_supermarket_e32b58a4dabfc891','organization','place_nigeria_001','tenant_platform_seed','workspace_platform_seed_discovery','loja de alimentos, produtos de higiene',unixepoch(),unixepoch());
INSERT OR IGNORE INTO search_entries (id,profile_id,display_name,keywords,ancestry_path,vertical,created_at,updated_at) VALUES ('se_s09_supermarket_e32b58a4dabfc891','prof_s09_supermarket_e32b58a4dabfc891','loja de alimentos, produtos de higiene','loja de alimentos, produtos de higiene supermarket grocery store retail shopping nigeria','place_nigeria_001','commerce',unixepoch(),unixepoch());
INSERT OR IGNORE INTO seed_ingestion_records (id,seed_run_id,entity_type,entity_id,source_id,status) VALUES ('ir_s09_supermarket_e32b58a4dabfc891','seed_run_s09_osm_supermarkets_20260502','organization','org_s09_supermarket_e32b58a4dabfc891','seed_source_osm_supermarkets_ng_20260502','ingested');
INSERT OR IGNORE INTO seed_entity_sources (id,seed_run_id,entity_type,entity_id,source_id,confidence_tier) VALUES ('es_s09_supermarket_e32b58a4dabfc891','seed_run_s09_osm_supermarkets_20260502','organization','org_s09_supermarket_e32b58a4dabfc891','seed_source_osm_supermarkets_ng_20260502','seeded');
INSERT OR IGNORE INTO seed_enrichment (id,seed_run_id,entity_type,entity_id,enrichment_type,enrichment_json) VALUES ('enr_s09_supermarket_e32b58a4dabfc891','seed_run_s09_osm_supermarkets_20260502','organization','org_s09_supermarket_e32b58a4dabfc891','licence_data','{"osm_id": "613826319", "amenity": "supermarket", "addr_state": null, "operator": null, "brand": null}');

INSERT OR IGNORE INTO organizations (id,tenant_id,organization_type,legal_name,display_name,registration_number,status,verification_state,created_at,updated_at) VALUES ('org_s09_supermarket_eafe97734d4a2adb','tenant_platform_seed','retail_store','Mercado Municipal de Magaria','Mercado Municipal de Magaria',NULL,'active','seeded',unixepoch(),unixepoch());
INSERT OR IGNORE INTO profiles (id,subject_id,subject_type,primary_place_id,tenant_id,workspace_id,display_name,created_at,updated_at) VALUES ('prof_s09_supermarket_eafe97734d4a2adb','org_s09_supermarket_eafe97734d4a2adb','organization','place_nigeria_001','tenant_platform_seed','workspace_platform_seed_discovery','Mercado Municipal de Magaria',unixepoch(),unixepoch());
INSERT OR IGNORE INTO search_entries (id,profile_id,display_name,keywords,ancestry_path,vertical,created_at,updated_at) VALUES ('se_s09_supermarket_eafe97734d4a2adb','prof_s09_supermarket_eafe97734d4a2adb','Mercado Municipal de Magaria','mercado municipal de magaria supermarket grocery store retail shopping nigeria','place_nigeria_001','commerce',unixepoch(),unixepoch());
INSERT OR IGNORE INTO seed_ingestion_records (id,seed_run_id,entity_type,entity_id,source_id,status) VALUES ('ir_s09_supermarket_eafe97734d4a2adb','seed_run_s09_osm_supermarkets_20260502','organization','org_s09_supermarket_eafe97734d4a2adb','seed_source_osm_supermarkets_ng_20260502','ingested');
INSERT OR IGNORE INTO seed_entity_sources (id,seed_run_id,entity_type,entity_id,source_id,confidence_tier) VALUES ('es_s09_supermarket_eafe97734d4a2adb','seed_run_s09_osm_supermarkets_20260502','organization','org_s09_supermarket_eafe97734d4a2adb','seed_source_osm_supermarkets_ng_20260502','seeded');
INSERT OR IGNORE INTO seed_enrichment (id,seed_run_id,entity_type,entity_id,enrichment_type,enrichment_json) VALUES ('enr_s09_supermarket_eafe97734d4a2adb','seed_run_s09_osm_supermarkets_20260502','organization','org_s09_supermarket_eafe97734d4a2adb','licence_data','{"osm_id": "613826320", "amenity": "supermarket", "addr_state": null, "operator": "vários", "brand": null}');

INSERT OR IGNORE INTO organizations (id,tenant_id,organization_type,legal_name,display_name,registration_number,status,verification_state,created_at,updated_at) VALUES ('org_s09_supermarket_45f1213a2a0d515c','tenant_platform_seed','retail_store','Acme','Acme',NULL,'active','seeded',unixepoch(),unixepoch());
INSERT OR IGNORE INTO profiles (id,subject_id,subject_type,primary_place_id,tenant_id,workspace_id,display_name,created_at,updated_at) VALUES ('prof_s09_supermarket_45f1213a2a0d515c','org_s09_supermarket_45f1213a2a0d515c','organization','place_nigeria_001','tenant_platform_seed','workspace_platform_seed_discovery','Acme',unixepoch(),unixepoch());
INSERT OR IGNORE INTO search_entries (id,profile_id,display_name,keywords,ancestry_path,vertical,created_at,updated_at) VALUES ('se_s09_supermarket_45f1213a2a0d515c','prof_s09_supermarket_45f1213a2a0d515c','Acme','acme supermarket grocery store retail shopping nigeria','place_nigeria_001','commerce',unixepoch(),unixepoch());
INSERT OR IGNORE INTO seed_ingestion_records (id,seed_run_id,entity_type,entity_id,source_id,status) VALUES ('ir_s09_supermarket_45f1213a2a0d515c','seed_run_s09_osm_supermarkets_20260502','organization','org_s09_supermarket_45f1213a2a0d515c','seed_source_osm_supermarkets_ng_20260502','ingested');
INSERT OR IGNORE INTO seed_entity_sources (id,seed_run_id,entity_type,entity_id,source_id,confidence_tier) VALUES ('es_s09_supermarket_45f1213a2a0d515c','seed_run_s09_osm_supermarkets_20260502','organization','org_s09_supermarket_45f1213a2a0d515c','seed_source_osm_supermarkets_ng_20260502','seeded');
INSERT OR IGNORE INTO seed_enrichment (id,seed_run_id,entity_type,entity_id,enrichment_type,enrichment_json) VALUES ('enr_s09_supermarket_45f1213a2a0d515c','seed_run_s09_osm_supermarkets_20260502','organization','org_s09_supermarket_45f1213a2a0d515c','licence_data','{"osm_id": "1005061395", "amenity": "supermarket", "addr_state": null, "operator": null, "brand": "Acme"}');

INSERT OR IGNORE INTO organizations (id,tenant_id,organization_type,legal_name,display_name,registration_number,status,verification_state,created_at,updated_at) VALUES ('org_s09_supermarket_e7c89cdb741eada8','tenant_platform_seed','retail_store','Kanti Sauki','Kanti Sauki',NULL,'active','seeded',unixepoch(),unixepoch());
INSERT OR IGNORE INTO profiles (id,subject_id,subject_type,primary_place_id,tenant_id,workspace_id,display_name,created_at,updated_at) VALUES ('prof_s09_supermarket_e7c89cdb741eada8','org_s09_supermarket_e7c89cdb741eada8','organization','place_nigeria_001','tenant_platform_seed','workspace_platform_seed_discovery','Kanti Sauki',unixepoch(),unixepoch());
INSERT OR IGNORE INTO search_entries (id,profile_id,display_name,keywords,ancestry_path,vertical,created_at,updated_at) VALUES ('se_s09_supermarket_e7c89cdb741eada8','prof_s09_supermarket_e7c89cdb741eada8','Kanti Sauki','kanti sauki supermarket grocery store retail shopping nigeria','place_nigeria_001','commerce',unixepoch(),unixepoch());
INSERT OR IGNORE INTO seed_ingestion_records (id,seed_run_id,entity_type,entity_id,source_id,status) VALUES ('ir_s09_supermarket_e7c89cdb741eada8','seed_run_s09_osm_supermarkets_20260502','organization','org_s09_supermarket_e7c89cdb741eada8','seed_source_osm_supermarkets_ng_20260502','ingested');
INSERT OR IGNORE INTO seed_entity_sources (id,seed_run_id,entity_type,entity_id,source_id,confidence_tier) VALUES ('es_s09_supermarket_e7c89cdb741eada8','seed_run_s09_osm_supermarkets_20260502','organization','org_s09_supermarket_e7c89cdb741eada8','seed_source_osm_supermarkets_ng_20260502','seeded');
INSERT OR IGNORE INTO seed_enrichment (id,seed_run_id,entity_type,entity_id,enrichment_type,enrichment_json) VALUES ('enr_s09_supermarket_e7c89cdb741eada8','seed_run_s09_osm_supermarkets_20260502','organization','org_s09_supermarket_e7c89cdb741eada8','licence_data','{"osm_id": "1178004111", "amenity": "mall", "addr_state": null, "operator": null, "brand": null}');

