-- ============================================================
-- Migration 0482: OSM Nigeria Hair Salons & Barbers
-- Generated: 2026-05-02 | Records: 464
-- Source: OpenStreetMap Nigeria — Hair Salons & Barbers
-- Idempotent: all inserts use INSERT OR IGNORE
-- ============================================================
BEGIN TRANSACTION;
INSERT OR IGNORE INTO seed_sources (id,label,source_type,url,confidence_tier,notes) VALUES ('seed_source_osm_salons_ng_20260502','OpenStreetMap Nigeria — Hair Salons & Barbers','osm_extract','https://www.openstreetmap.org','seeded','OpenStreetMap ODbL licensed data');
INSERT OR IGNORE INTO seed_runs (id,label,phase,status,started_at,completed_at) VALUES ('seed_run_s09_osm_salons_20260502','S09 OSM OSM Nigeria Hair Salons & Barbers 2026-04-22','S07','completed',unixepoch(),unixepoch());
INSERT OR IGNORE INTO seed_raw_artifacts (id,seed_run_id,artifact_type,file_path,content_hash,row_count,notes) VALUES ('seed_artifact_seed_run_s09_osm_salons_20260502','seed_run_s09_osm_salons_20260502','normalized','infra/db/seed/sources',NULL,464,'Auto-generated from OpenStreetMap Nigeria — Hair Salons & Barbers');

INSERT OR IGNORE INTO organizations (id,tenant_id,organization_type,legal_name,display_name,registration_number,status,verification_state,created_at,updated_at) VALUES ('org_s09_salon_18f9aa86d2d24a27','tenant_platform_seed','beauty_salon','Hairdresser Salon','Hairdresser Salon',NULL,'active','seeded',unixepoch(),unixepoch());
INSERT OR IGNORE INTO profiles (id,subject_id,subject_type,primary_place_id,tenant_id,workspace_id,display_name,created_at,updated_at) VALUES ('prof_s09_salon_18f9aa86d2d24a27','org_s09_salon_18f9aa86d2d24a27','organization','place_nigeria_001','tenant_platform_seed','workspace_platform_seed_discovery','Hairdresser Salon',unixepoch(),unixepoch());
INSERT OR IGNORE INTO search_entries (id,profile_id,display_name,keywords,ancestry_path,vertical,created_at,updated_at) VALUES ('se_s09_salon_18f9aa86d2d24a27','prof_s09_salon_18f9aa86d2d24a27','Hairdresser Salon','hairdresser salon salon barber hair beauty nigeria','place_nigeria_001','beauty_salon',unixepoch(),unixepoch());
INSERT OR IGNORE INTO seed_ingestion_records (id,seed_run_id,entity_type,entity_id,source_id,status) VALUES ('ir_s09_salon_18f9aa86d2d24a27','seed_run_s09_osm_salons_20260502','organization','org_s09_salon_18f9aa86d2d24a27','seed_source_osm_salons_ng_20260502','ingested');
INSERT OR IGNORE INTO seed_entity_sources (id,seed_run_id,entity_type,entity_id,source_id,confidence_tier) VALUES ('es_s09_salon_18f9aa86d2d24a27','seed_run_s09_osm_salons_20260502','organization','org_s09_salon_18f9aa86d2d24a27','seed_source_osm_salons_ng_20260502','seeded');
INSERT OR IGNORE INTO seed_enrichment (id,seed_run_id,entity_type,entity_id,enrichment_type,enrichment_json) VALUES ('enr_s09_salon_18f9aa86d2d24a27','seed_run_s09_osm_salons_20260502','organization','org_s09_salon_18f9aa86d2d24a27','licence_data','{"osm_id": "2344328619", "amenity": "hairdresser", "addr_state": null, "denomination": null, "operator": null}');

INSERT OR IGNORE INTO organizations (id,tenant_id,organization_type,legal_name,display_name,registration_number,status,verification_state,created_at,updated_at) VALUES ('org_s09_salon_672e316da5d8df7d','tenant_platform_seed','beauty_salon','Hair Dressing Salon','Hair Dressing Salon',NULL,'active','seeded',unixepoch(),unixepoch());
INSERT OR IGNORE INTO profiles (id,subject_id,subject_type,primary_place_id,tenant_id,workspace_id,display_name,created_at,updated_at) VALUES ('prof_s09_salon_672e316da5d8df7d','org_s09_salon_672e316da5d8df7d','organization','place_nigeria_001','tenant_platform_seed','workspace_platform_seed_discovery','Hair Dressing Salon',unixepoch(),unixepoch());
INSERT OR IGNORE INTO search_entries (id,profile_id,display_name,keywords,ancestry_path,vertical,created_at,updated_at) VALUES ('se_s09_salon_672e316da5d8df7d','prof_s09_salon_672e316da5d8df7d','Hair Dressing Salon','hair dressing salon salon barber hair beauty nigeria','place_nigeria_001','beauty_salon',unixepoch(),unixepoch());
INSERT OR IGNORE INTO seed_ingestion_records (id,seed_run_id,entity_type,entity_id,source_id,status) VALUES ('ir_s09_salon_672e316da5d8df7d','seed_run_s09_osm_salons_20260502','organization','org_s09_salon_672e316da5d8df7d','seed_source_osm_salons_ng_20260502','ingested');
INSERT OR IGNORE INTO seed_entity_sources (id,seed_run_id,entity_type,entity_id,source_id,confidence_tier) VALUES ('es_s09_salon_672e316da5d8df7d','seed_run_s09_osm_salons_20260502','organization','org_s09_salon_672e316da5d8df7d','seed_source_osm_salons_ng_20260502','seeded');
INSERT OR IGNORE INTO seed_enrichment (id,seed_run_id,entity_type,entity_id,enrichment_type,enrichment_json) VALUES ('enr_s09_salon_672e316da5d8df7d','seed_run_s09_osm_salons_20260502','organization','org_s09_salon_672e316da5d8df7d','licence_data','{"osm_id": "2344503124", "amenity": "hairdresser", "addr_state": null, "denomination": null, "operator": null}');

INSERT OR IGNORE INTO organizations (id,tenant_id,organization_type,legal_name,display_name,registration_number,status,verification_state,created_at,updated_at) VALUES ('org_s09_salon_df1dc5ab21345f44','tenant_platform_seed','beauty_salon','Tessy Beauty World','Tessy Beauty World',NULL,'active','seeded',unixepoch(),unixepoch());
INSERT OR IGNORE INTO profiles (id,subject_id,subject_type,primary_place_id,tenant_id,workspace_id,display_name,created_at,updated_at) VALUES ('prof_s09_salon_df1dc5ab21345f44','org_s09_salon_df1dc5ab21345f44','organization','place_nigeria_001','tenant_platform_seed','workspace_platform_seed_discovery','Tessy Beauty World',unixepoch(),unixepoch());
INSERT OR IGNORE INTO search_entries (id,profile_id,display_name,keywords,ancestry_path,vertical,created_at,updated_at) VALUES ('se_s09_salon_df1dc5ab21345f44','prof_s09_salon_df1dc5ab21345f44','Tessy Beauty World','tessy beauty world salon barber hair beauty nigeria','place_nigeria_001','beauty_salon',unixepoch(),unixepoch());
INSERT OR IGNORE INTO seed_ingestion_records (id,seed_run_id,entity_type,entity_id,source_id,status) VALUES ('ir_s09_salon_df1dc5ab21345f44','seed_run_s09_osm_salons_20260502','organization','org_s09_salon_df1dc5ab21345f44','seed_source_osm_salons_ng_20260502','ingested');
INSERT OR IGNORE INTO seed_entity_sources (id,seed_run_id,entity_type,entity_id,source_id,confidence_tier) VALUES ('es_s09_salon_df1dc5ab21345f44','seed_run_s09_osm_salons_20260502','organization','org_s09_salon_df1dc5ab21345f44','seed_source_osm_salons_ng_20260502','seeded');
INSERT OR IGNORE INTO seed_enrichment (id,seed_run_id,entity_type,entity_id,enrichment_type,enrichment_json) VALUES ('enr_s09_salon_df1dc5ab21345f44','seed_run_s09_osm_salons_20260502','organization','org_s09_salon_df1dc5ab21345f44','licence_data','{"osm_id": "2344543056", "amenity": "beauty", "addr_state": null, "denomination": null, "operator": null}');

INSERT OR IGNORE INTO organizations (id,tenant_id,organization_type,legal_name,display_name,registration_number,status,verification_state,created_at,updated_at) VALUES ('org_s09_salon_b23b700f7a98bec3','tenant_platform_seed','beauty_salon','Pee Beauty,Skin & Spa','Pee Beauty,Skin & Spa',NULL,'active','seeded',unixepoch(),unixepoch());
INSERT OR IGNORE INTO profiles (id,subject_id,subject_type,primary_place_id,tenant_id,workspace_id,display_name,created_at,updated_at) VALUES ('prof_s09_salon_b23b700f7a98bec3','org_s09_salon_b23b700f7a98bec3','organization','place_nigeria_001','tenant_platform_seed','workspace_platform_seed_discovery','Pee Beauty,Skin & Spa',unixepoch(),unixepoch());
INSERT OR IGNORE INTO search_entries (id,profile_id,display_name,keywords,ancestry_path,vertical,created_at,updated_at) VALUES ('se_s09_salon_b23b700f7a98bec3','prof_s09_salon_b23b700f7a98bec3','Pee Beauty,Skin & Spa','pee beauty,skin & spa salon barber hair beauty nigeria','place_nigeria_001','beauty_salon',unixepoch(),unixepoch());
INSERT OR IGNORE INTO seed_ingestion_records (id,seed_run_id,entity_type,entity_id,source_id,status) VALUES ('ir_s09_salon_b23b700f7a98bec3','seed_run_s09_osm_salons_20260502','organization','org_s09_salon_b23b700f7a98bec3','seed_source_osm_salons_ng_20260502','ingested');
INSERT OR IGNORE INTO seed_entity_sources (id,seed_run_id,entity_type,entity_id,source_id,confidence_tier) VALUES ('es_s09_salon_b23b700f7a98bec3','seed_run_s09_osm_salons_20260502','organization','org_s09_salon_b23b700f7a98bec3','seed_source_osm_salons_ng_20260502','seeded');
INSERT OR IGNORE INTO seed_enrichment (id,seed_run_id,entity_type,entity_id,enrichment_type,enrichment_json) VALUES ('enr_s09_salon_b23b700f7a98bec3','seed_run_s09_osm_salons_20260502','organization','org_s09_salon_b23b700f7a98bec3','licence_data','{"osm_id": "2349297909", "amenity": "hairdresser", "addr_state": null, "denomination": null, "operator": null}');

INSERT OR IGNORE INTO organizations (id,tenant_id,organization_type,legal_name,display_name,registration_number,status,verification_state,created_at,updated_at) VALUES ('org_s09_salon_4d6c3fd8b5a3455a','tenant_platform_seed','beauty_salon','Theolandbrian Beauty Place','Theolandbrian Beauty Place',NULL,'active','seeded',unixepoch(),unixepoch());
INSERT OR IGNORE INTO profiles (id,subject_id,subject_type,primary_place_id,tenant_id,workspace_id,display_name,created_at,updated_at) VALUES ('prof_s09_salon_4d6c3fd8b5a3455a','org_s09_salon_4d6c3fd8b5a3455a','organization','place_nigeria_001','tenant_platform_seed','workspace_platform_seed_discovery','Theolandbrian Beauty Place',unixepoch(),unixepoch());
INSERT OR IGNORE INTO search_entries (id,profile_id,display_name,keywords,ancestry_path,vertical,created_at,updated_at) VALUES ('se_s09_salon_4d6c3fd8b5a3455a','prof_s09_salon_4d6c3fd8b5a3455a','Theolandbrian Beauty Place','theolandbrian beauty place salon barber hair beauty nigeria','place_nigeria_001','beauty_salon',unixepoch(),unixepoch());
INSERT OR IGNORE INTO seed_ingestion_records (id,seed_run_id,entity_type,entity_id,source_id,status) VALUES ('ir_s09_salon_4d6c3fd8b5a3455a','seed_run_s09_osm_salons_20260502','organization','org_s09_salon_4d6c3fd8b5a3455a','seed_source_osm_salons_ng_20260502','ingested');
INSERT OR IGNORE INTO seed_entity_sources (id,seed_run_id,entity_type,entity_id,source_id,confidence_tier) VALUES ('es_s09_salon_4d6c3fd8b5a3455a','seed_run_s09_osm_salons_20260502','organization','org_s09_salon_4d6c3fd8b5a3455a','seed_source_osm_salons_ng_20260502','seeded');
INSERT OR IGNORE INTO seed_enrichment (id,seed_run_id,entity_type,entity_id,enrichment_type,enrichment_json) VALUES ('enr_s09_salon_4d6c3fd8b5a3455a','seed_run_s09_osm_salons_20260502','organization','org_s09_salon_4d6c3fd8b5a3455a','licence_data','{"osm_id": "4612317990", "amenity": "beauty", "addr_state": null, "denomination": null, "operator": null}');

INSERT OR IGNORE INTO organizations (id,tenant_id,organization_type,legal_name,display_name,registration_number,status,verification_state,created_at,updated_at) VALUES ('org_s09_salon_662d142bf0635f7b','tenant_platform_seed','beauty_salon','barbers shop','barbers shop',NULL,'active','seeded',unixepoch(),unixepoch());
INSERT OR IGNORE INTO profiles (id,subject_id,subject_type,primary_place_id,tenant_id,workspace_id,display_name,created_at,updated_at) VALUES ('prof_s09_salon_662d142bf0635f7b','org_s09_salon_662d142bf0635f7b','organization','place_nigeria_001','tenant_platform_seed','workspace_platform_seed_discovery','barbers shop',unixepoch(),unixepoch());
INSERT OR IGNORE INTO search_entries (id,profile_id,display_name,keywords,ancestry_path,vertical,created_at,updated_at) VALUES ('se_s09_salon_662d142bf0635f7b','prof_s09_salon_662d142bf0635f7b','barbers shop','barbers shop salon barber hair beauty nigeria','place_nigeria_001','beauty_salon',unixepoch(),unixepoch());
INSERT OR IGNORE INTO seed_ingestion_records (id,seed_run_id,entity_type,entity_id,source_id,status) VALUES ('ir_s09_salon_662d142bf0635f7b','seed_run_s09_osm_salons_20260502','organization','org_s09_salon_662d142bf0635f7b','seed_source_osm_salons_ng_20260502','ingested');
INSERT OR IGNORE INTO seed_entity_sources (id,seed_run_id,entity_type,entity_id,source_id,confidence_tier) VALUES ('es_s09_salon_662d142bf0635f7b','seed_run_s09_osm_salons_20260502','organization','org_s09_salon_662d142bf0635f7b','seed_source_osm_salons_ng_20260502','seeded');
INSERT OR IGNORE INTO seed_enrichment (id,seed_run_id,entity_type,entity_id,enrichment_type,enrichment_json) VALUES ('enr_s09_salon_662d142bf0635f7b','seed_run_s09_osm_salons_20260502','organization','org_s09_salon_662d142bf0635f7b','licence_data','{"osm_id": "4680969297", "amenity": "beauty", "addr_state": null, "denomination": null, "operator": null}');

INSERT OR IGNORE INTO organizations (id,tenant_id,organization_type,legal_name,display_name,registration_number,status,verification_state,created_at,updated_at) VALUES ('org_s09_salon_4c31b7e34d88d689','tenant_platform_seed','beauty_salon','Nath Barbing Shop','Nath Barbing Shop',NULL,'active','seeded',unixepoch(),unixepoch());
INSERT OR IGNORE INTO profiles (id,subject_id,subject_type,primary_place_id,tenant_id,workspace_id,display_name,created_at,updated_at) VALUES ('prof_s09_salon_4c31b7e34d88d689','org_s09_salon_4c31b7e34d88d689','organization','place_nigeria_001','tenant_platform_seed','workspace_platform_seed_discovery','Nath Barbing Shop',unixepoch(),unixepoch());
INSERT OR IGNORE INTO search_entries (id,profile_id,display_name,keywords,ancestry_path,vertical,created_at,updated_at) VALUES ('se_s09_salon_4c31b7e34d88d689','prof_s09_salon_4c31b7e34d88d689','Nath Barbing Shop','nath barbing shop salon barber hair beauty nigeria','place_nigeria_001','beauty_salon',unixepoch(),unixepoch());
INSERT OR IGNORE INTO seed_ingestion_records (id,seed_run_id,entity_type,entity_id,source_id,status) VALUES ('ir_s09_salon_4c31b7e34d88d689','seed_run_s09_osm_salons_20260502','organization','org_s09_salon_4c31b7e34d88d689','seed_source_osm_salons_ng_20260502','ingested');
INSERT OR IGNORE INTO seed_entity_sources (id,seed_run_id,entity_type,entity_id,source_id,confidence_tier) VALUES ('es_s09_salon_4c31b7e34d88d689','seed_run_s09_osm_salons_20260502','organization','org_s09_salon_4c31b7e34d88d689','seed_source_osm_salons_ng_20260502','seeded');
INSERT OR IGNORE INTO seed_enrichment (id,seed_run_id,entity_type,entity_id,enrichment_type,enrichment_json) VALUES ('enr_s09_salon_4c31b7e34d88d689','seed_run_s09_osm_salons_20260502','organization','org_s09_salon_4c31b7e34d88d689','licence_data','{"osm_id": "5407631423", "amenity": "beauty", "addr_state": null, "denomination": null, "operator": null}');

INSERT OR IGNORE INTO organizations (id,tenant_id,organization_type,legal_name,display_name,registration_number,status,verification_state,created_at,updated_at) VALUES ('org_s09_salon_de0fbab1043a21b4','tenant_platform_seed','beauty_salon','House of Cintas','House of Cintas',NULL,'active','seeded',unixepoch(),unixepoch());
INSERT OR IGNORE INTO profiles (id,subject_id,subject_type,primary_place_id,tenant_id,workspace_id,display_name,created_at,updated_at) VALUES ('prof_s09_salon_de0fbab1043a21b4','org_s09_salon_de0fbab1043a21b4','organization','place_nigeria_001','tenant_platform_seed','workspace_platform_seed_discovery','House of Cintas',unixepoch(),unixepoch());
INSERT OR IGNORE INTO search_entries (id,profile_id,display_name,keywords,ancestry_path,vertical,created_at,updated_at) VALUES ('se_s09_salon_de0fbab1043a21b4','prof_s09_salon_de0fbab1043a21b4','House of Cintas','house of cintas salon barber hair beauty nigeria','place_nigeria_001','beauty_salon',unixepoch(),unixepoch());
INSERT OR IGNORE INTO seed_ingestion_records (id,seed_run_id,entity_type,entity_id,source_id,status) VALUES ('ir_s09_salon_de0fbab1043a21b4','seed_run_s09_osm_salons_20260502','organization','org_s09_salon_de0fbab1043a21b4','seed_source_osm_salons_ng_20260502','ingested');
INSERT OR IGNORE INTO seed_entity_sources (id,seed_run_id,entity_type,entity_id,source_id,confidence_tier) VALUES ('es_s09_salon_de0fbab1043a21b4','seed_run_s09_osm_salons_20260502','organization','org_s09_salon_de0fbab1043a21b4','seed_source_osm_salons_ng_20260502','seeded');
INSERT OR IGNORE INTO seed_enrichment (id,seed_run_id,entity_type,entity_id,enrichment_type,enrichment_json) VALUES ('enr_s09_salon_de0fbab1043a21b4','seed_run_s09_osm_salons_20260502','organization','org_s09_salon_de0fbab1043a21b4','licence_data','{"osm_id": "5427746021", "amenity": "beauty", "addr_state": null, "denomination": null, "operator": null}');

INSERT OR IGNORE INTO organizations (id,tenant_id,organization_type,legal_name,display_name,registration_number,status,verification_state,created_at,updated_at) VALUES ('org_s09_salon_7f429f0e6c9ed072','tenant_platform_seed','beauty_salon','May Exclusive Paradise','May Exclusive Paradise',NULL,'active','seeded',unixepoch(),unixepoch());
INSERT OR IGNORE INTO profiles (id,subject_id,subject_type,primary_place_id,tenant_id,workspace_id,display_name,created_at,updated_at) VALUES ('prof_s09_salon_7f429f0e6c9ed072','org_s09_salon_7f429f0e6c9ed072','organization','place_nigeria_001','tenant_platform_seed','workspace_platform_seed_discovery','May Exclusive Paradise',unixepoch(),unixepoch());
INSERT OR IGNORE INTO search_entries (id,profile_id,display_name,keywords,ancestry_path,vertical,created_at,updated_at) VALUES ('se_s09_salon_7f429f0e6c9ed072','prof_s09_salon_7f429f0e6c9ed072','May Exclusive Paradise','may exclusive paradise salon barber hair beauty nigeria','place_nigeria_001','beauty_salon',unixepoch(),unixepoch());
INSERT OR IGNORE INTO seed_ingestion_records (id,seed_run_id,entity_type,entity_id,source_id,status) VALUES ('ir_s09_salon_7f429f0e6c9ed072','seed_run_s09_osm_salons_20260502','organization','org_s09_salon_7f429f0e6c9ed072','seed_source_osm_salons_ng_20260502','ingested');
INSERT OR IGNORE INTO seed_entity_sources (id,seed_run_id,entity_type,entity_id,source_id,confidence_tier) VALUES ('es_s09_salon_7f429f0e6c9ed072','seed_run_s09_osm_salons_20260502','organization','org_s09_salon_7f429f0e6c9ed072','seed_source_osm_salons_ng_20260502','seeded');
INSERT OR IGNORE INTO seed_enrichment (id,seed_run_id,entity_type,entity_id,enrichment_type,enrichment_json) VALUES ('enr_s09_salon_7f429f0e6c9ed072','seed_run_s09_osm_salons_20260502','organization','org_s09_salon_7f429f0e6c9ed072','licence_data','{"osm_id": "5506376645", "amenity": "beauty", "addr_state": null, "denomination": null, "operator": null}');

INSERT OR IGNORE INTO organizations (id,tenant_id,organization_type,legal_name,display_name,registration_number,status,verification_state,created_at,updated_at) VALUES ('org_s09_salon_70b6f2b62d4ef4a1','tenant_platform_seed','beauty_salon','Braids','Braids',NULL,'active','seeded',unixepoch(),unixepoch());
INSERT OR IGNORE INTO profiles (id,subject_id,subject_type,primary_place_id,tenant_id,workspace_id,display_name,created_at,updated_at) VALUES ('prof_s09_salon_70b6f2b62d4ef4a1','org_s09_salon_70b6f2b62d4ef4a1','organization','place_nigeria_001','tenant_platform_seed','workspace_platform_seed_discovery','Braids',unixepoch(),unixepoch());
INSERT OR IGNORE INTO search_entries (id,profile_id,display_name,keywords,ancestry_path,vertical,created_at,updated_at) VALUES ('se_s09_salon_70b6f2b62d4ef4a1','prof_s09_salon_70b6f2b62d4ef4a1','Braids','braids salon barber hair beauty nigeria','place_nigeria_001','beauty_salon',unixepoch(),unixepoch());
INSERT OR IGNORE INTO seed_ingestion_records (id,seed_run_id,entity_type,entity_id,source_id,status) VALUES ('ir_s09_salon_70b6f2b62d4ef4a1','seed_run_s09_osm_salons_20260502','organization','org_s09_salon_70b6f2b62d4ef4a1','seed_source_osm_salons_ng_20260502','ingested');
INSERT OR IGNORE INTO seed_entity_sources (id,seed_run_id,entity_type,entity_id,source_id,confidence_tier) VALUES ('es_s09_salon_70b6f2b62d4ef4a1','seed_run_s09_osm_salons_20260502','organization','org_s09_salon_70b6f2b62d4ef4a1','seed_source_osm_salons_ng_20260502','seeded');
INSERT OR IGNORE INTO seed_enrichment (id,seed_run_id,entity_type,entity_id,enrichment_type,enrichment_json) VALUES ('enr_s09_salon_70b6f2b62d4ef4a1','seed_run_s09_osm_salons_20260502','organization','org_s09_salon_70b6f2b62d4ef4a1','licence_data','{"osm_id": "5512132503", "amenity": "beauty", "addr_state": null, "denomination": null, "operator": null}');

INSERT OR IGNORE INTO organizations (id,tenant_id,organization_type,legal_name,display_name,registration_number,status,verification_state,created_at,updated_at) VALUES ('org_s09_salon_e4bee6e47b4a894e','tenant_platform_seed','beauty_salon','Falcon Bridge Fashion and Design','Falcon Bridge Fashion and Design',NULL,'active','seeded',unixepoch(),unixepoch());
INSERT OR IGNORE INTO profiles (id,subject_id,subject_type,primary_place_id,tenant_id,workspace_id,display_name,created_at,updated_at) VALUES ('prof_s09_salon_e4bee6e47b4a894e','org_s09_salon_e4bee6e47b4a894e','organization','place_nigeria_001','tenant_platform_seed','workspace_platform_seed_discovery','Falcon Bridge Fashion and Design',unixepoch(),unixepoch());
INSERT OR IGNORE INTO search_entries (id,profile_id,display_name,keywords,ancestry_path,vertical,created_at,updated_at) VALUES ('se_s09_salon_e4bee6e47b4a894e','prof_s09_salon_e4bee6e47b4a894e','Falcon Bridge Fashion and Design','falcon bridge fashion and design salon barber hair beauty nigeria','place_nigeria_001','beauty_salon',unixepoch(),unixepoch());
INSERT OR IGNORE INTO seed_ingestion_records (id,seed_run_id,entity_type,entity_id,source_id,status) VALUES ('ir_s09_salon_e4bee6e47b4a894e','seed_run_s09_osm_salons_20260502','organization','org_s09_salon_e4bee6e47b4a894e','seed_source_osm_salons_ng_20260502','ingested');
INSERT OR IGNORE INTO seed_entity_sources (id,seed_run_id,entity_type,entity_id,source_id,confidence_tier) VALUES ('es_s09_salon_e4bee6e47b4a894e','seed_run_s09_osm_salons_20260502','organization','org_s09_salon_e4bee6e47b4a894e','seed_source_osm_salons_ng_20260502','seeded');
INSERT OR IGNORE INTO seed_enrichment (id,seed_run_id,entity_type,entity_id,enrichment_type,enrichment_json) VALUES ('enr_s09_salon_e4bee6e47b4a894e','seed_run_s09_osm_salons_20260502','organization','org_s09_salon_e4bee6e47b4a894e','licence_data','{"osm_id": "5557469227", "amenity": "beauty", "addr_state": null, "denomination": null, "operator": null}');

INSERT OR IGNORE INTO organizations (id,tenant_id,organization_type,legal_name,display_name,registration_number,status,verification_state,created_at,updated_at) VALUES ('org_s09_salon_4738f78aea55b2f2','tenant_platform_seed','beauty_salon','Children''s World and Motherhood Shop','Children''s World and Motherhood Shop',NULL,'active','seeded',unixepoch(),unixepoch());
INSERT OR IGNORE INTO profiles (id,subject_id,subject_type,primary_place_id,tenant_id,workspace_id,display_name,created_at,updated_at) VALUES ('prof_s09_salon_4738f78aea55b2f2','org_s09_salon_4738f78aea55b2f2','organization','place_nigeria_001','tenant_platform_seed','workspace_platform_seed_discovery','Children''s World and Motherhood Shop',unixepoch(),unixepoch());
INSERT OR IGNORE INTO search_entries (id,profile_id,display_name,keywords,ancestry_path,vertical,created_at,updated_at) VALUES ('se_s09_salon_4738f78aea55b2f2','prof_s09_salon_4738f78aea55b2f2','Children''s World and Motherhood Shop','children''s world and motherhood shop salon barber hair beauty nigeria','place_nigeria_001','beauty_salon',unixepoch(),unixepoch());
INSERT OR IGNORE INTO seed_ingestion_records (id,seed_run_id,entity_type,entity_id,source_id,status) VALUES ('ir_s09_salon_4738f78aea55b2f2','seed_run_s09_osm_salons_20260502','organization','org_s09_salon_4738f78aea55b2f2','seed_source_osm_salons_ng_20260502','ingested');
INSERT OR IGNORE INTO seed_entity_sources (id,seed_run_id,entity_type,entity_id,source_id,confidence_tier) VALUES ('es_s09_salon_4738f78aea55b2f2','seed_run_s09_osm_salons_20260502','organization','org_s09_salon_4738f78aea55b2f2','seed_source_osm_salons_ng_20260502','seeded');
INSERT OR IGNORE INTO seed_enrichment (id,seed_run_id,entity_type,entity_id,enrichment_type,enrichment_json) VALUES ('enr_s09_salon_4738f78aea55b2f2','seed_run_s09_osm_salons_20260502','organization','org_s09_salon_4738f78aea55b2f2','licence_data','{"osm_id": "5560446823", "amenity": "beauty", "addr_state": null, "denomination": null, "operator": null}');

INSERT OR IGNORE INTO organizations (id,tenant_id,organization_type,legal_name,display_name,registration_number,status,verification_state,created_at,updated_at) VALUES ('org_s09_salon_9e9a137572036a36','tenant_platform_seed','beauty_salon','African Fashion Housy','African Fashion Housy',NULL,'active','seeded',unixepoch(),unixepoch());
INSERT OR IGNORE INTO profiles (id,subject_id,subject_type,primary_place_id,tenant_id,workspace_id,display_name,created_at,updated_at) VALUES ('prof_s09_salon_9e9a137572036a36','org_s09_salon_9e9a137572036a36','organization','place_nigeria_001','tenant_platform_seed','workspace_platform_seed_discovery','African Fashion Housy',unixepoch(),unixepoch());
INSERT OR IGNORE INTO search_entries (id,profile_id,display_name,keywords,ancestry_path,vertical,created_at,updated_at) VALUES ('se_s09_salon_9e9a137572036a36','prof_s09_salon_9e9a137572036a36','African Fashion Housy','african fashion housy salon barber hair beauty nigeria','place_nigeria_001','beauty_salon',unixepoch(),unixepoch());
INSERT OR IGNORE INTO seed_ingestion_records (id,seed_run_id,entity_type,entity_id,source_id,status) VALUES ('ir_s09_salon_9e9a137572036a36','seed_run_s09_osm_salons_20260502','organization','org_s09_salon_9e9a137572036a36','seed_source_osm_salons_ng_20260502','ingested');
INSERT OR IGNORE INTO seed_entity_sources (id,seed_run_id,entity_type,entity_id,source_id,confidence_tier) VALUES ('es_s09_salon_9e9a137572036a36','seed_run_s09_osm_salons_20260502','organization','org_s09_salon_9e9a137572036a36','seed_source_osm_salons_ng_20260502','seeded');
INSERT OR IGNORE INTO seed_enrichment (id,seed_run_id,entity_type,entity_id,enrichment_type,enrichment_json) VALUES ('enr_s09_salon_9e9a137572036a36','seed_run_s09_osm_salons_20260502','organization','org_s09_salon_9e9a137572036a36','licence_data','{"osm_id": "5562440825", "amenity": "beauty", "addr_state": null, "denomination": null, "operator": null}');

INSERT OR IGNORE INTO organizations (id,tenant_id,organization_type,legal_name,display_name,registration_number,status,verification_state,created_at,updated_at) VALUES ('org_s09_salon_0e41bde7a8dd529d','tenant_platform_seed','beauty_salon','Kiten Kiddos','Kiten Kiddos',NULL,'active','seeded',unixepoch(),unixepoch());
INSERT OR IGNORE INTO profiles (id,subject_id,subject_type,primary_place_id,tenant_id,workspace_id,display_name,created_at,updated_at) VALUES ('prof_s09_salon_0e41bde7a8dd529d','org_s09_salon_0e41bde7a8dd529d','organization','place_nigeria_001','tenant_platform_seed','workspace_platform_seed_discovery','Kiten Kiddos',unixepoch(),unixepoch());
INSERT OR IGNORE INTO search_entries (id,profile_id,display_name,keywords,ancestry_path,vertical,created_at,updated_at) VALUES ('se_s09_salon_0e41bde7a8dd529d','prof_s09_salon_0e41bde7a8dd529d','Kiten Kiddos','kiten kiddos salon barber hair beauty nigeria','place_nigeria_001','beauty_salon',unixepoch(),unixepoch());
INSERT OR IGNORE INTO seed_ingestion_records (id,seed_run_id,entity_type,entity_id,source_id,status) VALUES ('ir_s09_salon_0e41bde7a8dd529d','seed_run_s09_osm_salons_20260502','organization','org_s09_salon_0e41bde7a8dd529d','seed_source_osm_salons_ng_20260502','ingested');
INSERT OR IGNORE INTO seed_entity_sources (id,seed_run_id,entity_type,entity_id,source_id,confidence_tier) VALUES ('es_s09_salon_0e41bde7a8dd529d','seed_run_s09_osm_salons_20260502','organization','org_s09_salon_0e41bde7a8dd529d','seed_source_osm_salons_ng_20260502','seeded');
INSERT OR IGNORE INTO seed_enrichment (id,seed_run_id,entity_type,entity_id,enrichment_type,enrichment_json) VALUES ('enr_s09_salon_0e41bde7a8dd529d','seed_run_s09_osm_salons_20260502','organization','org_s09_salon_0e41bde7a8dd529d','licence_data','{"osm_id": "5579266621", "amenity": "beauty", "addr_state": null, "denomination": null, "operator": null}');

INSERT OR IGNORE INTO organizations (id,tenant_id,organization_type,legal_name,display_name,registration_number,status,verification_state,created_at,updated_at) VALUES ('org_s09_salon_004498cd5c68a184','tenant_platform_seed','beauty_salon','Shakers','Shakers',NULL,'active','seeded',unixepoch(),unixepoch());
INSERT OR IGNORE INTO profiles (id,subject_id,subject_type,primary_place_id,tenant_id,workspace_id,display_name,created_at,updated_at) VALUES ('prof_s09_salon_004498cd5c68a184','org_s09_salon_004498cd5c68a184','organization','place_nigeria_001','tenant_platform_seed','workspace_platform_seed_discovery','Shakers',unixepoch(),unixepoch());
INSERT OR IGNORE INTO search_entries (id,profile_id,display_name,keywords,ancestry_path,vertical,created_at,updated_at) VALUES ('se_s09_salon_004498cd5c68a184','prof_s09_salon_004498cd5c68a184','Shakers','shakers salon barber hair beauty nigeria','place_nigeria_001','beauty_salon',unixepoch(),unixepoch());
INSERT OR IGNORE INTO seed_ingestion_records (id,seed_run_id,entity_type,entity_id,source_id,status) VALUES ('ir_s09_salon_004498cd5c68a184','seed_run_s09_osm_salons_20260502','organization','org_s09_salon_004498cd5c68a184','seed_source_osm_salons_ng_20260502','ingested');
INSERT OR IGNORE INTO seed_entity_sources (id,seed_run_id,entity_type,entity_id,source_id,confidence_tier) VALUES ('es_s09_salon_004498cd5c68a184','seed_run_s09_osm_salons_20260502','organization','org_s09_salon_004498cd5c68a184','seed_source_osm_salons_ng_20260502','seeded');
INSERT OR IGNORE INTO seed_enrichment (id,seed_run_id,entity_type,entity_id,enrichment_type,enrichment_json) VALUES ('enr_s09_salon_004498cd5c68a184','seed_run_s09_osm_salons_20260502','organization','org_s09_salon_004498cd5c68a184','licence_data','{"osm_id": "5593776022", "amenity": "beauty", "addr_state": null, "denomination": null, "operator": null}');

INSERT OR IGNORE INTO organizations (id,tenant_id,organization_type,legal_name,display_name,registration_number,status,verification_state,created_at,updated_at) VALUES ('org_s09_salon_3007d9d66c8e0ef8','tenant_platform_seed','beauty_salon','Emerald Fashion Academy','Emerald Fashion Academy',NULL,'active','seeded',unixepoch(),unixepoch());
INSERT OR IGNORE INTO profiles (id,subject_id,subject_type,primary_place_id,tenant_id,workspace_id,display_name,created_at,updated_at) VALUES ('prof_s09_salon_3007d9d66c8e0ef8','org_s09_salon_3007d9d66c8e0ef8','organization','place_nigeria_001','tenant_platform_seed','workspace_platform_seed_discovery','Emerald Fashion Academy',unixepoch(),unixepoch());
INSERT OR IGNORE INTO search_entries (id,profile_id,display_name,keywords,ancestry_path,vertical,created_at,updated_at) VALUES ('se_s09_salon_3007d9d66c8e0ef8','prof_s09_salon_3007d9d66c8e0ef8','Emerald Fashion Academy','emerald fashion academy salon barber hair beauty nigeria','place_nigeria_001','beauty_salon',unixepoch(),unixepoch());
INSERT OR IGNORE INTO seed_ingestion_records (id,seed_run_id,entity_type,entity_id,source_id,status) VALUES ('ir_s09_salon_3007d9d66c8e0ef8','seed_run_s09_osm_salons_20260502','organization','org_s09_salon_3007d9d66c8e0ef8','seed_source_osm_salons_ng_20260502','ingested');
INSERT OR IGNORE INTO seed_entity_sources (id,seed_run_id,entity_type,entity_id,source_id,confidence_tier) VALUES ('es_s09_salon_3007d9d66c8e0ef8','seed_run_s09_osm_salons_20260502','organization','org_s09_salon_3007d9d66c8e0ef8','seed_source_osm_salons_ng_20260502','seeded');
INSERT OR IGNORE INTO seed_enrichment (id,seed_run_id,entity_type,entity_id,enrichment_type,enrichment_json) VALUES ('enr_s09_salon_3007d9d66c8e0ef8','seed_run_s09_osm_salons_20260502','organization','org_s09_salon_3007d9d66c8e0ef8','licence_data','{"osm_id": "5596425322", "amenity": "beauty", "addr_state": null, "denomination": null, "operator": null}');

INSERT OR IGNORE INTO organizations (id,tenant_id,organization_type,legal_name,display_name,registration_number,status,verification_state,created_at,updated_at) VALUES ('org_s09_salon_196be9323e3c5c2f','tenant_platform_seed','beauty_salon','Ifex Collection','Ifex Collection',NULL,'active','seeded',unixepoch(),unixepoch());
INSERT OR IGNORE INTO profiles (id,subject_id,subject_type,primary_place_id,tenant_id,workspace_id,display_name,created_at,updated_at) VALUES ('prof_s09_salon_196be9323e3c5c2f','org_s09_salon_196be9323e3c5c2f','organization','place_nigeria_001','tenant_platform_seed','workspace_platform_seed_discovery','Ifex Collection',unixepoch(),unixepoch());
INSERT OR IGNORE INTO search_entries (id,profile_id,display_name,keywords,ancestry_path,vertical,created_at,updated_at) VALUES ('se_s09_salon_196be9323e3c5c2f','prof_s09_salon_196be9323e3c5c2f','Ifex Collection','ifex collection salon barber hair beauty nigeria','place_nigeria_001','beauty_salon',unixepoch(),unixepoch());
INSERT OR IGNORE INTO seed_ingestion_records (id,seed_run_id,entity_type,entity_id,source_id,status) VALUES ('ir_s09_salon_196be9323e3c5c2f','seed_run_s09_osm_salons_20260502','organization','org_s09_salon_196be9323e3c5c2f','seed_source_osm_salons_ng_20260502','ingested');
INSERT OR IGNORE INTO seed_entity_sources (id,seed_run_id,entity_type,entity_id,source_id,confidence_tier) VALUES ('es_s09_salon_196be9323e3c5c2f','seed_run_s09_osm_salons_20260502','organization','org_s09_salon_196be9323e3c5c2f','seed_source_osm_salons_ng_20260502','seeded');
INSERT OR IGNORE INTO seed_enrichment (id,seed_run_id,entity_type,entity_id,enrichment_type,enrichment_json) VALUES ('enr_s09_salon_196be9323e3c5c2f','seed_run_s09_osm_salons_20260502','organization','org_s09_salon_196be9323e3c5c2f','licence_data','{"osm_id": "5597053721", "amenity": "beauty", "addr_state": null, "denomination": null, "operator": null}');

INSERT OR IGNORE INTO organizations (id,tenant_id,organization_type,legal_name,display_name,registration_number,status,verification_state,created_at,updated_at) VALUES ('org_s09_salon_2743d34cd106fd24','tenant_platform_seed','beauty_salon','Mo Bella','Mo Bella',NULL,'active','seeded',unixepoch(),unixepoch());
INSERT OR IGNORE INTO profiles (id,subject_id,subject_type,primary_place_id,tenant_id,workspace_id,display_name,created_at,updated_at) VALUES ('prof_s09_salon_2743d34cd106fd24','org_s09_salon_2743d34cd106fd24','organization','place_nigeria_001','tenant_platform_seed','workspace_platform_seed_discovery','Mo Bella',unixepoch(),unixepoch());
INSERT OR IGNORE INTO search_entries (id,profile_id,display_name,keywords,ancestry_path,vertical,created_at,updated_at) VALUES ('se_s09_salon_2743d34cd106fd24','prof_s09_salon_2743d34cd106fd24','Mo Bella','mo bella salon barber hair beauty nigeria','place_nigeria_001','beauty_salon',unixepoch(),unixepoch());
INSERT OR IGNORE INTO seed_ingestion_records (id,seed_run_id,entity_type,entity_id,source_id,status) VALUES ('ir_s09_salon_2743d34cd106fd24','seed_run_s09_osm_salons_20260502','organization','org_s09_salon_2743d34cd106fd24','seed_source_osm_salons_ng_20260502','ingested');
INSERT OR IGNORE INTO seed_entity_sources (id,seed_run_id,entity_type,entity_id,source_id,confidence_tier) VALUES ('es_s09_salon_2743d34cd106fd24','seed_run_s09_osm_salons_20260502','organization','org_s09_salon_2743d34cd106fd24','seed_source_osm_salons_ng_20260502','seeded');
INSERT OR IGNORE INTO seed_enrichment (id,seed_run_id,entity_type,entity_id,enrichment_type,enrichment_json) VALUES ('enr_s09_salon_2743d34cd106fd24','seed_run_s09_osm_salons_20260502','organization','org_s09_salon_2743d34cd106fd24','licence_data','{"osm_id": "6462559962", "amenity": "beauty", "addr_state": null, "denomination": null, "operator": null}');

INSERT OR IGNORE INTO organizations (id,tenant_id,organization_type,legal_name,display_name,registration_number,status,verification_state,created_at,updated_at) VALUES ('org_s09_salon_ab0225c5e158453e','tenant_platform_seed','beauty_salon','Valkel Unisex Salon & Bar','Valkel Unisex Salon & Bar',NULL,'active','seeded',unixepoch(),unixepoch());
INSERT OR IGNORE INTO profiles (id,subject_id,subject_type,primary_place_id,tenant_id,workspace_id,display_name,created_at,updated_at) VALUES ('prof_s09_salon_ab0225c5e158453e','org_s09_salon_ab0225c5e158453e','organization','place_nigeria_001','tenant_platform_seed','workspace_platform_seed_discovery','Valkel Unisex Salon & Bar',unixepoch(),unixepoch());
INSERT OR IGNORE INTO search_entries (id,profile_id,display_name,keywords,ancestry_path,vertical,created_at,updated_at) VALUES ('se_s09_salon_ab0225c5e158453e','prof_s09_salon_ab0225c5e158453e','Valkel Unisex Salon & Bar','valkel unisex salon & bar salon barber hair beauty nigeria','place_nigeria_001','beauty_salon',unixepoch(),unixepoch());
INSERT OR IGNORE INTO seed_ingestion_records (id,seed_run_id,entity_type,entity_id,source_id,status) VALUES ('ir_s09_salon_ab0225c5e158453e','seed_run_s09_osm_salons_20260502','organization','org_s09_salon_ab0225c5e158453e','seed_source_osm_salons_ng_20260502','ingested');
INSERT OR IGNORE INTO seed_entity_sources (id,seed_run_id,entity_type,entity_id,source_id,confidence_tier) VALUES ('es_s09_salon_ab0225c5e158453e','seed_run_s09_osm_salons_20260502','organization','org_s09_salon_ab0225c5e158453e','seed_source_osm_salons_ng_20260502','seeded');
INSERT OR IGNORE INTO seed_enrichment (id,seed_run_id,entity_type,entity_id,enrichment_type,enrichment_json) VALUES ('enr_s09_salon_ab0225c5e158453e','seed_run_s09_osm_salons_20260502','organization','org_s09_salon_ab0225c5e158453e','licence_data','{"osm_id": "6793997374", "amenity": "hairdresser", "addr_state": null, "denomination": null, "operator": null}');

INSERT OR IGNORE INTO organizations (id,tenant_id,organization_type,legal_name,display_name,registration_number,status,verification_state,created_at,updated_at) VALUES ('org_s09_salon_86ce38550b1b22a8','tenant_platform_seed','beauty_salon','Debbiebarbie Luxury Skin Care','Debbiebarbie Luxury Skin Care',NULL,'active','seeded',unixepoch(),unixepoch());
INSERT OR IGNORE INTO profiles (id,subject_id,subject_type,primary_place_id,tenant_id,workspace_id,display_name,created_at,updated_at) VALUES ('prof_s09_salon_86ce38550b1b22a8','org_s09_salon_86ce38550b1b22a8','organization','place_nigeria_001','tenant_platform_seed','workspace_platform_seed_discovery','Debbiebarbie Luxury Skin Care',unixepoch(),unixepoch());
INSERT OR IGNORE INTO search_entries (id,profile_id,display_name,keywords,ancestry_path,vertical,created_at,updated_at) VALUES ('se_s09_salon_86ce38550b1b22a8','prof_s09_salon_86ce38550b1b22a8','Debbiebarbie Luxury Skin Care','debbiebarbie luxury skin care salon barber hair beauty nigeria','place_nigeria_001','beauty_salon',unixepoch(),unixepoch());
INSERT OR IGNORE INTO seed_ingestion_records (id,seed_run_id,entity_type,entity_id,source_id,status) VALUES ('ir_s09_salon_86ce38550b1b22a8','seed_run_s09_osm_salons_20260502','organization','org_s09_salon_86ce38550b1b22a8','seed_source_osm_salons_ng_20260502','ingested');
INSERT OR IGNORE INTO seed_entity_sources (id,seed_run_id,entity_type,entity_id,source_id,confidence_tier) VALUES ('es_s09_salon_86ce38550b1b22a8','seed_run_s09_osm_salons_20260502','organization','org_s09_salon_86ce38550b1b22a8','seed_source_osm_salons_ng_20260502','seeded');
INSERT OR IGNORE INTO seed_enrichment (id,seed_run_id,entity_type,entity_id,enrichment_type,enrichment_json) VALUES ('enr_s09_salon_86ce38550b1b22a8','seed_run_s09_osm_salons_20260502','organization','org_s09_salon_86ce38550b1b22a8','licence_data','{"osm_id": "7770758113", "amenity": "beauty", "addr_state": null, "denomination": null, "operator": null}');

INSERT OR IGNORE INTO organizations (id,tenant_id,organization_type,legal_name,display_name,registration_number,status,verification_state,created_at,updated_at) VALUES ('org_s09_salon_9814c12b97e8fe70','tenant_platform_seed','beauty_salon','Emirastouch Salon And Studio','Emirastouch Salon And Studio',NULL,'active','seeded',unixepoch(),unixepoch());
INSERT OR IGNORE INTO profiles (id,subject_id,subject_type,primary_place_id,tenant_id,workspace_id,display_name,created_at,updated_at) VALUES ('prof_s09_salon_9814c12b97e8fe70','org_s09_salon_9814c12b97e8fe70','organization','place_nigeria_001','tenant_platform_seed','workspace_platform_seed_discovery','Emirastouch Salon And Studio',unixepoch(),unixepoch());
INSERT OR IGNORE INTO search_entries (id,profile_id,display_name,keywords,ancestry_path,vertical,created_at,updated_at) VALUES ('se_s09_salon_9814c12b97e8fe70','prof_s09_salon_9814c12b97e8fe70','Emirastouch Salon And Studio','emirastouch salon and studio salon barber hair beauty nigeria','place_nigeria_001','beauty_salon',unixepoch(),unixepoch());
INSERT OR IGNORE INTO seed_ingestion_records (id,seed_run_id,entity_type,entity_id,source_id,status) VALUES ('ir_s09_salon_9814c12b97e8fe70','seed_run_s09_osm_salons_20260502','organization','org_s09_salon_9814c12b97e8fe70','seed_source_osm_salons_ng_20260502','ingested');
INSERT OR IGNORE INTO seed_entity_sources (id,seed_run_id,entity_type,entity_id,source_id,confidence_tier) VALUES ('es_s09_salon_9814c12b97e8fe70','seed_run_s09_osm_salons_20260502','organization','org_s09_salon_9814c12b97e8fe70','seed_source_osm_salons_ng_20260502','seeded');
INSERT OR IGNORE INTO seed_enrichment (id,seed_run_id,entity_type,entity_id,enrichment_type,enrichment_json) VALUES ('enr_s09_salon_9814c12b97e8fe70','seed_run_s09_osm_salons_20260502','organization','org_s09_salon_9814c12b97e8fe70','licence_data','{"osm_id": "7887759749", "amenity": "hairdresser", "addr_state": null, "denomination": null, "operator": null}');

INSERT OR IGNORE INTO organizations (id,tenant_id,organization_type,legal_name,display_name,registration_number,status,verification_state,created_at,updated_at) VALUES ('org_s09_salon_e2234ba2fffc6f5d','tenant_platform_seed','beauty_salon','Horlaheton Makeover','Horlaheton Makeover',NULL,'active','seeded',unixepoch(),unixepoch());
INSERT OR IGNORE INTO profiles (id,subject_id,subject_type,primary_place_id,tenant_id,workspace_id,display_name,created_at,updated_at) VALUES ('prof_s09_salon_e2234ba2fffc6f5d','org_s09_salon_e2234ba2fffc6f5d','organization','place_nigeria_001','tenant_platform_seed','workspace_platform_seed_discovery','Horlaheton Makeover',unixepoch(),unixepoch());
INSERT OR IGNORE INTO search_entries (id,profile_id,display_name,keywords,ancestry_path,vertical,created_at,updated_at) VALUES ('se_s09_salon_e2234ba2fffc6f5d','prof_s09_salon_e2234ba2fffc6f5d','Horlaheton Makeover','horlaheton makeover salon barber hair beauty nigeria','place_nigeria_001','beauty_salon',unixepoch(),unixepoch());
INSERT OR IGNORE INTO seed_ingestion_records (id,seed_run_id,entity_type,entity_id,source_id,status) VALUES ('ir_s09_salon_e2234ba2fffc6f5d','seed_run_s09_osm_salons_20260502','organization','org_s09_salon_e2234ba2fffc6f5d','seed_source_osm_salons_ng_20260502','ingested');
INSERT OR IGNORE INTO seed_entity_sources (id,seed_run_id,entity_type,entity_id,source_id,confidence_tier) VALUES ('es_s09_salon_e2234ba2fffc6f5d','seed_run_s09_osm_salons_20260502','organization','org_s09_salon_e2234ba2fffc6f5d','seed_source_osm_salons_ng_20260502','seeded');
INSERT OR IGNORE INTO seed_enrichment (id,seed_run_id,entity_type,entity_id,enrichment_type,enrichment_json) VALUES ('enr_s09_salon_e2234ba2fffc6f5d','seed_run_s09_osm_salons_20260502','organization','org_s09_salon_e2234ba2fffc6f5d','licence_data','{"osm_id": "8486630201", "amenity": "beauty", "addr_state": null, "denomination": null, "operator": null}');

INSERT OR IGNORE INTO organizations (id,tenant_id,organization_type,legal_name,display_name,registration_number,status,verification_state,created_at,updated_at) VALUES ('org_s09_salon_eff6756ee13968ef','tenant_platform_seed','beauty_salon','Clara Beauty Salon','Clara Beauty Salon',NULL,'active','seeded',unixepoch(),unixepoch());
INSERT OR IGNORE INTO profiles (id,subject_id,subject_type,primary_place_id,tenant_id,workspace_id,display_name,created_at,updated_at) VALUES ('prof_s09_salon_eff6756ee13968ef','org_s09_salon_eff6756ee13968ef','organization','place_nigeria_001','tenant_platform_seed','workspace_platform_seed_discovery','Clara Beauty Salon',unixepoch(),unixepoch());
INSERT OR IGNORE INTO search_entries (id,profile_id,display_name,keywords,ancestry_path,vertical,created_at,updated_at) VALUES ('se_s09_salon_eff6756ee13968ef','prof_s09_salon_eff6756ee13968ef','Clara Beauty Salon','clara beauty salon salon barber hair beauty nigeria','place_nigeria_001','beauty_salon',unixepoch(),unixepoch());
INSERT OR IGNORE INTO seed_ingestion_records (id,seed_run_id,entity_type,entity_id,source_id,status) VALUES ('ir_s09_salon_eff6756ee13968ef','seed_run_s09_osm_salons_20260502','organization','org_s09_salon_eff6756ee13968ef','seed_source_osm_salons_ng_20260502','ingested');
INSERT OR IGNORE INTO seed_entity_sources (id,seed_run_id,entity_type,entity_id,source_id,confidence_tier) VALUES ('es_s09_salon_eff6756ee13968ef','seed_run_s09_osm_salons_20260502','organization','org_s09_salon_eff6756ee13968ef','seed_source_osm_salons_ng_20260502','seeded');
INSERT OR IGNORE INTO seed_enrichment (id,seed_run_id,entity_type,entity_id,enrichment_type,enrichment_json) VALUES ('enr_s09_salon_eff6756ee13968ef','seed_run_s09_osm_salons_20260502','organization','org_s09_salon_eff6756ee13968ef','licence_data','{"osm_id": "8753037922", "amenity": "beauty", "addr_state": null, "denomination": null, "operator": null}');

INSERT OR IGNORE INTO organizations (id,tenant_id,organization_type,legal_name,display_name,registration_number,status,verification_state,created_at,updated_at) VALUES ('org_s09_salon_88f7782de28458fc','tenant_platform_seed','beauty_salon','Tinas Beauty Saloon','Tinas Beauty Saloon',NULL,'active','seeded',unixepoch(),unixepoch());
INSERT OR IGNORE INTO profiles (id,subject_id,subject_type,primary_place_id,tenant_id,workspace_id,display_name,created_at,updated_at) VALUES ('prof_s09_salon_88f7782de28458fc','org_s09_salon_88f7782de28458fc','organization','place_nigeria_001','tenant_platform_seed','workspace_platform_seed_discovery','Tinas Beauty Saloon',unixepoch(),unixepoch());
INSERT OR IGNORE INTO search_entries (id,profile_id,display_name,keywords,ancestry_path,vertical,created_at,updated_at) VALUES ('se_s09_salon_88f7782de28458fc','prof_s09_salon_88f7782de28458fc','Tinas Beauty Saloon','tinas beauty saloon salon barber hair beauty nigeria','place_nigeria_001','beauty_salon',unixepoch(),unixepoch());
INSERT OR IGNORE INTO seed_ingestion_records (id,seed_run_id,entity_type,entity_id,source_id,status) VALUES ('ir_s09_salon_88f7782de28458fc','seed_run_s09_osm_salons_20260502','organization','org_s09_salon_88f7782de28458fc','seed_source_osm_salons_ng_20260502','ingested');
INSERT OR IGNORE INTO seed_entity_sources (id,seed_run_id,entity_type,entity_id,source_id,confidence_tier) VALUES ('es_s09_salon_88f7782de28458fc','seed_run_s09_osm_salons_20260502','organization','org_s09_salon_88f7782de28458fc','seed_source_osm_salons_ng_20260502','seeded');
INSERT OR IGNORE INTO seed_enrichment (id,seed_run_id,entity_type,entity_id,enrichment_type,enrichment_json) VALUES ('enr_s09_salon_88f7782de28458fc','seed_run_s09_osm_salons_20260502','organization','org_s09_salon_88f7782de28458fc','licence_data','{"osm_id": "8753071772", "amenity": "beauty", "addr_state": null, "denomination": null, "operator": null}');

INSERT OR IGNORE INTO organizations (id,tenant_id,organization_type,legal_name,display_name,registration_number,status,verification_state,created_at,updated_at) VALUES ('org_s09_salon_940993053d2333ae','tenant_platform_seed','beauty_salon','H2N.Hair Hub Naturelle Beauty salons','H2N.Hair Hub Naturelle Beauty salons',NULL,'active','seeded',unixepoch(),unixepoch());
INSERT OR IGNORE INTO profiles (id,subject_id,subject_type,primary_place_id,tenant_id,workspace_id,display_name,created_at,updated_at) VALUES ('prof_s09_salon_940993053d2333ae','org_s09_salon_940993053d2333ae','organization','place_nigeria_001','tenant_platform_seed','workspace_platform_seed_discovery','H2N.Hair Hub Naturelle Beauty salons',unixepoch(),unixepoch());
INSERT OR IGNORE INTO search_entries (id,profile_id,display_name,keywords,ancestry_path,vertical,created_at,updated_at) VALUES ('se_s09_salon_940993053d2333ae','prof_s09_salon_940993053d2333ae','H2N.Hair Hub Naturelle Beauty salons','h2n.hair hub naturelle beauty salons salon barber hair beauty nigeria','place_nigeria_001','beauty_salon',unixepoch(),unixepoch());
INSERT OR IGNORE INTO seed_ingestion_records (id,seed_run_id,entity_type,entity_id,source_id,status) VALUES ('ir_s09_salon_940993053d2333ae','seed_run_s09_osm_salons_20260502','organization','org_s09_salon_940993053d2333ae','seed_source_osm_salons_ng_20260502','ingested');
INSERT OR IGNORE INTO seed_entity_sources (id,seed_run_id,entity_type,entity_id,source_id,confidence_tier) VALUES ('es_s09_salon_940993053d2333ae','seed_run_s09_osm_salons_20260502','organization','org_s09_salon_940993053d2333ae','seed_source_osm_salons_ng_20260502','seeded');
INSERT OR IGNORE INTO seed_enrichment (id,seed_run_id,entity_type,entity_id,enrichment_type,enrichment_json) VALUES ('enr_s09_salon_940993053d2333ae','seed_run_s09_osm_salons_20260502','organization','org_s09_salon_940993053d2333ae','licence_data','{"osm_id": "8753186571", "amenity": "beauty", "addr_state": null, "denomination": null, "operator": null}');

INSERT OR IGNORE INTO organizations (id,tenant_id,organization_type,legal_name,display_name,registration_number,status,verification_state,created_at,updated_at) VALUES ('org_s09_salon_c1b03ff1c1fe7456','tenant_platform_seed','beauty_salon','Nel''s Salon','Nel''s Salon',NULL,'active','seeded',unixepoch(),unixepoch());
INSERT OR IGNORE INTO profiles (id,subject_id,subject_type,primary_place_id,tenant_id,workspace_id,display_name,created_at,updated_at) VALUES ('prof_s09_salon_c1b03ff1c1fe7456','org_s09_salon_c1b03ff1c1fe7456','organization','place_nigeria_001','tenant_platform_seed','workspace_platform_seed_discovery','Nel''s Salon',unixepoch(),unixepoch());
INSERT OR IGNORE INTO search_entries (id,profile_id,display_name,keywords,ancestry_path,vertical,created_at,updated_at) VALUES ('se_s09_salon_c1b03ff1c1fe7456','prof_s09_salon_c1b03ff1c1fe7456','Nel''s Salon','nel''s salon salon barber hair beauty nigeria','place_nigeria_001','beauty_salon',unixepoch(),unixepoch());
INSERT OR IGNORE INTO seed_ingestion_records (id,seed_run_id,entity_type,entity_id,source_id,status) VALUES ('ir_s09_salon_c1b03ff1c1fe7456','seed_run_s09_osm_salons_20260502','organization','org_s09_salon_c1b03ff1c1fe7456','seed_source_osm_salons_ng_20260502','ingested');
INSERT OR IGNORE INTO seed_entity_sources (id,seed_run_id,entity_type,entity_id,source_id,confidence_tier) VALUES ('es_s09_salon_c1b03ff1c1fe7456','seed_run_s09_osm_salons_20260502','organization','org_s09_salon_c1b03ff1c1fe7456','seed_source_osm_salons_ng_20260502','seeded');
INSERT OR IGNORE INTO seed_enrichment (id,seed_run_id,entity_type,entity_id,enrichment_type,enrichment_json) VALUES ('enr_s09_salon_c1b03ff1c1fe7456','seed_run_s09_osm_salons_20260502','organization','org_s09_salon_c1b03ff1c1fe7456','licence_data','{"osm_id": "8753348475", "amenity": "beauty", "addr_state": null, "denomination": null, "operator": null}');

INSERT OR IGNORE INTO organizations (id,tenant_id,organization_type,legal_name,display_name,registration_number,status,verification_state,created_at,updated_at) VALUES ('org_s09_salon_09b4cd3c74c2669d','tenant_platform_seed','beauty_salon','PicturePerfect Beauty','PicturePerfect Beauty',NULL,'active','seeded',unixepoch(),unixepoch());
INSERT OR IGNORE INTO profiles (id,subject_id,subject_type,primary_place_id,tenant_id,workspace_id,display_name,created_at,updated_at) VALUES ('prof_s09_salon_09b4cd3c74c2669d','org_s09_salon_09b4cd3c74c2669d','organization','place_nigeria_001','tenant_platform_seed','workspace_platform_seed_discovery','PicturePerfect Beauty',unixepoch(),unixepoch());
INSERT OR IGNORE INTO search_entries (id,profile_id,display_name,keywords,ancestry_path,vertical,created_at,updated_at) VALUES ('se_s09_salon_09b4cd3c74c2669d','prof_s09_salon_09b4cd3c74c2669d','PicturePerfect Beauty','pictureperfect beauty salon barber hair beauty nigeria','place_nigeria_001','beauty_salon',unixepoch(),unixepoch());
INSERT OR IGNORE INTO seed_ingestion_records (id,seed_run_id,entity_type,entity_id,source_id,status) VALUES ('ir_s09_salon_09b4cd3c74c2669d','seed_run_s09_osm_salons_20260502','organization','org_s09_salon_09b4cd3c74c2669d','seed_source_osm_salons_ng_20260502','ingested');
INSERT OR IGNORE INTO seed_entity_sources (id,seed_run_id,entity_type,entity_id,source_id,confidence_tier) VALUES ('es_s09_salon_09b4cd3c74c2669d','seed_run_s09_osm_salons_20260502','organization','org_s09_salon_09b4cd3c74c2669d','seed_source_osm_salons_ng_20260502','seeded');
INSERT OR IGNORE INTO seed_enrichment (id,seed_run_id,entity_type,entity_id,enrichment_type,enrichment_json) VALUES ('enr_s09_salon_09b4cd3c74c2669d','seed_run_s09_osm_salons_20260502','organization','org_s09_salon_09b4cd3c74c2669d','licence_data','{"osm_id": "8753430734", "amenity": "beauty", "addr_state": null, "denomination": null, "operator": null}');

INSERT OR IGNORE INTO organizations (id,tenant_id,organization_type,legal_name,display_name,registration_number,status,verification_state,created_at,updated_at) VALUES ('org_s09_salon_40e92475e0b32048','tenant_platform_seed','beauty_salon','Double M. Collection & Hair Cut','Double M. Collection & Hair Cut',NULL,'active','seeded',unixepoch(),unixepoch());
INSERT OR IGNORE INTO profiles (id,subject_id,subject_type,primary_place_id,tenant_id,workspace_id,display_name,created_at,updated_at) VALUES ('prof_s09_salon_40e92475e0b32048','org_s09_salon_40e92475e0b32048','organization','place_nigeria_001','tenant_platform_seed','workspace_platform_seed_discovery','Double M. Collection & Hair Cut',unixepoch(),unixepoch());
INSERT OR IGNORE INTO search_entries (id,profile_id,display_name,keywords,ancestry_path,vertical,created_at,updated_at) VALUES ('se_s09_salon_40e92475e0b32048','prof_s09_salon_40e92475e0b32048','Double M. Collection & Hair Cut','double m. collection & hair cut salon barber hair beauty nigeria','place_nigeria_001','beauty_salon',unixepoch(),unixepoch());
INSERT OR IGNORE INTO seed_ingestion_records (id,seed_run_id,entity_type,entity_id,source_id,status) VALUES ('ir_s09_salon_40e92475e0b32048','seed_run_s09_osm_salons_20260502','organization','org_s09_salon_40e92475e0b32048','seed_source_osm_salons_ng_20260502','ingested');
INSERT OR IGNORE INTO seed_entity_sources (id,seed_run_id,entity_type,entity_id,source_id,confidence_tier) VALUES ('es_s09_salon_40e92475e0b32048','seed_run_s09_osm_salons_20260502','organization','org_s09_salon_40e92475e0b32048','seed_source_osm_salons_ng_20260502','seeded');
INSERT OR IGNORE INTO seed_enrichment (id,seed_run_id,entity_type,entity_id,enrichment_type,enrichment_json) VALUES ('enr_s09_salon_40e92475e0b32048','seed_run_s09_osm_salons_20260502','organization','org_s09_salon_40e92475e0b32048','licence_data','{"osm_id": "8753471286", "amenity": "hairdresser", "addr_state": null, "denomination": null, "operator": null}');

INSERT OR IGNORE INTO organizations (id,tenant_id,organization_type,legal_name,display_name,registration_number,status,verification_state,created_at,updated_at) VALUES ('org_s09_salon_cbd2370d50ad2d1f','tenant_platform_seed','beauty_salon','Fuzohairport Natural Hair Spa','Fuzohairport Natural Hair Spa',NULL,'active','seeded',unixepoch(),unixepoch());
INSERT OR IGNORE INTO profiles (id,subject_id,subject_type,primary_place_id,tenant_id,workspace_id,display_name,created_at,updated_at) VALUES ('prof_s09_salon_cbd2370d50ad2d1f','org_s09_salon_cbd2370d50ad2d1f','organization','place_nigeria_001','tenant_platform_seed','workspace_platform_seed_discovery','Fuzohairport Natural Hair Spa',unixepoch(),unixepoch());
INSERT OR IGNORE INTO search_entries (id,profile_id,display_name,keywords,ancestry_path,vertical,created_at,updated_at) VALUES ('se_s09_salon_cbd2370d50ad2d1f','prof_s09_salon_cbd2370d50ad2d1f','Fuzohairport Natural Hair Spa','fuzohairport natural hair spa salon barber hair beauty nigeria','place_nigeria_001','beauty_salon',unixepoch(),unixepoch());
INSERT OR IGNORE INTO seed_ingestion_records (id,seed_run_id,entity_type,entity_id,source_id,status) VALUES ('ir_s09_salon_cbd2370d50ad2d1f','seed_run_s09_osm_salons_20260502','organization','org_s09_salon_cbd2370d50ad2d1f','seed_source_osm_salons_ng_20260502','ingested');
INSERT OR IGNORE INTO seed_entity_sources (id,seed_run_id,entity_type,entity_id,source_id,confidence_tier) VALUES ('es_s09_salon_cbd2370d50ad2d1f','seed_run_s09_osm_salons_20260502','organization','org_s09_salon_cbd2370d50ad2d1f','seed_source_osm_salons_ng_20260502','seeded');
INSERT OR IGNORE INTO seed_enrichment (id,seed_run_id,entity_type,entity_id,enrichment_type,enrichment_json) VALUES ('enr_s09_salon_cbd2370d50ad2d1f','seed_run_s09_osm_salons_20260502','organization','org_s09_salon_cbd2370d50ad2d1f','licence_data','{"osm_id": "8753527738", "amenity": "hairdresser", "addr_state": null, "denomination": null, "operator": null}');

INSERT OR IGNORE INTO organizations (id,tenant_id,organization_type,legal_name,display_name,registration_number,status,verification_state,created_at,updated_at) VALUES ('org_s09_salon_1afd277faf07fcd2','tenant_platform_seed','beauty_salon','Ikemis Beauty Concepts','Ikemis Beauty Concepts',NULL,'active','seeded',unixepoch(),unixepoch());
INSERT OR IGNORE INTO profiles (id,subject_id,subject_type,primary_place_id,tenant_id,workspace_id,display_name,created_at,updated_at) VALUES ('prof_s09_salon_1afd277faf07fcd2','org_s09_salon_1afd277faf07fcd2','organization','place_nigeria_001','tenant_platform_seed','workspace_platform_seed_discovery','Ikemis Beauty Concepts',unixepoch(),unixepoch());
INSERT OR IGNORE INTO search_entries (id,profile_id,display_name,keywords,ancestry_path,vertical,created_at,updated_at) VALUES ('se_s09_salon_1afd277faf07fcd2','prof_s09_salon_1afd277faf07fcd2','Ikemis Beauty Concepts','ikemis beauty concepts salon barber hair beauty nigeria','place_nigeria_001','beauty_salon',unixepoch(),unixepoch());
INSERT OR IGNORE INTO seed_ingestion_records (id,seed_run_id,entity_type,entity_id,source_id,status) VALUES ('ir_s09_salon_1afd277faf07fcd2','seed_run_s09_osm_salons_20260502','organization','org_s09_salon_1afd277faf07fcd2','seed_source_osm_salons_ng_20260502','ingested');
INSERT OR IGNORE INTO seed_entity_sources (id,seed_run_id,entity_type,entity_id,source_id,confidence_tier) VALUES ('es_s09_salon_1afd277faf07fcd2','seed_run_s09_osm_salons_20260502','organization','org_s09_salon_1afd277faf07fcd2','seed_source_osm_salons_ng_20260502','seeded');
INSERT OR IGNORE INTO seed_enrichment (id,seed_run_id,entity_type,entity_id,enrichment_type,enrichment_json) VALUES ('enr_s09_salon_1afd277faf07fcd2','seed_run_s09_osm_salons_20260502','organization','org_s09_salon_1afd277faf07fcd2','licence_data','{"osm_id": "8753560185", "amenity": "beauty", "addr_state": null, "denomination": null, "operator": null}');

INSERT OR IGNORE INTO organizations (id,tenant_id,organization_type,legal_name,display_name,registration_number,status,verification_state,created_at,updated_at) VALUES ('org_s09_salon_7f963d1373780631','tenant_platform_seed','beauty_salon','N.D Beauty','N.D Beauty',NULL,'active','seeded',unixepoch(),unixepoch());
INSERT OR IGNORE INTO profiles (id,subject_id,subject_type,primary_place_id,tenant_id,workspace_id,display_name,created_at,updated_at) VALUES ('prof_s09_salon_7f963d1373780631','org_s09_salon_7f963d1373780631','organization','place_nigeria_001','tenant_platform_seed','workspace_platform_seed_discovery','N.D Beauty',unixepoch(),unixepoch());
INSERT OR IGNORE INTO search_entries (id,profile_id,display_name,keywords,ancestry_path,vertical,created_at,updated_at) VALUES ('se_s09_salon_7f963d1373780631','prof_s09_salon_7f963d1373780631','N.D Beauty','n.d beauty salon barber hair beauty nigeria','place_nigeria_001','beauty_salon',unixepoch(),unixepoch());
INSERT OR IGNORE INTO seed_ingestion_records (id,seed_run_id,entity_type,entity_id,source_id,status) VALUES ('ir_s09_salon_7f963d1373780631','seed_run_s09_osm_salons_20260502','organization','org_s09_salon_7f963d1373780631','seed_source_osm_salons_ng_20260502','ingested');
INSERT OR IGNORE INTO seed_entity_sources (id,seed_run_id,entity_type,entity_id,source_id,confidence_tier) VALUES ('es_s09_salon_7f963d1373780631','seed_run_s09_osm_salons_20260502','organization','org_s09_salon_7f963d1373780631','seed_source_osm_salons_ng_20260502','seeded');
INSERT OR IGNORE INTO seed_enrichment (id,seed_run_id,entity_type,entity_id,enrichment_type,enrichment_json) VALUES ('enr_s09_salon_7f963d1373780631','seed_run_s09_osm_salons_20260502','organization','org_s09_salon_7f963d1373780631','licence_data','{"osm_id": "8753565875", "amenity": "beauty", "addr_state": null, "denomination": null, "operator": null}');

INSERT OR IGNORE INTO organizations (id,tenant_id,organization_type,legal_name,display_name,registration_number,status,verification_state,created_at,updated_at) VALUES ('org_s09_salon_c3891a0dd27ace7a','tenant_platform_seed','beauty_salon','Gossip Cosmetics','Gossip Cosmetics',NULL,'active','seeded',unixepoch(),unixepoch());
INSERT OR IGNORE INTO profiles (id,subject_id,subject_type,primary_place_id,tenant_id,workspace_id,display_name,created_at,updated_at) VALUES ('prof_s09_salon_c3891a0dd27ace7a','org_s09_salon_c3891a0dd27ace7a','organization','place_nigeria_001','tenant_platform_seed','workspace_platform_seed_discovery','Gossip Cosmetics',unixepoch(),unixepoch());
INSERT OR IGNORE INTO search_entries (id,profile_id,display_name,keywords,ancestry_path,vertical,created_at,updated_at) VALUES ('se_s09_salon_c3891a0dd27ace7a','prof_s09_salon_c3891a0dd27ace7a','Gossip Cosmetics','gossip cosmetics salon barber hair beauty nigeria','place_nigeria_001','beauty_salon',unixepoch(),unixepoch());
INSERT OR IGNORE INTO seed_ingestion_records (id,seed_run_id,entity_type,entity_id,source_id,status) VALUES ('ir_s09_salon_c3891a0dd27ace7a','seed_run_s09_osm_salons_20260502','organization','org_s09_salon_c3891a0dd27ace7a','seed_source_osm_salons_ng_20260502','ingested');
INSERT OR IGNORE INTO seed_entity_sources (id,seed_run_id,entity_type,entity_id,source_id,confidence_tier) VALUES ('es_s09_salon_c3891a0dd27ace7a','seed_run_s09_osm_salons_20260502','organization','org_s09_salon_c3891a0dd27ace7a','seed_source_osm_salons_ng_20260502','seeded');
INSERT OR IGNORE INTO seed_enrichment (id,seed_run_id,entity_type,entity_id,enrichment_type,enrichment_json) VALUES ('enr_s09_salon_c3891a0dd27ace7a','seed_run_s09_osm_salons_20260502','organization','org_s09_salon_c3891a0dd27ace7a','licence_data','{"osm_id": "8753568372", "amenity": "beauty", "addr_state": null, "denomination": null, "operator": null}');

INSERT OR IGNORE INTO organizations (id,tenant_id,organization_type,legal_name,display_name,registration_number,status,verification_state,created_at,updated_at) VALUES ('org_s09_salon_9c64dc90b2f676a5','tenant_platform_seed','beauty_salon','Family Affair Beauty Salon and Spa','Family Affair Beauty Salon and Spa',NULL,'active','seeded',unixepoch(),unixepoch());
INSERT OR IGNORE INTO profiles (id,subject_id,subject_type,primary_place_id,tenant_id,workspace_id,display_name,created_at,updated_at) VALUES ('prof_s09_salon_9c64dc90b2f676a5','org_s09_salon_9c64dc90b2f676a5','organization','place_nigeria_001','tenant_platform_seed','workspace_platform_seed_discovery','Family Affair Beauty Salon and Spa',unixepoch(),unixepoch());
INSERT OR IGNORE INTO search_entries (id,profile_id,display_name,keywords,ancestry_path,vertical,created_at,updated_at) VALUES ('se_s09_salon_9c64dc90b2f676a5','prof_s09_salon_9c64dc90b2f676a5','Family Affair Beauty Salon and Spa','family affair beauty salon and spa salon barber hair beauty nigeria','place_nigeria_001','beauty_salon',unixepoch(),unixepoch());
INSERT OR IGNORE INTO seed_ingestion_records (id,seed_run_id,entity_type,entity_id,source_id,status) VALUES ('ir_s09_salon_9c64dc90b2f676a5','seed_run_s09_osm_salons_20260502','organization','org_s09_salon_9c64dc90b2f676a5','seed_source_osm_salons_ng_20260502','ingested');
INSERT OR IGNORE INTO seed_entity_sources (id,seed_run_id,entity_type,entity_id,source_id,confidence_tier) VALUES ('es_s09_salon_9c64dc90b2f676a5','seed_run_s09_osm_salons_20260502','organization','org_s09_salon_9c64dc90b2f676a5','seed_source_osm_salons_ng_20260502','seeded');
INSERT OR IGNORE INTO seed_enrichment (id,seed_run_id,entity_type,entity_id,enrichment_type,enrichment_json) VALUES ('enr_s09_salon_9c64dc90b2f676a5','seed_run_s09_osm_salons_20260502','organization','org_s09_salon_9c64dc90b2f676a5','licence_data','{"osm_id": "9651566350", "amenity": "beauty", "addr_state": null, "denomination": null, "operator": null}');

INSERT OR IGNORE INTO organizations (id,tenant_id,organization_type,legal_name,display_name,registration_number,status,verification_state,created_at,updated_at) VALUES ('org_s09_salon_4a6f91638061d823','tenant_platform_seed','beauty_salon','Dieu est grand coiffure','Dieu est grand coiffure',NULL,'active','seeded',unixepoch(),unixepoch());
INSERT OR IGNORE INTO profiles (id,subject_id,subject_type,primary_place_id,tenant_id,workspace_id,display_name,created_at,updated_at) VALUES ('prof_s09_salon_4a6f91638061d823','org_s09_salon_4a6f91638061d823','organization','place_nigeria_001','tenant_platform_seed','workspace_platform_seed_discovery','Dieu est grand coiffure',unixepoch(),unixepoch());
INSERT OR IGNORE INTO search_entries (id,profile_id,display_name,keywords,ancestry_path,vertical,created_at,updated_at) VALUES ('se_s09_salon_4a6f91638061d823','prof_s09_salon_4a6f91638061d823','Dieu est grand coiffure','dieu est grand coiffure salon barber hair beauty nigeria','place_nigeria_001','beauty_salon',unixepoch(),unixepoch());
INSERT OR IGNORE INTO seed_ingestion_records (id,seed_run_id,entity_type,entity_id,source_id,status) VALUES ('ir_s09_salon_4a6f91638061d823','seed_run_s09_osm_salons_20260502','organization','org_s09_salon_4a6f91638061d823','seed_source_osm_salons_ng_20260502','ingested');
INSERT OR IGNORE INTO seed_entity_sources (id,seed_run_id,entity_type,entity_id,source_id,confidence_tier) VALUES ('es_s09_salon_4a6f91638061d823','seed_run_s09_osm_salons_20260502','organization','org_s09_salon_4a6f91638061d823','seed_source_osm_salons_ng_20260502','seeded');
INSERT OR IGNORE INTO seed_enrichment (id,seed_run_id,entity_type,entity_id,enrichment_type,enrichment_json) VALUES ('enr_s09_salon_4a6f91638061d823','seed_run_s09_osm_salons_20260502','organization','org_s09_salon_4a6f91638061d823','licence_data','{"osm_id": "10980388586", "amenity": "beauty", "addr_state": null, "denomination": null, "operator": null}');

INSERT OR IGNORE INTO organizations (id,tenant_id,organization_type,legal_name,display_name,registration_number,status,verification_state,created_at,updated_at) VALUES ('org_s09_salon_b714b69e67f7b7b0','tenant_platform_seed','beauty_salon','Ets Chantal coiffure mina okpè','Ets Chantal coiffure mina okpè',NULL,'active','seeded',unixepoch(),unixepoch());
INSERT OR IGNORE INTO profiles (id,subject_id,subject_type,primary_place_id,tenant_id,workspace_id,display_name,created_at,updated_at) VALUES ('prof_s09_salon_b714b69e67f7b7b0','org_s09_salon_b714b69e67f7b7b0','organization','place_nigeria_001','tenant_platform_seed','workspace_platform_seed_discovery','Ets Chantal coiffure mina okpè',unixepoch(),unixepoch());
INSERT OR IGNORE INTO search_entries (id,profile_id,display_name,keywords,ancestry_path,vertical,created_at,updated_at) VALUES ('se_s09_salon_b714b69e67f7b7b0','prof_s09_salon_b714b69e67f7b7b0','Ets Chantal coiffure mina okpè','ets chantal coiffure mina okpè salon barber hair beauty nigeria','place_nigeria_001','beauty_salon',unixepoch(),unixepoch());
INSERT OR IGNORE INTO seed_ingestion_records (id,seed_run_id,entity_type,entity_id,source_id,status) VALUES ('ir_s09_salon_b714b69e67f7b7b0','seed_run_s09_osm_salons_20260502','organization','org_s09_salon_b714b69e67f7b7b0','seed_source_osm_salons_ng_20260502','ingested');
INSERT OR IGNORE INTO seed_entity_sources (id,seed_run_id,entity_type,entity_id,source_id,confidence_tier) VALUES ('es_s09_salon_b714b69e67f7b7b0','seed_run_s09_osm_salons_20260502','organization','org_s09_salon_b714b69e67f7b7b0','seed_source_osm_salons_ng_20260502','seeded');
INSERT OR IGNORE INTO seed_enrichment (id,seed_run_id,entity_type,entity_id,enrichment_type,enrichment_json) VALUES ('enr_s09_salon_b714b69e67f7b7b0','seed_run_s09_osm_salons_20260502','organization','org_s09_salon_b714b69e67f7b7b0','licence_data','{"osm_id": "10980452627", "amenity": "beauty", "addr_state": null, "denomination": null, "operator": null}');

INSERT OR IGNORE INTO organizations (id,tenant_id,organization_type,legal_name,display_name,registration_number,status,verification_state,created_at,updated_at) VALUES ('org_s09_salon_cac60789aad8b427','tenant_platform_seed','beauty_salon','Dieu est grand coiffure','Dieu est grand coiffure',NULL,'active','seeded',unixepoch(),unixepoch());
INSERT OR IGNORE INTO profiles (id,subject_id,subject_type,primary_place_id,tenant_id,workspace_id,display_name,created_at,updated_at) VALUES ('prof_s09_salon_cac60789aad8b427','org_s09_salon_cac60789aad8b427','organization','place_nigeria_001','tenant_platform_seed','workspace_platform_seed_discovery','Dieu est grand coiffure',unixepoch(),unixepoch());
INSERT OR IGNORE INTO search_entries (id,profile_id,display_name,keywords,ancestry_path,vertical,created_at,updated_at) VALUES ('se_s09_salon_cac60789aad8b427','prof_s09_salon_cac60789aad8b427','Dieu est grand coiffure','dieu est grand coiffure salon barber hair beauty nigeria','place_nigeria_001','beauty_salon',unixepoch(),unixepoch());
INSERT OR IGNORE INTO seed_ingestion_records (id,seed_run_id,entity_type,entity_id,source_id,status) VALUES ('ir_s09_salon_cac60789aad8b427','seed_run_s09_osm_salons_20260502','organization','org_s09_salon_cac60789aad8b427','seed_source_osm_salons_ng_20260502','ingested');
INSERT OR IGNORE INTO seed_entity_sources (id,seed_run_id,entity_type,entity_id,source_id,confidence_tier) VALUES ('es_s09_salon_cac60789aad8b427','seed_run_s09_osm_salons_20260502','organization','org_s09_salon_cac60789aad8b427','seed_source_osm_salons_ng_20260502','seeded');
INSERT OR IGNORE INTO seed_enrichment (id,seed_run_id,entity_type,entity_id,enrichment_type,enrichment_json) VALUES ('enr_s09_salon_cac60789aad8b427','seed_run_s09_osm_salons_20260502','organization','org_s09_salon_cac60789aad8b427','licence_data','{"osm_id": "10980478762", "amenity": "beauty", "addr_state": null, "denomination": null, "operator": null}');

INSERT OR IGNORE INTO organizations (id,tenant_id,organization_type,legal_name,display_name,registration_number,status,verification_state,created_at,updated_at) VALUES ('org_s09_salon_763f7f0498c5a252','tenant_platform_seed','beauty_salon','Denis coiffure Grâce à Dieu','Denis coiffure Grâce à Dieu',NULL,'active','seeded',unixepoch(),unixepoch());
INSERT OR IGNORE INTO profiles (id,subject_id,subject_type,primary_place_id,tenant_id,workspace_id,display_name,created_at,updated_at) VALUES ('prof_s09_salon_763f7f0498c5a252','org_s09_salon_763f7f0498c5a252','organization','place_nigeria_001','tenant_platform_seed','workspace_platform_seed_discovery','Denis coiffure Grâce à Dieu',unixepoch(),unixepoch());
INSERT OR IGNORE INTO search_entries (id,profile_id,display_name,keywords,ancestry_path,vertical,created_at,updated_at) VALUES ('se_s09_salon_763f7f0498c5a252','prof_s09_salon_763f7f0498c5a252','Denis coiffure Grâce à Dieu','denis coiffure grâce à dieu salon barber hair beauty nigeria','place_nigeria_001','beauty_salon',unixepoch(),unixepoch());
INSERT OR IGNORE INTO seed_ingestion_records (id,seed_run_id,entity_type,entity_id,source_id,status) VALUES ('ir_s09_salon_763f7f0498c5a252','seed_run_s09_osm_salons_20260502','organization','org_s09_salon_763f7f0498c5a252','seed_source_osm_salons_ng_20260502','ingested');
INSERT OR IGNORE INTO seed_entity_sources (id,seed_run_id,entity_type,entity_id,source_id,confidence_tier) VALUES ('es_s09_salon_763f7f0498c5a252','seed_run_s09_osm_salons_20260502','organization','org_s09_salon_763f7f0498c5a252','seed_source_osm_salons_ng_20260502','seeded');
INSERT OR IGNORE INTO seed_enrichment (id,seed_run_id,entity_type,entity_id,enrichment_type,enrichment_json) VALUES ('enr_s09_salon_763f7f0498c5a252','seed_run_s09_osm_salons_20260502','organization','org_s09_salon_763f7f0498c5a252','licence_data','{"osm_id": "10980484202", "amenity": "hairdresser", "addr_state": null, "denomination": null, "operator": null}');

INSERT OR IGNORE INTO organizations (id,tenant_id,organization_type,legal_name,display_name,registration_number,status,verification_state,created_at,updated_at) VALUES ('org_s09_salon_8ea53bdc57bf5bde','tenant_platform_seed','beauty_salon','BeautybyAD','BeautybyAD',NULL,'active','seeded',unixepoch(),unixepoch());
INSERT OR IGNORE INTO profiles (id,subject_id,subject_type,primary_place_id,tenant_id,workspace_id,display_name,created_at,updated_at) VALUES ('prof_s09_salon_8ea53bdc57bf5bde','org_s09_salon_8ea53bdc57bf5bde','organization','place_nigeria_001','tenant_platform_seed','workspace_platform_seed_discovery','BeautybyAD',unixepoch(),unixepoch());
INSERT OR IGNORE INTO search_entries (id,profile_id,display_name,keywords,ancestry_path,vertical,created_at,updated_at) VALUES ('se_s09_salon_8ea53bdc57bf5bde','prof_s09_salon_8ea53bdc57bf5bde','BeautybyAD','beautybyad salon barber hair beauty nigeria','place_nigeria_001','beauty_salon',unixepoch(),unixepoch());
INSERT OR IGNORE INTO seed_ingestion_records (id,seed_run_id,entity_type,entity_id,source_id,status) VALUES ('ir_s09_salon_8ea53bdc57bf5bde','seed_run_s09_osm_salons_20260502','organization','org_s09_salon_8ea53bdc57bf5bde','seed_source_osm_salons_ng_20260502','ingested');
INSERT OR IGNORE INTO seed_entity_sources (id,seed_run_id,entity_type,entity_id,source_id,confidence_tier) VALUES ('es_s09_salon_8ea53bdc57bf5bde','seed_run_s09_osm_salons_20260502','organization','org_s09_salon_8ea53bdc57bf5bde','seed_source_osm_salons_ng_20260502','seeded');
INSERT OR IGNORE INTO seed_enrichment (id,seed_run_id,entity_type,entity_id,enrichment_type,enrichment_json) VALUES ('enr_s09_salon_8ea53bdc57bf5bde','seed_run_s09_osm_salons_20260502','organization','org_s09_salon_8ea53bdc57bf5bde','licence_data','{"osm_id": "11384633104", "amenity": "beauty", "addr_state": null, "denomination": null, "operator": "Kazzy"}');

INSERT OR IGNORE INTO organizations (id,tenant_id,organization_type,legal_name,display_name,registration_number,status,verification_state,created_at,updated_at) VALUES ('org_s09_salon_12e43aa80db7a391','tenant_platform_seed','beauty_salon','Express Unisex Salon','Express Unisex Salon',NULL,'active','seeded',unixepoch(),unixepoch());
INSERT OR IGNORE INTO profiles (id,subject_id,subject_type,primary_place_id,tenant_id,workspace_id,display_name,created_at,updated_at) VALUES ('prof_s09_salon_12e43aa80db7a391','org_s09_salon_12e43aa80db7a391','organization','place_nigeria_001','tenant_platform_seed','workspace_platform_seed_discovery','Express Unisex Salon',unixepoch(),unixepoch());
INSERT OR IGNORE INTO search_entries (id,profile_id,display_name,keywords,ancestry_path,vertical,created_at,updated_at) VALUES ('se_s09_salon_12e43aa80db7a391','prof_s09_salon_12e43aa80db7a391','Express Unisex Salon','express unisex salon salon barber hair beauty nigeria','place_nigeria_001','beauty_salon',unixepoch(),unixepoch());
INSERT OR IGNORE INTO seed_ingestion_records (id,seed_run_id,entity_type,entity_id,source_id,status) VALUES ('ir_s09_salon_12e43aa80db7a391','seed_run_s09_osm_salons_20260502','organization','org_s09_salon_12e43aa80db7a391','seed_source_osm_salons_ng_20260502','ingested');
INSERT OR IGNORE INTO seed_entity_sources (id,seed_run_id,entity_type,entity_id,source_id,confidence_tier) VALUES ('es_s09_salon_12e43aa80db7a391','seed_run_s09_osm_salons_20260502','organization','org_s09_salon_12e43aa80db7a391','seed_source_osm_salons_ng_20260502','seeded');
INSERT OR IGNORE INTO seed_enrichment (id,seed_run_id,entity_type,entity_id,enrichment_type,enrichment_json) VALUES ('enr_s09_salon_12e43aa80db7a391','seed_run_s09_osm_salons_20260502','organization','org_s09_salon_12e43aa80db7a391','licence_data','{"osm_id": "11505505541", "amenity": "beauty", "addr_state": null, "denomination": null, "operator": null}');

INSERT OR IGNORE INTO organizations (id,tenant_id,organization_type,legal_name,display_name,registration_number,status,verification_state,created_at,updated_at) VALUES ('org_s09_salon_33755557995ee744','tenant_platform_seed','beauty_salon','Hairmo NY & Styles','Hairmo NY & Styles',NULL,'active','seeded',unixepoch(),unixepoch());
INSERT OR IGNORE INTO profiles (id,subject_id,subject_type,primary_place_id,tenant_id,workspace_id,display_name,created_at,updated_at) VALUES ('prof_s09_salon_33755557995ee744','org_s09_salon_33755557995ee744','organization','place_nigeria_001','tenant_platform_seed','workspace_platform_seed_discovery','Hairmo NY & Styles',unixepoch(),unixepoch());
INSERT OR IGNORE INTO search_entries (id,profile_id,display_name,keywords,ancestry_path,vertical,created_at,updated_at) VALUES ('se_s09_salon_33755557995ee744','prof_s09_salon_33755557995ee744','Hairmo NY & Styles','hairmo ny & styles salon barber hair beauty nigeria','place_nigeria_001','beauty_salon',unixepoch(),unixepoch());
INSERT OR IGNORE INTO seed_ingestion_records (id,seed_run_id,entity_type,entity_id,source_id,status) VALUES ('ir_s09_salon_33755557995ee744','seed_run_s09_osm_salons_20260502','organization','org_s09_salon_33755557995ee744','seed_source_osm_salons_ng_20260502','ingested');
INSERT OR IGNORE INTO seed_entity_sources (id,seed_run_id,entity_type,entity_id,source_id,confidence_tier) VALUES ('es_s09_salon_33755557995ee744','seed_run_s09_osm_salons_20260502','organization','org_s09_salon_33755557995ee744','seed_source_osm_salons_ng_20260502','seeded');
INSERT OR IGNORE INTO seed_enrichment (id,seed_run_id,entity_type,entity_id,enrichment_type,enrichment_json) VALUES ('enr_s09_salon_33755557995ee744','seed_run_s09_osm_salons_20260502','organization','org_s09_salon_33755557995ee744','licence_data','{"osm_id": "11934184042", "amenity": "hairdresser", "addr_state": null, "denomination": null, "operator": null}');

INSERT OR IGNORE INTO organizations (id,tenant_id,organization_type,legal_name,display_name,registration_number,status,verification_state,created_at,updated_at) VALUES ('org_s09_salon_c21e3125970d3503','tenant_platform_seed','beauty_salon','Everest Beauty','Everest Beauty',NULL,'active','seeded',unixepoch(),unixepoch());
INSERT OR IGNORE INTO profiles (id,subject_id,subject_type,primary_place_id,tenant_id,workspace_id,display_name,created_at,updated_at) VALUES ('prof_s09_salon_c21e3125970d3503','org_s09_salon_c21e3125970d3503','organization','place_nigeria_001','tenant_platform_seed','workspace_platform_seed_discovery','Everest Beauty',unixepoch(),unixepoch());
INSERT OR IGNORE INTO search_entries (id,profile_id,display_name,keywords,ancestry_path,vertical,created_at,updated_at) VALUES ('se_s09_salon_c21e3125970d3503','prof_s09_salon_c21e3125970d3503','Everest Beauty','everest beauty salon barber hair beauty nigeria','place_nigeria_001','beauty_salon',unixepoch(),unixepoch());
INSERT OR IGNORE INTO seed_ingestion_records (id,seed_run_id,entity_type,entity_id,source_id,status) VALUES ('ir_s09_salon_c21e3125970d3503','seed_run_s09_osm_salons_20260502','organization','org_s09_salon_c21e3125970d3503','seed_source_osm_salons_ng_20260502','ingested');
INSERT OR IGNORE INTO seed_entity_sources (id,seed_run_id,entity_type,entity_id,source_id,confidence_tier) VALUES ('es_s09_salon_c21e3125970d3503','seed_run_s09_osm_salons_20260502','organization','org_s09_salon_c21e3125970d3503','seed_source_osm_salons_ng_20260502','seeded');
INSERT OR IGNORE INTO seed_enrichment (id,seed_run_id,entity_type,entity_id,enrichment_type,enrichment_json) VALUES ('enr_s09_salon_c21e3125970d3503','seed_run_s09_osm_salons_20260502','organization','org_s09_salon_c21e3125970d3503','licence_data','{"osm_id": "11934210463", "amenity": "beauty", "addr_state": null, "denomination": null, "operator": null}');

INSERT OR IGNORE INTO organizations (id,tenant_id,organization_type,legal_name,display_name,registration_number,status,verification_state,created_at,updated_at) VALUES ('org_s09_salon_8d633bf75f6625f3','tenant_platform_seed','beauty_salon','Nation Executive Hair Cut','Nation Executive Hair Cut',NULL,'active','seeded',unixepoch(),unixepoch());
INSERT OR IGNORE INTO profiles (id,subject_id,subject_type,primary_place_id,tenant_id,workspace_id,display_name,created_at,updated_at) VALUES ('prof_s09_salon_8d633bf75f6625f3','org_s09_salon_8d633bf75f6625f3','organization','place_nigeria_001','tenant_platform_seed','workspace_platform_seed_discovery','Nation Executive Hair Cut',unixepoch(),unixepoch());
INSERT OR IGNORE INTO search_entries (id,profile_id,display_name,keywords,ancestry_path,vertical,created_at,updated_at) VALUES ('se_s09_salon_8d633bf75f6625f3','prof_s09_salon_8d633bf75f6625f3','Nation Executive Hair Cut','nation executive hair cut salon barber hair beauty nigeria','place_nigeria_001','beauty_salon',unixepoch(),unixepoch());
INSERT OR IGNORE INTO seed_ingestion_records (id,seed_run_id,entity_type,entity_id,source_id,status) VALUES ('ir_s09_salon_8d633bf75f6625f3','seed_run_s09_osm_salons_20260502','organization','org_s09_salon_8d633bf75f6625f3','seed_source_osm_salons_ng_20260502','ingested');
INSERT OR IGNORE INTO seed_entity_sources (id,seed_run_id,entity_type,entity_id,source_id,confidence_tier) VALUES ('es_s09_salon_8d633bf75f6625f3','seed_run_s09_osm_salons_20260502','organization','org_s09_salon_8d633bf75f6625f3','seed_source_osm_salons_ng_20260502','seeded');
INSERT OR IGNORE INTO seed_enrichment (id,seed_run_id,entity_type,entity_id,enrichment_type,enrichment_json) VALUES ('enr_s09_salon_8d633bf75f6625f3','seed_run_s09_osm_salons_20260502','organization','org_s09_salon_8d633bf75f6625f3','licence_data','{"osm_id": "11934274004", "amenity": "hairdresser", "addr_state": null, "denomination": null, "operator": null}');

INSERT OR IGNORE INTO organizations (id,tenant_id,organization_type,legal_name,display_name,registration_number,status,verification_state,created_at,updated_at) VALUES ('org_s09_salon_56f2b57ec5b445b5','tenant_platform_seed','beauty_salon','De Kings Unisex Salon','De Kings Unisex Salon',NULL,'active','seeded',unixepoch(),unixepoch());
INSERT OR IGNORE INTO profiles (id,subject_id,subject_type,primary_place_id,tenant_id,workspace_id,display_name,created_at,updated_at) VALUES ('prof_s09_salon_56f2b57ec5b445b5','org_s09_salon_56f2b57ec5b445b5','organization','place_nigeria_001','tenant_platform_seed','workspace_platform_seed_discovery','De Kings Unisex Salon',unixepoch(),unixepoch());
INSERT OR IGNORE INTO search_entries (id,profile_id,display_name,keywords,ancestry_path,vertical,created_at,updated_at) VALUES ('se_s09_salon_56f2b57ec5b445b5','prof_s09_salon_56f2b57ec5b445b5','De Kings Unisex Salon','de kings unisex salon salon barber hair beauty nigeria','place_nigeria_001','beauty_salon',unixepoch(),unixepoch());
INSERT OR IGNORE INTO seed_ingestion_records (id,seed_run_id,entity_type,entity_id,source_id,status) VALUES ('ir_s09_salon_56f2b57ec5b445b5','seed_run_s09_osm_salons_20260502','organization','org_s09_salon_56f2b57ec5b445b5','seed_source_osm_salons_ng_20260502','ingested');
INSERT OR IGNORE INTO seed_entity_sources (id,seed_run_id,entity_type,entity_id,source_id,confidence_tier) VALUES ('es_s09_salon_56f2b57ec5b445b5','seed_run_s09_osm_salons_20260502','organization','org_s09_salon_56f2b57ec5b445b5','seed_source_osm_salons_ng_20260502','seeded');
INSERT OR IGNORE INTO seed_enrichment (id,seed_run_id,entity_type,entity_id,enrichment_type,enrichment_json) VALUES ('enr_s09_salon_56f2b57ec5b445b5','seed_run_s09_osm_salons_20260502','organization','org_s09_salon_56f2b57ec5b445b5','licence_data','{"osm_id": "11934362662", "amenity": "hairdresser", "addr_state": null, "denomination": null, "operator": null}');

INSERT OR IGNORE INTO organizations (id,tenant_id,organization_type,legal_name,display_name,registration_number,status,verification_state,created_at,updated_at) VALUES ('org_s09_salon_07fd2b8295bef2a1','tenant_platform_seed','beauty_salon','Beauty Edge Palace','Beauty Edge Palace',NULL,'active','seeded',unixepoch(),unixepoch());
INSERT OR IGNORE INTO profiles (id,subject_id,subject_type,primary_place_id,tenant_id,workspace_id,display_name,created_at,updated_at) VALUES ('prof_s09_salon_07fd2b8295bef2a1','org_s09_salon_07fd2b8295bef2a1','organization','place_nigeria_001','tenant_platform_seed','workspace_platform_seed_discovery','Beauty Edge Palace',unixepoch(),unixepoch());
INSERT OR IGNORE INTO search_entries (id,profile_id,display_name,keywords,ancestry_path,vertical,created_at,updated_at) VALUES ('se_s09_salon_07fd2b8295bef2a1','prof_s09_salon_07fd2b8295bef2a1','Beauty Edge Palace','beauty edge palace salon barber hair beauty nigeria','place_nigeria_001','beauty_salon',unixepoch(),unixepoch());
INSERT OR IGNORE INTO seed_ingestion_records (id,seed_run_id,entity_type,entity_id,source_id,status) VALUES ('ir_s09_salon_07fd2b8295bef2a1','seed_run_s09_osm_salons_20260502','organization','org_s09_salon_07fd2b8295bef2a1','seed_source_osm_salons_ng_20260502','ingested');
INSERT OR IGNORE INTO seed_entity_sources (id,seed_run_id,entity_type,entity_id,source_id,confidence_tier) VALUES ('es_s09_salon_07fd2b8295bef2a1','seed_run_s09_osm_salons_20260502','organization','org_s09_salon_07fd2b8295bef2a1','seed_source_osm_salons_ng_20260502','seeded');
INSERT OR IGNORE INTO seed_enrichment (id,seed_run_id,entity_type,entity_id,enrichment_type,enrichment_json) VALUES ('enr_s09_salon_07fd2b8295bef2a1','seed_run_s09_osm_salons_20260502','organization','org_s09_salon_07fd2b8295bef2a1','licence_data','{"osm_id": "11934870618", "amenity": "hairdresser", "addr_state": null, "denomination": null, "operator": null}');

INSERT OR IGNORE INTO organizations (id,tenant_id,organization_type,legal_name,display_name,registration_number,status,verification_state,created_at,updated_at) VALUES ('org_s09_salon_cd2b45641adbe59e','tenant_platform_seed','beauty_salon','Home Service','Home Service',NULL,'active','seeded',unixepoch(),unixepoch());
INSERT OR IGNORE INTO profiles (id,subject_id,subject_type,primary_place_id,tenant_id,workspace_id,display_name,created_at,updated_at) VALUES ('prof_s09_salon_cd2b45641adbe59e','org_s09_salon_cd2b45641adbe59e','organization','place_nigeria_001','tenant_platform_seed','workspace_platform_seed_discovery','Home Service',unixepoch(),unixepoch());
INSERT OR IGNORE INTO search_entries (id,profile_id,display_name,keywords,ancestry_path,vertical,created_at,updated_at) VALUES ('se_s09_salon_cd2b45641adbe59e','prof_s09_salon_cd2b45641adbe59e','Home Service','home service salon barber hair beauty nigeria','place_nigeria_001','beauty_salon',unixepoch(),unixepoch());
INSERT OR IGNORE INTO seed_ingestion_records (id,seed_run_id,entity_type,entity_id,source_id,status) VALUES ('ir_s09_salon_cd2b45641adbe59e','seed_run_s09_osm_salons_20260502','organization','org_s09_salon_cd2b45641adbe59e','seed_source_osm_salons_ng_20260502','ingested');
INSERT OR IGNORE INTO seed_entity_sources (id,seed_run_id,entity_type,entity_id,source_id,confidence_tier) VALUES ('es_s09_salon_cd2b45641adbe59e','seed_run_s09_osm_salons_20260502','organization','org_s09_salon_cd2b45641adbe59e','seed_source_osm_salons_ng_20260502','seeded');
INSERT OR IGNORE INTO seed_enrichment (id,seed_run_id,entity_type,entity_id,enrichment_type,enrichment_json) VALUES ('enr_s09_salon_cd2b45641adbe59e','seed_run_s09_osm_salons_20260502','organization','org_s09_salon_cd2b45641adbe59e','licence_data','{"osm_id": "11938817803", "amenity": "hairdresser", "addr_state": null, "denomination": null, "operator": null}');

INSERT OR IGNORE INTO organizations (id,tenant_id,organization_type,legal_name,display_name,registration_number,status,verification_state,created_at,updated_at) VALUES ('org_s09_salon_43677231dd8b0f13','tenant_platform_seed','beauty_salon','Spark Barbing Shop','Spark Barbing Shop',NULL,'active','seeded',unixepoch(),unixepoch());
INSERT OR IGNORE INTO profiles (id,subject_id,subject_type,primary_place_id,tenant_id,workspace_id,display_name,created_at,updated_at) VALUES ('prof_s09_salon_43677231dd8b0f13','org_s09_salon_43677231dd8b0f13','organization','place_nigeria_001','tenant_platform_seed','workspace_platform_seed_discovery','Spark Barbing Shop',unixepoch(),unixepoch());
INSERT OR IGNORE INTO search_entries (id,profile_id,display_name,keywords,ancestry_path,vertical,created_at,updated_at) VALUES ('se_s09_salon_43677231dd8b0f13','prof_s09_salon_43677231dd8b0f13','Spark Barbing Shop','spark barbing shop salon barber hair beauty nigeria','place_nigeria_001','beauty_salon',unixepoch(),unixepoch());
INSERT OR IGNORE INTO seed_ingestion_records (id,seed_run_id,entity_type,entity_id,source_id,status) VALUES ('ir_s09_salon_43677231dd8b0f13','seed_run_s09_osm_salons_20260502','organization','org_s09_salon_43677231dd8b0f13','seed_source_osm_salons_ng_20260502','ingested');
INSERT OR IGNORE INTO seed_entity_sources (id,seed_run_id,entity_type,entity_id,source_id,confidence_tier) VALUES ('es_s09_salon_43677231dd8b0f13','seed_run_s09_osm_salons_20260502','organization','org_s09_salon_43677231dd8b0f13','seed_source_osm_salons_ng_20260502','seeded');
INSERT OR IGNORE INTO seed_enrichment (id,seed_run_id,entity_type,entity_id,enrichment_type,enrichment_json) VALUES ('enr_s09_salon_43677231dd8b0f13','seed_run_s09_osm_salons_20260502','organization','org_s09_salon_43677231dd8b0f13','licence_data','{"osm_id": "11938847718", "amenity": "beauty", "addr_state": null, "denomination": null, "operator": null}');

INSERT OR IGNORE INTO organizations (id,tenant_id,organization_type,legal_name,display_name,registration_number,status,verification_state,created_at,updated_at) VALUES ('org_s09_salon_669579ae59a5e0d7','tenant_platform_seed','beauty_salon','Divine Grace Empire','Divine Grace Empire',NULL,'active','seeded',unixepoch(),unixepoch());
INSERT OR IGNORE INTO profiles (id,subject_id,subject_type,primary_place_id,tenant_id,workspace_id,display_name,created_at,updated_at) VALUES ('prof_s09_salon_669579ae59a5e0d7','org_s09_salon_669579ae59a5e0d7','organization','place_nigeria_001','tenant_platform_seed','workspace_platform_seed_discovery','Divine Grace Empire',unixepoch(),unixepoch());
INSERT OR IGNORE INTO search_entries (id,profile_id,display_name,keywords,ancestry_path,vertical,created_at,updated_at) VALUES ('se_s09_salon_669579ae59a5e0d7','prof_s09_salon_669579ae59a5e0d7','Divine Grace Empire','divine grace empire salon barber hair beauty nigeria','place_nigeria_001','beauty_salon',unixepoch(),unixepoch());
INSERT OR IGNORE INTO seed_ingestion_records (id,seed_run_id,entity_type,entity_id,source_id,status) VALUES ('ir_s09_salon_669579ae59a5e0d7','seed_run_s09_osm_salons_20260502','organization','org_s09_salon_669579ae59a5e0d7','seed_source_osm_salons_ng_20260502','ingested');
INSERT OR IGNORE INTO seed_entity_sources (id,seed_run_id,entity_type,entity_id,source_id,confidence_tier) VALUES ('es_s09_salon_669579ae59a5e0d7','seed_run_s09_osm_salons_20260502','organization','org_s09_salon_669579ae59a5e0d7','seed_source_osm_salons_ng_20260502','seeded');
INSERT OR IGNORE INTO seed_enrichment (id,seed_run_id,entity_type,entity_id,enrichment_type,enrichment_json) VALUES ('enr_s09_salon_669579ae59a5e0d7','seed_run_s09_osm_salons_20260502','organization','org_s09_salon_669579ae59a5e0d7','licence_data','{"osm_id": "11938878873", "amenity": "hairdresser", "addr_state": null, "denomination": null, "operator": null}');

INSERT OR IGNORE INTO organizations (id,tenant_id,organization_type,legal_name,display_name,registration_number,status,verification_state,created_at,updated_at) VALUES ('org_s09_salon_224ebe033ca1857e','tenant_platform_seed','beauty_salon','Mighty Hand Of God','Mighty Hand Of God',NULL,'active','seeded',unixepoch(),unixepoch());
INSERT OR IGNORE INTO profiles (id,subject_id,subject_type,primary_place_id,tenant_id,workspace_id,display_name,created_at,updated_at) VALUES ('prof_s09_salon_224ebe033ca1857e','org_s09_salon_224ebe033ca1857e','organization','place_nigeria_001','tenant_platform_seed','workspace_platform_seed_discovery','Mighty Hand Of God',unixepoch(),unixepoch());
INSERT OR IGNORE INTO search_entries (id,profile_id,display_name,keywords,ancestry_path,vertical,created_at,updated_at) VALUES ('se_s09_salon_224ebe033ca1857e','prof_s09_salon_224ebe033ca1857e','Mighty Hand Of God','mighty hand of god salon barber hair beauty nigeria','place_nigeria_001','beauty_salon',unixepoch(),unixepoch());
INSERT OR IGNORE INTO seed_ingestion_records (id,seed_run_id,entity_type,entity_id,source_id,status) VALUES ('ir_s09_salon_224ebe033ca1857e','seed_run_s09_osm_salons_20260502','organization','org_s09_salon_224ebe033ca1857e','seed_source_osm_salons_ng_20260502','ingested');
INSERT OR IGNORE INTO seed_entity_sources (id,seed_run_id,entity_type,entity_id,source_id,confidence_tier) VALUES ('es_s09_salon_224ebe033ca1857e','seed_run_s09_osm_salons_20260502','organization','org_s09_salon_224ebe033ca1857e','seed_source_osm_salons_ng_20260502','seeded');
INSERT OR IGNORE INTO seed_enrichment (id,seed_run_id,entity_type,entity_id,enrichment_type,enrichment_json) VALUES ('enr_s09_salon_224ebe033ca1857e','seed_run_s09_osm_salons_20260502','organization','org_s09_salon_224ebe033ca1857e','licence_data','{"osm_id": "11938924769", "amenity": "beauty", "addr_state": null, "denomination": null, "operator": null}');

INSERT OR IGNORE INTO organizations (id,tenant_id,organization_type,legal_name,display_name,registration_number,status,verification_state,created_at,updated_at) VALUES ('org_s09_salon_85f453865ebb3f81','tenant_platform_seed','beauty_salon','Olympic SkinCare','Olympic SkinCare',NULL,'active','seeded',unixepoch(),unixepoch());
INSERT OR IGNORE INTO profiles (id,subject_id,subject_type,primary_place_id,tenant_id,workspace_id,display_name,created_at,updated_at) VALUES ('prof_s09_salon_85f453865ebb3f81','org_s09_salon_85f453865ebb3f81','organization','place_nigeria_001','tenant_platform_seed','workspace_platform_seed_discovery','Olympic SkinCare',unixepoch(),unixepoch());
INSERT OR IGNORE INTO search_entries (id,profile_id,display_name,keywords,ancestry_path,vertical,created_at,updated_at) VALUES ('se_s09_salon_85f453865ebb3f81','prof_s09_salon_85f453865ebb3f81','Olympic SkinCare','olympic skincare salon barber hair beauty nigeria','place_nigeria_001','beauty_salon',unixepoch(),unixepoch());
INSERT OR IGNORE INTO seed_ingestion_records (id,seed_run_id,entity_type,entity_id,source_id,status) VALUES ('ir_s09_salon_85f453865ebb3f81','seed_run_s09_osm_salons_20260502','organization','org_s09_salon_85f453865ebb3f81','seed_source_osm_salons_ng_20260502','ingested');
INSERT OR IGNORE INTO seed_entity_sources (id,seed_run_id,entity_type,entity_id,source_id,confidence_tier) VALUES ('es_s09_salon_85f453865ebb3f81','seed_run_s09_osm_salons_20260502','organization','org_s09_salon_85f453865ebb3f81','seed_source_osm_salons_ng_20260502','seeded');
INSERT OR IGNORE INTO seed_enrichment (id,seed_run_id,entity_type,entity_id,enrichment_type,enrichment_json) VALUES ('enr_s09_salon_85f453865ebb3f81','seed_run_s09_osm_salons_20260502','organization','org_s09_salon_85f453865ebb3f81','licence_data','{"osm_id": "11938965015", "amenity": "beauty", "addr_state": null, "denomination": null, "operator": null}');

INSERT OR IGNORE INTO organizations (id,tenant_id,organization_type,legal_name,display_name,registration_number,status,verification_state,created_at,updated_at) VALUES ('org_s09_salon_df91d6b23894fbec','tenant_platform_seed','beauty_salon','Unique Hair Cut','Unique Hair Cut',NULL,'active','seeded',unixepoch(),unixepoch());
INSERT OR IGNORE INTO profiles (id,subject_id,subject_type,primary_place_id,tenant_id,workspace_id,display_name,created_at,updated_at) VALUES ('prof_s09_salon_df91d6b23894fbec','org_s09_salon_df91d6b23894fbec','organization','place_nigeria_001','tenant_platform_seed','workspace_platform_seed_discovery','Unique Hair Cut',unixepoch(),unixepoch());
INSERT OR IGNORE INTO search_entries (id,profile_id,display_name,keywords,ancestry_path,vertical,created_at,updated_at) VALUES ('se_s09_salon_df91d6b23894fbec','prof_s09_salon_df91d6b23894fbec','Unique Hair Cut','unique hair cut salon barber hair beauty nigeria','place_nigeria_001','beauty_salon',unixepoch(),unixepoch());
INSERT OR IGNORE INTO seed_ingestion_records (id,seed_run_id,entity_type,entity_id,source_id,status) VALUES ('ir_s09_salon_df91d6b23894fbec','seed_run_s09_osm_salons_20260502','organization','org_s09_salon_df91d6b23894fbec','seed_source_osm_salons_ng_20260502','ingested');
INSERT OR IGNORE INTO seed_entity_sources (id,seed_run_id,entity_type,entity_id,source_id,confidence_tier) VALUES ('es_s09_salon_df91d6b23894fbec','seed_run_s09_osm_salons_20260502','organization','org_s09_salon_df91d6b23894fbec','seed_source_osm_salons_ng_20260502','seeded');
INSERT OR IGNORE INTO seed_enrichment (id,seed_run_id,entity_type,entity_id,enrichment_type,enrichment_json) VALUES ('enr_s09_salon_df91d6b23894fbec','seed_run_s09_osm_salons_20260502','organization','org_s09_salon_df91d6b23894fbec','licence_data','{"osm_id": "11938974021", "amenity": "hairdresser", "addr_state": null, "denomination": null, "operator": null}');

INSERT OR IGNORE INTO organizations (id,tenant_id,organization_type,legal_name,display_name,registration_number,status,verification_state,created_at,updated_at) VALUES ('org_s09_salon_2901f7a52729f41f','tenant_platform_seed','beauty_salon','Snow Cut Barbing Salon','Snow Cut Barbing Salon',NULL,'active','seeded',unixepoch(),unixepoch());
INSERT OR IGNORE INTO profiles (id,subject_id,subject_type,primary_place_id,tenant_id,workspace_id,display_name,created_at,updated_at) VALUES ('prof_s09_salon_2901f7a52729f41f','org_s09_salon_2901f7a52729f41f','organization','place_nigeria_001','tenant_platform_seed','workspace_platform_seed_discovery','Snow Cut Barbing Salon',unixepoch(),unixepoch());
INSERT OR IGNORE INTO search_entries (id,profile_id,display_name,keywords,ancestry_path,vertical,created_at,updated_at) VALUES ('se_s09_salon_2901f7a52729f41f','prof_s09_salon_2901f7a52729f41f','Snow Cut Barbing Salon','snow cut barbing salon salon barber hair beauty nigeria','place_nigeria_001','beauty_salon',unixepoch(),unixepoch());
INSERT OR IGNORE INTO seed_ingestion_records (id,seed_run_id,entity_type,entity_id,source_id,status) VALUES ('ir_s09_salon_2901f7a52729f41f','seed_run_s09_osm_salons_20260502','organization','org_s09_salon_2901f7a52729f41f','seed_source_osm_salons_ng_20260502','ingested');
INSERT OR IGNORE INTO seed_entity_sources (id,seed_run_id,entity_type,entity_id,source_id,confidence_tier) VALUES ('es_s09_salon_2901f7a52729f41f','seed_run_s09_osm_salons_20260502','organization','org_s09_salon_2901f7a52729f41f','seed_source_osm_salons_ng_20260502','seeded');
INSERT OR IGNORE INTO seed_enrichment (id,seed_run_id,entity_type,entity_id,enrichment_type,enrichment_json) VALUES ('enr_s09_salon_2901f7a52729f41f','seed_run_s09_osm_salons_20260502','organization','org_s09_salon_2901f7a52729f41f','licence_data','{"osm_id": "11938979123", "amenity": "hairdresser", "addr_state": null, "denomination": null, "operator": null}');

INSERT OR IGNORE INTO organizations (id,tenant_id,organization_type,legal_name,display_name,registration_number,status,verification_state,created_at,updated_at) VALUES ('org_s09_salon_f084e5decbb9db2c','tenant_platform_seed','beauty_salon','BT Babyfaces Salon','BT Babyfaces Salon',NULL,'active','seeded',unixepoch(),unixepoch());
INSERT OR IGNORE INTO profiles (id,subject_id,subject_type,primary_place_id,tenant_id,workspace_id,display_name,created_at,updated_at) VALUES ('prof_s09_salon_f084e5decbb9db2c','org_s09_salon_f084e5decbb9db2c','organization','place_nigeria_001','tenant_platform_seed','workspace_platform_seed_discovery','BT Babyfaces Salon',unixepoch(),unixepoch());
INSERT OR IGNORE INTO search_entries (id,profile_id,display_name,keywords,ancestry_path,vertical,created_at,updated_at) VALUES ('se_s09_salon_f084e5decbb9db2c','prof_s09_salon_f084e5decbb9db2c','BT Babyfaces Salon','bt babyfaces salon salon barber hair beauty nigeria','place_nigeria_001','beauty_salon',unixepoch(),unixepoch());
INSERT OR IGNORE INTO seed_ingestion_records (id,seed_run_id,entity_type,entity_id,source_id,status) VALUES ('ir_s09_salon_f084e5decbb9db2c','seed_run_s09_osm_salons_20260502','organization','org_s09_salon_f084e5decbb9db2c','seed_source_osm_salons_ng_20260502','ingested');
INSERT OR IGNORE INTO seed_entity_sources (id,seed_run_id,entity_type,entity_id,source_id,confidence_tier) VALUES ('es_s09_salon_f084e5decbb9db2c','seed_run_s09_osm_salons_20260502','organization','org_s09_salon_f084e5decbb9db2c','seed_source_osm_salons_ng_20260502','seeded');
INSERT OR IGNORE INTO seed_enrichment (id,seed_run_id,entity_type,entity_id,enrichment_type,enrichment_json) VALUES ('enr_s09_salon_f084e5decbb9db2c','seed_run_s09_osm_salons_20260502','organization','org_s09_salon_f084e5decbb9db2c','licence_data','{"osm_id": "11938981474", "amenity": "beauty", "addr_state": null, "denomination": null, "operator": null}');

INSERT OR IGNORE INTO organizations (id,tenant_id,organization_type,legal_name,display_name,registration_number,status,verification_state,created_at,updated_at) VALUES ('org_s09_salon_03207829dc960c84','tenant_platform_seed','beauty_salon','Tosmart Beads Accessories','Tosmart Beads Accessories',NULL,'active','seeded',unixepoch(),unixepoch());
INSERT OR IGNORE INTO profiles (id,subject_id,subject_type,primary_place_id,tenant_id,workspace_id,display_name,created_at,updated_at) VALUES ('prof_s09_salon_03207829dc960c84','org_s09_salon_03207829dc960c84','organization','place_nigeria_001','tenant_platform_seed','workspace_platform_seed_discovery','Tosmart Beads Accessories',unixepoch(),unixepoch());
INSERT OR IGNORE INTO search_entries (id,profile_id,display_name,keywords,ancestry_path,vertical,created_at,updated_at) VALUES ('se_s09_salon_03207829dc960c84','prof_s09_salon_03207829dc960c84','Tosmart Beads Accessories','tosmart beads accessories salon barber hair beauty nigeria','place_nigeria_001','beauty_salon',unixepoch(),unixepoch());
INSERT OR IGNORE INTO seed_ingestion_records (id,seed_run_id,entity_type,entity_id,source_id,status) VALUES ('ir_s09_salon_03207829dc960c84','seed_run_s09_osm_salons_20260502','organization','org_s09_salon_03207829dc960c84','seed_source_osm_salons_ng_20260502','ingested');
INSERT OR IGNORE INTO seed_entity_sources (id,seed_run_id,entity_type,entity_id,source_id,confidence_tier) VALUES ('es_s09_salon_03207829dc960c84','seed_run_s09_osm_salons_20260502','organization','org_s09_salon_03207829dc960c84','seed_source_osm_salons_ng_20260502','seeded');
INSERT OR IGNORE INTO seed_enrichment (id,seed_run_id,entity_type,entity_id,enrichment_type,enrichment_json) VALUES ('enr_s09_salon_03207829dc960c84','seed_run_s09_osm_salons_20260502','organization','org_s09_salon_03207829dc960c84','licence_data','{"osm_id": "11938993623", "amenity": "beauty", "addr_state": null, "denomination": null, "operator": null}');

INSERT OR IGNORE INTO organizations (id,tenant_id,organization_type,legal_name,display_name,registration_number,status,verification_state,created_at,updated_at) VALUES ('org_s09_salon_ef4f018ed1bca245','tenant_platform_seed','beauty_salon','Bigtimers Barbershop','Bigtimers Barbershop',NULL,'active','seeded',unixepoch(),unixepoch());
INSERT OR IGNORE INTO profiles (id,subject_id,subject_type,primary_place_id,tenant_id,workspace_id,display_name,created_at,updated_at) VALUES ('prof_s09_salon_ef4f018ed1bca245','org_s09_salon_ef4f018ed1bca245','organization','place_nigeria_001','tenant_platform_seed','workspace_platform_seed_discovery','Bigtimers Barbershop',unixepoch(),unixepoch());
INSERT OR IGNORE INTO search_entries (id,profile_id,display_name,keywords,ancestry_path,vertical,created_at,updated_at) VALUES ('se_s09_salon_ef4f018ed1bca245','prof_s09_salon_ef4f018ed1bca245','Bigtimers Barbershop','bigtimers barbershop salon barber hair beauty nigeria','place_nigeria_001','beauty_salon',unixepoch(),unixepoch());
INSERT OR IGNORE INTO seed_ingestion_records (id,seed_run_id,entity_type,entity_id,source_id,status) VALUES ('ir_s09_salon_ef4f018ed1bca245','seed_run_s09_osm_salons_20260502','organization','org_s09_salon_ef4f018ed1bca245','seed_source_osm_salons_ng_20260502','ingested');
INSERT OR IGNORE INTO seed_entity_sources (id,seed_run_id,entity_type,entity_id,source_id,confidence_tier) VALUES ('es_s09_salon_ef4f018ed1bca245','seed_run_s09_osm_salons_20260502','organization','org_s09_salon_ef4f018ed1bca245','seed_source_osm_salons_ng_20260502','seeded');
INSERT OR IGNORE INTO seed_enrichment (id,seed_run_id,entity_type,entity_id,enrichment_type,enrichment_json) VALUES ('enr_s09_salon_ef4f018ed1bca245','seed_run_s09_osm_salons_20260502','organization','org_s09_salon_ef4f018ed1bca245','licence_data','{"osm_id": "12066359338", "amenity": "hairdresser", "addr_state": null, "denomination": null, "operator": null}');

INSERT OR IGNORE INTO organizations (id,tenant_id,organization_type,legal_name,display_name,registration_number,status,verification_state,created_at,updated_at) VALUES ('org_s09_salon_d535ba935cf8ac42','tenant_platform_seed','beauty_salon','Olive Spa','Olive Spa',NULL,'active','seeded',unixepoch(),unixepoch());
INSERT OR IGNORE INTO profiles (id,subject_id,subject_type,primary_place_id,tenant_id,workspace_id,display_name,created_at,updated_at) VALUES ('prof_s09_salon_d535ba935cf8ac42','org_s09_salon_d535ba935cf8ac42','organization','place_nigeria_001','tenant_platform_seed','workspace_platform_seed_discovery','Olive Spa',unixepoch(),unixepoch());
INSERT OR IGNORE INTO search_entries (id,profile_id,display_name,keywords,ancestry_path,vertical,created_at,updated_at) VALUES ('se_s09_salon_d535ba935cf8ac42','prof_s09_salon_d535ba935cf8ac42','Olive Spa','olive spa salon barber hair beauty nigeria','place_nigeria_001','beauty_salon',unixepoch(),unixepoch());
INSERT OR IGNORE INTO seed_ingestion_records (id,seed_run_id,entity_type,entity_id,source_id,status) VALUES ('ir_s09_salon_d535ba935cf8ac42','seed_run_s09_osm_salons_20260502','organization','org_s09_salon_d535ba935cf8ac42','seed_source_osm_salons_ng_20260502','ingested');
INSERT OR IGNORE INTO seed_entity_sources (id,seed_run_id,entity_type,entity_id,source_id,confidence_tier) VALUES ('es_s09_salon_d535ba935cf8ac42','seed_run_s09_osm_salons_20260502','organization','org_s09_salon_d535ba935cf8ac42','seed_source_osm_salons_ng_20260502','seeded');
INSERT OR IGNORE INTO seed_enrichment (id,seed_run_id,entity_type,entity_id,enrichment_type,enrichment_json) VALUES ('enr_s09_salon_d535ba935cf8ac42','seed_run_s09_osm_salons_20260502','organization','org_s09_salon_d535ba935cf8ac42','licence_data','{"osm_id": "12198546248", "amenity": "beauty", "addr_state": null, "denomination": null, "operator": "jada abruch"}');

INSERT OR IGNORE INTO organizations (id,tenant_id,organization_type,legal_name,display_name,registration_number,status,verification_state,created_at,updated_at) VALUES ('org_s09_salon_a60fbb3f1492a0f6','tenant_platform_seed','beauty_salon','G.Glow','G.Glow',NULL,'active','seeded',unixepoch(),unixepoch());
INSERT OR IGNORE INTO profiles (id,subject_id,subject_type,primary_place_id,tenant_id,workspace_id,display_name,created_at,updated_at) VALUES ('prof_s09_salon_a60fbb3f1492a0f6','org_s09_salon_a60fbb3f1492a0f6','organization','place_nigeria_001','tenant_platform_seed','workspace_platform_seed_discovery','G.Glow',unixepoch(),unixepoch());
INSERT OR IGNORE INTO search_entries (id,profile_id,display_name,keywords,ancestry_path,vertical,created_at,updated_at) VALUES ('se_s09_salon_a60fbb3f1492a0f6','prof_s09_salon_a60fbb3f1492a0f6','G.Glow','g.glow salon barber hair beauty nigeria','place_nigeria_001','beauty_salon',unixepoch(),unixepoch());
INSERT OR IGNORE INTO seed_ingestion_records (id,seed_run_id,entity_type,entity_id,source_id,status) VALUES ('ir_s09_salon_a60fbb3f1492a0f6','seed_run_s09_osm_salons_20260502','organization','org_s09_salon_a60fbb3f1492a0f6','seed_source_osm_salons_ng_20260502','ingested');
INSERT OR IGNORE INTO seed_entity_sources (id,seed_run_id,entity_type,entity_id,source_id,confidence_tier) VALUES ('es_s09_salon_a60fbb3f1492a0f6','seed_run_s09_osm_salons_20260502','organization','org_s09_salon_a60fbb3f1492a0f6','seed_source_osm_salons_ng_20260502','seeded');
INSERT OR IGNORE INTO seed_enrichment (id,seed_run_id,entity_type,entity_id,enrichment_type,enrichment_json) VALUES ('enr_s09_salon_a60fbb3f1492a0f6','seed_run_s09_osm_salons_20260502','organization','org_s09_salon_a60fbb3f1492a0f6','licence_data','{"osm_id": "12281594032", "amenity": "beauty", "addr_state": null, "denomination": null, "operator": "private/individual"}');

INSERT OR IGNORE INTO organizations (id,tenant_id,organization_type,legal_name,display_name,registration_number,status,verification_state,created_at,updated_at) VALUES ('org_s09_salon_9e0c8a48d5efd735','tenant_platform_seed','beauty_salon','Lady B','Lady B',NULL,'active','seeded',unixepoch(),unixepoch());
INSERT OR IGNORE INTO profiles (id,subject_id,subject_type,primary_place_id,tenant_id,workspace_id,display_name,created_at,updated_at) VALUES ('prof_s09_salon_9e0c8a48d5efd735','org_s09_salon_9e0c8a48d5efd735','organization','place_nigeria_001','tenant_platform_seed','workspace_platform_seed_discovery','Lady B',unixepoch(),unixepoch());
INSERT OR IGNORE INTO search_entries (id,profile_id,display_name,keywords,ancestry_path,vertical,created_at,updated_at) VALUES ('se_s09_salon_9e0c8a48d5efd735','prof_s09_salon_9e0c8a48d5efd735','Lady B','lady b salon barber hair beauty nigeria','place_nigeria_001','beauty_salon',unixepoch(),unixepoch());
INSERT OR IGNORE INTO seed_ingestion_records (id,seed_run_id,entity_type,entity_id,source_id,status) VALUES ('ir_s09_salon_9e0c8a48d5efd735','seed_run_s09_osm_salons_20260502','organization','org_s09_salon_9e0c8a48d5efd735','seed_source_osm_salons_ng_20260502','ingested');
INSERT OR IGNORE INTO seed_entity_sources (id,seed_run_id,entity_type,entity_id,source_id,confidence_tier) VALUES ('es_s09_salon_9e0c8a48d5efd735','seed_run_s09_osm_salons_20260502','organization','org_s09_salon_9e0c8a48d5efd735','seed_source_osm_salons_ng_20260502','seeded');
INSERT OR IGNORE INTO seed_enrichment (id,seed_run_id,entity_type,entity_id,enrichment_type,enrichment_json) VALUES ('enr_s09_salon_9e0c8a48d5efd735','seed_run_s09_osm_salons_20260502','organization','org_s09_salon_9e0c8a48d5efd735','licence_data','{"osm_id": "12281594034", "amenity": "beauty", "addr_state": null, "denomination": null, "operator": "private/individual"}');

INSERT OR IGNORE INTO organizations (id,tenant_id,organization_type,legal_name,display_name,registration_number,status,verification_state,created_at,updated_at) VALUES ('org_s09_salon_be24e6ac98d07103','tenant_platform_seed','beauty_salon','Sumbo Beauty Affairs','Sumbo Beauty Affairs',NULL,'active','seeded',unixepoch(),unixepoch());
INSERT OR IGNORE INTO profiles (id,subject_id,subject_type,primary_place_id,tenant_id,workspace_id,display_name,created_at,updated_at) VALUES ('prof_s09_salon_be24e6ac98d07103','org_s09_salon_be24e6ac98d07103','organization','place_nigeria_001','tenant_platform_seed','workspace_platform_seed_discovery','Sumbo Beauty Affairs',unixepoch(),unixepoch());
INSERT OR IGNORE INTO search_entries (id,profile_id,display_name,keywords,ancestry_path,vertical,created_at,updated_at) VALUES ('se_s09_salon_be24e6ac98d07103','prof_s09_salon_be24e6ac98d07103','Sumbo Beauty Affairs','sumbo beauty affairs salon barber hair beauty nigeria','place_nigeria_001','beauty_salon',unixepoch(),unixepoch());
INSERT OR IGNORE INTO seed_ingestion_records (id,seed_run_id,entity_type,entity_id,source_id,status) VALUES ('ir_s09_salon_be24e6ac98d07103','seed_run_s09_osm_salons_20260502','organization','org_s09_salon_be24e6ac98d07103','seed_source_osm_salons_ng_20260502','ingested');
INSERT OR IGNORE INTO seed_entity_sources (id,seed_run_id,entity_type,entity_id,source_id,confidence_tier) VALUES ('es_s09_salon_be24e6ac98d07103','seed_run_s09_osm_salons_20260502','organization','org_s09_salon_be24e6ac98d07103','seed_source_osm_salons_ng_20260502','seeded');
INSERT OR IGNORE INTO seed_enrichment (id,seed_run_id,entity_type,entity_id,enrichment_type,enrichment_json) VALUES ('enr_s09_salon_be24e6ac98d07103','seed_run_s09_osm_salons_20260502','organization','org_s09_salon_be24e6ac98d07103','licence_data','{"osm_id": "12281594073", "amenity": "hairdresser", "addr_state": null, "denomination": null, "operator": "private/individual"}');

INSERT OR IGNORE INTO organizations (id,tenant_id,organization_type,legal_name,display_name,registration_number,status,verification_state,created_at,updated_at) VALUES ('org_s09_salon_b60cc8df31f52efc','tenant_platform_seed','beauty_salon','Peace place unisex salon','Peace place unisex salon',NULL,'active','seeded',unixepoch(),unixepoch());
INSERT OR IGNORE INTO profiles (id,subject_id,subject_type,primary_place_id,tenant_id,workspace_id,display_name,created_at,updated_at) VALUES ('prof_s09_salon_b60cc8df31f52efc','org_s09_salon_b60cc8df31f52efc','organization','place_nigeria_001','tenant_platform_seed','workspace_platform_seed_discovery','Peace place unisex salon',unixepoch(),unixepoch());
INSERT OR IGNORE INTO search_entries (id,profile_id,display_name,keywords,ancestry_path,vertical,created_at,updated_at) VALUES ('se_s09_salon_b60cc8df31f52efc','prof_s09_salon_b60cc8df31f52efc','Peace place unisex salon','peace place unisex salon salon barber hair beauty nigeria','place_nigeria_001','beauty_salon',unixepoch(),unixepoch());
INSERT OR IGNORE INTO seed_ingestion_records (id,seed_run_id,entity_type,entity_id,source_id,status) VALUES ('ir_s09_salon_b60cc8df31f52efc','seed_run_s09_osm_salons_20260502','organization','org_s09_salon_b60cc8df31f52efc','seed_source_osm_salons_ng_20260502','ingested');
INSERT OR IGNORE INTO seed_entity_sources (id,seed_run_id,entity_type,entity_id,source_id,confidence_tier) VALUES ('es_s09_salon_b60cc8df31f52efc','seed_run_s09_osm_salons_20260502','organization','org_s09_salon_b60cc8df31f52efc','seed_source_osm_salons_ng_20260502','seeded');
INSERT OR IGNORE INTO seed_enrichment (id,seed_run_id,entity_type,entity_id,enrichment_type,enrichment_json) VALUES ('enr_s09_salon_b60cc8df31f52efc','seed_run_s09_osm_salons_20260502','organization','org_s09_salon_b60cc8df31f52efc','licence_data','{"osm_id": "12281594074", "amenity": "hairdresser", "addr_state": null, "denomination": null, "operator": "private/individual"}');

INSERT OR IGNORE INTO organizations (id,tenant_id,organization_type,legal_name,display_name,registration_number,status,verification_state,created_at,updated_at) VALUES ('org_s09_salon_30709290bc9b6437','tenant_platform_seed','beauty_salon','Beauty signature wig','Beauty signature wig',NULL,'active','seeded',unixepoch(),unixepoch());
INSERT OR IGNORE INTO profiles (id,subject_id,subject_type,primary_place_id,tenant_id,workspace_id,display_name,created_at,updated_at) VALUES ('prof_s09_salon_30709290bc9b6437','org_s09_salon_30709290bc9b6437','organization','place_nigeria_001','tenant_platform_seed','workspace_platform_seed_discovery','Beauty signature wig',unixepoch(),unixepoch());
INSERT OR IGNORE INTO search_entries (id,profile_id,display_name,keywords,ancestry_path,vertical,created_at,updated_at) VALUES ('se_s09_salon_30709290bc9b6437','prof_s09_salon_30709290bc9b6437','Beauty signature wig','beauty signature wig salon barber hair beauty nigeria','place_nigeria_001','beauty_salon',unixepoch(),unixepoch());
INSERT OR IGNORE INTO seed_ingestion_records (id,seed_run_id,entity_type,entity_id,source_id,status) VALUES ('ir_s09_salon_30709290bc9b6437','seed_run_s09_osm_salons_20260502','organization','org_s09_salon_30709290bc9b6437','seed_source_osm_salons_ng_20260502','ingested');
INSERT OR IGNORE INTO seed_entity_sources (id,seed_run_id,entity_type,entity_id,source_id,confidence_tier) VALUES ('es_s09_salon_30709290bc9b6437','seed_run_s09_osm_salons_20260502','organization','org_s09_salon_30709290bc9b6437','seed_source_osm_salons_ng_20260502','seeded');
INSERT OR IGNORE INTO seed_enrichment (id,seed_run_id,entity_type,entity_id,enrichment_type,enrichment_json) VALUES ('enr_s09_salon_30709290bc9b6437','seed_run_s09_osm_salons_20260502','organization','org_s09_salon_30709290bc9b6437','licence_data','{"osm_id": "12281594075", "amenity": "hairdresser", "addr_state": null, "denomination": null, "operator": "private/individual"}');

INSERT OR IGNORE INTO organizations (id,tenant_id,organization_type,legal_name,display_name,registration_number,status,verification_state,created_at,updated_at) VALUES ('org_s09_salon_9a3fe231205d5a35','tenant_platform_seed','beauty_salon','Mgold unisex beauty palace','Mgold unisex beauty palace',NULL,'active','seeded',unixepoch(),unixepoch());
INSERT OR IGNORE INTO profiles (id,subject_id,subject_type,primary_place_id,tenant_id,workspace_id,display_name,created_at,updated_at) VALUES ('prof_s09_salon_9a3fe231205d5a35','org_s09_salon_9a3fe231205d5a35','organization','place_nigeria_001','tenant_platform_seed','workspace_platform_seed_discovery','Mgold unisex beauty palace',unixepoch(),unixepoch());
INSERT OR IGNORE INTO search_entries (id,profile_id,display_name,keywords,ancestry_path,vertical,created_at,updated_at) VALUES ('se_s09_salon_9a3fe231205d5a35','prof_s09_salon_9a3fe231205d5a35','Mgold unisex beauty palace','mgold unisex beauty palace salon barber hair beauty nigeria','place_nigeria_001','beauty_salon',unixepoch(),unixepoch());
INSERT OR IGNORE INTO seed_ingestion_records (id,seed_run_id,entity_type,entity_id,source_id,status) VALUES ('ir_s09_salon_9a3fe231205d5a35','seed_run_s09_osm_salons_20260502','organization','org_s09_salon_9a3fe231205d5a35','seed_source_osm_salons_ng_20260502','ingested');
INSERT OR IGNORE INTO seed_entity_sources (id,seed_run_id,entity_type,entity_id,source_id,confidence_tier) VALUES ('es_s09_salon_9a3fe231205d5a35','seed_run_s09_osm_salons_20260502','organization','org_s09_salon_9a3fe231205d5a35','seed_source_osm_salons_ng_20260502','seeded');
INSERT OR IGNORE INTO seed_enrichment (id,seed_run_id,entity_type,entity_id,enrichment_type,enrichment_json) VALUES ('enr_s09_salon_9a3fe231205d5a35','seed_run_s09_osm_salons_20260502','organization','org_s09_salon_9a3fe231205d5a35','licence_data','{"osm_id": "12281594076", "amenity": "hairdresser", "addr_state": null, "denomination": null, "operator": "private/individual"}');

INSERT OR IGNORE INTO organizations (id,tenant_id,organization_type,legal_name,display_name,registration_number,status,verification_state,created_at,updated_at) VALUES ('org_s09_salon_b9e11475c09fa61a','tenant_platform_seed','beauty_salon','BEE EGAS BEAUTY SALON','BEE EGAS BEAUTY SALON',NULL,'active','seeded',unixepoch(),unixepoch());
INSERT OR IGNORE INTO profiles (id,subject_id,subject_type,primary_place_id,tenant_id,workspace_id,display_name,created_at,updated_at) VALUES ('prof_s09_salon_b9e11475c09fa61a','org_s09_salon_b9e11475c09fa61a','organization','place_nigeria_001','tenant_platform_seed','workspace_platform_seed_discovery','BEE EGAS BEAUTY SALON',unixepoch(),unixepoch());
INSERT OR IGNORE INTO search_entries (id,profile_id,display_name,keywords,ancestry_path,vertical,created_at,updated_at) VALUES ('se_s09_salon_b9e11475c09fa61a','prof_s09_salon_b9e11475c09fa61a','BEE EGAS BEAUTY SALON','bee egas beauty salon salon barber hair beauty nigeria','place_nigeria_001','beauty_salon',unixepoch(),unixepoch());
INSERT OR IGNORE INTO seed_ingestion_records (id,seed_run_id,entity_type,entity_id,source_id,status) VALUES ('ir_s09_salon_b9e11475c09fa61a','seed_run_s09_osm_salons_20260502','organization','org_s09_salon_b9e11475c09fa61a','seed_source_osm_salons_ng_20260502','ingested');
INSERT OR IGNORE INTO seed_entity_sources (id,seed_run_id,entity_type,entity_id,source_id,confidence_tier) VALUES ('es_s09_salon_b9e11475c09fa61a','seed_run_s09_osm_salons_20260502','organization','org_s09_salon_b9e11475c09fa61a','seed_source_osm_salons_ng_20260502','seeded');
INSERT OR IGNORE INTO seed_enrichment (id,seed_run_id,entity_type,entity_id,enrichment_type,enrichment_json) VALUES ('enr_s09_salon_b9e11475c09fa61a','seed_run_s09_osm_salons_20260502','organization','org_s09_salon_b9e11475c09fa61a','licence_data','{"osm_id": "12281594082", "amenity": "hairdresser", "addr_state": null, "denomination": null, "operator": "private/individual"}');

INSERT OR IGNORE INTO organizations (id,tenant_id,organization_type,legal_name,display_name,registration_number,status,verification_state,created_at,updated_at) VALUES ('org_s09_salon_8457248fadd1c303','tenant_platform_seed','beauty_salon','Tersor concept','Tersor concept',NULL,'active','seeded',unixepoch(),unixepoch());
INSERT OR IGNORE INTO profiles (id,subject_id,subject_type,primary_place_id,tenant_id,workspace_id,display_name,created_at,updated_at) VALUES ('prof_s09_salon_8457248fadd1c303','org_s09_salon_8457248fadd1c303','organization','place_nigeria_001','tenant_platform_seed','workspace_platform_seed_discovery','Tersor concept',unixepoch(),unixepoch());
INSERT OR IGNORE INTO search_entries (id,profile_id,display_name,keywords,ancestry_path,vertical,created_at,updated_at) VALUES ('se_s09_salon_8457248fadd1c303','prof_s09_salon_8457248fadd1c303','Tersor concept','tersor concept salon barber hair beauty nigeria','place_nigeria_001','beauty_salon',unixepoch(),unixepoch());
INSERT OR IGNORE INTO seed_ingestion_records (id,seed_run_id,entity_type,entity_id,source_id,status) VALUES ('ir_s09_salon_8457248fadd1c303','seed_run_s09_osm_salons_20260502','organization','org_s09_salon_8457248fadd1c303','seed_source_osm_salons_ng_20260502','ingested');
INSERT OR IGNORE INTO seed_entity_sources (id,seed_run_id,entity_type,entity_id,source_id,confidence_tier) VALUES ('es_s09_salon_8457248fadd1c303','seed_run_s09_osm_salons_20260502','organization','org_s09_salon_8457248fadd1c303','seed_source_osm_salons_ng_20260502','seeded');
INSERT OR IGNORE INTO seed_enrichment (id,seed_run_id,entity_type,entity_id,enrichment_type,enrichment_json) VALUES ('enr_s09_salon_8457248fadd1c303','seed_run_s09_osm_salons_20260502','organization','org_s09_salon_8457248fadd1c303','licence_data','{"osm_id": "12281594089", "amenity": "hairdresser", "addr_state": null, "denomination": null, "operator": "private/individual"}');

INSERT OR IGNORE INTO organizations (id,tenant_id,organization_type,legal_name,display_name,registration_number,status,verification_state,created_at,updated_at) VALUES ('org_s09_salon_d3fbd55c21fc772c','tenant_platform_seed','beauty_salon','Precious Beauty Place','Precious Beauty Place',NULL,'active','seeded',unixepoch(),unixepoch());
INSERT OR IGNORE INTO profiles (id,subject_id,subject_type,primary_place_id,tenant_id,workspace_id,display_name,created_at,updated_at) VALUES ('prof_s09_salon_d3fbd55c21fc772c','org_s09_salon_d3fbd55c21fc772c','organization','place_nigeria_001','tenant_platform_seed','workspace_platform_seed_discovery','Precious Beauty Place',unixepoch(),unixepoch());
INSERT OR IGNORE INTO search_entries (id,profile_id,display_name,keywords,ancestry_path,vertical,created_at,updated_at) VALUES ('se_s09_salon_d3fbd55c21fc772c','prof_s09_salon_d3fbd55c21fc772c','Precious Beauty Place','precious beauty place salon barber hair beauty nigeria','place_nigeria_001','beauty_salon',unixepoch(),unixepoch());
INSERT OR IGNORE INTO seed_ingestion_records (id,seed_run_id,entity_type,entity_id,source_id,status) VALUES ('ir_s09_salon_d3fbd55c21fc772c','seed_run_s09_osm_salons_20260502','organization','org_s09_salon_d3fbd55c21fc772c','seed_source_osm_salons_ng_20260502','ingested');
INSERT OR IGNORE INTO seed_entity_sources (id,seed_run_id,entity_type,entity_id,source_id,confidence_tier) VALUES ('es_s09_salon_d3fbd55c21fc772c','seed_run_s09_osm_salons_20260502','organization','org_s09_salon_d3fbd55c21fc772c','seed_source_osm_salons_ng_20260502','seeded');
INSERT OR IGNORE INTO seed_enrichment (id,seed_run_id,entity_type,entity_id,enrichment_type,enrichment_json) VALUES ('enr_s09_salon_d3fbd55c21fc772c','seed_run_s09_osm_salons_20260502','organization','org_s09_salon_d3fbd55c21fc772c','licence_data','{"osm_id": "12281594092", "amenity": "hairdresser", "addr_state": null, "denomination": null, "operator": "private/individual"}');

INSERT OR IGNORE INTO organizations (id,tenant_id,organization_type,legal_name,display_name,registration_number,status,verification_state,created_at,updated_at) VALUES ('org_s09_salon_10a6af5527505317','tenant_platform_seed','beauty_salon','Tbarbs Cutz','Tbarbs Cutz',NULL,'active','seeded',unixepoch(),unixepoch());
INSERT OR IGNORE INTO profiles (id,subject_id,subject_type,primary_place_id,tenant_id,workspace_id,display_name,created_at,updated_at) VALUES ('prof_s09_salon_10a6af5527505317','org_s09_salon_10a6af5527505317','organization','place_nigeria_001','tenant_platform_seed','workspace_platform_seed_discovery','Tbarbs Cutz',unixepoch(),unixepoch());
INSERT OR IGNORE INTO search_entries (id,profile_id,display_name,keywords,ancestry_path,vertical,created_at,updated_at) VALUES ('se_s09_salon_10a6af5527505317','prof_s09_salon_10a6af5527505317','Tbarbs Cutz','tbarbs cutz salon barber hair beauty nigeria','place_nigeria_001','beauty_salon',unixepoch(),unixepoch());
INSERT OR IGNORE INTO seed_ingestion_records (id,seed_run_id,entity_type,entity_id,source_id,status) VALUES ('ir_s09_salon_10a6af5527505317','seed_run_s09_osm_salons_20260502','organization','org_s09_salon_10a6af5527505317','seed_source_osm_salons_ng_20260502','ingested');
INSERT OR IGNORE INTO seed_entity_sources (id,seed_run_id,entity_type,entity_id,source_id,confidence_tier) VALUES ('es_s09_salon_10a6af5527505317','seed_run_s09_osm_salons_20260502','organization','org_s09_salon_10a6af5527505317','seed_source_osm_salons_ng_20260502','seeded');
INSERT OR IGNORE INTO seed_enrichment (id,seed_run_id,entity_type,entity_id,enrichment_type,enrichment_json) VALUES ('enr_s09_salon_10a6af5527505317','seed_run_s09_osm_salons_20260502','organization','org_s09_salon_10a6af5527505317','licence_data','{"osm_id": "12281594093", "amenity": "hairdresser", "addr_state": null, "denomination": null, "operator": "private/individual"}');

INSERT OR IGNORE INTO organizations (id,tenant_id,organization_type,legal_name,display_name,registration_number,status,verification_state,created_at,updated_at) VALUES ('org_s09_salon_f26f11121fef8946','tenant_platform_seed','beauty_salon','Hair concept','Hair concept',NULL,'active','seeded',unixepoch(),unixepoch());
INSERT OR IGNORE INTO profiles (id,subject_id,subject_type,primary_place_id,tenant_id,workspace_id,display_name,created_at,updated_at) VALUES ('prof_s09_salon_f26f11121fef8946','org_s09_salon_f26f11121fef8946','organization','place_nigeria_001','tenant_platform_seed','workspace_platform_seed_discovery','Hair concept',unixepoch(),unixepoch());
INSERT OR IGNORE INTO search_entries (id,profile_id,display_name,keywords,ancestry_path,vertical,created_at,updated_at) VALUES ('se_s09_salon_f26f11121fef8946','prof_s09_salon_f26f11121fef8946','Hair concept','hair concept salon barber hair beauty nigeria','place_nigeria_001','beauty_salon',unixepoch(),unixepoch());
INSERT OR IGNORE INTO seed_ingestion_records (id,seed_run_id,entity_type,entity_id,source_id,status) VALUES ('ir_s09_salon_f26f11121fef8946','seed_run_s09_osm_salons_20260502','organization','org_s09_salon_f26f11121fef8946','seed_source_osm_salons_ng_20260502','ingested');
INSERT OR IGNORE INTO seed_entity_sources (id,seed_run_id,entity_type,entity_id,source_id,confidence_tier) VALUES ('es_s09_salon_f26f11121fef8946','seed_run_s09_osm_salons_20260502','organization','org_s09_salon_f26f11121fef8946','seed_source_osm_salons_ng_20260502','seeded');
INSERT OR IGNORE INTO seed_enrichment (id,seed_run_id,entity_type,entity_id,enrichment_type,enrichment_json) VALUES ('enr_s09_salon_f26f11121fef8946','seed_run_s09_osm_salons_20260502','organization','org_s09_salon_f26f11121fef8946','licence_data','{"osm_id": "12281594094", "amenity": "hairdresser", "addr_state": null, "denomination": null, "operator": "private/individual"}');

INSERT OR IGNORE INTO organizations (id,tenant_id,organization_type,legal_name,display_name,registration_number,status,verification_state,created_at,updated_at) VALUES ('org_s09_salon_2d79ecf81fe285a5','tenant_platform_seed','beauty_salon','Yahoo Barber','Yahoo Barber',NULL,'active','seeded',unixepoch(),unixepoch());
INSERT OR IGNORE INTO profiles (id,subject_id,subject_type,primary_place_id,tenant_id,workspace_id,display_name,created_at,updated_at) VALUES ('prof_s09_salon_2d79ecf81fe285a5','org_s09_salon_2d79ecf81fe285a5','organization','place_nigeria_001','tenant_platform_seed','workspace_platform_seed_discovery','Yahoo Barber',unixepoch(),unixepoch());
INSERT OR IGNORE INTO search_entries (id,profile_id,display_name,keywords,ancestry_path,vertical,created_at,updated_at) VALUES ('se_s09_salon_2d79ecf81fe285a5','prof_s09_salon_2d79ecf81fe285a5','Yahoo Barber','yahoo barber salon barber hair beauty nigeria','place_nigeria_001','beauty_salon',unixepoch(),unixepoch());
INSERT OR IGNORE INTO seed_ingestion_records (id,seed_run_id,entity_type,entity_id,source_id,status) VALUES ('ir_s09_salon_2d79ecf81fe285a5','seed_run_s09_osm_salons_20260502','organization','org_s09_salon_2d79ecf81fe285a5','seed_source_osm_salons_ng_20260502','ingested');
INSERT OR IGNORE INTO seed_entity_sources (id,seed_run_id,entity_type,entity_id,source_id,confidence_tier) VALUES ('es_s09_salon_2d79ecf81fe285a5','seed_run_s09_osm_salons_20260502','organization','org_s09_salon_2d79ecf81fe285a5','seed_source_osm_salons_ng_20260502','seeded');
INSERT OR IGNORE INTO seed_enrichment (id,seed_run_id,entity_type,entity_id,enrichment_type,enrichment_json) VALUES ('enr_s09_salon_2d79ecf81fe285a5','seed_run_s09_osm_salons_20260502','organization','org_s09_salon_2d79ecf81fe285a5','licence_data','{"osm_id": "12281594095", "amenity": "hairdresser", "addr_state": null, "denomination": null, "operator": "private/individual"}');

INSERT OR IGNORE INTO organizations (id,tenant_id,organization_type,legal_name,display_name,registration_number,status,verification_state,created_at,updated_at) VALUES ('org_s09_salon_88fd0d5b951c1def','tenant_platform_seed','beauty_salon','Kiki''s empire cutz','Kiki''s empire cutz',NULL,'active','seeded',unixepoch(),unixepoch());
INSERT OR IGNORE INTO profiles (id,subject_id,subject_type,primary_place_id,tenant_id,workspace_id,display_name,created_at,updated_at) VALUES ('prof_s09_salon_88fd0d5b951c1def','org_s09_salon_88fd0d5b951c1def','organization','place_nigeria_001','tenant_platform_seed','workspace_platform_seed_discovery','Kiki''s empire cutz',unixepoch(),unixepoch());
INSERT OR IGNORE INTO search_entries (id,profile_id,display_name,keywords,ancestry_path,vertical,created_at,updated_at) VALUES ('se_s09_salon_88fd0d5b951c1def','prof_s09_salon_88fd0d5b951c1def','Kiki''s empire cutz','kiki''s empire cutz salon barber hair beauty nigeria','place_nigeria_001','beauty_salon',unixepoch(),unixepoch());
INSERT OR IGNORE INTO seed_ingestion_records (id,seed_run_id,entity_type,entity_id,source_id,status) VALUES ('ir_s09_salon_88fd0d5b951c1def','seed_run_s09_osm_salons_20260502','organization','org_s09_salon_88fd0d5b951c1def','seed_source_osm_salons_ng_20260502','ingested');
INSERT OR IGNORE INTO seed_entity_sources (id,seed_run_id,entity_type,entity_id,source_id,confidence_tier) VALUES ('es_s09_salon_88fd0d5b951c1def','seed_run_s09_osm_salons_20260502','organization','org_s09_salon_88fd0d5b951c1def','seed_source_osm_salons_ng_20260502','seeded');
INSERT OR IGNORE INTO seed_enrichment (id,seed_run_id,entity_type,entity_id,enrichment_type,enrichment_json) VALUES ('enr_s09_salon_88fd0d5b951c1def','seed_run_s09_osm_salons_20260502','organization','org_s09_salon_88fd0d5b951c1def','licence_data','{"osm_id": "12281594096", "amenity": "hairdresser", "addr_state": null, "denomination": null, "operator": "private/individual"}');

INSERT OR IGNORE INTO organizations (id,tenant_id,organization_type,legal_name,display_name,registration_number,status,verification_state,created_at,updated_at) VALUES ('org_s09_salon_3ec25e4ee314d6be','tenant_platform_seed','beauty_salon','Omoluabi','Omoluabi',NULL,'active','seeded',unixepoch(),unixepoch());
INSERT OR IGNORE INTO profiles (id,subject_id,subject_type,primary_place_id,tenant_id,workspace_id,display_name,created_at,updated_at) VALUES ('prof_s09_salon_3ec25e4ee314d6be','org_s09_salon_3ec25e4ee314d6be','organization','place_nigeria_001','tenant_platform_seed','workspace_platform_seed_discovery','Omoluabi',unixepoch(),unixepoch());
INSERT OR IGNORE INTO search_entries (id,profile_id,display_name,keywords,ancestry_path,vertical,created_at,updated_at) VALUES ('se_s09_salon_3ec25e4ee314d6be','prof_s09_salon_3ec25e4ee314d6be','Omoluabi','omoluabi salon barber hair beauty nigeria','place_nigeria_001','beauty_salon',unixepoch(),unixepoch());
INSERT OR IGNORE INTO seed_ingestion_records (id,seed_run_id,entity_type,entity_id,source_id,status) VALUES ('ir_s09_salon_3ec25e4ee314d6be','seed_run_s09_osm_salons_20260502','organization','org_s09_salon_3ec25e4ee314d6be','seed_source_osm_salons_ng_20260502','ingested');
INSERT OR IGNORE INTO seed_entity_sources (id,seed_run_id,entity_type,entity_id,source_id,confidence_tier) VALUES ('es_s09_salon_3ec25e4ee314d6be','seed_run_s09_osm_salons_20260502','organization','org_s09_salon_3ec25e4ee314d6be','seed_source_osm_salons_ng_20260502','seeded');
INSERT OR IGNORE INTO seed_enrichment (id,seed_run_id,entity_type,entity_id,enrichment_type,enrichment_json) VALUES ('enr_s09_salon_3ec25e4ee314d6be','seed_run_s09_osm_salons_20260502','organization','org_s09_salon_3ec25e4ee314d6be','licence_data','{"osm_id": "12281594097", "amenity": "hairdresser", "addr_state": null, "denomination": null, "operator": "private/individual"}');

INSERT OR IGNORE INTO organizations (id,tenant_id,organization_type,legal_name,display_name,registration_number,status,verification_state,created_at,updated_at) VALUES ('org_s09_salon_825d85148d899392','tenant_platform_seed','beauty_salon','Kazo','Kazo',NULL,'active','seeded',unixepoch(),unixepoch());
INSERT OR IGNORE INTO profiles (id,subject_id,subject_type,primary_place_id,tenant_id,workspace_id,display_name,created_at,updated_at) VALUES ('prof_s09_salon_825d85148d899392','org_s09_salon_825d85148d899392','organization','place_nigeria_001','tenant_platform_seed','workspace_platform_seed_discovery','Kazo',unixepoch(),unixepoch());
INSERT OR IGNORE INTO search_entries (id,profile_id,display_name,keywords,ancestry_path,vertical,created_at,updated_at) VALUES ('se_s09_salon_825d85148d899392','prof_s09_salon_825d85148d899392','Kazo','kazo salon barber hair beauty nigeria','place_nigeria_001','beauty_salon',unixepoch(),unixepoch());
INSERT OR IGNORE INTO seed_ingestion_records (id,seed_run_id,entity_type,entity_id,source_id,status) VALUES ('ir_s09_salon_825d85148d899392','seed_run_s09_osm_salons_20260502','organization','org_s09_salon_825d85148d899392','seed_source_osm_salons_ng_20260502','ingested');
INSERT OR IGNORE INTO seed_entity_sources (id,seed_run_id,entity_type,entity_id,source_id,confidence_tier) VALUES ('es_s09_salon_825d85148d899392','seed_run_s09_osm_salons_20260502','organization','org_s09_salon_825d85148d899392','seed_source_osm_salons_ng_20260502','seeded');
INSERT OR IGNORE INTO seed_enrichment (id,seed_run_id,entity_type,entity_id,enrichment_type,enrichment_json) VALUES ('enr_s09_salon_825d85148d899392','seed_run_s09_osm_salons_20260502','organization','org_s09_salon_825d85148d899392','licence_data','{"osm_id": "12281594098", "amenity": "hairdresser", "addr_state": null, "denomination": null, "operator": "private/individual"}');

INSERT OR IGNORE INTO organizations (id,tenant_id,organization_type,legal_name,display_name,registration_number,status,verification_state,created_at,updated_at) VALUES ('org_s09_salon_c56d4f76333b8922','tenant_platform_seed','beauty_salon','Tb unisex salon','Tb unisex salon',NULL,'active','seeded',unixepoch(),unixepoch());
INSERT OR IGNORE INTO profiles (id,subject_id,subject_type,primary_place_id,tenant_id,workspace_id,display_name,created_at,updated_at) VALUES ('prof_s09_salon_c56d4f76333b8922','org_s09_salon_c56d4f76333b8922','organization','place_nigeria_001','tenant_platform_seed','workspace_platform_seed_discovery','Tb unisex salon',unixepoch(),unixepoch());
INSERT OR IGNORE INTO search_entries (id,profile_id,display_name,keywords,ancestry_path,vertical,created_at,updated_at) VALUES ('se_s09_salon_c56d4f76333b8922','prof_s09_salon_c56d4f76333b8922','Tb unisex salon','tb unisex salon salon barber hair beauty nigeria','place_nigeria_001','beauty_salon',unixepoch(),unixepoch());
INSERT OR IGNORE INTO seed_ingestion_records (id,seed_run_id,entity_type,entity_id,source_id,status) VALUES ('ir_s09_salon_c56d4f76333b8922','seed_run_s09_osm_salons_20260502','organization','org_s09_salon_c56d4f76333b8922','seed_source_osm_salons_ng_20260502','ingested');
INSERT OR IGNORE INTO seed_entity_sources (id,seed_run_id,entity_type,entity_id,source_id,confidence_tier) VALUES ('es_s09_salon_c56d4f76333b8922','seed_run_s09_osm_salons_20260502','organization','org_s09_salon_c56d4f76333b8922','seed_source_osm_salons_ng_20260502','seeded');
INSERT OR IGNORE INTO seed_enrichment (id,seed_run_id,entity_type,entity_id,enrichment_type,enrichment_json) VALUES ('enr_s09_salon_c56d4f76333b8922','seed_run_s09_osm_salons_20260502','organization','org_s09_salon_c56d4f76333b8922','licence_data','{"osm_id": "12281594099", "amenity": "hairdresser", "addr_state": null, "denomination": null, "operator": "private/individual"}');

INSERT OR IGNORE INTO organizations (id,tenant_id,organization_type,legal_name,display_name,registration_number,status,verification_state,created_at,updated_at) VALUES ('org_s09_salon_4e4a04061a12e76e','tenant_platform_seed','beauty_salon','JAY YOUNG UNISEX SALON','JAY YOUNG UNISEX SALON',NULL,'active','seeded',unixepoch(),unixepoch());
INSERT OR IGNORE INTO profiles (id,subject_id,subject_type,primary_place_id,tenant_id,workspace_id,display_name,created_at,updated_at) VALUES ('prof_s09_salon_4e4a04061a12e76e','org_s09_salon_4e4a04061a12e76e','organization','place_nigeria_001','tenant_platform_seed','workspace_platform_seed_discovery','JAY YOUNG UNISEX SALON',unixepoch(),unixepoch());
INSERT OR IGNORE INTO search_entries (id,profile_id,display_name,keywords,ancestry_path,vertical,created_at,updated_at) VALUES ('se_s09_salon_4e4a04061a12e76e','prof_s09_salon_4e4a04061a12e76e','JAY YOUNG UNISEX SALON','jay young unisex salon salon barber hair beauty nigeria','place_nigeria_001','beauty_salon',unixepoch(),unixepoch());
INSERT OR IGNORE INTO seed_ingestion_records (id,seed_run_id,entity_type,entity_id,source_id,status) VALUES ('ir_s09_salon_4e4a04061a12e76e','seed_run_s09_osm_salons_20260502','organization','org_s09_salon_4e4a04061a12e76e','seed_source_osm_salons_ng_20260502','ingested');
INSERT OR IGNORE INTO seed_entity_sources (id,seed_run_id,entity_type,entity_id,source_id,confidence_tier) VALUES ('es_s09_salon_4e4a04061a12e76e','seed_run_s09_osm_salons_20260502','organization','org_s09_salon_4e4a04061a12e76e','seed_source_osm_salons_ng_20260502','seeded');
INSERT OR IGNORE INTO seed_enrichment (id,seed_run_id,entity_type,entity_id,enrichment_type,enrichment_json) VALUES ('enr_s09_salon_4e4a04061a12e76e','seed_run_s09_osm_salons_20260502','organization','org_s09_salon_4e4a04061a12e76e','licence_data','{"osm_id": "12282795080", "amenity": "beauty", "addr_state": null, "denomination": null, "operator": "private/ individual"}');

INSERT OR IGNORE INTO organizations (id,tenant_id,organization_type,legal_name,display_name,registration_number,status,verification_state,created_at,updated_at) VALUES ('org_s09_salon_92caf403b1c4d3ea','tenant_platform_seed','beauty_salon','Mide Star Empire','Mide Star Empire',NULL,'active','seeded',unixepoch(),unixepoch());
INSERT OR IGNORE INTO profiles (id,subject_id,subject_type,primary_place_id,tenant_id,workspace_id,display_name,created_at,updated_at) VALUES ('prof_s09_salon_92caf403b1c4d3ea','org_s09_salon_92caf403b1c4d3ea','organization','place_nigeria_001','tenant_platform_seed','workspace_platform_seed_discovery','Mide Star Empire',unixepoch(),unixepoch());
INSERT OR IGNORE INTO search_entries (id,profile_id,display_name,keywords,ancestry_path,vertical,created_at,updated_at) VALUES ('se_s09_salon_92caf403b1c4d3ea','prof_s09_salon_92caf403b1c4d3ea','Mide Star Empire','mide star empire salon barber hair beauty nigeria','place_nigeria_001','beauty_salon',unixepoch(),unixepoch());
INSERT OR IGNORE INTO seed_ingestion_records (id,seed_run_id,entity_type,entity_id,source_id,status) VALUES ('ir_s09_salon_92caf403b1c4d3ea','seed_run_s09_osm_salons_20260502','organization','org_s09_salon_92caf403b1c4d3ea','seed_source_osm_salons_ng_20260502','ingested');
INSERT OR IGNORE INTO seed_entity_sources (id,seed_run_id,entity_type,entity_id,source_id,confidence_tier) VALUES ('es_s09_salon_92caf403b1c4d3ea','seed_run_s09_osm_salons_20260502','organization','org_s09_salon_92caf403b1c4d3ea','seed_source_osm_salons_ng_20260502','seeded');
INSERT OR IGNORE INTO seed_enrichment (id,seed_run_id,entity_type,entity_id,enrichment_type,enrichment_json) VALUES ('enr_s09_salon_92caf403b1c4d3ea','seed_run_s09_osm_salons_20260502','organization','org_s09_salon_92caf403b1c4d3ea','licence_data','{"osm_id": "12282795081", "amenity": "hairdresser", "addr_state": null, "denomination": null, "operator": "private/ individual"}');

INSERT OR IGNORE INTO organizations (id,tenant_id,organization_type,legal_name,display_name,registration_number,status,verification_state,created_at,updated_at) VALUES ('org_s09_salon_a47c11ad1374d475','tenant_platform_seed','beauty_salon','Beauty by bukky','Beauty by bukky',NULL,'active','seeded',unixepoch(),unixepoch());
INSERT OR IGNORE INTO profiles (id,subject_id,subject_type,primary_place_id,tenant_id,workspace_id,display_name,created_at,updated_at) VALUES ('prof_s09_salon_a47c11ad1374d475','org_s09_salon_a47c11ad1374d475','organization','place_nigeria_001','tenant_platform_seed','workspace_platform_seed_discovery','Beauty by bukky',unixepoch(),unixepoch());
INSERT OR IGNORE INTO search_entries (id,profile_id,display_name,keywords,ancestry_path,vertical,created_at,updated_at) VALUES ('se_s09_salon_a47c11ad1374d475','prof_s09_salon_a47c11ad1374d475','Beauty by bukky','beauty by bukky salon barber hair beauty nigeria','place_nigeria_001','beauty_salon',unixepoch(),unixepoch());
INSERT OR IGNORE INTO seed_ingestion_records (id,seed_run_id,entity_type,entity_id,source_id,status) VALUES ('ir_s09_salon_a47c11ad1374d475','seed_run_s09_osm_salons_20260502','organization','org_s09_salon_a47c11ad1374d475','seed_source_osm_salons_ng_20260502','ingested');
INSERT OR IGNORE INTO seed_entity_sources (id,seed_run_id,entity_type,entity_id,source_id,confidence_tier) VALUES ('es_s09_salon_a47c11ad1374d475','seed_run_s09_osm_salons_20260502','organization','org_s09_salon_a47c11ad1374d475','seed_source_osm_salons_ng_20260502','seeded');
INSERT OR IGNORE INTO seed_enrichment (id,seed_run_id,entity_type,entity_id,enrichment_type,enrichment_json) VALUES ('enr_s09_salon_a47c11ad1374d475','seed_run_s09_osm_salons_20260502','organization','org_s09_salon_a47c11ad1374d475','licence_data','{"osm_id": "12282795082", "amenity": "beauty", "addr_state": null, "denomination": null, "operator": "private/ individual"}');

INSERT OR IGNORE INTO organizations (id,tenant_id,organization_type,legal_name,display_name,registration_number,status,verification_state,created_at,updated_at) VALUES ('org_s09_salon_6ba04e5feaa12a85','tenant_platform_seed','beauty_salon','Salon','Salon',NULL,'active','seeded',unixepoch(),unixepoch());
INSERT OR IGNORE INTO profiles (id,subject_id,subject_type,primary_place_id,tenant_id,workspace_id,display_name,created_at,updated_at) VALUES ('prof_s09_salon_6ba04e5feaa12a85','org_s09_salon_6ba04e5feaa12a85','organization','place_nigeria_001','tenant_platform_seed','workspace_platform_seed_discovery','Salon',unixepoch(),unixepoch());
INSERT OR IGNORE INTO search_entries (id,profile_id,display_name,keywords,ancestry_path,vertical,created_at,updated_at) VALUES ('se_s09_salon_6ba04e5feaa12a85','prof_s09_salon_6ba04e5feaa12a85','Salon','salon salon barber hair beauty nigeria','place_nigeria_001','beauty_salon',unixepoch(),unixepoch());
INSERT OR IGNORE INTO seed_ingestion_records (id,seed_run_id,entity_type,entity_id,source_id,status) VALUES ('ir_s09_salon_6ba04e5feaa12a85','seed_run_s09_osm_salons_20260502','organization','org_s09_salon_6ba04e5feaa12a85','seed_source_osm_salons_ng_20260502','ingested');
INSERT OR IGNORE INTO seed_entity_sources (id,seed_run_id,entity_type,entity_id,source_id,confidence_tier) VALUES ('es_s09_salon_6ba04e5feaa12a85','seed_run_s09_osm_salons_20260502','organization','org_s09_salon_6ba04e5feaa12a85','seed_source_osm_salons_ng_20260502','seeded');
INSERT OR IGNORE INTO seed_enrichment (id,seed_run_id,entity_type,entity_id,enrichment_type,enrichment_json) VALUES ('enr_s09_salon_6ba04e5feaa12a85','seed_run_s09_osm_salons_20260502','organization','org_s09_salon_6ba04e5feaa12a85','licence_data','{"osm_id": "12282795083", "amenity": "hairdresser", "addr_state": null, "denomination": null, "operator": "private/ individual"}');

INSERT OR IGNORE INTO organizations (id,tenant_id,organization_type,legal_name,display_name,registration_number,status,verification_state,created_at,updated_at) VALUES ('org_s09_salon_46eded7485496626','tenant_platform_seed','beauty_salon','Duke and Duchess','Duke and Duchess',NULL,'active','seeded',unixepoch(),unixepoch());
INSERT OR IGNORE INTO profiles (id,subject_id,subject_type,primary_place_id,tenant_id,workspace_id,display_name,created_at,updated_at) VALUES ('prof_s09_salon_46eded7485496626','org_s09_salon_46eded7485496626','organization','place_nigeria_001','tenant_platform_seed','workspace_platform_seed_discovery','Duke and Duchess',unixepoch(),unixepoch());
INSERT OR IGNORE INTO search_entries (id,profile_id,display_name,keywords,ancestry_path,vertical,created_at,updated_at) VALUES ('se_s09_salon_46eded7485496626','prof_s09_salon_46eded7485496626','Duke and Duchess','duke and duchess salon barber hair beauty nigeria','place_nigeria_001','beauty_salon',unixepoch(),unixepoch());
INSERT OR IGNORE INTO seed_ingestion_records (id,seed_run_id,entity_type,entity_id,source_id,status) VALUES ('ir_s09_salon_46eded7485496626','seed_run_s09_osm_salons_20260502','organization','org_s09_salon_46eded7485496626','seed_source_osm_salons_ng_20260502','ingested');
INSERT OR IGNORE INTO seed_entity_sources (id,seed_run_id,entity_type,entity_id,source_id,confidence_tier) VALUES ('es_s09_salon_46eded7485496626','seed_run_s09_osm_salons_20260502','organization','org_s09_salon_46eded7485496626','seed_source_osm_salons_ng_20260502','seeded');
INSERT OR IGNORE INTO seed_enrichment (id,seed_run_id,entity_type,entity_id,enrichment_type,enrichment_json) VALUES ('enr_s09_salon_46eded7485496626','seed_run_s09_osm_salons_20260502','organization','org_s09_salon_46eded7485496626','licence_data','{"osm_id": "12469070062", "amenity": "hairdresser", "addr_state": null, "denomination": null, "operator": null}');

INSERT OR IGNORE INTO organizations (id,tenant_id,organization_type,legal_name,display_name,registration_number,status,verification_state,created_at,updated_at) VALUES ('org_s09_salon_24d9e35c4e481f99','tenant_platform_seed','beauty_salon','Gideon''s Barber Shop','Gideon''s Barber Shop',NULL,'active','seeded',unixepoch(),unixepoch());
INSERT OR IGNORE INTO profiles (id,subject_id,subject_type,primary_place_id,tenant_id,workspace_id,display_name,created_at,updated_at) VALUES ('prof_s09_salon_24d9e35c4e481f99','org_s09_salon_24d9e35c4e481f99','organization','place_nigeria_001','tenant_platform_seed','workspace_platform_seed_discovery','Gideon''s Barber Shop',unixepoch(),unixepoch());
INSERT OR IGNORE INTO search_entries (id,profile_id,display_name,keywords,ancestry_path,vertical,created_at,updated_at) VALUES ('se_s09_salon_24d9e35c4e481f99','prof_s09_salon_24d9e35c4e481f99','Gideon''s Barber Shop','gideon''s barber shop salon barber hair beauty nigeria','place_nigeria_001','beauty_salon',unixepoch(),unixepoch());
INSERT OR IGNORE INTO seed_ingestion_records (id,seed_run_id,entity_type,entity_id,source_id,status) VALUES ('ir_s09_salon_24d9e35c4e481f99','seed_run_s09_osm_salons_20260502','organization','org_s09_salon_24d9e35c4e481f99','seed_source_osm_salons_ng_20260502','ingested');
INSERT OR IGNORE INTO seed_entity_sources (id,seed_run_id,entity_type,entity_id,source_id,confidence_tier) VALUES ('es_s09_salon_24d9e35c4e481f99','seed_run_s09_osm_salons_20260502','organization','org_s09_salon_24d9e35c4e481f99','seed_source_osm_salons_ng_20260502','seeded');
INSERT OR IGNORE INTO seed_enrichment (id,seed_run_id,entity_type,entity_id,enrichment_type,enrichment_json) VALUES ('enr_s09_salon_24d9e35c4e481f99','seed_run_s09_osm_salons_20260502','organization','org_s09_salon_24d9e35c4e481f99','licence_data','{"osm_id": "12988238391", "amenity": "hairdresser", "addr_state": null, "denomination": null, "operator": "Gideon''s Barber Shop"}');

INSERT OR IGNORE INTO organizations (id,tenant_id,organization_type,legal_name,display_name,registration_number,status,verification_state,created_at,updated_at) VALUES ('org_s09_salon_0675041850c16d7c','tenant_platform_seed','beauty_salon','Take Beauty Salon, Tipper Garage Road, Ilorin, Nigeria','Take Beauty Salon, Tipper Garage Road, Ilorin, Nigeria',NULL,'active','seeded',unixepoch(),unixepoch());
INSERT OR IGNORE INTO profiles (id,subject_id,subject_type,primary_place_id,tenant_id,workspace_id,display_name,created_at,updated_at) VALUES ('prof_s09_salon_0675041850c16d7c','org_s09_salon_0675041850c16d7c','organization','place_nigeria_001','tenant_platform_seed','workspace_platform_seed_discovery','Take Beauty Salon, Tipper Garage Road, Ilorin, Nigeria',unixepoch(),unixepoch());
INSERT OR IGNORE INTO search_entries (id,profile_id,display_name,keywords,ancestry_path,vertical,created_at,updated_at) VALUES ('se_s09_salon_0675041850c16d7c','prof_s09_salon_0675041850c16d7c','Take Beauty Salon, Tipper Garage Road, Ilorin, Nigeria','take beauty salon, tipper garage road, ilorin, nigeria salon barber hair beauty nigeria','place_nigeria_001','beauty_salon',unixepoch(),unixepoch());
INSERT OR IGNORE INTO seed_ingestion_records (id,seed_run_id,entity_type,entity_id,source_id,status) VALUES ('ir_s09_salon_0675041850c16d7c','seed_run_s09_osm_salons_20260502','organization','org_s09_salon_0675041850c16d7c','seed_source_osm_salons_ng_20260502','ingested');
INSERT OR IGNORE INTO seed_entity_sources (id,seed_run_id,entity_type,entity_id,source_id,confidence_tier) VALUES ('es_s09_salon_0675041850c16d7c','seed_run_s09_osm_salons_20260502','organization','org_s09_salon_0675041850c16d7c','seed_source_osm_salons_ng_20260502','seeded');
INSERT OR IGNORE INTO seed_enrichment (id,seed_run_id,entity_type,entity_id,enrichment_type,enrichment_json) VALUES ('enr_s09_salon_0675041850c16d7c','seed_run_s09_osm_salons_20260502','organization','org_s09_salon_0675041850c16d7c','licence_data','{"osm_id": "13047974717", "amenity": "hairdresser", "addr_state": null, "denomination": null, "operator": null}');

INSERT OR IGNORE INTO organizations (id,tenant_id,organization_type,legal_name,display_name,registration_number,status,verification_state,created_at,updated_at) VALUES ('org_s09_salon_3d532d879ae6b89d','tenant_platform_seed','beauty_salon','Beauty By Caesignatures','Beauty By Caesignatures',NULL,'active','seeded',unixepoch(),unixepoch());
INSERT OR IGNORE INTO profiles (id,subject_id,subject_type,primary_place_id,tenant_id,workspace_id,display_name,created_at,updated_at) VALUES ('prof_s09_salon_3d532d879ae6b89d','org_s09_salon_3d532d879ae6b89d','organization','place_nigeria_001','tenant_platform_seed','workspace_platform_seed_discovery','Beauty By Caesignatures',unixepoch(),unixepoch());
INSERT OR IGNORE INTO search_entries (id,profile_id,display_name,keywords,ancestry_path,vertical,created_at,updated_at) VALUES ('se_s09_salon_3d532d879ae6b89d','prof_s09_salon_3d532d879ae6b89d','Beauty By Caesignatures','beauty by caesignatures salon barber hair beauty nigeria','place_nigeria_001','beauty_salon',unixepoch(),unixepoch());
INSERT OR IGNORE INTO seed_ingestion_records (id,seed_run_id,entity_type,entity_id,source_id,status) VALUES ('ir_s09_salon_3d532d879ae6b89d','seed_run_s09_osm_salons_20260502','organization','org_s09_salon_3d532d879ae6b89d','seed_source_osm_salons_ng_20260502','ingested');
INSERT OR IGNORE INTO seed_entity_sources (id,seed_run_id,entity_type,entity_id,source_id,confidence_tier) VALUES ('es_s09_salon_3d532d879ae6b89d','seed_run_s09_osm_salons_20260502','organization','org_s09_salon_3d532d879ae6b89d','seed_source_osm_salons_ng_20260502','seeded');
INSERT OR IGNORE INTO seed_enrichment (id,seed_run_id,entity_type,entity_id,enrichment_type,enrichment_json) VALUES ('enr_s09_salon_3d532d879ae6b89d','seed_run_s09_osm_salons_20260502','organization','org_s09_salon_3d532d879ae6b89d','licence_data','{"osm_id": "13328352836", "amenity": "beauty", "addr_state": null, "denomination": null, "operator": null}');

INSERT OR IGNORE INTO organizations (id,tenant_id,organization_type,legal_name,display_name,registration_number,status,verification_state,created_at,updated_at) VALUES ('org_s09_salon_749a941e1041c46e','tenant_platform_seed','beauty_salon','Diamond Barbing Saloon','Diamond Barbing Saloon',NULL,'active','seeded',unixepoch(),unixepoch());
INSERT OR IGNORE INTO profiles (id,subject_id,subject_type,primary_place_id,tenant_id,workspace_id,display_name,created_at,updated_at) VALUES ('prof_s09_salon_749a941e1041c46e','org_s09_salon_749a941e1041c46e','organization','place_nigeria_001','tenant_platform_seed','workspace_platform_seed_discovery','Diamond Barbing Saloon',unixepoch(),unixepoch());
INSERT OR IGNORE INTO search_entries (id,profile_id,display_name,keywords,ancestry_path,vertical,created_at,updated_at) VALUES ('se_s09_salon_749a941e1041c46e','prof_s09_salon_749a941e1041c46e','Diamond Barbing Saloon','diamond barbing saloon salon barber hair beauty nigeria','place_nigeria_001','beauty_salon',unixepoch(),unixepoch());
INSERT OR IGNORE INTO seed_ingestion_records (id,seed_run_id,entity_type,entity_id,source_id,status) VALUES ('ir_s09_salon_749a941e1041c46e','seed_run_s09_osm_salons_20260502','organization','org_s09_salon_749a941e1041c46e','seed_source_osm_salons_ng_20260502','ingested');
INSERT OR IGNORE INTO seed_entity_sources (id,seed_run_id,entity_type,entity_id,source_id,confidence_tier) VALUES ('es_s09_salon_749a941e1041c46e','seed_run_s09_osm_salons_20260502','organization','org_s09_salon_749a941e1041c46e','seed_source_osm_salons_ng_20260502','seeded');
INSERT OR IGNORE INTO seed_enrichment (id,seed_run_id,entity_type,entity_id,enrichment_type,enrichment_json) VALUES ('enr_s09_salon_749a941e1041c46e','seed_run_s09_osm_salons_20260502','organization','org_s09_salon_749a941e1041c46e','licence_data','{"osm_id": "13339164964", "amenity": "hairdresser", "addr_state": null, "denomination": null, "operator": null}');

INSERT OR IGNORE INTO organizations (id,tenant_id,organization_type,legal_name,display_name,registration_number,status,verification_state,created_at,updated_at) VALUES ('org_s09_salon_415a46def49e1b42','tenant_platform_seed','beauty_salon','Spaland','Spaland',NULL,'active','seeded',unixepoch(),unixepoch());
INSERT OR IGNORE INTO profiles (id,subject_id,subject_type,primary_place_id,tenant_id,workspace_id,display_name,created_at,updated_at) VALUES ('prof_s09_salon_415a46def49e1b42','org_s09_salon_415a46def49e1b42','organization','place_nigeria_001','tenant_platform_seed','workspace_platform_seed_discovery','Spaland',unixepoch(),unixepoch());
INSERT OR IGNORE INTO search_entries (id,profile_id,display_name,keywords,ancestry_path,vertical,created_at,updated_at) VALUES ('se_s09_salon_415a46def49e1b42','prof_s09_salon_415a46def49e1b42','Spaland','spaland salon barber hair beauty nigeria','place_nigeria_001','beauty_salon',unixepoch(),unixepoch());
INSERT OR IGNORE INTO seed_ingestion_records (id,seed_run_id,entity_type,entity_id,source_id,status) VALUES ('ir_s09_salon_415a46def49e1b42','seed_run_s09_osm_salons_20260502','organization','org_s09_salon_415a46def49e1b42','seed_source_osm_salons_ng_20260502','ingested');
INSERT OR IGNORE INTO seed_entity_sources (id,seed_run_id,entity_type,entity_id,source_id,confidence_tier) VALUES ('es_s09_salon_415a46def49e1b42','seed_run_s09_osm_salons_20260502','organization','org_s09_salon_415a46def49e1b42','seed_source_osm_salons_ng_20260502','seeded');
INSERT OR IGNORE INTO seed_enrichment (id,seed_run_id,entity_type,entity_id,enrichment_type,enrichment_json) VALUES ('enr_s09_salon_415a46def49e1b42','seed_run_s09_osm_salons_20260502','organization','org_s09_salon_415a46def49e1b42','licence_data','{"osm_id": "13353371939", "amenity": "beauty", "addr_state": null, "denomination": null, "operator": "Spaland"}');

INSERT OR IGNORE INTO organizations (id,tenant_id,organization_type,legal_name,display_name,registration_number,status,verification_state,created_at,updated_at) VALUES ('org_s09_salon_cdb9581e4943c53e','tenant_platform_seed','beauty_salon','Space Cutz','Space Cutz',NULL,'active','seeded',unixepoch(),unixepoch());
INSERT OR IGNORE INTO profiles (id,subject_id,subject_type,primary_place_id,tenant_id,workspace_id,display_name,created_at,updated_at) VALUES ('prof_s09_salon_cdb9581e4943c53e','org_s09_salon_cdb9581e4943c53e','organization','place_nigeria_001','tenant_platform_seed','workspace_platform_seed_discovery','Space Cutz',unixepoch(),unixepoch());
INSERT OR IGNORE INTO search_entries (id,profile_id,display_name,keywords,ancestry_path,vertical,created_at,updated_at) VALUES ('se_s09_salon_cdb9581e4943c53e','prof_s09_salon_cdb9581e4943c53e','Space Cutz','space cutz salon barber hair beauty nigeria','place_nigeria_001','beauty_salon',unixepoch(),unixepoch());
INSERT OR IGNORE INTO seed_ingestion_records (id,seed_run_id,entity_type,entity_id,source_id,status) VALUES ('ir_s09_salon_cdb9581e4943c53e','seed_run_s09_osm_salons_20260502','organization','org_s09_salon_cdb9581e4943c53e','seed_source_osm_salons_ng_20260502','ingested');
INSERT OR IGNORE INTO seed_entity_sources (id,seed_run_id,entity_type,entity_id,source_id,confidence_tier) VALUES ('es_s09_salon_cdb9581e4943c53e','seed_run_s09_osm_salons_20260502','organization','org_s09_salon_cdb9581e4943c53e','seed_source_osm_salons_ng_20260502','seeded');
INSERT OR IGNORE INTO seed_enrichment (id,seed_run_id,entity_type,entity_id,enrichment_type,enrichment_json) VALUES ('enr_s09_salon_cdb9581e4943c53e','seed_run_s09_osm_salons_20260502','organization','org_s09_salon_cdb9581e4943c53e','licence_data','{"osm_id": "13369918913", "amenity": "hairdresser", "addr_state": null, "denomination": null, "operator": null}');

INSERT OR IGNORE INTO organizations (id,tenant_id,organization_type,legal_name,display_name,registration_number,status,verification_state,created_at,updated_at) VALUES ('org_s09_salon_8f8719781804d8d4','tenant_platform_seed','beauty_salon','Niva Spa & Salon','Niva Spa & Salon',NULL,'active','seeded',unixepoch(),unixepoch());
INSERT OR IGNORE INTO profiles (id,subject_id,subject_type,primary_place_id,tenant_id,workspace_id,display_name,created_at,updated_at) VALUES ('prof_s09_salon_8f8719781804d8d4','org_s09_salon_8f8719781804d8d4','organization','place_nigeria_001','tenant_platform_seed','workspace_platform_seed_discovery','Niva Spa & Salon',unixepoch(),unixepoch());
INSERT OR IGNORE INTO search_entries (id,profile_id,display_name,keywords,ancestry_path,vertical,created_at,updated_at) VALUES ('se_s09_salon_8f8719781804d8d4','prof_s09_salon_8f8719781804d8d4','Niva Spa & Salon','niva spa & salon salon barber hair beauty nigeria','place_nigeria_001','beauty_salon',unixepoch(),unixepoch());
INSERT OR IGNORE INTO seed_ingestion_records (id,seed_run_id,entity_type,entity_id,source_id,status) VALUES ('ir_s09_salon_8f8719781804d8d4','seed_run_s09_osm_salons_20260502','organization','org_s09_salon_8f8719781804d8d4','seed_source_osm_salons_ng_20260502','ingested');
INSERT OR IGNORE INTO seed_entity_sources (id,seed_run_id,entity_type,entity_id,source_id,confidence_tier) VALUES ('es_s09_salon_8f8719781804d8d4','seed_run_s09_osm_salons_20260502','organization','org_s09_salon_8f8719781804d8d4','seed_source_osm_salons_ng_20260502','seeded');
INSERT OR IGNORE INTO seed_enrichment (id,seed_run_id,entity_type,entity_id,enrichment_type,enrichment_json) VALUES ('enr_s09_salon_8f8719781804d8d4','seed_run_s09_osm_salons_20260502','organization','org_s09_salon_8f8719781804d8d4','licence_data','{"osm_id": "13416176287", "amenity": "beauty", "addr_state": null, "denomination": null, "operator": "NIVA SPA AND SALON"}');

INSERT OR IGNORE INTO organizations (id,tenant_id,organization_type,legal_name,display_name,registration_number,status,verification_state,created_at,updated_at) VALUES ('org_s09_salon_c6cf72b48629b478','tenant_platform_seed','beauty_salon','Ellygant Unisex Salon','Ellygant Unisex Salon',NULL,'active','seeded',unixepoch(),unixepoch());
INSERT OR IGNORE INTO profiles (id,subject_id,subject_type,primary_place_id,tenant_id,workspace_id,display_name,created_at,updated_at) VALUES ('prof_s09_salon_c6cf72b48629b478','org_s09_salon_c6cf72b48629b478','organization','place_nigeria_001','tenant_platform_seed','workspace_platform_seed_discovery','Ellygant Unisex Salon',unixepoch(),unixepoch());
INSERT OR IGNORE INTO search_entries (id,profile_id,display_name,keywords,ancestry_path,vertical,created_at,updated_at) VALUES ('se_s09_salon_c6cf72b48629b478','prof_s09_salon_c6cf72b48629b478','Ellygant Unisex Salon','ellygant unisex salon salon barber hair beauty nigeria','place_nigeria_001','beauty_salon',unixepoch(),unixepoch());
INSERT OR IGNORE INTO seed_ingestion_records (id,seed_run_id,entity_type,entity_id,source_id,status) VALUES ('ir_s09_salon_c6cf72b48629b478','seed_run_s09_osm_salons_20260502','organization','org_s09_salon_c6cf72b48629b478','seed_source_osm_salons_ng_20260502','ingested');
INSERT OR IGNORE INTO seed_entity_sources (id,seed_run_id,entity_type,entity_id,source_id,confidence_tier) VALUES ('es_s09_salon_c6cf72b48629b478','seed_run_s09_osm_salons_20260502','organization','org_s09_salon_c6cf72b48629b478','seed_source_osm_salons_ng_20260502','seeded');
INSERT OR IGNORE INTO seed_enrichment (id,seed_run_id,entity_type,entity_id,enrichment_type,enrichment_json) VALUES ('enr_s09_salon_c6cf72b48629b478','seed_run_s09_osm_salons_20260502','organization','org_s09_salon_c6cf72b48629b478','licence_data','{"osm_id": "13438136744", "amenity": "hairdresser", "addr_state": null, "denomination": null, "operator": "Ola"}');

INSERT OR IGNORE INTO organizations (id,tenant_id,organization_type,legal_name,display_name,registration_number,status,verification_state,created_at,updated_at) VALUES ('org_s09_salon_8dbdee7c4c420fb4','tenant_platform_seed','beauty_salon','V Brown Barbing Clinic','V Brown Barbing Clinic',NULL,'active','seeded',unixepoch(),unixepoch());
INSERT OR IGNORE INTO profiles (id,subject_id,subject_type,primary_place_id,tenant_id,workspace_id,display_name,created_at,updated_at) VALUES ('prof_s09_salon_8dbdee7c4c420fb4','org_s09_salon_8dbdee7c4c420fb4','organization','place_nigeria_001','tenant_platform_seed','workspace_platform_seed_discovery','V Brown Barbing Clinic',unixepoch(),unixepoch());
INSERT OR IGNORE INTO search_entries (id,profile_id,display_name,keywords,ancestry_path,vertical,created_at,updated_at) VALUES ('se_s09_salon_8dbdee7c4c420fb4','prof_s09_salon_8dbdee7c4c420fb4','V Brown Barbing Clinic','v brown barbing clinic salon barber hair beauty nigeria','place_nigeria_001','beauty_salon',unixepoch(),unixepoch());
INSERT OR IGNORE INTO seed_ingestion_records (id,seed_run_id,entity_type,entity_id,source_id,status) VALUES ('ir_s09_salon_8dbdee7c4c420fb4','seed_run_s09_osm_salons_20260502','organization','org_s09_salon_8dbdee7c4c420fb4','seed_source_osm_salons_ng_20260502','ingested');
INSERT OR IGNORE INTO seed_entity_sources (id,seed_run_id,entity_type,entity_id,source_id,confidence_tier) VALUES ('es_s09_salon_8dbdee7c4c420fb4','seed_run_s09_osm_salons_20260502','organization','org_s09_salon_8dbdee7c4c420fb4','seed_source_osm_salons_ng_20260502','seeded');
INSERT OR IGNORE INTO seed_enrichment (id,seed_run_id,entity_type,entity_id,enrichment_type,enrichment_json) VALUES ('enr_s09_salon_8dbdee7c4c420fb4','seed_run_s09_osm_salons_20260502','organization','org_s09_salon_8dbdee7c4c420fb4','licence_data','{"osm_id": "13510745197", "amenity": "hairdresser", "addr_state": null, "denomination": null, "operator": null}');

INSERT OR IGNORE INTO organizations (id,tenant_id,organization_type,legal_name,display_name,registration_number,status,verification_state,created_at,updated_at) VALUES ('org_s09_salon_900ce4c0503b2da2','tenant_platform_seed','beauty_salon','Hairdresser Salon','Hairdresser Salon',NULL,'active','seeded',unixepoch(),unixepoch());
INSERT OR IGNORE INTO profiles (id,subject_id,subject_type,primary_place_id,tenant_id,workspace_id,display_name,created_at,updated_at) VALUES ('prof_s09_salon_900ce4c0503b2da2','org_s09_salon_900ce4c0503b2da2','organization','place_nigeria_001','tenant_platform_seed','workspace_platform_seed_discovery','Hairdresser Salon',unixepoch(),unixepoch());
INSERT OR IGNORE INTO search_entries (id,profile_id,display_name,keywords,ancestry_path,vertical,created_at,updated_at) VALUES ('se_s09_salon_900ce4c0503b2da2','prof_s09_salon_900ce4c0503b2da2','Hairdresser Salon','hairdresser salon salon barber hair beauty nigeria','place_nigeria_001','beauty_salon',unixepoch(),unixepoch());
INSERT OR IGNORE INTO seed_ingestion_records (id,seed_run_id,entity_type,entity_id,source_id,status) VALUES ('ir_s09_salon_900ce4c0503b2da2','seed_run_s09_osm_salons_20260502','organization','org_s09_salon_900ce4c0503b2da2','seed_source_osm_salons_ng_20260502','ingested');
INSERT OR IGNORE INTO seed_entity_sources (id,seed_run_id,entity_type,entity_id,source_id,confidence_tier) VALUES ('es_s09_salon_900ce4c0503b2da2','seed_run_s09_osm_salons_20260502','organization','org_s09_salon_900ce4c0503b2da2','seed_source_osm_salons_ng_20260502','seeded');
INSERT OR IGNORE INTO seed_enrichment (id,seed_run_id,entity_type,entity_id,enrichment_type,enrichment_json) VALUES ('enr_s09_salon_900ce4c0503b2da2','seed_run_s09_osm_salons_20260502','organization','org_s09_salon_900ce4c0503b2da2','licence_data','{"osm_id": "47392196", "amenity": "hairdresser", "addr_state": null, "denomination": null, "operator": null}');

INSERT OR IGNORE INTO organizations (id,tenant_id,organization_type,legal_name,display_name,registration_number,status,verification_state,created_at,updated_at) VALUES ('org_s09_salon_bcad845104ad32b6','tenant_platform_seed','beauty_salon','Casa Bella','Casa Bella',NULL,'active','seeded',unixepoch(),unixepoch());
INSERT OR IGNORE INTO profiles (id,subject_id,subject_type,primary_place_id,tenant_id,workspace_id,display_name,created_at,updated_at) VALUES ('prof_s09_salon_bcad845104ad32b6','org_s09_salon_bcad845104ad32b6','organization','place_nigeria_001','tenant_platform_seed','workspace_platform_seed_discovery','Casa Bella',unixepoch(),unixepoch());
INSERT OR IGNORE INTO search_entries (id,profile_id,display_name,keywords,ancestry_path,vertical,created_at,updated_at) VALUES ('se_s09_salon_bcad845104ad32b6','prof_s09_salon_bcad845104ad32b6','Casa Bella','casa bella salon barber hair beauty nigeria','place_nigeria_001','beauty_salon',unixepoch(),unixepoch());
INSERT OR IGNORE INTO seed_ingestion_records (id,seed_run_id,entity_type,entity_id,source_id,status) VALUES ('ir_s09_salon_bcad845104ad32b6','seed_run_s09_osm_salons_20260502','organization','org_s09_salon_bcad845104ad32b6','seed_source_osm_salons_ng_20260502','ingested');
INSERT OR IGNORE INTO seed_entity_sources (id,seed_run_id,entity_type,entity_id,source_id,confidence_tier) VALUES ('es_s09_salon_bcad845104ad32b6','seed_run_s09_osm_salons_20260502','organization','org_s09_salon_bcad845104ad32b6','seed_source_osm_salons_ng_20260502','seeded');
INSERT OR IGNORE INTO seed_enrichment (id,seed_run_id,entity_type,entity_id,enrichment_type,enrichment_json) VALUES ('enr_s09_salon_bcad845104ad32b6','seed_run_s09_osm_salons_20260502','organization','org_s09_salon_bcad845104ad32b6','licence_data','{"osm_id": "625093253", "amenity": "beauty", "addr_state": null, "denomination": null, "operator": null}');

INSERT OR IGNORE INTO organizations (id,tenant_id,organization_type,legal_name,display_name,registration_number,status,verification_state,created_at,updated_at) VALUES ('org_s09_salon_895536f6236ee3c3','tenant_platform_seed','beauty_salon','Abi Glow','Abi Glow',NULL,'active','seeded',unixepoch(),unixepoch());
INSERT OR IGNORE INTO profiles (id,subject_id,subject_type,primary_place_id,tenant_id,workspace_id,display_name,created_at,updated_at) VALUES ('prof_s09_salon_895536f6236ee3c3','org_s09_salon_895536f6236ee3c3','organization','place_nigeria_001','tenant_platform_seed','workspace_platform_seed_discovery','Abi Glow',unixepoch(),unixepoch());
INSERT OR IGNORE INTO search_entries (id,profile_id,display_name,keywords,ancestry_path,vertical,created_at,updated_at) VALUES ('se_s09_salon_895536f6236ee3c3','prof_s09_salon_895536f6236ee3c3','Abi Glow','abi glow salon barber hair beauty nigeria','place_nigeria_001','beauty_salon',unixepoch(),unixepoch());
INSERT OR IGNORE INTO seed_ingestion_records (id,seed_run_id,entity_type,entity_id,source_id,status) VALUES ('ir_s09_salon_895536f6236ee3c3','seed_run_s09_osm_salons_20260502','organization','org_s09_salon_895536f6236ee3c3','seed_source_osm_salons_ng_20260502','ingested');
INSERT OR IGNORE INTO seed_entity_sources (id,seed_run_id,entity_type,entity_id,source_id,confidence_tier) VALUES ('es_s09_salon_895536f6236ee3c3','seed_run_s09_osm_salons_20260502','organization','org_s09_salon_895536f6236ee3c3','seed_source_osm_salons_ng_20260502','seeded');
INSERT OR IGNORE INTO seed_enrichment (id,seed_run_id,entity_type,entity_id,enrichment_type,enrichment_json) VALUES ('enr_s09_salon_895536f6236ee3c3','seed_run_s09_osm_salons_20260502','organization','org_s09_salon_895536f6236ee3c3','licence_data','{"osm_id": "626246875", "amenity": "beauty", "addr_state": null, "denomination": null, "operator": null}');

INSERT OR IGNORE INTO organizations (id,tenant_id,organization_type,legal_name,display_name,registration_number,status,verification_state,created_at,updated_at) VALUES ('org_s09_salon_8f70a0ba3083c26c','tenant_platform_seed','beauty_salon','Ifenzi Beauty Salon','Ifenzi Beauty Salon',NULL,'active','seeded',unixepoch(),unixepoch());
INSERT OR IGNORE INTO profiles (id,subject_id,subject_type,primary_place_id,tenant_id,workspace_id,display_name,created_at,updated_at) VALUES ('prof_s09_salon_8f70a0ba3083c26c','org_s09_salon_8f70a0ba3083c26c','organization','place_nigeria_001','tenant_platform_seed','workspace_platform_seed_discovery','Ifenzi Beauty Salon',unixepoch(),unixepoch());
INSERT OR IGNORE INTO search_entries (id,profile_id,display_name,keywords,ancestry_path,vertical,created_at,updated_at) VALUES ('se_s09_salon_8f70a0ba3083c26c','prof_s09_salon_8f70a0ba3083c26c','Ifenzi Beauty Salon','ifenzi beauty salon salon barber hair beauty nigeria','place_nigeria_001','beauty_salon',unixepoch(),unixepoch());
INSERT OR IGNORE INTO seed_ingestion_records (id,seed_run_id,entity_type,entity_id,source_id,status) VALUES ('ir_s09_salon_8f70a0ba3083c26c','seed_run_s09_osm_salons_20260502','organization','org_s09_salon_8f70a0ba3083c26c','seed_source_osm_salons_ng_20260502','ingested');
INSERT OR IGNORE INTO seed_entity_sources (id,seed_run_id,entity_type,entity_id,source_id,confidence_tier) VALUES ('es_s09_salon_8f70a0ba3083c26c','seed_run_s09_osm_salons_20260502','organization','org_s09_salon_8f70a0ba3083c26c','seed_source_osm_salons_ng_20260502','seeded');
INSERT OR IGNORE INTO seed_enrichment (id,seed_run_id,entity_type,entity_id,enrichment_type,enrichment_json) VALUES ('enr_s09_salon_8f70a0ba3083c26c','seed_run_s09_osm_salons_20260502','organization','org_s09_salon_8f70a0ba3083c26c','licence_data','{"osm_id": "1135552236", "amenity": "hairdresser", "addr_state": null, "denomination": null, "operator": null}');

INSERT OR IGNORE INTO organizations (id,tenant_id,organization_type,legal_name,display_name,registration_number,status,verification_state,created_at,updated_at) VALUES ('org_s09_salon_da517c87beb2b079','tenant_platform_seed','beauty_salon','salon de coiffure','salon de coiffure',NULL,'active','seeded',unixepoch(),unixepoch());
INSERT OR IGNORE INTO profiles (id,subject_id,subject_type,primary_place_id,tenant_id,workspace_id,display_name,created_at,updated_at) VALUES ('prof_s09_salon_da517c87beb2b079','org_s09_salon_da517c87beb2b079','organization','place_nigeria_001','tenant_platform_seed','workspace_platform_seed_discovery','salon de coiffure',unixepoch(),unixepoch());
INSERT OR IGNORE INTO search_entries (id,profile_id,display_name,keywords,ancestry_path,vertical,created_at,updated_at) VALUES ('se_s09_salon_da517c87beb2b079','prof_s09_salon_da517c87beb2b079','salon de coiffure','salon de coiffure salon barber hair beauty nigeria','place_nigeria_001','beauty_salon',unixepoch(),unixepoch());
INSERT OR IGNORE INTO seed_ingestion_records (id,seed_run_id,entity_type,entity_id,source_id,status) VALUES ('ir_s09_salon_da517c87beb2b079','seed_run_s09_osm_salons_20260502','organization','org_s09_salon_da517c87beb2b079','seed_source_osm_salons_ng_20260502','ingested');
INSERT OR IGNORE INTO seed_entity_sources (id,seed_run_id,entity_type,entity_id,source_id,confidence_tier) VALUES ('es_s09_salon_da517c87beb2b079','seed_run_s09_osm_salons_20260502','organization','org_s09_salon_da517c87beb2b079','seed_source_osm_salons_ng_20260502','seeded');
INSERT OR IGNORE INTO seed_enrichment (id,seed_run_id,entity_type,entity_id,enrichment_type,enrichment_json) VALUES ('enr_s09_salon_da517c87beb2b079','seed_run_s09_osm_salons_20260502','organization','org_s09_salon_da517c87beb2b079','licence_data','{"osm_id": "2428047911", "amenity": "beauty", "addr_state": null, "denomination": null, "operator": null}');

INSERT OR IGNORE INTO organizations (id,tenant_id,organization_type,legal_name,display_name,registration_number,status,verification_state,created_at,updated_at) VALUES ('org_s09_salon_6e8b2c80f786c6a3','tenant_platform_seed','beauty_salon','coiffure','coiffure',NULL,'active','seeded',unixepoch(),unixepoch());
INSERT OR IGNORE INTO profiles (id,subject_id,subject_type,primary_place_id,tenant_id,workspace_id,display_name,created_at,updated_at) VALUES ('prof_s09_salon_6e8b2c80f786c6a3','org_s09_salon_6e8b2c80f786c6a3','organization','place_nigeria_001','tenant_platform_seed','workspace_platform_seed_discovery','coiffure',unixepoch(),unixepoch());
INSERT OR IGNORE INTO search_entries (id,profile_id,display_name,keywords,ancestry_path,vertical,created_at,updated_at) VALUES ('se_s09_salon_6e8b2c80f786c6a3','prof_s09_salon_6e8b2c80f786c6a3','coiffure','coiffure salon barber hair beauty nigeria','place_nigeria_001','beauty_salon',unixepoch(),unixepoch());
INSERT OR IGNORE INTO seed_ingestion_records (id,seed_run_id,entity_type,entity_id,source_id,status) VALUES ('ir_s09_salon_6e8b2c80f786c6a3','seed_run_s09_osm_salons_20260502','organization','org_s09_salon_6e8b2c80f786c6a3','seed_source_osm_salons_ng_20260502','ingested');
INSERT OR IGNORE INTO seed_entity_sources (id,seed_run_id,entity_type,entity_id,source_id,confidence_tier) VALUES ('es_s09_salon_6e8b2c80f786c6a3','seed_run_s09_osm_salons_20260502','organization','org_s09_salon_6e8b2c80f786c6a3','seed_source_osm_salons_ng_20260502','seeded');
INSERT OR IGNORE INTO seed_enrichment (id,seed_run_id,entity_type,entity_id,enrichment_type,enrichment_json) VALUES ('enr_s09_salon_6e8b2c80f786c6a3','seed_run_s09_osm_salons_20260502','organization','org_s09_salon_6e8b2c80f786c6a3','licence_data','{"osm_id": "3224613354", "amenity": "hairdresser", "addr_state": null, "denomination": null, "operator": null}');

INSERT OR IGNORE INTO organizations (id,tenant_id,organization_type,legal_name,display_name,registration_number,status,verification_state,created_at,updated_at) VALUES ('org_s09_salon_b768412386c2adf2','tenant_platform_seed','beauty_salon','Bernabeu Coiffure','Bernabeu Coiffure',NULL,'active','seeded',unixepoch(),unixepoch());
INSERT OR IGNORE INTO profiles (id,subject_id,subject_type,primary_place_id,tenant_id,workspace_id,display_name,created_at,updated_at) VALUES ('prof_s09_salon_b768412386c2adf2','org_s09_salon_b768412386c2adf2','organization','place_nigeria_001','tenant_platform_seed','workspace_platform_seed_discovery','Bernabeu Coiffure',unixepoch(),unixepoch());
INSERT OR IGNORE INTO search_entries (id,profile_id,display_name,keywords,ancestry_path,vertical,created_at,updated_at) VALUES ('se_s09_salon_b768412386c2adf2','prof_s09_salon_b768412386c2adf2','Bernabeu Coiffure','bernabeu coiffure salon barber hair beauty nigeria','place_nigeria_001','beauty_salon',unixepoch(),unixepoch());
INSERT OR IGNORE INTO seed_ingestion_records (id,seed_run_id,entity_type,entity_id,source_id,status) VALUES ('ir_s09_salon_b768412386c2adf2','seed_run_s09_osm_salons_20260502','organization','org_s09_salon_b768412386c2adf2','seed_source_osm_salons_ng_20260502','ingested');
INSERT OR IGNORE INTO seed_entity_sources (id,seed_run_id,entity_type,entity_id,source_id,confidence_tier) VALUES ('es_s09_salon_b768412386c2adf2','seed_run_s09_osm_salons_20260502','organization','org_s09_salon_b768412386c2adf2','seed_source_osm_salons_ng_20260502','seeded');
INSERT OR IGNORE INTO seed_enrichment (id,seed_run_id,entity_type,entity_id,enrichment_type,enrichment_json) VALUES ('enr_s09_salon_b768412386c2adf2','seed_run_s09_osm_salons_20260502','organization','org_s09_salon_b768412386c2adf2','licence_data','{"osm_id": "3224883799", "amenity": "hairdresser", "addr_state": null, "denomination": null, "operator": null}');

INSERT OR IGNORE INTO organizations (id,tenant_id,organization_type,legal_name,display_name,registration_number,status,verification_state,created_at,updated_at) VALUES ('org_s09_salon_075c94634fba1216','tenant_platform_seed','beauty_salon','Belerine Coiffure','Belerine Coiffure',NULL,'active','seeded',unixepoch(),unixepoch());
INSERT OR IGNORE INTO profiles (id,subject_id,subject_type,primary_place_id,tenant_id,workspace_id,display_name,created_at,updated_at) VALUES ('prof_s09_salon_075c94634fba1216','org_s09_salon_075c94634fba1216','organization','place_nigeria_001','tenant_platform_seed','workspace_platform_seed_discovery','Belerine Coiffure',unixepoch(),unixepoch());
INSERT OR IGNORE INTO search_entries (id,profile_id,display_name,keywords,ancestry_path,vertical,created_at,updated_at) VALUES ('se_s09_salon_075c94634fba1216','prof_s09_salon_075c94634fba1216','Belerine Coiffure','belerine coiffure salon barber hair beauty nigeria','place_nigeria_001','beauty_salon',unixepoch(),unixepoch());
INSERT OR IGNORE INTO seed_ingestion_records (id,seed_run_id,entity_type,entity_id,source_id,status) VALUES ('ir_s09_salon_075c94634fba1216','seed_run_s09_osm_salons_20260502','organization','org_s09_salon_075c94634fba1216','seed_source_osm_salons_ng_20260502','ingested');
INSERT OR IGNORE INTO seed_entity_sources (id,seed_run_id,entity_type,entity_id,source_id,confidence_tier) VALUES ('es_s09_salon_075c94634fba1216','seed_run_s09_osm_salons_20260502','organization','org_s09_salon_075c94634fba1216','seed_source_osm_salons_ng_20260502','seeded');
INSERT OR IGNORE INTO seed_enrichment (id,seed_run_id,entity_type,entity_id,enrichment_type,enrichment_json) VALUES ('enr_s09_salon_075c94634fba1216','seed_run_s09_osm_salons_20260502','organization','org_s09_salon_075c94634fba1216','licence_data','{"osm_id": "3906056482", "amenity": "hairdresser", "addr_state": null, "denomination": null, "operator": null}');

INSERT OR IGNORE INTO organizations (id,tenant_id,organization_type,legal_name,display_name,registration_number,status,verification_state,created_at,updated_at) VALUES ('org_s09_salon_159f5f54ca26ee32','tenant_platform_seed','beauty_salon','AHOEFA','AHOEFA',NULL,'active','seeded',unixepoch(),unixepoch());
INSERT OR IGNORE INTO profiles (id,subject_id,subject_type,primary_place_id,tenant_id,workspace_id,display_name,created_at,updated_at) VALUES ('prof_s09_salon_159f5f54ca26ee32','org_s09_salon_159f5f54ca26ee32','organization','place_nigeria_001','tenant_platform_seed','workspace_platform_seed_discovery','AHOEFA',unixepoch(),unixepoch());
INSERT OR IGNORE INTO search_entries (id,profile_id,display_name,keywords,ancestry_path,vertical,created_at,updated_at) VALUES ('se_s09_salon_159f5f54ca26ee32','prof_s09_salon_159f5f54ca26ee32','AHOEFA','ahoefa salon barber hair beauty nigeria','place_nigeria_001','beauty_salon',unixepoch(),unixepoch());
INSERT OR IGNORE INTO seed_ingestion_records (id,seed_run_id,entity_type,entity_id,source_id,status) VALUES ('ir_s09_salon_159f5f54ca26ee32','seed_run_s09_osm_salons_20260502','organization','org_s09_salon_159f5f54ca26ee32','seed_source_osm_salons_ng_20260502','ingested');
INSERT OR IGNORE INTO seed_entity_sources (id,seed_run_id,entity_type,entity_id,source_id,confidence_tier) VALUES ('es_s09_salon_159f5f54ca26ee32','seed_run_s09_osm_salons_20260502','organization','org_s09_salon_159f5f54ca26ee32','seed_source_osm_salons_ng_20260502','seeded');
INSERT OR IGNORE INTO seed_enrichment (id,seed_run_id,entity_type,entity_id,enrichment_type,enrichment_json) VALUES ('enr_s09_salon_159f5f54ca26ee32','seed_run_s09_osm_salons_20260502','organization','org_s09_salon_159f5f54ca26ee32','licence_data','{"osm_id": "4314700218", "amenity": "hairdresser", "addr_state": null, "denomination": null, "operator": null}');

INSERT OR IGNORE INTO organizations (id,tenant_id,organization_type,legal_name,display_name,registration_number,status,verification_state,created_at,updated_at) VALUES ('org_s09_salon_32e73efa3ccc1c13','tenant_platform_seed','beauty_salon','Marhaba Coiffure','Marhaba Coiffure',NULL,'active','seeded',unixepoch(),unixepoch());
INSERT OR IGNORE INTO profiles (id,subject_id,subject_type,primary_place_id,tenant_id,workspace_id,display_name,created_at,updated_at) VALUES ('prof_s09_salon_32e73efa3ccc1c13','org_s09_salon_32e73efa3ccc1c13','organization','place_nigeria_001','tenant_platform_seed','workspace_platform_seed_discovery','Marhaba Coiffure',unixepoch(),unixepoch());
INSERT OR IGNORE INTO search_entries (id,profile_id,display_name,keywords,ancestry_path,vertical,created_at,updated_at) VALUES ('se_s09_salon_32e73efa3ccc1c13','prof_s09_salon_32e73efa3ccc1c13','Marhaba Coiffure','marhaba coiffure salon barber hair beauty nigeria','place_nigeria_001','beauty_salon',unixepoch(),unixepoch());
INSERT OR IGNORE INTO seed_ingestion_records (id,seed_run_id,entity_type,entity_id,source_id,status) VALUES ('ir_s09_salon_32e73efa3ccc1c13','seed_run_s09_osm_salons_20260502','organization','org_s09_salon_32e73efa3ccc1c13','seed_source_osm_salons_ng_20260502','ingested');
INSERT OR IGNORE INTO seed_entity_sources (id,seed_run_id,entity_type,entity_id,source_id,confidence_tier) VALUES ('es_s09_salon_32e73efa3ccc1c13','seed_run_s09_osm_salons_20260502','organization','org_s09_salon_32e73efa3ccc1c13','seed_source_osm_salons_ng_20260502','seeded');
INSERT OR IGNORE INTO seed_enrichment (id,seed_run_id,entity_type,entity_id,enrichment_type,enrichment_json) VALUES ('enr_s09_salon_32e73efa3ccc1c13','seed_run_s09_osm_salons_20260502','organization','org_s09_salon_32e73efa3ccc1c13','licence_data','{"osm_id": "4316138540", "amenity": "hairdresser", "addr_state": null, "denomination": null, "operator": null}');

INSERT OR IGNORE INTO organizations (id,tenant_id,organization_type,legal_name,display_name,registration_number,status,verification_state,created_at,updated_at) VALUES ('org_s09_salon_6d71f85706eec101','tenant_platform_seed','beauty_salon','FreshKutz','FreshKutz',NULL,'active','seeded',unixepoch(),unixepoch());
INSERT OR IGNORE INTO profiles (id,subject_id,subject_type,primary_place_id,tenant_id,workspace_id,display_name,created_at,updated_at) VALUES ('prof_s09_salon_6d71f85706eec101','org_s09_salon_6d71f85706eec101','organization','place_nigeria_001','tenant_platform_seed','workspace_platform_seed_discovery','FreshKutz',unixepoch(),unixepoch());
INSERT OR IGNORE INTO search_entries (id,profile_id,display_name,keywords,ancestry_path,vertical,created_at,updated_at) VALUES ('se_s09_salon_6d71f85706eec101','prof_s09_salon_6d71f85706eec101','FreshKutz','freshkutz salon barber hair beauty nigeria','place_nigeria_001','beauty_salon',unixepoch(),unixepoch());
INSERT OR IGNORE INTO seed_ingestion_records (id,seed_run_id,entity_type,entity_id,source_id,status) VALUES ('ir_s09_salon_6d71f85706eec101','seed_run_s09_osm_salons_20260502','organization','org_s09_salon_6d71f85706eec101','seed_source_osm_salons_ng_20260502','ingested');
INSERT OR IGNORE INTO seed_entity_sources (id,seed_run_id,entity_type,entity_id,source_id,confidence_tier) VALUES ('es_s09_salon_6d71f85706eec101','seed_run_s09_osm_salons_20260502','organization','org_s09_salon_6d71f85706eec101','seed_source_osm_salons_ng_20260502','seeded');
INSERT OR IGNORE INTO seed_enrichment (id,seed_run_id,entity_type,entity_id,enrichment_type,enrichment_json) VALUES ('enr_s09_salon_6d71f85706eec101','seed_run_s09_osm_salons_20260502','organization','org_s09_salon_6d71f85706eec101','licence_data','{"osm_id": "6938544085", "amenity": "hairdresser", "addr_state": null, "denomination": null, "operator": null}');

INSERT OR IGNORE INTO organizations (id,tenant_id,organization_type,legal_name,display_name,registration_number,status,verification_state,created_at,updated_at) VALUES ('org_s09_salon_b7e87e5f1d57fc18','tenant_platform_seed','beauty_salon','Tulip Hair Salon & Spa','Tulip Hair Salon & Spa',NULL,'active','seeded',unixepoch(),unixepoch());
INSERT OR IGNORE INTO profiles (id,subject_id,subject_type,primary_place_id,tenant_id,workspace_id,display_name,created_at,updated_at) VALUES ('prof_s09_salon_b7e87e5f1d57fc18','org_s09_salon_b7e87e5f1d57fc18','organization','place_nigeria_001','tenant_platform_seed','workspace_platform_seed_discovery','Tulip Hair Salon & Spa',unixepoch(),unixepoch());
INSERT OR IGNORE INTO search_entries (id,profile_id,display_name,keywords,ancestry_path,vertical,created_at,updated_at) VALUES ('se_s09_salon_b7e87e5f1d57fc18','prof_s09_salon_b7e87e5f1d57fc18','Tulip Hair Salon & Spa','tulip hair salon & spa salon barber hair beauty nigeria','place_nigeria_001','beauty_salon',unixepoch(),unixepoch());
INSERT OR IGNORE INTO seed_ingestion_records (id,seed_run_id,entity_type,entity_id,source_id,status) VALUES ('ir_s09_salon_b7e87e5f1d57fc18','seed_run_s09_osm_salons_20260502','organization','org_s09_salon_b7e87e5f1d57fc18','seed_source_osm_salons_ng_20260502','ingested');
INSERT OR IGNORE INTO seed_entity_sources (id,seed_run_id,entity_type,entity_id,source_id,confidence_tier) VALUES ('es_s09_salon_b7e87e5f1d57fc18','seed_run_s09_osm_salons_20260502','organization','org_s09_salon_b7e87e5f1d57fc18','seed_source_osm_salons_ng_20260502','seeded');
INSERT OR IGNORE INTO seed_enrichment (id,seed_run_id,entity_type,entity_id,enrichment_type,enrichment_json) VALUES ('enr_s09_salon_b7e87e5f1d57fc18','seed_run_s09_osm_salons_20260502','organization','org_s09_salon_b7e87e5f1d57fc18','licence_data','{"osm_id": "6960416750", "amenity": "hairdresser", "addr_state": null, "denomination": null, "operator": null}');

INSERT OR IGNORE INTO organizations (id,tenant_id,organization_type,legal_name,display_name,registration_number,status,verification_state,created_at,updated_at) VALUES ('org_s09_salon_71a1dea226f70d34','tenant_platform_seed','beauty_salon','Mike barbing saloon','Mike barbing saloon',NULL,'active','seeded',unixepoch(),unixepoch());
INSERT OR IGNORE INTO profiles (id,subject_id,subject_type,primary_place_id,tenant_id,workspace_id,display_name,created_at,updated_at) VALUES ('prof_s09_salon_71a1dea226f70d34','org_s09_salon_71a1dea226f70d34','organization','place_nigeria_001','tenant_platform_seed','workspace_platform_seed_discovery','Mike barbing saloon',unixepoch(),unixepoch());
INSERT OR IGNORE INTO search_entries (id,profile_id,display_name,keywords,ancestry_path,vertical,created_at,updated_at) VALUES ('se_s09_salon_71a1dea226f70d34','prof_s09_salon_71a1dea226f70d34','Mike barbing saloon','mike barbing saloon salon barber hair beauty nigeria','place_nigeria_001','beauty_salon',unixepoch(),unixepoch());
INSERT OR IGNORE INTO seed_ingestion_records (id,seed_run_id,entity_type,entity_id,source_id,status) VALUES ('ir_s09_salon_71a1dea226f70d34','seed_run_s09_osm_salons_20260502','organization','org_s09_salon_71a1dea226f70d34','seed_source_osm_salons_ng_20260502','ingested');
INSERT OR IGNORE INTO seed_entity_sources (id,seed_run_id,entity_type,entity_id,source_id,confidence_tier) VALUES ('es_s09_salon_71a1dea226f70d34','seed_run_s09_osm_salons_20260502','organization','org_s09_salon_71a1dea226f70d34','seed_source_osm_salons_ng_20260502','seeded');
INSERT OR IGNORE INTO seed_enrichment (id,seed_run_id,entity_type,entity_id,enrichment_type,enrichment_json) VALUES ('enr_s09_salon_71a1dea226f70d34','seed_run_s09_osm_salons_20260502','organization','org_s09_salon_71a1dea226f70d34','licence_data','{"osm_id": "7050383585", "amenity": "hairdresser", "addr_state": null, "denomination": null, "operator": null}');

INSERT OR IGNORE INTO organizations (id,tenant_id,organization_type,legal_name,display_name,registration_number,status,verification_state,created_at,updated_at) VALUES ('org_s09_salon_5be0b4297f494bff','tenant_platform_seed','beauty_salon','Khrome','Khrome',NULL,'active','seeded',unixepoch(),unixepoch());
INSERT OR IGNORE INTO profiles (id,subject_id,subject_type,primary_place_id,tenant_id,workspace_id,display_name,created_at,updated_at) VALUES ('prof_s09_salon_5be0b4297f494bff','org_s09_salon_5be0b4297f494bff','organization','place_nigeria_001','tenant_platform_seed','workspace_platform_seed_discovery','Khrome',unixepoch(),unixepoch());
INSERT OR IGNORE INTO search_entries (id,profile_id,display_name,keywords,ancestry_path,vertical,created_at,updated_at) VALUES ('se_s09_salon_5be0b4297f494bff','prof_s09_salon_5be0b4297f494bff','Khrome','khrome salon barber hair beauty nigeria','place_nigeria_001','beauty_salon',unixepoch(),unixepoch());
INSERT OR IGNORE INTO seed_ingestion_records (id,seed_run_id,entity_type,entity_id,source_id,status) VALUES ('ir_s09_salon_5be0b4297f494bff','seed_run_s09_osm_salons_20260502','organization','org_s09_salon_5be0b4297f494bff','seed_source_osm_salons_ng_20260502','ingested');
INSERT OR IGNORE INTO seed_entity_sources (id,seed_run_id,entity_type,entity_id,source_id,confidence_tier) VALUES ('es_s09_salon_5be0b4297f494bff','seed_run_s09_osm_salons_20260502','organization','org_s09_salon_5be0b4297f494bff','seed_source_osm_salons_ng_20260502','seeded');
INSERT OR IGNORE INTO seed_enrichment (id,seed_run_id,entity_type,entity_id,enrichment_type,enrichment_json) VALUES ('enr_s09_salon_5be0b4297f494bff','seed_run_s09_osm_salons_20260502','organization','org_s09_salon_5be0b4297f494bff','licence_data','{"osm_id": "9961441590", "amenity": "hairdresser", "addr_state": null, "denomination": null, "operator": null}');

INSERT OR IGNORE INTO organizations (id,tenant_id,organization_type,legal_name,display_name,registration_number,status,verification_state,created_at,updated_at) VALUES ('org_s09_salon_fc90c60f126ce0e5','tenant_platform_seed','beauty_salon','BIG LEAGUES','BIG LEAGUES',NULL,'active','seeded',unixepoch(),unixepoch());
INSERT OR IGNORE INTO profiles (id,subject_id,subject_type,primary_place_id,tenant_id,workspace_id,display_name,created_at,updated_at) VALUES ('prof_s09_salon_fc90c60f126ce0e5','org_s09_salon_fc90c60f126ce0e5','organization','place_nigeria_001','tenant_platform_seed','workspace_platform_seed_discovery','BIG LEAGUES',unixepoch(),unixepoch());
INSERT OR IGNORE INTO search_entries (id,profile_id,display_name,keywords,ancestry_path,vertical,created_at,updated_at) VALUES ('se_s09_salon_fc90c60f126ce0e5','prof_s09_salon_fc90c60f126ce0e5','BIG LEAGUES','big leagues salon barber hair beauty nigeria','place_nigeria_001','beauty_salon',unixepoch(),unixepoch());
INSERT OR IGNORE INTO seed_ingestion_records (id,seed_run_id,entity_type,entity_id,source_id,status) VALUES ('ir_s09_salon_fc90c60f126ce0e5','seed_run_s09_osm_salons_20260502','organization','org_s09_salon_fc90c60f126ce0e5','seed_source_osm_salons_ng_20260502','ingested');
INSERT OR IGNORE INTO seed_entity_sources (id,seed_run_id,entity_type,entity_id,source_id,confidence_tier) VALUES ('es_s09_salon_fc90c60f126ce0e5','seed_run_s09_osm_salons_20260502','organization','org_s09_salon_fc90c60f126ce0e5','seed_source_osm_salons_ng_20260502','seeded');
INSERT OR IGNORE INTO seed_enrichment (id,seed_run_id,entity_type,entity_id,enrichment_type,enrichment_json) VALUES ('enr_s09_salon_fc90c60f126ce0e5','seed_run_s09_osm_salons_20260502','organization','org_s09_salon_fc90c60f126ce0e5','licence_data','{"osm_id": "10548919877", "amenity": "hairdresser", "addr_state": null, "denomination": null, "operator": null}');

INSERT OR IGNORE INTO organizations (id,tenant_id,organization_type,legal_name,display_name,registration_number,status,verification_state,created_at,updated_at) VALUES ('org_s09_salon_ef69d832070c25b2','tenant_platform_seed','beauty_salon','Binta Beauty Ultimate Salon','Binta Beauty Ultimate Salon',NULL,'active','seeded',unixepoch(),unixepoch());
INSERT OR IGNORE INTO profiles (id,subject_id,subject_type,primary_place_id,tenant_id,workspace_id,display_name,created_at,updated_at) VALUES ('prof_s09_salon_ef69d832070c25b2','org_s09_salon_ef69d832070c25b2','organization','place_nigeria_001','tenant_platform_seed','workspace_platform_seed_discovery','Binta Beauty Ultimate Salon',unixepoch(),unixepoch());
INSERT OR IGNORE INTO search_entries (id,profile_id,display_name,keywords,ancestry_path,vertical,created_at,updated_at) VALUES ('se_s09_salon_ef69d832070c25b2','prof_s09_salon_ef69d832070c25b2','Binta Beauty Ultimate Salon','binta beauty ultimate salon salon barber hair beauty nigeria','place_nigeria_001','beauty_salon',unixepoch(),unixepoch());
INSERT OR IGNORE INTO seed_ingestion_records (id,seed_run_id,entity_type,entity_id,source_id,status) VALUES ('ir_s09_salon_ef69d832070c25b2','seed_run_s09_osm_salons_20260502','organization','org_s09_salon_ef69d832070c25b2','seed_source_osm_salons_ng_20260502','ingested');
INSERT OR IGNORE INTO seed_entity_sources (id,seed_run_id,entity_type,entity_id,source_id,confidence_tier) VALUES ('es_s09_salon_ef69d832070c25b2','seed_run_s09_osm_salons_20260502','organization','org_s09_salon_ef69d832070c25b2','seed_source_osm_salons_ng_20260502','seeded');
INSERT OR IGNORE INTO seed_enrichment (id,seed_run_id,entity_type,entity_id,enrichment_type,enrichment_json) VALUES ('enr_s09_salon_ef69d832070c25b2','seed_run_s09_osm_salons_20260502','organization','org_s09_salon_ef69d832070c25b2','licence_data','{"osm_id": "10750438183", "amenity": "hairdresser", "addr_state": null, "denomination": null, "operator": null}');

INSERT OR IGNORE INTO organizations (id,tenant_id,organization_type,legal_name,display_name,registration_number,status,verification_state,created_at,updated_at) VALUES ('org_s09_salon_25eef56709aef84c','tenant_platform_seed','beauty_salon','VOG WOMAN','VOG WOMAN',NULL,'active','seeded',unixepoch(),unixepoch());
INSERT OR IGNORE INTO profiles (id,subject_id,subject_type,primary_place_id,tenant_id,workspace_id,display_name,created_at,updated_at) VALUES ('prof_s09_salon_25eef56709aef84c','org_s09_salon_25eef56709aef84c','organization','place_nigeria_001','tenant_platform_seed','workspace_platform_seed_discovery','VOG WOMAN',unixepoch(),unixepoch());
INSERT OR IGNORE INTO search_entries (id,profile_id,display_name,keywords,ancestry_path,vertical,created_at,updated_at) VALUES ('se_s09_salon_25eef56709aef84c','prof_s09_salon_25eef56709aef84c','VOG WOMAN','vog woman salon barber hair beauty nigeria','place_nigeria_001','beauty_salon',unixepoch(),unixepoch());
INSERT OR IGNORE INTO seed_ingestion_records (id,seed_run_id,entity_type,entity_id,source_id,status) VALUES ('ir_s09_salon_25eef56709aef84c','seed_run_s09_osm_salons_20260502','organization','org_s09_salon_25eef56709aef84c','seed_source_osm_salons_ng_20260502','ingested');
INSERT OR IGNORE INTO seed_entity_sources (id,seed_run_id,entity_type,entity_id,source_id,confidence_tier) VALUES ('es_s09_salon_25eef56709aef84c','seed_run_s09_osm_salons_20260502','organization','org_s09_salon_25eef56709aef84c','seed_source_osm_salons_ng_20260502','seeded');
INSERT OR IGNORE INTO seed_enrichment (id,seed_run_id,entity_type,entity_id,enrichment_type,enrichment_json) VALUES ('enr_s09_salon_25eef56709aef84c','seed_run_s09_osm_salons_20260502','organization','org_s09_salon_25eef56709aef84c','licence_data','{"osm_id": "11017002169", "amenity": "beauty", "addr_state": null, "denomination": null, "operator": null}');

INSERT OR IGNORE INTO organizations (id,tenant_id,organization_type,legal_name,display_name,registration_number,status,verification_state,created_at,updated_at) VALUES ('org_s09_salon_6f6d037b8b0bec86','tenant_platform_seed','beauty_salon','Salon coiffure miséricorde','Salon coiffure miséricorde',NULL,'active','seeded',unixepoch(),unixepoch());
INSERT OR IGNORE INTO profiles (id,subject_id,subject_type,primary_place_id,tenant_id,workspace_id,display_name,created_at,updated_at) VALUES ('prof_s09_salon_6f6d037b8b0bec86','org_s09_salon_6f6d037b8b0bec86','organization','place_nigeria_001','tenant_platform_seed','workspace_platform_seed_discovery','Salon coiffure miséricorde',unixepoch(),unixepoch());
INSERT OR IGNORE INTO search_entries (id,profile_id,display_name,keywords,ancestry_path,vertical,created_at,updated_at) VALUES ('se_s09_salon_6f6d037b8b0bec86','prof_s09_salon_6f6d037b8b0bec86','Salon coiffure miséricorde','salon coiffure miséricorde salon barber hair beauty nigeria','place_nigeria_001','beauty_salon',unixepoch(),unixepoch());
INSERT OR IGNORE INTO seed_ingestion_records (id,seed_run_id,entity_type,entity_id,source_id,status) VALUES ('ir_s09_salon_6f6d037b8b0bec86','seed_run_s09_osm_salons_20260502','organization','org_s09_salon_6f6d037b8b0bec86','seed_source_osm_salons_ng_20260502','ingested');
INSERT OR IGNORE INTO seed_entity_sources (id,seed_run_id,entity_type,entity_id,source_id,confidence_tier) VALUES ('es_s09_salon_6f6d037b8b0bec86','seed_run_s09_osm_salons_20260502','organization','org_s09_salon_6f6d037b8b0bec86','seed_source_osm_salons_ng_20260502','seeded');
INSERT OR IGNORE INTO seed_enrichment (id,seed_run_id,entity_type,entity_id,enrichment_type,enrichment_json) VALUES ('enr_s09_salon_6f6d037b8b0bec86','seed_run_s09_osm_salons_20260502','organization','org_s09_salon_6f6d037b8b0bec86','licence_data','{"osm_id": "11075595046", "amenity": "hairdresser", "addr_state": null, "denomination": null, "operator": null}');

INSERT OR IGNORE INTO organizations (id,tenant_id,organization_type,legal_name,display_name,registration_number,status,verification_state,created_at,updated_at) VALUES ('org_s09_salon_af9e9cd55b87e39f','tenant_platform_seed','beauty_salon','Bara’s Beauty and Aesthetics','Bara’s Beauty and Aesthetics',NULL,'active','seeded',unixepoch(),unixepoch());
INSERT OR IGNORE INTO profiles (id,subject_id,subject_type,primary_place_id,tenant_id,workspace_id,display_name,created_at,updated_at) VALUES ('prof_s09_salon_af9e9cd55b87e39f','org_s09_salon_af9e9cd55b87e39f','organization','place_nigeria_001','tenant_platform_seed','workspace_platform_seed_discovery','Bara’s Beauty and Aesthetics',unixepoch(),unixepoch());
INSERT OR IGNORE INTO search_entries (id,profile_id,display_name,keywords,ancestry_path,vertical,created_at,updated_at) VALUES ('se_s09_salon_af9e9cd55b87e39f','prof_s09_salon_af9e9cd55b87e39f','Bara’s Beauty and Aesthetics','bara’s beauty and aesthetics salon barber hair beauty nigeria','place_nigeria_001','beauty_salon',unixepoch(),unixepoch());
INSERT OR IGNORE INTO seed_ingestion_records (id,seed_run_id,entity_type,entity_id,source_id,status) VALUES ('ir_s09_salon_af9e9cd55b87e39f','seed_run_s09_osm_salons_20260502','organization','org_s09_salon_af9e9cd55b87e39f','seed_source_osm_salons_ng_20260502','ingested');
INSERT OR IGNORE INTO seed_entity_sources (id,seed_run_id,entity_type,entity_id,source_id,confidence_tier) VALUES ('es_s09_salon_af9e9cd55b87e39f','seed_run_s09_osm_salons_20260502','organization','org_s09_salon_af9e9cd55b87e39f','seed_source_osm_salons_ng_20260502','seeded');
INSERT OR IGNORE INTO seed_enrichment (id,seed_run_id,entity_type,entity_id,enrichment_type,enrichment_json) VALUES ('enr_s09_salon_af9e9cd55b87e39f','seed_run_s09_osm_salons_20260502','organization','org_s09_salon_af9e9cd55b87e39f','licence_data','{"osm_id": "11950713430", "amenity": "beauty", "addr_state": null, "denomination": null, "operator": "Jada-Baruch"}');

INSERT OR IGNORE INTO organizations (id,tenant_id,organization_type,legal_name,display_name,registration_number,status,verification_state,created_at,updated_at) VALUES ('org_s09_salon_ab99fa00452f319a','tenant_platform_seed','beauty_salon','Ultra Hair and Nail Care','Ultra Hair and Nail Care',NULL,'active','seeded',unixepoch(),unixepoch());
INSERT OR IGNORE INTO profiles (id,subject_id,subject_type,primary_place_id,tenant_id,workspace_id,display_name,created_at,updated_at) VALUES ('prof_s09_salon_ab99fa00452f319a','org_s09_salon_ab99fa00452f319a','organization','place_nigeria_001','tenant_platform_seed','workspace_platform_seed_discovery','Ultra Hair and Nail Care',unixepoch(),unixepoch());
INSERT OR IGNORE INTO search_entries (id,profile_id,display_name,keywords,ancestry_path,vertical,created_at,updated_at) VALUES ('se_s09_salon_ab99fa00452f319a','prof_s09_salon_ab99fa00452f319a','Ultra Hair and Nail Care','ultra hair and nail care salon barber hair beauty nigeria','place_nigeria_001','beauty_salon',unixepoch(),unixepoch());
INSERT OR IGNORE INTO seed_ingestion_records (id,seed_run_id,entity_type,entity_id,source_id,status) VALUES ('ir_s09_salon_ab99fa00452f319a','seed_run_s09_osm_salons_20260502','organization','org_s09_salon_ab99fa00452f319a','seed_source_osm_salons_ng_20260502','ingested');
INSERT OR IGNORE INTO seed_entity_sources (id,seed_run_id,entity_type,entity_id,source_id,confidence_tier) VALUES ('es_s09_salon_ab99fa00452f319a','seed_run_s09_osm_salons_20260502','organization','org_s09_salon_ab99fa00452f319a','seed_source_osm_salons_ng_20260502','seeded');
INSERT OR IGNORE INTO seed_enrichment (id,seed_run_id,entity_type,entity_id,enrichment_type,enrichment_json) VALUES ('enr_s09_salon_ab99fa00452f319a','seed_run_s09_osm_salons_20260502','organization','org_s09_salon_ab99fa00452f319a','licence_data','{"osm_id": "11964828740", "amenity": "beauty", "addr_state": null, "denomination": null, "operator": null}');

INSERT OR IGNORE INTO organizations (id,tenant_id,organization_type,legal_name,display_name,registration_number,status,verification_state,created_at,updated_at) VALUES ('org_s09_salon_be27b542077cd2f6','tenant_platform_seed','beauty_salon','INFINITY BERBING','INFINITY BERBING',NULL,'active','seeded',unixepoch(),unixepoch());
INSERT OR IGNORE INTO profiles (id,subject_id,subject_type,primary_place_id,tenant_id,workspace_id,display_name,created_at,updated_at) VALUES ('prof_s09_salon_be27b542077cd2f6','org_s09_salon_be27b542077cd2f6','organization','place_nigeria_001','tenant_platform_seed','workspace_platform_seed_discovery','INFINITY BERBING',unixepoch(),unixepoch());
INSERT OR IGNORE INTO search_entries (id,profile_id,display_name,keywords,ancestry_path,vertical,created_at,updated_at) VALUES ('se_s09_salon_be27b542077cd2f6','prof_s09_salon_be27b542077cd2f6','INFINITY BERBING','infinity berbing salon barber hair beauty nigeria','place_nigeria_001','beauty_salon',unixepoch(),unixepoch());
INSERT OR IGNORE INTO seed_ingestion_records (id,seed_run_id,entity_type,entity_id,source_id,status) VALUES ('ir_s09_salon_be27b542077cd2f6','seed_run_s09_osm_salons_20260502','organization','org_s09_salon_be27b542077cd2f6','seed_source_osm_salons_ng_20260502','ingested');
INSERT OR IGNORE INTO seed_entity_sources (id,seed_run_id,entity_type,entity_id,source_id,confidence_tier) VALUES ('es_s09_salon_be27b542077cd2f6','seed_run_s09_osm_salons_20260502','organization','org_s09_salon_be27b542077cd2f6','seed_source_osm_salons_ng_20260502','seeded');
INSERT OR IGNORE INTO seed_enrichment (id,seed_run_id,entity_type,entity_id,enrichment_type,enrichment_json) VALUES ('enr_s09_salon_be27b542077cd2f6','seed_run_s09_osm_salons_20260502','organization','org_s09_salon_be27b542077cd2f6','licence_data','{"osm_id": "12282357138", "amenity": "hairdresser", "addr_state": null, "denomination": null, "operator": "private_individual"}');

INSERT OR IGNORE INTO organizations (id,tenant_id,organization_type,legal_name,display_name,registration_number,status,verification_state,created_at,updated_at) VALUES ('org_s09_salon_594e34e90badbb3b','tenant_platform_seed','beauty_salon','The Nail Lab','The Nail Lab',NULL,'active','seeded',unixepoch(),unixepoch());
INSERT OR IGNORE INTO profiles (id,subject_id,subject_type,primary_place_id,tenant_id,workspace_id,display_name,created_at,updated_at) VALUES ('prof_s09_salon_594e34e90badbb3b','org_s09_salon_594e34e90badbb3b','organization','place_nigeria_001','tenant_platform_seed','workspace_platform_seed_discovery','The Nail Lab',unixepoch(),unixepoch());
INSERT OR IGNORE INTO search_entries (id,profile_id,display_name,keywords,ancestry_path,vertical,created_at,updated_at) VALUES ('se_s09_salon_594e34e90badbb3b','prof_s09_salon_594e34e90badbb3b','The Nail Lab','the nail lab salon barber hair beauty nigeria','place_nigeria_001','beauty_salon',unixepoch(),unixepoch());
INSERT OR IGNORE INTO seed_ingestion_records (id,seed_run_id,entity_type,entity_id,source_id,status) VALUES ('ir_s09_salon_594e34e90badbb3b','seed_run_s09_osm_salons_20260502','organization','org_s09_salon_594e34e90badbb3b','seed_source_osm_salons_ng_20260502','ingested');
INSERT OR IGNORE INTO seed_entity_sources (id,seed_run_id,entity_type,entity_id,source_id,confidence_tier) VALUES ('es_s09_salon_594e34e90badbb3b','seed_run_s09_osm_salons_20260502','organization','org_s09_salon_594e34e90badbb3b','seed_source_osm_salons_ng_20260502','seeded');
INSERT OR IGNORE INTO seed_enrichment (id,seed_run_id,entity_type,entity_id,enrichment_type,enrichment_json) VALUES ('enr_s09_salon_594e34e90badbb3b','seed_run_s09_osm_salons_20260502','organization','org_s09_salon_594e34e90badbb3b','licence_data','{"osm_id": "12423310654", "amenity": "beauty", "addr_state": null, "denomination": null, "operator": "JADABARUCH"}');

INSERT OR IGNORE INTO organizations (id,tenant_id,organization_type,legal_name,display_name,registration_number,status,verification_state,created_at,updated_at) VALUES ('org_s09_salon_2565b9b34f1a845b','tenant_platform_seed','beauty_salon','MAFZEE COLLECTION AND SPA','MAFZEE COLLECTION AND SPA',NULL,'active','seeded',unixepoch(),unixepoch());
INSERT OR IGNORE INTO profiles (id,subject_id,subject_type,primary_place_id,tenant_id,workspace_id,display_name,created_at,updated_at) VALUES ('prof_s09_salon_2565b9b34f1a845b','org_s09_salon_2565b9b34f1a845b','organization','place_nigeria_001','tenant_platform_seed','workspace_platform_seed_discovery','MAFZEE COLLECTION AND SPA',unixepoch(),unixepoch());
INSERT OR IGNORE INTO search_entries (id,profile_id,display_name,keywords,ancestry_path,vertical,created_at,updated_at) VALUES ('se_s09_salon_2565b9b34f1a845b','prof_s09_salon_2565b9b34f1a845b','MAFZEE COLLECTION AND SPA','mafzee collection and spa salon barber hair beauty nigeria','place_nigeria_001','beauty_salon',unixepoch(),unixepoch());
INSERT OR IGNORE INTO seed_ingestion_records (id,seed_run_id,entity_type,entity_id,source_id,status) VALUES ('ir_s09_salon_2565b9b34f1a845b','seed_run_s09_osm_salons_20260502','organization','org_s09_salon_2565b9b34f1a845b','seed_source_osm_salons_ng_20260502','ingested');
INSERT OR IGNORE INTO seed_entity_sources (id,seed_run_id,entity_type,entity_id,source_id,confidence_tier) VALUES ('es_s09_salon_2565b9b34f1a845b','seed_run_s09_osm_salons_20260502','organization','org_s09_salon_2565b9b34f1a845b','seed_source_osm_salons_ng_20260502','seeded');
INSERT OR IGNORE INTO seed_enrichment (id,seed_run_id,entity_type,entity_id,enrichment_type,enrichment_json) VALUES ('enr_s09_salon_2565b9b34f1a845b','seed_run_s09_osm_salons_20260502','organization','org_s09_salon_2565b9b34f1a845b','licence_data','{"osm_id": "12810997012", "amenity": "beauty", "addr_state": null, "denomination": null, "operator": "MAFZEE"}');

INSERT OR IGNORE INTO organizations (id,tenant_id,organization_type,legal_name,display_name,registration_number,status,verification_state,created_at,updated_at) VALUES ('org_s09_salon_fa7ba990aa629d59','tenant_platform_seed','beauty_salon','Keeksglam beauty','Keeksglam beauty',NULL,'active','seeded',unixepoch(),unixepoch());
INSERT OR IGNORE INTO profiles (id,subject_id,subject_type,primary_place_id,tenant_id,workspace_id,display_name,created_at,updated_at) VALUES ('prof_s09_salon_fa7ba990aa629d59','org_s09_salon_fa7ba990aa629d59','organization','place_nigeria_001','tenant_platform_seed','workspace_platform_seed_discovery','Keeksglam beauty',unixepoch(),unixepoch());
INSERT OR IGNORE INTO search_entries (id,profile_id,display_name,keywords,ancestry_path,vertical,created_at,updated_at) VALUES ('se_s09_salon_fa7ba990aa629d59','prof_s09_salon_fa7ba990aa629d59','Keeksglam beauty','keeksglam beauty salon barber hair beauty nigeria','place_nigeria_001','beauty_salon',unixepoch(),unixepoch());
INSERT OR IGNORE INTO seed_ingestion_records (id,seed_run_id,entity_type,entity_id,source_id,status) VALUES ('ir_s09_salon_fa7ba990aa629d59','seed_run_s09_osm_salons_20260502','organization','org_s09_salon_fa7ba990aa629d59','seed_source_osm_salons_ng_20260502','ingested');
INSERT OR IGNORE INTO seed_entity_sources (id,seed_run_id,entity_type,entity_id,source_id,confidence_tier) VALUES ('es_s09_salon_fa7ba990aa629d59','seed_run_s09_osm_salons_20260502','organization','org_s09_salon_fa7ba990aa629d59','seed_source_osm_salons_ng_20260502','seeded');
INSERT OR IGNORE INTO seed_enrichment (id,seed_run_id,entity_type,entity_id,enrichment_type,enrichment_json) VALUES ('enr_s09_salon_fa7ba990aa629d59','seed_run_s09_osm_salons_20260502','organization','org_s09_salon_fa7ba990aa629d59','licence_data','{"osm_id": "12837053737", "amenity": "beauty", "addr_state": null, "denomination": null, "operator": null}');

INSERT OR IGNORE INTO organizations (id,tenant_id,organization_type,legal_name,display_name,registration_number,status,verification_state,created_at,updated_at) VALUES ('org_s09_salon_6861ec3d370bd54f','tenant_platform_seed','beauty_salon','Strands Salon','Strands Salon',NULL,'active','seeded',unixepoch(),unixepoch());
INSERT OR IGNORE INTO profiles (id,subject_id,subject_type,primary_place_id,tenant_id,workspace_id,display_name,created_at,updated_at) VALUES ('prof_s09_salon_6861ec3d370bd54f','org_s09_salon_6861ec3d370bd54f','organization','place_nigeria_001','tenant_platform_seed','workspace_platform_seed_discovery','Strands Salon',unixepoch(),unixepoch());
INSERT OR IGNORE INTO search_entries (id,profile_id,display_name,keywords,ancestry_path,vertical,created_at,updated_at) VALUES ('se_s09_salon_6861ec3d370bd54f','prof_s09_salon_6861ec3d370bd54f','Strands Salon','strands salon salon barber hair beauty nigeria','place_nigeria_001','beauty_salon',unixepoch(),unixepoch());
INSERT OR IGNORE INTO seed_ingestion_records (id,seed_run_id,entity_type,entity_id,source_id,status) VALUES ('ir_s09_salon_6861ec3d370bd54f','seed_run_s09_osm_salons_20260502','organization','org_s09_salon_6861ec3d370bd54f','seed_source_osm_salons_ng_20260502','ingested');
INSERT OR IGNORE INTO seed_entity_sources (id,seed_run_id,entity_type,entity_id,source_id,confidence_tier) VALUES ('es_s09_salon_6861ec3d370bd54f','seed_run_s09_osm_salons_20260502','organization','org_s09_salon_6861ec3d370bd54f','seed_source_osm_salons_ng_20260502','seeded');
INSERT OR IGNORE INTO seed_enrichment (id,seed_run_id,entity_type,entity_id,enrichment_type,enrichment_json) VALUES ('enr_s09_salon_6861ec3d370bd54f','seed_run_s09_osm_salons_20260502','organization','org_s09_salon_6861ec3d370bd54f','licence_data','{"osm_id": "12967017411", "amenity": "beauty", "addr_state": null, "denomination": null, "operator": "jada-baruch"}');

INSERT OR IGNORE INTO organizations (id,tenant_id,organization_type,legal_name,display_name,registration_number,status,verification_state,created_at,updated_at) VALUES ('org_s09_salon_46e62b03cbfdab9c','tenant_platform_seed','beauty_salon','Haske Express','Haske Express',NULL,'active','seeded',unixepoch(),unixepoch());
INSERT OR IGNORE INTO profiles (id,subject_id,subject_type,primary_place_id,tenant_id,workspace_id,display_name,created_at,updated_at) VALUES ('prof_s09_salon_46e62b03cbfdab9c','org_s09_salon_46e62b03cbfdab9c','organization','place_nigeria_001','tenant_platform_seed','workspace_platform_seed_discovery','Haske Express',unixepoch(),unixepoch());
INSERT OR IGNORE INTO search_entries (id,profile_id,display_name,keywords,ancestry_path,vertical,created_at,updated_at) VALUES ('se_s09_salon_46e62b03cbfdab9c','prof_s09_salon_46e62b03cbfdab9c','Haske Express','haske express salon barber hair beauty nigeria','place_nigeria_001','beauty_salon',unixepoch(),unixepoch());
INSERT OR IGNORE INTO seed_ingestion_records (id,seed_run_id,entity_type,entity_id,source_id,status) VALUES ('ir_s09_salon_46e62b03cbfdab9c','seed_run_s09_osm_salons_20260502','organization','org_s09_salon_46e62b03cbfdab9c','seed_source_osm_salons_ng_20260502','ingested');
INSERT OR IGNORE INTO seed_entity_sources (id,seed_run_id,entity_type,entity_id,source_id,confidence_tier) VALUES ('es_s09_salon_46e62b03cbfdab9c','seed_run_s09_osm_salons_20260502','organization','org_s09_salon_46e62b03cbfdab9c','seed_source_osm_salons_ng_20260502','seeded');
INSERT OR IGNORE INTO seed_enrichment (id,seed_run_id,entity_type,entity_id,enrichment_type,enrichment_json) VALUES ('enr_s09_salon_46e62b03cbfdab9c','seed_run_s09_osm_salons_20260502','organization','org_s09_salon_46e62b03cbfdab9c','licence_data','{"osm_id": "13113105983", "amenity": "hairdresser", "addr_state": null, "denomination": null, "operator": null}');

INSERT OR IGNORE INTO organizations (id,tenant_id,organization_type,legal_name,display_name,registration_number,status,verification_state,created_at,updated_at) VALUES ('org_s09_salon_746c62ef2c29733d','tenant_platform_seed','beauty_salon','Annish Unisex Salon & Spa','Annish Unisex Salon & Spa',NULL,'active','seeded',unixepoch(),unixepoch());
INSERT OR IGNORE INTO profiles (id,subject_id,subject_type,primary_place_id,tenant_id,workspace_id,display_name,created_at,updated_at) VALUES ('prof_s09_salon_746c62ef2c29733d','org_s09_salon_746c62ef2c29733d','organization','place_nigeria_001','tenant_platform_seed','workspace_platform_seed_discovery','Annish Unisex Salon & Spa',unixepoch(),unixepoch());
INSERT OR IGNORE INTO search_entries (id,profile_id,display_name,keywords,ancestry_path,vertical,created_at,updated_at) VALUES ('se_s09_salon_746c62ef2c29733d','prof_s09_salon_746c62ef2c29733d','Annish Unisex Salon & Spa','annish unisex salon & spa salon barber hair beauty nigeria','place_nigeria_001','beauty_salon',unixepoch(),unixepoch());
INSERT OR IGNORE INTO seed_ingestion_records (id,seed_run_id,entity_type,entity_id,source_id,status) VALUES ('ir_s09_salon_746c62ef2c29733d','seed_run_s09_osm_salons_20260502','organization','org_s09_salon_746c62ef2c29733d','seed_source_osm_salons_ng_20260502','ingested');
INSERT OR IGNORE INTO seed_entity_sources (id,seed_run_id,entity_type,entity_id,source_id,confidence_tier) VALUES ('es_s09_salon_746c62ef2c29733d','seed_run_s09_osm_salons_20260502','organization','org_s09_salon_746c62ef2c29733d','seed_source_osm_salons_ng_20260502','seeded');
INSERT OR IGNORE INTO seed_enrichment (id,seed_run_id,entity_type,entity_id,enrichment_type,enrichment_json) VALUES ('enr_s09_salon_746c62ef2c29733d','seed_run_s09_osm_salons_20260502','organization','org_s09_salon_746c62ef2c29733d','licence_data','{"osm_id": "1274785881", "amenity": "beauty", "addr_state": null, "denomination": null, "operator": null}');

INSERT OR IGNORE INTO organizations (id,tenant_id,organization_type,legal_name,display_name,registration_number,status,verification_state,created_at,updated_at) VALUES ('org_s09_salon_ee96d44e1c48b81c','tenant_platform_seed','beauty_salon','Usman Barber Shop','Usman Barber Shop',NULL,'active','seeded',unixepoch(),unixepoch());
INSERT OR IGNORE INTO profiles (id,subject_id,subject_type,primary_place_id,tenant_id,workspace_id,display_name,created_at,updated_at) VALUES ('prof_s09_salon_ee96d44e1c48b81c','org_s09_salon_ee96d44e1c48b81c','organization','place_nigeria_001','tenant_platform_seed','workspace_platform_seed_discovery','Usman Barber Shop',unixepoch(),unixepoch());
INSERT OR IGNORE INTO search_entries (id,profile_id,display_name,keywords,ancestry_path,vertical,created_at,updated_at) VALUES ('se_s09_salon_ee96d44e1c48b81c','prof_s09_salon_ee96d44e1c48b81c','Usman Barber Shop','usman barber shop salon barber hair beauty nigeria','place_nigeria_001','beauty_salon',unixepoch(),unixepoch());
INSERT OR IGNORE INTO seed_ingestion_records (id,seed_run_id,entity_type,entity_id,source_id,status) VALUES ('ir_s09_salon_ee96d44e1c48b81c','seed_run_s09_osm_salons_20260502','organization','org_s09_salon_ee96d44e1c48b81c','seed_source_osm_salons_ng_20260502','ingested');
INSERT OR IGNORE INTO seed_entity_sources (id,seed_run_id,entity_type,entity_id,source_id,confidence_tier) VALUES ('es_s09_salon_ee96d44e1c48b81c','seed_run_s09_osm_salons_20260502','organization','org_s09_salon_ee96d44e1c48b81c','seed_source_osm_salons_ng_20260502','seeded');
INSERT OR IGNORE INTO seed_enrichment (id,seed_run_id,entity_type,entity_id,enrichment_type,enrichment_json) VALUES ('enr_s09_salon_ee96d44e1c48b81c','seed_run_s09_osm_salons_20260502','organization','org_s09_salon_ee96d44e1c48b81c','licence_data','{"osm_id": "4359053498", "amenity": "hairdresser", "addr_state": null, "denomination": null, "operator": null}');

INSERT OR IGNORE INTO organizations (id,tenant_id,organization_type,legal_name,display_name,registration_number,status,verification_state,created_at,updated_at) VALUES ('org_s09_salon_644a2e7ee9cc81c1','tenant_platform_seed','beauty_salon','Oumarou Sanda','Oumarou Sanda',NULL,'active','seeded',unixepoch(),unixepoch());
INSERT OR IGNORE INTO profiles (id,subject_id,subject_type,primary_place_id,tenant_id,workspace_id,display_name,created_at,updated_at) VALUES ('prof_s09_salon_644a2e7ee9cc81c1','org_s09_salon_644a2e7ee9cc81c1','organization','place_nigeria_001','tenant_platform_seed','workspace_platform_seed_discovery','Oumarou Sanda',unixepoch(),unixepoch());
INSERT OR IGNORE INTO search_entries (id,profile_id,display_name,keywords,ancestry_path,vertical,created_at,updated_at) VALUES ('se_s09_salon_644a2e7ee9cc81c1','prof_s09_salon_644a2e7ee9cc81c1','Oumarou Sanda','oumarou sanda salon barber hair beauty nigeria','place_nigeria_001','beauty_salon',unixepoch(),unixepoch());
INSERT OR IGNORE INTO seed_ingestion_records (id,seed_run_id,entity_type,entity_id,source_id,status) VALUES ('ir_s09_salon_644a2e7ee9cc81c1','seed_run_s09_osm_salons_20260502','organization','org_s09_salon_644a2e7ee9cc81c1','seed_source_osm_salons_ng_20260502','ingested');
INSERT OR IGNORE INTO seed_entity_sources (id,seed_run_id,entity_type,entity_id,source_id,confidence_tier) VALUES ('es_s09_salon_644a2e7ee9cc81c1','seed_run_s09_osm_salons_20260502','organization','org_s09_salon_644a2e7ee9cc81c1','seed_source_osm_salons_ng_20260502','seeded');
INSERT OR IGNORE INTO seed_enrichment (id,seed_run_id,entity_type,entity_id,enrichment_type,enrichment_json) VALUES ('enr_s09_salon_644a2e7ee9cc81c1','seed_run_s09_osm_salons_20260502','organization','org_s09_salon_644a2e7ee9cc81c1','licence_data','{"osm_id": "5942752680", "amenity": "hairdresser", "addr_state": null, "denomination": null, "operator": null}');

INSERT OR IGNORE INTO organizations (id,tenant_id,organization_type,legal_name,display_name,registration_number,status,verification_state,created_at,updated_at) VALUES ('org_s09_salon_d977b3a14c3bc52a','tenant_platform_seed','beauty_salon','Ibrahim Sherif','Ibrahim Sherif',NULL,'active','seeded',unixepoch(),unixepoch());
INSERT OR IGNORE INTO profiles (id,subject_id,subject_type,primary_place_id,tenant_id,workspace_id,display_name,created_at,updated_at) VALUES ('prof_s09_salon_d977b3a14c3bc52a','org_s09_salon_d977b3a14c3bc52a','organization','place_nigeria_001','tenant_platform_seed','workspace_platform_seed_discovery','Ibrahim Sherif',unixepoch(),unixepoch());
INSERT OR IGNORE INTO search_entries (id,profile_id,display_name,keywords,ancestry_path,vertical,created_at,updated_at) VALUES ('se_s09_salon_d977b3a14c3bc52a','prof_s09_salon_d977b3a14c3bc52a','Ibrahim Sherif','ibrahim sherif salon barber hair beauty nigeria','place_nigeria_001','beauty_salon',unixepoch(),unixepoch());
INSERT OR IGNORE INTO seed_ingestion_records (id,seed_run_id,entity_type,entity_id,source_id,status) VALUES ('ir_s09_salon_d977b3a14c3bc52a','seed_run_s09_osm_salons_20260502','organization','org_s09_salon_d977b3a14c3bc52a','seed_source_osm_salons_ng_20260502','ingested');
INSERT OR IGNORE INTO seed_entity_sources (id,seed_run_id,entity_type,entity_id,source_id,confidence_tier) VALUES ('es_s09_salon_d977b3a14c3bc52a','seed_run_s09_osm_salons_20260502','organization','org_s09_salon_d977b3a14c3bc52a','seed_source_osm_salons_ng_20260502','seeded');
INSERT OR IGNORE INTO seed_enrichment (id,seed_run_id,entity_type,entity_id,enrichment_type,enrichment_json) VALUES ('enr_s09_salon_d977b3a14c3bc52a','seed_run_s09_osm_salons_20260502','organization','org_s09_salon_d977b3a14c3bc52a','licence_data','{"osm_id": "5942752681", "amenity": "hairdresser", "addr_state": null, "denomination": null, "operator": null}');

INSERT OR IGNORE INTO organizations (id,tenant_id,organization_type,legal_name,display_name,registration_number,status,verification_state,created_at,updated_at) VALUES ('org_s09_salon_dbcbdcee4525a06c','tenant_platform_seed','beauty_salon','Felix Coiffure','Felix Coiffure',NULL,'active','seeded',unixepoch(),unixepoch());
INSERT OR IGNORE INTO profiles (id,subject_id,subject_type,primary_place_id,tenant_id,workspace_id,display_name,created_at,updated_at) VALUES ('prof_s09_salon_dbcbdcee4525a06c','org_s09_salon_dbcbdcee4525a06c','organization','place_nigeria_001','tenant_platform_seed','workspace_platform_seed_discovery','Felix Coiffure',unixepoch(),unixepoch());
INSERT OR IGNORE INTO search_entries (id,profile_id,display_name,keywords,ancestry_path,vertical,created_at,updated_at) VALUES ('se_s09_salon_dbcbdcee4525a06c','prof_s09_salon_dbcbdcee4525a06c','Felix Coiffure','felix coiffure salon barber hair beauty nigeria','place_nigeria_001','beauty_salon',unixepoch(),unixepoch());
INSERT OR IGNORE INTO seed_ingestion_records (id,seed_run_id,entity_type,entity_id,source_id,status) VALUES ('ir_s09_salon_dbcbdcee4525a06c','seed_run_s09_osm_salons_20260502','organization','org_s09_salon_dbcbdcee4525a06c','seed_source_osm_salons_ng_20260502','ingested');
INSERT OR IGNORE INTO seed_entity_sources (id,seed_run_id,entity_type,entity_id,source_id,confidence_tier) VALUES ('es_s09_salon_dbcbdcee4525a06c','seed_run_s09_osm_salons_20260502','organization','org_s09_salon_dbcbdcee4525a06c','seed_source_osm_salons_ng_20260502','seeded');
INSERT OR IGNORE INTO seed_enrichment (id,seed_run_id,entity_type,entity_id,enrichment_type,enrichment_json) VALUES ('enr_s09_salon_dbcbdcee4525a06c','seed_run_s09_osm_salons_20260502','organization','org_s09_salon_dbcbdcee4525a06c','licence_data','{"osm_id": "5942752682", "amenity": "hairdresser", "addr_state": null, "denomination": null, "operator": null}');

INSERT OR IGNORE INTO organizations (id,tenant_id,organization_type,legal_name,display_name,registration_number,status,verification_state,created_at,updated_at) VALUES ('org_s09_salon_7064b06c131b99db','tenant_platform_seed','beauty_salon','Gervais Coiffure','Gervais Coiffure',NULL,'active','seeded',unixepoch(),unixepoch());
INSERT OR IGNORE INTO profiles (id,subject_id,subject_type,primary_place_id,tenant_id,workspace_id,display_name,created_at,updated_at) VALUES ('prof_s09_salon_7064b06c131b99db','org_s09_salon_7064b06c131b99db','organization','place_nigeria_001','tenant_platform_seed','workspace_platform_seed_discovery','Gervais Coiffure',unixepoch(),unixepoch());
INSERT OR IGNORE INTO search_entries (id,profile_id,display_name,keywords,ancestry_path,vertical,created_at,updated_at) VALUES ('se_s09_salon_7064b06c131b99db','prof_s09_salon_7064b06c131b99db','Gervais Coiffure','gervais coiffure salon barber hair beauty nigeria','place_nigeria_001','beauty_salon',unixepoch(),unixepoch());
INSERT OR IGNORE INTO seed_ingestion_records (id,seed_run_id,entity_type,entity_id,source_id,status) VALUES ('ir_s09_salon_7064b06c131b99db','seed_run_s09_osm_salons_20260502','organization','org_s09_salon_7064b06c131b99db','seed_source_osm_salons_ng_20260502','ingested');
INSERT OR IGNORE INTO seed_entity_sources (id,seed_run_id,entity_type,entity_id,source_id,confidence_tier) VALUES ('es_s09_salon_7064b06c131b99db','seed_run_s09_osm_salons_20260502','organization','org_s09_salon_7064b06c131b99db','seed_source_osm_salons_ng_20260502','seeded');
INSERT OR IGNORE INTO seed_enrichment (id,seed_run_id,entity_type,entity_id,enrichment_type,enrichment_json) VALUES ('enr_s09_salon_7064b06c131b99db','seed_run_s09_osm_salons_20260502','organization','org_s09_salon_7064b06c131b99db','licence_data','{"osm_id": "5942752683", "amenity": "hairdresser", "addr_state": null, "denomination": null, "operator": null}');

INSERT OR IGNORE INTO organizations (id,tenant_id,organization_type,legal_name,display_name,registration_number,status,verification_state,created_at,updated_at) VALUES ('org_s09_salon_ee73265897a526e2','tenant_platform_seed','beauty_salon','Formen Coiffure','Formen Coiffure',NULL,'active','seeded',unixepoch(),unixepoch());
INSERT OR IGNORE INTO profiles (id,subject_id,subject_type,primary_place_id,tenant_id,workspace_id,display_name,created_at,updated_at) VALUES ('prof_s09_salon_ee73265897a526e2','org_s09_salon_ee73265897a526e2','organization','place_nigeria_001','tenant_platform_seed','workspace_platform_seed_discovery','Formen Coiffure',unixepoch(),unixepoch());
INSERT OR IGNORE INTO search_entries (id,profile_id,display_name,keywords,ancestry_path,vertical,created_at,updated_at) VALUES ('se_s09_salon_ee73265897a526e2','prof_s09_salon_ee73265897a526e2','Formen Coiffure','formen coiffure salon barber hair beauty nigeria','place_nigeria_001','beauty_salon',unixepoch(),unixepoch());
INSERT OR IGNORE INTO seed_ingestion_records (id,seed_run_id,entity_type,entity_id,source_id,status) VALUES ('ir_s09_salon_ee73265897a526e2','seed_run_s09_osm_salons_20260502','organization','org_s09_salon_ee73265897a526e2','seed_source_osm_salons_ng_20260502','ingested');
INSERT OR IGNORE INTO seed_entity_sources (id,seed_run_id,entity_type,entity_id,source_id,confidence_tier) VALUES ('es_s09_salon_ee73265897a526e2','seed_run_s09_osm_salons_20260502','organization','org_s09_salon_ee73265897a526e2','seed_source_osm_salons_ng_20260502','seeded');
INSERT OR IGNORE INTO seed_enrichment (id,seed_run_id,entity_type,entity_id,enrichment_type,enrichment_json) VALUES ('enr_s09_salon_ee73265897a526e2','seed_run_s09_osm_salons_20260502','organization','org_s09_salon_ee73265897a526e2','licence_data','{"osm_id": "5942752684", "amenity": "hairdresser", "addr_state": null, "denomination": null, "operator": null}');

INSERT OR IGNORE INTO organizations (id,tenant_id,organization_type,legal_name,display_name,registration_number,status,verification_state,created_at,updated_at) VALUES ('org_s09_salon_6ddd0465226ceadd','tenant_platform_seed','beauty_salon','Salon Coiffure 7 Etoiles Vip','Salon Coiffure 7 Etoiles Vip',NULL,'active','seeded',unixepoch(),unixepoch());
INSERT OR IGNORE INTO profiles (id,subject_id,subject_type,primary_place_id,tenant_id,workspace_id,display_name,created_at,updated_at) VALUES ('prof_s09_salon_6ddd0465226ceadd','org_s09_salon_6ddd0465226ceadd','organization','place_nigeria_001','tenant_platform_seed','workspace_platform_seed_discovery','Salon Coiffure 7 Etoiles Vip',unixepoch(),unixepoch());
INSERT OR IGNORE INTO search_entries (id,profile_id,display_name,keywords,ancestry_path,vertical,created_at,updated_at) VALUES ('se_s09_salon_6ddd0465226ceadd','prof_s09_salon_6ddd0465226ceadd','Salon Coiffure 7 Etoiles Vip','salon coiffure 7 etoiles vip salon barber hair beauty nigeria','place_nigeria_001','beauty_salon',unixepoch(),unixepoch());
INSERT OR IGNORE INTO seed_ingestion_records (id,seed_run_id,entity_type,entity_id,source_id,status) VALUES ('ir_s09_salon_6ddd0465226ceadd','seed_run_s09_osm_salons_20260502','organization','org_s09_salon_6ddd0465226ceadd','seed_source_osm_salons_ng_20260502','ingested');
INSERT OR IGNORE INTO seed_entity_sources (id,seed_run_id,entity_type,entity_id,source_id,confidence_tier) VALUES ('es_s09_salon_6ddd0465226ceadd','seed_run_s09_osm_salons_20260502','organization','org_s09_salon_6ddd0465226ceadd','seed_source_osm_salons_ng_20260502','seeded');
INSERT OR IGNORE INTO seed_enrichment (id,seed_run_id,entity_type,entity_id,enrichment_type,enrichment_json) VALUES ('enr_s09_salon_6ddd0465226ceadd','seed_run_s09_osm_salons_20260502','organization','org_s09_salon_6ddd0465226ceadd','licence_data','{"osm_id": "5942752685", "amenity": "hairdresser", "addr_state": null, "denomination": null, "operator": null}');

INSERT OR IGNORE INTO organizations (id,tenant_id,organization_type,legal_name,display_name,registration_number,status,verification_state,created_at,updated_at) VALUES ('org_s09_salon_cd9d9613703e2fb3','tenant_platform_seed','beauty_salon','Senateur Coiffure','Senateur Coiffure',NULL,'active','seeded',unixepoch(),unixepoch());
INSERT OR IGNORE INTO profiles (id,subject_id,subject_type,primary_place_id,tenant_id,workspace_id,display_name,created_at,updated_at) VALUES ('prof_s09_salon_cd9d9613703e2fb3','org_s09_salon_cd9d9613703e2fb3','organization','place_nigeria_001','tenant_platform_seed','workspace_platform_seed_discovery','Senateur Coiffure',unixepoch(),unixepoch());
INSERT OR IGNORE INTO search_entries (id,profile_id,display_name,keywords,ancestry_path,vertical,created_at,updated_at) VALUES ('se_s09_salon_cd9d9613703e2fb3','prof_s09_salon_cd9d9613703e2fb3','Senateur Coiffure','senateur coiffure salon barber hair beauty nigeria','place_nigeria_001','beauty_salon',unixepoch(),unixepoch());
INSERT OR IGNORE INTO seed_ingestion_records (id,seed_run_id,entity_type,entity_id,source_id,status) VALUES ('ir_s09_salon_cd9d9613703e2fb3','seed_run_s09_osm_salons_20260502','organization','org_s09_salon_cd9d9613703e2fb3','seed_source_osm_salons_ng_20260502','ingested');
INSERT OR IGNORE INTO seed_entity_sources (id,seed_run_id,entity_type,entity_id,source_id,confidence_tier) VALUES ('es_s09_salon_cd9d9613703e2fb3','seed_run_s09_osm_salons_20260502','organization','org_s09_salon_cd9d9613703e2fb3','seed_source_osm_salons_ng_20260502','seeded');
INSERT OR IGNORE INTO seed_enrichment (id,seed_run_id,entity_type,entity_id,enrichment_type,enrichment_json) VALUES ('enr_s09_salon_cd9d9613703e2fb3','seed_run_s09_osm_salons_20260502','organization','org_s09_salon_cd9d9613703e2fb3','licence_data','{"osm_id": "5942752686", "amenity": "hairdresser", "addr_state": null, "denomination": null, "operator": null}');

INSERT OR IGNORE INTO organizations (id,tenant_id,organization_type,legal_name,display_name,registration_number,status,verification_state,created_at,updated_at) VALUES ('org_s09_salon_9cc64c34b021f4c1','tenant_platform_seed','beauty_salon','Salon de Coiffure Docteur Koumalo','Salon de Coiffure Docteur Koumalo',NULL,'active','seeded',unixepoch(),unixepoch());
INSERT OR IGNORE INTO profiles (id,subject_id,subject_type,primary_place_id,tenant_id,workspace_id,display_name,created_at,updated_at) VALUES ('prof_s09_salon_9cc64c34b021f4c1','org_s09_salon_9cc64c34b021f4c1','organization','place_nigeria_001','tenant_platform_seed','workspace_platform_seed_discovery','Salon de Coiffure Docteur Koumalo',unixepoch(),unixepoch());
INSERT OR IGNORE INTO search_entries (id,profile_id,display_name,keywords,ancestry_path,vertical,created_at,updated_at) VALUES ('se_s09_salon_9cc64c34b021f4c1','prof_s09_salon_9cc64c34b021f4c1','Salon de Coiffure Docteur Koumalo','salon de coiffure docteur koumalo salon barber hair beauty nigeria','place_nigeria_001','beauty_salon',unixepoch(),unixepoch());
INSERT OR IGNORE INTO seed_ingestion_records (id,seed_run_id,entity_type,entity_id,source_id,status) VALUES ('ir_s09_salon_9cc64c34b021f4c1','seed_run_s09_osm_salons_20260502','organization','org_s09_salon_9cc64c34b021f4c1','seed_source_osm_salons_ng_20260502','ingested');
INSERT OR IGNORE INTO seed_entity_sources (id,seed_run_id,entity_type,entity_id,source_id,confidence_tier) VALUES ('es_s09_salon_9cc64c34b021f4c1','seed_run_s09_osm_salons_20260502','organization','org_s09_salon_9cc64c34b021f4c1','seed_source_osm_salons_ng_20260502','seeded');
INSERT OR IGNORE INTO seed_enrichment (id,seed_run_id,entity_type,entity_id,enrichment_type,enrichment_json) VALUES ('enr_s09_salon_9cc64c34b021f4c1','seed_run_s09_osm_salons_20260502','organization','org_s09_salon_9cc64c34b021f4c1','licence_data','{"osm_id": "5942752687", "amenity": "hairdresser", "addr_state": null, "denomination": null, "operator": null}');

INSERT OR IGNORE INTO organizations (id,tenant_id,organization_type,legal_name,display_name,registration_number,status,verification_state,created_at,updated_at) VALUES ('org_s09_salon_3f8f152736889f3a','tenant_platform_seed','beauty_salon','Nsono Nicolas','Nsono Nicolas',NULL,'active','seeded',unixepoch(),unixepoch());
INSERT OR IGNORE INTO profiles (id,subject_id,subject_type,primary_place_id,tenant_id,workspace_id,display_name,created_at,updated_at) VALUES ('prof_s09_salon_3f8f152736889f3a','org_s09_salon_3f8f152736889f3a','organization','place_nigeria_001','tenant_platform_seed','workspace_platform_seed_discovery','Nsono Nicolas',unixepoch(),unixepoch());
INSERT OR IGNORE INTO search_entries (id,profile_id,display_name,keywords,ancestry_path,vertical,created_at,updated_at) VALUES ('se_s09_salon_3f8f152736889f3a','prof_s09_salon_3f8f152736889f3a','Nsono Nicolas','nsono nicolas salon barber hair beauty nigeria','place_nigeria_001','beauty_salon',unixepoch(),unixepoch());
INSERT OR IGNORE INTO seed_ingestion_records (id,seed_run_id,entity_type,entity_id,source_id,status) VALUES ('ir_s09_salon_3f8f152736889f3a','seed_run_s09_osm_salons_20260502','organization','org_s09_salon_3f8f152736889f3a','seed_source_osm_salons_ng_20260502','ingested');
INSERT OR IGNORE INTO seed_entity_sources (id,seed_run_id,entity_type,entity_id,source_id,confidence_tier) VALUES ('es_s09_salon_3f8f152736889f3a','seed_run_s09_osm_salons_20260502','organization','org_s09_salon_3f8f152736889f3a','seed_source_osm_salons_ng_20260502','seeded');
INSERT OR IGNORE INTO seed_enrichment (id,seed_run_id,entity_type,entity_id,enrichment_type,enrichment_json) VALUES ('enr_s09_salon_3f8f152736889f3a','seed_run_s09_osm_salons_20260502','organization','org_s09_salon_3f8f152736889f3a','licence_data','{"osm_id": "5942752690", "amenity": "hairdresser", "addr_state": null, "denomination": null, "operator": null}');

INSERT OR IGNORE INTO organizations (id,tenant_id,organization_type,legal_name,display_name,registration_number,status,verification_state,created_at,updated_at) VALUES ('org_s09_salon_e619ace060d292f5','tenant_platform_seed','beauty_salon','Vip Coiffure','Vip Coiffure',NULL,'active','seeded',unixepoch(),unixepoch());
INSERT OR IGNORE INTO profiles (id,subject_id,subject_type,primary_place_id,tenant_id,workspace_id,display_name,created_at,updated_at) VALUES ('prof_s09_salon_e619ace060d292f5','org_s09_salon_e619ace060d292f5','organization','place_nigeria_001','tenant_platform_seed','workspace_platform_seed_discovery','Vip Coiffure',unixepoch(),unixepoch());
INSERT OR IGNORE INTO search_entries (id,profile_id,display_name,keywords,ancestry_path,vertical,created_at,updated_at) VALUES ('se_s09_salon_e619ace060d292f5','prof_s09_salon_e619ace060d292f5','Vip Coiffure','vip coiffure salon barber hair beauty nigeria','place_nigeria_001','beauty_salon',unixepoch(),unixepoch());
INSERT OR IGNORE INTO seed_ingestion_records (id,seed_run_id,entity_type,entity_id,source_id,status) VALUES ('ir_s09_salon_e619ace060d292f5','seed_run_s09_osm_salons_20260502','organization','org_s09_salon_e619ace060d292f5','seed_source_osm_salons_ng_20260502','ingested');
INSERT OR IGNORE INTO seed_entity_sources (id,seed_run_id,entity_type,entity_id,source_id,confidence_tier) VALUES ('es_s09_salon_e619ace060d292f5','seed_run_s09_osm_salons_20260502','organization','org_s09_salon_e619ace060d292f5','seed_source_osm_salons_ng_20260502','seeded');
INSERT OR IGNORE INTO seed_enrichment (id,seed_run_id,entity_type,entity_id,enrichment_type,enrichment_json) VALUES ('enr_s09_salon_e619ace060d292f5','seed_run_s09_osm_salons_20260502','organization','org_s09_salon_e619ace060d292f5','licence_data','{"osm_id": "5942752691", "amenity": "hairdresser", "addr_state": null, "denomination": null, "operator": null}');

INSERT OR IGNORE INTO organizations (id,tenant_id,organization_type,legal_name,display_name,registration_number,status,verification_state,created_at,updated_at) VALUES ('org_s09_salon_931ca6f8a7d5cdbc','tenant_platform_seed','beauty_salon','Love Beauty Coiffure','Love Beauty Coiffure',NULL,'active','seeded',unixepoch(),unixepoch());
INSERT OR IGNORE INTO profiles (id,subject_id,subject_type,primary_place_id,tenant_id,workspace_id,display_name,created_at,updated_at) VALUES ('prof_s09_salon_931ca6f8a7d5cdbc','org_s09_salon_931ca6f8a7d5cdbc','organization','place_nigeria_001','tenant_platform_seed','workspace_platform_seed_discovery','Love Beauty Coiffure',unixepoch(),unixepoch());
INSERT OR IGNORE INTO search_entries (id,profile_id,display_name,keywords,ancestry_path,vertical,created_at,updated_at) VALUES ('se_s09_salon_931ca6f8a7d5cdbc','prof_s09_salon_931ca6f8a7d5cdbc','Love Beauty Coiffure','love beauty coiffure salon barber hair beauty nigeria','place_nigeria_001','beauty_salon',unixepoch(),unixepoch());
INSERT OR IGNORE INTO seed_ingestion_records (id,seed_run_id,entity_type,entity_id,source_id,status) VALUES ('ir_s09_salon_931ca6f8a7d5cdbc','seed_run_s09_osm_salons_20260502','organization','org_s09_salon_931ca6f8a7d5cdbc','seed_source_osm_salons_ng_20260502','ingested');
INSERT OR IGNORE INTO seed_entity_sources (id,seed_run_id,entity_type,entity_id,source_id,confidence_tier) VALUES ('es_s09_salon_931ca6f8a7d5cdbc','seed_run_s09_osm_salons_20260502','organization','org_s09_salon_931ca6f8a7d5cdbc','seed_source_osm_salons_ng_20260502','seeded');
INSERT OR IGNORE INTO seed_enrichment (id,seed_run_id,entity_type,entity_id,enrichment_type,enrichment_json) VALUES ('enr_s09_salon_931ca6f8a7d5cdbc','seed_run_s09_osm_salons_20260502','organization','org_s09_salon_931ca6f8a7d5cdbc','licence_data','{"osm_id": "5942752692", "amenity": "hairdresser", "addr_state": null, "denomination": null, "operator": null}');

INSERT OR IGNORE INTO organizations (id,tenant_id,organization_type,legal_name,display_name,registration_number,status,verification_state,created_at,updated_at) VALUES ('org_s09_salon_7daf8c0a9cd0486e','tenant_platform_seed','beauty_salon','Ahmed','Ahmed',NULL,'active','seeded',unixepoch(),unixepoch());
INSERT OR IGNORE INTO profiles (id,subject_id,subject_type,primary_place_id,tenant_id,workspace_id,display_name,created_at,updated_at) VALUES ('prof_s09_salon_7daf8c0a9cd0486e','org_s09_salon_7daf8c0a9cd0486e','organization','place_nigeria_001','tenant_platform_seed','workspace_platform_seed_discovery','Ahmed',unixepoch(),unixepoch());
INSERT OR IGNORE INTO search_entries (id,profile_id,display_name,keywords,ancestry_path,vertical,created_at,updated_at) VALUES ('se_s09_salon_7daf8c0a9cd0486e','prof_s09_salon_7daf8c0a9cd0486e','Ahmed','ahmed salon barber hair beauty nigeria','place_nigeria_001','beauty_salon',unixepoch(),unixepoch());
INSERT OR IGNORE INTO seed_ingestion_records (id,seed_run_id,entity_type,entity_id,source_id,status) VALUES ('ir_s09_salon_7daf8c0a9cd0486e','seed_run_s09_osm_salons_20260502','organization','org_s09_salon_7daf8c0a9cd0486e','seed_source_osm_salons_ng_20260502','ingested');
INSERT OR IGNORE INTO seed_entity_sources (id,seed_run_id,entity_type,entity_id,source_id,confidence_tier) VALUES ('es_s09_salon_7daf8c0a9cd0486e','seed_run_s09_osm_salons_20260502','organization','org_s09_salon_7daf8c0a9cd0486e','seed_source_osm_salons_ng_20260502','seeded');
INSERT OR IGNORE INTO seed_enrichment (id,seed_run_id,entity_type,entity_id,enrichment_type,enrichment_json) VALUES ('enr_s09_salon_7daf8c0a9cd0486e','seed_run_s09_osm_salons_20260502','organization','org_s09_salon_7daf8c0a9cd0486e','licence_data','{"osm_id": "5942752693", "amenity": "hairdresser", "addr_state": null, "denomination": null, "operator": null}');

INSERT OR IGNORE INTO organizations (id,tenant_id,organization_type,legal_name,display_name,registration_number,status,verification_state,created_at,updated_at) VALUES ('org_s09_salon_cd861e80e1235923','tenant_platform_seed','beauty_salon','Luc Desiree','Luc Desiree',NULL,'active','seeded',unixepoch(),unixepoch());
INSERT OR IGNORE INTO profiles (id,subject_id,subject_type,primary_place_id,tenant_id,workspace_id,display_name,created_at,updated_at) VALUES ('prof_s09_salon_cd861e80e1235923','org_s09_salon_cd861e80e1235923','organization','place_nigeria_001','tenant_platform_seed','workspace_platform_seed_discovery','Luc Desiree',unixepoch(),unixepoch());
INSERT OR IGNORE INTO search_entries (id,profile_id,display_name,keywords,ancestry_path,vertical,created_at,updated_at) VALUES ('se_s09_salon_cd861e80e1235923','prof_s09_salon_cd861e80e1235923','Luc Desiree','luc desiree salon barber hair beauty nigeria','place_nigeria_001','beauty_salon',unixepoch(),unixepoch());
INSERT OR IGNORE INTO seed_ingestion_records (id,seed_run_id,entity_type,entity_id,source_id,status) VALUES ('ir_s09_salon_cd861e80e1235923','seed_run_s09_osm_salons_20260502','organization','org_s09_salon_cd861e80e1235923','seed_source_osm_salons_ng_20260502','ingested');
INSERT OR IGNORE INTO seed_entity_sources (id,seed_run_id,entity_type,entity_id,source_id,confidence_tier) VALUES ('es_s09_salon_cd861e80e1235923','seed_run_s09_osm_salons_20260502','organization','org_s09_salon_cd861e80e1235923','seed_source_osm_salons_ng_20260502','seeded');
INSERT OR IGNORE INTO seed_enrichment (id,seed_run_id,entity_type,entity_id,enrichment_type,enrichment_json) VALUES ('enr_s09_salon_cd861e80e1235923','seed_run_s09_osm_salons_20260502','organization','org_s09_salon_cd861e80e1235923','licence_data','{"osm_id": "5942752694", "amenity": "hairdresser", "addr_state": null, "denomination": null, "operator": null}');

INSERT OR IGNORE INTO organizations (id,tenant_id,organization_type,legal_name,display_name,registration_number,status,verification_state,created_at,updated_at) VALUES ('org_s09_salon_2d5d730783209809','tenant_platform_seed','beauty_salon','Bachirou','Bachirou',NULL,'active','seeded',unixepoch(),unixepoch());
INSERT OR IGNORE INTO profiles (id,subject_id,subject_type,primary_place_id,tenant_id,workspace_id,display_name,created_at,updated_at) VALUES ('prof_s09_salon_2d5d730783209809','org_s09_salon_2d5d730783209809','organization','place_nigeria_001','tenant_platform_seed','workspace_platform_seed_discovery','Bachirou',unixepoch(),unixepoch());
INSERT OR IGNORE INTO search_entries (id,profile_id,display_name,keywords,ancestry_path,vertical,created_at,updated_at) VALUES ('se_s09_salon_2d5d730783209809','prof_s09_salon_2d5d730783209809','Bachirou','bachirou salon barber hair beauty nigeria','place_nigeria_001','beauty_salon',unixepoch(),unixepoch());
INSERT OR IGNORE INTO seed_ingestion_records (id,seed_run_id,entity_type,entity_id,source_id,status) VALUES ('ir_s09_salon_2d5d730783209809','seed_run_s09_osm_salons_20260502','organization','org_s09_salon_2d5d730783209809','seed_source_osm_salons_ng_20260502','ingested');
INSERT OR IGNORE INTO seed_entity_sources (id,seed_run_id,entity_type,entity_id,source_id,confidence_tier) VALUES ('es_s09_salon_2d5d730783209809','seed_run_s09_osm_salons_20260502','organization','org_s09_salon_2d5d730783209809','seed_source_osm_salons_ng_20260502','seeded');
INSERT OR IGNORE INTO seed_enrichment (id,seed_run_id,entity_type,entity_id,enrichment_type,enrichment_json) VALUES ('enr_s09_salon_2d5d730783209809','seed_run_s09_osm_salons_20260502','organization','org_s09_salon_2d5d730783209809','licence_data','{"osm_id": "5942752695", "amenity": "hairdresser", "addr_state": null, "denomination": null, "operator": null}');

INSERT OR IGNORE INTO organizations (id,tenant_id,organization_type,legal_name,display_name,registration_number,status,verification_state,created_at,updated_at) VALUES ('org_s09_salon_3bed3ac89a3419fc','tenant_platform_seed','beauty_salon','Michel','Michel',NULL,'active','seeded',unixepoch(),unixepoch());
INSERT OR IGNORE INTO profiles (id,subject_id,subject_type,primary_place_id,tenant_id,workspace_id,display_name,created_at,updated_at) VALUES ('prof_s09_salon_3bed3ac89a3419fc','org_s09_salon_3bed3ac89a3419fc','organization','place_nigeria_001','tenant_platform_seed','workspace_platform_seed_discovery','Michel',unixepoch(),unixepoch());
INSERT OR IGNORE INTO search_entries (id,profile_id,display_name,keywords,ancestry_path,vertical,created_at,updated_at) VALUES ('se_s09_salon_3bed3ac89a3419fc','prof_s09_salon_3bed3ac89a3419fc','Michel','michel salon barber hair beauty nigeria','place_nigeria_001','beauty_salon',unixepoch(),unixepoch());
INSERT OR IGNORE INTO seed_ingestion_records (id,seed_run_id,entity_type,entity_id,source_id,status) VALUES ('ir_s09_salon_3bed3ac89a3419fc','seed_run_s09_osm_salons_20260502','organization','org_s09_salon_3bed3ac89a3419fc','seed_source_osm_salons_ng_20260502','ingested');
INSERT OR IGNORE INTO seed_entity_sources (id,seed_run_id,entity_type,entity_id,source_id,confidence_tier) VALUES ('es_s09_salon_3bed3ac89a3419fc','seed_run_s09_osm_salons_20260502','organization','org_s09_salon_3bed3ac89a3419fc','seed_source_osm_salons_ng_20260502','seeded');
INSERT OR IGNORE INTO seed_enrichment (id,seed_run_id,entity_type,entity_id,enrichment_type,enrichment_json) VALUES ('enr_s09_salon_3bed3ac89a3419fc','seed_run_s09_osm_salons_20260502','organization','org_s09_salon_3bed3ac89a3419fc','licence_data','{"osm_id": "5942752696", "amenity": "hairdresser", "addr_state": null, "denomination": null, "operator": null}');

INSERT OR IGNORE INTO organizations (id,tenant_id,organization_type,legal_name,display_name,registration_number,status,verification_state,created_at,updated_at) VALUES ('org_s09_salon_7118fe3a35ca893d','tenant_platform_seed','beauty_salon','Membre','Membre',NULL,'active','seeded',unixepoch(),unixepoch());
INSERT OR IGNORE INTO profiles (id,subject_id,subject_type,primary_place_id,tenant_id,workspace_id,display_name,created_at,updated_at) VALUES ('prof_s09_salon_7118fe3a35ca893d','org_s09_salon_7118fe3a35ca893d','organization','place_nigeria_001','tenant_platform_seed','workspace_platform_seed_discovery','Membre',unixepoch(),unixepoch());
INSERT OR IGNORE INTO search_entries (id,profile_id,display_name,keywords,ancestry_path,vertical,created_at,updated_at) VALUES ('se_s09_salon_7118fe3a35ca893d','prof_s09_salon_7118fe3a35ca893d','Membre','membre salon barber hair beauty nigeria','place_nigeria_001','beauty_salon',unixepoch(),unixepoch());
INSERT OR IGNORE INTO seed_ingestion_records (id,seed_run_id,entity_type,entity_id,source_id,status) VALUES ('ir_s09_salon_7118fe3a35ca893d','seed_run_s09_osm_salons_20260502','organization','org_s09_salon_7118fe3a35ca893d','seed_source_osm_salons_ng_20260502','ingested');
INSERT OR IGNORE INTO seed_entity_sources (id,seed_run_id,entity_type,entity_id,source_id,confidence_tier) VALUES ('es_s09_salon_7118fe3a35ca893d','seed_run_s09_osm_salons_20260502','organization','org_s09_salon_7118fe3a35ca893d','seed_source_osm_salons_ng_20260502','seeded');
INSERT OR IGNORE INTO seed_enrichment (id,seed_run_id,entity_type,entity_id,enrichment_type,enrichment_json) VALUES ('enr_s09_salon_7118fe3a35ca893d','seed_run_s09_osm_salons_20260502','organization','org_s09_salon_7118fe3a35ca893d','licence_data','{"osm_id": "5942752699", "amenity": "hairdresser", "addr_state": null, "denomination": null, "operator": null}');

INSERT OR IGNORE INTO organizations (id,tenant_id,organization_type,legal_name,display_name,registration_number,status,verification_state,created_at,updated_at) VALUES ('org_s09_salon_2bda27abb15866e0','tenant_platform_seed','beauty_salon','Guirokomi Youssouphou','Guirokomi Youssouphou',NULL,'active','seeded',unixepoch(),unixepoch());
INSERT OR IGNORE INTO profiles (id,subject_id,subject_type,primary_place_id,tenant_id,workspace_id,display_name,created_at,updated_at) VALUES ('prof_s09_salon_2bda27abb15866e0','org_s09_salon_2bda27abb15866e0','organization','place_nigeria_001','tenant_platform_seed','workspace_platform_seed_discovery','Guirokomi Youssouphou',unixepoch(),unixepoch());
INSERT OR IGNORE INTO search_entries (id,profile_id,display_name,keywords,ancestry_path,vertical,created_at,updated_at) VALUES ('se_s09_salon_2bda27abb15866e0','prof_s09_salon_2bda27abb15866e0','Guirokomi Youssouphou','guirokomi youssouphou salon barber hair beauty nigeria','place_nigeria_001','beauty_salon',unixepoch(),unixepoch());
INSERT OR IGNORE INTO seed_ingestion_records (id,seed_run_id,entity_type,entity_id,source_id,status) VALUES ('ir_s09_salon_2bda27abb15866e0','seed_run_s09_osm_salons_20260502','organization','org_s09_salon_2bda27abb15866e0','seed_source_osm_salons_ng_20260502','ingested');
INSERT OR IGNORE INTO seed_entity_sources (id,seed_run_id,entity_type,entity_id,source_id,confidence_tier) VALUES ('es_s09_salon_2bda27abb15866e0','seed_run_s09_osm_salons_20260502','organization','org_s09_salon_2bda27abb15866e0','seed_source_osm_salons_ng_20260502','seeded');
INSERT OR IGNORE INTO seed_enrichment (id,seed_run_id,entity_type,entity_id,enrichment_type,enrichment_json) VALUES ('enr_s09_salon_2bda27abb15866e0','seed_run_s09_osm_salons_20260502','organization','org_s09_salon_2bda27abb15866e0','licence_data','{"osm_id": "5942752700", "amenity": "hairdresser", "addr_state": null, "denomination": null, "operator": null}');

INSERT OR IGNORE INTO organizations (id,tenant_id,organization_type,legal_name,display_name,registration_number,status,verification_state,created_at,updated_at) VALUES ('org_s09_salon_ba1e6c7a2fe325ac','tenant_platform_seed','beauty_salon','Suzanne','Suzanne',NULL,'active','seeded',unixepoch(),unixepoch());
INSERT OR IGNORE INTO profiles (id,subject_id,subject_type,primary_place_id,tenant_id,workspace_id,display_name,created_at,updated_at) VALUES ('prof_s09_salon_ba1e6c7a2fe325ac','org_s09_salon_ba1e6c7a2fe325ac','organization','place_nigeria_001','tenant_platform_seed','workspace_platform_seed_discovery','Suzanne',unixepoch(),unixepoch());
INSERT OR IGNORE INTO search_entries (id,profile_id,display_name,keywords,ancestry_path,vertical,created_at,updated_at) VALUES ('se_s09_salon_ba1e6c7a2fe325ac','prof_s09_salon_ba1e6c7a2fe325ac','Suzanne','suzanne salon barber hair beauty nigeria','place_nigeria_001','beauty_salon',unixepoch(),unixepoch());
INSERT OR IGNORE INTO seed_ingestion_records (id,seed_run_id,entity_type,entity_id,source_id,status) VALUES ('ir_s09_salon_ba1e6c7a2fe325ac','seed_run_s09_osm_salons_20260502','organization','org_s09_salon_ba1e6c7a2fe325ac','seed_source_osm_salons_ng_20260502','ingested');
INSERT OR IGNORE INTO seed_entity_sources (id,seed_run_id,entity_type,entity_id,source_id,confidence_tier) VALUES ('es_s09_salon_ba1e6c7a2fe325ac','seed_run_s09_osm_salons_20260502','organization','org_s09_salon_ba1e6c7a2fe325ac','seed_source_osm_salons_ng_20260502','seeded');
INSERT OR IGNORE INTO seed_enrichment (id,seed_run_id,entity_type,entity_id,enrichment_type,enrichment_json) VALUES ('enr_s09_salon_ba1e6c7a2fe325ac','seed_run_s09_osm_salons_20260502','organization','org_s09_salon_ba1e6c7a2fe325ac','licence_data','{"osm_id": "5942752701", "amenity": "hairdresser", "addr_state": null, "denomination": null, "operator": null}');

INSERT OR IGNORE INTO organizations (id,tenant_id,organization_type,legal_name,display_name,registration_number,status,verification_state,created_at,updated_at) VALUES ('org_s09_salon_6cb58623965fc07d','tenant_platform_seed','beauty_salon','Mamoudou Abdouraman','Mamoudou Abdouraman',NULL,'active','seeded',unixepoch(),unixepoch());
INSERT OR IGNORE INTO profiles (id,subject_id,subject_type,primary_place_id,tenant_id,workspace_id,display_name,created_at,updated_at) VALUES ('prof_s09_salon_6cb58623965fc07d','org_s09_salon_6cb58623965fc07d','organization','place_nigeria_001','tenant_platform_seed','workspace_platform_seed_discovery','Mamoudou Abdouraman',unixepoch(),unixepoch());
INSERT OR IGNORE INTO search_entries (id,profile_id,display_name,keywords,ancestry_path,vertical,created_at,updated_at) VALUES ('se_s09_salon_6cb58623965fc07d','prof_s09_salon_6cb58623965fc07d','Mamoudou Abdouraman','mamoudou abdouraman salon barber hair beauty nigeria','place_nigeria_001','beauty_salon',unixepoch(),unixepoch());
INSERT OR IGNORE INTO seed_ingestion_records (id,seed_run_id,entity_type,entity_id,source_id,status) VALUES ('ir_s09_salon_6cb58623965fc07d','seed_run_s09_osm_salons_20260502','organization','org_s09_salon_6cb58623965fc07d','seed_source_osm_salons_ng_20260502','ingested');
INSERT OR IGNORE INTO seed_entity_sources (id,seed_run_id,entity_type,entity_id,source_id,confidence_tier) VALUES ('es_s09_salon_6cb58623965fc07d','seed_run_s09_osm_salons_20260502','organization','org_s09_salon_6cb58623965fc07d','seed_source_osm_salons_ng_20260502','seeded');
INSERT OR IGNORE INTO seed_enrichment (id,seed_run_id,entity_type,entity_id,enrichment_type,enrichment_json) VALUES ('enr_s09_salon_6cb58623965fc07d','seed_run_s09_osm_salons_20260502','organization','org_s09_salon_6cb58623965fc07d','licence_data','{"osm_id": "5942752703", "amenity": "hairdresser", "addr_state": null, "denomination": null, "operator": null}');

INSERT OR IGNORE INTO organizations (id,tenant_id,organization_type,legal_name,display_name,registration_number,status,verification_state,created_at,updated_at) VALUES ('org_s09_salon_faa5f1a545ba9a1d','tenant_platform_seed','beauty_salon','Youssoupha Ousmanou','Youssoupha Ousmanou',NULL,'active','seeded',unixepoch(),unixepoch());
INSERT OR IGNORE INTO profiles (id,subject_id,subject_type,primary_place_id,tenant_id,workspace_id,display_name,created_at,updated_at) VALUES ('prof_s09_salon_faa5f1a545ba9a1d','org_s09_salon_faa5f1a545ba9a1d','organization','place_nigeria_001','tenant_platform_seed','workspace_platform_seed_discovery','Youssoupha Ousmanou',unixepoch(),unixepoch());
INSERT OR IGNORE INTO search_entries (id,profile_id,display_name,keywords,ancestry_path,vertical,created_at,updated_at) VALUES ('se_s09_salon_faa5f1a545ba9a1d','prof_s09_salon_faa5f1a545ba9a1d','Youssoupha Ousmanou','youssoupha ousmanou salon barber hair beauty nigeria','place_nigeria_001','beauty_salon',unixepoch(),unixepoch());
INSERT OR IGNORE INTO seed_ingestion_records (id,seed_run_id,entity_type,entity_id,source_id,status) VALUES ('ir_s09_salon_faa5f1a545ba9a1d','seed_run_s09_osm_salons_20260502','organization','org_s09_salon_faa5f1a545ba9a1d','seed_source_osm_salons_ng_20260502','ingested');
INSERT OR IGNORE INTO seed_entity_sources (id,seed_run_id,entity_type,entity_id,source_id,confidence_tier) VALUES ('es_s09_salon_faa5f1a545ba9a1d','seed_run_s09_osm_salons_20260502','organization','org_s09_salon_faa5f1a545ba9a1d','seed_source_osm_salons_ng_20260502','seeded');
INSERT OR IGNORE INTO seed_enrichment (id,seed_run_id,entity_type,entity_id,enrichment_type,enrichment_json) VALUES ('enr_s09_salon_faa5f1a545ba9a1d','seed_run_s09_osm_salons_20260502','organization','org_s09_salon_faa5f1a545ba9a1d','licence_data','{"osm_id": "5942752704", "amenity": "hairdresser", "addr_state": null, "denomination": null, "operator": null}');

INSERT OR IGNORE INTO organizations (id,tenant_id,organization_type,legal_name,display_name,registration_number,status,verification_state,created_at,updated_at) VALUES ('org_s09_salon_a2d1ab521c69efe5','tenant_platform_seed','beauty_salon','Hadja Nafissa','Hadja Nafissa',NULL,'active','seeded',unixepoch(),unixepoch());
INSERT OR IGNORE INTO profiles (id,subject_id,subject_type,primary_place_id,tenant_id,workspace_id,display_name,created_at,updated_at) VALUES ('prof_s09_salon_a2d1ab521c69efe5','org_s09_salon_a2d1ab521c69efe5','organization','place_nigeria_001','tenant_platform_seed','workspace_platform_seed_discovery','Hadja Nafissa',unixepoch(),unixepoch());
INSERT OR IGNORE INTO search_entries (id,profile_id,display_name,keywords,ancestry_path,vertical,created_at,updated_at) VALUES ('se_s09_salon_a2d1ab521c69efe5','prof_s09_salon_a2d1ab521c69efe5','Hadja Nafissa','hadja nafissa salon barber hair beauty nigeria','place_nigeria_001','beauty_salon',unixepoch(),unixepoch());
INSERT OR IGNORE INTO seed_ingestion_records (id,seed_run_id,entity_type,entity_id,source_id,status) VALUES ('ir_s09_salon_a2d1ab521c69efe5','seed_run_s09_osm_salons_20260502','organization','org_s09_salon_a2d1ab521c69efe5','seed_source_osm_salons_ng_20260502','ingested');
INSERT OR IGNORE INTO seed_entity_sources (id,seed_run_id,entity_type,entity_id,source_id,confidence_tier) VALUES ('es_s09_salon_a2d1ab521c69efe5','seed_run_s09_osm_salons_20260502','organization','org_s09_salon_a2d1ab521c69efe5','seed_source_osm_salons_ng_20260502','seeded');
INSERT OR IGNORE INTO seed_enrichment (id,seed_run_id,entity_type,entity_id,enrichment_type,enrichment_json) VALUES ('enr_s09_salon_a2d1ab521c69efe5','seed_run_s09_osm_salons_20260502','organization','org_s09_salon_a2d1ab521c69efe5','licence_data','{"osm_id": "5942752706", "amenity": "hairdresser", "addr_state": null, "denomination": null, "operator": null}');

INSERT OR IGNORE INTO organizations (id,tenant_id,organization_type,legal_name,display_name,registration_number,status,verification_state,created_at,updated_at) VALUES ('org_s09_salon_7ffb6a361ccf1315','tenant_platform_seed','beauty_salon','Chez Gabson Coiffure','Chez Gabson Coiffure',NULL,'active','seeded',unixepoch(),unixepoch());
INSERT OR IGNORE INTO profiles (id,subject_id,subject_type,primary_place_id,tenant_id,workspace_id,display_name,created_at,updated_at) VALUES ('prof_s09_salon_7ffb6a361ccf1315','org_s09_salon_7ffb6a361ccf1315','organization','place_nigeria_001','tenant_platform_seed','workspace_platform_seed_discovery','Chez Gabson Coiffure',unixepoch(),unixepoch());
INSERT OR IGNORE INTO search_entries (id,profile_id,display_name,keywords,ancestry_path,vertical,created_at,updated_at) VALUES ('se_s09_salon_7ffb6a361ccf1315','prof_s09_salon_7ffb6a361ccf1315','Chez Gabson Coiffure','chez gabson coiffure salon barber hair beauty nigeria','place_nigeria_001','beauty_salon',unixepoch(),unixepoch());
INSERT OR IGNORE INTO seed_ingestion_records (id,seed_run_id,entity_type,entity_id,source_id,status) VALUES ('ir_s09_salon_7ffb6a361ccf1315','seed_run_s09_osm_salons_20260502','organization','org_s09_salon_7ffb6a361ccf1315','seed_source_osm_salons_ng_20260502','ingested');
INSERT OR IGNORE INTO seed_entity_sources (id,seed_run_id,entity_type,entity_id,source_id,confidence_tier) VALUES ('es_s09_salon_7ffb6a361ccf1315','seed_run_s09_osm_salons_20260502','organization','org_s09_salon_7ffb6a361ccf1315','seed_source_osm_salons_ng_20260502','seeded');
INSERT OR IGNORE INTO seed_enrichment (id,seed_run_id,entity_type,entity_id,enrichment_type,enrichment_json) VALUES ('enr_s09_salon_7ffb6a361ccf1315','seed_run_s09_osm_salons_20260502','organization','org_s09_salon_7ffb6a361ccf1315','licence_data','{"osm_id": "5942752707", "amenity": "hairdresser", "addr_state": null, "denomination": null, "operator": null}');

INSERT OR IGNORE INTO organizations (id,tenant_id,organization_type,legal_name,display_name,registration_number,status,verification_state,created_at,updated_at) VALUES ('org_s09_salon_fbabf24241ec53ea','tenant_platform_seed','beauty_salon','Dawai Blaise','Dawai Blaise',NULL,'active','seeded',unixepoch(),unixepoch());
INSERT OR IGNORE INTO profiles (id,subject_id,subject_type,primary_place_id,tenant_id,workspace_id,display_name,created_at,updated_at) VALUES ('prof_s09_salon_fbabf24241ec53ea','org_s09_salon_fbabf24241ec53ea','organization','place_nigeria_001','tenant_platform_seed','workspace_platform_seed_discovery','Dawai Blaise',unixepoch(),unixepoch());
INSERT OR IGNORE INTO search_entries (id,profile_id,display_name,keywords,ancestry_path,vertical,created_at,updated_at) VALUES ('se_s09_salon_fbabf24241ec53ea','prof_s09_salon_fbabf24241ec53ea','Dawai Blaise','dawai blaise salon barber hair beauty nigeria','place_nigeria_001','beauty_salon',unixepoch(),unixepoch());
INSERT OR IGNORE INTO seed_ingestion_records (id,seed_run_id,entity_type,entity_id,source_id,status) VALUES ('ir_s09_salon_fbabf24241ec53ea','seed_run_s09_osm_salons_20260502','organization','org_s09_salon_fbabf24241ec53ea','seed_source_osm_salons_ng_20260502','ingested');
INSERT OR IGNORE INTO seed_entity_sources (id,seed_run_id,entity_type,entity_id,source_id,confidence_tier) VALUES ('es_s09_salon_fbabf24241ec53ea','seed_run_s09_osm_salons_20260502','organization','org_s09_salon_fbabf24241ec53ea','seed_source_osm_salons_ng_20260502','seeded');
INSERT OR IGNORE INTO seed_enrichment (id,seed_run_id,entity_type,entity_id,enrichment_type,enrichment_json) VALUES ('enr_s09_salon_fbabf24241ec53ea','seed_run_s09_osm_salons_20260502','organization','org_s09_salon_fbabf24241ec53ea','licence_data','{"osm_id": "5942752709", "amenity": "hairdresser", "addr_state": null, "denomination": null, "operator": null}');

INSERT OR IGNORE INTO organizations (id,tenant_id,organization_type,legal_name,display_name,registration_number,status,verification_state,created_at,updated_at) VALUES ('org_s09_salon_1b9e0ca5031abab4','tenant_platform_seed','beauty_salon','Saide','Saide',NULL,'active','seeded',unixepoch(),unixepoch());
INSERT OR IGNORE INTO profiles (id,subject_id,subject_type,primary_place_id,tenant_id,workspace_id,display_name,created_at,updated_at) VALUES ('prof_s09_salon_1b9e0ca5031abab4','org_s09_salon_1b9e0ca5031abab4','organization','place_nigeria_001','tenant_platform_seed','workspace_platform_seed_discovery','Saide',unixepoch(),unixepoch());
INSERT OR IGNORE INTO search_entries (id,profile_id,display_name,keywords,ancestry_path,vertical,created_at,updated_at) VALUES ('se_s09_salon_1b9e0ca5031abab4','prof_s09_salon_1b9e0ca5031abab4','Saide','saide salon barber hair beauty nigeria','place_nigeria_001','beauty_salon',unixepoch(),unixepoch());
INSERT OR IGNORE INTO seed_ingestion_records (id,seed_run_id,entity_type,entity_id,source_id,status) VALUES ('ir_s09_salon_1b9e0ca5031abab4','seed_run_s09_osm_salons_20260502','organization','org_s09_salon_1b9e0ca5031abab4','seed_source_osm_salons_ng_20260502','ingested');
INSERT OR IGNORE INTO seed_entity_sources (id,seed_run_id,entity_type,entity_id,source_id,confidence_tier) VALUES ('es_s09_salon_1b9e0ca5031abab4','seed_run_s09_osm_salons_20260502','organization','org_s09_salon_1b9e0ca5031abab4','seed_source_osm_salons_ng_20260502','seeded');
INSERT OR IGNORE INTO seed_enrichment (id,seed_run_id,entity_type,entity_id,enrichment_type,enrichment_json) VALUES ('enr_s09_salon_1b9e0ca5031abab4','seed_run_s09_osm_salons_20260502','organization','org_s09_salon_1b9e0ca5031abab4','licence_data','{"osm_id": "5942752710", "amenity": "hairdresser", "addr_state": null, "denomination": null, "operator": null}');

INSERT OR IGNORE INTO organizations (id,tenant_id,organization_type,legal_name,display_name,registration_number,status,verification_state,created_at,updated_at) VALUES ('org_s09_salon_ccdb713f92a77cff','tenant_platform_seed','beauty_salon','Sini','Sini',NULL,'active','seeded',unixepoch(),unixepoch());
INSERT OR IGNORE INTO profiles (id,subject_id,subject_type,primary_place_id,tenant_id,workspace_id,display_name,created_at,updated_at) VALUES ('prof_s09_salon_ccdb713f92a77cff','org_s09_salon_ccdb713f92a77cff','organization','place_nigeria_001','tenant_platform_seed','workspace_platform_seed_discovery','Sini',unixepoch(),unixepoch());
INSERT OR IGNORE INTO search_entries (id,profile_id,display_name,keywords,ancestry_path,vertical,created_at,updated_at) VALUES ('se_s09_salon_ccdb713f92a77cff','prof_s09_salon_ccdb713f92a77cff','Sini','sini salon barber hair beauty nigeria','place_nigeria_001','beauty_salon',unixepoch(),unixepoch());
INSERT OR IGNORE INTO seed_ingestion_records (id,seed_run_id,entity_type,entity_id,source_id,status) VALUES ('ir_s09_salon_ccdb713f92a77cff','seed_run_s09_osm_salons_20260502','organization','org_s09_salon_ccdb713f92a77cff','seed_source_osm_salons_ng_20260502','ingested');
INSERT OR IGNORE INTO seed_entity_sources (id,seed_run_id,entity_type,entity_id,source_id,confidence_tier) VALUES ('es_s09_salon_ccdb713f92a77cff','seed_run_s09_osm_salons_20260502','organization','org_s09_salon_ccdb713f92a77cff','seed_source_osm_salons_ng_20260502','seeded');
INSERT OR IGNORE INTO seed_enrichment (id,seed_run_id,entity_type,entity_id,enrichment_type,enrichment_json) VALUES ('enr_s09_salon_ccdb713f92a77cff','seed_run_s09_osm_salons_20260502','organization','org_s09_salon_ccdb713f92a77cff','licence_data','{"osm_id": "5942752711", "amenity": "hairdresser", "addr_state": null, "denomination": null, "operator": null}');

INSERT OR IGNORE INTO organizations (id,tenant_id,organization_type,legal_name,display_name,registration_number,status,verification_state,created_at,updated_at) VALUES ('org_s09_salon_0e07161e63d00e62','tenant_platform_seed','beauty_salon','Deli Ernestina John','Deli Ernestina John',NULL,'active','seeded',unixepoch(),unixepoch());
INSERT OR IGNORE INTO profiles (id,subject_id,subject_type,primary_place_id,tenant_id,workspace_id,display_name,created_at,updated_at) VALUES ('prof_s09_salon_0e07161e63d00e62','org_s09_salon_0e07161e63d00e62','organization','place_nigeria_001','tenant_platform_seed','workspace_platform_seed_discovery','Deli Ernestina John',unixepoch(),unixepoch());
INSERT OR IGNORE INTO search_entries (id,profile_id,display_name,keywords,ancestry_path,vertical,created_at,updated_at) VALUES ('se_s09_salon_0e07161e63d00e62','prof_s09_salon_0e07161e63d00e62','Deli Ernestina John','deli ernestina john salon barber hair beauty nigeria','place_nigeria_001','beauty_salon',unixepoch(),unixepoch());
INSERT OR IGNORE INTO seed_ingestion_records (id,seed_run_id,entity_type,entity_id,source_id,status) VALUES ('ir_s09_salon_0e07161e63d00e62','seed_run_s09_osm_salons_20260502','organization','org_s09_salon_0e07161e63d00e62','seed_source_osm_salons_ng_20260502','ingested');
INSERT OR IGNORE INTO seed_entity_sources (id,seed_run_id,entity_type,entity_id,source_id,confidence_tier) VALUES ('es_s09_salon_0e07161e63d00e62','seed_run_s09_osm_salons_20260502','organization','org_s09_salon_0e07161e63d00e62','seed_source_osm_salons_ng_20260502','seeded');
INSERT OR IGNORE INTO seed_enrichment (id,seed_run_id,entity_type,entity_id,enrichment_type,enrichment_json) VALUES ('enr_s09_salon_0e07161e63d00e62','seed_run_s09_osm_salons_20260502','organization','org_s09_salon_0e07161e63d00e62','licence_data','{"osm_id": "5942752712", "amenity": "hairdresser", "addr_state": null, "denomination": null, "operator": null}');

INSERT OR IGNORE INTO organizations (id,tenant_id,organization_type,legal_name,display_name,registration_number,status,verification_state,created_at,updated_at) VALUES ('org_s09_salon_9031fa715924ecb3','tenant_platform_seed','beauty_salon','Nesbeto Moise','Nesbeto Moise',NULL,'active','seeded',unixepoch(),unixepoch());
INSERT OR IGNORE INTO profiles (id,subject_id,subject_type,primary_place_id,tenant_id,workspace_id,display_name,created_at,updated_at) VALUES ('prof_s09_salon_9031fa715924ecb3','org_s09_salon_9031fa715924ecb3','organization','place_nigeria_001','tenant_platform_seed','workspace_platform_seed_discovery','Nesbeto Moise',unixepoch(),unixepoch());
INSERT OR IGNORE INTO search_entries (id,profile_id,display_name,keywords,ancestry_path,vertical,created_at,updated_at) VALUES ('se_s09_salon_9031fa715924ecb3','prof_s09_salon_9031fa715924ecb3','Nesbeto Moise','nesbeto moise salon barber hair beauty nigeria','place_nigeria_001','beauty_salon',unixepoch(),unixepoch());
INSERT OR IGNORE INTO seed_ingestion_records (id,seed_run_id,entity_type,entity_id,source_id,status) VALUES ('ir_s09_salon_9031fa715924ecb3','seed_run_s09_osm_salons_20260502','organization','org_s09_salon_9031fa715924ecb3','seed_source_osm_salons_ng_20260502','ingested');
INSERT OR IGNORE INTO seed_entity_sources (id,seed_run_id,entity_type,entity_id,source_id,confidence_tier) VALUES ('es_s09_salon_9031fa715924ecb3','seed_run_s09_osm_salons_20260502','organization','org_s09_salon_9031fa715924ecb3','seed_source_osm_salons_ng_20260502','seeded');
INSERT OR IGNORE INTO seed_enrichment (id,seed_run_id,entity_type,entity_id,enrichment_type,enrichment_json) VALUES ('enr_s09_salon_9031fa715924ecb3','seed_run_s09_osm_salons_20260502','organization','org_s09_salon_9031fa715924ecb3','licence_data','{"osm_id": "5942752714", "amenity": "hairdresser", "addr_state": null, "denomination": null, "operator": null}');

INSERT OR IGNORE INTO organizations (id,tenant_id,organization_type,legal_name,display_name,registration_number,status,verification_state,created_at,updated_at) VALUES ('org_s09_salon_7581fbf1b88c82ef','tenant_platform_seed','beauty_salon','Moussa','Moussa',NULL,'active','seeded',unixepoch(),unixepoch());
INSERT OR IGNORE INTO profiles (id,subject_id,subject_type,primary_place_id,tenant_id,workspace_id,display_name,created_at,updated_at) VALUES ('prof_s09_salon_7581fbf1b88c82ef','org_s09_salon_7581fbf1b88c82ef','organization','place_nigeria_001','tenant_platform_seed','workspace_platform_seed_discovery','Moussa',unixepoch(),unixepoch());
INSERT OR IGNORE INTO search_entries (id,profile_id,display_name,keywords,ancestry_path,vertical,created_at,updated_at) VALUES ('se_s09_salon_7581fbf1b88c82ef','prof_s09_salon_7581fbf1b88c82ef','Moussa','moussa salon barber hair beauty nigeria','place_nigeria_001','beauty_salon',unixepoch(),unixepoch());
INSERT OR IGNORE INTO seed_ingestion_records (id,seed_run_id,entity_type,entity_id,source_id,status) VALUES ('ir_s09_salon_7581fbf1b88c82ef','seed_run_s09_osm_salons_20260502','organization','org_s09_salon_7581fbf1b88c82ef','seed_source_osm_salons_ng_20260502','ingested');
INSERT OR IGNORE INTO seed_entity_sources (id,seed_run_id,entity_type,entity_id,source_id,confidence_tier) VALUES ('es_s09_salon_7581fbf1b88c82ef','seed_run_s09_osm_salons_20260502','organization','org_s09_salon_7581fbf1b88c82ef','seed_source_osm_salons_ng_20260502','seeded');
INSERT OR IGNORE INTO seed_enrichment (id,seed_run_id,entity_type,entity_id,enrichment_type,enrichment_json) VALUES ('enr_s09_salon_7581fbf1b88c82ef','seed_run_s09_osm_salons_20260502','organization','org_s09_salon_7581fbf1b88c82ef','licence_data','{"osm_id": "5942752715", "amenity": "hairdresser", "addr_state": null, "denomination": null, "operator": null}');

INSERT OR IGNORE INTO organizations (id,tenant_id,organization_type,legal_name,display_name,registration_number,status,verification_state,created_at,updated_at) VALUES ('org_s09_salon_18c226af6eaafa14','tenant_platform_seed','beauty_salon','Copine Coiffure','Copine Coiffure',NULL,'active','seeded',unixepoch(),unixepoch());
INSERT OR IGNORE INTO profiles (id,subject_id,subject_type,primary_place_id,tenant_id,workspace_id,display_name,created_at,updated_at) VALUES ('prof_s09_salon_18c226af6eaafa14','org_s09_salon_18c226af6eaafa14','organization','place_nigeria_001','tenant_platform_seed','workspace_platform_seed_discovery','Copine Coiffure',unixepoch(),unixepoch());
INSERT OR IGNORE INTO search_entries (id,profile_id,display_name,keywords,ancestry_path,vertical,created_at,updated_at) VALUES ('se_s09_salon_18c226af6eaafa14','prof_s09_salon_18c226af6eaafa14','Copine Coiffure','copine coiffure salon barber hair beauty nigeria','place_nigeria_001','beauty_salon',unixepoch(),unixepoch());
INSERT OR IGNORE INTO seed_ingestion_records (id,seed_run_id,entity_type,entity_id,source_id,status) VALUES ('ir_s09_salon_18c226af6eaafa14','seed_run_s09_osm_salons_20260502','organization','org_s09_salon_18c226af6eaafa14','seed_source_osm_salons_ng_20260502','ingested');
INSERT OR IGNORE INTO seed_entity_sources (id,seed_run_id,entity_type,entity_id,source_id,confidence_tier) VALUES ('es_s09_salon_18c226af6eaafa14','seed_run_s09_osm_salons_20260502','organization','org_s09_salon_18c226af6eaafa14','seed_source_osm_salons_ng_20260502','seeded');
INSERT OR IGNORE INTO seed_enrichment (id,seed_run_id,entity_type,entity_id,enrichment_type,enrichment_json) VALUES ('enr_s09_salon_18c226af6eaafa14','seed_run_s09_osm_salons_20260502','organization','org_s09_salon_18c226af6eaafa14','licence_data','{"osm_id": "5942752716", "amenity": "hairdresser", "addr_state": null, "denomination": null, "operator": null}');

INSERT OR IGNORE INTO organizations (id,tenant_id,organization_type,legal_name,display_name,registration_number,status,verification_state,created_at,updated_at) VALUES ('org_s09_salon_46da17de585bce45','tenant_platform_seed','beauty_salon','Marie Noel','Marie Noel',NULL,'active','seeded',unixepoch(),unixepoch());
INSERT OR IGNORE INTO profiles (id,subject_id,subject_type,primary_place_id,tenant_id,workspace_id,display_name,created_at,updated_at) VALUES ('prof_s09_salon_46da17de585bce45','org_s09_salon_46da17de585bce45','organization','place_nigeria_001','tenant_platform_seed','workspace_platform_seed_discovery','Marie Noel',unixepoch(),unixepoch());
INSERT OR IGNORE INTO search_entries (id,profile_id,display_name,keywords,ancestry_path,vertical,created_at,updated_at) VALUES ('se_s09_salon_46da17de585bce45','prof_s09_salon_46da17de585bce45','Marie Noel','marie noel salon barber hair beauty nigeria','place_nigeria_001','beauty_salon',unixepoch(),unixepoch());
INSERT OR IGNORE INTO seed_ingestion_records (id,seed_run_id,entity_type,entity_id,source_id,status) VALUES ('ir_s09_salon_46da17de585bce45','seed_run_s09_osm_salons_20260502','organization','org_s09_salon_46da17de585bce45','seed_source_osm_salons_ng_20260502','ingested');
INSERT OR IGNORE INTO seed_entity_sources (id,seed_run_id,entity_type,entity_id,source_id,confidence_tier) VALUES ('es_s09_salon_46da17de585bce45','seed_run_s09_osm_salons_20260502','organization','org_s09_salon_46da17de585bce45','seed_source_osm_salons_ng_20260502','seeded');
INSERT OR IGNORE INTO seed_enrichment (id,seed_run_id,entity_type,entity_id,enrichment_type,enrichment_json) VALUES ('enr_s09_salon_46da17de585bce45','seed_run_s09_osm_salons_20260502','organization','org_s09_salon_46da17de585bce45','licence_data','{"osm_id": "5942752717", "amenity": "hairdresser", "addr_state": null, "denomination": null, "operator": null}');

INSERT OR IGNORE INTO organizations (id,tenant_id,organization_type,legal_name,display_name,registration_number,status,verification_state,created_at,updated_at) VALUES ('org_s09_salon_cebda9566b1aa8dd','tenant_platform_seed','beauty_salon','Excellence Coiffure Vip','Excellence Coiffure Vip',NULL,'active','seeded',unixepoch(),unixepoch());
INSERT OR IGNORE INTO profiles (id,subject_id,subject_type,primary_place_id,tenant_id,workspace_id,display_name,created_at,updated_at) VALUES ('prof_s09_salon_cebda9566b1aa8dd','org_s09_salon_cebda9566b1aa8dd','organization','place_nigeria_001','tenant_platform_seed','workspace_platform_seed_discovery','Excellence Coiffure Vip',unixepoch(),unixepoch());
INSERT OR IGNORE INTO search_entries (id,profile_id,display_name,keywords,ancestry_path,vertical,created_at,updated_at) VALUES ('se_s09_salon_cebda9566b1aa8dd','prof_s09_salon_cebda9566b1aa8dd','Excellence Coiffure Vip','excellence coiffure vip salon barber hair beauty nigeria','place_nigeria_001','beauty_salon',unixepoch(),unixepoch());
INSERT OR IGNORE INTO seed_ingestion_records (id,seed_run_id,entity_type,entity_id,source_id,status) VALUES ('ir_s09_salon_cebda9566b1aa8dd','seed_run_s09_osm_salons_20260502','organization','org_s09_salon_cebda9566b1aa8dd','seed_source_osm_salons_ng_20260502','ingested');
INSERT OR IGNORE INTO seed_entity_sources (id,seed_run_id,entity_type,entity_id,source_id,confidence_tier) VALUES ('es_s09_salon_cebda9566b1aa8dd','seed_run_s09_osm_salons_20260502','organization','org_s09_salon_cebda9566b1aa8dd','seed_source_osm_salons_ng_20260502','seeded');
INSERT OR IGNORE INTO seed_enrichment (id,seed_run_id,entity_type,entity_id,enrichment_type,enrichment_json) VALUES ('enr_s09_salon_cebda9566b1aa8dd','seed_run_s09_osm_salons_20260502','organization','org_s09_salon_cebda9566b1aa8dd','licence_data','{"osm_id": "5942752720", "amenity": "hairdresser", "addr_state": null, "denomination": null, "operator": null}');

INSERT OR IGNORE INTO organizations (id,tenant_id,organization_type,legal_name,display_name,registration_number,status,verification_state,created_at,updated_at) VALUES ('org_s09_salon_e1641e71673b16cd','tenant_platform_seed','beauty_salon','Neneda Clarisse','Neneda Clarisse',NULL,'active','seeded',unixepoch(),unixepoch());
INSERT OR IGNORE INTO profiles (id,subject_id,subject_type,primary_place_id,tenant_id,workspace_id,display_name,created_at,updated_at) VALUES ('prof_s09_salon_e1641e71673b16cd','org_s09_salon_e1641e71673b16cd','organization','place_nigeria_001','tenant_platform_seed','workspace_platform_seed_discovery','Neneda Clarisse',unixepoch(),unixepoch());
INSERT OR IGNORE INTO search_entries (id,profile_id,display_name,keywords,ancestry_path,vertical,created_at,updated_at) VALUES ('se_s09_salon_e1641e71673b16cd','prof_s09_salon_e1641e71673b16cd','Neneda Clarisse','neneda clarisse salon barber hair beauty nigeria','place_nigeria_001','beauty_salon',unixepoch(),unixepoch());
INSERT OR IGNORE INTO seed_ingestion_records (id,seed_run_id,entity_type,entity_id,source_id,status) VALUES ('ir_s09_salon_e1641e71673b16cd','seed_run_s09_osm_salons_20260502','organization','org_s09_salon_e1641e71673b16cd','seed_source_osm_salons_ng_20260502','ingested');
INSERT OR IGNORE INTO seed_entity_sources (id,seed_run_id,entity_type,entity_id,source_id,confidence_tier) VALUES ('es_s09_salon_e1641e71673b16cd','seed_run_s09_osm_salons_20260502','organization','org_s09_salon_e1641e71673b16cd','seed_source_osm_salons_ng_20260502','seeded');
INSERT OR IGNORE INTO seed_enrichment (id,seed_run_id,entity_type,entity_id,enrichment_type,enrichment_json) VALUES ('enr_s09_salon_e1641e71673b16cd','seed_run_s09_osm_salons_20260502','organization','org_s09_salon_e1641e71673b16cd','licence_data','{"osm_id": "5942752721", "amenity": "hairdresser", "addr_state": null, "denomination": null, "operator": null}');

INSERT OR IGNORE INTO organizations (id,tenant_id,organization_type,legal_name,display_name,registration_number,status,verification_state,created_at,updated_at) VALUES ('org_s09_salon_0750206050172817','tenant_platform_seed','beauty_salon','Toukam','Toukam',NULL,'active','seeded',unixepoch(),unixepoch());
INSERT OR IGNORE INTO profiles (id,subject_id,subject_type,primary_place_id,tenant_id,workspace_id,display_name,created_at,updated_at) VALUES ('prof_s09_salon_0750206050172817','org_s09_salon_0750206050172817','organization','place_nigeria_001','tenant_platform_seed','workspace_platform_seed_discovery','Toukam',unixepoch(),unixepoch());
INSERT OR IGNORE INTO search_entries (id,profile_id,display_name,keywords,ancestry_path,vertical,created_at,updated_at) VALUES ('se_s09_salon_0750206050172817','prof_s09_salon_0750206050172817','Toukam','toukam salon barber hair beauty nigeria','place_nigeria_001','beauty_salon',unixepoch(),unixepoch());
INSERT OR IGNORE INTO seed_ingestion_records (id,seed_run_id,entity_type,entity_id,source_id,status) VALUES ('ir_s09_salon_0750206050172817','seed_run_s09_osm_salons_20260502','organization','org_s09_salon_0750206050172817','seed_source_osm_salons_ng_20260502','ingested');
INSERT OR IGNORE INTO seed_entity_sources (id,seed_run_id,entity_type,entity_id,source_id,confidence_tier) VALUES ('es_s09_salon_0750206050172817','seed_run_s09_osm_salons_20260502','organization','org_s09_salon_0750206050172817','seed_source_osm_salons_ng_20260502','seeded');
INSERT OR IGNORE INTO seed_enrichment (id,seed_run_id,entity_type,entity_id,enrichment_type,enrichment_json) VALUES ('enr_s09_salon_0750206050172817','seed_run_s09_osm_salons_20260502','organization','org_s09_salon_0750206050172817','licence_data','{"osm_id": "5942752722", "amenity": "hairdresser", "addr_state": null, "denomination": null, "operator": null}');

INSERT OR IGNORE INTO organizations (id,tenant_id,organization_type,legal_name,display_name,registration_number,status,verification_state,created_at,updated_at) VALUES ('org_s09_salon_3d6c88b74e23f461','tenant_platform_seed','beauty_salon','Kardashian Beauty','Kardashian Beauty',NULL,'active','seeded',unixepoch(),unixepoch());
INSERT OR IGNORE INTO profiles (id,subject_id,subject_type,primary_place_id,tenant_id,workspace_id,display_name,created_at,updated_at) VALUES ('prof_s09_salon_3d6c88b74e23f461','org_s09_salon_3d6c88b74e23f461','organization','place_nigeria_001','tenant_platform_seed','workspace_platform_seed_discovery','Kardashian Beauty',unixepoch(),unixepoch());
INSERT OR IGNORE INTO search_entries (id,profile_id,display_name,keywords,ancestry_path,vertical,created_at,updated_at) VALUES ('se_s09_salon_3d6c88b74e23f461','prof_s09_salon_3d6c88b74e23f461','Kardashian Beauty','kardashian beauty salon barber hair beauty nigeria','place_nigeria_001','beauty_salon',unixepoch(),unixepoch());
INSERT OR IGNORE INTO seed_ingestion_records (id,seed_run_id,entity_type,entity_id,source_id,status) VALUES ('ir_s09_salon_3d6c88b74e23f461','seed_run_s09_osm_salons_20260502','organization','org_s09_salon_3d6c88b74e23f461','seed_source_osm_salons_ng_20260502','ingested');
INSERT OR IGNORE INTO seed_entity_sources (id,seed_run_id,entity_type,entity_id,source_id,confidence_tier) VALUES ('es_s09_salon_3d6c88b74e23f461','seed_run_s09_osm_salons_20260502','organization','org_s09_salon_3d6c88b74e23f461','seed_source_osm_salons_ng_20260502','seeded');
INSERT OR IGNORE INTO seed_enrichment (id,seed_run_id,entity_type,entity_id,enrichment_type,enrichment_json) VALUES ('enr_s09_salon_3d6c88b74e23f461','seed_run_s09_osm_salons_20260502','organization','org_s09_salon_3d6c88b74e23f461','licence_data','{"osm_id": "5942752723", "amenity": "hairdresser", "addr_state": null, "denomination": null, "operator": null}');

INSERT OR IGNORE INTO organizations (id,tenant_id,organization_type,legal_name,display_name,registration_number,status,verification_state,created_at,updated_at) VALUES ('org_s09_salon_ee491d1d9da95763','tenant_platform_seed','beauty_salon','Odilya Coiffure','Odilya Coiffure',NULL,'active','seeded',unixepoch(),unixepoch());
INSERT OR IGNORE INTO profiles (id,subject_id,subject_type,primary_place_id,tenant_id,workspace_id,display_name,created_at,updated_at) VALUES ('prof_s09_salon_ee491d1d9da95763','org_s09_salon_ee491d1d9da95763','organization','place_nigeria_001','tenant_platform_seed','workspace_platform_seed_discovery','Odilya Coiffure',unixepoch(),unixepoch());
INSERT OR IGNORE INTO search_entries (id,profile_id,display_name,keywords,ancestry_path,vertical,created_at,updated_at) VALUES ('se_s09_salon_ee491d1d9da95763','prof_s09_salon_ee491d1d9da95763','Odilya Coiffure','odilya coiffure salon barber hair beauty nigeria','place_nigeria_001','beauty_salon',unixepoch(),unixepoch());
INSERT OR IGNORE INTO seed_ingestion_records (id,seed_run_id,entity_type,entity_id,source_id,status) VALUES ('ir_s09_salon_ee491d1d9da95763','seed_run_s09_osm_salons_20260502','organization','org_s09_salon_ee491d1d9da95763','seed_source_osm_salons_ng_20260502','ingested');
INSERT OR IGNORE INTO seed_entity_sources (id,seed_run_id,entity_type,entity_id,source_id,confidence_tier) VALUES ('es_s09_salon_ee491d1d9da95763','seed_run_s09_osm_salons_20260502','organization','org_s09_salon_ee491d1d9da95763','seed_source_osm_salons_ng_20260502','seeded');
INSERT OR IGNORE INTO seed_enrichment (id,seed_run_id,entity_type,entity_id,enrichment_type,enrichment_json) VALUES ('enr_s09_salon_ee491d1d9da95763','seed_run_s09_osm_salons_20260502','organization','org_s09_salon_ee491d1d9da95763','licence_data','{"osm_id": "5942752724", "amenity": "hairdresser", "addr_state": null, "denomination": null, "operator": null}');

INSERT OR IGNORE INTO organizations (id,tenant_id,organization_type,legal_name,display_name,registration_number,status,verification_state,created_at,updated_at) VALUES ('org_s09_salon_b68b367d50478805','tenant_platform_seed','beauty_salon','Holiwood Coiffure','Holiwood Coiffure',NULL,'active','seeded',unixepoch(),unixepoch());
INSERT OR IGNORE INTO profiles (id,subject_id,subject_type,primary_place_id,tenant_id,workspace_id,display_name,created_at,updated_at) VALUES ('prof_s09_salon_b68b367d50478805','org_s09_salon_b68b367d50478805','organization','place_nigeria_001','tenant_platform_seed','workspace_platform_seed_discovery','Holiwood Coiffure',unixepoch(),unixepoch());
INSERT OR IGNORE INTO search_entries (id,profile_id,display_name,keywords,ancestry_path,vertical,created_at,updated_at) VALUES ('se_s09_salon_b68b367d50478805','prof_s09_salon_b68b367d50478805','Holiwood Coiffure','holiwood coiffure salon barber hair beauty nigeria','place_nigeria_001','beauty_salon',unixepoch(),unixepoch());
INSERT OR IGNORE INTO seed_ingestion_records (id,seed_run_id,entity_type,entity_id,source_id,status) VALUES ('ir_s09_salon_b68b367d50478805','seed_run_s09_osm_salons_20260502','organization','org_s09_salon_b68b367d50478805','seed_source_osm_salons_ng_20260502','ingested');
INSERT OR IGNORE INTO seed_entity_sources (id,seed_run_id,entity_type,entity_id,source_id,confidence_tier) VALUES ('es_s09_salon_b68b367d50478805','seed_run_s09_osm_salons_20260502','organization','org_s09_salon_b68b367d50478805','seed_source_osm_salons_ng_20260502','seeded');
INSERT OR IGNORE INTO seed_enrichment (id,seed_run_id,entity_type,entity_id,enrichment_type,enrichment_json) VALUES ('enr_s09_salon_b68b367d50478805','seed_run_s09_osm_salons_20260502','organization','org_s09_salon_b68b367d50478805','licence_data','{"osm_id": "5942752725", "amenity": "hairdresser", "addr_state": null, "denomination": null, "operator": null}');

INSERT OR IGNORE INTO organizations (id,tenant_id,organization_type,legal_name,display_name,registration_number,status,verification_state,created_at,updated_at) VALUES ('org_s09_salon_b6cdce21c64d95d8','tenant_platform_seed','beauty_salon','Anne Coiffure','Anne Coiffure',NULL,'active','seeded',unixepoch(),unixepoch());
INSERT OR IGNORE INTO profiles (id,subject_id,subject_type,primary_place_id,tenant_id,workspace_id,display_name,created_at,updated_at) VALUES ('prof_s09_salon_b6cdce21c64d95d8','org_s09_salon_b6cdce21c64d95d8','organization','place_nigeria_001','tenant_platform_seed','workspace_platform_seed_discovery','Anne Coiffure',unixepoch(),unixepoch());
INSERT OR IGNORE INTO search_entries (id,profile_id,display_name,keywords,ancestry_path,vertical,created_at,updated_at) VALUES ('se_s09_salon_b6cdce21c64d95d8','prof_s09_salon_b6cdce21c64d95d8','Anne Coiffure','anne coiffure salon barber hair beauty nigeria','place_nigeria_001','beauty_salon',unixepoch(),unixepoch());
INSERT OR IGNORE INTO seed_ingestion_records (id,seed_run_id,entity_type,entity_id,source_id,status) VALUES ('ir_s09_salon_b6cdce21c64d95d8','seed_run_s09_osm_salons_20260502','organization','org_s09_salon_b6cdce21c64d95d8','seed_source_osm_salons_ng_20260502','ingested');
INSERT OR IGNORE INTO seed_entity_sources (id,seed_run_id,entity_type,entity_id,source_id,confidence_tier) VALUES ('es_s09_salon_b6cdce21c64d95d8','seed_run_s09_osm_salons_20260502','organization','org_s09_salon_b6cdce21c64d95d8','seed_source_osm_salons_ng_20260502','seeded');
INSERT OR IGNORE INTO seed_enrichment (id,seed_run_id,entity_type,entity_id,enrichment_type,enrichment_json) VALUES ('enr_s09_salon_b6cdce21c64d95d8','seed_run_s09_osm_salons_20260502','organization','org_s09_salon_b6cdce21c64d95d8','licence_data','{"osm_id": "5942752726", "amenity": "hairdresser", "addr_state": null, "denomination": null, "operator": null}');

INSERT OR IGNORE INTO organizations (id,tenant_id,organization_type,legal_name,display_name,registration_number,status,verification_state,created_at,updated_at) VALUES ('org_s09_salon_c9d62be143f29066','tenant_platform_seed','beauty_salon','No Comment Coiffure','No Comment Coiffure',NULL,'active','seeded',unixepoch(),unixepoch());
INSERT OR IGNORE INTO profiles (id,subject_id,subject_type,primary_place_id,tenant_id,workspace_id,display_name,created_at,updated_at) VALUES ('prof_s09_salon_c9d62be143f29066','org_s09_salon_c9d62be143f29066','organization','place_nigeria_001','tenant_platform_seed','workspace_platform_seed_discovery','No Comment Coiffure',unixepoch(),unixepoch());
INSERT OR IGNORE INTO search_entries (id,profile_id,display_name,keywords,ancestry_path,vertical,created_at,updated_at) VALUES ('se_s09_salon_c9d62be143f29066','prof_s09_salon_c9d62be143f29066','No Comment Coiffure','no comment coiffure salon barber hair beauty nigeria','place_nigeria_001','beauty_salon',unixepoch(),unixepoch());
INSERT OR IGNORE INTO seed_ingestion_records (id,seed_run_id,entity_type,entity_id,source_id,status) VALUES ('ir_s09_salon_c9d62be143f29066','seed_run_s09_osm_salons_20260502','organization','org_s09_salon_c9d62be143f29066','seed_source_osm_salons_ng_20260502','ingested');
INSERT OR IGNORE INTO seed_entity_sources (id,seed_run_id,entity_type,entity_id,source_id,confidence_tier) VALUES ('es_s09_salon_c9d62be143f29066','seed_run_s09_osm_salons_20260502','organization','org_s09_salon_c9d62be143f29066','seed_source_osm_salons_ng_20260502','seeded');
INSERT OR IGNORE INTO seed_enrichment (id,seed_run_id,entity_type,entity_id,enrichment_type,enrichment_json) VALUES ('enr_s09_salon_c9d62be143f29066','seed_run_s09_osm_salons_20260502','organization','org_s09_salon_c9d62be143f29066','licence_data','{"osm_id": "5942752727", "amenity": "hairdresser", "addr_state": null, "denomination": null, "operator": null}');

INSERT OR IGNORE INTO organizations (id,tenant_id,organization_type,legal_name,display_name,registration_number,status,verification_state,created_at,updated_at) VALUES ('org_s09_salon_dbabd2c625725bbc','tenant_platform_seed','beauty_salon','Caroline','Caroline',NULL,'active','seeded',unixepoch(),unixepoch());
INSERT OR IGNORE INTO profiles (id,subject_id,subject_type,primary_place_id,tenant_id,workspace_id,display_name,created_at,updated_at) VALUES ('prof_s09_salon_dbabd2c625725bbc','org_s09_salon_dbabd2c625725bbc','organization','place_nigeria_001','tenant_platform_seed','workspace_platform_seed_discovery','Caroline',unixepoch(),unixepoch());
INSERT OR IGNORE INTO search_entries (id,profile_id,display_name,keywords,ancestry_path,vertical,created_at,updated_at) VALUES ('se_s09_salon_dbabd2c625725bbc','prof_s09_salon_dbabd2c625725bbc','Caroline','caroline salon barber hair beauty nigeria','place_nigeria_001','beauty_salon',unixepoch(),unixepoch());
INSERT OR IGNORE INTO seed_ingestion_records (id,seed_run_id,entity_type,entity_id,source_id,status) VALUES ('ir_s09_salon_dbabd2c625725bbc','seed_run_s09_osm_salons_20260502','organization','org_s09_salon_dbabd2c625725bbc','seed_source_osm_salons_ng_20260502','ingested');
INSERT OR IGNORE INTO seed_entity_sources (id,seed_run_id,entity_type,entity_id,source_id,confidence_tier) VALUES ('es_s09_salon_dbabd2c625725bbc','seed_run_s09_osm_salons_20260502','organization','org_s09_salon_dbabd2c625725bbc','seed_source_osm_salons_ng_20260502','seeded');
INSERT OR IGNORE INTO seed_enrichment (id,seed_run_id,entity_type,entity_id,enrichment_type,enrichment_json) VALUES ('enr_s09_salon_dbabd2c625725bbc','seed_run_s09_osm_salons_20260502','organization','org_s09_salon_dbabd2c625725bbc','licence_data','{"osm_id": "5942752728", "amenity": "hairdresser", "addr_state": null, "denomination": null, "operator": null}');

INSERT OR IGNORE INTO organizations (id,tenant_id,organization_type,legal_name,display_name,registration_number,status,verification_state,created_at,updated_at) VALUES ('org_s09_salon_a56ea3d24e811c9a','tenant_platform_seed','beauty_salon','Royale','Royale',NULL,'active','seeded',unixepoch(),unixepoch());
INSERT OR IGNORE INTO profiles (id,subject_id,subject_type,primary_place_id,tenant_id,workspace_id,display_name,created_at,updated_at) VALUES ('prof_s09_salon_a56ea3d24e811c9a','org_s09_salon_a56ea3d24e811c9a','organization','place_nigeria_001','tenant_platform_seed','workspace_platform_seed_discovery','Royale',unixepoch(),unixepoch());
INSERT OR IGNORE INTO search_entries (id,profile_id,display_name,keywords,ancestry_path,vertical,created_at,updated_at) VALUES ('se_s09_salon_a56ea3d24e811c9a','prof_s09_salon_a56ea3d24e811c9a','Royale','royale salon barber hair beauty nigeria','place_nigeria_001','beauty_salon',unixepoch(),unixepoch());
INSERT OR IGNORE INTO seed_ingestion_records (id,seed_run_id,entity_type,entity_id,source_id,status) VALUES ('ir_s09_salon_a56ea3d24e811c9a','seed_run_s09_osm_salons_20260502','organization','org_s09_salon_a56ea3d24e811c9a','seed_source_osm_salons_ng_20260502','ingested');
INSERT OR IGNORE INTO seed_entity_sources (id,seed_run_id,entity_type,entity_id,source_id,confidence_tier) VALUES ('es_s09_salon_a56ea3d24e811c9a','seed_run_s09_osm_salons_20260502','organization','org_s09_salon_a56ea3d24e811c9a','seed_source_osm_salons_ng_20260502','seeded');
INSERT OR IGNORE INTO seed_enrichment (id,seed_run_id,entity_type,entity_id,enrichment_type,enrichment_json) VALUES ('enr_s09_salon_a56ea3d24e811c9a','seed_run_s09_osm_salons_20260502','organization','org_s09_salon_a56ea3d24e811c9a','licence_data','{"osm_id": "5942752729", "amenity": "hairdresser", "addr_state": null, "denomination": null, "operator": null}');

INSERT OR IGNORE INTO organizations (id,tenant_id,organization_type,legal_name,display_name,registration_number,status,verification_state,created_at,updated_at) VALUES ('org_s09_salon_2e90f27ee9f2b76f','tenant_platform_seed','beauty_salon','Shekina','Shekina',NULL,'active','seeded',unixepoch(),unixepoch());
INSERT OR IGNORE INTO profiles (id,subject_id,subject_type,primary_place_id,tenant_id,workspace_id,display_name,created_at,updated_at) VALUES ('prof_s09_salon_2e90f27ee9f2b76f','org_s09_salon_2e90f27ee9f2b76f','organization','place_nigeria_001','tenant_platform_seed','workspace_platform_seed_discovery','Shekina',unixepoch(),unixepoch());
INSERT OR IGNORE INTO search_entries (id,profile_id,display_name,keywords,ancestry_path,vertical,created_at,updated_at) VALUES ('se_s09_salon_2e90f27ee9f2b76f','prof_s09_salon_2e90f27ee9f2b76f','Shekina','shekina salon barber hair beauty nigeria','place_nigeria_001','beauty_salon',unixepoch(),unixepoch());
INSERT OR IGNORE INTO seed_ingestion_records (id,seed_run_id,entity_type,entity_id,source_id,status) VALUES ('ir_s09_salon_2e90f27ee9f2b76f','seed_run_s09_osm_salons_20260502','organization','org_s09_salon_2e90f27ee9f2b76f','seed_source_osm_salons_ng_20260502','ingested');
INSERT OR IGNORE INTO seed_entity_sources (id,seed_run_id,entity_type,entity_id,source_id,confidence_tier) VALUES ('es_s09_salon_2e90f27ee9f2b76f','seed_run_s09_osm_salons_20260502','organization','org_s09_salon_2e90f27ee9f2b76f','seed_source_osm_salons_ng_20260502','seeded');
INSERT OR IGNORE INTO seed_enrichment (id,seed_run_id,entity_type,entity_id,enrichment_type,enrichment_json) VALUES ('enr_s09_salon_2e90f27ee9f2b76f','seed_run_s09_osm_salons_20260502','organization','org_s09_salon_2e90f27ee9f2b76f','licence_data','{"osm_id": "5942752730", "amenity": "hairdresser", "addr_state": null, "denomination": null, "operator": null}');

INSERT OR IGNORE INTO organizations (id,tenant_id,organization_type,legal_name,display_name,registration_number,status,verification_state,created_at,updated_at) VALUES ('org_s09_salon_c2a452bd8fb43e2b','tenant_platform_seed','beauty_salon','Marino','Marino',NULL,'active','seeded',unixepoch(),unixepoch());
INSERT OR IGNORE INTO profiles (id,subject_id,subject_type,primary_place_id,tenant_id,workspace_id,display_name,created_at,updated_at) VALUES ('prof_s09_salon_c2a452bd8fb43e2b','org_s09_salon_c2a452bd8fb43e2b','organization','place_nigeria_001','tenant_platform_seed','workspace_platform_seed_discovery','Marino',unixepoch(),unixepoch());
INSERT OR IGNORE INTO search_entries (id,profile_id,display_name,keywords,ancestry_path,vertical,created_at,updated_at) VALUES ('se_s09_salon_c2a452bd8fb43e2b','prof_s09_salon_c2a452bd8fb43e2b','Marino','marino salon barber hair beauty nigeria','place_nigeria_001','beauty_salon',unixepoch(),unixepoch());
INSERT OR IGNORE INTO seed_ingestion_records (id,seed_run_id,entity_type,entity_id,source_id,status) VALUES ('ir_s09_salon_c2a452bd8fb43e2b','seed_run_s09_osm_salons_20260502','organization','org_s09_salon_c2a452bd8fb43e2b','seed_source_osm_salons_ng_20260502','ingested');
INSERT OR IGNORE INTO seed_entity_sources (id,seed_run_id,entity_type,entity_id,source_id,confidence_tier) VALUES ('es_s09_salon_c2a452bd8fb43e2b','seed_run_s09_osm_salons_20260502','organization','org_s09_salon_c2a452bd8fb43e2b','seed_source_osm_salons_ng_20260502','seeded');
INSERT OR IGNORE INTO seed_enrichment (id,seed_run_id,entity_type,entity_id,enrichment_type,enrichment_json) VALUES ('enr_s09_salon_c2a452bd8fb43e2b','seed_run_s09_osm_salons_20260502','organization','org_s09_salon_c2a452bd8fb43e2b','licence_data','{"osm_id": "5942752731", "amenity": "hairdresser", "addr_state": null, "denomination": null, "operator": null}');

INSERT OR IGNORE INTO organizations (id,tenant_id,organization_type,legal_name,display_name,registration_number,status,verification_state,created_at,updated_at) VALUES ('org_s09_salon_8da1b861d758d00c','tenant_platform_seed','beauty_salon','Souli','Souli',NULL,'active','seeded',unixepoch(),unixepoch());
INSERT OR IGNORE INTO profiles (id,subject_id,subject_type,primary_place_id,tenant_id,workspace_id,display_name,created_at,updated_at) VALUES ('prof_s09_salon_8da1b861d758d00c','org_s09_salon_8da1b861d758d00c','organization','place_nigeria_001','tenant_platform_seed','workspace_platform_seed_discovery','Souli',unixepoch(),unixepoch());
INSERT OR IGNORE INTO search_entries (id,profile_id,display_name,keywords,ancestry_path,vertical,created_at,updated_at) VALUES ('se_s09_salon_8da1b861d758d00c','prof_s09_salon_8da1b861d758d00c','Souli','souli salon barber hair beauty nigeria','place_nigeria_001','beauty_salon',unixepoch(),unixepoch());
INSERT OR IGNORE INTO seed_ingestion_records (id,seed_run_id,entity_type,entity_id,source_id,status) VALUES ('ir_s09_salon_8da1b861d758d00c','seed_run_s09_osm_salons_20260502','organization','org_s09_salon_8da1b861d758d00c','seed_source_osm_salons_ng_20260502','ingested');
INSERT OR IGNORE INTO seed_entity_sources (id,seed_run_id,entity_type,entity_id,source_id,confidence_tier) VALUES ('es_s09_salon_8da1b861d758d00c','seed_run_s09_osm_salons_20260502','organization','org_s09_salon_8da1b861d758d00c','seed_source_osm_salons_ng_20260502','seeded');
INSERT OR IGNORE INTO seed_enrichment (id,seed_run_id,entity_type,entity_id,enrichment_type,enrichment_json) VALUES ('enr_s09_salon_8da1b861d758d00c','seed_run_s09_osm_salons_20260502','organization','org_s09_salon_8da1b861d758d00c','licence_data','{"osm_id": "5942752732", "amenity": "hairdresser", "addr_state": null, "denomination": null, "operator": null}');

INSERT OR IGNORE INTO organizations (id,tenant_id,organization_type,legal_name,display_name,registration_number,status,verification_state,created_at,updated_at) VALUES ('org_s09_salon_d6163b0fac8f4d15','tenant_platform_seed','beauty_salon','Priscillia','Priscillia',NULL,'active','seeded',unixepoch(),unixepoch());
INSERT OR IGNORE INTO profiles (id,subject_id,subject_type,primary_place_id,tenant_id,workspace_id,display_name,created_at,updated_at) VALUES ('prof_s09_salon_d6163b0fac8f4d15','org_s09_salon_d6163b0fac8f4d15','organization','place_nigeria_001','tenant_platform_seed','workspace_platform_seed_discovery','Priscillia',unixepoch(),unixepoch());
INSERT OR IGNORE INTO search_entries (id,profile_id,display_name,keywords,ancestry_path,vertical,created_at,updated_at) VALUES ('se_s09_salon_d6163b0fac8f4d15','prof_s09_salon_d6163b0fac8f4d15','Priscillia','priscillia salon barber hair beauty nigeria','place_nigeria_001','beauty_salon',unixepoch(),unixepoch());
INSERT OR IGNORE INTO seed_ingestion_records (id,seed_run_id,entity_type,entity_id,source_id,status) VALUES ('ir_s09_salon_d6163b0fac8f4d15','seed_run_s09_osm_salons_20260502','organization','org_s09_salon_d6163b0fac8f4d15','seed_source_osm_salons_ng_20260502','ingested');
INSERT OR IGNORE INTO seed_entity_sources (id,seed_run_id,entity_type,entity_id,source_id,confidence_tier) VALUES ('es_s09_salon_d6163b0fac8f4d15','seed_run_s09_osm_salons_20260502','organization','org_s09_salon_d6163b0fac8f4d15','seed_source_osm_salons_ng_20260502','seeded');
INSERT OR IGNORE INTO seed_enrichment (id,seed_run_id,entity_type,entity_id,enrichment_type,enrichment_json) VALUES ('enr_s09_salon_d6163b0fac8f4d15','seed_run_s09_osm_salons_20260502','organization','org_s09_salon_d6163b0fac8f4d15','licence_data','{"osm_id": "5942752733", "amenity": "hairdresser", "addr_state": null, "denomination": null, "operator": null}');

INSERT OR IGNORE INTO organizations (id,tenant_id,organization_type,legal_name,display_name,registration_number,status,verification_state,created_at,updated_at) VALUES ('org_s09_salon_eabe2fb9b0bd6c76','tenant_platform_seed','beauty_salon','Paul','Paul',NULL,'active','seeded',unixepoch(),unixepoch());
INSERT OR IGNORE INTO profiles (id,subject_id,subject_type,primary_place_id,tenant_id,workspace_id,display_name,created_at,updated_at) VALUES ('prof_s09_salon_eabe2fb9b0bd6c76','org_s09_salon_eabe2fb9b0bd6c76','organization','place_nigeria_001','tenant_platform_seed','workspace_platform_seed_discovery','Paul',unixepoch(),unixepoch());
INSERT OR IGNORE INTO search_entries (id,profile_id,display_name,keywords,ancestry_path,vertical,created_at,updated_at) VALUES ('se_s09_salon_eabe2fb9b0bd6c76','prof_s09_salon_eabe2fb9b0bd6c76','Paul','paul salon barber hair beauty nigeria','place_nigeria_001','beauty_salon',unixepoch(),unixepoch());
INSERT OR IGNORE INTO seed_ingestion_records (id,seed_run_id,entity_type,entity_id,source_id,status) VALUES ('ir_s09_salon_eabe2fb9b0bd6c76','seed_run_s09_osm_salons_20260502','organization','org_s09_salon_eabe2fb9b0bd6c76','seed_source_osm_salons_ng_20260502','ingested');
INSERT OR IGNORE INTO seed_entity_sources (id,seed_run_id,entity_type,entity_id,source_id,confidence_tier) VALUES ('es_s09_salon_eabe2fb9b0bd6c76','seed_run_s09_osm_salons_20260502','organization','org_s09_salon_eabe2fb9b0bd6c76','seed_source_osm_salons_ng_20260502','seeded');
INSERT OR IGNORE INTO seed_enrichment (id,seed_run_id,entity_type,entity_id,enrichment_type,enrichment_json) VALUES ('enr_s09_salon_eabe2fb9b0bd6c76','seed_run_s09_osm_salons_20260502','organization','org_s09_salon_eabe2fb9b0bd6c76','licence_data','{"osm_id": "5942752734", "amenity": "hairdresser", "addr_state": null, "denomination": null, "operator": null}');

INSERT OR IGNORE INTO organizations (id,tenant_id,organization_type,legal_name,display_name,registration_number,status,verification_state,created_at,updated_at) VALUES ('org_s09_salon_d838430a9d658a15','tenant_platform_seed','beauty_salon','Nafissatou','Nafissatou',NULL,'active','seeded',unixepoch(),unixepoch());
INSERT OR IGNORE INTO profiles (id,subject_id,subject_type,primary_place_id,tenant_id,workspace_id,display_name,created_at,updated_at) VALUES ('prof_s09_salon_d838430a9d658a15','org_s09_salon_d838430a9d658a15','organization','place_nigeria_001','tenant_platform_seed','workspace_platform_seed_discovery','Nafissatou',unixepoch(),unixepoch());
INSERT OR IGNORE INTO search_entries (id,profile_id,display_name,keywords,ancestry_path,vertical,created_at,updated_at) VALUES ('se_s09_salon_d838430a9d658a15','prof_s09_salon_d838430a9d658a15','Nafissatou','nafissatou salon barber hair beauty nigeria','place_nigeria_001','beauty_salon',unixepoch(),unixepoch());
INSERT OR IGNORE INTO seed_ingestion_records (id,seed_run_id,entity_type,entity_id,source_id,status) VALUES ('ir_s09_salon_d838430a9d658a15','seed_run_s09_osm_salons_20260502','organization','org_s09_salon_d838430a9d658a15','seed_source_osm_salons_ng_20260502','ingested');
INSERT OR IGNORE INTO seed_entity_sources (id,seed_run_id,entity_type,entity_id,source_id,confidence_tier) VALUES ('es_s09_salon_d838430a9d658a15','seed_run_s09_osm_salons_20260502','organization','org_s09_salon_d838430a9d658a15','seed_source_osm_salons_ng_20260502','seeded');
INSERT OR IGNORE INTO seed_enrichment (id,seed_run_id,entity_type,entity_id,enrichment_type,enrichment_json) VALUES ('enr_s09_salon_d838430a9d658a15','seed_run_s09_osm_salons_20260502','organization','org_s09_salon_d838430a9d658a15','licence_data','{"osm_id": "5942752735", "amenity": "hairdresser", "addr_state": null, "denomination": null, "operator": null}');

INSERT OR IGNORE INTO organizations (id,tenant_id,organization_type,legal_name,display_name,registration_number,status,verification_state,created_at,updated_at) VALUES ('org_s09_salon_519b83286b3eb645','tenant_platform_seed','beauty_salon','Le Doigter','Le Doigter',NULL,'active','seeded',unixepoch(),unixepoch());
INSERT OR IGNORE INTO profiles (id,subject_id,subject_type,primary_place_id,tenant_id,workspace_id,display_name,created_at,updated_at) VALUES ('prof_s09_salon_519b83286b3eb645','org_s09_salon_519b83286b3eb645','organization','place_nigeria_001','tenant_platform_seed','workspace_platform_seed_discovery','Le Doigter',unixepoch(),unixepoch());
INSERT OR IGNORE INTO search_entries (id,profile_id,display_name,keywords,ancestry_path,vertical,created_at,updated_at) VALUES ('se_s09_salon_519b83286b3eb645','prof_s09_salon_519b83286b3eb645','Le Doigter','le doigter salon barber hair beauty nigeria','place_nigeria_001','beauty_salon',unixepoch(),unixepoch());
INSERT OR IGNORE INTO seed_ingestion_records (id,seed_run_id,entity_type,entity_id,source_id,status) VALUES ('ir_s09_salon_519b83286b3eb645','seed_run_s09_osm_salons_20260502','organization','org_s09_salon_519b83286b3eb645','seed_source_osm_salons_ng_20260502','ingested');
INSERT OR IGNORE INTO seed_entity_sources (id,seed_run_id,entity_type,entity_id,source_id,confidence_tier) VALUES ('es_s09_salon_519b83286b3eb645','seed_run_s09_osm_salons_20260502','organization','org_s09_salon_519b83286b3eb645','seed_source_osm_salons_ng_20260502','seeded');
INSERT OR IGNORE INTO seed_enrichment (id,seed_run_id,entity_type,entity_id,enrichment_type,enrichment_json) VALUES ('enr_s09_salon_519b83286b3eb645','seed_run_s09_osm_salons_20260502','organization','org_s09_salon_519b83286b3eb645','licence_data','{"osm_id": "5942752736", "amenity": "hairdresser", "addr_state": null, "denomination": null, "operator": null}');

INSERT OR IGNORE INTO organizations (id,tenant_id,organization_type,legal_name,display_name,registration_number,status,verification_state,created_at,updated_at) VALUES ('org_s09_salon_76d90c1acab310e9','tenant_platform_seed','beauty_salon','Ngameni Marie','Ngameni Marie',NULL,'active','seeded',unixepoch(),unixepoch());
INSERT OR IGNORE INTO profiles (id,subject_id,subject_type,primary_place_id,tenant_id,workspace_id,display_name,created_at,updated_at) VALUES ('prof_s09_salon_76d90c1acab310e9','org_s09_salon_76d90c1acab310e9','organization','place_nigeria_001','tenant_platform_seed','workspace_platform_seed_discovery','Ngameni Marie',unixepoch(),unixepoch());
INSERT OR IGNORE INTO search_entries (id,profile_id,display_name,keywords,ancestry_path,vertical,created_at,updated_at) VALUES ('se_s09_salon_76d90c1acab310e9','prof_s09_salon_76d90c1acab310e9','Ngameni Marie','ngameni marie salon barber hair beauty nigeria','place_nigeria_001','beauty_salon',unixepoch(),unixepoch());
INSERT OR IGNORE INTO seed_ingestion_records (id,seed_run_id,entity_type,entity_id,source_id,status) VALUES ('ir_s09_salon_76d90c1acab310e9','seed_run_s09_osm_salons_20260502','organization','org_s09_salon_76d90c1acab310e9','seed_source_osm_salons_ng_20260502','ingested');
INSERT OR IGNORE INTO seed_entity_sources (id,seed_run_id,entity_type,entity_id,source_id,confidence_tier) VALUES ('es_s09_salon_76d90c1acab310e9','seed_run_s09_osm_salons_20260502','organization','org_s09_salon_76d90c1acab310e9','seed_source_osm_salons_ng_20260502','seeded');
INSERT OR IGNORE INTO seed_enrichment (id,seed_run_id,entity_type,entity_id,enrichment_type,enrichment_json) VALUES ('enr_s09_salon_76d90c1acab310e9','seed_run_s09_osm_salons_20260502','organization','org_s09_salon_76d90c1acab310e9','licence_data','{"osm_id": "5942752737", "amenity": "hairdresser", "addr_state": null, "denomination": null, "operator": null}');

INSERT OR IGNORE INTO organizations (id,tenant_id,organization_type,legal_name,display_name,registration_number,status,verification_state,created_at,updated_at) VALUES ('org_s09_salon_93d73e8037854219','tenant_platform_seed','beauty_salon','Nyandem Jasmine','Nyandem Jasmine',NULL,'active','seeded',unixepoch(),unixepoch());
INSERT OR IGNORE INTO profiles (id,subject_id,subject_type,primary_place_id,tenant_id,workspace_id,display_name,created_at,updated_at) VALUES ('prof_s09_salon_93d73e8037854219','org_s09_salon_93d73e8037854219','organization','place_nigeria_001','tenant_platform_seed','workspace_platform_seed_discovery','Nyandem Jasmine',unixepoch(),unixepoch());
INSERT OR IGNORE INTO search_entries (id,profile_id,display_name,keywords,ancestry_path,vertical,created_at,updated_at) VALUES ('se_s09_salon_93d73e8037854219','prof_s09_salon_93d73e8037854219','Nyandem Jasmine','nyandem jasmine salon barber hair beauty nigeria','place_nigeria_001','beauty_salon',unixepoch(),unixepoch());
INSERT OR IGNORE INTO seed_ingestion_records (id,seed_run_id,entity_type,entity_id,source_id,status) VALUES ('ir_s09_salon_93d73e8037854219','seed_run_s09_osm_salons_20260502','organization','org_s09_salon_93d73e8037854219','seed_source_osm_salons_ng_20260502','ingested');
INSERT OR IGNORE INTO seed_entity_sources (id,seed_run_id,entity_type,entity_id,source_id,confidence_tier) VALUES ('es_s09_salon_93d73e8037854219','seed_run_s09_osm_salons_20260502','organization','org_s09_salon_93d73e8037854219','seed_source_osm_salons_ng_20260502','seeded');
INSERT OR IGNORE INTO seed_enrichment (id,seed_run_id,entity_type,entity_id,enrichment_type,enrichment_json) VALUES ('enr_s09_salon_93d73e8037854219','seed_run_s09_osm_salons_20260502','organization','org_s09_salon_93d73e8037854219','licence_data','{"osm_id": "5942752738", "amenity": "hairdresser", "addr_state": null, "denomination": null, "operator": null}');

INSERT OR IGNORE INTO organizations (id,tenant_id,organization_type,legal_name,display_name,registration_number,status,verification_state,created_at,updated_at) VALUES ('org_s09_salon_644748109172ed02','tenant_platform_seed','beauty_salon','Kenfack Nadege','Kenfack Nadege',NULL,'active','seeded',unixepoch(),unixepoch());
INSERT OR IGNORE INTO profiles (id,subject_id,subject_type,primary_place_id,tenant_id,workspace_id,display_name,created_at,updated_at) VALUES ('prof_s09_salon_644748109172ed02','org_s09_salon_644748109172ed02','organization','place_nigeria_001','tenant_platform_seed','workspace_platform_seed_discovery','Kenfack Nadege',unixepoch(),unixepoch());
INSERT OR IGNORE INTO search_entries (id,profile_id,display_name,keywords,ancestry_path,vertical,created_at,updated_at) VALUES ('se_s09_salon_644748109172ed02','prof_s09_salon_644748109172ed02','Kenfack Nadege','kenfack nadege salon barber hair beauty nigeria','place_nigeria_001','beauty_salon',unixepoch(),unixepoch());
INSERT OR IGNORE INTO seed_ingestion_records (id,seed_run_id,entity_type,entity_id,source_id,status) VALUES ('ir_s09_salon_644748109172ed02','seed_run_s09_osm_salons_20260502','organization','org_s09_salon_644748109172ed02','seed_source_osm_salons_ng_20260502','ingested');
INSERT OR IGNORE INTO seed_entity_sources (id,seed_run_id,entity_type,entity_id,source_id,confidence_tier) VALUES ('es_s09_salon_644748109172ed02','seed_run_s09_osm_salons_20260502','organization','org_s09_salon_644748109172ed02','seed_source_osm_salons_ng_20260502','seeded');
INSERT OR IGNORE INTO seed_enrichment (id,seed_run_id,entity_type,entity_id,enrichment_type,enrichment_json) VALUES ('enr_s09_salon_644748109172ed02','seed_run_s09_osm_salons_20260502','organization','org_s09_salon_644748109172ed02','licence_data','{"osm_id": "5942752739", "amenity": "hairdresser", "addr_state": null, "denomination": null, "operator": null}');

INSERT OR IGNORE INTO organizations (id,tenant_id,organization_type,legal_name,display_name,registration_number,status,verification_state,created_at,updated_at) VALUES ('org_s09_salon_1eca54a5a4950d70','tenant_platform_seed','beauty_salon','Toumi Fallone','Toumi Fallone',NULL,'active','seeded',unixepoch(),unixepoch());
INSERT OR IGNORE INTO profiles (id,subject_id,subject_type,primary_place_id,tenant_id,workspace_id,display_name,created_at,updated_at) VALUES ('prof_s09_salon_1eca54a5a4950d70','org_s09_salon_1eca54a5a4950d70','organization','place_nigeria_001','tenant_platform_seed','workspace_platform_seed_discovery','Toumi Fallone',unixepoch(),unixepoch());
INSERT OR IGNORE INTO search_entries (id,profile_id,display_name,keywords,ancestry_path,vertical,created_at,updated_at) VALUES ('se_s09_salon_1eca54a5a4950d70','prof_s09_salon_1eca54a5a4950d70','Toumi Fallone','toumi fallone salon barber hair beauty nigeria','place_nigeria_001','beauty_salon',unixepoch(),unixepoch());
INSERT OR IGNORE INTO seed_ingestion_records (id,seed_run_id,entity_type,entity_id,source_id,status) VALUES ('ir_s09_salon_1eca54a5a4950d70','seed_run_s09_osm_salons_20260502','organization','org_s09_salon_1eca54a5a4950d70','seed_source_osm_salons_ng_20260502','ingested');
INSERT OR IGNORE INTO seed_entity_sources (id,seed_run_id,entity_type,entity_id,source_id,confidence_tier) VALUES ('es_s09_salon_1eca54a5a4950d70','seed_run_s09_osm_salons_20260502','organization','org_s09_salon_1eca54a5a4950d70','seed_source_osm_salons_ng_20260502','seeded');
INSERT OR IGNORE INTO seed_enrichment (id,seed_run_id,entity_type,entity_id,enrichment_type,enrichment_json) VALUES ('enr_s09_salon_1eca54a5a4950d70','seed_run_s09_osm_salons_20260502','organization','org_s09_salon_1eca54a5a4950d70','licence_data','{"osm_id": "5942752741", "amenity": "hairdresser", "addr_state": null, "denomination": null, "operator": null}');

INSERT OR IGNORE INTO organizations (id,tenant_id,organization_type,legal_name,display_name,registration_number,status,verification_state,created_at,updated_at) VALUES ('org_s09_salon_f322e5278557432d','tenant_platform_seed','beauty_salon','Bito','Bito',NULL,'active','seeded',unixepoch(),unixepoch());
INSERT OR IGNORE INTO profiles (id,subject_id,subject_type,primary_place_id,tenant_id,workspace_id,display_name,created_at,updated_at) VALUES ('prof_s09_salon_f322e5278557432d','org_s09_salon_f322e5278557432d','organization','place_nigeria_001','tenant_platform_seed','workspace_platform_seed_discovery','Bito',unixepoch(),unixepoch());
INSERT OR IGNORE INTO search_entries (id,profile_id,display_name,keywords,ancestry_path,vertical,created_at,updated_at) VALUES ('se_s09_salon_f322e5278557432d','prof_s09_salon_f322e5278557432d','Bito','bito salon barber hair beauty nigeria','place_nigeria_001','beauty_salon',unixepoch(),unixepoch());
INSERT OR IGNORE INTO seed_ingestion_records (id,seed_run_id,entity_type,entity_id,source_id,status) VALUES ('ir_s09_salon_f322e5278557432d','seed_run_s09_osm_salons_20260502','organization','org_s09_salon_f322e5278557432d','seed_source_osm_salons_ng_20260502','ingested');
INSERT OR IGNORE INTO seed_entity_sources (id,seed_run_id,entity_type,entity_id,source_id,confidence_tier) VALUES ('es_s09_salon_f322e5278557432d','seed_run_s09_osm_salons_20260502','organization','org_s09_salon_f322e5278557432d','seed_source_osm_salons_ng_20260502','seeded');
INSERT OR IGNORE INTO seed_enrichment (id,seed_run_id,entity_type,entity_id,enrichment_type,enrichment_json) VALUES ('enr_s09_salon_f322e5278557432d','seed_run_s09_osm_salons_20260502','organization','org_s09_salon_f322e5278557432d','licence_data','{"osm_id": "5942752742", "amenity": "hairdresser", "addr_state": null, "denomination": null, "operator": null}');

INSERT OR IGNORE INTO organizations (id,tenant_id,organization_type,legal_name,display_name,registration_number,status,verification_state,created_at,updated_at) VALUES ('org_s09_salon_934147be10bfe18e','tenant_platform_seed','beauty_salon','Kolade Michael','Kolade Michael',NULL,'active','seeded',unixepoch(),unixepoch());
INSERT OR IGNORE INTO profiles (id,subject_id,subject_type,primary_place_id,tenant_id,workspace_id,display_name,created_at,updated_at) VALUES ('prof_s09_salon_934147be10bfe18e','org_s09_salon_934147be10bfe18e','organization','place_nigeria_001','tenant_platform_seed','workspace_platform_seed_discovery','Kolade Michael',unixepoch(),unixepoch());
INSERT OR IGNORE INTO search_entries (id,profile_id,display_name,keywords,ancestry_path,vertical,created_at,updated_at) VALUES ('se_s09_salon_934147be10bfe18e','prof_s09_salon_934147be10bfe18e','Kolade Michael','kolade michael salon barber hair beauty nigeria','place_nigeria_001','beauty_salon',unixepoch(),unixepoch());
INSERT OR IGNORE INTO seed_ingestion_records (id,seed_run_id,entity_type,entity_id,source_id,status) VALUES ('ir_s09_salon_934147be10bfe18e','seed_run_s09_osm_salons_20260502','organization','org_s09_salon_934147be10bfe18e','seed_source_osm_salons_ng_20260502','ingested');
INSERT OR IGNORE INTO seed_entity_sources (id,seed_run_id,entity_type,entity_id,source_id,confidence_tier) VALUES ('es_s09_salon_934147be10bfe18e','seed_run_s09_osm_salons_20260502','organization','org_s09_salon_934147be10bfe18e','seed_source_osm_salons_ng_20260502','seeded');
INSERT OR IGNORE INTO seed_enrichment (id,seed_run_id,entity_type,entity_id,enrichment_type,enrichment_json) VALUES ('enr_s09_salon_934147be10bfe18e','seed_run_s09_osm_salons_20260502','organization','org_s09_salon_934147be10bfe18e','licence_data','{"osm_id": "5942752743", "amenity": "hairdresser", "addr_state": null, "denomination": null, "operator": null}');

INSERT OR IGNORE INTO organizations (id,tenant_id,organization_type,legal_name,display_name,registration_number,status,verification_state,created_at,updated_at) VALUES ('org_s09_salon_23e4e55972452e16','tenant_platform_seed','beauty_salon','Toumissim Patouma Nadine','Toumissim Patouma Nadine',NULL,'active','seeded',unixepoch(),unixepoch());
INSERT OR IGNORE INTO profiles (id,subject_id,subject_type,primary_place_id,tenant_id,workspace_id,display_name,created_at,updated_at) VALUES ('prof_s09_salon_23e4e55972452e16','org_s09_salon_23e4e55972452e16','organization','place_nigeria_001','tenant_platform_seed','workspace_platform_seed_discovery','Toumissim Patouma Nadine',unixepoch(),unixepoch());
INSERT OR IGNORE INTO search_entries (id,profile_id,display_name,keywords,ancestry_path,vertical,created_at,updated_at) VALUES ('se_s09_salon_23e4e55972452e16','prof_s09_salon_23e4e55972452e16','Toumissim Patouma Nadine','toumissim patouma nadine salon barber hair beauty nigeria','place_nigeria_001','beauty_salon',unixepoch(),unixepoch());
INSERT OR IGNORE INTO seed_ingestion_records (id,seed_run_id,entity_type,entity_id,source_id,status) VALUES ('ir_s09_salon_23e4e55972452e16','seed_run_s09_osm_salons_20260502','organization','org_s09_salon_23e4e55972452e16','seed_source_osm_salons_ng_20260502','ingested');
INSERT OR IGNORE INTO seed_entity_sources (id,seed_run_id,entity_type,entity_id,source_id,confidence_tier) VALUES ('es_s09_salon_23e4e55972452e16','seed_run_s09_osm_salons_20260502','organization','org_s09_salon_23e4e55972452e16','seed_source_osm_salons_ng_20260502','seeded');
INSERT OR IGNORE INTO seed_enrichment (id,seed_run_id,entity_type,entity_id,enrichment_type,enrichment_json) VALUES ('enr_s09_salon_23e4e55972452e16','seed_run_s09_osm_salons_20260502','organization','org_s09_salon_23e4e55972452e16','licence_data','{"osm_id": "5942752744", "amenity": "hairdresser", "addr_state": null, "denomination": null, "operator": null}');

INSERT OR IGNORE INTO organizations (id,tenant_id,organization_type,legal_name,display_name,registration_number,status,verification_state,created_at,updated_at) VALUES ('org_s09_salon_c9b6095803cef696','tenant_platform_seed','beauty_salon','Vip Salon','Vip Salon',NULL,'active','seeded',unixepoch(),unixepoch());
INSERT OR IGNORE INTO profiles (id,subject_id,subject_type,primary_place_id,tenant_id,workspace_id,display_name,created_at,updated_at) VALUES ('prof_s09_salon_c9b6095803cef696','org_s09_salon_c9b6095803cef696','organization','place_nigeria_001','tenant_platform_seed','workspace_platform_seed_discovery','Vip Salon',unixepoch(),unixepoch());
INSERT OR IGNORE INTO search_entries (id,profile_id,display_name,keywords,ancestry_path,vertical,created_at,updated_at) VALUES ('se_s09_salon_c9b6095803cef696','prof_s09_salon_c9b6095803cef696','Vip Salon','vip salon salon barber hair beauty nigeria','place_nigeria_001','beauty_salon',unixepoch(),unixepoch());
INSERT OR IGNORE INTO seed_ingestion_records (id,seed_run_id,entity_type,entity_id,source_id,status) VALUES ('ir_s09_salon_c9b6095803cef696','seed_run_s09_osm_salons_20260502','organization','org_s09_salon_c9b6095803cef696','seed_source_osm_salons_ng_20260502','ingested');
INSERT OR IGNORE INTO seed_entity_sources (id,seed_run_id,entity_type,entity_id,source_id,confidence_tier) VALUES ('es_s09_salon_c9b6095803cef696','seed_run_s09_osm_salons_20260502','organization','org_s09_salon_c9b6095803cef696','seed_source_osm_salons_ng_20260502','seeded');
INSERT OR IGNORE INTO seed_enrichment (id,seed_run_id,entity_type,entity_id,enrichment_type,enrichment_json) VALUES ('enr_s09_salon_c9b6095803cef696','seed_run_s09_osm_salons_20260502','organization','org_s09_salon_c9b6095803cef696','licence_data','{"osm_id": "5942752745", "amenity": "hairdresser", "addr_state": null, "denomination": null, "operator": null}');

INSERT OR IGNORE INTO organizations (id,tenant_id,organization_type,legal_name,display_name,registration_number,status,verification_state,created_at,updated_at) VALUES ('org_s09_salon_b404eb7e625471bb','tenant_platform_seed','beauty_salon','Mounira','Mounira',NULL,'active','seeded',unixepoch(),unixepoch());
INSERT OR IGNORE INTO profiles (id,subject_id,subject_type,primary_place_id,tenant_id,workspace_id,display_name,created_at,updated_at) VALUES ('prof_s09_salon_b404eb7e625471bb','org_s09_salon_b404eb7e625471bb','organization','place_nigeria_001','tenant_platform_seed','workspace_platform_seed_discovery','Mounira',unixepoch(),unixepoch());
INSERT OR IGNORE INTO search_entries (id,profile_id,display_name,keywords,ancestry_path,vertical,created_at,updated_at) VALUES ('se_s09_salon_b404eb7e625471bb','prof_s09_salon_b404eb7e625471bb','Mounira','mounira salon barber hair beauty nigeria','place_nigeria_001','beauty_salon',unixepoch(),unixepoch());
INSERT OR IGNORE INTO seed_ingestion_records (id,seed_run_id,entity_type,entity_id,source_id,status) VALUES ('ir_s09_salon_b404eb7e625471bb','seed_run_s09_osm_salons_20260502','organization','org_s09_salon_b404eb7e625471bb','seed_source_osm_salons_ng_20260502','ingested');
INSERT OR IGNORE INTO seed_entity_sources (id,seed_run_id,entity_type,entity_id,source_id,confidence_tier) VALUES ('es_s09_salon_b404eb7e625471bb','seed_run_s09_osm_salons_20260502','organization','org_s09_salon_b404eb7e625471bb','seed_source_osm_salons_ng_20260502','seeded');
INSERT OR IGNORE INTO seed_enrichment (id,seed_run_id,entity_type,entity_id,enrichment_type,enrichment_json) VALUES ('enr_s09_salon_b404eb7e625471bb','seed_run_s09_osm_salons_20260502','organization','org_s09_salon_b404eb7e625471bb','licence_data','{"osm_id": "5942752746", "amenity": "hairdresser", "addr_state": null, "denomination": null, "operator": null}');

INSERT OR IGNORE INTO organizations (id,tenant_id,organization_type,legal_name,display_name,registration_number,status,verification_state,created_at,updated_at) VALUES ('org_s09_salon_f77029f6dd4ac72e','tenant_platform_seed','beauty_salon','Kitio','Kitio',NULL,'active','seeded',unixepoch(),unixepoch());
INSERT OR IGNORE INTO profiles (id,subject_id,subject_type,primary_place_id,tenant_id,workspace_id,display_name,created_at,updated_at) VALUES ('prof_s09_salon_f77029f6dd4ac72e','org_s09_salon_f77029f6dd4ac72e','organization','place_nigeria_001','tenant_platform_seed','workspace_platform_seed_discovery','Kitio',unixepoch(),unixepoch());
INSERT OR IGNORE INTO search_entries (id,profile_id,display_name,keywords,ancestry_path,vertical,created_at,updated_at) VALUES ('se_s09_salon_f77029f6dd4ac72e','prof_s09_salon_f77029f6dd4ac72e','Kitio','kitio salon barber hair beauty nigeria','place_nigeria_001','beauty_salon',unixepoch(),unixepoch());
INSERT OR IGNORE INTO seed_ingestion_records (id,seed_run_id,entity_type,entity_id,source_id,status) VALUES ('ir_s09_salon_f77029f6dd4ac72e','seed_run_s09_osm_salons_20260502','organization','org_s09_salon_f77029f6dd4ac72e','seed_source_osm_salons_ng_20260502','ingested');
INSERT OR IGNORE INTO seed_entity_sources (id,seed_run_id,entity_type,entity_id,source_id,confidence_tier) VALUES ('es_s09_salon_f77029f6dd4ac72e','seed_run_s09_osm_salons_20260502','organization','org_s09_salon_f77029f6dd4ac72e','seed_source_osm_salons_ng_20260502','seeded');
INSERT OR IGNORE INTO seed_enrichment (id,seed_run_id,entity_type,entity_id,enrichment_type,enrichment_json) VALUES ('enr_s09_salon_f77029f6dd4ac72e','seed_run_s09_osm_salons_20260502','organization','org_s09_salon_f77029f6dd4ac72e','licence_data','{"osm_id": "5942752747", "amenity": "hairdresser", "addr_state": null, "denomination": null, "operator": null}');

INSERT OR IGNORE INTO organizations (id,tenant_id,organization_type,legal_name,display_name,registration_number,status,verification_state,created_at,updated_at) VALUES ('org_s09_salon_1ec1ae48543002ae','tenant_platform_seed','beauty_salon','Leonce Mbah','Leonce Mbah',NULL,'active','seeded',unixepoch(),unixepoch());
INSERT OR IGNORE INTO profiles (id,subject_id,subject_type,primary_place_id,tenant_id,workspace_id,display_name,created_at,updated_at) VALUES ('prof_s09_salon_1ec1ae48543002ae','org_s09_salon_1ec1ae48543002ae','organization','place_nigeria_001','tenant_platform_seed','workspace_platform_seed_discovery','Leonce Mbah',unixepoch(),unixepoch());
INSERT OR IGNORE INTO search_entries (id,profile_id,display_name,keywords,ancestry_path,vertical,created_at,updated_at) VALUES ('se_s09_salon_1ec1ae48543002ae','prof_s09_salon_1ec1ae48543002ae','Leonce Mbah','leonce mbah salon barber hair beauty nigeria','place_nigeria_001','beauty_salon',unixepoch(),unixepoch());
INSERT OR IGNORE INTO seed_ingestion_records (id,seed_run_id,entity_type,entity_id,source_id,status) VALUES ('ir_s09_salon_1ec1ae48543002ae','seed_run_s09_osm_salons_20260502','organization','org_s09_salon_1ec1ae48543002ae','seed_source_osm_salons_ng_20260502','ingested');
INSERT OR IGNORE INTO seed_entity_sources (id,seed_run_id,entity_type,entity_id,source_id,confidence_tier) VALUES ('es_s09_salon_1ec1ae48543002ae','seed_run_s09_osm_salons_20260502','organization','org_s09_salon_1ec1ae48543002ae','seed_source_osm_salons_ng_20260502','seeded');
INSERT OR IGNORE INTO seed_enrichment (id,seed_run_id,entity_type,entity_id,enrichment_type,enrichment_json) VALUES ('enr_s09_salon_1ec1ae48543002ae','seed_run_s09_osm_salons_20260502','organization','org_s09_salon_1ec1ae48543002ae','licence_data','{"osm_id": "5942752748", "amenity": "hairdresser", "addr_state": null, "denomination": null, "operator": null}');

INSERT OR IGNORE INTO organizations (id,tenant_id,organization_type,legal_name,display_name,registration_number,status,verification_state,created_at,updated_at) VALUES ('org_s09_salon_7d62788f4e092355','tenant_platform_seed','beauty_salon','Fashion Coiffure','Fashion Coiffure',NULL,'active','seeded',unixepoch(),unixepoch());
INSERT OR IGNORE INTO profiles (id,subject_id,subject_type,primary_place_id,tenant_id,workspace_id,display_name,created_at,updated_at) VALUES ('prof_s09_salon_7d62788f4e092355','org_s09_salon_7d62788f4e092355','organization','place_nigeria_001','tenant_platform_seed','workspace_platform_seed_discovery','Fashion Coiffure',unixepoch(),unixepoch());
INSERT OR IGNORE INTO search_entries (id,profile_id,display_name,keywords,ancestry_path,vertical,created_at,updated_at) VALUES ('se_s09_salon_7d62788f4e092355','prof_s09_salon_7d62788f4e092355','Fashion Coiffure','fashion coiffure salon barber hair beauty nigeria','place_nigeria_001','beauty_salon',unixepoch(),unixepoch());
INSERT OR IGNORE INTO seed_ingestion_records (id,seed_run_id,entity_type,entity_id,source_id,status) VALUES ('ir_s09_salon_7d62788f4e092355','seed_run_s09_osm_salons_20260502','organization','org_s09_salon_7d62788f4e092355','seed_source_osm_salons_ng_20260502','ingested');
INSERT OR IGNORE INTO seed_entity_sources (id,seed_run_id,entity_type,entity_id,source_id,confidence_tier) VALUES ('es_s09_salon_7d62788f4e092355','seed_run_s09_osm_salons_20260502','organization','org_s09_salon_7d62788f4e092355','seed_source_osm_salons_ng_20260502','seeded');
INSERT OR IGNORE INTO seed_enrichment (id,seed_run_id,entity_type,entity_id,enrichment_type,enrichment_json) VALUES ('enr_s09_salon_7d62788f4e092355','seed_run_s09_osm_salons_20260502','organization','org_s09_salon_7d62788f4e092355','licence_data','{"osm_id": "5942752754", "amenity": "hairdresser", "addr_state": null, "denomination": null, "operator": null}');

INSERT OR IGNORE INTO organizations (id,tenant_id,organization_type,legal_name,display_name,registration_number,status,verification_state,created_at,updated_at) VALUES ('org_s09_salon_6c68d2950b888396','tenant_platform_seed','beauty_salon','Reference Coiffure','Reference Coiffure',NULL,'active','seeded',unixepoch(),unixepoch());
INSERT OR IGNORE INTO profiles (id,subject_id,subject_type,primary_place_id,tenant_id,workspace_id,display_name,created_at,updated_at) VALUES ('prof_s09_salon_6c68d2950b888396','org_s09_salon_6c68d2950b888396','organization','place_nigeria_001','tenant_platform_seed','workspace_platform_seed_discovery','Reference Coiffure',unixepoch(),unixepoch());
INSERT OR IGNORE INTO search_entries (id,profile_id,display_name,keywords,ancestry_path,vertical,created_at,updated_at) VALUES ('se_s09_salon_6c68d2950b888396','prof_s09_salon_6c68d2950b888396','Reference Coiffure','reference coiffure salon barber hair beauty nigeria','place_nigeria_001','beauty_salon',unixepoch(),unixepoch());
INSERT OR IGNORE INTO seed_ingestion_records (id,seed_run_id,entity_type,entity_id,source_id,status) VALUES ('ir_s09_salon_6c68d2950b888396','seed_run_s09_osm_salons_20260502','organization','org_s09_salon_6c68d2950b888396','seed_source_osm_salons_ng_20260502','ingested');
INSERT OR IGNORE INTO seed_entity_sources (id,seed_run_id,entity_type,entity_id,source_id,confidence_tier) VALUES ('es_s09_salon_6c68d2950b888396','seed_run_s09_osm_salons_20260502','organization','org_s09_salon_6c68d2950b888396','seed_source_osm_salons_ng_20260502','seeded');
INSERT OR IGNORE INTO seed_enrichment (id,seed_run_id,entity_type,entity_id,enrichment_type,enrichment_json) VALUES ('enr_s09_salon_6c68d2950b888396','seed_run_s09_osm_salons_20260502','organization','org_s09_salon_6c68d2950b888396','licence_data','{"osm_id": "5942752758", "amenity": "hairdresser", "addr_state": null, "denomination": null, "operator": null}');

INSERT OR IGNORE INTO organizations (id,tenant_id,organization_type,legal_name,display_name,registration_number,status,verification_state,created_at,updated_at) VALUES ('org_s09_salon_cfcbaf3925b661ab','tenant_platform_seed','beauty_salon','Lady Fashion','Lady Fashion',NULL,'active','seeded',unixepoch(),unixepoch());
INSERT OR IGNORE INTO profiles (id,subject_id,subject_type,primary_place_id,tenant_id,workspace_id,display_name,created_at,updated_at) VALUES ('prof_s09_salon_cfcbaf3925b661ab','org_s09_salon_cfcbaf3925b661ab','organization','place_nigeria_001','tenant_platform_seed','workspace_platform_seed_discovery','Lady Fashion',unixepoch(),unixepoch());
INSERT OR IGNORE INTO search_entries (id,profile_id,display_name,keywords,ancestry_path,vertical,created_at,updated_at) VALUES ('se_s09_salon_cfcbaf3925b661ab','prof_s09_salon_cfcbaf3925b661ab','Lady Fashion','lady fashion salon barber hair beauty nigeria','place_nigeria_001','beauty_salon',unixepoch(),unixepoch());
INSERT OR IGNORE INTO seed_ingestion_records (id,seed_run_id,entity_type,entity_id,source_id,status) VALUES ('ir_s09_salon_cfcbaf3925b661ab','seed_run_s09_osm_salons_20260502','organization','org_s09_salon_cfcbaf3925b661ab','seed_source_osm_salons_ng_20260502','ingested');
INSERT OR IGNORE INTO seed_entity_sources (id,seed_run_id,entity_type,entity_id,source_id,confidence_tier) VALUES ('es_s09_salon_cfcbaf3925b661ab','seed_run_s09_osm_salons_20260502','organization','org_s09_salon_cfcbaf3925b661ab','seed_source_osm_salons_ng_20260502','seeded');
INSERT OR IGNORE INTO seed_enrichment (id,seed_run_id,entity_type,entity_id,enrichment_type,enrichment_json) VALUES ('enr_s09_salon_cfcbaf3925b661ab','seed_run_s09_osm_salons_20260502','organization','org_s09_salon_cfcbaf3925b661ab','licence_data','{"osm_id": "5942752763", "amenity": "hairdresser", "addr_state": null, "denomination": null, "operator": null}');

INSERT OR IGNORE INTO organizations (id,tenant_id,organization_type,legal_name,display_name,registration_number,status,verification_state,created_at,updated_at) VALUES ('org_s09_salon_83a09b915f95977e','tenant_platform_seed','beauty_salon','Sylvie Coiffure','Sylvie Coiffure',NULL,'active','seeded',unixepoch(),unixepoch());
INSERT OR IGNORE INTO profiles (id,subject_id,subject_type,primary_place_id,tenant_id,workspace_id,display_name,created_at,updated_at) VALUES ('prof_s09_salon_83a09b915f95977e','org_s09_salon_83a09b915f95977e','organization','place_nigeria_001','tenant_platform_seed','workspace_platform_seed_discovery','Sylvie Coiffure',unixepoch(),unixepoch());
INSERT OR IGNORE INTO search_entries (id,profile_id,display_name,keywords,ancestry_path,vertical,created_at,updated_at) VALUES ('se_s09_salon_83a09b915f95977e','prof_s09_salon_83a09b915f95977e','Sylvie Coiffure','sylvie coiffure salon barber hair beauty nigeria','place_nigeria_001','beauty_salon',unixepoch(),unixepoch());
INSERT OR IGNORE INTO seed_ingestion_records (id,seed_run_id,entity_type,entity_id,source_id,status) VALUES ('ir_s09_salon_83a09b915f95977e','seed_run_s09_osm_salons_20260502','organization','org_s09_salon_83a09b915f95977e','seed_source_osm_salons_ng_20260502','ingested');
INSERT OR IGNORE INTO seed_entity_sources (id,seed_run_id,entity_type,entity_id,source_id,confidence_tier) VALUES ('es_s09_salon_83a09b915f95977e','seed_run_s09_osm_salons_20260502','organization','org_s09_salon_83a09b915f95977e','seed_source_osm_salons_ng_20260502','seeded');
INSERT OR IGNORE INTO seed_enrichment (id,seed_run_id,entity_type,entity_id,enrichment_type,enrichment_json) VALUES ('enr_s09_salon_83a09b915f95977e','seed_run_s09_osm_salons_20260502','organization','org_s09_salon_83a09b915f95977e','licence_data','{"osm_id": "5942752766", "amenity": "hairdresser", "addr_state": null, "denomination": null, "operator": null}');

INSERT OR IGNORE INTO organizations (id,tenant_id,organization_type,legal_name,display_name,registration_number,status,verification_state,created_at,updated_at) VALUES ('org_s09_salon_835a027c64aa6f54','tenant_platform_seed','beauty_salon','Mr Kabirou','Mr Kabirou',NULL,'active','seeded',unixepoch(),unixepoch());
INSERT OR IGNORE INTO profiles (id,subject_id,subject_type,primary_place_id,tenant_id,workspace_id,display_name,created_at,updated_at) VALUES ('prof_s09_salon_835a027c64aa6f54','org_s09_salon_835a027c64aa6f54','organization','place_nigeria_001','tenant_platform_seed','workspace_platform_seed_discovery','Mr Kabirou',unixepoch(),unixepoch());
INSERT OR IGNORE INTO search_entries (id,profile_id,display_name,keywords,ancestry_path,vertical,created_at,updated_at) VALUES ('se_s09_salon_835a027c64aa6f54','prof_s09_salon_835a027c64aa6f54','Mr Kabirou','mr kabirou salon barber hair beauty nigeria','place_nigeria_001','beauty_salon',unixepoch(),unixepoch());
INSERT OR IGNORE INTO seed_ingestion_records (id,seed_run_id,entity_type,entity_id,source_id,status) VALUES ('ir_s09_salon_835a027c64aa6f54','seed_run_s09_osm_salons_20260502','organization','org_s09_salon_835a027c64aa6f54','seed_source_osm_salons_ng_20260502','ingested');
INSERT OR IGNORE INTO seed_entity_sources (id,seed_run_id,entity_type,entity_id,source_id,confidence_tier) VALUES ('es_s09_salon_835a027c64aa6f54','seed_run_s09_osm_salons_20260502','organization','org_s09_salon_835a027c64aa6f54','seed_source_osm_salons_ng_20260502','seeded');
INSERT OR IGNORE INTO seed_enrichment (id,seed_run_id,entity_type,entity_id,enrichment_type,enrichment_json) VALUES ('enr_s09_salon_835a027c64aa6f54','seed_run_s09_osm_salons_20260502','organization','org_s09_salon_835a027c64aa6f54','licence_data','{"osm_id": "5942752775", "amenity": "hairdresser", "addr_state": null, "denomination": null, "operator": null}');

INSERT OR IGNORE INTO organizations (id,tenant_id,organization_type,legal_name,display_name,registration_number,status,verification_state,created_at,updated_at) VALUES ('org_s09_salon_ca056ef2846d2e97','tenant_platform_seed','beauty_salon','Yorogans Coiffure','Yorogans Coiffure',NULL,'active','seeded',unixepoch(),unixepoch());
INSERT OR IGNORE INTO profiles (id,subject_id,subject_type,primary_place_id,tenant_id,workspace_id,display_name,created_at,updated_at) VALUES ('prof_s09_salon_ca056ef2846d2e97','org_s09_salon_ca056ef2846d2e97','organization','place_nigeria_001','tenant_platform_seed','workspace_platform_seed_discovery','Yorogans Coiffure',unixepoch(),unixepoch());
INSERT OR IGNORE INTO search_entries (id,profile_id,display_name,keywords,ancestry_path,vertical,created_at,updated_at) VALUES ('se_s09_salon_ca056ef2846d2e97','prof_s09_salon_ca056ef2846d2e97','Yorogans Coiffure','yorogans coiffure salon barber hair beauty nigeria','place_nigeria_001','beauty_salon',unixepoch(),unixepoch());
INSERT OR IGNORE INTO seed_ingestion_records (id,seed_run_id,entity_type,entity_id,source_id,status) VALUES ('ir_s09_salon_ca056ef2846d2e97','seed_run_s09_osm_salons_20260502','organization','org_s09_salon_ca056ef2846d2e97','seed_source_osm_salons_ng_20260502','ingested');
INSERT OR IGNORE INTO seed_entity_sources (id,seed_run_id,entity_type,entity_id,source_id,confidence_tier) VALUES ('es_s09_salon_ca056ef2846d2e97','seed_run_s09_osm_salons_20260502','organization','org_s09_salon_ca056ef2846d2e97','seed_source_osm_salons_ng_20260502','seeded');
INSERT OR IGNORE INTO seed_enrichment (id,seed_run_id,entity_type,entity_id,enrichment_type,enrichment_json) VALUES ('enr_s09_salon_ca056ef2846d2e97','seed_run_s09_osm_salons_20260502','organization','org_s09_salon_ca056ef2846d2e97','licence_data','{"osm_id": "5942752777", "amenity": "hairdresser", "addr_state": null, "denomination": null, "operator": null}');

INSERT OR IGNORE INTO organizations (id,tenant_id,organization_type,legal_name,display_name,registration_number,status,verification_state,created_at,updated_at) VALUES ('org_s09_salon_6168f2a1a88849fc','tenant_platform_seed','beauty_salon','Fany Coiffure','Fany Coiffure',NULL,'active','seeded',unixepoch(),unixepoch());
INSERT OR IGNORE INTO profiles (id,subject_id,subject_type,primary_place_id,tenant_id,workspace_id,display_name,created_at,updated_at) VALUES ('prof_s09_salon_6168f2a1a88849fc','org_s09_salon_6168f2a1a88849fc','organization','place_nigeria_001','tenant_platform_seed','workspace_platform_seed_discovery','Fany Coiffure',unixepoch(),unixepoch());
INSERT OR IGNORE INTO search_entries (id,profile_id,display_name,keywords,ancestry_path,vertical,created_at,updated_at) VALUES ('se_s09_salon_6168f2a1a88849fc','prof_s09_salon_6168f2a1a88849fc','Fany Coiffure','fany coiffure salon barber hair beauty nigeria','place_nigeria_001','beauty_salon',unixepoch(),unixepoch());
INSERT OR IGNORE INTO seed_ingestion_records (id,seed_run_id,entity_type,entity_id,source_id,status) VALUES ('ir_s09_salon_6168f2a1a88849fc','seed_run_s09_osm_salons_20260502','organization','org_s09_salon_6168f2a1a88849fc','seed_source_osm_salons_ng_20260502','ingested');
INSERT OR IGNORE INTO seed_entity_sources (id,seed_run_id,entity_type,entity_id,source_id,confidence_tier) VALUES ('es_s09_salon_6168f2a1a88849fc','seed_run_s09_osm_salons_20260502','organization','org_s09_salon_6168f2a1a88849fc','seed_source_osm_salons_ng_20260502','seeded');
INSERT OR IGNORE INTO seed_enrichment (id,seed_run_id,entity_type,entity_id,enrichment_type,enrichment_json) VALUES ('enr_s09_salon_6168f2a1a88849fc','seed_run_s09_osm_salons_20260502','organization','org_s09_salon_6168f2a1a88849fc','licence_data','{"osm_id": "5942752778", "amenity": "hairdresser", "addr_state": null, "denomination": null, "operator": null}');

INSERT OR IGNORE INTO organizations (id,tenant_id,organization_type,legal_name,display_name,registration_number,status,verification_state,created_at,updated_at) VALUES ('org_s09_salon_8d4bff4fdc34816a','tenant_platform_seed','beauty_salon','Amy Fashion Coiffure','Amy Fashion Coiffure',NULL,'active','seeded',unixepoch(),unixepoch());
INSERT OR IGNORE INTO profiles (id,subject_id,subject_type,primary_place_id,tenant_id,workspace_id,display_name,created_at,updated_at) VALUES ('prof_s09_salon_8d4bff4fdc34816a','org_s09_salon_8d4bff4fdc34816a','organization','place_nigeria_001','tenant_platform_seed','workspace_platform_seed_discovery','Amy Fashion Coiffure',unixepoch(),unixepoch());
INSERT OR IGNORE INTO search_entries (id,profile_id,display_name,keywords,ancestry_path,vertical,created_at,updated_at) VALUES ('se_s09_salon_8d4bff4fdc34816a','prof_s09_salon_8d4bff4fdc34816a','Amy Fashion Coiffure','amy fashion coiffure salon barber hair beauty nigeria','place_nigeria_001','beauty_salon',unixepoch(),unixepoch());
INSERT OR IGNORE INTO seed_ingestion_records (id,seed_run_id,entity_type,entity_id,source_id,status) VALUES ('ir_s09_salon_8d4bff4fdc34816a','seed_run_s09_osm_salons_20260502','organization','org_s09_salon_8d4bff4fdc34816a','seed_source_osm_salons_ng_20260502','ingested');
INSERT OR IGNORE INTO seed_entity_sources (id,seed_run_id,entity_type,entity_id,source_id,confidence_tier) VALUES ('es_s09_salon_8d4bff4fdc34816a','seed_run_s09_osm_salons_20260502','organization','org_s09_salon_8d4bff4fdc34816a','seed_source_osm_salons_ng_20260502','seeded');
INSERT OR IGNORE INTO seed_enrichment (id,seed_run_id,entity_type,entity_id,enrichment_type,enrichment_json) VALUES ('enr_s09_salon_8d4bff4fdc34816a','seed_run_s09_osm_salons_20260502','organization','org_s09_salon_8d4bff4fdc34816a','licence_data','{"osm_id": "5942752779", "amenity": "hairdresser", "addr_state": null, "denomination": null, "operator": null}');

INSERT OR IGNORE INTO organizations (id,tenant_id,organization_type,legal_name,display_name,registration_number,status,verification_state,created_at,updated_at) VALUES ('org_s09_salon_6bba9f89edb8cd47','tenant_platform_seed','beauty_salon','Nathalie Coiffure','Nathalie Coiffure',NULL,'active','seeded',unixepoch(),unixepoch());
INSERT OR IGNORE INTO profiles (id,subject_id,subject_type,primary_place_id,tenant_id,workspace_id,display_name,created_at,updated_at) VALUES ('prof_s09_salon_6bba9f89edb8cd47','org_s09_salon_6bba9f89edb8cd47','organization','place_nigeria_001','tenant_platform_seed','workspace_platform_seed_discovery','Nathalie Coiffure',unixepoch(),unixepoch());
INSERT OR IGNORE INTO search_entries (id,profile_id,display_name,keywords,ancestry_path,vertical,created_at,updated_at) VALUES ('se_s09_salon_6bba9f89edb8cd47','prof_s09_salon_6bba9f89edb8cd47','Nathalie Coiffure','nathalie coiffure salon barber hair beauty nigeria','place_nigeria_001','beauty_salon',unixepoch(),unixepoch());
INSERT OR IGNORE INTO seed_ingestion_records (id,seed_run_id,entity_type,entity_id,source_id,status) VALUES ('ir_s09_salon_6bba9f89edb8cd47','seed_run_s09_osm_salons_20260502','organization','org_s09_salon_6bba9f89edb8cd47','seed_source_osm_salons_ng_20260502','ingested');
INSERT OR IGNORE INTO seed_entity_sources (id,seed_run_id,entity_type,entity_id,source_id,confidence_tier) VALUES ('es_s09_salon_6bba9f89edb8cd47','seed_run_s09_osm_salons_20260502','organization','org_s09_salon_6bba9f89edb8cd47','seed_source_osm_salons_ng_20260502','seeded');
INSERT OR IGNORE INTO seed_enrichment (id,seed_run_id,entity_type,entity_id,enrichment_type,enrichment_json) VALUES ('enr_s09_salon_6bba9f89edb8cd47','seed_run_s09_osm_salons_20260502','organization','org_s09_salon_6bba9f89edb8cd47','licence_data','{"osm_id": "5942752780", "amenity": "hairdresser", "addr_state": null, "denomination": null, "operator": null}');

INSERT OR IGNORE INTO organizations (id,tenant_id,organization_type,legal_name,display_name,registration_number,status,verification_state,created_at,updated_at) VALUES ('org_s09_salon_7d25718d5d89ed20','tenant_platform_seed','beauty_salon','Reine Alicia Fashion','Reine Alicia Fashion',NULL,'active','seeded',unixepoch(),unixepoch());
INSERT OR IGNORE INTO profiles (id,subject_id,subject_type,primary_place_id,tenant_id,workspace_id,display_name,created_at,updated_at) VALUES ('prof_s09_salon_7d25718d5d89ed20','org_s09_salon_7d25718d5d89ed20','organization','place_nigeria_001','tenant_platform_seed','workspace_platform_seed_discovery','Reine Alicia Fashion',unixepoch(),unixepoch());
INSERT OR IGNORE INTO search_entries (id,profile_id,display_name,keywords,ancestry_path,vertical,created_at,updated_at) VALUES ('se_s09_salon_7d25718d5d89ed20','prof_s09_salon_7d25718d5d89ed20','Reine Alicia Fashion','reine alicia fashion salon barber hair beauty nigeria','place_nigeria_001','beauty_salon',unixepoch(),unixepoch());
INSERT OR IGNORE INTO seed_ingestion_records (id,seed_run_id,entity_type,entity_id,source_id,status) VALUES ('ir_s09_salon_7d25718d5d89ed20','seed_run_s09_osm_salons_20260502','organization','org_s09_salon_7d25718d5d89ed20','seed_source_osm_salons_ng_20260502','ingested');
INSERT OR IGNORE INTO seed_entity_sources (id,seed_run_id,entity_type,entity_id,source_id,confidence_tier) VALUES ('es_s09_salon_7d25718d5d89ed20','seed_run_s09_osm_salons_20260502','organization','org_s09_salon_7d25718d5d89ed20','seed_source_osm_salons_ng_20260502','seeded');
INSERT OR IGNORE INTO seed_enrichment (id,seed_run_id,entity_type,entity_id,enrichment_type,enrichment_json) VALUES ('enr_s09_salon_7d25718d5d89ed20','seed_run_s09_osm_salons_20260502','organization','org_s09_salon_7d25718d5d89ed20','licence_data','{"osm_id": "5942752781", "amenity": "hairdresser", "addr_state": null, "denomination": null, "operator": null}');

INSERT OR IGNORE INTO organizations (id,tenant_id,organization_type,legal_name,display_name,registration_number,status,verification_state,created_at,updated_at) VALUES ('org_s09_salon_3e1963640b952d77','tenant_platform_seed','beauty_salon','Coiffure Cédric','Coiffure Cédric',NULL,'active','seeded',unixepoch(),unixepoch());
INSERT OR IGNORE INTO profiles (id,subject_id,subject_type,primary_place_id,tenant_id,workspace_id,display_name,created_at,updated_at) VALUES ('prof_s09_salon_3e1963640b952d77','org_s09_salon_3e1963640b952d77','organization','place_nigeria_001','tenant_platform_seed','workspace_platform_seed_discovery','Coiffure Cédric',unixepoch(),unixepoch());
INSERT OR IGNORE INTO search_entries (id,profile_id,display_name,keywords,ancestry_path,vertical,created_at,updated_at) VALUES ('se_s09_salon_3e1963640b952d77','prof_s09_salon_3e1963640b952d77','Coiffure Cédric','coiffure cédric salon barber hair beauty nigeria','place_nigeria_001','beauty_salon',unixepoch(),unixepoch());
INSERT OR IGNORE INTO seed_ingestion_records (id,seed_run_id,entity_type,entity_id,source_id,status) VALUES ('ir_s09_salon_3e1963640b952d77','seed_run_s09_osm_salons_20260502','organization','org_s09_salon_3e1963640b952d77','seed_source_osm_salons_ng_20260502','ingested');
INSERT OR IGNORE INTO seed_entity_sources (id,seed_run_id,entity_type,entity_id,source_id,confidence_tier) VALUES ('es_s09_salon_3e1963640b952d77','seed_run_s09_osm_salons_20260502','organization','org_s09_salon_3e1963640b952d77','seed_source_osm_salons_ng_20260502','seeded');
INSERT OR IGNORE INTO seed_enrichment (id,seed_run_id,entity_type,entity_id,enrichment_type,enrichment_json) VALUES ('enr_s09_salon_3e1963640b952d77','seed_run_s09_osm_salons_20260502','organization','org_s09_salon_3e1963640b952d77','licence_data','{"osm_id": "5942752782", "amenity": "hairdresser", "addr_state": null, "denomination": null, "operator": null}');

INSERT OR IGNORE INTO organizations (id,tenant_id,organization_type,legal_name,display_name,registration_number,status,verification_state,created_at,updated_at) VALUES ('org_s09_salon_0a63fb830146c38c','tenant_platform_seed','beauty_salon','Solange Coiffure','Solange Coiffure',NULL,'active','seeded',unixepoch(),unixepoch());
INSERT OR IGNORE INTO profiles (id,subject_id,subject_type,primary_place_id,tenant_id,workspace_id,display_name,created_at,updated_at) VALUES ('prof_s09_salon_0a63fb830146c38c','org_s09_salon_0a63fb830146c38c','organization','place_nigeria_001','tenant_platform_seed','workspace_platform_seed_discovery','Solange Coiffure',unixepoch(),unixepoch());
INSERT OR IGNORE INTO search_entries (id,profile_id,display_name,keywords,ancestry_path,vertical,created_at,updated_at) VALUES ('se_s09_salon_0a63fb830146c38c','prof_s09_salon_0a63fb830146c38c','Solange Coiffure','solange coiffure salon barber hair beauty nigeria','place_nigeria_001','beauty_salon',unixepoch(),unixepoch());
INSERT OR IGNORE INTO seed_ingestion_records (id,seed_run_id,entity_type,entity_id,source_id,status) VALUES ('ir_s09_salon_0a63fb830146c38c','seed_run_s09_osm_salons_20260502','organization','org_s09_salon_0a63fb830146c38c','seed_source_osm_salons_ng_20260502','ingested');
INSERT OR IGNORE INTO seed_entity_sources (id,seed_run_id,entity_type,entity_id,source_id,confidence_tier) VALUES ('es_s09_salon_0a63fb830146c38c','seed_run_s09_osm_salons_20260502','organization','org_s09_salon_0a63fb830146c38c','seed_source_osm_salons_ng_20260502','seeded');
INSERT OR IGNORE INTO seed_enrichment (id,seed_run_id,entity_type,entity_id,enrichment_type,enrichment_json) VALUES ('enr_s09_salon_0a63fb830146c38c','seed_run_s09_osm_salons_20260502','organization','org_s09_salon_0a63fb830146c38c','licence_data','{"osm_id": "5942752784", "amenity": "hairdresser", "addr_state": null, "denomination": null, "operator": null}');

INSERT OR IGNORE INTO organizations (id,tenant_id,organization_type,legal_name,display_name,registration_number,status,verification_state,created_at,updated_at) VALUES ('org_s09_salon_eb597bcbc23743e4','tenant_platform_seed','beauty_salon','Sophie','Sophie',NULL,'active','seeded',unixepoch(),unixepoch());
INSERT OR IGNORE INTO profiles (id,subject_id,subject_type,primary_place_id,tenant_id,workspace_id,display_name,created_at,updated_at) VALUES ('prof_s09_salon_eb597bcbc23743e4','org_s09_salon_eb597bcbc23743e4','organization','place_nigeria_001','tenant_platform_seed','workspace_platform_seed_discovery','Sophie',unixepoch(),unixepoch());
INSERT OR IGNORE INTO search_entries (id,profile_id,display_name,keywords,ancestry_path,vertical,created_at,updated_at) VALUES ('se_s09_salon_eb597bcbc23743e4','prof_s09_salon_eb597bcbc23743e4','Sophie','sophie salon barber hair beauty nigeria','place_nigeria_001','beauty_salon',unixepoch(),unixepoch());
INSERT OR IGNORE INTO seed_ingestion_records (id,seed_run_id,entity_type,entity_id,source_id,status) VALUES ('ir_s09_salon_eb597bcbc23743e4','seed_run_s09_osm_salons_20260502','organization','org_s09_salon_eb597bcbc23743e4','seed_source_osm_salons_ng_20260502','ingested');
INSERT OR IGNORE INTO seed_entity_sources (id,seed_run_id,entity_type,entity_id,source_id,confidence_tier) VALUES ('es_s09_salon_eb597bcbc23743e4','seed_run_s09_osm_salons_20260502','organization','org_s09_salon_eb597bcbc23743e4','seed_source_osm_salons_ng_20260502','seeded');
INSERT OR IGNORE INTO seed_enrichment (id,seed_run_id,entity_type,entity_id,enrichment_type,enrichment_json) VALUES ('enr_s09_salon_eb597bcbc23743e4','seed_run_s09_osm_salons_20260502','organization','org_s09_salon_eb597bcbc23743e4','licence_data','{"osm_id": "5942752885", "amenity": "hairdresser", "addr_state": null, "denomination": null, "operator": null}');

INSERT OR IGNORE INTO organizations (id,tenant_id,organization_type,legal_name,display_name,registration_number,status,verification_state,created_at,updated_at) VALUES ('org_s09_salon_d13b1f77b1003d65','tenant_platform_seed','beauty_salon','Comportement Fashion','Comportement Fashion',NULL,'active','seeded',unixepoch(),unixepoch());
INSERT OR IGNORE INTO profiles (id,subject_id,subject_type,primary_place_id,tenant_id,workspace_id,display_name,created_at,updated_at) VALUES ('prof_s09_salon_d13b1f77b1003d65','org_s09_salon_d13b1f77b1003d65','organization','place_nigeria_001','tenant_platform_seed','workspace_platform_seed_discovery','Comportement Fashion',unixepoch(),unixepoch());
INSERT OR IGNORE INTO search_entries (id,profile_id,display_name,keywords,ancestry_path,vertical,created_at,updated_at) VALUES ('se_s09_salon_d13b1f77b1003d65','prof_s09_salon_d13b1f77b1003d65','Comportement Fashion','comportement fashion salon barber hair beauty nigeria','place_nigeria_001','beauty_salon',unixepoch(),unixepoch());
INSERT OR IGNORE INTO seed_ingestion_records (id,seed_run_id,entity_type,entity_id,source_id,status) VALUES ('ir_s09_salon_d13b1f77b1003d65','seed_run_s09_osm_salons_20260502','organization','org_s09_salon_d13b1f77b1003d65','seed_source_osm_salons_ng_20260502','ingested');
INSERT OR IGNORE INTO seed_entity_sources (id,seed_run_id,entity_type,entity_id,source_id,confidence_tier) VALUES ('es_s09_salon_d13b1f77b1003d65','seed_run_s09_osm_salons_20260502','organization','org_s09_salon_d13b1f77b1003d65','seed_source_osm_salons_ng_20260502','seeded');
INSERT OR IGNORE INTO seed_enrichment (id,seed_run_id,entity_type,entity_id,enrichment_type,enrichment_json) VALUES ('enr_s09_salon_d13b1f77b1003d65','seed_run_s09_osm_salons_20260502','organization','org_s09_salon_d13b1f77b1003d65','licence_data','{"osm_id": "5942752886", "amenity": "hairdresser", "addr_state": null, "denomination": null, "operator": null}');

INSERT OR IGNORE INTO organizations (id,tenant_id,organization_type,legal_name,display_name,registration_number,status,verification_state,created_at,updated_at) VALUES ('org_s09_salon_af92a07006c2027a','tenant_platform_seed','beauty_salon','Nasser','Nasser',NULL,'active','seeded',unixepoch(),unixepoch());
INSERT OR IGNORE INTO profiles (id,subject_id,subject_type,primary_place_id,tenant_id,workspace_id,display_name,created_at,updated_at) VALUES ('prof_s09_salon_af92a07006c2027a','org_s09_salon_af92a07006c2027a','organization','place_nigeria_001','tenant_platform_seed','workspace_platform_seed_discovery','Nasser',unixepoch(),unixepoch());
INSERT OR IGNORE INTO search_entries (id,profile_id,display_name,keywords,ancestry_path,vertical,created_at,updated_at) VALUES ('se_s09_salon_af92a07006c2027a','prof_s09_salon_af92a07006c2027a','Nasser','nasser salon barber hair beauty nigeria','place_nigeria_001','beauty_salon',unixepoch(),unixepoch());
INSERT OR IGNORE INTO seed_ingestion_records (id,seed_run_id,entity_type,entity_id,source_id,status) VALUES ('ir_s09_salon_af92a07006c2027a','seed_run_s09_osm_salons_20260502','organization','org_s09_salon_af92a07006c2027a','seed_source_osm_salons_ng_20260502','ingested');
INSERT OR IGNORE INTO seed_entity_sources (id,seed_run_id,entity_type,entity_id,source_id,confidence_tier) VALUES ('es_s09_salon_af92a07006c2027a','seed_run_s09_osm_salons_20260502','organization','org_s09_salon_af92a07006c2027a','seed_source_osm_salons_ng_20260502','seeded');
INSERT OR IGNORE INTO seed_enrichment (id,seed_run_id,entity_type,entity_id,enrichment_type,enrichment_json) VALUES ('enr_s09_salon_af92a07006c2027a','seed_run_s09_osm_salons_20260502','organization','org_s09_salon_af92a07006c2027a','licence_data','{"osm_id": "5942752887", "amenity": "hairdresser", "addr_state": null, "denomination": null, "operator": null}');

INSERT OR IGNORE INTO organizations (id,tenant_id,organization_type,legal_name,display_name,registration_number,status,verification_state,created_at,updated_at) VALUES ('org_s09_salon_5e96ba33ed4451c0','tenant_platform_seed','beauty_salon','Michel','Michel',NULL,'active','seeded',unixepoch(),unixepoch());
INSERT OR IGNORE INTO profiles (id,subject_id,subject_type,primary_place_id,tenant_id,workspace_id,display_name,created_at,updated_at) VALUES ('prof_s09_salon_5e96ba33ed4451c0','org_s09_salon_5e96ba33ed4451c0','organization','place_nigeria_001','tenant_platform_seed','workspace_platform_seed_discovery','Michel',unixepoch(),unixepoch());
INSERT OR IGNORE INTO search_entries (id,profile_id,display_name,keywords,ancestry_path,vertical,created_at,updated_at) VALUES ('se_s09_salon_5e96ba33ed4451c0','prof_s09_salon_5e96ba33ed4451c0','Michel','michel salon barber hair beauty nigeria','place_nigeria_001','beauty_salon',unixepoch(),unixepoch());
INSERT OR IGNORE INTO seed_ingestion_records (id,seed_run_id,entity_type,entity_id,source_id,status) VALUES ('ir_s09_salon_5e96ba33ed4451c0','seed_run_s09_osm_salons_20260502','organization','org_s09_salon_5e96ba33ed4451c0','seed_source_osm_salons_ng_20260502','ingested');
INSERT OR IGNORE INTO seed_entity_sources (id,seed_run_id,entity_type,entity_id,source_id,confidence_tier) VALUES ('es_s09_salon_5e96ba33ed4451c0','seed_run_s09_osm_salons_20260502','organization','org_s09_salon_5e96ba33ed4451c0','seed_source_osm_salons_ng_20260502','seeded');
INSERT OR IGNORE INTO seed_enrichment (id,seed_run_id,entity_type,entity_id,enrichment_type,enrichment_json) VALUES ('enr_s09_salon_5e96ba33ed4451c0','seed_run_s09_osm_salons_20260502','organization','org_s09_salon_5e96ba33ed4451c0','licence_data','{"osm_id": "5942752888", "amenity": "hairdresser", "addr_state": null, "denomination": null, "operator": null}');

INSERT OR IGNORE INTO organizations (id,tenant_id,organization_type,legal_name,display_name,registration_number,status,verification_state,created_at,updated_at) VALUES ('org_s09_salon_6d601deda45195b0','tenant_platform_seed','beauty_salon','Norvelas Beauty','Norvelas Beauty',NULL,'active','seeded',unixepoch(),unixepoch());
INSERT OR IGNORE INTO profiles (id,subject_id,subject_type,primary_place_id,tenant_id,workspace_id,display_name,created_at,updated_at) VALUES ('prof_s09_salon_6d601deda45195b0','org_s09_salon_6d601deda45195b0','organization','place_nigeria_001','tenant_platform_seed','workspace_platform_seed_discovery','Norvelas Beauty',unixepoch(),unixepoch());
INSERT OR IGNORE INTO search_entries (id,profile_id,display_name,keywords,ancestry_path,vertical,created_at,updated_at) VALUES ('se_s09_salon_6d601deda45195b0','prof_s09_salon_6d601deda45195b0','Norvelas Beauty','norvelas beauty salon barber hair beauty nigeria','place_nigeria_001','beauty_salon',unixepoch(),unixepoch());
INSERT OR IGNORE INTO seed_ingestion_records (id,seed_run_id,entity_type,entity_id,source_id,status) VALUES ('ir_s09_salon_6d601deda45195b0','seed_run_s09_osm_salons_20260502','organization','org_s09_salon_6d601deda45195b0','seed_source_osm_salons_ng_20260502','ingested');
INSERT OR IGNORE INTO seed_entity_sources (id,seed_run_id,entity_type,entity_id,source_id,confidence_tier) VALUES ('es_s09_salon_6d601deda45195b0','seed_run_s09_osm_salons_20260502','organization','org_s09_salon_6d601deda45195b0','seed_source_osm_salons_ng_20260502','seeded');
INSERT OR IGNORE INTO seed_enrichment (id,seed_run_id,entity_type,entity_id,enrichment_type,enrichment_json) VALUES ('enr_s09_salon_6d601deda45195b0','seed_run_s09_osm_salons_20260502','organization','org_s09_salon_6d601deda45195b0','licence_data','{"osm_id": "5942752889", "amenity": "hairdresser", "addr_state": null, "denomination": null, "operator": null}');

INSERT OR IGNORE INTO organizations (id,tenant_id,organization_type,legal_name,display_name,registration_number,status,verification_state,created_at,updated_at) VALUES ('org_s09_salon_efea40c055647e10','tenant_platform_seed','beauty_salon','Andro?de','Andro?de',NULL,'active','seeded',unixepoch(),unixepoch());
INSERT OR IGNORE INTO profiles (id,subject_id,subject_type,primary_place_id,tenant_id,workspace_id,display_name,created_at,updated_at) VALUES ('prof_s09_salon_efea40c055647e10','org_s09_salon_efea40c055647e10','organization','place_nigeria_001','tenant_platform_seed','workspace_platform_seed_discovery','Andro?de',unixepoch(),unixepoch());
INSERT OR IGNORE INTO search_entries (id,profile_id,display_name,keywords,ancestry_path,vertical,created_at,updated_at) VALUES ('se_s09_salon_efea40c055647e10','prof_s09_salon_efea40c055647e10','Andro?de','andro?de salon barber hair beauty nigeria','place_nigeria_001','beauty_salon',unixepoch(),unixepoch());
INSERT OR IGNORE INTO seed_ingestion_records (id,seed_run_id,entity_type,entity_id,source_id,status) VALUES ('ir_s09_salon_efea40c055647e10','seed_run_s09_osm_salons_20260502','organization','org_s09_salon_efea40c055647e10','seed_source_osm_salons_ng_20260502','ingested');
INSERT OR IGNORE INTO seed_entity_sources (id,seed_run_id,entity_type,entity_id,source_id,confidence_tier) VALUES ('es_s09_salon_efea40c055647e10','seed_run_s09_osm_salons_20260502','organization','org_s09_salon_efea40c055647e10','seed_source_osm_salons_ng_20260502','seeded');
INSERT OR IGNORE INTO seed_enrichment (id,seed_run_id,entity_type,entity_id,enrichment_type,enrichment_json) VALUES ('enr_s09_salon_efea40c055647e10','seed_run_s09_osm_salons_20260502','organization','org_s09_salon_efea40c055647e10','licence_data','{"osm_id": "5942752890", "amenity": "hairdresser", "addr_state": null, "denomination": null, "operator": null}');

INSERT OR IGNORE INTO organizations (id,tenant_id,organization_type,legal_name,display_name,registration_number,status,verification_state,created_at,updated_at) VALUES ('org_s09_salon_51ada9b4d39314e0','tenant_platform_seed','beauty_salon','Joseph Nkuh','Joseph Nkuh',NULL,'active','seeded',unixepoch(),unixepoch());
INSERT OR IGNORE INTO profiles (id,subject_id,subject_type,primary_place_id,tenant_id,workspace_id,display_name,created_at,updated_at) VALUES ('prof_s09_salon_51ada9b4d39314e0','org_s09_salon_51ada9b4d39314e0','organization','place_nigeria_001','tenant_platform_seed','workspace_platform_seed_discovery','Joseph Nkuh',unixepoch(),unixepoch());
INSERT OR IGNORE INTO search_entries (id,profile_id,display_name,keywords,ancestry_path,vertical,created_at,updated_at) VALUES ('se_s09_salon_51ada9b4d39314e0','prof_s09_salon_51ada9b4d39314e0','Joseph Nkuh','joseph nkuh salon barber hair beauty nigeria','place_nigeria_001','beauty_salon',unixepoch(),unixepoch());
INSERT OR IGNORE INTO seed_ingestion_records (id,seed_run_id,entity_type,entity_id,source_id,status) VALUES ('ir_s09_salon_51ada9b4d39314e0','seed_run_s09_osm_salons_20260502','organization','org_s09_salon_51ada9b4d39314e0','seed_source_osm_salons_ng_20260502','ingested');
INSERT OR IGNORE INTO seed_entity_sources (id,seed_run_id,entity_type,entity_id,source_id,confidence_tier) VALUES ('es_s09_salon_51ada9b4d39314e0','seed_run_s09_osm_salons_20260502','organization','org_s09_salon_51ada9b4d39314e0','seed_source_osm_salons_ng_20260502','seeded');
INSERT OR IGNORE INTO seed_enrichment (id,seed_run_id,entity_type,entity_id,enrichment_type,enrichment_json) VALUES ('enr_s09_salon_51ada9b4d39314e0','seed_run_s09_osm_salons_20260502','organization','org_s09_salon_51ada9b4d39314e0','licence_data','{"osm_id": "5942752891", "amenity": "hairdresser", "addr_state": null, "denomination": null, "operator": null}');

INSERT OR IGNORE INTO organizations (id,tenant_id,organization_type,legal_name,display_name,registration_number,status,verification_state,created_at,updated_at) VALUES ('org_s09_salon_81b0774e93a8dcd8','tenant_platform_seed','beauty_salon','Georges','Georges',NULL,'active','seeded',unixepoch(),unixepoch());
INSERT OR IGNORE INTO profiles (id,subject_id,subject_type,primary_place_id,tenant_id,workspace_id,display_name,created_at,updated_at) VALUES ('prof_s09_salon_81b0774e93a8dcd8','org_s09_salon_81b0774e93a8dcd8','organization','place_nigeria_001','tenant_platform_seed','workspace_platform_seed_discovery','Georges',unixepoch(),unixepoch());
INSERT OR IGNORE INTO search_entries (id,profile_id,display_name,keywords,ancestry_path,vertical,created_at,updated_at) VALUES ('se_s09_salon_81b0774e93a8dcd8','prof_s09_salon_81b0774e93a8dcd8','Georges','georges salon barber hair beauty nigeria','place_nigeria_001','beauty_salon',unixepoch(),unixepoch());
INSERT OR IGNORE INTO seed_ingestion_records (id,seed_run_id,entity_type,entity_id,source_id,status) VALUES ('ir_s09_salon_81b0774e93a8dcd8','seed_run_s09_osm_salons_20260502','organization','org_s09_salon_81b0774e93a8dcd8','seed_source_osm_salons_ng_20260502','ingested');
INSERT OR IGNORE INTO seed_entity_sources (id,seed_run_id,entity_type,entity_id,source_id,confidence_tier) VALUES ('es_s09_salon_81b0774e93a8dcd8','seed_run_s09_osm_salons_20260502','organization','org_s09_salon_81b0774e93a8dcd8','seed_source_osm_salons_ng_20260502','seeded');
INSERT OR IGNORE INTO seed_enrichment (id,seed_run_id,entity_type,entity_id,enrichment_type,enrichment_json) VALUES ('enr_s09_salon_81b0774e93a8dcd8','seed_run_s09_osm_salons_20260502','organization','org_s09_salon_81b0774e93a8dcd8','licence_data','{"osm_id": "5942752892", "amenity": "hairdresser", "addr_state": null, "denomination": null, "operator": null}');

INSERT OR IGNORE INTO organizations (id,tenant_id,organization_type,legal_name,display_name,registration_number,status,verification_state,created_at,updated_at) VALUES ('org_s09_salon_011b772299e80d37','tenant_platform_seed','beauty_salon','Claudi','Claudi',NULL,'active','seeded',unixepoch(),unixepoch());
INSERT OR IGNORE INTO profiles (id,subject_id,subject_type,primary_place_id,tenant_id,workspace_id,display_name,created_at,updated_at) VALUES ('prof_s09_salon_011b772299e80d37','org_s09_salon_011b772299e80d37','organization','place_nigeria_001','tenant_platform_seed','workspace_platform_seed_discovery','Claudi',unixepoch(),unixepoch());
INSERT OR IGNORE INTO search_entries (id,profile_id,display_name,keywords,ancestry_path,vertical,created_at,updated_at) VALUES ('se_s09_salon_011b772299e80d37','prof_s09_salon_011b772299e80d37','Claudi','claudi salon barber hair beauty nigeria','place_nigeria_001','beauty_salon',unixepoch(),unixepoch());
INSERT OR IGNORE INTO seed_ingestion_records (id,seed_run_id,entity_type,entity_id,source_id,status) VALUES ('ir_s09_salon_011b772299e80d37','seed_run_s09_osm_salons_20260502','organization','org_s09_salon_011b772299e80d37','seed_source_osm_salons_ng_20260502','ingested');
INSERT OR IGNORE INTO seed_entity_sources (id,seed_run_id,entity_type,entity_id,source_id,confidence_tier) VALUES ('es_s09_salon_011b772299e80d37','seed_run_s09_osm_salons_20260502','organization','org_s09_salon_011b772299e80d37','seed_source_osm_salons_ng_20260502','seeded');
INSERT OR IGNORE INTO seed_enrichment (id,seed_run_id,entity_type,entity_id,enrichment_type,enrichment_json) VALUES ('enr_s09_salon_011b772299e80d37','seed_run_s09_osm_salons_20260502','organization','org_s09_salon_011b772299e80d37','licence_data','{"osm_id": "5942752893", "amenity": "hairdresser", "addr_state": null, "denomination": null, "operator": null}');

INSERT OR IGNORE INTO organizations (id,tenant_id,organization_type,legal_name,display_name,registration_number,status,verification_state,created_at,updated_at) VALUES ('org_s09_salon_c37326ce4f2e4e65','tenant_platform_seed','beauty_salon','Natural Misty //amna','Natural Misty //amna',NULL,'active','seeded',unixepoch(),unixepoch());
INSERT OR IGNORE INTO profiles (id,subject_id,subject_type,primary_place_id,tenant_id,workspace_id,display_name,created_at,updated_at) VALUES ('prof_s09_salon_c37326ce4f2e4e65','org_s09_salon_c37326ce4f2e4e65','organization','place_nigeria_001','tenant_platform_seed','workspace_platform_seed_discovery','Natural Misty //amna',unixepoch(),unixepoch());
INSERT OR IGNORE INTO search_entries (id,profile_id,display_name,keywords,ancestry_path,vertical,created_at,updated_at) VALUES ('se_s09_salon_c37326ce4f2e4e65','prof_s09_salon_c37326ce4f2e4e65','Natural Misty //amna','natural misty //amna salon barber hair beauty nigeria','place_nigeria_001','beauty_salon',unixepoch(),unixepoch());
INSERT OR IGNORE INTO seed_ingestion_records (id,seed_run_id,entity_type,entity_id,source_id,status) VALUES ('ir_s09_salon_c37326ce4f2e4e65','seed_run_s09_osm_salons_20260502','organization','org_s09_salon_c37326ce4f2e4e65','seed_source_osm_salons_ng_20260502','ingested');
INSERT OR IGNORE INTO seed_entity_sources (id,seed_run_id,entity_type,entity_id,source_id,confidence_tier) VALUES ('es_s09_salon_c37326ce4f2e4e65','seed_run_s09_osm_salons_20260502','organization','org_s09_salon_c37326ce4f2e4e65','seed_source_osm_salons_ng_20260502','seeded');
INSERT OR IGNORE INTO seed_enrichment (id,seed_run_id,entity_type,entity_id,enrichment_type,enrichment_json) VALUES ('enr_s09_salon_c37326ce4f2e4e65','seed_run_s09_osm_salons_20260502','organization','org_s09_salon_c37326ce4f2e4e65','licence_data','{"osm_id": "5942752894", "amenity": "hairdresser", "addr_state": null, "denomination": null, "operator": null}');

INSERT OR IGNORE INTO organizations (id,tenant_id,organization_type,legal_name,display_name,registration_number,status,verification_state,created_at,updated_at) VALUES ('org_s09_salon_360afcfa0b411dc9','tenant_platform_seed','beauty_salon','Ange Coiffure','Ange Coiffure',NULL,'active','seeded',unixepoch(),unixepoch());
INSERT OR IGNORE INTO profiles (id,subject_id,subject_type,primary_place_id,tenant_id,workspace_id,display_name,created_at,updated_at) VALUES ('prof_s09_salon_360afcfa0b411dc9','org_s09_salon_360afcfa0b411dc9','organization','place_nigeria_001','tenant_platform_seed','workspace_platform_seed_discovery','Ange Coiffure',unixepoch(),unixepoch());
INSERT OR IGNORE INTO search_entries (id,profile_id,display_name,keywords,ancestry_path,vertical,created_at,updated_at) VALUES ('se_s09_salon_360afcfa0b411dc9','prof_s09_salon_360afcfa0b411dc9','Ange Coiffure','ange coiffure salon barber hair beauty nigeria','place_nigeria_001','beauty_salon',unixepoch(),unixepoch());
INSERT OR IGNORE INTO seed_ingestion_records (id,seed_run_id,entity_type,entity_id,source_id,status) VALUES ('ir_s09_salon_360afcfa0b411dc9','seed_run_s09_osm_salons_20260502','organization','org_s09_salon_360afcfa0b411dc9','seed_source_osm_salons_ng_20260502','ingested');
INSERT OR IGNORE INTO seed_entity_sources (id,seed_run_id,entity_type,entity_id,source_id,confidence_tier) VALUES ('es_s09_salon_360afcfa0b411dc9','seed_run_s09_osm_salons_20260502','organization','org_s09_salon_360afcfa0b411dc9','seed_source_osm_salons_ng_20260502','seeded');
INSERT OR IGNORE INTO seed_enrichment (id,seed_run_id,entity_type,entity_id,enrichment_type,enrichment_json) VALUES ('enr_s09_salon_360afcfa0b411dc9','seed_run_s09_osm_salons_20260502','organization','org_s09_salon_360afcfa0b411dc9','licence_data','{"osm_id": "5942752895", "amenity": "hairdresser", "addr_state": null, "denomination": null, "operator": null}');

INSERT OR IGNORE INTO organizations (id,tenant_id,organization_type,legal_name,display_name,registration_number,status,verification_state,created_at,updated_at) VALUES ('org_s09_salon_747b6195b8037b36','tenant_platform_seed','beauty_salon','Almahdji Coiffure','Almahdji Coiffure',NULL,'active','seeded',unixepoch(),unixepoch());
INSERT OR IGNORE INTO profiles (id,subject_id,subject_type,primary_place_id,tenant_id,workspace_id,display_name,created_at,updated_at) VALUES ('prof_s09_salon_747b6195b8037b36','org_s09_salon_747b6195b8037b36','organization','place_nigeria_001','tenant_platform_seed','workspace_platform_seed_discovery','Almahdji Coiffure',unixepoch(),unixepoch());
INSERT OR IGNORE INTO search_entries (id,profile_id,display_name,keywords,ancestry_path,vertical,created_at,updated_at) VALUES ('se_s09_salon_747b6195b8037b36','prof_s09_salon_747b6195b8037b36','Almahdji Coiffure','almahdji coiffure salon barber hair beauty nigeria','place_nigeria_001','beauty_salon',unixepoch(),unixepoch());
INSERT OR IGNORE INTO seed_ingestion_records (id,seed_run_id,entity_type,entity_id,source_id,status) VALUES ('ir_s09_salon_747b6195b8037b36','seed_run_s09_osm_salons_20260502','organization','org_s09_salon_747b6195b8037b36','seed_source_osm_salons_ng_20260502','ingested');
INSERT OR IGNORE INTO seed_entity_sources (id,seed_run_id,entity_type,entity_id,source_id,confidence_tier) VALUES ('es_s09_salon_747b6195b8037b36','seed_run_s09_osm_salons_20260502','organization','org_s09_salon_747b6195b8037b36','seed_source_osm_salons_ng_20260502','seeded');
INSERT OR IGNORE INTO seed_enrichment (id,seed_run_id,entity_type,entity_id,enrichment_type,enrichment_json) VALUES ('enr_s09_salon_747b6195b8037b36','seed_run_s09_osm_salons_20260502','organization','org_s09_salon_747b6195b8037b36','licence_data','{"osm_id": "5942752896", "amenity": "hairdresser", "addr_state": null, "denomination": null, "operator": null}');

INSERT OR IGNORE INTO organizations (id,tenant_id,organization_type,legal_name,display_name,registration_number,status,verification_state,created_at,updated_at) VALUES ('org_s09_salon_d344134519b18311','tenant_platform_seed','beauty_salon','Hassan Coiffure','Hassan Coiffure',NULL,'active','seeded',unixepoch(),unixepoch());
INSERT OR IGNORE INTO profiles (id,subject_id,subject_type,primary_place_id,tenant_id,workspace_id,display_name,created_at,updated_at) VALUES ('prof_s09_salon_d344134519b18311','org_s09_salon_d344134519b18311','organization','place_nigeria_001','tenant_platform_seed','workspace_platform_seed_discovery','Hassan Coiffure',unixepoch(),unixepoch());
INSERT OR IGNORE INTO search_entries (id,profile_id,display_name,keywords,ancestry_path,vertical,created_at,updated_at) VALUES ('se_s09_salon_d344134519b18311','prof_s09_salon_d344134519b18311','Hassan Coiffure','hassan coiffure salon barber hair beauty nigeria','place_nigeria_001','beauty_salon',unixepoch(),unixepoch());
INSERT OR IGNORE INTO seed_ingestion_records (id,seed_run_id,entity_type,entity_id,source_id,status) VALUES ('ir_s09_salon_d344134519b18311','seed_run_s09_osm_salons_20260502','organization','org_s09_salon_d344134519b18311','seed_source_osm_salons_ng_20260502','ingested');
INSERT OR IGNORE INTO seed_entity_sources (id,seed_run_id,entity_type,entity_id,source_id,confidence_tier) VALUES ('es_s09_salon_d344134519b18311','seed_run_s09_osm_salons_20260502','organization','org_s09_salon_d344134519b18311','seed_source_osm_salons_ng_20260502','seeded');
INSERT OR IGNORE INTO seed_enrichment (id,seed_run_id,entity_type,entity_id,enrichment_type,enrichment_json) VALUES ('enr_s09_salon_d344134519b18311','seed_run_s09_osm_salons_20260502','organization','org_s09_salon_d344134519b18311','licence_data','{"osm_id": "5942752898", "amenity": "hairdresser", "addr_state": null, "denomination": null, "operator": null}');

INSERT OR IGNORE INTO organizations (id,tenant_id,organization_type,legal_name,display_name,registration_number,status,verification_state,created_at,updated_at) VALUES ('org_s09_salon_8d29f73c42f67864','tenant_platform_seed','beauty_salon','Doli Coiffure','Doli Coiffure',NULL,'active','seeded',unixepoch(),unixepoch());
INSERT OR IGNORE INTO profiles (id,subject_id,subject_type,primary_place_id,tenant_id,workspace_id,display_name,created_at,updated_at) VALUES ('prof_s09_salon_8d29f73c42f67864','org_s09_salon_8d29f73c42f67864','organization','place_nigeria_001','tenant_platform_seed','workspace_platform_seed_discovery','Doli Coiffure',unixepoch(),unixepoch());
INSERT OR IGNORE INTO search_entries (id,profile_id,display_name,keywords,ancestry_path,vertical,created_at,updated_at) VALUES ('se_s09_salon_8d29f73c42f67864','prof_s09_salon_8d29f73c42f67864','Doli Coiffure','doli coiffure salon barber hair beauty nigeria','place_nigeria_001','beauty_salon',unixepoch(),unixepoch());
INSERT OR IGNORE INTO seed_ingestion_records (id,seed_run_id,entity_type,entity_id,source_id,status) VALUES ('ir_s09_salon_8d29f73c42f67864','seed_run_s09_osm_salons_20260502','organization','org_s09_salon_8d29f73c42f67864','seed_source_osm_salons_ng_20260502','ingested');
INSERT OR IGNORE INTO seed_entity_sources (id,seed_run_id,entity_type,entity_id,source_id,confidence_tier) VALUES ('es_s09_salon_8d29f73c42f67864','seed_run_s09_osm_salons_20260502','organization','org_s09_salon_8d29f73c42f67864','seed_source_osm_salons_ng_20260502','seeded');
INSERT OR IGNORE INTO seed_enrichment (id,seed_run_id,entity_type,entity_id,enrichment_type,enrichment_json) VALUES ('enr_s09_salon_8d29f73c42f67864','seed_run_s09_osm_salons_20260502','organization','org_s09_salon_8d29f73c42f67864','licence_data','{"osm_id": "5942752899", "amenity": "hairdresser", "addr_state": null, "denomination": null, "operator": null}');

INSERT OR IGNORE INTO organizations (id,tenant_id,organization_type,legal_name,display_name,registration_number,status,verification_state,created_at,updated_at) VALUES ('org_s09_salon_78ca1bb42a9275cf','tenant_platform_seed','beauty_salon','Bia Dalailou','Bia Dalailou',NULL,'active','seeded',unixepoch(),unixepoch());
INSERT OR IGNORE INTO profiles (id,subject_id,subject_type,primary_place_id,tenant_id,workspace_id,display_name,created_at,updated_at) VALUES ('prof_s09_salon_78ca1bb42a9275cf','org_s09_salon_78ca1bb42a9275cf','organization','place_nigeria_001','tenant_platform_seed','workspace_platform_seed_discovery','Bia Dalailou',unixepoch(),unixepoch());
INSERT OR IGNORE INTO search_entries (id,profile_id,display_name,keywords,ancestry_path,vertical,created_at,updated_at) VALUES ('se_s09_salon_78ca1bb42a9275cf','prof_s09_salon_78ca1bb42a9275cf','Bia Dalailou','bia dalailou salon barber hair beauty nigeria','place_nigeria_001','beauty_salon',unixepoch(),unixepoch());
INSERT OR IGNORE INTO seed_ingestion_records (id,seed_run_id,entity_type,entity_id,source_id,status) VALUES ('ir_s09_salon_78ca1bb42a9275cf','seed_run_s09_osm_salons_20260502','organization','org_s09_salon_78ca1bb42a9275cf','seed_source_osm_salons_ng_20260502','ingested');
INSERT OR IGNORE INTO seed_entity_sources (id,seed_run_id,entity_type,entity_id,source_id,confidence_tier) VALUES ('es_s09_salon_78ca1bb42a9275cf','seed_run_s09_osm_salons_20260502','organization','org_s09_salon_78ca1bb42a9275cf','seed_source_osm_salons_ng_20260502','seeded');
INSERT OR IGNORE INTO seed_enrichment (id,seed_run_id,entity_type,entity_id,enrichment_type,enrichment_json) VALUES ('enr_s09_salon_78ca1bb42a9275cf','seed_run_s09_osm_salons_20260502','organization','org_s09_salon_78ca1bb42a9275cf','licence_data','{"osm_id": "5942752900", "amenity": "hairdresser", "addr_state": null, "denomination": null, "operator": null}');

INSERT OR IGNORE INTO organizations (id,tenant_id,organization_type,legal_name,display_name,registration_number,status,verification_state,created_at,updated_at) VALUES ('org_s09_salon_cf233f8a414a827e','tenant_platform_seed','beauty_salon','Salon Patou','Salon Patou',NULL,'active','seeded',unixepoch(),unixepoch());
INSERT OR IGNORE INTO profiles (id,subject_id,subject_type,primary_place_id,tenant_id,workspace_id,display_name,created_at,updated_at) VALUES ('prof_s09_salon_cf233f8a414a827e','org_s09_salon_cf233f8a414a827e','organization','place_nigeria_001','tenant_platform_seed','workspace_platform_seed_discovery','Salon Patou',unixepoch(),unixepoch());
INSERT OR IGNORE INTO search_entries (id,profile_id,display_name,keywords,ancestry_path,vertical,created_at,updated_at) VALUES ('se_s09_salon_cf233f8a414a827e','prof_s09_salon_cf233f8a414a827e','Salon Patou','salon patou salon barber hair beauty nigeria','place_nigeria_001','beauty_salon',unixepoch(),unixepoch());
INSERT OR IGNORE INTO seed_ingestion_records (id,seed_run_id,entity_type,entity_id,source_id,status) VALUES ('ir_s09_salon_cf233f8a414a827e','seed_run_s09_osm_salons_20260502','organization','org_s09_salon_cf233f8a414a827e','seed_source_osm_salons_ng_20260502','ingested');
INSERT OR IGNORE INTO seed_entity_sources (id,seed_run_id,entity_type,entity_id,source_id,confidence_tier) VALUES ('es_s09_salon_cf233f8a414a827e','seed_run_s09_osm_salons_20260502','organization','org_s09_salon_cf233f8a414a827e','seed_source_osm_salons_ng_20260502','seeded');
INSERT OR IGNORE INTO seed_enrichment (id,seed_run_id,entity_type,entity_id,enrichment_type,enrichment_json) VALUES ('enr_s09_salon_cf233f8a414a827e','seed_run_s09_osm_salons_20260502','organization','org_s09_salon_cf233f8a414a827e','licence_data','{"osm_id": "5942752901", "amenity": "hairdresser", "addr_state": null, "denomination": null, "operator": null}');

INSERT OR IGNORE INTO organizations (id,tenant_id,organization_type,legal_name,display_name,registration_number,status,verification_state,created_at,updated_at) VALUES ('org_s09_salon_01148e0f60afa07a','tenant_platform_seed','beauty_salon','Kabila Coiffure','Kabila Coiffure',NULL,'active','seeded',unixepoch(),unixepoch());
INSERT OR IGNORE INTO profiles (id,subject_id,subject_type,primary_place_id,tenant_id,workspace_id,display_name,created_at,updated_at) VALUES ('prof_s09_salon_01148e0f60afa07a','org_s09_salon_01148e0f60afa07a','organization','place_nigeria_001','tenant_platform_seed','workspace_platform_seed_discovery','Kabila Coiffure',unixepoch(),unixepoch());
INSERT OR IGNORE INTO search_entries (id,profile_id,display_name,keywords,ancestry_path,vertical,created_at,updated_at) VALUES ('se_s09_salon_01148e0f60afa07a','prof_s09_salon_01148e0f60afa07a','Kabila Coiffure','kabila coiffure salon barber hair beauty nigeria','place_nigeria_001','beauty_salon',unixepoch(),unixepoch());
INSERT OR IGNORE INTO seed_ingestion_records (id,seed_run_id,entity_type,entity_id,source_id,status) VALUES ('ir_s09_salon_01148e0f60afa07a','seed_run_s09_osm_salons_20260502','organization','org_s09_salon_01148e0f60afa07a','seed_source_osm_salons_ng_20260502','ingested');
INSERT OR IGNORE INTO seed_entity_sources (id,seed_run_id,entity_type,entity_id,source_id,confidence_tier) VALUES ('es_s09_salon_01148e0f60afa07a','seed_run_s09_osm_salons_20260502','organization','org_s09_salon_01148e0f60afa07a','seed_source_osm_salons_ng_20260502','seeded');
INSERT OR IGNORE INTO seed_enrichment (id,seed_run_id,entity_type,entity_id,enrichment_type,enrichment_json) VALUES ('enr_s09_salon_01148e0f60afa07a','seed_run_s09_osm_salons_20260502','organization','org_s09_salon_01148e0f60afa07a','licence_data','{"osm_id": "5942752902", "amenity": "hairdresser", "addr_state": null, "denomination": null, "operator": null}');

INSERT OR IGNORE INTO organizations (id,tenant_id,organization_type,legal_name,display_name,registration_number,status,verification_state,created_at,updated_at) VALUES ('org_s09_salon_1f651f71378678b3','tenant_platform_seed','beauty_salon','Deco Coiffure','Deco Coiffure',NULL,'active','seeded',unixepoch(),unixepoch());
INSERT OR IGNORE INTO profiles (id,subject_id,subject_type,primary_place_id,tenant_id,workspace_id,display_name,created_at,updated_at) VALUES ('prof_s09_salon_1f651f71378678b3','org_s09_salon_1f651f71378678b3','organization','place_nigeria_001','tenant_platform_seed','workspace_platform_seed_discovery','Deco Coiffure',unixepoch(),unixepoch());
INSERT OR IGNORE INTO search_entries (id,profile_id,display_name,keywords,ancestry_path,vertical,created_at,updated_at) VALUES ('se_s09_salon_1f651f71378678b3','prof_s09_salon_1f651f71378678b3','Deco Coiffure','deco coiffure salon barber hair beauty nigeria','place_nigeria_001','beauty_salon',unixepoch(),unixepoch());
INSERT OR IGNORE INTO seed_ingestion_records (id,seed_run_id,entity_type,entity_id,source_id,status) VALUES ('ir_s09_salon_1f651f71378678b3','seed_run_s09_osm_salons_20260502','organization','org_s09_salon_1f651f71378678b3','seed_source_osm_salons_ng_20260502','ingested');
INSERT OR IGNORE INTO seed_entity_sources (id,seed_run_id,entity_type,entity_id,source_id,confidence_tier) VALUES ('es_s09_salon_1f651f71378678b3','seed_run_s09_osm_salons_20260502','organization','org_s09_salon_1f651f71378678b3','seed_source_osm_salons_ng_20260502','seeded');
INSERT OR IGNORE INTO seed_enrichment (id,seed_run_id,entity_type,entity_id,enrichment_type,enrichment_json) VALUES ('enr_s09_salon_1f651f71378678b3','seed_run_s09_osm_salons_20260502','organization','org_s09_salon_1f651f71378678b3','licence_data','{"osm_id": "5942752903", "amenity": "hairdresser", "addr_state": null, "denomination": null, "operator": null}');

INSERT OR IGNORE INTO organizations (id,tenant_id,organization_type,legal_name,display_name,registration_number,status,verification_state,created_at,updated_at) VALUES ('org_s09_salon_8f9a9319a307b81f','tenant_platform_seed','beauty_salon','Chez Tantine Etre Belle A Tous Pris','Chez Tantine Etre Belle A Tous Pris',NULL,'active','seeded',unixepoch(),unixepoch());
INSERT OR IGNORE INTO profiles (id,subject_id,subject_type,primary_place_id,tenant_id,workspace_id,display_name,created_at,updated_at) VALUES ('prof_s09_salon_8f9a9319a307b81f','org_s09_salon_8f9a9319a307b81f','organization','place_nigeria_001','tenant_platform_seed','workspace_platform_seed_discovery','Chez Tantine Etre Belle A Tous Pris',unixepoch(),unixepoch());
INSERT OR IGNORE INTO search_entries (id,profile_id,display_name,keywords,ancestry_path,vertical,created_at,updated_at) VALUES ('se_s09_salon_8f9a9319a307b81f','prof_s09_salon_8f9a9319a307b81f','Chez Tantine Etre Belle A Tous Pris','chez tantine etre belle a tous pris salon barber hair beauty nigeria','place_nigeria_001','beauty_salon',unixepoch(),unixepoch());
INSERT OR IGNORE INTO seed_ingestion_records (id,seed_run_id,entity_type,entity_id,source_id,status) VALUES ('ir_s09_salon_8f9a9319a307b81f','seed_run_s09_osm_salons_20260502','organization','org_s09_salon_8f9a9319a307b81f','seed_source_osm_salons_ng_20260502','ingested');
INSERT OR IGNORE INTO seed_entity_sources (id,seed_run_id,entity_type,entity_id,source_id,confidence_tier) VALUES ('es_s09_salon_8f9a9319a307b81f','seed_run_s09_osm_salons_20260502','organization','org_s09_salon_8f9a9319a307b81f','seed_source_osm_salons_ng_20260502','seeded');
INSERT OR IGNORE INTO seed_enrichment (id,seed_run_id,entity_type,entity_id,enrichment_type,enrichment_json) VALUES ('enr_s09_salon_8f9a9319a307b81f','seed_run_s09_osm_salons_20260502','organization','org_s09_salon_8f9a9319a307b81f','licence_data','{"osm_id": "5942752904", "amenity": "hairdresser", "addr_state": null, "denomination": null, "operator": null}');

INSERT OR IGNORE INTO organizations (id,tenant_id,organization_type,legal_name,display_name,registration_number,status,verification_state,created_at,updated_at) VALUES ('org_s09_salon_1e5de82ae369f89c','tenant_platform_seed','beauty_salon','Vip Coiffure','Vip Coiffure',NULL,'active','seeded',unixepoch(),unixepoch());
INSERT OR IGNORE INTO profiles (id,subject_id,subject_type,primary_place_id,tenant_id,workspace_id,display_name,created_at,updated_at) VALUES ('prof_s09_salon_1e5de82ae369f89c','org_s09_salon_1e5de82ae369f89c','organization','place_nigeria_001','tenant_platform_seed','workspace_platform_seed_discovery','Vip Coiffure',unixepoch(),unixepoch());
INSERT OR IGNORE INTO search_entries (id,profile_id,display_name,keywords,ancestry_path,vertical,created_at,updated_at) VALUES ('se_s09_salon_1e5de82ae369f89c','prof_s09_salon_1e5de82ae369f89c','Vip Coiffure','vip coiffure salon barber hair beauty nigeria','place_nigeria_001','beauty_salon',unixepoch(),unixepoch());
INSERT OR IGNORE INTO seed_ingestion_records (id,seed_run_id,entity_type,entity_id,source_id,status) VALUES ('ir_s09_salon_1e5de82ae369f89c','seed_run_s09_osm_salons_20260502','organization','org_s09_salon_1e5de82ae369f89c','seed_source_osm_salons_ng_20260502','ingested');
INSERT OR IGNORE INTO seed_entity_sources (id,seed_run_id,entity_type,entity_id,source_id,confidence_tier) VALUES ('es_s09_salon_1e5de82ae369f89c','seed_run_s09_osm_salons_20260502','organization','org_s09_salon_1e5de82ae369f89c','seed_source_osm_salons_ng_20260502','seeded');
INSERT OR IGNORE INTO seed_enrichment (id,seed_run_id,entity_type,entity_id,enrichment_type,enrichment_json) VALUES ('enr_s09_salon_1e5de82ae369f89c','seed_run_s09_osm_salons_20260502','organization','org_s09_salon_1e5de82ae369f89c','licence_data','{"osm_id": "5942752905", "amenity": "hairdresser", "addr_state": null, "denomination": null, "operator": null}');

INSERT OR IGNORE INTO organizations (id,tenant_id,organization_type,legal_name,display_name,registration_number,status,verification_state,created_at,updated_at) VALUES ('org_s09_salon_8c7b648ac332a892','tenant_platform_seed','beauty_salon','Shalom Coiffure','Shalom Coiffure',NULL,'active','seeded',unixepoch(),unixepoch());
INSERT OR IGNORE INTO profiles (id,subject_id,subject_type,primary_place_id,tenant_id,workspace_id,display_name,created_at,updated_at) VALUES ('prof_s09_salon_8c7b648ac332a892','org_s09_salon_8c7b648ac332a892','organization','place_nigeria_001','tenant_platform_seed','workspace_platform_seed_discovery','Shalom Coiffure',unixepoch(),unixepoch());
INSERT OR IGNORE INTO search_entries (id,profile_id,display_name,keywords,ancestry_path,vertical,created_at,updated_at) VALUES ('se_s09_salon_8c7b648ac332a892','prof_s09_salon_8c7b648ac332a892','Shalom Coiffure','shalom coiffure salon barber hair beauty nigeria','place_nigeria_001','beauty_salon',unixepoch(),unixepoch());
INSERT OR IGNORE INTO seed_ingestion_records (id,seed_run_id,entity_type,entity_id,source_id,status) VALUES ('ir_s09_salon_8c7b648ac332a892','seed_run_s09_osm_salons_20260502','organization','org_s09_salon_8c7b648ac332a892','seed_source_osm_salons_ng_20260502','ingested');
INSERT OR IGNORE INTO seed_entity_sources (id,seed_run_id,entity_type,entity_id,source_id,confidence_tier) VALUES ('es_s09_salon_8c7b648ac332a892','seed_run_s09_osm_salons_20260502','organization','org_s09_salon_8c7b648ac332a892','seed_source_osm_salons_ng_20260502','seeded');
INSERT OR IGNORE INTO seed_enrichment (id,seed_run_id,entity_type,entity_id,enrichment_type,enrichment_json) VALUES ('enr_s09_salon_8c7b648ac332a892','seed_run_s09_osm_salons_20260502','organization','org_s09_salon_8c7b648ac332a892','licence_data','{"osm_id": "5942752906", "amenity": "hairdresser", "addr_state": null, "denomination": null, "operator": null}');

INSERT OR IGNORE INTO organizations (id,tenant_id,organization_type,legal_name,display_name,registration_number,status,verification_state,created_at,updated_at) VALUES ('org_s09_salon_45194e42c980b85b','tenant_platform_seed','beauty_salon','Sorabai Calvin','Sorabai Calvin',NULL,'active','seeded',unixepoch(),unixepoch());
INSERT OR IGNORE INTO profiles (id,subject_id,subject_type,primary_place_id,tenant_id,workspace_id,display_name,created_at,updated_at) VALUES ('prof_s09_salon_45194e42c980b85b','org_s09_salon_45194e42c980b85b','organization','place_nigeria_001','tenant_platform_seed','workspace_platform_seed_discovery','Sorabai Calvin',unixepoch(),unixepoch());
INSERT OR IGNORE INTO search_entries (id,profile_id,display_name,keywords,ancestry_path,vertical,created_at,updated_at) VALUES ('se_s09_salon_45194e42c980b85b','prof_s09_salon_45194e42c980b85b','Sorabai Calvin','sorabai calvin salon barber hair beauty nigeria','place_nigeria_001','beauty_salon',unixepoch(),unixepoch());
INSERT OR IGNORE INTO seed_ingestion_records (id,seed_run_id,entity_type,entity_id,source_id,status) VALUES ('ir_s09_salon_45194e42c980b85b','seed_run_s09_osm_salons_20260502','organization','org_s09_salon_45194e42c980b85b','seed_source_osm_salons_ng_20260502','ingested');
INSERT OR IGNORE INTO seed_entity_sources (id,seed_run_id,entity_type,entity_id,source_id,confidence_tier) VALUES ('es_s09_salon_45194e42c980b85b','seed_run_s09_osm_salons_20260502','organization','org_s09_salon_45194e42c980b85b','seed_source_osm_salons_ng_20260502','seeded');
INSERT OR IGNORE INTO seed_enrichment (id,seed_run_id,entity_type,entity_id,enrichment_type,enrichment_json) VALUES ('enr_s09_salon_45194e42c980b85b','seed_run_s09_osm_salons_20260502','organization','org_s09_salon_45194e42c980b85b','licence_data','{"osm_id": "5942752908", "amenity": "hairdresser", "addr_state": null, "denomination": null, "operator": null}');

INSERT OR IGNORE INTO organizations (id,tenant_id,organization_type,legal_name,display_name,registration_number,status,verification_state,created_at,updated_at) VALUES ('org_s09_salon_6316817e1f25eb4f','tenant_platform_seed','beauty_salon','Hassan','Hassan',NULL,'active','seeded',unixepoch(),unixepoch());
INSERT OR IGNORE INTO profiles (id,subject_id,subject_type,primary_place_id,tenant_id,workspace_id,display_name,created_at,updated_at) VALUES ('prof_s09_salon_6316817e1f25eb4f','org_s09_salon_6316817e1f25eb4f','organization','place_nigeria_001','tenant_platform_seed','workspace_platform_seed_discovery','Hassan',unixepoch(),unixepoch());
INSERT OR IGNORE INTO search_entries (id,profile_id,display_name,keywords,ancestry_path,vertical,created_at,updated_at) VALUES ('se_s09_salon_6316817e1f25eb4f','prof_s09_salon_6316817e1f25eb4f','Hassan','hassan salon barber hair beauty nigeria','place_nigeria_001','beauty_salon',unixepoch(),unixepoch());
INSERT OR IGNORE INTO seed_ingestion_records (id,seed_run_id,entity_type,entity_id,source_id,status) VALUES ('ir_s09_salon_6316817e1f25eb4f','seed_run_s09_osm_salons_20260502','organization','org_s09_salon_6316817e1f25eb4f','seed_source_osm_salons_ng_20260502','ingested');
INSERT OR IGNORE INTO seed_entity_sources (id,seed_run_id,entity_type,entity_id,source_id,confidence_tier) VALUES ('es_s09_salon_6316817e1f25eb4f','seed_run_s09_osm_salons_20260502','organization','org_s09_salon_6316817e1f25eb4f','seed_source_osm_salons_ng_20260502','seeded');
INSERT OR IGNORE INTO seed_enrichment (id,seed_run_id,entity_type,entity_id,enrichment_type,enrichment_json) VALUES ('enr_s09_salon_6316817e1f25eb4f','seed_run_s09_osm_salons_20260502','organization','org_s09_salon_6316817e1f25eb4f','licence_data','{"osm_id": "5942752909", "amenity": "hairdresser", "addr_state": null, "denomination": null, "operator": null}');

INSERT OR IGNORE INTO organizations (id,tenant_id,organization_type,legal_name,display_name,registration_number,status,verification_state,created_at,updated_at) VALUES ('org_s09_salon_391025a66d98ee9b','tenant_platform_seed','beauty_salon','Ibrahim Coiffure','Ibrahim Coiffure',NULL,'active','seeded',unixepoch(),unixepoch());
INSERT OR IGNORE INTO profiles (id,subject_id,subject_type,primary_place_id,tenant_id,workspace_id,display_name,created_at,updated_at) VALUES ('prof_s09_salon_391025a66d98ee9b','org_s09_salon_391025a66d98ee9b','organization','place_nigeria_001','tenant_platform_seed','workspace_platform_seed_discovery','Ibrahim Coiffure',unixepoch(),unixepoch());
INSERT OR IGNORE INTO search_entries (id,profile_id,display_name,keywords,ancestry_path,vertical,created_at,updated_at) VALUES ('se_s09_salon_391025a66d98ee9b','prof_s09_salon_391025a66d98ee9b','Ibrahim Coiffure','ibrahim coiffure salon barber hair beauty nigeria','place_nigeria_001','beauty_salon',unixepoch(),unixepoch());
INSERT OR IGNORE INTO seed_ingestion_records (id,seed_run_id,entity_type,entity_id,source_id,status) VALUES ('ir_s09_salon_391025a66d98ee9b','seed_run_s09_osm_salons_20260502','organization','org_s09_salon_391025a66d98ee9b','seed_source_osm_salons_ng_20260502','ingested');
INSERT OR IGNORE INTO seed_entity_sources (id,seed_run_id,entity_type,entity_id,source_id,confidence_tier) VALUES ('es_s09_salon_391025a66d98ee9b','seed_run_s09_osm_salons_20260502','organization','org_s09_salon_391025a66d98ee9b','seed_source_osm_salons_ng_20260502','seeded');
INSERT OR IGNORE INTO seed_enrichment (id,seed_run_id,entity_type,entity_id,enrichment_type,enrichment_json) VALUES ('enr_s09_salon_391025a66d98ee9b','seed_run_s09_osm_salons_20260502','organization','org_s09_salon_391025a66d98ee9b','licence_data','{"osm_id": "5942752910", "amenity": "hairdresser", "addr_state": null, "denomination": null, "operator": null}');

INSERT OR IGNORE INTO organizations (id,tenant_id,organization_type,legal_name,display_name,registration_number,status,verification_state,created_at,updated_at) VALUES ('org_s09_salon_36d239f15592d2ff','tenant_platform_seed','beauty_salon','Daiga','Daiga',NULL,'active','seeded',unixepoch(),unixepoch());
INSERT OR IGNORE INTO profiles (id,subject_id,subject_type,primary_place_id,tenant_id,workspace_id,display_name,created_at,updated_at) VALUES ('prof_s09_salon_36d239f15592d2ff','org_s09_salon_36d239f15592d2ff','organization','place_nigeria_001','tenant_platform_seed','workspace_platform_seed_discovery','Daiga',unixepoch(),unixepoch());
INSERT OR IGNORE INTO search_entries (id,profile_id,display_name,keywords,ancestry_path,vertical,created_at,updated_at) VALUES ('se_s09_salon_36d239f15592d2ff','prof_s09_salon_36d239f15592d2ff','Daiga','daiga salon barber hair beauty nigeria','place_nigeria_001','beauty_salon',unixepoch(),unixepoch());
INSERT OR IGNORE INTO seed_ingestion_records (id,seed_run_id,entity_type,entity_id,source_id,status) VALUES ('ir_s09_salon_36d239f15592d2ff','seed_run_s09_osm_salons_20260502','organization','org_s09_salon_36d239f15592d2ff','seed_source_osm_salons_ng_20260502','ingested');
INSERT OR IGNORE INTO seed_entity_sources (id,seed_run_id,entity_type,entity_id,source_id,confidence_tier) VALUES ('es_s09_salon_36d239f15592d2ff','seed_run_s09_osm_salons_20260502','organization','org_s09_salon_36d239f15592d2ff','seed_source_osm_salons_ng_20260502','seeded');
INSERT OR IGNORE INTO seed_enrichment (id,seed_run_id,entity_type,entity_id,enrichment_type,enrichment_json) VALUES ('enr_s09_salon_36d239f15592d2ff','seed_run_s09_osm_salons_20260502','organization','org_s09_salon_36d239f15592d2ff','licence_data','{"osm_id": "5942752911", "amenity": "hairdresser", "addr_state": null, "denomination": null, "operator": null}');

INSERT OR IGNORE INTO organizations (id,tenant_id,organization_type,legal_name,display_name,registration_number,status,verification_state,created_at,updated_at) VALUES ('org_s09_salon_852667f38996cc08','tenant_platform_seed','beauty_salon','Diamare Coiffure','Diamare Coiffure',NULL,'active','seeded',unixepoch(),unixepoch());
INSERT OR IGNORE INTO profiles (id,subject_id,subject_type,primary_place_id,tenant_id,workspace_id,display_name,created_at,updated_at) VALUES ('prof_s09_salon_852667f38996cc08','org_s09_salon_852667f38996cc08','organization','place_nigeria_001','tenant_platform_seed','workspace_platform_seed_discovery','Diamare Coiffure',unixepoch(),unixepoch());
INSERT OR IGNORE INTO search_entries (id,profile_id,display_name,keywords,ancestry_path,vertical,created_at,updated_at) VALUES ('se_s09_salon_852667f38996cc08','prof_s09_salon_852667f38996cc08','Diamare Coiffure','diamare coiffure salon barber hair beauty nigeria','place_nigeria_001','beauty_salon',unixepoch(),unixepoch());
INSERT OR IGNORE INTO seed_ingestion_records (id,seed_run_id,entity_type,entity_id,source_id,status) VALUES ('ir_s09_salon_852667f38996cc08','seed_run_s09_osm_salons_20260502','organization','org_s09_salon_852667f38996cc08','seed_source_osm_salons_ng_20260502','ingested');
INSERT OR IGNORE INTO seed_entity_sources (id,seed_run_id,entity_type,entity_id,source_id,confidence_tier) VALUES ('es_s09_salon_852667f38996cc08','seed_run_s09_osm_salons_20260502','organization','org_s09_salon_852667f38996cc08','seed_source_osm_salons_ng_20260502','seeded');
INSERT OR IGNORE INTO seed_enrichment (id,seed_run_id,entity_type,entity_id,enrichment_type,enrichment_json) VALUES ('enr_s09_salon_852667f38996cc08','seed_run_s09_osm_salons_20260502','organization','org_s09_salon_852667f38996cc08','licence_data','{"osm_id": "5942752912", "amenity": "hairdresser", "addr_state": null, "denomination": null, "operator": null}');

INSERT OR IGNORE INTO organizations (id,tenant_id,organization_type,legal_name,display_name,registration_number,status,verification_state,created_at,updated_at) VALUES ('org_s09_salon_d45844d9bf65d49b','tenant_platform_seed','beauty_salon','Salon De Coiffure Annour','Salon De Coiffure Annour',NULL,'active','seeded',unixepoch(),unixepoch());
INSERT OR IGNORE INTO profiles (id,subject_id,subject_type,primary_place_id,tenant_id,workspace_id,display_name,created_at,updated_at) VALUES ('prof_s09_salon_d45844d9bf65d49b','org_s09_salon_d45844d9bf65d49b','organization','place_nigeria_001','tenant_platform_seed','workspace_platform_seed_discovery','Salon De Coiffure Annour',unixepoch(),unixepoch());
INSERT OR IGNORE INTO search_entries (id,profile_id,display_name,keywords,ancestry_path,vertical,created_at,updated_at) VALUES ('se_s09_salon_d45844d9bf65d49b','prof_s09_salon_d45844d9bf65d49b','Salon De Coiffure Annour','salon de coiffure annour salon barber hair beauty nigeria','place_nigeria_001','beauty_salon',unixepoch(),unixepoch());
INSERT OR IGNORE INTO seed_ingestion_records (id,seed_run_id,entity_type,entity_id,source_id,status) VALUES ('ir_s09_salon_d45844d9bf65d49b','seed_run_s09_osm_salons_20260502','organization','org_s09_salon_d45844d9bf65d49b','seed_source_osm_salons_ng_20260502','ingested');
INSERT OR IGNORE INTO seed_entity_sources (id,seed_run_id,entity_type,entity_id,source_id,confidence_tier) VALUES ('es_s09_salon_d45844d9bf65d49b','seed_run_s09_osm_salons_20260502','organization','org_s09_salon_d45844d9bf65d49b','seed_source_osm_salons_ng_20260502','seeded');
INSERT OR IGNORE INTO seed_enrichment (id,seed_run_id,entity_type,entity_id,enrichment_type,enrichment_json) VALUES ('enr_s09_salon_d45844d9bf65d49b','seed_run_s09_osm_salons_20260502','organization','org_s09_salon_d45844d9bf65d49b','licence_data','{"osm_id": "5942752913", "amenity": "hairdresser", "addr_state": null, "denomination": null, "operator": null}');

INSERT OR IGNORE INTO organizations (id,tenant_id,organization_type,legal_name,display_name,registration_number,status,verification_state,created_at,updated_at) VALUES ('org_s09_salon_813a8a54f804871f','tenant_platform_seed','beauty_salon','Gales Winthe','Gales Winthe',NULL,'active','seeded',unixepoch(),unixepoch());
INSERT OR IGNORE INTO profiles (id,subject_id,subject_type,primary_place_id,tenant_id,workspace_id,display_name,created_at,updated_at) VALUES ('prof_s09_salon_813a8a54f804871f','org_s09_salon_813a8a54f804871f','organization','place_nigeria_001','tenant_platform_seed','workspace_platform_seed_discovery','Gales Winthe',unixepoch(),unixepoch());
INSERT OR IGNORE INTO search_entries (id,profile_id,display_name,keywords,ancestry_path,vertical,created_at,updated_at) VALUES ('se_s09_salon_813a8a54f804871f','prof_s09_salon_813a8a54f804871f','Gales Winthe','gales winthe salon barber hair beauty nigeria','place_nigeria_001','beauty_salon',unixepoch(),unixepoch());
INSERT OR IGNORE INTO seed_ingestion_records (id,seed_run_id,entity_type,entity_id,source_id,status) VALUES ('ir_s09_salon_813a8a54f804871f','seed_run_s09_osm_salons_20260502','organization','org_s09_salon_813a8a54f804871f','seed_source_osm_salons_ng_20260502','ingested');
INSERT OR IGNORE INTO seed_entity_sources (id,seed_run_id,entity_type,entity_id,source_id,confidence_tier) VALUES ('es_s09_salon_813a8a54f804871f','seed_run_s09_osm_salons_20260502','organization','org_s09_salon_813a8a54f804871f','seed_source_osm_salons_ng_20260502','seeded');
INSERT OR IGNORE INTO seed_enrichment (id,seed_run_id,entity_type,entity_id,enrichment_type,enrichment_json) VALUES ('enr_s09_salon_813a8a54f804871f','seed_run_s09_osm_salons_20260502','organization','org_s09_salon_813a8a54f804871f','licence_data','{"osm_id": "5942752914", "amenity": "hairdresser", "addr_state": null, "denomination": null, "operator": null}');

INSERT OR IGNORE INTO organizations (id,tenant_id,organization_type,legal_name,display_name,registration_number,status,verification_state,created_at,updated_at) VALUES ('org_s09_salon_9dd48a055a955a86','tenant_platform_seed','beauty_salon','Ousmanou','Ousmanou',NULL,'active','seeded',unixepoch(),unixepoch());
INSERT OR IGNORE INTO profiles (id,subject_id,subject_type,primary_place_id,tenant_id,workspace_id,display_name,created_at,updated_at) VALUES ('prof_s09_salon_9dd48a055a955a86','org_s09_salon_9dd48a055a955a86','organization','place_nigeria_001','tenant_platform_seed','workspace_platform_seed_discovery','Ousmanou',unixepoch(),unixepoch());
INSERT OR IGNORE INTO search_entries (id,profile_id,display_name,keywords,ancestry_path,vertical,created_at,updated_at) VALUES ('se_s09_salon_9dd48a055a955a86','prof_s09_salon_9dd48a055a955a86','Ousmanou','ousmanou salon barber hair beauty nigeria','place_nigeria_001','beauty_salon',unixepoch(),unixepoch());
INSERT OR IGNORE INTO seed_ingestion_records (id,seed_run_id,entity_type,entity_id,source_id,status) VALUES ('ir_s09_salon_9dd48a055a955a86','seed_run_s09_osm_salons_20260502','organization','org_s09_salon_9dd48a055a955a86','seed_source_osm_salons_ng_20260502','ingested');
INSERT OR IGNORE INTO seed_entity_sources (id,seed_run_id,entity_type,entity_id,source_id,confidence_tier) VALUES ('es_s09_salon_9dd48a055a955a86','seed_run_s09_osm_salons_20260502','organization','org_s09_salon_9dd48a055a955a86','seed_source_osm_salons_ng_20260502','seeded');
INSERT OR IGNORE INTO seed_enrichment (id,seed_run_id,entity_type,entity_id,enrichment_type,enrichment_json) VALUES ('enr_s09_salon_9dd48a055a955a86','seed_run_s09_osm_salons_20260502','organization','org_s09_salon_9dd48a055a955a86','licence_data','{"osm_id": "5942752915", "amenity": "hairdresser", "addr_state": null, "denomination": null, "operator": null}');

INSERT OR IGNORE INTO organizations (id,tenant_id,organization_type,legal_name,display_name,registration_number,status,verification_state,created_at,updated_at) VALUES ('org_s09_salon_2a03741d73fbdc48','tenant_platform_seed','beauty_salon','Ali','Ali',NULL,'active','seeded',unixepoch(),unixepoch());
INSERT OR IGNORE INTO profiles (id,subject_id,subject_type,primary_place_id,tenant_id,workspace_id,display_name,created_at,updated_at) VALUES ('prof_s09_salon_2a03741d73fbdc48','org_s09_salon_2a03741d73fbdc48','organization','place_nigeria_001','tenant_platform_seed','workspace_platform_seed_discovery','Ali',unixepoch(),unixepoch());
INSERT OR IGNORE INTO search_entries (id,profile_id,display_name,keywords,ancestry_path,vertical,created_at,updated_at) VALUES ('se_s09_salon_2a03741d73fbdc48','prof_s09_salon_2a03741d73fbdc48','Ali','ali salon barber hair beauty nigeria','place_nigeria_001','beauty_salon',unixepoch(),unixepoch());
INSERT OR IGNORE INTO seed_ingestion_records (id,seed_run_id,entity_type,entity_id,source_id,status) VALUES ('ir_s09_salon_2a03741d73fbdc48','seed_run_s09_osm_salons_20260502','organization','org_s09_salon_2a03741d73fbdc48','seed_source_osm_salons_ng_20260502','ingested');
INSERT OR IGNORE INTO seed_entity_sources (id,seed_run_id,entity_type,entity_id,source_id,confidence_tier) VALUES ('es_s09_salon_2a03741d73fbdc48','seed_run_s09_osm_salons_20260502','organization','org_s09_salon_2a03741d73fbdc48','seed_source_osm_salons_ng_20260502','seeded');
INSERT OR IGNORE INTO seed_enrichment (id,seed_run_id,entity_type,entity_id,enrichment_type,enrichment_json) VALUES ('enr_s09_salon_2a03741d73fbdc48','seed_run_s09_osm_salons_20260502','organization','org_s09_salon_2a03741d73fbdc48','licence_data','{"osm_id": "5942752917", "amenity": "hairdresser", "addr_state": null, "denomination": null, "operator": null}');

INSERT OR IGNORE INTO organizations (id,tenant_id,organization_type,legal_name,display_name,registration_number,status,verification_state,created_at,updated_at) VALUES ('org_s09_salon_0bae37940d4f7f42','tenant_platform_seed','beauty_salon','Issa','Issa',NULL,'active','seeded',unixepoch(),unixepoch());
INSERT OR IGNORE INTO profiles (id,subject_id,subject_type,primary_place_id,tenant_id,workspace_id,display_name,created_at,updated_at) VALUES ('prof_s09_salon_0bae37940d4f7f42','org_s09_salon_0bae37940d4f7f42','organization','place_nigeria_001','tenant_platform_seed','workspace_platform_seed_discovery','Issa',unixepoch(),unixepoch());
INSERT OR IGNORE INTO search_entries (id,profile_id,display_name,keywords,ancestry_path,vertical,created_at,updated_at) VALUES ('se_s09_salon_0bae37940d4f7f42','prof_s09_salon_0bae37940d4f7f42','Issa','issa salon barber hair beauty nigeria','place_nigeria_001','beauty_salon',unixepoch(),unixepoch());
INSERT OR IGNORE INTO seed_ingestion_records (id,seed_run_id,entity_type,entity_id,source_id,status) VALUES ('ir_s09_salon_0bae37940d4f7f42','seed_run_s09_osm_salons_20260502','organization','org_s09_salon_0bae37940d4f7f42','seed_source_osm_salons_ng_20260502','ingested');
INSERT OR IGNORE INTO seed_entity_sources (id,seed_run_id,entity_type,entity_id,source_id,confidence_tier) VALUES ('es_s09_salon_0bae37940d4f7f42','seed_run_s09_osm_salons_20260502','organization','org_s09_salon_0bae37940d4f7f42','seed_source_osm_salons_ng_20260502','seeded');
INSERT OR IGNORE INTO seed_enrichment (id,seed_run_id,entity_type,entity_id,enrichment_type,enrichment_json) VALUES ('enr_s09_salon_0bae37940d4f7f42','seed_run_s09_osm_salons_20260502','organization','org_s09_salon_0bae37940d4f7f42','licence_data','{"osm_id": "5942752918", "amenity": "hairdresser", "addr_state": null, "denomination": null, "operator": null}');

INSERT OR IGNORE INTO organizations (id,tenant_id,organization_type,legal_name,display_name,registration_number,status,verification_state,created_at,updated_at) VALUES ('org_s09_salon_1affee51c174dfbe','tenant_platform_seed','beauty_salon','Djonomegni Grace','Djonomegni Grace',NULL,'active','seeded',unixepoch(),unixepoch());
INSERT OR IGNORE INTO profiles (id,subject_id,subject_type,primary_place_id,tenant_id,workspace_id,display_name,created_at,updated_at) VALUES ('prof_s09_salon_1affee51c174dfbe','org_s09_salon_1affee51c174dfbe','organization','place_nigeria_001','tenant_platform_seed','workspace_platform_seed_discovery','Djonomegni Grace',unixepoch(),unixepoch());
INSERT OR IGNORE INTO search_entries (id,profile_id,display_name,keywords,ancestry_path,vertical,created_at,updated_at) VALUES ('se_s09_salon_1affee51c174dfbe','prof_s09_salon_1affee51c174dfbe','Djonomegni Grace','djonomegni grace salon barber hair beauty nigeria','place_nigeria_001','beauty_salon',unixepoch(),unixepoch());
INSERT OR IGNORE INTO seed_ingestion_records (id,seed_run_id,entity_type,entity_id,source_id,status) VALUES ('ir_s09_salon_1affee51c174dfbe','seed_run_s09_osm_salons_20260502','organization','org_s09_salon_1affee51c174dfbe','seed_source_osm_salons_ng_20260502','ingested');
INSERT OR IGNORE INTO seed_entity_sources (id,seed_run_id,entity_type,entity_id,source_id,confidence_tier) VALUES ('es_s09_salon_1affee51c174dfbe','seed_run_s09_osm_salons_20260502','organization','org_s09_salon_1affee51c174dfbe','seed_source_osm_salons_ng_20260502','seeded');
INSERT OR IGNORE INTO seed_enrichment (id,seed_run_id,entity_type,entity_id,enrichment_type,enrichment_json) VALUES ('enr_s09_salon_1affee51c174dfbe','seed_run_s09_osm_salons_20260502','organization','org_s09_salon_1affee51c174dfbe','licence_data','{"osm_id": "5942752919", "amenity": "hairdresser", "addr_state": null, "denomination": null, "operator": null}');

INSERT OR IGNORE INTO organizations (id,tenant_id,organization_type,legal_name,display_name,registration_number,status,verification_state,created_at,updated_at) VALUES ('org_s09_salon_76013f6efe2000c8','tenant_platform_seed','beauty_salon','Ngo Gouet Bridget Marthe','Ngo Gouet Bridget Marthe',NULL,'active','seeded',unixepoch(),unixepoch());
INSERT OR IGNORE INTO profiles (id,subject_id,subject_type,primary_place_id,tenant_id,workspace_id,display_name,created_at,updated_at) VALUES ('prof_s09_salon_76013f6efe2000c8','org_s09_salon_76013f6efe2000c8','organization','place_nigeria_001','tenant_platform_seed','workspace_platform_seed_discovery','Ngo Gouet Bridget Marthe',unixepoch(),unixepoch());
INSERT OR IGNORE INTO search_entries (id,profile_id,display_name,keywords,ancestry_path,vertical,created_at,updated_at) VALUES ('se_s09_salon_76013f6efe2000c8','prof_s09_salon_76013f6efe2000c8','Ngo Gouet Bridget Marthe','ngo gouet bridget marthe salon barber hair beauty nigeria','place_nigeria_001','beauty_salon',unixepoch(),unixepoch());
INSERT OR IGNORE INTO seed_ingestion_records (id,seed_run_id,entity_type,entity_id,source_id,status) VALUES ('ir_s09_salon_76013f6efe2000c8','seed_run_s09_osm_salons_20260502','organization','org_s09_salon_76013f6efe2000c8','seed_source_osm_salons_ng_20260502','ingested');
INSERT OR IGNORE INTO seed_entity_sources (id,seed_run_id,entity_type,entity_id,source_id,confidence_tier) VALUES ('es_s09_salon_76013f6efe2000c8','seed_run_s09_osm_salons_20260502','organization','org_s09_salon_76013f6efe2000c8','seed_source_osm_salons_ng_20260502','seeded');
INSERT OR IGNORE INTO seed_enrichment (id,seed_run_id,entity_type,entity_id,enrichment_type,enrichment_json) VALUES ('enr_s09_salon_76013f6efe2000c8','seed_run_s09_osm_salons_20260502','organization','org_s09_salon_76013f6efe2000c8','licence_data','{"osm_id": "5942752920", "amenity": "hairdresser", "addr_state": null, "denomination": null, "operator": null}');

INSERT OR IGNORE INTO organizations (id,tenant_id,organization_type,legal_name,display_name,registration_number,status,verification_state,created_at,updated_at) VALUES ('org_s09_salon_acd2af3a17f936ec','tenant_platform_seed','beauty_salon','Demgne Amelie Chantal','Demgne Amelie Chantal',NULL,'active','seeded',unixepoch(),unixepoch());
INSERT OR IGNORE INTO profiles (id,subject_id,subject_type,primary_place_id,tenant_id,workspace_id,display_name,created_at,updated_at) VALUES ('prof_s09_salon_acd2af3a17f936ec','org_s09_salon_acd2af3a17f936ec','organization','place_nigeria_001','tenant_platform_seed','workspace_platform_seed_discovery','Demgne Amelie Chantal',unixepoch(),unixepoch());
INSERT OR IGNORE INTO search_entries (id,profile_id,display_name,keywords,ancestry_path,vertical,created_at,updated_at) VALUES ('se_s09_salon_acd2af3a17f936ec','prof_s09_salon_acd2af3a17f936ec','Demgne Amelie Chantal','demgne amelie chantal salon barber hair beauty nigeria','place_nigeria_001','beauty_salon',unixepoch(),unixepoch());
INSERT OR IGNORE INTO seed_ingestion_records (id,seed_run_id,entity_type,entity_id,source_id,status) VALUES ('ir_s09_salon_acd2af3a17f936ec','seed_run_s09_osm_salons_20260502','organization','org_s09_salon_acd2af3a17f936ec','seed_source_osm_salons_ng_20260502','ingested');
INSERT OR IGNORE INTO seed_entity_sources (id,seed_run_id,entity_type,entity_id,source_id,confidence_tier) VALUES ('es_s09_salon_acd2af3a17f936ec','seed_run_s09_osm_salons_20260502','organization','org_s09_salon_acd2af3a17f936ec','seed_source_osm_salons_ng_20260502','seeded');
INSERT OR IGNORE INTO seed_enrichment (id,seed_run_id,entity_type,entity_id,enrichment_type,enrichment_json) VALUES ('enr_s09_salon_acd2af3a17f936ec','seed_run_s09_osm_salons_20260502','organization','org_s09_salon_acd2af3a17f936ec','licence_data','{"osm_id": "5942752921", "amenity": "hairdresser", "addr_state": null, "denomination": null, "operator": null}');

INSERT OR IGNORE INTO organizations (id,tenant_id,organization_type,legal_name,display_name,registration_number,status,verification_state,created_at,updated_at) VALUES ('org_s09_salon_0306a477282054f0','tenant_platform_seed','beauty_salon','Wandji','Wandji',NULL,'active','seeded',unixepoch(),unixepoch());
INSERT OR IGNORE INTO profiles (id,subject_id,subject_type,primary_place_id,tenant_id,workspace_id,display_name,created_at,updated_at) VALUES ('prof_s09_salon_0306a477282054f0','org_s09_salon_0306a477282054f0','organization','place_nigeria_001','tenant_platform_seed','workspace_platform_seed_discovery','Wandji',unixepoch(),unixepoch());
INSERT OR IGNORE INTO search_entries (id,profile_id,display_name,keywords,ancestry_path,vertical,created_at,updated_at) VALUES ('se_s09_salon_0306a477282054f0','prof_s09_salon_0306a477282054f0','Wandji','wandji salon barber hair beauty nigeria','place_nigeria_001','beauty_salon',unixepoch(),unixepoch());
INSERT OR IGNORE INTO seed_ingestion_records (id,seed_run_id,entity_type,entity_id,source_id,status) VALUES ('ir_s09_salon_0306a477282054f0','seed_run_s09_osm_salons_20260502','organization','org_s09_salon_0306a477282054f0','seed_source_osm_salons_ng_20260502','ingested');
INSERT OR IGNORE INTO seed_entity_sources (id,seed_run_id,entity_type,entity_id,source_id,confidence_tier) VALUES ('es_s09_salon_0306a477282054f0','seed_run_s09_osm_salons_20260502','organization','org_s09_salon_0306a477282054f0','seed_source_osm_salons_ng_20260502','seeded');
INSERT OR IGNORE INTO seed_enrichment (id,seed_run_id,entity_type,entity_id,enrichment_type,enrichment_json) VALUES ('enr_s09_salon_0306a477282054f0','seed_run_s09_osm_salons_20260502','organization','org_s09_salon_0306a477282054f0','licence_data','{"osm_id": "5942752922", "amenity": "hairdresser", "addr_state": null, "denomination": null, "operator": null}');

INSERT OR IGNORE INTO organizations (id,tenant_id,organization_type,legal_name,display_name,registration_number,status,verification_state,created_at,updated_at) VALUES ('org_s09_salon_734bb0661e921d16','tenant_platform_seed','beauty_salon','Sesuh Yvonne','Sesuh Yvonne',NULL,'active','seeded',unixepoch(),unixepoch());
INSERT OR IGNORE INTO profiles (id,subject_id,subject_type,primary_place_id,tenant_id,workspace_id,display_name,created_at,updated_at) VALUES ('prof_s09_salon_734bb0661e921d16','org_s09_salon_734bb0661e921d16','organization','place_nigeria_001','tenant_platform_seed','workspace_platform_seed_discovery','Sesuh Yvonne',unixepoch(),unixepoch());
INSERT OR IGNORE INTO search_entries (id,profile_id,display_name,keywords,ancestry_path,vertical,created_at,updated_at) VALUES ('se_s09_salon_734bb0661e921d16','prof_s09_salon_734bb0661e921d16','Sesuh Yvonne','sesuh yvonne salon barber hair beauty nigeria','place_nigeria_001','beauty_salon',unixepoch(),unixepoch());
INSERT OR IGNORE INTO seed_ingestion_records (id,seed_run_id,entity_type,entity_id,source_id,status) VALUES ('ir_s09_salon_734bb0661e921d16','seed_run_s09_osm_salons_20260502','organization','org_s09_salon_734bb0661e921d16','seed_source_osm_salons_ng_20260502','ingested');
INSERT OR IGNORE INTO seed_entity_sources (id,seed_run_id,entity_type,entity_id,source_id,confidence_tier) VALUES ('es_s09_salon_734bb0661e921d16','seed_run_s09_osm_salons_20260502','organization','org_s09_salon_734bb0661e921d16','seed_source_osm_salons_ng_20260502','seeded');
INSERT OR IGNORE INTO seed_enrichment (id,seed_run_id,entity_type,entity_id,enrichment_type,enrichment_json) VALUES ('enr_s09_salon_734bb0661e921d16','seed_run_s09_osm_salons_20260502','organization','org_s09_salon_734bb0661e921d16','licence_data','{"osm_id": "5942752923", "amenity": "hairdresser", "addr_state": null, "denomination": null, "operator": null}');

INSERT OR IGNORE INTO organizations (id,tenant_id,organization_type,legal_name,display_name,registration_number,status,verification_state,created_at,updated_at) VALUES ('org_s09_salon_381ca531fab36dc3','tenant_platform_seed','beauty_salon','Ndongo Isaac','Ndongo Isaac',NULL,'active','seeded',unixepoch(),unixepoch());
INSERT OR IGNORE INTO profiles (id,subject_id,subject_type,primary_place_id,tenant_id,workspace_id,display_name,created_at,updated_at) VALUES ('prof_s09_salon_381ca531fab36dc3','org_s09_salon_381ca531fab36dc3','organization','place_nigeria_001','tenant_platform_seed','workspace_platform_seed_discovery','Ndongo Isaac',unixepoch(),unixepoch());
INSERT OR IGNORE INTO search_entries (id,profile_id,display_name,keywords,ancestry_path,vertical,created_at,updated_at) VALUES ('se_s09_salon_381ca531fab36dc3','prof_s09_salon_381ca531fab36dc3','Ndongo Isaac','ndongo isaac salon barber hair beauty nigeria','place_nigeria_001','beauty_salon',unixepoch(),unixepoch());
INSERT OR IGNORE INTO seed_ingestion_records (id,seed_run_id,entity_type,entity_id,source_id,status) VALUES ('ir_s09_salon_381ca531fab36dc3','seed_run_s09_osm_salons_20260502','organization','org_s09_salon_381ca531fab36dc3','seed_source_osm_salons_ng_20260502','ingested');
INSERT OR IGNORE INTO seed_entity_sources (id,seed_run_id,entity_type,entity_id,source_id,confidence_tier) VALUES ('es_s09_salon_381ca531fab36dc3','seed_run_s09_osm_salons_20260502','organization','org_s09_salon_381ca531fab36dc3','seed_source_osm_salons_ng_20260502','seeded');
INSERT OR IGNORE INTO seed_enrichment (id,seed_run_id,entity_type,entity_id,enrichment_type,enrichment_json) VALUES ('enr_s09_salon_381ca531fab36dc3','seed_run_s09_osm_salons_20260502','organization','org_s09_salon_381ca531fab36dc3','licence_data','{"osm_id": "5942752924", "amenity": "hairdresser", "addr_state": null, "denomination": null, "operator": null}');

INSERT OR IGNORE INTO organizations (id,tenant_id,organization_type,legal_name,display_name,registration_number,status,verification_state,created_at,updated_at) VALUES ('org_s09_salon_28697b6da6d33c9e','tenant_platform_seed','beauty_salon','Aie Honorine','Aie Honorine',NULL,'active','seeded',unixepoch(),unixepoch());
INSERT OR IGNORE INTO profiles (id,subject_id,subject_type,primary_place_id,tenant_id,workspace_id,display_name,created_at,updated_at) VALUES ('prof_s09_salon_28697b6da6d33c9e','org_s09_salon_28697b6da6d33c9e','organization','place_nigeria_001','tenant_platform_seed','workspace_platform_seed_discovery','Aie Honorine',unixepoch(),unixepoch());
INSERT OR IGNORE INTO search_entries (id,profile_id,display_name,keywords,ancestry_path,vertical,created_at,updated_at) VALUES ('se_s09_salon_28697b6da6d33c9e','prof_s09_salon_28697b6da6d33c9e','Aie Honorine','aie honorine salon barber hair beauty nigeria','place_nigeria_001','beauty_salon',unixepoch(),unixepoch());
INSERT OR IGNORE INTO seed_ingestion_records (id,seed_run_id,entity_type,entity_id,source_id,status) VALUES ('ir_s09_salon_28697b6da6d33c9e','seed_run_s09_osm_salons_20260502','organization','org_s09_salon_28697b6da6d33c9e','seed_source_osm_salons_ng_20260502','ingested');
INSERT OR IGNORE INTO seed_entity_sources (id,seed_run_id,entity_type,entity_id,source_id,confidence_tier) VALUES ('es_s09_salon_28697b6da6d33c9e','seed_run_s09_osm_salons_20260502','organization','org_s09_salon_28697b6da6d33c9e','seed_source_osm_salons_ng_20260502','seeded');
INSERT OR IGNORE INTO seed_enrichment (id,seed_run_id,entity_type,entity_id,enrichment_type,enrichment_json) VALUES ('enr_s09_salon_28697b6da6d33c9e','seed_run_s09_osm_salons_20260502','organization','org_s09_salon_28697b6da6d33c9e','licence_data','{"osm_id": "5942752925", "amenity": "hairdresser", "addr_state": null, "denomination": null, "operator": null}');

INSERT OR IGNORE INTO organizations (id,tenant_id,organization_type,legal_name,display_name,registration_number,status,verification_state,created_at,updated_at) VALUES ('org_s09_salon_bc12cd0a75a61214','tenant_platform_seed','beauty_salon','Hawa Emilie','Hawa Emilie',NULL,'active','seeded',unixepoch(),unixepoch());
INSERT OR IGNORE INTO profiles (id,subject_id,subject_type,primary_place_id,tenant_id,workspace_id,display_name,created_at,updated_at) VALUES ('prof_s09_salon_bc12cd0a75a61214','org_s09_salon_bc12cd0a75a61214','organization','place_nigeria_001','tenant_platform_seed','workspace_platform_seed_discovery','Hawa Emilie',unixepoch(),unixepoch());
INSERT OR IGNORE INTO search_entries (id,profile_id,display_name,keywords,ancestry_path,vertical,created_at,updated_at) VALUES ('se_s09_salon_bc12cd0a75a61214','prof_s09_salon_bc12cd0a75a61214','Hawa Emilie','hawa emilie salon barber hair beauty nigeria','place_nigeria_001','beauty_salon',unixepoch(),unixepoch());
INSERT OR IGNORE INTO seed_ingestion_records (id,seed_run_id,entity_type,entity_id,source_id,status) VALUES ('ir_s09_salon_bc12cd0a75a61214','seed_run_s09_osm_salons_20260502','organization','org_s09_salon_bc12cd0a75a61214','seed_source_osm_salons_ng_20260502','ingested');
INSERT OR IGNORE INTO seed_entity_sources (id,seed_run_id,entity_type,entity_id,source_id,confidence_tier) VALUES ('es_s09_salon_bc12cd0a75a61214','seed_run_s09_osm_salons_20260502','organization','org_s09_salon_bc12cd0a75a61214','seed_source_osm_salons_ng_20260502','seeded');
INSERT OR IGNORE INTO seed_enrichment (id,seed_run_id,entity_type,entity_id,enrichment_type,enrichment_json) VALUES ('enr_s09_salon_bc12cd0a75a61214','seed_run_s09_osm_salons_20260502','organization','org_s09_salon_bc12cd0a75a61214','licence_data','{"osm_id": "5942752926", "amenity": "hairdresser", "addr_state": null, "denomination": null, "operator": null}');

INSERT OR IGNORE INTO organizations (id,tenant_id,organization_type,legal_name,display_name,registration_number,status,verification_state,created_at,updated_at) VALUES ('org_s09_salon_9e39a4adc1030faf','tenant_platform_seed','beauty_salon','Sokeng Hermine','Sokeng Hermine',NULL,'active','seeded',unixepoch(),unixepoch());
INSERT OR IGNORE INTO profiles (id,subject_id,subject_type,primary_place_id,tenant_id,workspace_id,display_name,created_at,updated_at) VALUES ('prof_s09_salon_9e39a4adc1030faf','org_s09_salon_9e39a4adc1030faf','organization','place_nigeria_001','tenant_platform_seed','workspace_platform_seed_discovery','Sokeng Hermine',unixepoch(),unixepoch());
INSERT OR IGNORE INTO search_entries (id,profile_id,display_name,keywords,ancestry_path,vertical,created_at,updated_at) VALUES ('se_s09_salon_9e39a4adc1030faf','prof_s09_salon_9e39a4adc1030faf','Sokeng Hermine','sokeng hermine salon barber hair beauty nigeria','place_nigeria_001','beauty_salon',unixepoch(),unixepoch());
INSERT OR IGNORE INTO seed_ingestion_records (id,seed_run_id,entity_type,entity_id,source_id,status) VALUES ('ir_s09_salon_9e39a4adc1030faf','seed_run_s09_osm_salons_20260502','organization','org_s09_salon_9e39a4adc1030faf','seed_source_osm_salons_ng_20260502','ingested');
INSERT OR IGNORE INTO seed_entity_sources (id,seed_run_id,entity_type,entity_id,source_id,confidence_tier) VALUES ('es_s09_salon_9e39a4adc1030faf','seed_run_s09_osm_salons_20260502','organization','org_s09_salon_9e39a4adc1030faf','seed_source_osm_salons_ng_20260502','seeded');
INSERT OR IGNORE INTO seed_enrichment (id,seed_run_id,entity_type,entity_id,enrichment_type,enrichment_json) VALUES ('enr_s09_salon_9e39a4adc1030faf','seed_run_s09_osm_salons_20260502','organization','org_s09_salon_9e39a4adc1030faf','licence_data','{"osm_id": "5942752927", "amenity": "hairdresser", "addr_state": null, "denomination": null, "operator": null}');

INSERT OR IGNORE INTO organizations (id,tenant_id,organization_type,legal_name,display_name,registration_number,status,verification_state,created_at,updated_at) VALUES ('org_s09_salon_2a857812f59250f4','tenant_platform_seed','beauty_salon','Etoundi Anne','Etoundi Anne',NULL,'active','seeded',unixepoch(),unixepoch());
INSERT OR IGNORE INTO profiles (id,subject_id,subject_type,primary_place_id,tenant_id,workspace_id,display_name,created_at,updated_at) VALUES ('prof_s09_salon_2a857812f59250f4','org_s09_salon_2a857812f59250f4','organization','place_nigeria_001','tenant_platform_seed','workspace_platform_seed_discovery','Etoundi Anne',unixepoch(),unixepoch());
INSERT OR IGNORE INTO search_entries (id,profile_id,display_name,keywords,ancestry_path,vertical,created_at,updated_at) VALUES ('se_s09_salon_2a857812f59250f4','prof_s09_salon_2a857812f59250f4','Etoundi Anne','etoundi anne salon barber hair beauty nigeria','place_nigeria_001','beauty_salon',unixepoch(),unixepoch());
INSERT OR IGNORE INTO seed_ingestion_records (id,seed_run_id,entity_type,entity_id,source_id,status) VALUES ('ir_s09_salon_2a857812f59250f4','seed_run_s09_osm_salons_20260502','organization','org_s09_salon_2a857812f59250f4','seed_source_osm_salons_ng_20260502','ingested');
INSERT OR IGNORE INTO seed_entity_sources (id,seed_run_id,entity_type,entity_id,source_id,confidence_tier) VALUES ('es_s09_salon_2a857812f59250f4','seed_run_s09_osm_salons_20260502','organization','org_s09_salon_2a857812f59250f4','seed_source_osm_salons_ng_20260502','seeded');
INSERT OR IGNORE INTO seed_enrichment (id,seed_run_id,entity_type,entity_id,enrichment_type,enrichment_json) VALUES ('enr_s09_salon_2a857812f59250f4','seed_run_s09_osm_salons_20260502','organization','org_s09_salon_2a857812f59250f4','licence_data','{"osm_id": "5942752928", "amenity": "hairdresser", "addr_state": null, "denomination": null, "operator": null}');

INSERT OR IGNORE INTO organizations (id,tenant_id,organization_type,legal_name,display_name,registration_number,status,verification_state,created_at,updated_at) VALUES ('org_s09_salon_b15a0bd87d11700d','tenant_platform_seed','beauty_salon','Timyi Shella','Timyi Shella',NULL,'active','seeded',unixepoch(),unixepoch());
INSERT OR IGNORE INTO profiles (id,subject_id,subject_type,primary_place_id,tenant_id,workspace_id,display_name,created_at,updated_at) VALUES ('prof_s09_salon_b15a0bd87d11700d','org_s09_salon_b15a0bd87d11700d','organization','place_nigeria_001','tenant_platform_seed','workspace_platform_seed_discovery','Timyi Shella',unixepoch(),unixepoch());
INSERT OR IGNORE INTO search_entries (id,profile_id,display_name,keywords,ancestry_path,vertical,created_at,updated_at) VALUES ('se_s09_salon_b15a0bd87d11700d','prof_s09_salon_b15a0bd87d11700d','Timyi Shella','timyi shella salon barber hair beauty nigeria','place_nigeria_001','beauty_salon',unixepoch(),unixepoch());
INSERT OR IGNORE INTO seed_ingestion_records (id,seed_run_id,entity_type,entity_id,source_id,status) VALUES ('ir_s09_salon_b15a0bd87d11700d','seed_run_s09_osm_salons_20260502','organization','org_s09_salon_b15a0bd87d11700d','seed_source_osm_salons_ng_20260502','ingested');
INSERT OR IGNORE INTO seed_entity_sources (id,seed_run_id,entity_type,entity_id,source_id,confidence_tier) VALUES ('es_s09_salon_b15a0bd87d11700d','seed_run_s09_osm_salons_20260502','organization','org_s09_salon_b15a0bd87d11700d','seed_source_osm_salons_ng_20260502','seeded');
INSERT OR IGNORE INTO seed_enrichment (id,seed_run_id,entity_type,entity_id,enrichment_type,enrichment_json) VALUES ('enr_s09_salon_b15a0bd87d11700d','seed_run_s09_osm_salons_20260502','organization','org_s09_salon_b15a0bd87d11700d','licence_data','{"osm_id": "5942752929", "amenity": "hairdresser", "addr_state": null, "denomination": null, "operator": null}');

INSERT OR IGNORE INTO organizations (id,tenant_id,organization_type,legal_name,display_name,registration_number,status,verification_state,created_at,updated_at) VALUES ('org_s09_salon_1fe1c86873e190f2','tenant_platform_seed','beauty_salon','Abou Nidal','Abou Nidal',NULL,'active','seeded',unixepoch(),unixepoch());
INSERT OR IGNORE INTO profiles (id,subject_id,subject_type,primary_place_id,tenant_id,workspace_id,display_name,created_at,updated_at) VALUES ('prof_s09_salon_1fe1c86873e190f2','org_s09_salon_1fe1c86873e190f2','organization','place_nigeria_001','tenant_platform_seed','workspace_platform_seed_discovery','Abou Nidal',unixepoch(),unixepoch());
INSERT OR IGNORE INTO search_entries (id,profile_id,display_name,keywords,ancestry_path,vertical,created_at,updated_at) VALUES ('se_s09_salon_1fe1c86873e190f2','prof_s09_salon_1fe1c86873e190f2','Abou Nidal','abou nidal salon barber hair beauty nigeria','place_nigeria_001','beauty_salon',unixepoch(),unixepoch());
INSERT OR IGNORE INTO seed_ingestion_records (id,seed_run_id,entity_type,entity_id,source_id,status) VALUES ('ir_s09_salon_1fe1c86873e190f2','seed_run_s09_osm_salons_20260502','organization','org_s09_salon_1fe1c86873e190f2','seed_source_osm_salons_ng_20260502','ingested');
INSERT OR IGNORE INTO seed_entity_sources (id,seed_run_id,entity_type,entity_id,source_id,confidence_tier) VALUES ('es_s09_salon_1fe1c86873e190f2','seed_run_s09_osm_salons_20260502','organization','org_s09_salon_1fe1c86873e190f2','seed_source_osm_salons_ng_20260502','seeded');
INSERT OR IGNORE INTO seed_enrichment (id,seed_run_id,entity_type,entity_id,enrichment_type,enrichment_json) VALUES ('enr_s09_salon_1fe1c86873e190f2','seed_run_s09_osm_salons_20260502','organization','org_s09_salon_1fe1c86873e190f2','licence_data','{"osm_id": "5942752930", "amenity": "hairdresser", "addr_state": null, "denomination": null, "operator": null}');

INSERT OR IGNORE INTO organizations (id,tenant_id,organization_type,legal_name,display_name,registration_number,status,verification_state,created_at,updated_at) VALUES ('org_s09_salon_77b42090cbe0c001','tenant_platform_seed','beauty_salon','Hermine','Hermine',NULL,'active','seeded',unixepoch(),unixepoch());
INSERT OR IGNORE INTO profiles (id,subject_id,subject_type,primary_place_id,tenant_id,workspace_id,display_name,created_at,updated_at) VALUES ('prof_s09_salon_77b42090cbe0c001','org_s09_salon_77b42090cbe0c001','organization','place_nigeria_001','tenant_platform_seed','workspace_platform_seed_discovery','Hermine',unixepoch(),unixepoch());
INSERT OR IGNORE INTO search_entries (id,profile_id,display_name,keywords,ancestry_path,vertical,created_at,updated_at) VALUES ('se_s09_salon_77b42090cbe0c001','prof_s09_salon_77b42090cbe0c001','Hermine','hermine salon barber hair beauty nigeria','place_nigeria_001','beauty_salon',unixepoch(),unixepoch());
INSERT OR IGNORE INTO seed_ingestion_records (id,seed_run_id,entity_type,entity_id,source_id,status) VALUES ('ir_s09_salon_77b42090cbe0c001','seed_run_s09_osm_salons_20260502','organization','org_s09_salon_77b42090cbe0c001','seed_source_osm_salons_ng_20260502','ingested');
INSERT OR IGNORE INTO seed_entity_sources (id,seed_run_id,entity_type,entity_id,source_id,confidence_tier) VALUES ('es_s09_salon_77b42090cbe0c001','seed_run_s09_osm_salons_20260502','organization','org_s09_salon_77b42090cbe0c001','seed_source_osm_salons_ng_20260502','seeded');
INSERT OR IGNORE INTO seed_enrichment (id,seed_run_id,entity_type,entity_id,enrichment_type,enrichment_json) VALUES ('enr_s09_salon_77b42090cbe0c001','seed_run_s09_osm_salons_20260502','organization','org_s09_salon_77b42090cbe0c001','licence_data','{"osm_id": "5942752931", "amenity": "hairdresser", "addr_state": null, "denomination": null, "operator": null}');

INSERT OR IGNORE INTO organizations (id,tenant_id,organization_type,legal_name,display_name,registration_number,status,verification_state,created_at,updated_at) VALUES ('org_s09_salon_80bd64b6df7d6c3c','tenant_platform_seed','beauty_salon','Kassaoudou Koumna','Kassaoudou Koumna',NULL,'active','seeded',unixepoch(),unixepoch());
INSERT OR IGNORE INTO profiles (id,subject_id,subject_type,primary_place_id,tenant_id,workspace_id,display_name,created_at,updated_at) VALUES ('prof_s09_salon_80bd64b6df7d6c3c','org_s09_salon_80bd64b6df7d6c3c','organization','place_nigeria_001','tenant_platform_seed','workspace_platform_seed_discovery','Kassaoudou Koumna',unixepoch(),unixepoch());
INSERT OR IGNORE INTO search_entries (id,profile_id,display_name,keywords,ancestry_path,vertical,created_at,updated_at) VALUES ('se_s09_salon_80bd64b6df7d6c3c','prof_s09_salon_80bd64b6df7d6c3c','Kassaoudou Koumna','kassaoudou koumna salon barber hair beauty nigeria','place_nigeria_001','beauty_salon',unixepoch(),unixepoch());
INSERT OR IGNORE INTO seed_ingestion_records (id,seed_run_id,entity_type,entity_id,source_id,status) VALUES ('ir_s09_salon_80bd64b6df7d6c3c','seed_run_s09_osm_salons_20260502','organization','org_s09_salon_80bd64b6df7d6c3c','seed_source_osm_salons_ng_20260502','ingested');
INSERT OR IGNORE INTO seed_entity_sources (id,seed_run_id,entity_type,entity_id,source_id,confidence_tier) VALUES ('es_s09_salon_80bd64b6df7d6c3c','seed_run_s09_osm_salons_20260502','organization','org_s09_salon_80bd64b6df7d6c3c','seed_source_osm_salons_ng_20260502','seeded');
INSERT OR IGNORE INTO seed_enrichment (id,seed_run_id,entity_type,entity_id,enrichment_type,enrichment_json) VALUES ('enr_s09_salon_80bd64b6df7d6c3c','seed_run_s09_osm_salons_20260502','organization','org_s09_salon_80bd64b6df7d6c3c','licence_data','{"osm_id": "5942752932", "amenity": "hairdresser", "addr_state": null, "denomination": null, "operator": null}');

INSERT OR IGNORE INTO organizations (id,tenant_id,organization_type,legal_name,display_name,registration_number,status,verification_state,created_at,updated_at) VALUES ('org_s09_salon_1f2d86e9d49c21a3','tenant_platform_seed','beauty_salon','Deni Danbai','Deni Danbai',NULL,'active','seeded',unixepoch(),unixepoch());
INSERT OR IGNORE INTO profiles (id,subject_id,subject_type,primary_place_id,tenant_id,workspace_id,display_name,created_at,updated_at) VALUES ('prof_s09_salon_1f2d86e9d49c21a3','org_s09_salon_1f2d86e9d49c21a3','organization','place_nigeria_001','tenant_platform_seed','workspace_platform_seed_discovery','Deni Danbai',unixepoch(),unixepoch());
INSERT OR IGNORE INTO search_entries (id,profile_id,display_name,keywords,ancestry_path,vertical,created_at,updated_at) VALUES ('se_s09_salon_1f2d86e9d49c21a3','prof_s09_salon_1f2d86e9d49c21a3','Deni Danbai','deni danbai salon barber hair beauty nigeria','place_nigeria_001','beauty_salon',unixepoch(),unixepoch());
INSERT OR IGNORE INTO seed_ingestion_records (id,seed_run_id,entity_type,entity_id,source_id,status) VALUES ('ir_s09_salon_1f2d86e9d49c21a3','seed_run_s09_osm_salons_20260502','organization','org_s09_salon_1f2d86e9d49c21a3','seed_source_osm_salons_ng_20260502','ingested');
INSERT OR IGNORE INTO seed_entity_sources (id,seed_run_id,entity_type,entity_id,source_id,confidence_tier) VALUES ('es_s09_salon_1f2d86e9d49c21a3','seed_run_s09_osm_salons_20260502','organization','org_s09_salon_1f2d86e9d49c21a3','seed_source_osm_salons_ng_20260502','seeded');
INSERT OR IGNORE INTO seed_enrichment (id,seed_run_id,entity_type,entity_id,enrichment_type,enrichment_json) VALUES ('enr_s09_salon_1f2d86e9d49c21a3','seed_run_s09_osm_salons_20260502','organization','org_s09_salon_1f2d86e9d49c21a3','licence_data','{"osm_id": "5942752933", "amenity": "hairdresser", "addr_state": null, "denomination": null, "operator": null}');

INSERT OR IGNORE INTO organizations (id,tenant_id,organization_type,legal_name,display_name,registration_number,status,verification_state,created_at,updated_at) VALUES ('org_s09_salon_b2e90079fd9c963a','tenant_platform_seed','beauty_salon','Sawalda Simon','Sawalda Simon',NULL,'active','seeded',unixepoch(),unixepoch());
INSERT OR IGNORE INTO profiles (id,subject_id,subject_type,primary_place_id,tenant_id,workspace_id,display_name,created_at,updated_at) VALUES ('prof_s09_salon_b2e90079fd9c963a','org_s09_salon_b2e90079fd9c963a','organization','place_nigeria_001','tenant_platform_seed','workspace_platform_seed_discovery','Sawalda Simon',unixepoch(),unixepoch());
INSERT OR IGNORE INTO search_entries (id,profile_id,display_name,keywords,ancestry_path,vertical,created_at,updated_at) VALUES ('se_s09_salon_b2e90079fd9c963a','prof_s09_salon_b2e90079fd9c963a','Sawalda Simon','sawalda simon salon barber hair beauty nigeria','place_nigeria_001','beauty_salon',unixepoch(),unixepoch());
INSERT OR IGNORE INTO seed_ingestion_records (id,seed_run_id,entity_type,entity_id,source_id,status) VALUES ('ir_s09_salon_b2e90079fd9c963a','seed_run_s09_osm_salons_20260502','organization','org_s09_salon_b2e90079fd9c963a','seed_source_osm_salons_ng_20260502','ingested');
INSERT OR IGNORE INTO seed_entity_sources (id,seed_run_id,entity_type,entity_id,source_id,confidence_tier) VALUES ('es_s09_salon_b2e90079fd9c963a','seed_run_s09_osm_salons_20260502','organization','org_s09_salon_b2e90079fd9c963a','seed_source_osm_salons_ng_20260502','seeded');
INSERT OR IGNORE INTO seed_enrichment (id,seed_run_id,entity_type,entity_id,enrichment_type,enrichment_json) VALUES ('enr_s09_salon_b2e90079fd9c963a','seed_run_s09_osm_salons_20260502','organization','org_s09_salon_b2e90079fd9c963a','licence_data','{"osm_id": "5942752934", "amenity": "hairdresser", "addr_state": null, "denomination": null, "operator": null}');

INSERT OR IGNORE INTO organizations (id,tenant_id,organization_type,legal_name,display_name,registration_number,status,verification_state,created_at,updated_at) VALUES ('org_s09_salon_6d312a9ae591ea1d','tenant_platform_seed','beauty_salon','Larina Asta','Larina Asta',NULL,'active','seeded',unixepoch(),unixepoch());
INSERT OR IGNORE INTO profiles (id,subject_id,subject_type,primary_place_id,tenant_id,workspace_id,display_name,created_at,updated_at) VALUES ('prof_s09_salon_6d312a9ae591ea1d','org_s09_salon_6d312a9ae591ea1d','organization','place_nigeria_001','tenant_platform_seed','workspace_platform_seed_discovery','Larina Asta',unixepoch(),unixepoch());
INSERT OR IGNORE INTO search_entries (id,profile_id,display_name,keywords,ancestry_path,vertical,created_at,updated_at) VALUES ('se_s09_salon_6d312a9ae591ea1d','prof_s09_salon_6d312a9ae591ea1d','Larina Asta','larina asta salon barber hair beauty nigeria','place_nigeria_001','beauty_salon',unixepoch(),unixepoch());
INSERT OR IGNORE INTO seed_ingestion_records (id,seed_run_id,entity_type,entity_id,source_id,status) VALUES ('ir_s09_salon_6d312a9ae591ea1d','seed_run_s09_osm_salons_20260502','organization','org_s09_salon_6d312a9ae591ea1d','seed_source_osm_salons_ng_20260502','ingested');
INSERT OR IGNORE INTO seed_entity_sources (id,seed_run_id,entity_type,entity_id,source_id,confidence_tier) VALUES ('es_s09_salon_6d312a9ae591ea1d','seed_run_s09_osm_salons_20260502','organization','org_s09_salon_6d312a9ae591ea1d','seed_source_osm_salons_ng_20260502','seeded');
INSERT OR IGNORE INTO seed_enrichment (id,seed_run_id,entity_type,entity_id,enrichment_type,enrichment_json) VALUES ('enr_s09_salon_6d312a9ae591ea1d','seed_run_s09_osm_salons_20260502','organization','org_s09_salon_6d312a9ae591ea1d','licence_data','{"osm_id": "5942752935", "amenity": "hairdresser", "addr_state": null, "denomination": null, "operator": null}');

INSERT OR IGNORE INTO organizations (id,tenant_id,organization_type,legal_name,display_name,registration_number,status,verification_state,created_at,updated_at) VALUES ('org_s09_salon_f7776ca9e2d1549f','tenant_platform_seed','beauty_salon','Severin','Severin',NULL,'active','seeded',unixepoch(),unixepoch());
INSERT OR IGNORE INTO profiles (id,subject_id,subject_type,primary_place_id,tenant_id,workspace_id,display_name,created_at,updated_at) VALUES ('prof_s09_salon_f7776ca9e2d1549f','org_s09_salon_f7776ca9e2d1549f','organization','place_nigeria_001','tenant_platform_seed','workspace_platform_seed_discovery','Severin',unixepoch(),unixepoch());
INSERT OR IGNORE INTO search_entries (id,profile_id,display_name,keywords,ancestry_path,vertical,created_at,updated_at) VALUES ('se_s09_salon_f7776ca9e2d1549f','prof_s09_salon_f7776ca9e2d1549f','Severin','severin salon barber hair beauty nigeria','place_nigeria_001','beauty_salon',unixepoch(),unixepoch());
INSERT OR IGNORE INTO seed_ingestion_records (id,seed_run_id,entity_type,entity_id,source_id,status) VALUES ('ir_s09_salon_f7776ca9e2d1549f','seed_run_s09_osm_salons_20260502','organization','org_s09_salon_f7776ca9e2d1549f','seed_source_osm_salons_ng_20260502','ingested');
INSERT OR IGNORE INTO seed_entity_sources (id,seed_run_id,entity_type,entity_id,source_id,confidence_tier) VALUES ('es_s09_salon_f7776ca9e2d1549f','seed_run_s09_osm_salons_20260502','organization','org_s09_salon_f7776ca9e2d1549f','seed_source_osm_salons_ng_20260502','seeded');
INSERT OR IGNORE INTO seed_enrichment (id,seed_run_id,entity_type,entity_id,enrichment_type,enrichment_json) VALUES ('enr_s09_salon_f7776ca9e2d1549f','seed_run_s09_osm_salons_20260502','organization','org_s09_salon_f7776ca9e2d1549f','licence_data','{"osm_id": "5942752936", "amenity": "hairdresser", "addr_state": null, "denomination": null, "operator": null}');

INSERT OR IGNORE INTO organizations (id,tenant_id,organization_type,legal_name,display_name,registration_number,status,verification_state,created_at,updated_at) VALUES ('org_s09_salon_baa6fd72254ca65a','tenant_platform_seed','beauty_salon','Housseni Salaman','Housseni Salaman',NULL,'active','seeded',unixepoch(),unixepoch());
INSERT OR IGNORE INTO profiles (id,subject_id,subject_type,primary_place_id,tenant_id,workspace_id,display_name,created_at,updated_at) VALUES ('prof_s09_salon_baa6fd72254ca65a','org_s09_salon_baa6fd72254ca65a','organization','place_nigeria_001','tenant_platform_seed','workspace_platform_seed_discovery','Housseni Salaman',unixepoch(),unixepoch());
INSERT OR IGNORE INTO search_entries (id,profile_id,display_name,keywords,ancestry_path,vertical,created_at,updated_at) VALUES ('se_s09_salon_baa6fd72254ca65a','prof_s09_salon_baa6fd72254ca65a','Housseni Salaman','housseni salaman salon barber hair beauty nigeria','place_nigeria_001','beauty_salon',unixepoch(),unixepoch());
INSERT OR IGNORE INTO seed_ingestion_records (id,seed_run_id,entity_type,entity_id,source_id,status) VALUES ('ir_s09_salon_baa6fd72254ca65a','seed_run_s09_osm_salons_20260502','organization','org_s09_salon_baa6fd72254ca65a','seed_source_osm_salons_ng_20260502','ingested');
INSERT OR IGNORE INTO seed_entity_sources (id,seed_run_id,entity_type,entity_id,source_id,confidence_tier) VALUES ('es_s09_salon_baa6fd72254ca65a','seed_run_s09_osm_salons_20260502','organization','org_s09_salon_baa6fd72254ca65a','seed_source_osm_salons_ng_20260502','seeded');
INSERT OR IGNORE INTO seed_enrichment (id,seed_run_id,entity_type,entity_id,enrichment_type,enrichment_json) VALUES ('enr_s09_salon_baa6fd72254ca65a','seed_run_s09_osm_salons_20260502','organization','org_s09_salon_baa6fd72254ca65a','licence_data','{"osm_id": "5942752937", "amenity": "hairdresser", "addr_state": null, "denomination": null, "operator": null}');

INSERT OR IGNORE INTO organizations (id,tenant_id,organization_type,legal_name,display_name,registration_number,status,verification_state,created_at,updated_at) VALUES ('org_s09_salon_5aa0ee4ad902108c','tenant_platform_seed','beauty_salon','Walza Jean Claude','Walza Jean Claude',NULL,'active','seeded',unixepoch(),unixepoch());
INSERT OR IGNORE INTO profiles (id,subject_id,subject_type,primary_place_id,tenant_id,workspace_id,display_name,created_at,updated_at) VALUES ('prof_s09_salon_5aa0ee4ad902108c','org_s09_salon_5aa0ee4ad902108c','organization','place_nigeria_001','tenant_platform_seed','workspace_platform_seed_discovery','Walza Jean Claude',unixepoch(),unixepoch());
INSERT OR IGNORE INTO search_entries (id,profile_id,display_name,keywords,ancestry_path,vertical,created_at,updated_at) VALUES ('se_s09_salon_5aa0ee4ad902108c','prof_s09_salon_5aa0ee4ad902108c','Walza Jean Claude','walza jean claude salon barber hair beauty nigeria','place_nigeria_001','beauty_salon',unixepoch(),unixepoch());
INSERT OR IGNORE INTO seed_ingestion_records (id,seed_run_id,entity_type,entity_id,source_id,status) VALUES ('ir_s09_salon_5aa0ee4ad902108c','seed_run_s09_osm_salons_20260502','organization','org_s09_salon_5aa0ee4ad902108c','seed_source_osm_salons_ng_20260502','ingested');
INSERT OR IGNORE INTO seed_entity_sources (id,seed_run_id,entity_type,entity_id,source_id,confidence_tier) VALUES ('es_s09_salon_5aa0ee4ad902108c','seed_run_s09_osm_salons_20260502','organization','org_s09_salon_5aa0ee4ad902108c','seed_source_osm_salons_ng_20260502','seeded');
INSERT OR IGNORE INTO seed_enrichment (id,seed_run_id,entity_type,entity_id,enrichment_type,enrichment_json) VALUES ('enr_s09_salon_5aa0ee4ad902108c','seed_run_s09_osm_salons_20260502','organization','org_s09_salon_5aa0ee4ad902108c','licence_data','{"osm_id": "5942752938", "amenity": "hairdresser", "addr_state": null, "denomination": null, "operator": null}');

INSERT OR IGNORE INTO organizations (id,tenant_id,organization_type,legal_name,display_name,registration_number,status,verification_state,created_at,updated_at) VALUES ('org_s09_salon_9b252d8585f69d95','tenant_platform_seed','beauty_salon','Aliou Moustapha','Aliou Moustapha',NULL,'active','seeded',unixepoch(),unixepoch());
INSERT OR IGNORE INTO profiles (id,subject_id,subject_type,primary_place_id,tenant_id,workspace_id,display_name,created_at,updated_at) VALUES ('prof_s09_salon_9b252d8585f69d95','org_s09_salon_9b252d8585f69d95','organization','place_nigeria_001','tenant_platform_seed','workspace_platform_seed_discovery','Aliou Moustapha',unixepoch(),unixepoch());
INSERT OR IGNORE INTO search_entries (id,profile_id,display_name,keywords,ancestry_path,vertical,created_at,updated_at) VALUES ('se_s09_salon_9b252d8585f69d95','prof_s09_salon_9b252d8585f69d95','Aliou Moustapha','aliou moustapha salon barber hair beauty nigeria','place_nigeria_001','beauty_salon',unixepoch(),unixepoch());
INSERT OR IGNORE INTO seed_ingestion_records (id,seed_run_id,entity_type,entity_id,source_id,status) VALUES ('ir_s09_salon_9b252d8585f69d95','seed_run_s09_osm_salons_20260502','organization','org_s09_salon_9b252d8585f69d95','seed_source_osm_salons_ng_20260502','ingested');
INSERT OR IGNORE INTO seed_entity_sources (id,seed_run_id,entity_type,entity_id,source_id,confidence_tier) VALUES ('es_s09_salon_9b252d8585f69d95','seed_run_s09_osm_salons_20260502','organization','org_s09_salon_9b252d8585f69d95','seed_source_osm_salons_ng_20260502','seeded');
INSERT OR IGNORE INTO seed_enrichment (id,seed_run_id,entity_type,entity_id,enrichment_type,enrichment_json) VALUES ('enr_s09_salon_9b252d8585f69d95','seed_run_s09_osm_salons_20260502','organization','org_s09_salon_9b252d8585f69d95','licence_data','{"osm_id": "5942752939", "amenity": "hairdresser", "addr_state": null, "denomination": null, "operator": null}');

INSERT OR IGNORE INTO organizations (id,tenant_id,organization_type,legal_name,display_name,registration_number,status,verification_state,created_at,updated_at) VALUES ('org_s09_salon_177980e3ab61a8ed','tenant_platform_seed','beauty_salon','Laoudji Odette','Laoudji Odette',NULL,'active','seeded',unixepoch(),unixepoch());
INSERT OR IGNORE INTO profiles (id,subject_id,subject_type,primary_place_id,tenant_id,workspace_id,display_name,created_at,updated_at) VALUES ('prof_s09_salon_177980e3ab61a8ed','org_s09_salon_177980e3ab61a8ed','organization','place_nigeria_001','tenant_platform_seed','workspace_platform_seed_discovery','Laoudji Odette',unixepoch(),unixepoch());
INSERT OR IGNORE INTO search_entries (id,profile_id,display_name,keywords,ancestry_path,vertical,created_at,updated_at) VALUES ('se_s09_salon_177980e3ab61a8ed','prof_s09_salon_177980e3ab61a8ed','Laoudji Odette','laoudji odette salon barber hair beauty nigeria','place_nigeria_001','beauty_salon',unixepoch(),unixepoch());
INSERT OR IGNORE INTO seed_ingestion_records (id,seed_run_id,entity_type,entity_id,source_id,status) VALUES ('ir_s09_salon_177980e3ab61a8ed','seed_run_s09_osm_salons_20260502','organization','org_s09_salon_177980e3ab61a8ed','seed_source_osm_salons_ng_20260502','ingested');
INSERT OR IGNORE INTO seed_entity_sources (id,seed_run_id,entity_type,entity_id,source_id,confidence_tier) VALUES ('es_s09_salon_177980e3ab61a8ed','seed_run_s09_osm_salons_20260502','organization','org_s09_salon_177980e3ab61a8ed','seed_source_osm_salons_ng_20260502','seeded');
INSERT OR IGNORE INTO seed_enrichment (id,seed_run_id,entity_type,entity_id,enrichment_type,enrichment_json) VALUES ('enr_s09_salon_177980e3ab61a8ed','seed_run_s09_osm_salons_20260502','organization','org_s09_salon_177980e3ab61a8ed','licence_data','{"osm_id": "5942752940", "amenity": "hairdresser", "addr_state": null, "denomination": null, "operator": null}');

INSERT OR IGNORE INTO organizations (id,tenant_id,organization_type,legal_name,display_name,registration_number,status,verification_state,created_at,updated_at) VALUES ('org_s09_salon_79c5f105b760cdd7','tenant_platform_seed','beauty_salon','Nguimgou Nkengni Laure','Nguimgou Nkengni Laure',NULL,'active','seeded',unixepoch(),unixepoch());
INSERT OR IGNORE INTO profiles (id,subject_id,subject_type,primary_place_id,tenant_id,workspace_id,display_name,created_at,updated_at) VALUES ('prof_s09_salon_79c5f105b760cdd7','org_s09_salon_79c5f105b760cdd7','organization','place_nigeria_001','tenant_platform_seed','workspace_platform_seed_discovery','Nguimgou Nkengni Laure',unixepoch(),unixepoch());
INSERT OR IGNORE INTO search_entries (id,profile_id,display_name,keywords,ancestry_path,vertical,created_at,updated_at) VALUES ('se_s09_salon_79c5f105b760cdd7','prof_s09_salon_79c5f105b760cdd7','Nguimgou Nkengni Laure','nguimgou nkengni laure salon barber hair beauty nigeria','place_nigeria_001','beauty_salon',unixepoch(),unixepoch());
INSERT OR IGNORE INTO seed_ingestion_records (id,seed_run_id,entity_type,entity_id,source_id,status) VALUES ('ir_s09_salon_79c5f105b760cdd7','seed_run_s09_osm_salons_20260502','organization','org_s09_salon_79c5f105b760cdd7','seed_source_osm_salons_ng_20260502','ingested');
INSERT OR IGNORE INTO seed_entity_sources (id,seed_run_id,entity_type,entity_id,source_id,confidence_tier) VALUES ('es_s09_salon_79c5f105b760cdd7','seed_run_s09_osm_salons_20260502','organization','org_s09_salon_79c5f105b760cdd7','seed_source_osm_salons_ng_20260502','seeded');
INSERT OR IGNORE INTO seed_enrichment (id,seed_run_id,entity_type,entity_id,enrichment_type,enrichment_json) VALUES ('enr_s09_salon_79c5f105b760cdd7','seed_run_s09_osm_salons_20260502','organization','org_s09_salon_79c5f105b760cdd7','licence_data','{"osm_id": "5942752941", "amenity": "hairdresser", "addr_state": null, "denomination": null, "operator": null}');

INSERT OR IGNORE INTO organizations (id,tenant_id,organization_type,legal_name,display_name,registration_number,status,verification_state,created_at,updated_at) VALUES ('org_s09_salon_de90317576c46f8e','tenant_platform_seed','beauty_salon','Demtale Bebbe Marthe','Demtale Bebbe Marthe',NULL,'active','seeded',unixepoch(),unixepoch());
INSERT OR IGNORE INTO profiles (id,subject_id,subject_type,primary_place_id,tenant_id,workspace_id,display_name,created_at,updated_at) VALUES ('prof_s09_salon_de90317576c46f8e','org_s09_salon_de90317576c46f8e','organization','place_nigeria_001','tenant_platform_seed','workspace_platform_seed_discovery','Demtale Bebbe Marthe',unixepoch(),unixepoch());
INSERT OR IGNORE INTO search_entries (id,profile_id,display_name,keywords,ancestry_path,vertical,created_at,updated_at) VALUES ('se_s09_salon_de90317576c46f8e','prof_s09_salon_de90317576c46f8e','Demtale Bebbe Marthe','demtale bebbe marthe salon barber hair beauty nigeria','place_nigeria_001','beauty_salon',unixepoch(),unixepoch());
INSERT OR IGNORE INTO seed_ingestion_records (id,seed_run_id,entity_type,entity_id,source_id,status) VALUES ('ir_s09_salon_de90317576c46f8e','seed_run_s09_osm_salons_20260502','organization','org_s09_salon_de90317576c46f8e','seed_source_osm_salons_ng_20260502','ingested');
INSERT OR IGNORE INTO seed_entity_sources (id,seed_run_id,entity_type,entity_id,source_id,confidence_tier) VALUES ('es_s09_salon_de90317576c46f8e','seed_run_s09_osm_salons_20260502','organization','org_s09_salon_de90317576c46f8e','seed_source_osm_salons_ng_20260502','seeded');
INSERT OR IGNORE INTO seed_enrichment (id,seed_run_id,entity_type,entity_id,enrichment_type,enrichment_json) VALUES ('enr_s09_salon_de90317576c46f8e','seed_run_s09_osm_salons_20260502','organization','org_s09_salon_de90317576c46f8e','licence_data','{"osm_id": "5942752942", "amenity": "hairdresser", "addr_state": null, "denomination": null, "operator": null}');

INSERT OR IGNORE INTO organizations (id,tenant_id,organization_type,legal_name,display_name,registration_number,status,verification_state,created_at,updated_at) VALUES ('org_s09_salon_d640fcd618f4c664','tenant_platform_seed','beauty_salon','Ndelme Angele','Ndelme Angele',NULL,'active','seeded',unixepoch(),unixepoch());
INSERT OR IGNORE INTO profiles (id,subject_id,subject_type,primary_place_id,tenant_id,workspace_id,display_name,created_at,updated_at) VALUES ('prof_s09_salon_d640fcd618f4c664','org_s09_salon_d640fcd618f4c664','organization','place_nigeria_001','tenant_platform_seed','workspace_platform_seed_discovery','Ndelme Angele',unixepoch(),unixepoch());
INSERT OR IGNORE INTO search_entries (id,profile_id,display_name,keywords,ancestry_path,vertical,created_at,updated_at) VALUES ('se_s09_salon_d640fcd618f4c664','prof_s09_salon_d640fcd618f4c664','Ndelme Angele','ndelme angele salon barber hair beauty nigeria','place_nigeria_001','beauty_salon',unixepoch(),unixepoch());
INSERT OR IGNORE INTO seed_ingestion_records (id,seed_run_id,entity_type,entity_id,source_id,status) VALUES ('ir_s09_salon_d640fcd618f4c664','seed_run_s09_osm_salons_20260502','organization','org_s09_salon_d640fcd618f4c664','seed_source_osm_salons_ng_20260502','ingested');
INSERT OR IGNORE INTO seed_entity_sources (id,seed_run_id,entity_type,entity_id,source_id,confidence_tier) VALUES ('es_s09_salon_d640fcd618f4c664','seed_run_s09_osm_salons_20260502','organization','org_s09_salon_d640fcd618f4c664','seed_source_osm_salons_ng_20260502','seeded');
INSERT OR IGNORE INTO seed_enrichment (id,seed_run_id,entity_type,entity_id,enrichment_type,enrichment_json) VALUES ('enr_s09_salon_d640fcd618f4c664','seed_run_s09_osm_salons_20260502','organization','org_s09_salon_d640fcd618f4c664','licence_data','{"osm_id": "5942752943", "amenity": "hairdresser", "addr_state": null, "denomination": null, "operator": null}');

INSERT OR IGNORE INTO organizations (id,tenant_id,organization_type,legal_name,display_name,registration_number,status,verification_state,created_at,updated_at) VALUES ('org_s09_salon_4d39ebc06cd4548d','tenant_platform_seed','beauty_salon','Libassou Richard','Libassou Richard',NULL,'active','seeded',unixepoch(),unixepoch());
INSERT OR IGNORE INTO profiles (id,subject_id,subject_type,primary_place_id,tenant_id,workspace_id,display_name,created_at,updated_at) VALUES ('prof_s09_salon_4d39ebc06cd4548d','org_s09_salon_4d39ebc06cd4548d','organization','place_nigeria_001','tenant_platform_seed','workspace_platform_seed_discovery','Libassou Richard',unixepoch(),unixepoch());
INSERT OR IGNORE INTO search_entries (id,profile_id,display_name,keywords,ancestry_path,vertical,created_at,updated_at) VALUES ('se_s09_salon_4d39ebc06cd4548d','prof_s09_salon_4d39ebc06cd4548d','Libassou Richard','libassou richard salon barber hair beauty nigeria','place_nigeria_001','beauty_salon',unixepoch(),unixepoch());
INSERT OR IGNORE INTO seed_ingestion_records (id,seed_run_id,entity_type,entity_id,source_id,status) VALUES ('ir_s09_salon_4d39ebc06cd4548d','seed_run_s09_osm_salons_20260502','organization','org_s09_salon_4d39ebc06cd4548d','seed_source_osm_salons_ng_20260502','ingested');
INSERT OR IGNORE INTO seed_entity_sources (id,seed_run_id,entity_type,entity_id,source_id,confidence_tier) VALUES ('es_s09_salon_4d39ebc06cd4548d','seed_run_s09_osm_salons_20260502','organization','org_s09_salon_4d39ebc06cd4548d','seed_source_osm_salons_ng_20260502','seeded');
INSERT OR IGNORE INTO seed_enrichment (id,seed_run_id,entity_type,entity_id,enrichment_type,enrichment_json) VALUES ('enr_s09_salon_4d39ebc06cd4548d','seed_run_s09_osm_salons_20260502','organization','org_s09_salon_4d39ebc06cd4548d','licence_data','{"osm_id": "5942752944", "amenity": "hairdresser", "addr_state": null, "denomination": null, "operator": null}');

INSERT OR IGNORE INTO organizations (id,tenant_id,organization_type,legal_name,display_name,registration_number,status,verification_state,created_at,updated_at) VALUES ('org_s09_salon_c4f75f3a3f90ac84','tenant_platform_seed','beauty_salon','Yerimi Rosalie Esther','Yerimi Rosalie Esther',NULL,'active','seeded',unixepoch(),unixepoch());
INSERT OR IGNORE INTO profiles (id,subject_id,subject_type,primary_place_id,tenant_id,workspace_id,display_name,created_at,updated_at) VALUES ('prof_s09_salon_c4f75f3a3f90ac84','org_s09_salon_c4f75f3a3f90ac84','organization','place_nigeria_001','tenant_platform_seed','workspace_platform_seed_discovery','Yerimi Rosalie Esther',unixepoch(),unixepoch());
INSERT OR IGNORE INTO search_entries (id,profile_id,display_name,keywords,ancestry_path,vertical,created_at,updated_at) VALUES ('se_s09_salon_c4f75f3a3f90ac84','prof_s09_salon_c4f75f3a3f90ac84','Yerimi Rosalie Esther','yerimi rosalie esther salon barber hair beauty nigeria','place_nigeria_001','beauty_salon',unixepoch(),unixepoch());
INSERT OR IGNORE INTO seed_ingestion_records (id,seed_run_id,entity_type,entity_id,source_id,status) VALUES ('ir_s09_salon_c4f75f3a3f90ac84','seed_run_s09_osm_salons_20260502','organization','org_s09_salon_c4f75f3a3f90ac84','seed_source_osm_salons_ng_20260502','ingested');
INSERT OR IGNORE INTO seed_entity_sources (id,seed_run_id,entity_type,entity_id,source_id,confidence_tier) VALUES ('es_s09_salon_c4f75f3a3f90ac84','seed_run_s09_osm_salons_20260502','organization','org_s09_salon_c4f75f3a3f90ac84','seed_source_osm_salons_ng_20260502','seeded');
INSERT OR IGNORE INTO seed_enrichment (id,seed_run_id,entity_type,entity_id,enrichment_type,enrichment_json) VALUES ('enr_s09_salon_c4f75f3a3f90ac84','seed_run_s09_osm_salons_20260502','organization','org_s09_salon_c4f75f3a3f90ac84','licence_data','{"osm_id": "5942752945", "amenity": "hairdresser", "addr_state": null, "denomination": null, "operator": null}');

INSERT OR IGNORE INTO organizations (id,tenant_id,organization_type,legal_name,display_name,registration_number,status,verification_state,created_at,updated_at) VALUES ('org_s09_salon_b92bd928a8a70a32','tenant_platform_seed','beauty_salon','Diabi Oumarou','Diabi Oumarou',NULL,'active','seeded',unixepoch(),unixepoch());
INSERT OR IGNORE INTO profiles (id,subject_id,subject_type,primary_place_id,tenant_id,workspace_id,display_name,created_at,updated_at) VALUES ('prof_s09_salon_b92bd928a8a70a32','org_s09_salon_b92bd928a8a70a32','organization','place_nigeria_001','tenant_platform_seed','workspace_platform_seed_discovery','Diabi Oumarou',unixepoch(),unixepoch());
INSERT OR IGNORE INTO search_entries (id,profile_id,display_name,keywords,ancestry_path,vertical,created_at,updated_at) VALUES ('se_s09_salon_b92bd928a8a70a32','prof_s09_salon_b92bd928a8a70a32','Diabi Oumarou','diabi oumarou salon barber hair beauty nigeria','place_nigeria_001','beauty_salon',unixepoch(),unixepoch());
INSERT OR IGNORE INTO seed_ingestion_records (id,seed_run_id,entity_type,entity_id,source_id,status) VALUES ('ir_s09_salon_b92bd928a8a70a32','seed_run_s09_osm_salons_20260502','organization','org_s09_salon_b92bd928a8a70a32','seed_source_osm_salons_ng_20260502','ingested');
INSERT OR IGNORE INTO seed_entity_sources (id,seed_run_id,entity_type,entity_id,source_id,confidence_tier) VALUES ('es_s09_salon_b92bd928a8a70a32','seed_run_s09_osm_salons_20260502','organization','org_s09_salon_b92bd928a8a70a32','seed_source_osm_salons_ng_20260502','seeded');
INSERT OR IGNORE INTO seed_enrichment (id,seed_run_id,entity_type,entity_id,enrichment_type,enrichment_json) VALUES ('enr_s09_salon_b92bd928a8a70a32','seed_run_s09_osm_salons_20260502','organization','org_s09_salon_b92bd928a8a70a32','licence_data','{"osm_id": "5942752946", "amenity": "hairdresser", "addr_state": null, "denomination": null, "operator": null}');

INSERT OR IGNORE INTO organizations (id,tenant_id,organization_type,legal_name,display_name,registration_number,status,verification_state,created_at,updated_at) VALUES ('org_s09_salon_f021a2b3df0eac11','tenant_platform_seed','beauty_salon','Princess Coiffure','Princess Coiffure',NULL,'active','seeded',unixepoch(),unixepoch());
INSERT OR IGNORE INTO profiles (id,subject_id,subject_type,primary_place_id,tenant_id,workspace_id,display_name,created_at,updated_at) VALUES ('prof_s09_salon_f021a2b3df0eac11','org_s09_salon_f021a2b3df0eac11','organization','place_nigeria_001','tenant_platform_seed','workspace_platform_seed_discovery','Princess Coiffure',unixepoch(),unixepoch());
INSERT OR IGNORE INTO search_entries (id,profile_id,display_name,keywords,ancestry_path,vertical,created_at,updated_at) VALUES ('se_s09_salon_f021a2b3df0eac11','prof_s09_salon_f021a2b3df0eac11','Princess Coiffure','princess coiffure salon barber hair beauty nigeria','place_nigeria_001','beauty_salon',unixepoch(),unixepoch());
INSERT OR IGNORE INTO seed_ingestion_records (id,seed_run_id,entity_type,entity_id,source_id,status) VALUES ('ir_s09_salon_f021a2b3df0eac11','seed_run_s09_osm_salons_20260502','organization','org_s09_salon_f021a2b3df0eac11','seed_source_osm_salons_ng_20260502','ingested');
INSERT OR IGNORE INTO seed_entity_sources (id,seed_run_id,entity_type,entity_id,source_id,confidence_tier) VALUES ('es_s09_salon_f021a2b3df0eac11','seed_run_s09_osm_salons_20260502','organization','org_s09_salon_f021a2b3df0eac11','seed_source_osm_salons_ng_20260502','seeded');
INSERT OR IGNORE INTO seed_enrichment (id,seed_run_id,entity_type,entity_id,enrichment_type,enrichment_json) VALUES ('enr_s09_salon_f021a2b3df0eac11','seed_run_s09_osm_salons_20260502','organization','org_s09_salon_f021a2b3df0eac11','licence_data','{"osm_id": "5942752947", "amenity": "hairdresser", "addr_state": null, "denomination": null, "operator": null}');

INSERT OR IGNORE INTO organizations (id,tenant_id,organization_type,legal_name,display_name,registration_number,status,verification_state,created_at,updated_at) VALUES ('org_s09_salon_f1231f38392196e8','tenant_platform_seed','beauty_salon','Ambassa Rose Coiffure','Ambassa Rose Coiffure',NULL,'active','seeded',unixepoch(),unixepoch());
INSERT OR IGNORE INTO profiles (id,subject_id,subject_type,primary_place_id,tenant_id,workspace_id,display_name,created_at,updated_at) VALUES ('prof_s09_salon_f1231f38392196e8','org_s09_salon_f1231f38392196e8','organization','place_nigeria_001','tenant_platform_seed','workspace_platform_seed_discovery','Ambassa Rose Coiffure',unixepoch(),unixepoch());
INSERT OR IGNORE INTO search_entries (id,profile_id,display_name,keywords,ancestry_path,vertical,created_at,updated_at) VALUES ('se_s09_salon_f1231f38392196e8','prof_s09_salon_f1231f38392196e8','Ambassa Rose Coiffure','ambassa rose coiffure salon barber hair beauty nigeria','place_nigeria_001','beauty_salon',unixepoch(),unixepoch());
INSERT OR IGNORE INTO seed_ingestion_records (id,seed_run_id,entity_type,entity_id,source_id,status) VALUES ('ir_s09_salon_f1231f38392196e8','seed_run_s09_osm_salons_20260502','organization','org_s09_salon_f1231f38392196e8','seed_source_osm_salons_ng_20260502','ingested');
INSERT OR IGNORE INTO seed_entity_sources (id,seed_run_id,entity_type,entity_id,source_id,confidence_tier) VALUES ('es_s09_salon_f1231f38392196e8','seed_run_s09_osm_salons_20260502','organization','org_s09_salon_f1231f38392196e8','seed_source_osm_salons_ng_20260502','seeded');
INSERT OR IGNORE INTO seed_enrichment (id,seed_run_id,entity_type,entity_id,enrichment_type,enrichment_json) VALUES ('enr_s09_salon_f1231f38392196e8','seed_run_s09_osm_salons_20260502','organization','org_s09_salon_f1231f38392196e8','licence_data','{"osm_id": "5942752948", "amenity": "hairdresser", "addr_state": null, "denomination": null, "operator": null}');

INSERT OR IGNORE INTO organizations (id,tenant_id,organization_type,legal_name,display_name,registration_number,status,verification_state,created_at,updated_at) VALUES ('org_s09_salon_c702c5dc4c04560a','tenant_platform_seed','beauty_salon','Ahmadou','Ahmadou',NULL,'active','seeded',unixepoch(),unixepoch());
INSERT OR IGNORE INTO profiles (id,subject_id,subject_type,primary_place_id,tenant_id,workspace_id,display_name,created_at,updated_at) VALUES ('prof_s09_salon_c702c5dc4c04560a','org_s09_salon_c702c5dc4c04560a','organization','place_nigeria_001','tenant_platform_seed','workspace_platform_seed_discovery','Ahmadou',unixepoch(),unixepoch());
INSERT OR IGNORE INTO search_entries (id,profile_id,display_name,keywords,ancestry_path,vertical,created_at,updated_at) VALUES ('se_s09_salon_c702c5dc4c04560a','prof_s09_salon_c702c5dc4c04560a','Ahmadou','ahmadou salon barber hair beauty nigeria','place_nigeria_001','beauty_salon',unixepoch(),unixepoch());
INSERT OR IGNORE INTO seed_ingestion_records (id,seed_run_id,entity_type,entity_id,source_id,status) VALUES ('ir_s09_salon_c702c5dc4c04560a','seed_run_s09_osm_salons_20260502','organization','org_s09_salon_c702c5dc4c04560a','seed_source_osm_salons_ng_20260502','ingested');
INSERT OR IGNORE INTO seed_entity_sources (id,seed_run_id,entity_type,entity_id,source_id,confidence_tier) VALUES ('es_s09_salon_c702c5dc4c04560a','seed_run_s09_osm_salons_20260502','organization','org_s09_salon_c702c5dc4c04560a','seed_source_osm_salons_ng_20260502','seeded');
INSERT OR IGNORE INTO seed_enrichment (id,seed_run_id,entity_type,entity_id,enrichment_type,enrichment_json) VALUES ('enr_s09_salon_c702c5dc4c04560a','seed_run_s09_osm_salons_20260502','organization','org_s09_salon_c702c5dc4c04560a','licence_data','{"osm_id": "5942752949", "amenity": "hairdresser", "addr_state": null, "denomination": null, "operator": null}');

INSERT OR IGNORE INTO organizations (id,tenant_id,organization_type,legal_name,display_name,registration_number,status,verification_state,created_at,updated_at) VALUES ('org_s09_salon_5af630a69b003c44','tenant_platform_seed','beauty_salon','Tonton Coiffure','Tonton Coiffure',NULL,'active','seeded',unixepoch(),unixepoch());
INSERT OR IGNORE INTO profiles (id,subject_id,subject_type,primary_place_id,tenant_id,workspace_id,display_name,created_at,updated_at) VALUES ('prof_s09_salon_5af630a69b003c44','org_s09_salon_5af630a69b003c44','organization','place_nigeria_001','tenant_platform_seed','workspace_platform_seed_discovery','Tonton Coiffure',unixepoch(),unixepoch());
INSERT OR IGNORE INTO search_entries (id,profile_id,display_name,keywords,ancestry_path,vertical,created_at,updated_at) VALUES ('se_s09_salon_5af630a69b003c44','prof_s09_salon_5af630a69b003c44','Tonton Coiffure','tonton coiffure salon barber hair beauty nigeria','place_nigeria_001','beauty_salon',unixepoch(),unixepoch());
INSERT OR IGNORE INTO seed_ingestion_records (id,seed_run_id,entity_type,entity_id,source_id,status) VALUES ('ir_s09_salon_5af630a69b003c44','seed_run_s09_osm_salons_20260502','organization','org_s09_salon_5af630a69b003c44','seed_source_osm_salons_ng_20260502','ingested');
INSERT OR IGNORE INTO seed_entity_sources (id,seed_run_id,entity_type,entity_id,source_id,confidence_tier) VALUES ('es_s09_salon_5af630a69b003c44','seed_run_s09_osm_salons_20260502','organization','org_s09_salon_5af630a69b003c44','seed_source_osm_salons_ng_20260502','seeded');
INSERT OR IGNORE INTO seed_enrichment (id,seed_run_id,entity_type,entity_id,enrichment_type,enrichment_json) VALUES ('enr_s09_salon_5af630a69b003c44','seed_run_s09_osm_salons_20260502','organization','org_s09_salon_5af630a69b003c44','licence_data','{"osm_id": "5942752950", "amenity": "hairdresser", "addr_state": null, "denomination": null, "operator": null}');

INSERT OR IGNORE INTO organizations (id,tenant_id,organization_type,legal_name,display_name,registration_number,status,verification_state,created_at,updated_at) VALUES ('org_s09_salon_7dae49a5d2dc3de5','tenant_platform_seed','beauty_salon','Biya Emmanuel','Biya Emmanuel',NULL,'active','seeded',unixepoch(),unixepoch());
INSERT OR IGNORE INTO profiles (id,subject_id,subject_type,primary_place_id,tenant_id,workspace_id,display_name,created_at,updated_at) VALUES ('prof_s09_salon_7dae49a5d2dc3de5','org_s09_salon_7dae49a5d2dc3de5','organization','place_nigeria_001','tenant_platform_seed','workspace_platform_seed_discovery','Biya Emmanuel',unixepoch(),unixepoch());
INSERT OR IGNORE INTO search_entries (id,profile_id,display_name,keywords,ancestry_path,vertical,created_at,updated_at) VALUES ('se_s09_salon_7dae49a5d2dc3de5','prof_s09_salon_7dae49a5d2dc3de5','Biya Emmanuel','biya emmanuel salon barber hair beauty nigeria','place_nigeria_001','beauty_salon',unixepoch(),unixepoch());
INSERT OR IGNORE INTO seed_ingestion_records (id,seed_run_id,entity_type,entity_id,source_id,status) VALUES ('ir_s09_salon_7dae49a5d2dc3de5','seed_run_s09_osm_salons_20260502','organization','org_s09_salon_7dae49a5d2dc3de5','seed_source_osm_salons_ng_20260502','ingested');
INSERT OR IGNORE INTO seed_entity_sources (id,seed_run_id,entity_type,entity_id,source_id,confidence_tier) VALUES ('es_s09_salon_7dae49a5d2dc3de5','seed_run_s09_osm_salons_20260502','organization','org_s09_salon_7dae49a5d2dc3de5','seed_source_osm_salons_ng_20260502','seeded');
INSERT OR IGNORE INTO seed_enrichment (id,seed_run_id,entity_type,entity_id,enrichment_type,enrichment_json) VALUES ('enr_s09_salon_7dae49a5d2dc3de5','seed_run_s09_osm_salons_20260502','organization','org_s09_salon_7dae49a5d2dc3de5','licence_data','{"osm_id": "5942752951", "amenity": "hairdresser", "addr_state": null, "denomination": null, "operator": null}');

INSERT OR IGNORE INTO organizations (id,tenant_id,organization_type,legal_name,display_name,registration_number,status,verification_state,created_at,updated_at) VALUES ('org_s09_salon_a7542824624bc94b','tenant_platform_seed','beauty_salon','Clariss Coiffure','Clariss Coiffure',NULL,'active','seeded',unixepoch(),unixepoch());
INSERT OR IGNORE INTO profiles (id,subject_id,subject_type,primary_place_id,tenant_id,workspace_id,display_name,created_at,updated_at) VALUES ('prof_s09_salon_a7542824624bc94b','org_s09_salon_a7542824624bc94b','organization','place_nigeria_001','tenant_platform_seed','workspace_platform_seed_discovery','Clariss Coiffure',unixepoch(),unixepoch());
INSERT OR IGNORE INTO search_entries (id,profile_id,display_name,keywords,ancestry_path,vertical,created_at,updated_at) VALUES ('se_s09_salon_a7542824624bc94b','prof_s09_salon_a7542824624bc94b','Clariss Coiffure','clariss coiffure salon barber hair beauty nigeria','place_nigeria_001','beauty_salon',unixepoch(),unixepoch());
INSERT OR IGNORE INTO seed_ingestion_records (id,seed_run_id,entity_type,entity_id,source_id,status) VALUES ('ir_s09_salon_a7542824624bc94b','seed_run_s09_osm_salons_20260502','organization','org_s09_salon_a7542824624bc94b','seed_source_osm_salons_ng_20260502','ingested');
INSERT OR IGNORE INTO seed_entity_sources (id,seed_run_id,entity_type,entity_id,source_id,confidence_tier) VALUES ('es_s09_salon_a7542824624bc94b','seed_run_s09_osm_salons_20260502','organization','org_s09_salon_a7542824624bc94b','seed_source_osm_salons_ng_20260502','seeded');
INSERT OR IGNORE INTO seed_enrichment (id,seed_run_id,entity_type,entity_id,enrichment_type,enrichment_json) VALUES ('enr_s09_salon_a7542824624bc94b','seed_run_s09_osm_salons_20260502','organization','org_s09_salon_a7542824624bc94b','licence_data','{"osm_id": "5942752952", "amenity": "hairdresser", "addr_state": null, "denomination": null, "operator": null}');

INSERT OR IGNORE INTO organizations (id,tenant_id,organization_type,legal_name,display_name,registration_number,status,verification_state,created_at,updated_at) VALUES ('org_s09_salon_e50e934a31940e65','tenant_platform_seed','beauty_salon','Abdoulramane','Abdoulramane',NULL,'active','seeded',unixepoch(),unixepoch());
INSERT OR IGNORE INTO profiles (id,subject_id,subject_type,primary_place_id,tenant_id,workspace_id,display_name,created_at,updated_at) VALUES ('prof_s09_salon_e50e934a31940e65','org_s09_salon_e50e934a31940e65','organization','place_nigeria_001','tenant_platform_seed','workspace_platform_seed_discovery','Abdoulramane',unixepoch(),unixepoch());
INSERT OR IGNORE INTO search_entries (id,profile_id,display_name,keywords,ancestry_path,vertical,created_at,updated_at) VALUES ('se_s09_salon_e50e934a31940e65','prof_s09_salon_e50e934a31940e65','Abdoulramane','abdoulramane salon barber hair beauty nigeria','place_nigeria_001','beauty_salon',unixepoch(),unixepoch());
INSERT OR IGNORE INTO seed_ingestion_records (id,seed_run_id,entity_type,entity_id,source_id,status) VALUES ('ir_s09_salon_e50e934a31940e65','seed_run_s09_osm_salons_20260502','organization','org_s09_salon_e50e934a31940e65','seed_source_osm_salons_ng_20260502','ingested');
INSERT OR IGNORE INTO seed_entity_sources (id,seed_run_id,entity_type,entity_id,source_id,confidence_tier) VALUES ('es_s09_salon_e50e934a31940e65','seed_run_s09_osm_salons_20260502','organization','org_s09_salon_e50e934a31940e65','seed_source_osm_salons_ng_20260502','seeded');
INSERT OR IGNORE INTO seed_enrichment (id,seed_run_id,entity_type,entity_id,enrichment_type,enrichment_json) VALUES ('enr_s09_salon_e50e934a31940e65','seed_run_s09_osm_salons_20260502','organization','org_s09_salon_e50e934a31940e65','licence_data','{"osm_id": "5942752953", "amenity": "hairdresser", "addr_state": null, "denomination": null, "operator": null}');

INSERT OR IGNORE INTO organizations (id,tenant_id,organization_type,legal_name,display_name,registration_number,status,verification_state,created_at,updated_at) VALUES ('org_s09_salon_93acae0e12346d1f','tenant_platform_seed','beauty_salon','Abdoul Aziz','Abdoul Aziz',NULL,'active','seeded',unixepoch(),unixepoch());
INSERT OR IGNORE INTO profiles (id,subject_id,subject_type,primary_place_id,tenant_id,workspace_id,display_name,created_at,updated_at) VALUES ('prof_s09_salon_93acae0e12346d1f','org_s09_salon_93acae0e12346d1f','organization','place_nigeria_001','tenant_platform_seed','workspace_platform_seed_discovery','Abdoul Aziz',unixepoch(),unixepoch());
INSERT OR IGNORE INTO search_entries (id,profile_id,display_name,keywords,ancestry_path,vertical,created_at,updated_at) VALUES ('se_s09_salon_93acae0e12346d1f','prof_s09_salon_93acae0e12346d1f','Abdoul Aziz','abdoul aziz salon barber hair beauty nigeria','place_nigeria_001','beauty_salon',unixepoch(),unixepoch());
INSERT OR IGNORE INTO seed_ingestion_records (id,seed_run_id,entity_type,entity_id,source_id,status) VALUES ('ir_s09_salon_93acae0e12346d1f','seed_run_s09_osm_salons_20260502','organization','org_s09_salon_93acae0e12346d1f','seed_source_osm_salons_ng_20260502','ingested');
INSERT OR IGNORE INTO seed_entity_sources (id,seed_run_id,entity_type,entity_id,source_id,confidence_tier) VALUES ('es_s09_salon_93acae0e12346d1f','seed_run_s09_osm_salons_20260502','organization','org_s09_salon_93acae0e12346d1f','seed_source_osm_salons_ng_20260502','seeded');
INSERT OR IGNORE INTO seed_enrichment (id,seed_run_id,entity_type,entity_id,enrichment_type,enrichment_json) VALUES ('enr_s09_salon_93acae0e12346d1f','seed_run_s09_osm_salons_20260502','organization','org_s09_salon_93acae0e12346d1f','licence_data','{"osm_id": "5942752954", "amenity": "hairdresser", "addr_state": null, "denomination": null, "operator": null}');

INSERT OR IGNORE INTO organizations (id,tenant_id,organization_type,legal_name,display_name,registration_number,status,verification_state,created_at,updated_at) VALUES ('org_s09_salon_31ccc79bf394f5f2','tenant_platform_seed','beauty_salon','Gambo Hassan','Gambo Hassan',NULL,'active','seeded',unixepoch(),unixepoch());
INSERT OR IGNORE INTO profiles (id,subject_id,subject_type,primary_place_id,tenant_id,workspace_id,display_name,created_at,updated_at) VALUES ('prof_s09_salon_31ccc79bf394f5f2','org_s09_salon_31ccc79bf394f5f2','organization','place_nigeria_001','tenant_platform_seed','workspace_platform_seed_discovery','Gambo Hassan',unixepoch(),unixepoch());
INSERT OR IGNORE INTO search_entries (id,profile_id,display_name,keywords,ancestry_path,vertical,created_at,updated_at) VALUES ('se_s09_salon_31ccc79bf394f5f2','prof_s09_salon_31ccc79bf394f5f2','Gambo Hassan','gambo hassan salon barber hair beauty nigeria','place_nigeria_001','beauty_salon',unixepoch(),unixepoch());
INSERT OR IGNORE INTO seed_ingestion_records (id,seed_run_id,entity_type,entity_id,source_id,status) VALUES ('ir_s09_salon_31ccc79bf394f5f2','seed_run_s09_osm_salons_20260502','organization','org_s09_salon_31ccc79bf394f5f2','seed_source_osm_salons_ng_20260502','ingested');
INSERT OR IGNORE INTO seed_entity_sources (id,seed_run_id,entity_type,entity_id,source_id,confidence_tier) VALUES ('es_s09_salon_31ccc79bf394f5f2','seed_run_s09_osm_salons_20260502','organization','org_s09_salon_31ccc79bf394f5f2','seed_source_osm_salons_ng_20260502','seeded');
INSERT OR IGNORE INTO seed_enrichment (id,seed_run_id,entity_type,entity_id,enrichment_type,enrichment_json) VALUES ('enr_s09_salon_31ccc79bf394f5f2','seed_run_s09_osm_salons_20260502','organization','org_s09_salon_31ccc79bf394f5f2','licence_data','{"osm_id": "5942752955", "amenity": "hairdresser", "addr_state": null, "denomination": null, "operator": null}');

INSERT OR IGNORE INTO organizations (id,tenant_id,organization_type,legal_name,display_name,registration_number,status,verification_state,created_at,updated_at) VALUES ('org_s09_salon_20430b3075f0ce23','tenant_platform_seed','beauty_salon','Nicolas','Nicolas',NULL,'active','seeded',unixepoch(),unixepoch());
INSERT OR IGNORE INTO profiles (id,subject_id,subject_type,primary_place_id,tenant_id,workspace_id,display_name,created_at,updated_at) VALUES ('prof_s09_salon_20430b3075f0ce23','org_s09_salon_20430b3075f0ce23','organization','place_nigeria_001','tenant_platform_seed','workspace_platform_seed_discovery','Nicolas',unixepoch(),unixepoch());
INSERT OR IGNORE INTO search_entries (id,profile_id,display_name,keywords,ancestry_path,vertical,created_at,updated_at) VALUES ('se_s09_salon_20430b3075f0ce23','prof_s09_salon_20430b3075f0ce23','Nicolas','nicolas salon barber hair beauty nigeria','place_nigeria_001','beauty_salon',unixepoch(),unixepoch());
INSERT OR IGNORE INTO seed_ingestion_records (id,seed_run_id,entity_type,entity_id,source_id,status) VALUES ('ir_s09_salon_20430b3075f0ce23','seed_run_s09_osm_salons_20260502','organization','org_s09_salon_20430b3075f0ce23','seed_source_osm_salons_ng_20260502','ingested');
INSERT OR IGNORE INTO seed_entity_sources (id,seed_run_id,entity_type,entity_id,source_id,confidence_tier) VALUES ('es_s09_salon_20430b3075f0ce23','seed_run_s09_osm_salons_20260502','organization','org_s09_salon_20430b3075f0ce23','seed_source_osm_salons_ng_20260502','seeded');
INSERT OR IGNORE INTO seed_enrichment (id,seed_run_id,entity_type,entity_id,enrichment_type,enrichment_json) VALUES ('enr_s09_salon_20430b3075f0ce23','seed_run_s09_osm_salons_20260502','organization','org_s09_salon_20430b3075f0ce23','licence_data','{"osm_id": "5942752956", "amenity": "hairdresser", "addr_state": null, "denomination": null, "operator": null}');

INSERT OR IGNORE INTO organizations (id,tenant_id,organization_type,legal_name,display_name,registration_number,status,verification_state,created_at,updated_at) VALUES ('org_s09_salon_9f621dd6a5a3321d','tenant_platform_seed','beauty_salon','Hassana Moussa','Hassana Moussa',NULL,'active','seeded',unixepoch(),unixepoch());
INSERT OR IGNORE INTO profiles (id,subject_id,subject_type,primary_place_id,tenant_id,workspace_id,display_name,created_at,updated_at) VALUES ('prof_s09_salon_9f621dd6a5a3321d','org_s09_salon_9f621dd6a5a3321d','organization','place_nigeria_001','tenant_platform_seed','workspace_platform_seed_discovery','Hassana Moussa',unixepoch(),unixepoch());
INSERT OR IGNORE INTO search_entries (id,profile_id,display_name,keywords,ancestry_path,vertical,created_at,updated_at) VALUES ('se_s09_salon_9f621dd6a5a3321d','prof_s09_salon_9f621dd6a5a3321d','Hassana Moussa','hassana moussa salon barber hair beauty nigeria','place_nigeria_001','beauty_salon',unixepoch(),unixepoch());
INSERT OR IGNORE INTO seed_ingestion_records (id,seed_run_id,entity_type,entity_id,source_id,status) VALUES ('ir_s09_salon_9f621dd6a5a3321d','seed_run_s09_osm_salons_20260502','organization','org_s09_salon_9f621dd6a5a3321d','seed_source_osm_salons_ng_20260502','ingested');
INSERT OR IGNORE INTO seed_entity_sources (id,seed_run_id,entity_type,entity_id,source_id,confidence_tier) VALUES ('es_s09_salon_9f621dd6a5a3321d','seed_run_s09_osm_salons_20260502','organization','org_s09_salon_9f621dd6a5a3321d','seed_source_osm_salons_ng_20260502','seeded');
INSERT OR IGNORE INTO seed_enrichment (id,seed_run_id,entity_type,entity_id,enrichment_type,enrichment_json) VALUES ('enr_s09_salon_9f621dd6a5a3321d','seed_run_s09_osm_salons_20260502','organization','org_s09_salon_9f621dd6a5a3321d','licence_data','{"osm_id": "5942752957", "amenity": "hairdresser", "addr_state": null, "denomination": null, "operator": null}');

INSERT OR IGNORE INTO organizations (id,tenant_id,organization_type,legal_name,display_name,registration_number,status,verification_state,created_at,updated_at) VALUES ('org_s09_salon_519cf89a5f82e98e','tenant_platform_seed','beauty_salon','Djafarou Sadjo','Djafarou Sadjo',NULL,'active','seeded',unixepoch(),unixepoch());
INSERT OR IGNORE INTO profiles (id,subject_id,subject_type,primary_place_id,tenant_id,workspace_id,display_name,created_at,updated_at) VALUES ('prof_s09_salon_519cf89a5f82e98e','org_s09_salon_519cf89a5f82e98e','organization','place_nigeria_001','tenant_platform_seed','workspace_platform_seed_discovery','Djafarou Sadjo',unixepoch(),unixepoch());
INSERT OR IGNORE INTO search_entries (id,profile_id,display_name,keywords,ancestry_path,vertical,created_at,updated_at) VALUES ('se_s09_salon_519cf89a5f82e98e','prof_s09_salon_519cf89a5f82e98e','Djafarou Sadjo','djafarou sadjo salon barber hair beauty nigeria','place_nigeria_001','beauty_salon',unixepoch(),unixepoch());
INSERT OR IGNORE INTO seed_ingestion_records (id,seed_run_id,entity_type,entity_id,source_id,status) VALUES ('ir_s09_salon_519cf89a5f82e98e','seed_run_s09_osm_salons_20260502','organization','org_s09_salon_519cf89a5f82e98e','seed_source_osm_salons_ng_20260502','ingested');
INSERT OR IGNORE INTO seed_entity_sources (id,seed_run_id,entity_type,entity_id,source_id,confidence_tier) VALUES ('es_s09_salon_519cf89a5f82e98e','seed_run_s09_osm_salons_20260502','organization','org_s09_salon_519cf89a5f82e98e','seed_source_osm_salons_ng_20260502','seeded');
INSERT OR IGNORE INTO seed_enrichment (id,seed_run_id,entity_type,entity_id,enrichment_type,enrichment_json) VALUES ('enr_s09_salon_519cf89a5f82e98e','seed_run_s09_osm_salons_20260502','organization','org_s09_salon_519cf89a5f82e98e','licence_data','{"osm_id": "5942752958", "amenity": "hairdresser", "addr_state": null, "denomination": null, "operator": null}');

INSERT OR IGNORE INTO organizations (id,tenant_id,organization_type,legal_name,display_name,registration_number,status,verification_state,created_at,updated_at) VALUES ('org_s09_salon_18dc184e90c67bf2','tenant_platform_seed','beauty_salon','Baba','Baba',NULL,'active','seeded',unixepoch(),unixepoch());
INSERT OR IGNORE INTO profiles (id,subject_id,subject_type,primary_place_id,tenant_id,workspace_id,display_name,created_at,updated_at) VALUES ('prof_s09_salon_18dc184e90c67bf2','org_s09_salon_18dc184e90c67bf2','organization','place_nigeria_001','tenant_platform_seed','workspace_platform_seed_discovery','Baba',unixepoch(),unixepoch());
INSERT OR IGNORE INTO search_entries (id,profile_id,display_name,keywords,ancestry_path,vertical,created_at,updated_at) VALUES ('se_s09_salon_18dc184e90c67bf2','prof_s09_salon_18dc184e90c67bf2','Baba','baba salon barber hair beauty nigeria','place_nigeria_001','beauty_salon',unixepoch(),unixepoch());
INSERT OR IGNORE INTO seed_ingestion_records (id,seed_run_id,entity_type,entity_id,source_id,status) VALUES ('ir_s09_salon_18dc184e90c67bf2','seed_run_s09_osm_salons_20260502','organization','org_s09_salon_18dc184e90c67bf2','seed_source_osm_salons_ng_20260502','ingested');
INSERT OR IGNORE INTO seed_entity_sources (id,seed_run_id,entity_type,entity_id,source_id,confidence_tier) VALUES ('es_s09_salon_18dc184e90c67bf2','seed_run_s09_osm_salons_20260502','organization','org_s09_salon_18dc184e90c67bf2','seed_source_osm_salons_ng_20260502','seeded');
INSERT OR IGNORE INTO seed_enrichment (id,seed_run_id,entity_type,entity_id,enrichment_type,enrichment_json) VALUES ('enr_s09_salon_18dc184e90c67bf2','seed_run_s09_osm_salons_20260502','organization','org_s09_salon_18dc184e90c67bf2','licence_data','{"osm_id": "5942752959", "amenity": "hairdresser", "addr_state": null, "denomination": null, "operator": null}');

INSERT OR IGNORE INTO organizations (id,tenant_id,organization_type,legal_name,display_name,registration_number,status,verification_state,created_at,updated_at) VALUES ('org_s09_salon_8c59842112817076','tenant_platform_seed','beauty_salon','Kodji','Kodji',NULL,'active','seeded',unixepoch(),unixepoch());
INSERT OR IGNORE INTO profiles (id,subject_id,subject_type,primary_place_id,tenant_id,workspace_id,display_name,created_at,updated_at) VALUES ('prof_s09_salon_8c59842112817076','org_s09_salon_8c59842112817076','organization','place_nigeria_001','tenant_platform_seed','workspace_platform_seed_discovery','Kodji',unixepoch(),unixepoch());
INSERT OR IGNORE INTO search_entries (id,profile_id,display_name,keywords,ancestry_path,vertical,created_at,updated_at) VALUES ('se_s09_salon_8c59842112817076','prof_s09_salon_8c59842112817076','Kodji','kodji salon barber hair beauty nigeria','place_nigeria_001','beauty_salon',unixepoch(),unixepoch());
INSERT OR IGNORE INTO seed_ingestion_records (id,seed_run_id,entity_type,entity_id,source_id,status) VALUES ('ir_s09_salon_8c59842112817076','seed_run_s09_osm_salons_20260502','organization','org_s09_salon_8c59842112817076','seed_source_osm_salons_ng_20260502','ingested');
INSERT OR IGNORE INTO seed_entity_sources (id,seed_run_id,entity_type,entity_id,source_id,confidence_tier) VALUES ('es_s09_salon_8c59842112817076','seed_run_s09_osm_salons_20260502','organization','org_s09_salon_8c59842112817076','seed_source_osm_salons_ng_20260502','seeded');
INSERT OR IGNORE INTO seed_enrichment (id,seed_run_id,entity_type,entity_id,enrichment_type,enrichment_json) VALUES ('enr_s09_salon_8c59842112817076','seed_run_s09_osm_salons_20260502','organization','org_s09_salon_8c59842112817076','licence_data','{"osm_id": "5942752964", "amenity": "hairdresser", "addr_state": null, "denomination": null, "operator": null}');

INSERT OR IGNORE INTO organizations (id,tenant_id,organization_type,legal_name,display_name,registration_number,status,verification_state,created_at,updated_at) VALUES ('org_s09_salon_e0feca8eb9a7439a','tenant_platform_seed','beauty_salon','Nouhou','Nouhou',NULL,'active','seeded',unixepoch(),unixepoch());
INSERT OR IGNORE INTO profiles (id,subject_id,subject_type,primary_place_id,tenant_id,workspace_id,display_name,created_at,updated_at) VALUES ('prof_s09_salon_e0feca8eb9a7439a','org_s09_salon_e0feca8eb9a7439a','organization','place_nigeria_001','tenant_platform_seed','workspace_platform_seed_discovery','Nouhou',unixepoch(),unixepoch());
INSERT OR IGNORE INTO search_entries (id,profile_id,display_name,keywords,ancestry_path,vertical,created_at,updated_at) VALUES ('se_s09_salon_e0feca8eb9a7439a','prof_s09_salon_e0feca8eb9a7439a','Nouhou','nouhou salon barber hair beauty nigeria','place_nigeria_001','beauty_salon',unixepoch(),unixepoch());
INSERT OR IGNORE INTO seed_ingestion_records (id,seed_run_id,entity_type,entity_id,source_id,status) VALUES ('ir_s09_salon_e0feca8eb9a7439a','seed_run_s09_osm_salons_20260502','organization','org_s09_salon_e0feca8eb9a7439a','seed_source_osm_salons_ng_20260502','ingested');
INSERT OR IGNORE INTO seed_entity_sources (id,seed_run_id,entity_type,entity_id,source_id,confidence_tier) VALUES ('es_s09_salon_e0feca8eb9a7439a','seed_run_s09_osm_salons_20260502','organization','org_s09_salon_e0feca8eb9a7439a','seed_source_osm_salons_ng_20260502','seeded');
INSERT OR IGNORE INTO seed_enrichment (id,seed_run_id,entity_type,entity_id,enrichment_type,enrichment_json) VALUES ('enr_s09_salon_e0feca8eb9a7439a','seed_run_s09_osm_salons_20260502','organization','org_s09_salon_e0feca8eb9a7439a','licence_data','{"osm_id": "5942752965", "amenity": "hairdresser", "addr_state": null, "denomination": null, "operator": null}');

INSERT OR IGNORE INTO organizations (id,tenant_id,organization_type,legal_name,display_name,registration_number,status,verification_state,created_at,updated_at) VALUES ('org_s09_salon_05a8b7c97ced9294','tenant_platform_seed','beauty_salon','Ahmadou','Ahmadou',NULL,'active','seeded',unixepoch(),unixepoch());
INSERT OR IGNORE INTO profiles (id,subject_id,subject_type,primary_place_id,tenant_id,workspace_id,display_name,created_at,updated_at) VALUES ('prof_s09_salon_05a8b7c97ced9294','org_s09_salon_05a8b7c97ced9294','organization','place_nigeria_001','tenant_platform_seed','workspace_platform_seed_discovery','Ahmadou',unixepoch(),unixepoch());
INSERT OR IGNORE INTO search_entries (id,profile_id,display_name,keywords,ancestry_path,vertical,created_at,updated_at) VALUES ('se_s09_salon_05a8b7c97ced9294','prof_s09_salon_05a8b7c97ced9294','Ahmadou','ahmadou salon barber hair beauty nigeria','place_nigeria_001','beauty_salon',unixepoch(),unixepoch());
INSERT OR IGNORE INTO seed_ingestion_records (id,seed_run_id,entity_type,entity_id,source_id,status) VALUES ('ir_s09_salon_05a8b7c97ced9294','seed_run_s09_osm_salons_20260502','organization','org_s09_salon_05a8b7c97ced9294','seed_source_osm_salons_ng_20260502','ingested');
INSERT OR IGNORE INTO seed_entity_sources (id,seed_run_id,entity_type,entity_id,source_id,confidence_tier) VALUES ('es_s09_salon_05a8b7c97ced9294','seed_run_s09_osm_salons_20260502','organization','org_s09_salon_05a8b7c97ced9294','seed_source_osm_salons_ng_20260502','seeded');
INSERT OR IGNORE INTO seed_enrichment (id,seed_run_id,entity_type,entity_id,enrichment_type,enrichment_json) VALUES ('enr_s09_salon_05a8b7c97ced9294','seed_run_s09_osm_salons_20260502','organization','org_s09_salon_05a8b7c97ced9294','licence_data','{"osm_id": "5942752966", "amenity": "hairdresser", "addr_state": null, "denomination": null, "operator": null}');

INSERT OR IGNORE INTO organizations (id,tenant_id,organization_type,legal_name,display_name,registration_number,status,verification_state,created_at,updated_at) VALUES ('org_s09_salon_3905b3f0baea0bcc','tenant_platform_seed','beauty_salon','Murielle','Murielle',NULL,'active','seeded',unixepoch(),unixepoch());
INSERT OR IGNORE INTO profiles (id,subject_id,subject_type,primary_place_id,tenant_id,workspace_id,display_name,created_at,updated_at) VALUES ('prof_s09_salon_3905b3f0baea0bcc','org_s09_salon_3905b3f0baea0bcc','organization','place_nigeria_001','tenant_platform_seed','workspace_platform_seed_discovery','Murielle',unixepoch(),unixepoch());
INSERT OR IGNORE INTO search_entries (id,profile_id,display_name,keywords,ancestry_path,vertical,created_at,updated_at) VALUES ('se_s09_salon_3905b3f0baea0bcc','prof_s09_salon_3905b3f0baea0bcc','Murielle','murielle salon barber hair beauty nigeria','place_nigeria_001','beauty_salon',unixepoch(),unixepoch());
INSERT OR IGNORE INTO seed_ingestion_records (id,seed_run_id,entity_type,entity_id,source_id,status) VALUES ('ir_s09_salon_3905b3f0baea0bcc','seed_run_s09_osm_salons_20260502','organization','org_s09_salon_3905b3f0baea0bcc','seed_source_osm_salons_ng_20260502','ingested');
INSERT OR IGNORE INTO seed_entity_sources (id,seed_run_id,entity_type,entity_id,source_id,confidence_tier) VALUES ('es_s09_salon_3905b3f0baea0bcc','seed_run_s09_osm_salons_20260502','organization','org_s09_salon_3905b3f0baea0bcc','seed_source_osm_salons_ng_20260502','seeded');
INSERT OR IGNORE INTO seed_enrichment (id,seed_run_id,entity_type,entity_id,enrichment_type,enrichment_json) VALUES ('enr_s09_salon_3905b3f0baea0bcc','seed_run_s09_osm_salons_20260502','organization','org_s09_salon_3905b3f0baea0bcc','licence_data','{"osm_id": "5942752967", "amenity": "hairdresser", "addr_state": null, "denomination": null, "operator": null}');

INSERT OR IGNORE INTO organizations (id,tenant_id,organization_type,legal_name,display_name,registration_number,status,verification_state,created_at,updated_at) VALUES ('org_s09_salon_539d7e7184a6d3a0','tenant_platform_seed','beauty_salon','Monique','Monique',NULL,'active','seeded',unixepoch(),unixepoch());
INSERT OR IGNORE INTO profiles (id,subject_id,subject_type,primary_place_id,tenant_id,workspace_id,display_name,created_at,updated_at) VALUES ('prof_s09_salon_539d7e7184a6d3a0','org_s09_salon_539d7e7184a6d3a0','organization','place_nigeria_001','tenant_platform_seed','workspace_platform_seed_discovery','Monique',unixepoch(),unixepoch());
INSERT OR IGNORE INTO search_entries (id,profile_id,display_name,keywords,ancestry_path,vertical,created_at,updated_at) VALUES ('se_s09_salon_539d7e7184a6d3a0','prof_s09_salon_539d7e7184a6d3a0','Monique','monique salon barber hair beauty nigeria','place_nigeria_001','beauty_salon',unixepoch(),unixepoch());
INSERT OR IGNORE INTO seed_ingestion_records (id,seed_run_id,entity_type,entity_id,source_id,status) VALUES ('ir_s09_salon_539d7e7184a6d3a0','seed_run_s09_osm_salons_20260502','organization','org_s09_salon_539d7e7184a6d3a0','seed_source_osm_salons_ng_20260502','ingested');
INSERT OR IGNORE INTO seed_entity_sources (id,seed_run_id,entity_type,entity_id,source_id,confidence_tier) VALUES ('es_s09_salon_539d7e7184a6d3a0','seed_run_s09_osm_salons_20260502','organization','org_s09_salon_539d7e7184a6d3a0','seed_source_osm_salons_ng_20260502','seeded');
INSERT OR IGNORE INTO seed_enrichment (id,seed_run_id,entity_type,entity_id,enrichment_type,enrichment_json) VALUES ('enr_s09_salon_539d7e7184a6d3a0','seed_run_s09_osm_salons_20260502','organization','org_s09_salon_539d7e7184a6d3a0','licence_data','{"osm_id": "5942752968", "amenity": "hairdresser", "addr_state": null, "denomination": null, "operator": null}');

INSERT OR IGNORE INTO organizations (id,tenant_id,organization_type,legal_name,display_name,registration_number,status,verification_state,created_at,updated_at) VALUES ('org_s09_salon_163ae9151e0c5c5b','tenant_platform_seed','beauty_salon','Basile','Basile',NULL,'active','seeded',unixepoch(),unixepoch());
INSERT OR IGNORE INTO profiles (id,subject_id,subject_type,primary_place_id,tenant_id,workspace_id,display_name,created_at,updated_at) VALUES ('prof_s09_salon_163ae9151e0c5c5b','org_s09_salon_163ae9151e0c5c5b','organization','place_nigeria_001','tenant_platform_seed','workspace_platform_seed_discovery','Basile',unixepoch(),unixepoch());
INSERT OR IGNORE INTO search_entries (id,profile_id,display_name,keywords,ancestry_path,vertical,created_at,updated_at) VALUES ('se_s09_salon_163ae9151e0c5c5b','prof_s09_salon_163ae9151e0c5c5b','Basile','basile salon barber hair beauty nigeria','place_nigeria_001','beauty_salon',unixepoch(),unixepoch());
INSERT OR IGNORE INTO seed_ingestion_records (id,seed_run_id,entity_type,entity_id,source_id,status) VALUES ('ir_s09_salon_163ae9151e0c5c5b','seed_run_s09_osm_salons_20260502','organization','org_s09_salon_163ae9151e0c5c5b','seed_source_osm_salons_ng_20260502','ingested');
INSERT OR IGNORE INTO seed_entity_sources (id,seed_run_id,entity_type,entity_id,source_id,confidence_tier) VALUES ('es_s09_salon_163ae9151e0c5c5b','seed_run_s09_osm_salons_20260502','organization','org_s09_salon_163ae9151e0c5c5b','seed_source_osm_salons_ng_20260502','seeded');
INSERT OR IGNORE INTO seed_enrichment (id,seed_run_id,entity_type,entity_id,enrichment_type,enrichment_json) VALUES ('enr_s09_salon_163ae9151e0c5c5b','seed_run_s09_osm_salons_20260502','organization','org_s09_salon_163ae9151e0c5c5b','licence_data','{"osm_id": "5942752969", "amenity": "hairdresser", "addr_state": null, "denomination": null, "operator": null}');

INSERT OR IGNORE INTO organizations (id,tenant_id,organization_type,legal_name,display_name,registration_number,status,verification_state,created_at,updated_at) VALUES ('org_s09_salon_bb8846dbf762c3ef','tenant_platform_seed','beauty_salon','Sandra','Sandra',NULL,'active','seeded',unixepoch(),unixepoch());
INSERT OR IGNORE INTO profiles (id,subject_id,subject_type,primary_place_id,tenant_id,workspace_id,display_name,created_at,updated_at) VALUES ('prof_s09_salon_bb8846dbf762c3ef','org_s09_salon_bb8846dbf762c3ef','organization','place_nigeria_001','tenant_platform_seed','workspace_platform_seed_discovery','Sandra',unixepoch(),unixepoch());
INSERT OR IGNORE INTO search_entries (id,profile_id,display_name,keywords,ancestry_path,vertical,created_at,updated_at) VALUES ('se_s09_salon_bb8846dbf762c3ef','prof_s09_salon_bb8846dbf762c3ef','Sandra','sandra salon barber hair beauty nigeria','place_nigeria_001','beauty_salon',unixepoch(),unixepoch());
INSERT OR IGNORE INTO seed_ingestion_records (id,seed_run_id,entity_type,entity_id,source_id,status) VALUES ('ir_s09_salon_bb8846dbf762c3ef','seed_run_s09_osm_salons_20260502','organization','org_s09_salon_bb8846dbf762c3ef','seed_source_osm_salons_ng_20260502','ingested');
INSERT OR IGNORE INTO seed_entity_sources (id,seed_run_id,entity_type,entity_id,source_id,confidence_tier) VALUES ('es_s09_salon_bb8846dbf762c3ef','seed_run_s09_osm_salons_20260502','organization','org_s09_salon_bb8846dbf762c3ef','seed_source_osm_salons_ng_20260502','seeded');
INSERT OR IGNORE INTO seed_enrichment (id,seed_run_id,entity_type,entity_id,enrichment_type,enrichment_json) VALUES ('enr_s09_salon_bb8846dbf762c3ef','seed_run_s09_osm_salons_20260502','organization','org_s09_salon_bb8846dbf762c3ef','licence_data','{"osm_id": "5942752970", "amenity": "hairdresser", "addr_state": null, "denomination": null, "operator": null}');

INSERT OR IGNORE INTO organizations (id,tenant_id,organization_type,legal_name,display_name,registration_number,status,verification_state,created_at,updated_at) VALUES ('org_s09_salon_be9a165cbabee333','tenant_platform_seed','beauty_salon','Garga','Garga',NULL,'active','seeded',unixepoch(),unixepoch());
INSERT OR IGNORE INTO profiles (id,subject_id,subject_type,primary_place_id,tenant_id,workspace_id,display_name,created_at,updated_at) VALUES ('prof_s09_salon_be9a165cbabee333','org_s09_salon_be9a165cbabee333','organization','place_nigeria_001','tenant_platform_seed','workspace_platform_seed_discovery','Garga',unixepoch(),unixepoch());
INSERT OR IGNORE INTO search_entries (id,profile_id,display_name,keywords,ancestry_path,vertical,created_at,updated_at) VALUES ('se_s09_salon_be9a165cbabee333','prof_s09_salon_be9a165cbabee333','Garga','garga salon barber hair beauty nigeria','place_nigeria_001','beauty_salon',unixepoch(),unixepoch());
INSERT OR IGNORE INTO seed_ingestion_records (id,seed_run_id,entity_type,entity_id,source_id,status) VALUES ('ir_s09_salon_be9a165cbabee333','seed_run_s09_osm_salons_20260502','organization','org_s09_salon_be9a165cbabee333','seed_source_osm_salons_ng_20260502','ingested');
INSERT OR IGNORE INTO seed_entity_sources (id,seed_run_id,entity_type,entity_id,source_id,confidence_tier) VALUES ('es_s09_salon_be9a165cbabee333','seed_run_s09_osm_salons_20260502','organization','org_s09_salon_be9a165cbabee333','seed_source_osm_salons_ng_20260502','seeded');
INSERT OR IGNORE INTO seed_enrichment (id,seed_run_id,entity_type,entity_id,enrichment_type,enrichment_json) VALUES ('enr_s09_salon_be9a165cbabee333','seed_run_s09_osm_salons_20260502','organization','org_s09_salon_be9a165cbabee333','licence_data','{"osm_id": "5942752971", "amenity": "hairdresser", "addr_state": null, "denomination": null, "operator": null}');

INSERT OR IGNORE INTO organizations (id,tenant_id,organization_type,legal_name,display_name,registration_number,status,verification_state,created_at,updated_at) VALUES ('org_s09_salon_0c0d3df15b6648b8','tenant_platform_seed','beauty_salon','Yaouba','Yaouba',NULL,'active','seeded',unixepoch(),unixepoch());
INSERT OR IGNORE INTO profiles (id,subject_id,subject_type,primary_place_id,tenant_id,workspace_id,display_name,created_at,updated_at) VALUES ('prof_s09_salon_0c0d3df15b6648b8','org_s09_salon_0c0d3df15b6648b8','organization','place_nigeria_001','tenant_platform_seed','workspace_platform_seed_discovery','Yaouba',unixepoch(),unixepoch());
INSERT OR IGNORE INTO search_entries (id,profile_id,display_name,keywords,ancestry_path,vertical,created_at,updated_at) VALUES ('se_s09_salon_0c0d3df15b6648b8','prof_s09_salon_0c0d3df15b6648b8','Yaouba','yaouba salon barber hair beauty nigeria','place_nigeria_001','beauty_salon',unixepoch(),unixepoch());
INSERT OR IGNORE INTO seed_ingestion_records (id,seed_run_id,entity_type,entity_id,source_id,status) VALUES ('ir_s09_salon_0c0d3df15b6648b8','seed_run_s09_osm_salons_20260502','organization','org_s09_salon_0c0d3df15b6648b8','seed_source_osm_salons_ng_20260502','ingested');
INSERT OR IGNORE INTO seed_entity_sources (id,seed_run_id,entity_type,entity_id,source_id,confidence_tier) VALUES ('es_s09_salon_0c0d3df15b6648b8','seed_run_s09_osm_salons_20260502','organization','org_s09_salon_0c0d3df15b6648b8','seed_source_osm_salons_ng_20260502','seeded');
INSERT OR IGNORE INTO seed_enrichment (id,seed_run_id,entity_type,entity_id,enrichment_type,enrichment_json) VALUES ('enr_s09_salon_0c0d3df15b6648b8','seed_run_s09_osm_salons_20260502','organization','org_s09_salon_0c0d3df15b6648b8','licence_data','{"osm_id": "5942752972", "amenity": "hairdresser", "addr_state": null, "denomination": null, "operator": null}');

INSERT OR IGNORE INTO organizations (id,tenant_id,organization_type,legal_name,display_name,registration_number,status,verification_state,created_at,updated_at) VALUES ('org_s09_salon_64d321f4c15fb398','tenant_platform_seed','beauty_salon','Ibrahima','Ibrahima',NULL,'active','seeded',unixepoch(),unixepoch());
INSERT OR IGNORE INTO profiles (id,subject_id,subject_type,primary_place_id,tenant_id,workspace_id,display_name,created_at,updated_at) VALUES ('prof_s09_salon_64d321f4c15fb398','org_s09_salon_64d321f4c15fb398','organization','place_nigeria_001','tenant_platform_seed','workspace_platform_seed_discovery','Ibrahima',unixepoch(),unixepoch());
INSERT OR IGNORE INTO search_entries (id,profile_id,display_name,keywords,ancestry_path,vertical,created_at,updated_at) VALUES ('se_s09_salon_64d321f4c15fb398','prof_s09_salon_64d321f4c15fb398','Ibrahima','ibrahima salon barber hair beauty nigeria','place_nigeria_001','beauty_salon',unixepoch(),unixepoch());
INSERT OR IGNORE INTO seed_ingestion_records (id,seed_run_id,entity_type,entity_id,source_id,status) VALUES ('ir_s09_salon_64d321f4c15fb398','seed_run_s09_osm_salons_20260502','organization','org_s09_salon_64d321f4c15fb398','seed_source_osm_salons_ng_20260502','ingested');
INSERT OR IGNORE INTO seed_entity_sources (id,seed_run_id,entity_type,entity_id,source_id,confidence_tier) VALUES ('es_s09_salon_64d321f4c15fb398','seed_run_s09_osm_salons_20260502','organization','org_s09_salon_64d321f4c15fb398','seed_source_osm_salons_ng_20260502','seeded');
INSERT OR IGNORE INTO seed_enrichment (id,seed_run_id,entity_type,entity_id,enrichment_type,enrichment_json) VALUES ('enr_s09_salon_64d321f4c15fb398','seed_run_s09_osm_salons_20260502','organization','org_s09_salon_64d321f4c15fb398','licence_data','{"osm_id": "5942752973", "amenity": "hairdresser", "addr_state": null, "denomination": null, "operator": null}');

INSERT OR IGNORE INTO organizations (id,tenant_id,organization_type,legal_name,display_name,registration_number,status,verification_state,created_at,updated_at) VALUES ('org_s09_salon_35909594baf3e96a','tenant_platform_seed','beauty_salon','Ibrahima Baba','Ibrahima Baba',NULL,'active','seeded',unixepoch(),unixepoch());
INSERT OR IGNORE INTO profiles (id,subject_id,subject_type,primary_place_id,tenant_id,workspace_id,display_name,created_at,updated_at) VALUES ('prof_s09_salon_35909594baf3e96a','org_s09_salon_35909594baf3e96a','organization','place_nigeria_001','tenant_platform_seed','workspace_platform_seed_discovery','Ibrahima Baba',unixepoch(),unixepoch());
INSERT OR IGNORE INTO search_entries (id,profile_id,display_name,keywords,ancestry_path,vertical,created_at,updated_at) VALUES ('se_s09_salon_35909594baf3e96a','prof_s09_salon_35909594baf3e96a','Ibrahima Baba','ibrahima baba salon barber hair beauty nigeria','place_nigeria_001','beauty_salon',unixepoch(),unixepoch());
INSERT OR IGNORE INTO seed_ingestion_records (id,seed_run_id,entity_type,entity_id,source_id,status) VALUES ('ir_s09_salon_35909594baf3e96a','seed_run_s09_osm_salons_20260502','organization','org_s09_salon_35909594baf3e96a','seed_source_osm_salons_ng_20260502','ingested');
INSERT OR IGNORE INTO seed_entity_sources (id,seed_run_id,entity_type,entity_id,source_id,confidence_tier) VALUES ('es_s09_salon_35909594baf3e96a','seed_run_s09_osm_salons_20260502','organization','org_s09_salon_35909594baf3e96a','seed_source_osm_salons_ng_20260502','seeded');
INSERT OR IGNORE INTO seed_enrichment (id,seed_run_id,entity_type,entity_id,enrichment_type,enrichment_json) VALUES ('enr_s09_salon_35909594baf3e96a','seed_run_s09_osm_salons_20260502','organization','org_s09_salon_35909594baf3e96a','licence_data','{"osm_id": "5942752974", "amenity": "hairdresser", "addr_state": null, "denomination": null, "operator": null}');

INSERT OR IGNORE INTO organizations (id,tenant_id,organization_type,legal_name,display_name,registration_number,status,verification_state,created_at,updated_at) VALUES ('org_s09_salon_512ab42e1781d959','tenant_platform_seed','beauty_salon','Ousseini','Ousseini',NULL,'active','seeded',unixepoch(),unixepoch());
INSERT OR IGNORE INTO profiles (id,subject_id,subject_type,primary_place_id,tenant_id,workspace_id,display_name,created_at,updated_at) VALUES ('prof_s09_salon_512ab42e1781d959','org_s09_salon_512ab42e1781d959','organization','place_nigeria_001','tenant_platform_seed','workspace_platform_seed_discovery','Ousseini',unixepoch(),unixepoch());
INSERT OR IGNORE INTO search_entries (id,profile_id,display_name,keywords,ancestry_path,vertical,created_at,updated_at) VALUES ('se_s09_salon_512ab42e1781d959','prof_s09_salon_512ab42e1781d959','Ousseini','ousseini salon barber hair beauty nigeria','place_nigeria_001','beauty_salon',unixepoch(),unixepoch());
INSERT OR IGNORE INTO seed_ingestion_records (id,seed_run_id,entity_type,entity_id,source_id,status) VALUES ('ir_s09_salon_512ab42e1781d959','seed_run_s09_osm_salons_20260502','organization','org_s09_salon_512ab42e1781d959','seed_source_osm_salons_ng_20260502','ingested');
INSERT OR IGNORE INTO seed_entity_sources (id,seed_run_id,entity_type,entity_id,source_id,confidence_tier) VALUES ('es_s09_salon_512ab42e1781d959','seed_run_s09_osm_salons_20260502','organization','org_s09_salon_512ab42e1781d959','seed_source_osm_salons_ng_20260502','seeded');
INSERT OR IGNORE INTO seed_enrichment (id,seed_run_id,entity_type,entity_id,enrichment_type,enrichment_json) VALUES ('enr_s09_salon_512ab42e1781d959','seed_run_s09_osm_salons_20260502','organization','org_s09_salon_512ab42e1781d959','licence_data','{"osm_id": "5942752975", "amenity": "hairdresser", "addr_state": null, "denomination": null, "operator": null}');

INSERT OR IGNORE INTO organizations (id,tenant_id,organization_type,legal_name,display_name,registration_number,status,verification_state,created_at,updated_at) VALUES ('org_s09_salon_4239932eb023ad46','tenant_platform_seed','beauty_salon','Eric','Eric',NULL,'active','seeded',unixepoch(),unixepoch());
INSERT OR IGNORE INTO profiles (id,subject_id,subject_type,primary_place_id,tenant_id,workspace_id,display_name,created_at,updated_at) VALUES ('prof_s09_salon_4239932eb023ad46','org_s09_salon_4239932eb023ad46','organization','place_nigeria_001','tenant_platform_seed','workspace_platform_seed_discovery','Eric',unixepoch(),unixepoch());
INSERT OR IGNORE INTO search_entries (id,profile_id,display_name,keywords,ancestry_path,vertical,created_at,updated_at) VALUES ('se_s09_salon_4239932eb023ad46','prof_s09_salon_4239932eb023ad46','Eric','eric salon barber hair beauty nigeria','place_nigeria_001','beauty_salon',unixepoch(),unixepoch());
INSERT OR IGNORE INTO seed_ingestion_records (id,seed_run_id,entity_type,entity_id,source_id,status) VALUES ('ir_s09_salon_4239932eb023ad46','seed_run_s09_osm_salons_20260502','organization','org_s09_salon_4239932eb023ad46','seed_source_osm_salons_ng_20260502','ingested');
INSERT OR IGNORE INTO seed_entity_sources (id,seed_run_id,entity_type,entity_id,source_id,confidence_tier) VALUES ('es_s09_salon_4239932eb023ad46','seed_run_s09_osm_salons_20260502','organization','org_s09_salon_4239932eb023ad46','seed_source_osm_salons_ng_20260502','seeded');
INSERT OR IGNORE INTO seed_enrichment (id,seed_run_id,entity_type,entity_id,enrichment_type,enrichment_json) VALUES ('enr_s09_salon_4239932eb023ad46','seed_run_s09_osm_salons_20260502','organization','org_s09_salon_4239932eb023ad46','licence_data','{"osm_id": "5942752978", "amenity": "hairdresser", "addr_state": null, "denomination": null, "operator": null}');

INSERT OR IGNORE INTO organizations (id,tenant_id,organization_type,legal_name,display_name,registration_number,status,verification_state,created_at,updated_at) VALUES ('org_s09_salon_f6245671d07dc92b','tenant_platform_seed','beauty_salon','Takougaing','Takougaing',NULL,'active','seeded',unixepoch(),unixepoch());
INSERT OR IGNORE INTO profiles (id,subject_id,subject_type,primary_place_id,tenant_id,workspace_id,display_name,created_at,updated_at) VALUES ('prof_s09_salon_f6245671d07dc92b','org_s09_salon_f6245671d07dc92b','organization','place_nigeria_001','tenant_platform_seed','workspace_platform_seed_discovery','Takougaing',unixepoch(),unixepoch());
INSERT OR IGNORE INTO search_entries (id,profile_id,display_name,keywords,ancestry_path,vertical,created_at,updated_at) VALUES ('se_s09_salon_f6245671d07dc92b','prof_s09_salon_f6245671d07dc92b','Takougaing','takougaing salon barber hair beauty nigeria','place_nigeria_001','beauty_salon',unixepoch(),unixepoch());
INSERT OR IGNORE INTO seed_ingestion_records (id,seed_run_id,entity_type,entity_id,source_id,status) VALUES ('ir_s09_salon_f6245671d07dc92b','seed_run_s09_osm_salons_20260502','organization','org_s09_salon_f6245671d07dc92b','seed_source_osm_salons_ng_20260502','ingested');
INSERT OR IGNORE INTO seed_entity_sources (id,seed_run_id,entity_type,entity_id,source_id,confidence_tier) VALUES ('es_s09_salon_f6245671d07dc92b','seed_run_s09_osm_salons_20260502','organization','org_s09_salon_f6245671d07dc92b','seed_source_osm_salons_ng_20260502','seeded');
INSERT OR IGNORE INTO seed_enrichment (id,seed_run_id,entity_type,entity_id,enrichment_type,enrichment_json) VALUES ('enr_s09_salon_f6245671d07dc92b','seed_run_s09_osm_salons_20260502','organization','org_s09_salon_f6245671d07dc92b','licence_data','{"osm_id": "5942752980", "amenity": "hairdresser", "addr_state": null, "denomination": null, "operator": null}');

INSERT OR IGNORE INTO organizations (id,tenant_id,organization_type,legal_name,display_name,registration_number,status,verification_state,created_at,updated_at) VALUES ('org_s09_salon_2caed88c73e97586','tenant_platform_seed','beauty_salon','Ruth','Ruth',NULL,'active','seeded',unixepoch(),unixepoch());
INSERT OR IGNORE INTO profiles (id,subject_id,subject_type,primary_place_id,tenant_id,workspace_id,display_name,created_at,updated_at) VALUES ('prof_s09_salon_2caed88c73e97586','org_s09_salon_2caed88c73e97586','organization','place_nigeria_001','tenant_platform_seed','workspace_platform_seed_discovery','Ruth',unixepoch(),unixepoch());
INSERT OR IGNORE INTO search_entries (id,profile_id,display_name,keywords,ancestry_path,vertical,created_at,updated_at) VALUES ('se_s09_salon_2caed88c73e97586','prof_s09_salon_2caed88c73e97586','Ruth','ruth salon barber hair beauty nigeria','place_nigeria_001','beauty_salon',unixepoch(),unixepoch());
INSERT OR IGNORE INTO seed_ingestion_records (id,seed_run_id,entity_type,entity_id,source_id,status) VALUES ('ir_s09_salon_2caed88c73e97586','seed_run_s09_osm_salons_20260502','organization','org_s09_salon_2caed88c73e97586','seed_source_osm_salons_ng_20260502','ingested');
INSERT OR IGNORE INTO seed_entity_sources (id,seed_run_id,entity_type,entity_id,source_id,confidence_tier) VALUES ('es_s09_salon_2caed88c73e97586','seed_run_s09_osm_salons_20260502','organization','org_s09_salon_2caed88c73e97586','seed_source_osm_salons_ng_20260502','seeded');
INSERT OR IGNORE INTO seed_enrichment (id,seed_run_id,entity_type,entity_id,enrichment_type,enrichment_json) VALUES ('enr_s09_salon_2caed88c73e97586','seed_run_s09_osm_salons_20260502','organization','org_s09_salon_2caed88c73e97586','licence_data','{"osm_id": "5942752981", "amenity": "hairdresser", "addr_state": null, "denomination": null, "operator": null}');

INSERT OR IGNORE INTO organizations (id,tenant_id,organization_type,legal_name,display_name,registration_number,status,verification_state,created_at,updated_at) VALUES ('org_s09_salon_fb98b5017f5643a4','tenant_platform_seed','beauty_salon','Bilo''o Angone','Bilo''o Angone',NULL,'active','seeded',unixepoch(),unixepoch());
INSERT OR IGNORE INTO profiles (id,subject_id,subject_type,primary_place_id,tenant_id,workspace_id,display_name,created_at,updated_at) VALUES ('prof_s09_salon_fb98b5017f5643a4','org_s09_salon_fb98b5017f5643a4','organization','place_nigeria_001','tenant_platform_seed','workspace_platform_seed_discovery','Bilo''o Angone',unixepoch(),unixepoch());
INSERT OR IGNORE INTO search_entries (id,profile_id,display_name,keywords,ancestry_path,vertical,created_at,updated_at) VALUES ('se_s09_salon_fb98b5017f5643a4','prof_s09_salon_fb98b5017f5643a4','Bilo''o Angone','bilo''o angone salon barber hair beauty nigeria','place_nigeria_001','beauty_salon',unixepoch(),unixepoch());
INSERT OR IGNORE INTO seed_ingestion_records (id,seed_run_id,entity_type,entity_id,source_id,status) VALUES ('ir_s09_salon_fb98b5017f5643a4','seed_run_s09_osm_salons_20260502','organization','org_s09_salon_fb98b5017f5643a4','seed_source_osm_salons_ng_20260502','ingested');
INSERT OR IGNORE INTO seed_entity_sources (id,seed_run_id,entity_type,entity_id,source_id,confidence_tier) VALUES ('es_s09_salon_fb98b5017f5643a4','seed_run_s09_osm_salons_20260502','organization','org_s09_salon_fb98b5017f5643a4','seed_source_osm_salons_ng_20260502','seeded');
INSERT OR IGNORE INTO seed_enrichment (id,seed_run_id,entity_type,entity_id,enrichment_type,enrichment_json) VALUES ('enr_s09_salon_fb98b5017f5643a4','seed_run_s09_osm_salons_20260502','organization','org_s09_salon_fb98b5017f5643a4','licence_data','{"osm_id": "5942752983", "amenity": "hairdresser", "addr_state": null, "denomination": null, "operator": null}');

INSERT OR IGNORE INTO organizations (id,tenant_id,organization_type,legal_name,display_name,registration_number,status,verification_state,created_at,updated_at) VALUES ('org_s09_salon_a51c96346ae71e39','tenant_platform_seed','beauty_salon','Bilo''o Ango''o','Bilo''o Ango''o',NULL,'active','seeded',unixepoch(),unixepoch());
INSERT OR IGNORE INTO profiles (id,subject_id,subject_type,primary_place_id,tenant_id,workspace_id,display_name,created_at,updated_at) VALUES ('prof_s09_salon_a51c96346ae71e39','org_s09_salon_a51c96346ae71e39','organization','place_nigeria_001','tenant_platform_seed','workspace_platform_seed_discovery','Bilo''o Ango''o',unixepoch(),unixepoch());
INSERT OR IGNORE INTO search_entries (id,profile_id,display_name,keywords,ancestry_path,vertical,created_at,updated_at) VALUES ('se_s09_salon_a51c96346ae71e39','prof_s09_salon_a51c96346ae71e39','Bilo''o Ango''o','bilo''o ango''o salon barber hair beauty nigeria','place_nigeria_001','beauty_salon',unixepoch(),unixepoch());
INSERT OR IGNORE INTO seed_ingestion_records (id,seed_run_id,entity_type,entity_id,source_id,status) VALUES ('ir_s09_salon_a51c96346ae71e39','seed_run_s09_osm_salons_20260502','organization','org_s09_salon_a51c96346ae71e39','seed_source_osm_salons_ng_20260502','ingested');
INSERT OR IGNORE INTO seed_entity_sources (id,seed_run_id,entity_type,entity_id,source_id,confidence_tier) VALUES ('es_s09_salon_a51c96346ae71e39','seed_run_s09_osm_salons_20260502','organization','org_s09_salon_a51c96346ae71e39','seed_source_osm_salons_ng_20260502','seeded');
INSERT OR IGNORE INTO seed_enrichment (id,seed_run_id,entity_type,entity_id,enrichment_type,enrichment_json) VALUES ('enr_s09_salon_a51c96346ae71e39','seed_run_s09_osm_salons_20260502','organization','org_s09_salon_a51c96346ae71e39','licence_data','{"osm_id": "5942753385", "amenity": "hairdresser", "addr_state": null, "denomination": null, "operator": null}');

INSERT OR IGNORE INTO organizations (id,tenant_id,organization_type,legal_name,display_name,registration_number,status,verification_state,created_at,updated_at) VALUES ('org_s09_salon_6796dc34d3c939e9','tenant_platform_seed','beauty_salon','Haoua','Haoua',NULL,'active','seeded',unixepoch(),unixepoch());
INSERT OR IGNORE INTO profiles (id,subject_id,subject_type,primary_place_id,tenant_id,workspace_id,display_name,created_at,updated_at) VALUES ('prof_s09_salon_6796dc34d3c939e9','org_s09_salon_6796dc34d3c939e9','organization','place_nigeria_001','tenant_platform_seed','workspace_platform_seed_discovery','Haoua',unixepoch(),unixepoch());
INSERT OR IGNORE INTO search_entries (id,profile_id,display_name,keywords,ancestry_path,vertical,created_at,updated_at) VALUES ('se_s09_salon_6796dc34d3c939e9','prof_s09_salon_6796dc34d3c939e9','Haoua','haoua salon barber hair beauty nigeria','place_nigeria_001','beauty_salon',unixepoch(),unixepoch());
INSERT OR IGNORE INTO seed_ingestion_records (id,seed_run_id,entity_type,entity_id,source_id,status) VALUES ('ir_s09_salon_6796dc34d3c939e9','seed_run_s09_osm_salons_20260502','organization','org_s09_salon_6796dc34d3c939e9','seed_source_osm_salons_ng_20260502','ingested');
INSERT OR IGNORE INTO seed_entity_sources (id,seed_run_id,entity_type,entity_id,source_id,confidence_tier) VALUES ('es_s09_salon_6796dc34d3c939e9','seed_run_s09_osm_salons_20260502','organization','org_s09_salon_6796dc34d3c939e9','seed_source_osm_salons_ng_20260502','seeded');
INSERT OR IGNORE INTO seed_enrichment (id,seed_run_id,entity_type,entity_id,enrichment_type,enrichment_json) VALUES ('enr_s09_salon_6796dc34d3c939e9','seed_run_s09_osm_salons_20260502','organization','org_s09_salon_6796dc34d3c939e9','licence_data','{"osm_id": "5942753386", "amenity": "hairdresser", "addr_state": null, "denomination": null, "operator": null}');

INSERT OR IGNORE INTO organizations (id,tenant_id,organization_type,legal_name,display_name,registration_number,status,verification_state,created_at,updated_at) VALUES ('org_s09_salon_97a901efd08a7197','tenant_platform_seed','beauty_salon','Gboutounou','Gboutounou',NULL,'active','seeded',unixepoch(),unixepoch());
INSERT OR IGNORE INTO profiles (id,subject_id,subject_type,primary_place_id,tenant_id,workspace_id,display_name,created_at,updated_at) VALUES ('prof_s09_salon_97a901efd08a7197','org_s09_salon_97a901efd08a7197','organization','place_nigeria_001','tenant_platform_seed','workspace_platform_seed_discovery','Gboutounou',unixepoch(),unixepoch());
INSERT OR IGNORE INTO search_entries (id,profile_id,display_name,keywords,ancestry_path,vertical,created_at,updated_at) VALUES ('se_s09_salon_97a901efd08a7197','prof_s09_salon_97a901efd08a7197','Gboutounou','gboutounou salon barber hair beauty nigeria','place_nigeria_001','beauty_salon',unixepoch(),unixepoch());
INSERT OR IGNORE INTO seed_ingestion_records (id,seed_run_id,entity_type,entity_id,source_id,status) VALUES ('ir_s09_salon_97a901efd08a7197','seed_run_s09_osm_salons_20260502','organization','org_s09_salon_97a901efd08a7197','seed_source_osm_salons_ng_20260502','ingested');
INSERT OR IGNORE INTO seed_entity_sources (id,seed_run_id,entity_type,entity_id,source_id,confidence_tier) VALUES ('es_s09_salon_97a901efd08a7197','seed_run_s09_osm_salons_20260502','organization','org_s09_salon_97a901efd08a7197','seed_source_osm_salons_ng_20260502','seeded');
INSERT OR IGNORE INTO seed_enrichment (id,seed_run_id,entity_type,entity_id,enrichment_type,enrichment_json) VALUES ('enr_s09_salon_97a901efd08a7197','seed_run_s09_osm_salons_20260502','organization','org_s09_salon_97a901efd08a7197','licence_data','{"osm_id": "5942753387", "amenity": "hairdresser", "addr_state": null, "denomination": null, "operator": null}');

INSERT OR IGNORE INTO organizations (id,tenant_id,organization_type,legal_name,display_name,registration_number,status,verification_state,created_at,updated_at) VALUES ('org_s09_salon_398de116eda524ea','tenant_platform_seed','beauty_salon','Mendo Christelle','Mendo Christelle',NULL,'active','seeded',unixepoch(),unixepoch());
INSERT OR IGNORE INTO profiles (id,subject_id,subject_type,primary_place_id,tenant_id,workspace_id,display_name,created_at,updated_at) VALUES ('prof_s09_salon_398de116eda524ea','org_s09_salon_398de116eda524ea','organization','place_nigeria_001','tenant_platform_seed','workspace_platform_seed_discovery','Mendo Christelle',unixepoch(),unixepoch());
INSERT OR IGNORE INTO search_entries (id,profile_id,display_name,keywords,ancestry_path,vertical,created_at,updated_at) VALUES ('se_s09_salon_398de116eda524ea','prof_s09_salon_398de116eda524ea','Mendo Christelle','mendo christelle salon barber hair beauty nigeria','place_nigeria_001','beauty_salon',unixepoch(),unixepoch());
INSERT OR IGNORE INTO seed_ingestion_records (id,seed_run_id,entity_type,entity_id,source_id,status) VALUES ('ir_s09_salon_398de116eda524ea','seed_run_s09_osm_salons_20260502','organization','org_s09_salon_398de116eda524ea','seed_source_osm_salons_ng_20260502','ingested');
INSERT OR IGNORE INTO seed_entity_sources (id,seed_run_id,entity_type,entity_id,source_id,confidence_tier) VALUES ('es_s09_salon_398de116eda524ea','seed_run_s09_osm_salons_20260502','organization','org_s09_salon_398de116eda524ea','seed_source_osm_salons_ng_20260502','seeded');
INSERT OR IGNORE INTO seed_enrichment (id,seed_run_id,entity_type,entity_id,enrichment_type,enrichment_json) VALUES ('enr_s09_salon_398de116eda524ea','seed_run_s09_osm_salons_20260502','organization','org_s09_salon_398de116eda524ea','licence_data','{"osm_id": "5942753389", "amenity": "hairdresser", "addr_state": null, "denomination": null, "operator": null}');

INSERT OR IGNORE INTO organizations (id,tenant_id,organization_type,legal_name,display_name,registration_number,status,verification_state,created_at,updated_at) VALUES ('org_s09_salon_019677f49e8c0a68','tenant_platform_seed','beauty_salon','Ndoulou Kevin','Ndoulou Kevin',NULL,'active','seeded',unixepoch(),unixepoch());
INSERT OR IGNORE INTO profiles (id,subject_id,subject_type,primary_place_id,tenant_id,workspace_id,display_name,created_at,updated_at) VALUES ('prof_s09_salon_019677f49e8c0a68','org_s09_salon_019677f49e8c0a68','organization','place_nigeria_001','tenant_platform_seed','workspace_platform_seed_discovery','Ndoulou Kevin',unixepoch(),unixepoch());
INSERT OR IGNORE INTO search_entries (id,profile_id,display_name,keywords,ancestry_path,vertical,created_at,updated_at) VALUES ('se_s09_salon_019677f49e8c0a68','prof_s09_salon_019677f49e8c0a68','Ndoulou Kevin','ndoulou kevin salon barber hair beauty nigeria','place_nigeria_001','beauty_salon',unixepoch(),unixepoch());
INSERT OR IGNORE INTO seed_ingestion_records (id,seed_run_id,entity_type,entity_id,source_id,status) VALUES ('ir_s09_salon_019677f49e8c0a68','seed_run_s09_osm_salons_20260502','organization','org_s09_salon_019677f49e8c0a68','seed_source_osm_salons_ng_20260502','ingested');
INSERT OR IGNORE INTO seed_entity_sources (id,seed_run_id,entity_type,entity_id,source_id,confidence_tier) VALUES ('es_s09_salon_019677f49e8c0a68','seed_run_s09_osm_salons_20260502','organization','org_s09_salon_019677f49e8c0a68','seed_source_osm_salons_ng_20260502','seeded');
INSERT OR IGNORE INTO seed_enrichment (id,seed_run_id,entity_type,entity_id,enrichment_type,enrichment_json) VALUES ('enr_s09_salon_019677f49e8c0a68','seed_run_s09_osm_salons_20260502','organization','org_s09_salon_019677f49e8c0a68','licence_data','{"osm_id": "5942753390", "amenity": "hairdresser", "addr_state": null, "denomination": null, "operator": null}');

INSERT OR IGNORE INTO organizations (id,tenant_id,organization_type,legal_name,display_name,registration_number,status,verification_state,created_at,updated_at) VALUES ('org_s09_salon_108b1ec92c2828b5','tenant_platform_seed','beauty_salon','Daro Salam','Daro Salam',NULL,'active','seeded',unixepoch(),unixepoch());
INSERT OR IGNORE INTO profiles (id,subject_id,subject_type,primary_place_id,tenant_id,workspace_id,display_name,created_at,updated_at) VALUES ('prof_s09_salon_108b1ec92c2828b5','org_s09_salon_108b1ec92c2828b5','organization','place_nigeria_001','tenant_platform_seed','workspace_platform_seed_discovery','Daro Salam',unixepoch(),unixepoch());
INSERT OR IGNORE INTO search_entries (id,profile_id,display_name,keywords,ancestry_path,vertical,created_at,updated_at) VALUES ('se_s09_salon_108b1ec92c2828b5','prof_s09_salon_108b1ec92c2828b5','Daro Salam','daro salam salon barber hair beauty nigeria','place_nigeria_001','beauty_salon',unixepoch(),unixepoch());
INSERT OR IGNORE INTO seed_ingestion_records (id,seed_run_id,entity_type,entity_id,source_id,status) VALUES ('ir_s09_salon_108b1ec92c2828b5','seed_run_s09_osm_salons_20260502','organization','org_s09_salon_108b1ec92c2828b5','seed_source_osm_salons_ng_20260502','ingested');
INSERT OR IGNORE INTO seed_entity_sources (id,seed_run_id,entity_type,entity_id,source_id,confidence_tier) VALUES ('es_s09_salon_108b1ec92c2828b5','seed_run_s09_osm_salons_20260502','organization','org_s09_salon_108b1ec92c2828b5','seed_source_osm_salons_ng_20260502','seeded');
INSERT OR IGNORE INTO seed_enrichment (id,seed_run_id,entity_type,entity_id,enrichment_type,enrichment_json) VALUES ('enr_s09_salon_108b1ec92c2828b5','seed_run_s09_osm_salons_20260502','organization','org_s09_salon_108b1ec92c2828b5','licence_data','{"osm_id": "5942753391", "amenity": "hairdresser", "addr_state": null, "denomination": null, "operator": null}');

INSERT OR IGNORE INTO organizations (id,tenant_id,organization_type,legal_name,display_name,registration_number,status,verification_state,created_at,updated_at) VALUES ('org_s09_salon_274f1b5bf2d8e126','tenant_platform_seed','beauty_salon','Mbanga','Mbanga',NULL,'active','seeded',unixepoch(),unixepoch());
INSERT OR IGNORE INTO profiles (id,subject_id,subject_type,primary_place_id,tenant_id,workspace_id,display_name,created_at,updated_at) VALUES ('prof_s09_salon_274f1b5bf2d8e126','org_s09_salon_274f1b5bf2d8e126','organization','place_nigeria_001','tenant_platform_seed','workspace_platform_seed_discovery','Mbanga',unixepoch(),unixepoch());
INSERT OR IGNORE INTO search_entries (id,profile_id,display_name,keywords,ancestry_path,vertical,created_at,updated_at) VALUES ('se_s09_salon_274f1b5bf2d8e126','prof_s09_salon_274f1b5bf2d8e126','Mbanga','mbanga salon barber hair beauty nigeria','place_nigeria_001','beauty_salon',unixepoch(),unixepoch());
INSERT OR IGNORE INTO seed_ingestion_records (id,seed_run_id,entity_type,entity_id,source_id,status) VALUES ('ir_s09_salon_274f1b5bf2d8e126','seed_run_s09_osm_salons_20260502','organization','org_s09_salon_274f1b5bf2d8e126','seed_source_osm_salons_ng_20260502','ingested');
INSERT OR IGNORE INTO seed_entity_sources (id,seed_run_id,entity_type,entity_id,source_id,confidence_tier) VALUES ('es_s09_salon_274f1b5bf2d8e126','seed_run_s09_osm_salons_20260502','organization','org_s09_salon_274f1b5bf2d8e126','seed_source_osm_salons_ng_20260502','seeded');
INSERT OR IGNORE INTO seed_enrichment (id,seed_run_id,entity_type,entity_id,enrichment_type,enrichment_json) VALUES ('enr_s09_salon_274f1b5bf2d8e126','seed_run_s09_osm_salons_20260502','organization','org_s09_salon_274f1b5bf2d8e126','licence_data','{"osm_id": "5942753392", "amenity": "hairdresser", "addr_state": null, "denomination": null, "operator": null}');

INSERT OR IGNORE INTO organizations (id,tenant_id,organization_type,legal_name,display_name,registration_number,status,verification_state,created_at,updated_at) VALUES ('org_s09_salon_73b303a01bd2b35f','tenant_platform_seed','beauty_salon','Mohaamadou Bagodji','Mohaamadou Bagodji',NULL,'active','seeded',unixepoch(),unixepoch());
INSERT OR IGNORE INTO profiles (id,subject_id,subject_type,primary_place_id,tenant_id,workspace_id,display_name,created_at,updated_at) VALUES ('prof_s09_salon_73b303a01bd2b35f','org_s09_salon_73b303a01bd2b35f','organization','place_nigeria_001','tenant_platform_seed','workspace_platform_seed_discovery','Mohaamadou Bagodji',unixepoch(),unixepoch());
INSERT OR IGNORE INTO search_entries (id,profile_id,display_name,keywords,ancestry_path,vertical,created_at,updated_at) VALUES ('se_s09_salon_73b303a01bd2b35f','prof_s09_salon_73b303a01bd2b35f','Mohaamadou Bagodji','mohaamadou bagodji salon barber hair beauty nigeria','place_nigeria_001','beauty_salon',unixepoch(),unixepoch());
INSERT OR IGNORE INTO seed_ingestion_records (id,seed_run_id,entity_type,entity_id,source_id,status) VALUES ('ir_s09_salon_73b303a01bd2b35f','seed_run_s09_osm_salons_20260502','organization','org_s09_salon_73b303a01bd2b35f','seed_source_osm_salons_ng_20260502','ingested');
INSERT OR IGNORE INTO seed_entity_sources (id,seed_run_id,entity_type,entity_id,source_id,confidence_tier) VALUES ('es_s09_salon_73b303a01bd2b35f','seed_run_s09_osm_salons_20260502','organization','org_s09_salon_73b303a01bd2b35f','seed_source_osm_salons_ng_20260502','seeded');
INSERT OR IGNORE INTO seed_enrichment (id,seed_run_id,entity_type,entity_id,enrichment_type,enrichment_json) VALUES ('enr_s09_salon_73b303a01bd2b35f','seed_run_s09_osm_salons_20260502','organization','org_s09_salon_73b303a01bd2b35f','licence_data','{"osm_id": "5942753393", "amenity": "hairdresser", "addr_state": null, "denomination": null, "operator": null}');

INSERT OR IGNORE INTO organizations (id,tenant_id,organization_type,legal_name,display_name,registration_number,status,verification_state,created_at,updated_at) VALUES ('org_s09_salon_ee3653f6db0bc93e','tenant_platform_seed','beauty_salon','Nana Blaise','Nana Blaise',NULL,'active','seeded',unixepoch(),unixepoch());
INSERT OR IGNORE INTO profiles (id,subject_id,subject_type,primary_place_id,tenant_id,workspace_id,display_name,created_at,updated_at) VALUES ('prof_s09_salon_ee3653f6db0bc93e','org_s09_salon_ee3653f6db0bc93e','organization','place_nigeria_001','tenant_platform_seed','workspace_platform_seed_discovery','Nana Blaise',unixepoch(),unixepoch());
INSERT OR IGNORE INTO search_entries (id,profile_id,display_name,keywords,ancestry_path,vertical,created_at,updated_at) VALUES ('se_s09_salon_ee3653f6db0bc93e','prof_s09_salon_ee3653f6db0bc93e','Nana Blaise','nana blaise salon barber hair beauty nigeria','place_nigeria_001','beauty_salon',unixepoch(),unixepoch());
INSERT OR IGNORE INTO seed_ingestion_records (id,seed_run_id,entity_type,entity_id,source_id,status) VALUES ('ir_s09_salon_ee3653f6db0bc93e','seed_run_s09_osm_salons_20260502','organization','org_s09_salon_ee3653f6db0bc93e','seed_source_osm_salons_ng_20260502','ingested');
INSERT OR IGNORE INTO seed_entity_sources (id,seed_run_id,entity_type,entity_id,source_id,confidence_tier) VALUES ('es_s09_salon_ee3653f6db0bc93e','seed_run_s09_osm_salons_20260502','organization','org_s09_salon_ee3653f6db0bc93e','seed_source_osm_salons_ng_20260502','seeded');
INSERT OR IGNORE INTO seed_enrichment (id,seed_run_id,entity_type,entity_id,enrichment_type,enrichment_json) VALUES ('enr_s09_salon_ee3653f6db0bc93e','seed_run_s09_osm_salons_20260502','organization','org_s09_salon_ee3653f6db0bc93e','licence_data','{"osm_id": "5942753394", "amenity": "hairdresser", "addr_state": null, "denomination": null, "operator": null}');

INSERT OR IGNORE INTO organizations (id,tenant_id,organization_type,legal_name,display_name,registration_number,status,verification_state,created_at,updated_at) VALUES ('org_s09_salon_f60036d5be25b994','tenant_platform_seed','beauty_salon','Valantin','Valantin',NULL,'active','seeded',unixepoch(),unixepoch());
INSERT OR IGNORE INTO profiles (id,subject_id,subject_type,primary_place_id,tenant_id,workspace_id,display_name,created_at,updated_at) VALUES ('prof_s09_salon_f60036d5be25b994','org_s09_salon_f60036d5be25b994','organization','place_nigeria_001','tenant_platform_seed','workspace_platform_seed_discovery','Valantin',unixepoch(),unixepoch());
INSERT OR IGNORE INTO search_entries (id,profile_id,display_name,keywords,ancestry_path,vertical,created_at,updated_at) VALUES ('se_s09_salon_f60036d5be25b994','prof_s09_salon_f60036d5be25b994','Valantin','valantin salon barber hair beauty nigeria','place_nigeria_001','beauty_salon',unixepoch(),unixepoch());
INSERT OR IGNORE INTO seed_ingestion_records (id,seed_run_id,entity_type,entity_id,source_id,status) VALUES ('ir_s09_salon_f60036d5be25b994','seed_run_s09_osm_salons_20260502','organization','org_s09_salon_f60036d5be25b994','seed_source_osm_salons_ng_20260502','ingested');
INSERT OR IGNORE INTO seed_entity_sources (id,seed_run_id,entity_type,entity_id,source_id,confidence_tier) VALUES ('es_s09_salon_f60036d5be25b994','seed_run_s09_osm_salons_20260502','organization','org_s09_salon_f60036d5be25b994','seed_source_osm_salons_ng_20260502','seeded');
INSERT OR IGNORE INTO seed_enrichment (id,seed_run_id,entity_type,entity_id,enrichment_type,enrichment_json) VALUES ('enr_s09_salon_f60036d5be25b994','seed_run_s09_osm_salons_20260502','organization','org_s09_salon_f60036d5be25b994','licence_data','{"osm_id": "5942753395", "amenity": "hairdresser", "addr_state": null, "denomination": null, "operator": null}');

INSERT OR IGNORE INTO organizations (id,tenant_id,organization_type,legal_name,display_name,registration_number,status,verification_state,created_at,updated_at) VALUES ('org_s09_salon_42cb09fa31f65c34','tenant_platform_seed','beauty_salon','Mabelle','Mabelle',NULL,'active','seeded',unixepoch(),unixepoch());
INSERT OR IGNORE INTO profiles (id,subject_id,subject_type,primary_place_id,tenant_id,workspace_id,display_name,created_at,updated_at) VALUES ('prof_s09_salon_42cb09fa31f65c34','org_s09_salon_42cb09fa31f65c34','organization','place_nigeria_001','tenant_platform_seed','workspace_platform_seed_discovery','Mabelle',unixepoch(),unixepoch());
INSERT OR IGNORE INTO search_entries (id,profile_id,display_name,keywords,ancestry_path,vertical,created_at,updated_at) VALUES ('se_s09_salon_42cb09fa31f65c34','prof_s09_salon_42cb09fa31f65c34','Mabelle','mabelle salon barber hair beauty nigeria','place_nigeria_001','beauty_salon',unixepoch(),unixepoch());
INSERT OR IGNORE INTO seed_ingestion_records (id,seed_run_id,entity_type,entity_id,source_id,status) VALUES ('ir_s09_salon_42cb09fa31f65c34','seed_run_s09_osm_salons_20260502','organization','org_s09_salon_42cb09fa31f65c34','seed_source_osm_salons_ng_20260502','ingested');
INSERT OR IGNORE INTO seed_entity_sources (id,seed_run_id,entity_type,entity_id,source_id,confidence_tier) VALUES ('es_s09_salon_42cb09fa31f65c34','seed_run_s09_osm_salons_20260502','organization','org_s09_salon_42cb09fa31f65c34','seed_source_osm_salons_ng_20260502','seeded');
INSERT OR IGNORE INTO seed_enrichment (id,seed_run_id,entity_type,entity_id,enrichment_type,enrichment_json) VALUES ('enr_s09_salon_42cb09fa31f65c34','seed_run_s09_osm_salons_20260502','organization','org_s09_salon_42cb09fa31f65c34','licence_data','{"osm_id": "5942753396", "amenity": "hairdresser", "addr_state": null, "denomination": null, "operator": null}');

INSERT OR IGNORE INTO organizations (id,tenant_id,organization_type,legal_name,display_name,registration_number,status,verification_state,created_at,updated_at) VALUES ('org_s09_salon_c72a6936fe175f94','tenant_platform_seed','beauty_salon','Maidje','Maidje',NULL,'active','seeded',unixepoch(),unixepoch());
INSERT OR IGNORE INTO profiles (id,subject_id,subject_type,primary_place_id,tenant_id,workspace_id,display_name,created_at,updated_at) VALUES ('prof_s09_salon_c72a6936fe175f94','org_s09_salon_c72a6936fe175f94','organization','place_nigeria_001','tenant_platform_seed','workspace_platform_seed_discovery','Maidje',unixepoch(),unixepoch());
INSERT OR IGNORE INTO search_entries (id,profile_id,display_name,keywords,ancestry_path,vertical,created_at,updated_at) VALUES ('se_s09_salon_c72a6936fe175f94','prof_s09_salon_c72a6936fe175f94','Maidje','maidje salon barber hair beauty nigeria','place_nigeria_001','beauty_salon',unixepoch(),unixepoch());
INSERT OR IGNORE INTO seed_ingestion_records (id,seed_run_id,entity_type,entity_id,source_id,status) VALUES ('ir_s09_salon_c72a6936fe175f94','seed_run_s09_osm_salons_20260502','organization','org_s09_salon_c72a6936fe175f94','seed_source_osm_salons_ng_20260502','ingested');
INSERT OR IGNORE INTO seed_entity_sources (id,seed_run_id,entity_type,entity_id,source_id,confidence_tier) VALUES ('es_s09_salon_c72a6936fe175f94','seed_run_s09_osm_salons_20260502','organization','org_s09_salon_c72a6936fe175f94','seed_source_osm_salons_ng_20260502','seeded');
INSERT OR IGNORE INTO seed_enrichment (id,seed_run_id,entity_type,entity_id,enrichment_type,enrichment_json) VALUES ('enr_s09_salon_c72a6936fe175f94','seed_run_s09_osm_salons_20260502','organization','org_s09_salon_c72a6936fe175f94','licence_data','{"osm_id": "5942753397", "amenity": "hairdresser", "addr_state": null, "denomination": null, "operator": null}');

INSERT OR IGNORE INTO organizations (id,tenant_id,organization_type,legal_name,display_name,registration_number,status,verification_state,created_at,updated_at) VALUES ('org_s09_salon_afa627d6b6937258','tenant_platform_seed','beauty_salon','Neuffeussie Angel','Neuffeussie Angel',NULL,'active','seeded',unixepoch(),unixepoch());
INSERT OR IGNORE INTO profiles (id,subject_id,subject_type,primary_place_id,tenant_id,workspace_id,display_name,created_at,updated_at) VALUES ('prof_s09_salon_afa627d6b6937258','org_s09_salon_afa627d6b6937258','organization','place_nigeria_001','tenant_platform_seed','workspace_platform_seed_discovery','Neuffeussie Angel',unixepoch(),unixepoch());
INSERT OR IGNORE INTO search_entries (id,profile_id,display_name,keywords,ancestry_path,vertical,created_at,updated_at) VALUES ('se_s09_salon_afa627d6b6937258','prof_s09_salon_afa627d6b6937258','Neuffeussie Angel','neuffeussie angel salon barber hair beauty nigeria','place_nigeria_001','beauty_salon',unixepoch(),unixepoch());
INSERT OR IGNORE INTO seed_ingestion_records (id,seed_run_id,entity_type,entity_id,source_id,status) VALUES ('ir_s09_salon_afa627d6b6937258','seed_run_s09_osm_salons_20260502','organization','org_s09_salon_afa627d6b6937258','seed_source_osm_salons_ng_20260502','ingested');
INSERT OR IGNORE INTO seed_entity_sources (id,seed_run_id,entity_type,entity_id,source_id,confidence_tier) VALUES ('es_s09_salon_afa627d6b6937258','seed_run_s09_osm_salons_20260502','organization','org_s09_salon_afa627d6b6937258','seed_source_osm_salons_ng_20260502','seeded');
INSERT OR IGNORE INTO seed_enrichment (id,seed_run_id,entity_type,entity_id,enrichment_type,enrichment_json) VALUES ('enr_s09_salon_afa627d6b6937258','seed_run_s09_osm_salons_20260502','organization','org_s09_salon_afa627d6b6937258','licence_data','{"osm_id": "5942753398", "amenity": "hairdresser", "addr_state": null, "denomination": null, "operator": null}');

INSERT OR IGNORE INTO organizations (id,tenant_id,organization_type,legal_name,display_name,registration_number,status,verification_state,created_at,updated_at) VALUES ('org_s09_salon_424d237ad4abecdc','tenant_platform_seed','beauty_salon','Zakari','Zakari',NULL,'active','seeded',unixepoch(),unixepoch());
INSERT OR IGNORE INTO profiles (id,subject_id,subject_type,primary_place_id,tenant_id,workspace_id,display_name,created_at,updated_at) VALUES ('prof_s09_salon_424d237ad4abecdc','org_s09_salon_424d237ad4abecdc','organization','place_nigeria_001','tenant_platform_seed','workspace_platform_seed_discovery','Zakari',unixepoch(),unixepoch());
INSERT OR IGNORE INTO search_entries (id,profile_id,display_name,keywords,ancestry_path,vertical,created_at,updated_at) VALUES ('se_s09_salon_424d237ad4abecdc','prof_s09_salon_424d237ad4abecdc','Zakari','zakari salon barber hair beauty nigeria','place_nigeria_001','beauty_salon',unixepoch(),unixepoch());
INSERT OR IGNORE INTO seed_ingestion_records (id,seed_run_id,entity_type,entity_id,source_id,status) VALUES ('ir_s09_salon_424d237ad4abecdc','seed_run_s09_osm_salons_20260502','organization','org_s09_salon_424d237ad4abecdc','seed_source_osm_salons_ng_20260502','ingested');
INSERT OR IGNORE INTO seed_entity_sources (id,seed_run_id,entity_type,entity_id,source_id,confidence_tier) VALUES ('es_s09_salon_424d237ad4abecdc','seed_run_s09_osm_salons_20260502','organization','org_s09_salon_424d237ad4abecdc','seed_source_osm_salons_ng_20260502','seeded');
INSERT OR IGNORE INTO seed_enrichment (id,seed_run_id,entity_type,entity_id,enrichment_type,enrichment_json) VALUES ('enr_s09_salon_424d237ad4abecdc','seed_run_s09_osm_salons_20260502','organization','org_s09_salon_424d237ad4abecdc','licence_data','{"osm_id": "5942753399", "amenity": "hairdresser", "addr_state": null, "denomination": null, "operator": null}');

INSERT OR IGNORE INTO organizations (id,tenant_id,organization_type,legal_name,display_name,registration_number,status,verification_state,created_at,updated_at) VALUES ('org_s09_salon_7705ab55a5039941','tenant_platform_seed','beauty_salon','Zouairou Amadou','Zouairou Amadou',NULL,'active','seeded',unixepoch(),unixepoch());
INSERT OR IGNORE INTO profiles (id,subject_id,subject_type,primary_place_id,tenant_id,workspace_id,display_name,created_at,updated_at) VALUES ('prof_s09_salon_7705ab55a5039941','org_s09_salon_7705ab55a5039941','organization','place_nigeria_001','tenant_platform_seed','workspace_platform_seed_discovery','Zouairou Amadou',unixepoch(),unixepoch());
INSERT OR IGNORE INTO search_entries (id,profile_id,display_name,keywords,ancestry_path,vertical,created_at,updated_at) VALUES ('se_s09_salon_7705ab55a5039941','prof_s09_salon_7705ab55a5039941','Zouairou Amadou','zouairou amadou salon barber hair beauty nigeria','place_nigeria_001','beauty_salon',unixepoch(),unixepoch());
INSERT OR IGNORE INTO seed_ingestion_records (id,seed_run_id,entity_type,entity_id,source_id,status) VALUES ('ir_s09_salon_7705ab55a5039941','seed_run_s09_osm_salons_20260502','organization','org_s09_salon_7705ab55a5039941','seed_source_osm_salons_ng_20260502','ingested');
INSERT OR IGNORE INTO seed_entity_sources (id,seed_run_id,entity_type,entity_id,source_id,confidence_tier) VALUES ('es_s09_salon_7705ab55a5039941','seed_run_s09_osm_salons_20260502','organization','org_s09_salon_7705ab55a5039941','seed_source_osm_salons_ng_20260502','seeded');
INSERT OR IGNORE INTO seed_enrichment (id,seed_run_id,entity_type,entity_id,enrichment_type,enrichment_json) VALUES ('enr_s09_salon_7705ab55a5039941','seed_run_s09_osm_salons_20260502','organization','org_s09_salon_7705ab55a5039941','licence_data','{"osm_id": "5942753400", "amenity": "hairdresser", "addr_state": null, "denomination": null, "operator": null}');

INSERT OR IGNORE INTO organizations (id,tenant_id,organization_type,legal_name,display_name,registration_number,status,verification_state,created_at,updated_at) VALUES ('org_s09_salon_2a3da7f784bf45a0','tenant_platform_seed','beauty_salon','Edouard','Edouard',NULL,'active','seeded',unixepoch(),unixepoch());
INSERT OR IGNORE INTO profiles (id,subject_id,subject_type,primary_place_id,tenant_id,workspace_id,display_name,created_at,updated_at) VALUES ('prof_s09_salon_2a3da7f784bf45a0','org_s09_salon_2a3da7f784bf45a0','organization','place_nigeria_001','tenant_platform_seed','workspace_platform_seed_discovery','Edouard',unixepoch(),unixepoch());
INSERT OR IGNORE INTO search_entries (id,profile_id,display_name,keywords,ancestry_path,vertical,created_at,updated_at) VALUES ('se_s09_salon_2a3da7f784bf45a0','prof_s09_salon_2a3da7f784bf45a0','Edouard','edouard salon barber hair beauty nigeria','place_nigeria_001','beauty_salon',unixepoch(),unixepoch());
INSERT OR IGNORE INTO seed_ingestion_records (id,seed_run_id,entity_type,entity_id,source_id,status) VALUES ('ir_s09_salon_2a3da7f784bf45a0','seed_run_s09_osm_salons_20260502','organization','org_s09_salon_2a3da7f784bf45a0','seed_source_osm_salons_ng_20260502','ingested');
INSERT OR IGNORE INTO seed_entity_sources (id,seed_run_id,entity_type,entity_id,source_id,confidence_tier) VALUES ('es_s09_salon_2a3da7f784bf45a0','seed_run_s09_osm_salons_20260502','organization','org_s09_salon_2a3da7f784bf45a0','seed_source_osm_salons_ng_20260502','seeded');
INSERT OR IGNORE INTO seed_enrichment (id,seed_run_id,entity_type,entity_id,enrichment_type,enrichment_json) VALUES ('enr_s09_salon_2a3da7f784bf45a0','seed_run_s09_osm_salons_20260502','organization','org_s09_salon_2a3da7f784bf45a0','licence_data','{"osm_id": "5942753401", "amenity": "hairdresser", "addr_state": null, "denomination": null, "operator": null}');

INSERT OR IGNORE INTO organizations (id,tenant_id,organization_type,legal_name,display_name,registration_number,status,verification_state,created_at,updated_at) VALUES ('org_s09_salon_6fc0676f2ec18677','tenant_platform_seed','beauty_salon','Horty','Horty',NULL,'active','seeded',unixepoch(),unixepoch());
INSERT OR IGNORE INTO profiles (id,subject_id,subject_type,primary_place_id,tenant_id,workspace_id,display_name,created_at,updated_at) VALUES ('prof_s09_salon_6fc0676f2ec18677','org_s09_salon_6fc0676f2ec18677','organization','place_nigeria_001','tenant_platform_seed','workspace_platform_seed_discovery','Horty',unixepoch(),unixepoch());
INSERT OR IGNORE INTO search_entries (id,profile_id,display_name,keywords,ancestry_path,vertical,created_at,updated_at) VALUES ('se_s09_salon_6fc0676f2ec18677','prof_s09_salon_6fc0676f2ec18677','Horty','horty salon barber hair beauty nigeria','place_nigeria_001','beauty_salon',unixepoch(),unixepoch());
INSERT OR IGNORE INTO seed_ingestion_records (id,seed_run_id,entity_type,entity_id,source_id,status) VALUES ('ir_s09_salon_6fc0676f2ec18677','seed_run_s09_osm_salons_20260502','organization','org_s09_salon_6fc0676f2ec18677','seed_source_osm_salons_ng_20260502','ingested');
INSERT OR IGNORE INTO seed_entity_sources (id,seed_run_id,entity_type,entity_id,source_id,confidence_tier) VALUES ('es_s09_salon_6fc0676f2ec18677','seed_run_s09_osm_salons_20260502','organization','org_s09_salon_6fc0676f2ec18677','seed_source_osm_salons_ng_20260502','seeded');
INSERT OR IGNORE INTO seed_enrichment (id,seed_run_id,entity_type,entity_id,enrichment_type,enrichment_json) VALUES ('enr_s09_salon_6fc0676f2ec18677','seed_run_s09_osm_salons_20260502','organization','org_s09_salon_6fc0676f2ec18677','licence_data','{"osm_id": "5942753402", "amenity": "hairdresser", "addr_state": null, "denomination": null, "operator": null}');

INSERT OR IGNORE INTO organizations (id,tenant_id,organization_type,legal_name,display_name,registration_number,status,verification_state,created_at,updated_at) VALUES ('org_s09_salon_5043b6940305306a','tenant_platform_seed','beauty_salon','Doko Meiri Jean Daniel','Doko Meiri Jean Daniel',NULL,'active','seeded',unixepoch(),unixepoch());
INSERT OR IGNORE INTO profiles (id,subject_id,subject_type,primary_place_id,tenant_id,workspace_id,display_name,created_at,updated_at) VALUES ('prof_s09_salon_5043b6940305306a','org_s09_salon_5043b6940305306a','organization','place_nigeria_001','tenant_platform_seed','workspace_platform_seed_discovery','Doko Meiri Jean Daniel',unixepoch(),unixepoch());
INSERT OR IGNORE INTO search_entries (id,profile_id,display_name,keywords,ancestry_path,vertical,created_at,updated_at) VALUES ('se_s09_salon_5043b6940305306a','prof_s09_salon_5043b6940305306a','Doko Meiri Jean Daniel','doko meiri jean daniel salon barber hair beauty nigeria','place_nigeria_001','beauty_salon',unixepoch(),unixepoch());
INSERT OR IGNORE INTO seed_ingestion_records (id,seed_run_id,entity_type,entity_id,source_id,status) VALUES ('ir_s09_salon_5043b6940305306a','seed_run_s09_osm_salons_20260502','organization','org_s09_salon_5043b6940305306a','seed_source_osm_salons_ng_20260502','ingested');
INSERT OR IGNORE INTO seed_entity_sources (id,seed_run_id,entity_type,entity_id,source_id,confidence_tier) VALUES ('es_s09_salon_5043b6940305306a','seed_run_s09_osm_salons_20260502','organization','org_s09_salon_5043b6940305306a','seed_source_osm_salons_ng_20260502','seeded');
INSERT OR IGNORE INTO seed_enrichment (id,seed_run_id,entity_type,entity_id,enrichment_type,enrichment_json) VALUES ('enr_s09_salon_5043b6940305306a','seed_run_s09_osm_salons_20260502','organization','org_s09_salon_5043b6940305306a','licence_data','{"osm_id": "5942753403", "amenity": "hairdresser", "addr_state": null, "denomination": null, "operator": null}');

INSERT OR IGNORE INTO organizations (id,tenant_id,organization_type,legal_name,display_name,registration_number,status,verification_state,created_at,updated_at) VALUES ('org_s09_salon_fab56708d6bfb4ac','tenant_platform_seed','beauty_salon','Alycia','Alycia',NULL,'active','seeded',unixepoch(),unixepoch());
INSERT OR IGNORE INTO profiles (id,subject_id,subject_type,primary_place_id,tenant_id,workspace_id,display_name,created_at,updated_at) VALUES ('prof_s09_salon_fab56708d6bfb4ac','org_s09_salon_fab56708d6bfb4ac','organization','place_nigeria_001','tenant_platform_seed','workspace_platform_seed_discovery','Alycia',unixepoch(),unixepoch());
INSERT OR IGNORE INTO search_entries (id,profile_id,display_name,keywords,ancestry_path,vertical,created_at,updated_at) VALUES ('se_s09_salon_fab56708d6bfb4ac','prof_s09_salon_fab56708d6bfb4ac','Alycia','alycia salon barber hair beauty nigeria','place_nigeria_001','beauty_salon',unixepoch(),unixepoch());
INSERT OR IGNORE INTO seed_ingestion_records (id,seed_run_id,entity_type,entity_id,source_id,status) VALUES ('ir_s09_salon_fab56708d6bfb4ac','seed_run_s09_osm_salons_20260502','organization','org_s09_salon_fab56708d6bfb4ac','seed_source_osm_salons_ng_20260502','ingested');
INSERT OR IGNORE INTO seed_entity_sources (id,seed_run_id,entity_type,entity_id,source_id,confidence_tier) VALUES ('es_s09_salon_fab56708d6bfb4ac','seed_run_s09_osm_salons_20260502','organization','org_s09_salon_fab56708d6bfb4ac','seed_source_osm_salons_ng_20260502','seeded');
INSERT OR IGNORE INTO seed_enrichment (id,seed_run_id,entity_type,entity_id,enrichment_type,enrichment_json) VALUES ('enr_s09_salon_fab56708d6bfb4ac','seed_run_s09_osm_salons_20260502','organization','org_s09_salon_fab56708d6bfb4ac','licence_data','{"osm_id": "5942753404", "amenity": "hairdresser", "addr_state": null, "denomination": null, "operator": null}');

INSERT OR IGNORE INTO organizations (id,tenant_id,organization_type,legal_name,display_name,registration_number,status,verification_state,created_at,updated_at) VALUES ('org_s09_salon_43e3442491cb77bb','tenant_platform_seed','beauty_salon','Mekoilou','Mekoilou',NULL,'active','seeded',unixepoch(),unixepoch());
INSERT OR IGNORE INTO profiles (id,subject_id,subject_type,primary_place_id,tenant_id,workspace_id,display_name,created_at,updated_at) VALUES ('prof_s09_salon_43e3442491cb77bb','org_s09_salon_43e3442491cb77bb','organization','place_nigeria_001','tenant_platform_seed','workspace_platform_seed_discovery','Mekoilou',unixepoch(),unixepoch());
INSERT OR IGNORE INTO search_entries (id,profile_id,display_name,keywords,ancestry_path,vertical,created_at,updated_at) VALUES ('se_s09_salon_43e3442491cb77bb','prof_s09_salon_43e3442491cb77bb','Mekoilou','mekoilou salon barber hair beauty nigeria','place_nigeria_001','beauty_salon',unixepoch(),unixepoch());
INSERT OR IGNORE INTO seed_ingestion_records (id,seed_run_id,entity_type,entity_id,source_id,status) VALUES ('ir_s09_salon_43e3442491cb77bb','seed_run_s09_osm_salons_20260502','organization','org_s09_salon_43e3442491cb77bb','seed_source_osm_salons_ng_20260502','ingested');
INSERT OR IGNORE INTO seed_entity_sources (id,seed_run_id,entity_type,entity_id,source_id,confidence_tier) VALUES ('es_s09_salon_43e3442491cb77bb','seed_run_s09_osm_salons_20260502','organization','org_s09_salon_43e3442491cb77bb','seed_source_osm_salons_ng_20260502','seeded');
INSERT OR IGNORE INTO seed_enrichment (id,seed_run_id,entity_type,entity_id,enrichment_type,enrichment_json) VALUES ('enr_s09_salon_43e3442491cb77bb','seed_run_s09_osm_salons_20260502','organization','org_s09_salon_43e3442491cb77bb','licence_data','{"osm_id": "5942753406", "amenity": "hairdresser", "addr_state": null, "denomination": null, "operator": null}');

INSERT OR IGNORE INTO organizations (id,tenant_id,organization_type,legal_name,display_name,registration_number,status,verification_state,created_at,updated_at) VALUES ('org_s09_salon_fc00838eb369fe04','tenant_platform_seed','beauty_salon','Mira','Mira',NULL,'active','seeded',unixepoch(),unixepoch());
INSERT OR IGNORE INTO profiles (id,subject_id,subject_type,primary_place_id,tenant_id,workspace_id,display_name,created_at,updated_at) VALUES ('prof_s09_salon_fc00838eb369fe04','org_s09_salon_fc00838eb369fe04','organization','place_nigeria_001','tenant_platform_seed','workspace_platform_seed_discovery','Mira',unixepoch(),unixepoch());
INSERT OR IGNORE INTO search_entries (id,profile_id,display_name,keywords,ancestry_path,vertical,created_at,updated_at) VALUES ('se_s09_salon_fc00838eb369fe04','prof_s09_salon_fc00838eb369fe04','Mira','mira salon barber hair beauty nigeria','place_nigeria_001','beauty_salon',unixepoch(),unixepoch());
INSERT OR IGNORE INTO seed_ingestion_records (id,seed_run_id,entity_type,entity_id,source_id,status) VALUES ('ir_s09_salon_fc00838eb369fe04','seed_run_s09_osm_salons_20260502','organization','org_s09_salon_fc00838eb369fe04','seed_source_osm_salons_ng_20260502','ingested');
INSERT OR IGNORE INTO seed_entity_sources (id,seed_run_id,entity_type,entity_id,source_id,confidence_tier) VALUES ('es_s09_salon_fc00838eb369fe04','seed_run_s09_osm_salons_20260502','organization','org_s09_salon_fc00838eb369fe04','seed_source_osm_salons_ng_20260502','seeded');
INSERT OR IGNORE INTO seed_enrichment (id,seed_run_id,entity_type,entity_id,enrichment_type,enrichment_json) VALUES ('enr_s09_salon_fc00838eb369fe04','seed_run_s09_osm_salons_20260502','organization','org_s09_salon_fc00838eb369fe04','licence_data','{"osm_id": "5942753407", "amenity": "hairdresser", "addr_state": null, "denomination": null, "operator": null}');

INSERT OR IGNORE INTO organizations (id,tenant_id,organization_type,legal_name,display_name,registration_number,status,verification_state,created_at,updated_at) VALUES ('org_s09_salon_e4e233c7dd47a904','tenant_platform_seed','beauty_salon','Valerie','Valerie',NULL,'active','seeded',unixepoch(),unixepoch());
INSERT OR IGNORE INTO profiles (id,subject_id,subject_type,primary_place_id,tenant_id,workspace_id,display_name,created_at,updated_at) VALUES ('prof_s09_salon_e4e233c7dd47a904','org_s09_salon_e4e233c7dd47a904','organization','place_nigeria_001','tenant_platform_seed','workspace_platform_seed_discovery','Valerie',unixepoch(),unixepoch());
INSERT OR IGNORE INTO search_entries (id,profile_id,display_name,keywords,ancestry_path,vertical,created_at,updated_at) VALUES ('se_s09_salon_e4e233c7dd47a904','prof_s09_salon_e4e233c7dd47a904','Valerie','valerie salon barber hair beauty nigeria','place_nigeria_001','beauty_salon',unixepoch(),unixepoch());
INSERT OR IGNORE INTO seed_ingestion_records (id,seed_run_id,entity_type,entity_id,source_id,status) VALUES ('ir_s09_salon_e4e233c7dd47a904','seed_run_s09_osm_salons_20260502','organization','org_s09_salon_e4e233c7dd47a904','seed_source_osm_salons_ng_20260502','ingested');
INSERT OR IGNORE INTO seed_entity_sources (id,seed_run_id,entity_type,entity_id,source_id,confidence_tier) VALUES ('es_s09_salon_e4e233c7dd47a904','seed_run_s09_osm_salons_20260502','organization','org_s09_salon_e4e233c7dd47a904','seed_source_osm_salons_ng_20260502','seeded');
INSERT OR IGNORE INTO seed_enrichment (id,seed_run_id,entity_type,entity_id,enrichment_type,enrichment_json) VALUES ('enr_s09_salon_e4e233c7dd47a904','seed_run_s09_osm_salons_20260502','organization','org_s09_salon_e4e233c7dd47a904','licence_data','{"osm_id": "5942753408", "amenity": "hairdresser", "addr_state": null, "denomination": null, "operator": null}');

INSERT OR IGNORE INTO organizations (id,tenant_id,organization_type,legal_name,display_name,registration_number,status,verification_state,created_at,updated_at) VALUES ('org_s09_salon_76d3e37fff05f055','tenant_platform_seed','beauty_salon','Kouserel Dieudonn?','Kouserel Dieudonn?',NULL,'active','seeded',unixepoch(),unixepoch());
INSERT OR IGNORE INTO profiles (id,subject_id,subject_type,primary_place_id,tenant_id,workspace_id,display_name,created_at,updated_at) VALUES ('prof_s09_salon_76d3e37fff05f055','org_s09_salon_76d3e37fff05f055','organization','place_nigeria_001','tenant_platform_seed','workspace_platform_seed_discovery','Kouserel Dieudonn?',unixepoch(),unixepoch());
INSERT OR IGNORE INTO search_entries (id,profile_id,display_name,keywords,ancestry_path,vertical,created_at,updated_at) VALUES ('se_s09_salon_76d3e37fff05f055','prof_s09_salon_76d3e37fff05f055','Kouserel Dieudonn?','kouserel dieudonn? salon barber hair beauty nigeria','place_nigeria_001','beauty_salon',unixepoch(),unixepoch());
INSERT OR IGNORE INTO seed_ingestion_records (id,seed_run_id,entity_type,entity_id,source_id,status) VALUES ('ir_s09_salon_76d3e37fff05f055','seed_run_s09_osm_salons_20260502','organization','org_s09_salon_76d3e37fff05f055','seed_source_osm_salons_ng_20260502','ingested');
INSERT OR IGNORE INTO seed_entity_sources (id,seed_run_id,entity_type,entity_id,source_id,confidence_tier) VALUES ('es_s09_salon_76d3e37fff05f055','seed_run_s09_osm_salons_20260502','organization','org_s09_salon_76d3e37fff05f055','seed_source_osm_salons_ng_20260502','seeded');
INSERT OR IGNORE INTO seed_enrichment (id,seed_run_id,entity_type,entity_id,enrichment_type,enrichment_json) VALUES ('enr_s09_salon_76d3e37fff05f055','seed_run_s09_osm_salons_20260502','organization','org_s09_salon_76d3e37fff05f055','licence_data','{"osm_id": "5942753409", "amenity": "hairdresser", "addr_state": null, "denomination": null, "operator": null}');

INSERT OR IGNORE INTO organizations (id,tenant_id,organization_type,legal_name,display_name,registration_number,status,verification_state,created_at,updated_at) VALUES ('org_s09_salon_0c0962947c01197e','tenant_platform_seed','beauty_salon','Debol Nicolas','Debol Nicolas',NULL,'active','seeded',unixepoch(),unixepoch());
INSERT OR IGNORE INTO profiles (id,subject_id,subject_type,primary_place_id,tenant_id,workspace_id,display_name,created_at,updated_at) VALUES ('prof_s09_salon_0c0962947c01197e','org_s09_salon_0c0962947c01197e','organization','place_nigeria_001','tenant_platform_seed','workspace_platform_seed_discovery','Debol Nicolas',unixepoch(),unixepoch());
INSERT OR IGNORE INTO search_entries (id,profile_id,display_name,keywords,ancestry_path,vertical,created_at,updated_at) VALUES ('se_s09_salon_0c0962947c01197e','prof_s09_salon_0c0962947c01197e','Debol Nicolas','debol nicolas salon barber hair beauty nigeria','place_nigeria_001','beauty_salon',unixepoch(),unixepoch());
INSERT OR IGNORE INTO seed_ingestion_records (id,seed_run_id,entity_type,entity_id,source_id,status) VALUES ('ir_s09_salon_0c0962947c01197e','seed_run_s09_osm_salons_20260502','organization','org_s09_salon_0c0962947c01197e','seed_source_osm_salons_ng_20260502','ingested');
INSERT OR IGNORE INTO seed_entity_sources (id,seed_run_id,entity_type,entity_id,source_id,confidence_tier) VALUES ('es_s09_salon_0c0962947c01197e','seed_run_s09_osm_salons_20260502','organization','org_s09_salon_0c0962947c01197e','seed_source_osm_salons_ng_20260502','seeded');
INSERT OR IGNORE INTO seed_enrichment (id,seed_run_id,entity_type,entity_id,enrichment_type,enrichment_json) VALUES ('enr_s09_salon_0c0962947c01197e','seed_run_s09_osm_salons_20260502','organization','org_s09_salon_0c0962947c01197e','licence_data','{"osm_id": "5942753410", "amenity": "hairdresser", "addr_state": null, "denomination": null, "operator": null}');

INSERT OR IGNORE INTO organizations (id,tenant_id,organization_type,legal_name,display_name,registration_number,status,verification_state,created_at,updated_at) VALUES ('org_s09_salon_0da723d898ed50a9','tenant_platform_seed','beauty_salon','Olive','Olive',NULL,'active','seeded',unixepoch(),unixepoch());
INSERT OR IGNORE INTO profiles (id,subject_id,subject_type,primary_place_id,tenant_id,workspace_id,display_name,created_at,updated_at) VALUES ('prof_s09_salon_0da723d898ed50a9','org_s09_salon_0da723d898ed50a9','organization','place_nigeria_001','tenant_platform_seed','workspace_platform_seed_discovery','Olive',unixepoch(),unixepoch());
INSERT OR IGNORE INTO search_entries (id,profile_id,display_name,keywords,ancestry_path,vertical,created_at,updated_at) VALUES ('se_s09_salon_0da723d898ed50a9','prof_s09_salon_0da723d898ed50a9','Olive','olive salon barber hair beauty nigeria','place_nigeria_001','beauty_salon',unixepoch(),unixepoch());
INSERT OR IGNORE INTO seed_ingestion_records (id,seed_run_id,entity_type,entity_id,source_id,status) VALUES ('ir_s09_salon_0da723d898ed50a9','seed_run_s09_osm_salons_20260502','organization','org_s09_salon_0da723d898ed50a9','seed_source_osm_salons_ng_20260502','ingested');
INSERT OR IGNORE INTO seed_entity_sources (id,seed_run_id,entity_type,entity_id,source_id,confidence_tier) VALUES ('es_s09_salon_0da723d898ed50a9','seed_run_s09_osm_salons_20260502','organization','org_s09_salon_0da723d898ed50a9','seed_source_osm_salons_ng_20260502','seeded');
INSERT OR IGNORE INTO seed_enrichment (id,seed_run_id,entity_type,entity_id,enrichment_type,enrichment_json) VALUES ('enr_s09_salon_0da723d898ed50a9','seed_run_s09_osm_salons_20260502','organization','org_s09_salon_0da723d898ed50a9','licence_data','{"osm_id": "5942753411", "amenity": "hairdresser", "addr_state": null, "denomination": null, "operator": null}');

INSERT OR IGNORE INTO organizations (id,tenant_id,organization_type,legal_name,display_name,registration_number,status,verification_state,created_at,updated_at) VALUES ('org_s09_salon_ea80cebfcddc5628','tenant_platform_seed','beauty_salon','Ahmad','Ahmad',NULL,'active','seeded',unixepoch(),unixepoch());
INSERT OR IGNORE INTO profiles (id,subject_id,subject_type,primary_place_id,tenant_id,workspace_id,display_name,created_at,updated_at) VALUES ('prof_s09_salon_ea80cebfcddc5628','org_s09_salon_ea80cebfcddc5628','organization','place_nigeria_001','tenant_platform_seed','workspace_platform_seed_discovery','Ahmad',unixepoch(),unixepoch());
INSERT OR IGNORE INTO search_entries (id,profile_id,display_name,keywords,ancestry_path,vertical,created_at,updated_at) VALUES ('se_s09_salon_ea80cebfcddc5628','prof_s09_salon_ea80cebfcddc5628','Ahmad','ahmad salon barber hair beauty nigeria','place_nigeria_001','beauty_salon',unixepoch(),unixepoch());
INSERT OR IGNORE INTO seed_ingestion_records (id,seed_run_id,entity_type,entity_id,source_id,status) VALUES ('ir_s09_salon_ea80cebfcddc5628','seed_run_s09_osm_salons_20260502','organization','org_s09_salon_ea80cebfcddc5628','seed_source_osm_salons_ng_20260502','ingested');
INSERT OR IGNORE INTO seed_entity_sources (id,seed_run_id,entity_type,entity_id,source_id,confidence_tier) VALUES ('es_s09_salon_ea80cebfcddc5628','seed_run_s09_osm_salons_20260502','organization','org_s09_salon_ea80cebfcddc5628','seed_source_osm_salons_ng_20260502','seeded');
INSERT OR IGNORE INTO seed_enrichment (id,seed_run_id,entity_type,entity_id,enrichment_type,enrichment_json) VALUES ('enr_s09_salon_ea80cebfcddc5628','seed_run_s09_osm_salons_20260502','organization','org_s09_salon_ea80cebfcddc5628','licence_data','{"osm_id": "5942753412", "amenity": "hairdresser", "addr_state": null, "denomination": null, "operator": null}');

INSERT OR IGNORE INTO organizations (id,tenant_id,organization_type,legal_name,display_name,registration_number,status,verification_state,created_at,updated_at) VALUES ('org_s09_salon_ad97907e68043c2c','tenant_platform_seed','beauty_salon','Dounia Boniface','Dounia Boniface',NULL,'active','seeded',unixepoch(),unixepoch());
INSERT OR IGNORE INTO profiles (id,subject_id,subject_type,primary_place_id,tenant_id,workspace_id,display_name,created_at,updated_at) VALUES ('prof_s09_salon_ad97907e68043c2c','org_s09_salon_ad97907e68043c2c','organization','place_nigeria_001','tenant_platform_seed','workspace_platform_seed_discovery','Dounia Boniface',unixepoch(),unixepoch());
INSERT OR IGNORE INTO search_entries (id,profile_id,display_name,keywords,ancestry_path,vertical,created_at,updated_at) VALUES ('se_s09_salon_ad97907e68043c2c','prof_s09_salon_ad97907e68043c2c','Dounia Boniface','dounia boniface salon barber hair beauty nigeria','place_nigeria_001','beauty_salon',unixepoch(),unixepoch());
INSERT OR IGNORE INTO seed_ingestion_records (id,seed_run_id,entity_type,entity_id,source_id,status) VALUES ('ir_s09_salon_ad97907e68043c2c','seed_run_s09_osm_salons_20260502','organization','org_s09_salon_ad97907e68043c2c','seed_source_osm_salons_ng_20260502','ingested');
INSERT OR IGNORE INTO seed_entity_sources (id,seed_run_id,entity_type,entity_id,source_id,confidence_tier) VALUES ('es_s09_salon_ad97907e68043c2c','seed_run_s09_osm_salons_20260502','organization','org_s09_salon_ad97907e68043c2c','seed_source_osm_salons_ng_20260502','seeded');
INSERT OR IGNORE INTO seed_enrichment (id,seed_run_id,entity_type,entity_id,enrichment_type,enrichment_json) VALUES ('enr_s09_salon_ad97907e68043c2c','seed_run_s09_osm_salons_20260502','organization','org_s09_salon_ad97907e68043c2c','licence_data','{"osm_id": "5942753414", "amenity": "hairdresser", "addr_state": null, "denomination": null, "operator": null}');

INSERT OR IGNORE INTO organizations (id,tenant_id,organization_type,legal_name,display_name,registration_number,status,verification_state,created_at,updated_at) VALUES ('org_s09_salon_0d067d348fa3f7d4','tenant_platform_seed','beauty_salon','Toumba Gilbert','Toumba Gilbert',NULL,'active','seeded',unixepoch(),unixepoch());
INSERT OR IGNORE INTO profiles (id,subject_id,subject_type,primary_place_id,tenant_id,workspace_id,display_name,created_at,updated_at) VALUES ('prof_s09_salon_0d067d348fa3f7d4','org_s09_salon_0d067d348fa3f7d4','organization','place_nigeria_001','tenant_platform_seed','workspace_platform_seed_discovery','Toumba Gilbert',unixepoch(),unixepoch());
INSERT OR IGNORE INTO search_entries (id,profile_id,display_name,keywords,ancestry_path,vertical,created_at,updated_at) VALUES ('se_s09_salon_0d067d348fa3f7d4','prof_s09_salon_0d067d348fa3f7d4','Toumba Gilbert','toumba gilbert salon barber hair beauty nigeria','place_nigeria_001','beauty_salon',unixepoch(),unixepoch());
INSERT OR IGNORE INTO seed_ingestion_records (id,seed_run_id,entity_type,entity_id,source_id,status) VALUES ('ir_s09_salon_0d067d348fa3f7d4','seed_run_s09_osm_salons_20260502','organization','org_s09_salon_0d067d348fa3f7d4','seed_source_osm_salons_ng_20260502','ingested');
INSERT OR IGNORE INTO seed_entity_sources (id,seed_run_id,entity_type,entity_id,source_id,confidence_tier) VALUES ('es_s09_salon_0d067d348fa3f7d4','seed_run_s09_osm_salons_20260502','organization','org_s09_salon_0d067d348fa3f7d4','seed_source_osm_salons_ng_20260502','seeded');
INSERT OR IGNORE INTO seed_enrichment (id,seed_run_id,entity_type,entity_id,enrichment_type,enrichment_json) VALUES ('enr_s09_salon_0d067d348fa3f7d4','seed_run_s09_osm_salons_20260502','organization','org_s09_salon_0d067d348fa3f7d4','licence_data','{"osm_id": "5942753416", "amenity": "hairdresser", "addr_state": null, "denomination": null, "operator": null}');

INSERT OR IGNORE INTO organizations (id,tenant_id,organization_type,legal_name,display_name,registration_number,status,verification_state,created_at,updated_at) VALUES ('org_s09_salon_7e32e99b83e00219','tenant_platform_seed','beauty_salon','Sammuel','Sammuel',NULL,'active','seeded',unixepoch(),unixepoch());
INSERT OR IGNORE INTO profiles (id,subject_id,subject_type,primary_place_id,tenant_id,workspace_id,display_name,created_at,updated_at) VALUES ('prof_s09_salon_7e32e99b83e00219','org_s09_salon_7e32e99b83e00219','organization','place_nigeria_001','tenant_platform_seed','workspace_platform_seed_discovery','Sammuel',unixepoch(),unixepoch());
INSERT OR IGNORE INTO search_entries (id,profile_id,display_name,keywords,ancestry_path,vertical,created_at,updated_at) VALUES ('se_s09_salon_7e32e99b83e00219','prof_s09_salon_7e32e99b83e00219','Sammuel','sammuel salon barber hair beauty nigeria','place_nigeria_001','beauty_salon',unixepoch(),unixepoch());
INSERT OR IGNORE INTO seed_ingestion_records (id,seed_run_id,entity_type,entity_id,source_id,status) VALUES ('ir_s09_salon_7e32e99b83e00219','seed_run_s09_osm_salons_20260502','organization','org_s09_salon_7e32e99b83e00219','seed_source_osm_salons_ng_20260502','ingested');
INSERT OR IGNORE INTO seed_entity_sources (id,seed_run_id,entity_type,entity_id,source_id,confidence_tier) VALUES ('es_s09_salon_7e32e99b83e00219','seed_run_s09_osm_salons_20260502','organization','org_s09_salon_7e32e99b83e00219','seed_source_osm_salons_ng_20260502','seeded');
INSERT OR IGNORE INTO seed_enrichment (id,seed_run_id,entity_type,entity_id,enrichment_type,enrichment_json) VALUES ('enr_s09_salon_7e32e99b83e00219','seed_run_s09_osm_salons_20260502','organization','org_s09_salon_7e32e99b83e00219','licence_data','{"osm_id": "5942753417", "amenity": "hairdresser", "addr_state": null, "denomination": null, "operator": null}');

INSERT OR IGNORE INTO organizations (id,tenant_id,organization_type,legal_name,display_name,registration_number,status,verification_state,created_at,updated_at) VALUES ('org_s09_salon_3eb5a2f6dc5e9d39','tenant_platform_seed','beauty_salon','Salemon','Salemon',NULL,'active','seeded',unixepoch(),unixepoch());
INSERT OR IGNORE INTO profiles (id,subject_id,subject_type,primary_place_id,tenant_id,workspace_id,display_name,created_at,updated_at) VALUES ('prof_s09_salon_3eb5a2f6dc5e9d39','org_s09_salon_3eb5a2f6dc5e9d39','organization','place_nigeria_001','tenant_platform_seed','workspace_platform_seed_discovery','Salemon',unixepoch(),unixepoch());
INSERT OR IGNORE INTO search_entries (id,profile_id,display_name,keywords,ancestry_path,vertical,created_at,updated_at) VALUES ('se_s09_salon_3eb5a2f6dc5e9d39','prof_s09_salon_3eb5a2f6dc5e9d39','Salemon','salemon salon barber hair beauty nigeria','place_nigeria_001','beauty_salon',unixepoch(),unixepoch());
INSERT OR IGNORE INTO seed_ingestion_records (id,seed_run_id,entity_type,entity_id,source_id,status) VALUES ('ir_s09_salon_3eb5a2f6dc5e9d39','seed_run_s09_osm_salons_20260502','organization','org_s09_salon_3eb5a2f6dc5e9d39','seed_source_osm_salons_ng_20260502','ingested');
INSERT OR IGNORE INTO seed_entity_sources (id,seed_run_id,entity_type,entity_id,source_id,confidence_tier) VALUES ('es_s09_salon_3eb5a2f6dc5e9d39','seed_run_s09_osm_salons_20260502','organization','org_s09_salon_3eb5a2f6dc5e9d39','seed_source_osm_salons_ng_20260502','seeded');
INSERT OR IGNORE INTO seed_enrichment (id,seed_run_id,entity_type,entity_id,enrichment_type,enrichment_json) VALUES ('enr_s09_salon_3eb5a2f6dc5e9d39','seed_run_s09_osm_salons_20260502','organization','org_s09_salon_3eb5a2f6dc5e9d39','licence_data','{"osm_id": "5942753418", "amenity": "hairdresser", "addr_state": null, "denomination": null, "operator": null}');

INSERT OR IGNORE INTO organizations (id,tenant_id,organization_type,legal_name,display_name,registration_number,status,verification_state,created_at,updated_at) VALUES ('org_s09_salon_4a2c39c876409398','tenant_platform_seed','beauty_salon','Best Net Coiffure','Best Net Coiffure',NULL,'active','seeded',unixepoch(),unixepoch());
INSERT OR IGNORE INTO profiles (id,subject_id,subject_type,primary_place_id,tenant_id,workspace_id,display_name,created_at,updated_at) VALUES ('prof_s09_salon_4a2c39c876409398','org_s09_salon_4a2c39c876409398','organization','place_nigeria_001','tenant_platform_seed','workspace_platform_seed_discovery','Best Net Coiffure',unixepoch(),unixepoch());
INSERT OR IGNORE INTO search_entries (id,profile_id,display_name,keywords,ancestry_path,vertical,created_at,updated_at) VALUES ('se_s09_salon_4a2c39c876409398','prof_s09_salon_4a2c39c876409398','Best Net Coiffure','best net coiffure salon barber hair beauty nigeria','place_nigeria_001','beauty_salon',unixepoch(),unixepoch());
INSERT OR IGNORE INTO seed_ingestion_records (id,seed_run_id,entity_type,entity_id,source_id,status) VALUES ('ir_s09_salon_4a2c39c876409398','seed_run_s09_osm_salons_20260502','organization','org_s09_salon_4a2c39c876409398','seed_source_osm_salons_ng_20260502','ingested');
INSERT OR IGNORE INTO seed_entity_sources (id,seed_run_id,entity_type,entity_id,source_id,confidence_tier) VALUES ('es_s09_salon_4a2c39c876409398','seed_run_s09_osm_salons_20260502','organization','org_s09_salon_4a2c39c876409398','seed_source_osm_salons_ng_20260502','seeded');
INSERT OR IGNORE INTO seed_enrichment (id,seed_run_id,entity_type,entity_id,enrichment_type,enrichment_json) VALUES ('enr_s09_salon_4a2c39c876409398','seed_run_s09_osm_salons_20260502','organization','org_s09_salon_4a2c39c876409398','licence_data','{"osm_id": "5942753419", "amenity": "hairdresser", "addr_state": null, "denomination": null, "operator": null}');

INSERT OR IGNORE INTO organizations (id,tenant_id,organization_type,legal_name,display_name,registration_number,status,verification_state,created_at,updated_at) VALUES ('org_s09_salon_8246c3a8e5f6dcd8','tenant_platform_seed','beauty_salon','Merizoukou','Merizoukou',NULL,'active','seeded',unixepoch(),unixepoch());
INSERT OR IGNORE INTO profiles (id,subject_id,subject_type,primary_place_id,tenant_id,workspace_id,display_name,created_at,updated_at) VALUES ('prof_s09_salon_8246c3a8e5f6dcd8','org_s09_salon_8246c3a8e5f6dcd8','organization','place_nigeria_001','tenant_platform_seed','workspace_platform_seed_discovery','Merizoukou',unixepoch(),unixepoch());
INSERT OR IGNORE INTO search_entries (id,profile_id,display_name,keywords,ancestry_path,vertical,created_at,updated_at) VALUES ('se_s09_salon_8246c3a8e5f6dcd8','prof_s09_salon_8246c3a8e5f6dcd8','Merizoukou','merizoukou salon barber hair beauty nigeria','place_nigeria_001','beauty_salon',unixepoch(),unixepoch());
INSERT OR IGNORE INTO seed_ingestion_records (id,seed_run_id,entity_type,entity_id,source_id,status) VALUES ('ir_s09_salon_8246c3a8e5f6dcd8','seed_run_s09_osm_salons_20260502','organization','org_s09_salon_8246c3a8e5f6dcd8','seed_source_osm_salons_ng_20260502','ingested');
INSERT OR IGNORE INTO seed_entity_sources (id,seed_run_id,entity_type,entity_id,source_id,confidence_tier) VALUES ('es_s09_salon_8246c3a8e5f6dcd8','seed_run_s09_osm_salons_20260502','organization','org_s09_salon_8246c3a8e5f6dcd8','seed_source_osm_salons_ng_20260502','seeded');
INSERT OR IGNORE INTO seed_enrichment (id,seed_run_id,entity_type,entity_id,enrichment_type,enrichment_json) VALUES ('enr_s09_salon_8246c3a8e5f6dcd8','seed_run_s09_osm_salons_20260502','organization','org_s09_salon_8246c3a8e5f6dcd8','licence_data','{"osm_id": "5942753420", "amenity": "hairdresser", "addr_state": null, "denomination": null, "operator": null}');

INSERT OR IGNORE INTO organizations (id,tenant_id,organization_type,legal_name,display_name,registration_number,status,verification_state,created_at,updated_at) VALUES ('org_s09_salon_eaad74debb482788','tenant_platform_seed','beauty_salon','Mama','Mama',NULL,'active','seeded',unixepoch(),unixepoch());
INSERT OR IGNORE INTO profiles (id,subject_id,subject_type,primary_place_id,tenant_id,workspace_id,display_name,created_at,updated_at) VALUES ('prof_s09_salon_eaad74debb482788','org_s09_salon_eaad74debb482788','organization','place_nigeria_001','tenant_platform_seed','workspace_platform_seed_discovery','Mama',unixepoch(),unixepoch());
INSERT OR IGNORE INTO search_entries (id,profile_id,display_name,keywords,ancestry_path,vertical,created_at,updated_at) VALUES ('se_s09_salon_eaad74debb482788','prof_s09_salon_eaad74debb482788','Mama','mama salon barber hair beauty nigeria','place_nigeria_001','beauty_salon',unixepoch(),unixepoch());
INSERT OR IGNORE INTO seed_ingestion_records (id,seed_run_id,entity_type,entity_id,source_id,status) VALUES ('ir_s09_salon_eaad74debb482788','seed_run_s09_osm_salons_20260502','organization','org_s09_salon_eaad74debb482788','seed_source_osm_salons_ng_20260502','ingested');
INSERT OR IGNORE INTO seed_entity_sources (id,seed_run_id,entity_type,entity_id,source_id,confidence_tier) VALUES ('es_s09_salon_eaad74debb482788','seed_run_s09_osm_salons_20260502','organization','org_s09_salon_eaad74debb482788','seed_source_osm_salons_ng_20260502','seeded');
INSERT OR IGNORE INTO seed_enrichment (id,seed_run_id,entity_type,entity_id,enrichment_type,enrichment_json) VALUES ('enr_s09_salon_eaad74debb482788','seed_run_s09_osm_salons_20260502','organization','org_s09_salon_eaad74debb482788','licence_data','{"osm_id": "6881972086", "amenity": "hairdresser", "addr_state": null, "denomination": null, "operator": null}');

INSERT OR IGNORE INTO organizations (id,tenant_id,organization_type,legal_name,display_name,registration_number,status,verification_state,created_at,updated_at) VALUES ('org_s09_salon_f51524ecae4a514d','tenant_platform_seed','beauty_salon','Godbless fashion couture','Godbless fashion couture',NULL,'active','seeded',unixepoch(),unixepoch());
INSERT OR IGNORE INTO profiles (id,subject_id,subject_type,primary_place_id,tenant_id,workspace_id,display_name,created_at,updated_at) VALUES ('prof_s09_salon_f51524ecae4a514d','org_s09_salon_f51524ecae4a514d','organization','place_nigeria_001','tenant_platform_seed','workspace_platform_seed_discovery','Godbless fashion couture',unixepoch(),unixepoch());
INSERT OR IGNORE INTO search_entries (id,profile_id,display_name,keywords,ancestry_path,vertical,created_at,updated_at) VALUES ('se_s09_salon_f51524ecae4a514d','prof_s09_salon_f51524ecae4a514d','Godbless fashion couture','godbless fashion couture salon barber hair beauty nigeria','place_nigeria_001','beauty_salon',unixepoch(),unixepoch());
INSERT OR IGNORE INTO seed_ingestion_records (id,seed_run_id,entity_type,entity_id,source_id,status) VALUES ('ir_s09_salon_f51524ecae4a514d','seed_run_s09_osm_salons_20260502','organization','org_s09_salon_f51524ecae4a514d','seed_source_osm_salons_ng_20260502','ingested');
INSERT OR IGNORE INTO seed_entity_sources (id,seed_run_id,entity_type,entity_id,source_id,confidence_tier) VALUES ('es_s09_salon_f51524ecae4a514d','seed_run_s09_osm_salons_20260502','organization','org_s09_salon_f51524ecae4a514d','seed_source_osm_salons_ng_20260502','seeded');
INSERT OR IGNORE INTO seed_enrichment (id,seed_run_id,entity_type,entity_id,enrichment_type,enrichment_json) VALUES ('enr_s09_salon_f51524ecae4a514d','seed_run_s09_osm_salons_20260502','organization','org_s09_salon_f51524ecae4a514d','licence_data','{"osm_id": "7066228139", "amenity": "hairdresser", "addr_state": null, "denomination": null, "operator": null}');

INSERT OR IGNORE INTO organizations (id,tenant_id,organization_type,legal_name,display_name,registration_number,status,verification_state,created_at,updated_at) VALUES ('org_s09_salon_25e047fbfb60cb5c','tenant_platform_seed','beauty_salon','Ahmadou','Ahmadou',NULL,'active','seeded',unixepoch(),unixepoch());
INSERT OR IGNORE INTO profiles (id,subject_id,subject_type,primary_place_id,tenant_id,workspace_id,display_name,created_at,updated_at) VALUES ('prof_s09_salon_25e047fbfb60cb5c','org_s09_salon_25e047fbfb60cb5c','organization','place_nigeria_001','tenant_platform_seed','workspace_platform_seed_discovery','Ahmadou',unixepoch(),unixepoch());
INSERT OR IGNORE INTO search_entries (id,profile_id,display_name,keywords,ancestry_path,vertical,created_at,updated_at) VALUES ('se_s09_salon_25e047fbfb60cb5c','prof_s09_salon_25e047fbfb60cb5c','Ahmadou','ahmadou salon barber hair beauty nigeria','place_nigeria_001','beauty_salon',unixepoch(),unixepoch());
INSERT OR IGNORE INTO seed_ingestion_records (id,seed_run_id,entity_type,entity_id,source_id,status) VALUES ('ir_s09_salon_25e047fbfb60cb5c','seed_run_s09_osm_salons_20260502','organization','org_s09_salon_25e047fbfb60cb5c','seed_source_osm_salons_ng_20260502','ingested');
INSERT OR IGNORE INTO seed_entity_sources (id,seed_run_id,entity_type,entity_id,source_id,confidence_tier) VALUES ('es_s09_salon_25e047fbfb60cb5c','seed_run_s09_osm_salons_20260502','organization','org_s09_salon_25e047fbfb60cb5c','seed_source_osm_salons_ng_20260502','seeded');
INSERT OR IGNORE INTO seed_enrichment (id,seed_run_id,entity_type,entity_id,enrichment_type,enrichment_json) VALUES ('enr_s09_salon_25e047fbfb60cb5c','seed_run_s09_osm_salons_20260502','organization','org_s09_salon_25e047fbfb60cb5c','licence_data','{"osm_id": "9370839743", "amenity": "hairdresser", "addr_state": null, "denomination": null, "operator": null}');

INSERT OR IGNORE INTO organizations (id,tenant_id,organization_type,legal_name,display_name,registration_number,status,verification_state,created_at,updated_at) VALUES ('org_s09_salon_94b60aa0d59b3a6f','tenant_platform_seed','beauty_salon','Tonton Coiffure','Tonton Coiffure',NULL,'active','seeded',unixepoch(),unixepoch());
INSERT OR IGNORE INTO profiles (id,subject_id,subject_type,primary_place_id,tenant_id,workspace_id,display_name,created_at,updated_at) VALUES ('prof_s09_salon_94b60aa0d59b3a6f','org_s09_salon_94b60aa0d59b3a6f','organization','place_nigeria_001','tenant_platform_seed','workspace_platform_seed_discovery','Tonton Coiffure',unixepoch(),unixepoch());
INSERT OR IGNORE INTO search_entries (id,profile_id,display_name,keywords,ancestry_path,vertical,created_at,updated_at) VALUES ('se_s09_salon_94b60aa0d59b3a6f','prof_s09_salon_94b60aa0d59b3a6f','Tonton Coiffure','tonton coiffure salon barber hair beauty nigeria','place_nigeria_001','beauty_salon',unixepoch(),unixepoch());
INSERT OR IGNORE INTO seed_ingestion_records (id,seed_run_id,entity_type,entity_id,source_id,status) VALUES ('ir_s09_salon_94b60aa0d59b3a6f','seed_run_s09_osm_salons_20260502','organization','org_s09_salon_94b60aa0d59b3a6f','seed_source_osm_salons_ng_20260502','ingested');
INSERT OR IGNORE INTO seed_entity_sources (id,seed_run_id,entity_type,entity_id,source_id,confidence_tier) VALUES ('es_s09_salon_94b60aa0d59b3a6f','seed_run_s09_osm_salons_20260502','organization','org_s09_salon_94b60aa0d59b3a6f','seed_source_osm_salons_ng_20260502','seeded');
INSERT OR IGNORE INTO seed_enrichment (id,seed_run_id,entity_type,entity_id,enrichment_type,enrichment_json) VALUES ('enr_s09_salon_94b60aa0d59b3a6f','seed_run_s09_osm_salons_20260502','organization','org_s09_salon_94b60aa0d59b3a6f','licence_data','{"osm_id": "9370839748", "amenity": "hairdresser", "addr_state": null, "denomination": null, "operator": null}');

INSERT OR IGNORE INTO organizations (id,tenant_id,organization_type,legal_name,display_name,registration_number,status,verification_state,created_at,updated_at) VALUES ('org_s09_salon_3a37899b70a809c7','tenant_platform_seed','beauty_salon','Moussa','Moussa',NULL,'active','seeded',unixepoch(),unixepoch());
INSERT OR IGNORE INTO profiles (id,subject_id,subject_type,primary_place_id,tenant_id,workspace_id,display_name,created_at,updated_at) VALUES ('prof_s09_salon_3a37899b70a809c7','org_s09_salon_3a37899b70a809c7','organization','place_nigeria_001','tenant_platform_seed','workspace_platform_seed_discovery','Moussa',unixepoch(),unixepoch());
INSERT OR IGNORE INTO search_entries (id,profile_id,display_name,keywords,ancestry_path,vertical,created_at,updated_at) VALUES ('se_s09_salon_3a37899b70a809c7','prof_s09_salon_3a37899b70a809c7','Moussa','moussa salon barber hair beauty nigeria','place_nigeria_001','beauty_salon',unixepoch(),unixepoch());
INSERT OR IGNORE INTO seed_ingestion_records (id,seed_run_id,entity_type,entity_id,source_id,status) VALUES ('ir_s09_salon_3a37899b70a809c7','seed_run_s09_osm_salons_20260502','organization','org_s09_salon_3a37899b70a809c7','seed_source_osm_salons_ng_20260502','ingested');
INSERT OR IGNORE INTO seed_entity_sources (id,seed_run_id,entity_type,entity_id,source_id,confidence_tier) VALUES ('es_s09_salon_3a37899b70a809c7','seed_run_s09_osm_salons_20260502','organization','org_s09_salon_3a37899b70a809c7','seed_source_osm_salons_ng_20260502','seeded');
INSERT OR IGNORE INTO seed_enrichment (id,seed_run_id,entity_type,entity_id,enrichment_type,enrichment_json) VALUES ('enr_s09_salon_3a37899b70a809c7','seed_run_s09_osm_salons_20260502','organization','org_s09_salon_3a37899b70a809c7','licence_data','{"osm_id": "9370839749", "amenity": "hairdresser", "addr_state": null, "denomination": null, "operator": null}');

INSERT OR IGNORE INTO organizations (id,tenant_id,organization_type,legal_name,display_name,registration_number,status,verification_state,created_at,updated_at) VALUES ('org_s09_salon_311b6676f7d4b31f','tenant_platform_seed','beauty_salon','Obama Fashion/ Marie Coiffure','Obama Fashion/ Marie Coiffure',NULL,'active','seeded',unixepoch(),unixepoch());
INSERT OR IGNORE INTO profiles (id,subject_id,subject_type,primary_place_id,tenant_id,workspace_id,display_name,created_at,updated_at) VALUES ('prof_s09_salon_311b6676f7d4b31f','org_s09_salon_311b6676f7d4b31f','organization','place_nigeria_001','tenant_platform_seed','workspace_platform_seed_discovery','Obama Fashion/ Marie Coiffure',unixepoch(),unixepoch());
INSERT OR IGNORE INTO search_entries (id,profile_id,display_name,keywords,ancestry_path,vertical,created_at,updated_at) VALUES ('se_s09_salon_311b6676f7d4b31f','prof_s09_salon_311b6676f7d4b31f','Obama Fashion/ Marie Coiffure','obama fashion/ marie coiffure salon barber hair beauty nigeria','place_nigeria_001','beauty_salon',unixepoch(),unixepoch());
INSERT OR IGNORE INTO seed_ingestion_records (id,seed_run_id,entity_type,entity_id,source_id,status) VALUES ('ir_s09_salon_311b6676f7d4b31f','seed_run_s09_osm_salons_20260502','organization','org_s09_salon_311b6676f7d4b31f','seed_source_osm_salons_ng_20260502','ingested');
INSERT OR IGNORE INTO seed_entity_sources (id,seed_run_id,entity_type,entity_id,source_id,confidence_tier) VALUES ('es_s09_salon_311b6676f7d4b31f','seed_run_s09_osm_salons_20260502','organization','org_s09_salon_311b6676f7d4b31f','seed_source_osm_salons_ng_20260502','seeded');
INSERT OR IGNORE INTO seed_enrichment (id,seed_run_id,entity_type,entity_id,enrichment_type,enrichment_json) VALUES ('enr_s09_salon_311b6676f7d4b31f','seed_run_s09_osm_salons_20260502','organization','org_s09_salon_311b6676f7d4b31f','licence_data','{"osm_id": "363140052", "amenity": "hairdresser", "addr_state": null, "denomination": null, "operator": null}');

INSERT OR IGNORE INTO organizations (id,tenant_id,organization_type,legal_name,display_name,registration_number,status,verification_state,created_at,updated_at) VALUES ('org_s09_salon_51f934661f95d709','tenant_platform_seed','beauty_salon','Cosmetics','Cosmetics',NULL,'active','seeded',unixepoch(),unixepoch());
INSERT OR IGNORE INTO profiles (id,subject_id,subject_type,primary_place_id,tenant_id,workspace_id,display_name,created_at,updated_at) VALUES ('prof_s09_salon_51f934661f95d709','org_s09_salon_51f934661f95d709','organization','place_nigeria_001','tenant_platform_seed','workspace_platform_seed_discovery','Cosmetics',unixepoch(),unixepoch());
INSERT OR IGNORE INTO search_entries (id,profile_id,display_name,keywords,ancestry_path,vertical,created_at,updated_at) VALUES ('se_s09_salon_51f934661f95d709','prof_s09_salon_51f934661f95d709','Cosmetics','cosmetics salon barber hair beauty nigeria','place_nigeria_001','beauty_salon',unixepoch(),unixepoch());
INSERT OR IGNORE INTO seed_ingestion_records (id,seed_run_id,entity_type,entity_id,source_id,status) VALUES ('ir_s09_salon_51f934661f95d709','seed_run_s09_osm_salons_20260502','organization','org_s09_salon_51f934661f95d709','seed_source_osm_salons_ng_20260502','ingested');
INSERT OR IGNORE INTO seed_entity_sources (id,seed_run_id,entity_type,entity_id,source_id,confidence_tier) VALUES ('es_s09_salon_51f934661f95d709','seed_run_s09_osm_salons_20260502','organization','org_s09_salon_51f934661f95d709','seed_source_osm_salons_ng_20260502','seeded');
INSERT OR IGNORE INTO seed_enrichment (id,seed_run_id,entity_type,entity_id,enrichment_type,enrichment_json) VALUES ('enr_s09_salon_51f934661f95d709','seed_run_s09_osm_salons_20260502','organization','org_s09_salon_51f934661f95d709','licence_data','{"osm_id": "1067306392", "amenity": "hairdresser", "addr_state": null, "denomination": null, "operator": null}');

INSERT OR IGNORE INTO organizations (id,tenant_id,organization_type,legal_name,display_name,registration_number,status,verification_state,created_at,updated_at) VALUES ('org_s09_salon_08883c572e58ed24','tenant_platform_seed','beauty_salon','Salon de Coiffure Sai Godiya','Salon de Coiffure Sai Godiya',NULL,'active','seeded',unixepoch(),unixepoch());
INSERT OR IGNORE INTO profiles (id,subject_id,subject_type,primary_place_id,tenant_id,workspace_id,display_name,created_at,updated_at) VALUES ('prof_s09_salon_08883c572e58ed24','org_s09_salon_08883c572e58ed24','organization','place_nigeria_001','tenant_platform_seed','workspace_platform_seed_discovery','Salon de Coiffure Sai Godiya',unixepoch(),unixepoch());
INSERT OR IGNORE INTO search_entries (id,profile_id,display_name,keywords,ancestry_path,vertical,created_at,updated_at) VALUES ('se_s09_salon_08883c572e58ed24','prof_s09_salon_08883c572e58ed24','Salon de Coiffure Sai Godiya','salon de coiffure sai godiya salon barber hair beauty nigeria','place_nigeria_001','beauty_salon',unixepoch(),unixepoch());
INSERT OR IGNORE INTO seed_ingestion_records (id,seed_run_id,entity_type,entity_id,source_id,status) VALUES ('ir_s09_salon_08883c572e58ed24','seed_run_s09_osm_salons_20260502','organization','org_s09_salon_08883c572e58ed24','seed_source_osm_salons_ng_20260502','ingested');
INSERT OR IGNORE INTO seed_entity_sources (id,seed_run_id,entity_type,entity_id,source_id,confidence_tier) VALUES ('es_s09_salon_08883c572e58ed24','seed_run_s09_osm_salons_20260502','organization','org_s09_salon_08883c572e58ed24','seed_source_osm_salons_ng_20260502','seeded');
INSERT OR IGNORE INTO seed_enrichment (id,seed_run_id,entity_type,entity_id,enrichment_type,enrichment_json) VALUES ('enr_s09_salon_08883c572e58ed24','seed_run_s09_osm_salons_20260502','organization','org_s09_salon_08883c572e58ed24','licence_data','{"osm_id": "4306357782", "amenity": "hairdresser", "addr_state": null, "denomination": null, "operator": null}');

INSERT OR IGNORE INTO organizations (id,tenant_id,organization_type,legal_name,display_name,registration_number,status,verification_state,created_at,updated_at) VALUES ('org_s09_salon_fdb0f68376912e37','tenant_platform_seed','beauty_salon','Hamdane Store','Hamdane Store',NULL,'active','seeded',unixepoch(),unixepoch());
INSERT OR IGNORE INTO profiles (id,subject_id,subject_type,primary_place_id,tenant_id,workspace_id,display_name,created_at,updated_at) VALUES ('prof_s09_salon_fdb0f68376912e37','org_s09_salon_fdb0f68376912e37','organization','place_nigeria_001','tenant_platform_seed','workspace_platform_seed_discovery','Hamdane Store',unixepoch(),unixepoch());
INSERT OR IGNORE INTO search_entries (id,profile_id,display_name,keywords,ancestry_path,vertical,created_at,updated_at) VALUES ('se_s09_salon_fdb0f68376912e37','prof_s09_salon_fdb0f68376912e37','Hamdane Store','hamdane store salon barber hair beauty nigeria','place_nigeria_001','beauty_salon',unixepoch(),unixepoch());
INSERT OR IGNORE INTO seed_ingestion_records (id,seed_run_id,entity_type,entity_id,source_id,status) VALUES ('ir_s09_salon_fdb0f68376912e37','seed_run_s09_osm_salons_20260502','organization','org_s09_salon_fdb0f68376912e37','seed_source_osm_salons_ng_20260502','ingested');
INSERT OR IGNORE INTO seed_entity_sources (id,seed_run_id,entity_type,entity_id,source_id,confidence_tier) VALUES ('es_s09_salon_fdb0f68376912e37','seed_run_s09_osm_salons_20260502','organization','org_s09_salon_fdb0f68376912e37','seed_source_osm_salons_ng_20260502','seeded');
INSERT OR IGNORE INTO seed_enrichment (id,seed_run_id,entity_type,entity_id,enrichment_type,enrichment_json) VALUES ('enr_s09_salon_fdb0f68376912e37','seed_run_s09_osm_salons_20260502','organization','org_s09_salon_fdb0f68376912e37','licence_data','{"osm_id": "4306358108", "amenity": "beauty", "addr_state": null, "denomination": null, "operator": null}');

INSERT OR IGNORE INTO organizations (id,tenant_id,organization_type,legal_name,display_name,registration_number,status,verification_state,created_at,updated_at) VALUES ('org_s09_salon_4fd23407950792a3','tenant_platform_seed','beauty_salon','Boutique Afua','Boutique Afua',NULL,'active','seeded',unixepoch(),unixepoch());
INSERT OR IGNORE INTO profiles (id,subject_id,subject_type,primary_place_id,tenant_id,workspace_id,display_name,created_at,updated_at) VALUES ('prof_s09_salon_4fd23407950792a3','org_s09_salon_4fd23407950792a3','organization','place_nigeria_001','tenant_platform_seed','workspace_platform_seed_discovery','Boutique Afua',unixepoch(),unixepoch());
INSERT OR IGNORE INTO search_entries (id,profile_id,display_name,keywords,ancestry_path,vertical,created_at,updated_at) VALUES ('se_s09_salon_4fd23407950792a3','prof_s09_salon_4fd23407950792a3','Boutique Afua','boutique afua salon barber hair beauty nigeria','place_nigeria_001','beauty_salon',unixepoch(),unixepoch());
INSERT OR IGNORE INTO seed_ingestion_records (id,seed_run_id,entity_type,entity_id,source_id,status) VALUES ('ir_s09_salon_4fd23407950792a3','seed_run_s09_osm_salons_20260502','organization','org_s09_salon_4fd23407950792a3','seed_source_osm_salons_ng_20260502','ingested');
INSERT OR IGNORE INTO seed_entity_sources (id,seed_run_id,entity_type,entity_id,source_id,confidence_tier) VALUES ('es_s09_salon_4fd23407950792a3','seed_run_s09_osm_salons_20260502','organization','org_s09_salon_4fd23407950792a3','seed_source_osm_salons_ng_20260502','seeded');
INSERT OR IGNORE INTO seed_enrichment (id,seed_run_id,entity_type,entity_id,enrichment_type,enrichment_json) VALUES ('enr_s09_salon_4fd23407950792a3','seed_run_s09_osm_salons_20260502','organization','org_s09_salon_4fd23407950792a3','licence_data','{"osm_id": "4311479964", "amenity": "beauty", "addr_state": null, "denomination": null, "operator": null}');

INSERT OR IGNORE INTO organizations (id,tenant_id,organization_type,legal_name,display_name,registration_number,status,verification_state,created_at,updated_at) VALUES ('org_s09_salon_96471802aeab9a85','tenant_platform_seed','beauty_salon','depot Produits cosmetique Amoré','depot Produits cosmetique Amoré',NULL,'active','seeded',unixepoch(),unixepoch());
INSERT OR IGNORE INTO profiles (id,subject_id,subject_type,primary_place_id,tenant_id,workspace_id,display_name,created_at,updated_at) VALUES ('prof_s09_salon_96471802aeab9a85','org_s09_salon_96471802aeab9a85','organization','place_nigeria_001','tenant_platform_seed','workspace_platform_seed_discovery','depot Produits cosmetique Amoré',unixepoch(),unixepoch());
INSERT OR IGNORE INTO search_entries (id,profile_id,display_name,keywords,ancestry_path,vertical,created_at,updated_at) VALUES ('se_s09_salon_96471802aeab9a85','prof_s09_salon_96471802aeab9a85','depot Produits cosmetique Amoré','depot produits cosmetique amoré salon barber hair beauty nigeria','place_nigeria_001','beauty_salon',unixepoch(),unixepoch());
INSERT OR IGNORE INTO seed_ingestion_records (id,seed_run_id,entity_type,entity_id,source_id,status) VALUES ('ir_s09_salon_96471802aeab9a85','seed_run_s09_osm_salons_20260502','organization','org_s09_salon_96471802aeab9a85','seed_source_osm_salons_ng_20260502','ingested');
INSERT OR IGNORE INTO seed_entity_sources (id,seed_run_id,entity_type,entity_id,source_id,confidence_tier) VALUES ('es_s09_salon_96471802aeab9a85','seed_run_s09_osm_salons_20260502','organization','org_s09_salon_96471802aeab9a85','seed_source_osm_salons_ng_20260502','seeded');
INSERT OR IGNORE INTO seed_enrichment (id,seed_run_id,entity_type,entity_id,enrichment_type,enrichment_json) VALUES ('enr_s09_salon_96471802aeab9a85','seed_run_s09_osm_salons_20260502','organization','org_s09_salon_96471802aeab9a85','licence_data','{"osm_id": "4316032634", "amenity": "beauty", "addr_state": null, "denomination": null, "operator": null}');

INSERT OR IGNORE INTO organizations (id,tenant_id,organization_type,legal_name,display_name,registration_number,status,verification_state,created_at,updated_at) VALUES ('org_s09_salon_c1b74caa3840c690','tenant_platform_seed','beauty_salon','Niger Beauté','Niger Beauté',NULL,'active','seeded',unixepoch(),unixepoch());
INSERT OR IGNORE INTO profiles (id,subject_id,subject_type,primary_place_id,tenant_id,workspace_id,display_name,created_at,updated_at) VALUES ('prof_s09_salon_c1b74caa3840c690','org_s09_salon_c1b74caa3840c690','organization','place_nigeria_001','tenant_platform_seed','workspace_platform_seed_discovery','Niger Beauté',unixepoch(),unixepoch());
INSERT OR IGNORE INTO search_entries (id,profile_id,display_name,keywords,ancestry_path,vertical,created_at,updated_at) VALUES ('se_s09_salon_c1b74caa3840c690','prof_s09_salon_c1b74caa3840c690','Niger Beauté','niger beauté salon barber hair beauty nigeria','place_nigeria_001','beauty_salon',unixepoch(),unixepoch());
INSERT OR IGNORE INTO seed_ingestion_records (id,seed_run_id,entity_type,entity_id,source_id,status) VALUES ('ir_s09_salon_c1b74caa3840c690','seed_run_s09_osm_salons_20260502','organization','org_s09_salon_c1b74caa3840c690','seed_source_osm_salons_ng_20260502','ingested');
INSERT OR IGNORE INTO seed_entity_sources (id,seed_run_id,entity_type,entity_id,source_id,confidence_tier) VALUES ('es_s09_salon_c1b74caa3840c690','seed_run_s09_osm_salons_20260502','organization','org_s09_salon_c1b74caa3840c690','seed_source_osm_salons_ng_20260502','seeded');
INSERT OR IGNORE INTO seed_enrichment (id,seed_run_id,entity_type,entity_id,enrichment_type,enrichment_json) VALUES ('enr_s09_salon_c1b74caa3840c690','seed_run_s09_osm_salons_20260502','organization','org_s09_salon_c1b74caa3840c690','licence_data','{"osm_id": "4317446755", "amenity": "beauty", "addr_state": null, "denomination": null, "operator": null}');

INSERT OR IGNORE INTO organizations (id,tenant_id,organization_type,legal_name,display_name,registration_number,status,verification_state,created_at,updated_at) VALUES ('org_s09_salon_58b62c0583297c3f','tenant_platform_seed','beauty_salon','Parfumerie Géneral Macha Allah','Parfumerie Géneral Macha Allah',NULL,'active','seeded',unixepoch(),unixepoch());
INSERT OR IGNORE INTO profiles (id,subject_id,subject_type,primary_place_id,tenant_id,workspace_id,display_name,created_at,updated_at) VALUES ('prof_s09_salon_58b62c0583297c3f','org_s09_salon_58b62c0583297c3f','organization','place_nigeria_001','tenant_platform_seed','workspace_platform_seed_discovery','Parfumerie Géneral Macha Allah',unixepoch(),unixepoch());
INSERT OR IGNORE INTO search_entries (id,profile_id,display_name,keywords,ancestry_path,vertical,created_at,updated_at) VALUES ('se_s09_salon_58b62c0583297c3f','prof_s09_salon_58b62c0583297c3f','Parfumerie Géneral Macha Allah','parfumerie géneral macha allah salon barber hair beauty nigeria','place_nigeria_001','beauty_salon',unixepoch(),unixepoch());
INSERT OR IGNORE INTO seed_ingestion_records (id,seed_run_id,entity_type,entity_id,source_id,status) VALUES ('ir_s09_salon_58b62c0583297c3f','seed_run_s09_osm_salons_20260502','organization','org_s09_salon_58b62c0583297c3f','seed_source_osm_salons_ng_20260502','ingested');
INSERT OR IGNORE INTO seed_entity_sources (id,seed_run_id,entity_type,entity_id,source_id,confidence_tier) VALUES ('es_s09_salon_58b62c0583297c3f','seed_run_s09_osm_salons_20260502','organization','org_s09_salon_58b62c0583297c3f','seed_source_osm_salons_ng_20260502','seeded');
INSERT OR IGNORE INTO seed_enrichment (id,seed_run_id,entity_type,entity_id,enrichment_type,enrichment_json) VALUES ('enr_s09_salon_58b62c0583297c3f','seed_run_s09_osm_salons_20260502','organization','org_s09_salon_58b62c0583297c3f','licence_data','{"osm_id": "4317446758", "amenity": "beauty", "addr_state": null, "denomination": null, "operator": null}');

INSERT OR IGNORE INTO organizations (id,tenant_id,organization_type,legal_name,display_name,registration_number,status,verification_state,created_at,updated_at) VALUES ('org_s09_salon_b4ff24b3979f9806','tenant_platform_seed','beauty_salon','Salon de Coiffure Félicité Chawa','Salon de Coiffure Félicité Chawa',NULL,'active','seeded',unixepoch(),unixepoch());
INSERT OR IGNORE INTO profiles (id,subject_id,subject_type,primary_place_id,tenant_id,workspace_id,display_name,created_at,updated_at) VALUES ('prof_s09_salon_b4ff24b3979f9806','org_s09_salon_b4ff24b3979f9806','organization','place_nigeria_001','tenant_platform_seed','workspace_platform_seed_discovery','Salon de Coiffure Félicité Chawa',unixepoch(),unixepoch());
INSERT OR IGNORE INTO search_entries (id,profile_id,display_name,keywords,ancestry_path,vertical,created_at,updated_at) VALUES ('se_s09_salon_b4ff24b3979f9806','prof_s09_salon_b4ff24b3979f9806','Salon de Coiffure Félicité Chawa','salon de coiffure félicité chawa salon barber hair beauty nigeria','place_nigeria_001','beauty_salon',unixepoch(),unixepoch());
INSERT OR IGNORE INTO seed_ingestion_records (id,seed_run_id,entity_type,entity_id,source_id,status) VALUES ('ir_s09_salon_b4ff24b3979f9806','seed_run_s09_osm_salons_20260502','organization','org_s09_salon_b4ff24b3979f9806','seed_source_osm_salons_ng_20260502','ingested');
INSERT OR IGNORE INTO seed_entity_sources (id,seed_run_id,entity_type,entity_id,source_id,confidence_tier) VALUES ('es_s09_salon_b4ff24b3979f9806','seed_run_s09_osm_salons_20260502','organization','org_s09_salon_b4ff24b3979f9806','seed_source_osm_salons_ng_20260502','seeded');
INSERT OR IGNORE INTO seed_enrichment (id,seed_run_id,entity_type,entity_id,enrichment_type,enrichment_json) VALUES ('enr_s09_salon_b4ff24b3979f9806','seed_run_s09_osm_salons_20260502','organization','org_s09_salon_b4ff24b3979f9806','licence_data','{"osm_id": "4317446760", "amenity": "hairdresser", "addr_state": null, "denomination": null, "operator": null}');

INSERT OR IGNORE INTO organizations (id,tenant_id,organization_type,legal_name,display_name,registration_number,status,verification_state,created_at,updated_at) VALUES ('org_s09_salon_c633e5344a5b7189','tenant_platform_seed','beauty_salon','MARDOMS COIFFURE','MARDOMS COIFFURE',NULL,'active','seeded',unixepoch(),unixepoch());
INSERT OR IGNORE INTO profiles (id,subject_id,subject_type,primary_place_id,tenant_id,workspace_id,display_name,created_at,updated_at) VALUES ('prof_s09_salon_c633e5344a5b7189','org_s09_salon_c633e5344a5b7189','organization','place_nigeria_001','tenant_platform_seed','workspace_platform_seed_discovery','MARDOMS COIFFURE',unixepoch(),unixepoch());
INSERT OR IGNORE INTO search_entries (id,profile_id,display_name,keywords,ancestry_path,vertical,created_at,updated_at) VALUES ('se_s09_salon_c633e5344a5b7189','prof_s09_salon_c633e5344a5b7189','MARDOMS COIFFURE','mardoms coiffure salon barber hair beauty nigeria','place_nigeria_001','beauty_salon',unixepoch(),unixepoch());
INSERT OR IGNORE INTO seed_ingestion_records (id,seed_run_id,entity_type,entity_id,source_id,status) VALUES ('ir_s09_salon_c633e5344a5b7189','seed_run_s09_osm_salons_20260502','organization','org_s09_salon_c633e5344a5b7189','seed_source_osm_salons_ng_20260502','ingested');
INSERT OR IGNORE INTO seed_entity_sources (id,seed_run_id,entity_type,entity_id,source_id,confidence_tier) VALUES ('es_s09_salon_c633e5344a5b7189','seed_run_s09_osm_salons_20260502','organization','org_s09_salon_c633e5344a5b7189','seed_source_osm_salons_ng_20260502','seeded');
INSERT OR IGNORE INTO seed_enrichment (id,seed_run_id,entity_type,entity_id,enrichment_type,enrichment_json) VALUES ('enr_s09_salon_c633e5344a5b7189','seed_run_s09_osm_salons_20260502','organization','org_s09_salon_c633e5344a5b7189','licence_data','{"osm_id": "4788771421", "amenity": "hairdresser", "addr_state": null, "denomination": null, "operator": null}');

INSERT OR IGNORE INTO organizations (id,tenant_id,organization_type,legal_name,display_name,registration_number,status,verification_state,created_at,updated_at) VALUES ('org_s09_salon_f2d3a6cd539d3040','tenant_platform_seed','beauty_salon','Divine Restoration Beauty Parlor','Divine Restoration Beauty Parlor',NULL,'active','seeded',unixepoch(),unixepoch());
INSERT OR IGNORE INTO profiles (id,subject_id,subject_type,primary_place_id,tenant_id,workspace_id,display_name,created_at,updated_at) VALUES ('prof_s09_salon_f2d3a6cd539d3040','org_s09_salon_f2d3a6cd539d3040','organization','place_nigeria_001','tenant_platform_seed','workspace_platform_seed_discovery','Divine Restoration Beauty Parlor',unixepoch(),unixepoch());
INSERT OR IGNORE INTO search_entries (id,profile_id,display_name,keywords,ancestry_path,vertical,created_at,updated_at) VALUES ('se_s09_salon_f2d3a6cd539d3040','prof_s09_salon_f2d3a6cd539d3040','Divine Restoration Beauty Parlor','divine restoration beauty parlor salon barber hair beauty nigeria','place_nigeria_001','beauty_salon',unixepoch(),unixepoch());
INSERT OR IGNORE INTO seed_ingestion_records (id,seed_run_id,entity_type,entity_id,source_id,status) VALUES ('ir_s09_salon_f2d3a6cd539d3040','seed_run_s09_osm_salons_20260502','organization','org_s09_salon_f2d3a6cd539d3040','seed_source_osm_salons_ng_20260502','ingested');
INSERT OR IGNORE INTO seed_entity_sources (id,seed_run_id,entity_type,entity_id,source_id,confidence_tier) VALUES ('es_s09_salon_f2d3a6cd539d3040','seed_run_s09_osm_salons_20260502','organization','org_s09_salon_f2d3a6cd539d3040','seed_source_osm_salons_ng_20260502','seeded');
INSERT OR IGNORE INTO seed_enrichment (id,seed_run_id,entity_type,entity_id,enrichment_type,enrichment_json) VALUES ('enr_s09_salon_f2d3a6cd539d3040','seed_run_s09_osm_salons_20260502','organization','org_s09_salon_f2d3a6cd539d3040','licence_data','{"osm_id": "4996591022", "amenity": "beauty", "addr_state": null, "denomination": null, "operator": null}');

INSERT OR IGNORE INTO organizations (id,tenant_id,organization_type,legal_name,display_name,registration_number,status,verification_state,created_at,updated_at) VALUES ('org_s09_salon_1bb2f0be33361cb3','tenant_platform_seed','beauty_salon','YAK STYLE SERVICES 237','YAK STYLE SERVICES 237',NULL,'active','seeded',unixepoch(),unixepoch());
INSERT OR IGNORE INTO profiles (id,subject_id,subject_type,primary_place_id,tenant_id,workspace_id,display_name,created_at,updated_at) VALUES ('prof_s09_salon_1bb2f0be33361cb3','org_s09_salon_1bb2f0be33361cb3','organization','place_nigeria_001','tenant_platform_seed','workspace_platform_seed_discovery','YAK STYLE SERVICES 237',unixepoch(),unixepoch());
INSERT OR IGNORE INTO search_entries (id,profile_id,display_name,keywords,ancestry_path,vertical,created_at,updated_at) VALUES ('se_s09_salon_1bb2f0be33361cb3','prof_s09_salon_1bb2f0be33361cb3','YAK STYLE SERVICES 237','yak style services 237 salon barber hair beauty nigeria','place_nigeria_001','beauty_salon',unixepoch(),unixepoch());
INSERT OR IGNORE INTO seed_ingestion_records (id,seed_run_id,entity_type,entity_id,source_id,status) VALUES ('ir_s09_salon_1bb2f0be33361cb3','seed_run_s09_osm_salons_20260502','organization','org_s09_salon_1bb2f0be33361cb3','seed_source_osm_salons_ng_20260502','ingested');
INSERT OR IGNORE INTO seed_entity_sources (id,seed_run_id,entity_type,entity_id,source_id,confidence_tier) VALUES ('es_s09_salon_1bb2f0be33361cb3','seed_run_s09_osm_salons_20260502','organization','org_s09_salon_1bb2f0be33361cb3','seed_source_osm_salons_ng_20260502','seeded');
INSERT OR IGNORE INTO seed_enrichment (id,seed_run_id,entity_type,entity_id,enrichment_type,enrichment_json) VALUES ('enr_s09_salon_1bb2f0be33361cb3','seed_run_s09_osm_salons_20260502','organization','org_s09_salon_1bb2f0be33361cb3','licence_data','{"osm_id": "5344810221", "amenity": "hairdresser", "addr_state": null, "denomination": null, "operator": null}');

INSERT OR IGNORE INTO organizations (id,tenant_id,organization_type,legal_name,display_name,registration_number,status,verification_state,created_at,updated_at) VALUES ('org_s09_salon_c8a171284ae2ccad','tenant_platform_seed','beauty_salon','Coiffure','Coiffure',NULL,'active','seeded',unixepoch(),unixepoch());
INSERT OR IGNORE INTO profiles (id,subject_id,subject_type,primary_place_id,tenant_id,workspace_id,display_name,created_at,updated_at) VALUES ('prof_s09_salon_c8a171284ae2ccad','org_s09_salon_c8a171284ae2ccad','organization','place_nigeria_001','tenant_platform_seed','workspace_platform_seed_discovery','Coiffure',unixepoch(),unixepoch());
INSERT OR IGNORE INTO search_entries (id,profile_id,display_name,keywords,ancestry_path,vertical,created_at,updated_at) VALUES ('se_s09_salon_c8a171284ae2ccad','prof_s09_salon_c8a171284ae2ccad','Coiffure','coiffure salon barber hair beauty nigeria','place_nigeria_001','beauty_salon',unixepoch(),unixepoch());
INSERT OR IGNORE INTO seed_ingestion_records (id,seed_run_id,entity_type,entity_id,source_id,status) VALUES ('ir_s09_salon_c8a171284ae2ccad','seed_run_s09_osm_salons_20260502','organization','org_s09_salon_c8a171284ae2ccad','seed_source_osm_salons_ng_20260502','ingested');
INSERT OR IGNORE INTO seed_entity_sources (id,seed_run_id,entity_type,entity_id,source_id,confidence_tier) VALUES ('es_s09_salon_c8a171284ae2ccad','seed_run_s09_osm_salons_20260502','organization','org_s09_salon_c8a171284ae2ccad','seed_source_osm_salons_ng_20260502','seeded');
INSERT OR IGNORE INTO seed_enrichment (id,seed_run_id,entity_type,entity_id,enrichment_type,enrichment_json) VALUES ('enr_s09_salon_c8a171284ae2ccad','seed_run_s09_osm_salons_20260502','organization','org_s09_salon_c8a171284ae2ccad','licence_data','{"osm_id": "6684833127", "amenity": "hairdresser", "addr_state": null, "denomination": null, "operator": null}');

INSERT OR IGNORE INTO organizations (id,tenant_id,organization_type,legal_name,display_name,registration_number,status,verification_state,created_at,updated_at) VALUES ('org_s09_salon_86992600a07bbf67','tenant_platform_seed','beauty_salon','Parisienne Coiffure','Parisienne Coiffure',NULL,'active','seeded',unixepoch(),unixepoch());
INSERT OR IGNORE INTO profiles (id,subject_id,subject_type,primary_place_id,tenant_id,workspace_id,display_name,created_at,updated_at) VALUES ('prof_s09_salon_86992600a07bbf67','org_s09_salon_86992600a07bbf67','organization','place_nigeria_001','tenant_platform_seed','workspace_platform_seed_discovery','Parisienne Coiffure',unixepoch(),unixepoch());
INSERT OR IGNORE INTO search_entries (id,profile_id,display_name,keywords,ancestry_path,vertical,created_at,updated_at) VALUES ('se_s09_salon_86992600a07bbf67','prof_s09_salon_86992600a07bbf67','Parisienne Coiffure','parisienne coiffure salon barber hair beauty nigeria','place_nigeria_001','beauty_salon',unixepoch(),unixepoch());
INSERT OR IGNORE INTO seed_ingestion_records (id,seed_run_id,entity_type,entity_id,source_id,status) VALUES ('ir_s09_salon_86992600a07bbf67','seed_run_s09_osm_salons_20260502','organization','org_s09_salon_86992600a07bbf67','seed_source_osm_salons_ng_20260502','ingested');
INSERT OR IGNORE INTO seed_entity_sources (id,seed_run_id,entity_type,entity_id,source_id,confidence_tier) VALUES ('es_s09_salon_86992600a07bbf67','seed_run_s09_osm_salons_20260502','organization','org_s09_salon_86992600a07bbf67','seed_source_osm_salons_ng_20260502','seeded');
INSERT OR IGNORE INTO seed_enrichment (id,seed_run_id,entity_type,entity_id,enrichment_type,enrichment_json) VALUES ('enr_s09_salon_86992600a07bbf67','seed_run_s09_osm_salons_20260502','organization','org_s09_salon_86992600a07bbf67','licence_data','{"osm_id": "6684833128", "amenity": "hairdresser", "addr_state": null, "denomination": null, "operator": null}');

INSERT OR IGNORE INTO organizations (id,tenant_id,organization_type,legal_name,display_name,registration_number,status,verification_state,created_at,updated_at) VALUES ('org_s09_salon_152dd92c95ee0fb4','tenant_platform_seed','beauty_salon','Bakanjdja Coiffure','Bakanjdja Coiffure',NULL,'active','seeded',unixepoch(),unixepoch());
INSERT OR IGNORE INTO profiles (id,subject_id,subject_type,primary_place_id,tenant_id,workspace_id,display_name,created_at,updated_at) VALUES ('prof_s09_salon_152dd92c95ee0fb4','org_s09_salon_152dd92c95ee0fb4','organization','place_nigeria_001','tenant_platform_seed','workspace_platform_seed_discovery','Bakanjdja Coiffure',unixepoch(),unixepoch());
INSERT OR IGNORE INTO search_entries (id,profile_id,display_name,keywords,ancestry_path,vertical,created_at,updated_at) VALUES ('se_s09_salon_152dd92c95ee0fb4','prof_s09_salon_152dd92c95ee0fb4','Bakanjdja Coiffure','bakanjdja coiffure salon barber hair beauty nigeria','place_nigeria_001','beauty_salon',unixepoch(),unixepoch());
INSERT OR IGNORE INTO seed_ingestion_records (id,seed_run_id,entity_type,entity_id,source_id,status) VALUES ('ir_s09_salon_152dd92c95ee0fb4','seed_run_s09_osm_salons_20260502','organization','org_s09_salon_152dd92c95ee0fb4','seed_source_osm_salons_ng_20260502','ingested');
INSERT OR IGNORE INTO seed_entity_sources (id,seed_run_id,entity_type,entity_id,source_id,confidence_tier) VALUES ('es_s09_salon_152dd92c95ee0fb4','seed_run_s09_osm_salons_20260502','organization','org_s09_salon_152dd92c95ee0fb4','seed_source_osm_salons_ng_20260502','seeded');
INSERT OR IGNORE INTO seed_enrichment (id,seed_run_id,entity_type,entity_id,enrichment_type,enrichment_json) VALUES ('enr_s09_salon_152dd92c95ee0fb4','seed_run_s09_osm_salons_20260502','organization','org_s09_salon_152dd92c95ee0fb4','licence_data','{"osm_id": "6684833177", "amenity": "hairdresser", "addr_state": null, "denomination": null, "operator": null}');

INSERT OR IGNORE INTO organizations (id,tenant_id,organization_type,legal_name,display_name,registration_number,status,verification_state,created_at,updated_at) VALUES ('org_s09_salon_d71a71c39c887976','tenant_platform_seed','beauty_salon','Sarah Coiffure','Sarah Coiffure',NULL,'active','seeded',unixepoch(),unixepoch());
INSERT OR IGNORE INTO profiles (id,subject_id,subject_type,primary_place_id,tenant_id,workspace_id,display_name,created_at,updated_at) VALUES ('prof_s09_salon_d71a71c39c887976','org_s09_salon_d71a71c39c887976','organization','place_nigeria_001','tenant_platform_seed','workspace_platform_seed_discovery','Sarah Coiffure',unixepoch(),unixepoch());
INSERT OR IGNORE INTO search_entries (id,profile_id,display_name,keywords,ancestry_path,vertical,created_at,updated_at) VALUES ('se_s09_salon_d71a71c39c887976','prof_s09_salon_d71a71c39c887976','Sarah Coiffure','sarah coiffure salon barber hair beauty nigeria','place_nigeria_001','beauty_salon',unixepoch(),unixepoch());
INSERT OR IGNORE INTO seed_ingestion_records (id,seed_run_id,entity_type,entity_id,source_id,status) VALUES ('ir_s09_salon_d71a71c39c887976','seed_run_s09_osm_salons_20260502','organization','org_s09_salon_d71a71c39c887976','seed_source_osm_salons_ng_20260502','ingested');
INSERT OR IGNORE INTO seed_entity_sources (id,seed_run_id,entity_type,entity_id,source_id,confidence_tier) VALUES ('es_s09_salon_d71a71c39c887976','seed_run_s09_osm_salons_20260502','organization','org_s09_salon_d71a71c39c887976','seed_source_osm_salons_ng_20260502','seeded');
INSERT OR IGNORE INTO seed_enrichment (id,seed_run_id,entity_type,entity_id,enrichment_type,enrichment_json) VALUES ('enr_s09_salon_d71a71c39c887976','seed_run_s09_osm_salons_20260502','organization','org_s09_salon_d71a71c39c887976','licence_data','{"osm_id": "6684842598", "amenity": "hairdresser", "addr_state": null, "denomination": null, "operator": null}');

INSERT OR IGNORE INTO organizations (id,tenant_id,organization_type,legal_name,display_name,registration_number,status,verification_state,created_at,updated_at) VALUES ('org_s09_salon_78fc9758980e51bf','tenant_platform_seed','beauty_salon','Steve Coiffure','Steve Coiffure',NULL,'active','seeded',unixepoch(),unixepoch());
INSERT OR IGNORE INTO profiles (id,subject_id,subject_type,primary_place_id,tenant_id,workspace_id,display_name,created_at,updated_at) VALUES ('prof_s09_salon_78fc9758980e51bf','org_s09_salon_78fc9758980e51bf','organization','place_nigeria_001','tenant_platform_seed','workspace_platform_seed_discovery','Steve Coiffure',unixepoch(),unixepoch());
INSERT OR IGNORE INTO search_entries (id,profile_id,display_name,keywords,ancestry_path,vertical,created_at,updated_at) VALUES ('se_s09_salon_78fc9758980e51bf','prof_s09_salon_78fc9758980e51bf','Steve Coiffure','steve coiffure salon barber hair beauty nigeria','place_nigeria_001','beauty_salon',unixepoch(),unixepoch());
INSERT OR IGNORE INTO seed_ingestion_records (id,seed_run_id,entity_type,entity_id,source_id,status) VALUES ('ir_s09_salon_78fc9758980e51bf','seed_run_s09_osm_salons_20260502','organization','org_s09_salon_78fc9758980e51bf','seed_source_osm_salons_ng_20260502','ingested');
INSERT OR IGNORE INTO seed_entity_sources (id,seed_run_id,entity_type,entity_id,source_id,confidence_tier) VALUES ('es_s09_salon_78fc9758980e51bf','seed_run_s09_osm_salons_20260502','organization','org_s09_salon_78fc9758980e51bf','seed_source_osm_salons_ng_20260502','seeded');
INSERT OR IGNORE INTO seed_enrichment (id,seed_run_id,entity_type,entity_id,enrichment_type,enrichment_json) VALUES ('enr_s09_salon_78fc9758980e51bf','seed_run_s09_osm_salons_20260502','organization','org_s09_salon_78fc9758980e51bf','licence_data','{"osm_id": "6684842599", "amenity": "hairdresser", "addr_state": null, "denomination": null, "operator": null}');

INSERT OR IGNORE INTO organizations (id,tenant_id,organization_type,legal_name,display_name,registration_number,status,verification_state,created_at,updated_at) VALUES ('org_s09_salon_3ea552de653c3bee','tenant_platform_seed','beauty_salon','Design Coiffure','Design Coiffure',NULL,'active','seeded',unixepoch(),unixepoch());
INSERT OR IGNORE INTO profiles (id,subject_id,subject_type,primary_place_id,tenant_id,workspace_id,display_name,created_at,updated_at) VALUES ('prof_s09_salon_3ea552de653c3bee','org_s09_salon_3ea552de653c3bee','organization','place_nigeria_001','tenant_platform_seed','workspace_platform_seed_discovery','Design Coiffure',unixepoch(),unixepoch());
INSERT OR IGNORE INTO search_entries (id,profile_id,display_name,keywords,ancestry_path,vertical,created_at,updated_at) VALUES ('se_s09_salon_3ea552de653c3bee','prof_s09_salon_3ea552de653c3bee','Design Coiffure','design coiffure salon barber hair beauty nigeria','place_nigeria_001','beauty_salon',unixepoch(),unixepoch());
INSERT OR IGNORE INTO seed_ingestion_records (id,seed_run_id,entity_type,entity_id,source_id,status) VALUES ('ir_s09_salon_3ea552de653c3bee','seed_run_s09_osm_salons_20260502','organization','org_s09_salon_3ea552de653c3bee','seed_source_osm_salons_ng_20260502','ingested');
INSERT OR IGNORE INTO seed_entity_sources (id,seed_run_id,entity_type,entity_id,source_id,confidence_tier) VALUES ('es_s09_salon_3ea552de653c3bee','seed_run_s09_osm_salons_20260502','organization','org_s09_salon_3ea552de653c3bee','seed_source_osm_salons_ng_20260502','seeded');
INSERT OR IGNORE INTO seed_enrichment (id,seed_run_id,entity_type,entity_id,enrichment_type,enrichment_json) VALUES ('enr_s09_salon_3ea552de653c3bee','seed_run_s09_osm_salons_20260502','organization','org_s09_salon_3ea552de653c3bee','licence_data','{"osm_id": "6684842600", "amenity": "hairdresser", "addr_state": null, "denomination": null, "operator": null}');

INSERT OR IGNORE INTO organizations (id,tenant_id,organization_type,legal_name,display_name,registration_number,status,verification_state,created_at,updated_at) VALUES ('org_s09_salon_5f44af42c440e406','tenant_platform_seed','beauty_salon','Intelligencia Fashion','Intelligencia Fashion',NULL,'active','seeded',unixepoch(),unixepoch());
INSERT OR IGNORE INTO profiles (id,subject_id,subject_type,primary_place_id,tenant_id,workspace_id,display_name,created_at,updated_at) VALUES ('prof_s09_salon_5f44af42c440e406','org_s09_salon_5f44af42c440e406','organization','place_nigeria_001','tenant_platform_seed','workspace_platform_seed_discovery','Intelligencia Fashion',unixepoch(),unixepoch());
INSERT OR IGNORE INTO search_entries (id,profile_id,display_name,keywords,ancestry_path,vertical,created_at,updated_at) VALUES ('se_s09_salon_5f44af42c440e406','prof_s09_salon_5f44af42c440e406','Intelligencia Fashion','intelligencia fashion salon barber hair beauty nigeria','place_nigeria_001','beauty_salon',unixepoch(),unixepoch());
INSERT OR IGNORE INTO seed_ingestion_records (id,seed_run_id,entity_type,entity_id,source_id,status) VALUES ('ir_s09_salon_5f44af42c440e406','seed_run_s09_osm_salons_20260502','organization','org_s09_salon_5f44af42c440e406','seed_source_osm_salons_ng_20260502','ingested');
INSERT OR IGNORE INTO seed_entity_sources (id,seed_run_id,entity_type,entity_id,source_id,confidence_tier) VALUES ('es_s09_salon_5f44af42c440e406','seed_run_s09_osm_salons_20260502','organization','org_s09_salon_5f44af42c440e406','seed_source_osm_salons_ng_20260502','seeded');
INSERT OR IGNORE INTO seed_enrichment (id,seed_run_id,entity_type,entity_id,enrichment_type,enrichment_json) VALUES ('enr_s09_salon_5f44af42c440e406','seed_run_s09_osm_salons_20260502','organization','org_s09_salon_5f44af42c440e406','licence_data','{"osm_id": "6684842601", "amenity": "hairdresser", "addr_state": null, "denomination": null, "operator": null}');

INSERT OR IGNORE INTO organizations (id,tenant_id,organization_type,legal_name,display_name,registration_number,status,verification_state,created_at,updated_at) VALUES ('org_s09_salon_fcc5a8b984380990','tenant_platform_seed','beauty_salon','Coiffure','Coiffure',NULL,'active','seeded',unixepoch(),unixepoch());
INSERT OR IGNORE INTO profiles (id,subject_id,subject_type,primary_place_id,tenant_id,workspace_id,display_name,created_at,updated_at) VALUES ('prof_s09_salon_fcc5a8b984380990','org_s09_salon_fcc5a8b984380990','organization','place_nigeria_001','tenant_platform_seed','workspace_platform_seed_discovery','Coiffure',unixepoch(),unixepoch());
INSERT OR IGNORE INTO search_entries (id,profile_id,display_name,keywords,ancestry_path,vertical,created_at,updated_at) VALUES ('se_s09_salon_fcc5a8b984380990','prof_s09_salon_fcc5a8b984380990','Coiffure','coiffure salon barber hair beauty nigeria','place_nigeria_001','beauty_salon',unixepoch(),unixepoch());
INSERT OR IGNORE INTO seed_ingestion_records (id,seed_run_id,entity_type,entity_id,source_id,status) VALUES ('ir_s09_salon_fcc5a8b984380990','seed_run_s09_osm_salons_20260502','organization','org_s09_salon_fcc5a8b984380990','seed_source_osm_salons_ng_20260502','ingested');
INSERT OR IGNORE INTO seed_entity_sources (id,seed_run_id,entity_type,entity_id,source_id,confidence_tier) VALUES ('es_s09_salon_fcc5a8b984380990','seed_run_s09_osm_salons_20260502','organization','org_s09_salon_fcc5a8b984380990','seed_source_osm_salons_ng_20260502','seeded');
INSERT OR IGNORE INTO seed_enrichment (id,seed_run_id,entity_type,entity_id,enrichment_type,enrichment_json) VALUES ('enr_s09_salon_fcc5a8b984380990','seed_run_s09_osm_salons_20260502','organization','org_s09_salon_fcc5a8b984380990','licence_data','{"osm_id": "6684842602", "amenity": "hairdresser", "addr_state": null, "denomination": null, "operator": null}');

INSERT OR IGNORE INTO organizations (id,tenant_id,organization_type,legal_name,display_name,registration_number,status,verification_state,created_at,updated_at) VALUES ('org_s09_salon_ff1ccbc85443033d','tenant_platform_seed','beauty_salon','Coiffure','Coiffure',NULL,'active','seeded',unixepoch(),unixepoch());
INSERT OR IGNORE INTO profiles (id,subject_id,subject_type,primary_place_id,tenant_id,workspace_id,display_name,created_at,updated_at) VALUES ('prof_s09_salon_ff1ccbc85443033d','org_s09_salon_ff1ccbc85443033d','organization','place_nigeria_001','tenant_platform_seed','workspace_platform_seed_discovery','Coiffure',unixepoch(),unixepoch());
INSERT OR IGNORE INTO search_entries (id,profile_id,display_name,keywords,ancestry_path,vertical,created_at,updated_at) VALUES ('se_s09_salon_ff1ccbc85443033d','prof_s09_salon_ff1ccbc85443033d','Coiffure','coiffure salon barber hair beauty nigeria','place_nigeria_001','beauty_salon',unixepoch(),unixepoch());
INSERT OR IGNORE INTO seed_ingestion_records (id,seed_run_id,entity_type,entity_id,source_id,status) VALUES ('ir_s09_salon_ff1ccbc85443033d','seed_run_s09_osm_salons_20260502','organization','org_s09_salon_ff1ccbc85443033d','seed_source_osm_salons_ng_20260502','ingested');
INSERT OR IGNORE INTO seed_entity_sources (id,seed_run_id,entity_type,entity_id,source_id,confidence_tier) VALUES ('es_s09_salon_ff1ccbc85443033d','seed_run_s09_osm_salons_20260502','organization','org_s09_salon_ff1ccbc85443033d','seed_source_osm_salons_ng_20260502','seeded');
INSERT OR IGNORE INTO seed_enrichment (id,seed_run_id,entity_type,entity_id,enrichment_type,enrichment_json) VALUES ('enr_s09_salon_ff1ccbc85443033d','seed_run_s09_osm_salons_20260502','organization','org_s09_salon_ff1ccbc85443033d','licence_data','{"osm_id": "6684842603", "amenity": "hairdresser", "addr_state": null, "denomination": null, "operator": null}');

INSERT OR IGNORE INTO organizations (id,tenant_id,organization_type,legal_name,display_name,registration_number,status,verification_state,created_at,updated_at) VALUES ('org_s09_salon_a74c0a72324288de','tenant_platform_seed','beauty_salon','Fan Club Zoua Coiffure','Fan Club Zoua Coiffure',NULL,'active','seeded',unixepoch(),unixepoch());
INSERT OR IGNORE INTO profiles (id,subject_id,subject_type,primary_place_id,tenant_id,workspace_id,display_name,created_at,updated_at) VALUES ('prof_s09_salon_a74c0a72324288de','org_s09_salon_a74c0a72324288de','organization','place_nigeria_001','tenant_platform_seed','workspace_platform_seed_discovery','Fan Club Zoua Coiffure',unixepoch(),unixepoch());
INSERT OR IGNORE INTO search_entries (id,profile_id,display_name,keywords,ancestry_path,vertical,created_at,updated_at) VALUES ('se_s09_salon_a74c0a72324288de','prof_s09_salon_a74c0a72324288de','Fan Club Zoua Coiffure','fan club zoua coiffure salon barber hair beauty nigeria','place_nigeria_001','beauty_salon',unixepoch(),unixepoch());
INSERT OR IGNORE INTO seed_ingestion_records (id,seed_run_id,entity_type,entity_id,source_id,status) VALUES ('ir_s09_salon_a74c0a72324288de','seed_run_s09_osm_salons_20260502','organization','org_s09_salon_a74c0a72324288de','seed_source_osm_salons_ng_20260502','ingested');
INSERT OR IGNORE INTO seed_entity_sources (id,seed_run_id,entity_type,entity_id,source_id,confidence_tier) VALUES ('es_s09_salon_a74c0a72324288de','seed_run_s09_osm_salons_20260502','organization','org_s09_salon_a74c0a72324288de','seed_source_osm_salons_ng_20260502','seeded');
INSERT OR IGNORE INTO seed_enrichment (id,seed_run_id,entity_type,entity_id,enrichment_type,enrichment_json) VALUES ('enr_s09_salon_a74c0a72324288de','seed_run_s09_osm_salons_20260502','organization','org_s09_salon_a74c0a72324288de','licence_data','{"osm_id": "6684842604", "amenity": "hairdresser", "addr_state": null, "denomination": null, "operator": null}');

INSERT OR IGNORE INTO organizations (id,tenant_id,organization_type,legal_name,display_name,registration_number,status,verification_state,created_at,updated_at) VALUES ('org_s09_salon_06b36b26fba3e54e','tenant_platform_seed','beauty_salon','Android Coiffure','Android Coiffure',NULL,'active','seeded',unixepoch(),unixepoch());
INSERT OR IGNORE INTO profiles (id,subject_id,subject_type,primary_place_id,tenant_id,workspace_id,display_name,created_at,updated_at) VALUES ('prof_s09_salon_06b36b26fba3e54e','org_s09_salon_06b36b26fba3e54e','organization','place_nigeria_001','tenant_platform_seed','workspace_platform_seed_discovery','Android Coiffure',unixepoch(),unixepoch());
INSERT OR IGNORE INTO search_entries (id,profile_id,display_name,keywords,ancestry_path,vertical,created_at,updated_at) VALUES ('se_s09_salon_06b36b26fba3e54e','prof_s09_salon_06b36b26fba3e54e','Android Coiffure','android coiffure salon barber hair beauty nigeria','place_nigeria_001','beauty_salon',unixepoch(),unixepoch());
INSERT OR IGNORE INTO seed_ingestion_records (id,seed_run_id,entity_type,entity_id,source_id,status) VALUES ('ir_s09_salon_06b36b26fba3e54e','seed_run_s09_osm_salons_20260502','organization','org_s09_salon_06b36b26fba3e54e','seed_source_osm_salons_ng_20260502','ingested');
INSERT OR IGNORE INTO seed_entity_sources (id,seed_run_id,entity_type,entity_id,source_id,confidence_tier) VALUES ('es_s09_salon_06b36b26fba3e54e','seed_run_s09_osm_salons_20260502','organization','org_s09_salon_06b36b26fba3e54e','seed_source_osm_salons_ng_20260502','seeded');
INSERT OR IGNORE INTO seed_enrichment (id,seed_run_id,entity_type,entity_id,enrichment_type,enrichment_json) VALUES ('enr_s09_salon_06b36b26fba3e54e','seed_run_s09_osm_salons_20260502','organization','org_s09_salon_06b36b26fba3e54e','licence_data','{"osm_id": "6684842605", "amenity": "hairdresser", "addr_state": null, "denomination": null, "operator": null}');

INSERT OR IGNORE INTO organizations (id,tenant_id,organization_type,legal_name,display_name,registration_number,status,verification_state,created_at,updated_at) VALUES ('org_s09_salon_15efdf441c013af5','tenant_platform_seed','beauty_salon','Elegance Coiffure','Elegance Coiffure',NULL,'active','seeded',unixepoch(),unixepoch());
INSERT OR IGNORE INTO profiles (id,subject_id,subject_type,primary_place_id,tenant_id,workspace_id,display_name,created_at,updated_at) VALUES ('prof_s09_salon_15efdf441c013af5','org_s09_salon_15efdf441c013af5','organization','place_nigeria_001','tenant_platform_seed','workspace_platform_seed_discovery','Elegance Coiffure',unixepoch(),unixepoch());
INSERT OR IGNORE INTO search_entries (id,profile_id,display_name,keywords,ancestry_path,vertical,created_at,updated_at) VALUES ('se_s09_salon_15efdf441c013af5','prof_s09_salon_15efdf441c013af5','Elegance Coiffure','elegance coiffure salon barber hair beauty nigeria','place_nigeria_001','beauty_salon',unixepoch(),unixepoch());
INSERT OR IGNORE INTO seed_ingestion_records (id,seed_run_id,entity_type,entity_id,source_id,status) VALUES ('ir_s09_salon_15efdf441c013af5','seed_run_s09_osm_salons_20260502','organization','org_s09_salon_15efdf441c013af5','seed_source_osm_salons_ng_20260502','ingested');
INSERT OR IGNORE INTO seed_entity_sources (id,seed_run_id,entity_type,entity_id,source_id,confidence_tier) VALUES ('es_s09_salon_15efdf441c013af5','seed_run_s09_osm_salons_20260502','organization','org_s09_salon_15efdf441c013af5','seed_source_osm_salons_ng_20260502','seeded');
INSERT OR IGNORE INTO seed_enrichment (id,seed_run_id,entity_type,entity_id,enrichment_type,enrichment_json) VALUES ('enr_s09_salon_15efdf441c013af5','seed_run_s09_osm_salons_20260502','organization','org_s09_salon_15efdf441c013af5','licence_data','{"osm_id": "6684842606", "amenity": "hairdresser", "addr_state": null, "denomination": null, "operator": null}');

INSERT OR IGNORE INTO organizations (id,tenant_id,organization_type,legal_name,display_name,registration_number,status,verification_state,created_at,updated_at) VALUES ('org_s09_salon_f2cdc5b43655e553','tenant_platform_seed','beauty_salon','Salon De Coiffure','Salon De Coiffure',NULL,'active','seeded',unixepoch(),unixepoch());
INSERT OR IGNORE INTO profiles (id,subject_id,subject_type,primary_place_id,tenant_id,workspace_id,display_name,created_at,updated_at) VALUES ('prof_s09_salon_f2cdc5b43655e553','org_s09_salon_f2cdc5b43655e553','organization','place_nigeria_001','tenant_platform_seed','workspace_platform_seed_discovery','Salon De Coiffure',unixepoch(),unixepoch());
INSERT OR IGNORE INTO search_entries (id,profile_id,display_name,keywords,ancestry_path,vertical,created_at,updated_at) VALUES ('se_s09_salon_f2cdc5b43655e553','prof_s09_salon_f2cdc5b43655e553','Salon De Coiffure','salon de coiffure salon barber hair beauty nigeria','place_nigeria_001','beauty_salon',unixepoch(),unixepoch());
INSERT OR IGNORE INTO seed_ingestion_records (id,seed_run_id,entity_type,entity_id,source_id,status) VALUES ('ir_s09_salon_f2cdc5b43655e553','seed_run_s09_osm_salons_20260502','organization','org_s09_salon_f2cdc5b43655e553','seed_source_osm_salons_ng_20260502','ingested');
INSERT OR IGNORE INTO seed_entity_sources (id,seed_run_id,entity_type,entity_id,source_id,confidence_tier) VALUES ('es_s09_salon_f2cdc5b43655e553','seed_run_s09_osm_salons_20260502','organization','org_s09_salon_f2cdc5b43655e553','seed_source_osm_salons_ng_20260502','seeded');
INSERT OR IGNORE INTO seed_enrichment (id,seed_run_id,entity_type,entity_id,enrichment_type,enrichment_json) VALUES ('enr_s09_salon_f2cdc5b43655e553','seed_run_s09_osm_salons_20260502','organization','org_s09_salon_f2cdc5b43655e553','licence_data','{"osm_id": "6684842607", "amenity": "hairdresser", "addr_state": null, "denomination": null, "operator": null}');

INSERT OR IGNORE INTO organizations (id,tenant_id,organization_type,legal_name,display_name,registration_number,status,verification_state,created_at,updated_at) VALUES ('org_s09_salon_24b65a9e1ced8f3b','tenant_platform_seed','beauty_salon','Soins Et Esthétique','Soins Et Esthétique',NULL,'active','seeded',unixepoch(),unixepoch());
INSERT OR IGNORE INTO profiles (id,subject_id,subject_type,primary_place_id,tenant_id,workspace_id,display_name,created_at,updated_at) VALUES ('prof_s09_salon_24b65a9e1ced8f3b','org_s09_salon_24b65a9e1ced8f3b','organization','place_nigeria_001','tenant_platform_seed','workspace_platform_seed_discovery','Soins Et Esthétique',unixepoch(),unixepoch());
INSERT OR IGNORE INTO search_entries (id,profile_id,display_name,keywords,ancestry_path,vertical,created_at,updated_at) VALUES ('se_s09_salon_24b65a9e1ced8f3b','prof_s09_salon_24b65a9e1ced8f3b','Soins Et Esthétique','soins et esthétique salon barber hair beauty nigeria','place_nigeria_001','beauty_salon',unixepoch(),unixepoch());
INSERT OR IGNORE INTO seed_ingestion_records (id,seed_run_id,entity_type,entity_id,source_id,status) VALUES ('ir_s09_salon_24b65a9e1ced8f3b','seed_run_s09_osm_salons_20260502','organization','org_s09_salon_24b65a9e1ced8f3b','seed_source_osm_salons_ng_20260502','ingested');
INSERT OR IGNORE INTO seed_entity_sources (id,seed_run_id,entity_type,entity_id,source_id,confidence_tier) VALUES ('es_s09_salon_24b65a9e1ced8f3b','seed_run_s09_osm_salons_20260502','organization','org_s09_salon_24b65a9e1ced8f3b','seed_source_osm_salons_ng_20260502','seeded');
INSERT OR IGNORE INTO seed_enrichment (id,seed_run_id,entity_type,entity_id,enrichment_type,enrichment_json) VALUES ('enr_s09_salon_24b65a9e1ced8f3b','seed_run_s09_osm_salons_20260502','organization','org_s09_salon_24b65a9e1ced8f3b','licence_data','{"osm_id": "6684842608", "amenity": "hairdresser", "addr_state": null, "denomination": null, "operator": null}');

INSERT OR IGNORE INTO organizations (id,tenant_id,organization_type,legal_name,display_name,registration_number,status,verification_state,created_at,updated_at) VALUES ('org_s09_salon_39f83e0cb693c285','tenant_platform_seed','beauty_salon','Salon De Coiffure','Salon De Coiffure',NULL,'active','seeded',unixepoch(),unixepoch());
INSERT OR IGNORE INTO profiles (id,subject_id,subject_type,primary_place_id,tenant_id,workspace_id,display_name,created_at,updated_at) VALUES ('prof_s09_salon_39f83e0cb693c285','org_s09_salon_39f83e0cb693c285','organization','place_nigeria_001','tenant_platform_seed','workspace_platform_seed_discovery','Salon De Coiffure',unixepoch(),unixepoch());
INSERT OR IGNORE INTO search_entries (id,profile_id,display_name,keywords,ancestry_path,vertical,created_at,updated_at) VALUES ('se_s09_salon_39f83e0cb693c285','prof_s09_salon_39f83e0cb693c285','Salon De Coiffure','salon de coiffure salon barber hair beauty nigeria','place_nigeria_001','beauty_salon',unixepoch(),unixepoch());
INSERT OR IGNORE INTO seed_ingestion_records (id,seed_run_id,entity_type,entity_id,source_id,status) VALUES ('ir_s09_salon_39f83e0cb693c285','seed_run_s09_osm_salons_20260502','organization','org_s09_salon_39f83e0cb693c285','seed_source_osm_salons_ng_20260502','ingested');
INSERT OR IGNORE INTO seed_entity_sources (id,seed_run_id,entity_type,entity_id,source_id,confidence_tier) VALUES ('es_s09_salon_39f83e0cb693c285','seed_run_s09_osm_salons_20260502','organization','org_s09_salon_39f83e0cb693c285','seed_source_osm_salons_ng_20260502','seeded');
INSERT OR IGNORE INTO seed_enrichment (id,seed_run_id,entity_type,entity_id,enrichment_type,enrichment_json) VALUES ('enr_s09_salon_39f83e0cb693c285','seed_run_s09_osm_salons_20260502','organization','org_s09_salon_39f83e0cb693c285','licence_data','{"osm_id": "6684842609", "amenity": "hairdresser", "addr_state": null, "denomination": null, "operator": null}');

INSERT OR IGNORE INTO organizations (id,tenant_id,organization_type,legal_name,display_name,registration_number,status,verification_state,created_at,updated_at) VALUES ('org_s09_salon_f45c824a9a7d536c','tenant_platform_seed','beauty_salon','Salon De Coiffure','Salon De Coiffure',NULL,'active','seeded',unixepoch(),unixepoch());
INSERT OR IGNORE INTO profiles (id,subject_id,subject_type,primary_place_id,tenant_id,workspace_id,display_name,created_at,updated_at) VALUES ('prof_s09_salon_f45c824a9a7d536c','org_s09_salon_f45c824a9a7d536c','organization','place_nigeria_001','tenant_platform_seed','workspace_platform_seed_discovery','Salon De Coiffure',unixepoch(),unixepoch());
INSERT OR IGNORE INTO search_entries (id,profile_id,display_name,keywords,ancestry_path,vertical,created_at,updated_at) VALUES ('se_s09_salon_f45c824a9a7d536c','prof_s09_salon_f45c824a9a7d536c','Salon De Coiffure','salon de coiffure salon barber hair beauty nigeria','place_nigeria_001','beauty_salon',unixepoch(),unixepoch());
INSERT OR IGNORE INTO seed_ingestion_records (id,seed_run_id,entity_type,entity_id,source_id,status) VALUES ('ir_s09_salon_f45c824a9a7d536c','seed_run_s09_osm_salons_20260502','organization','org_s09_salon_f45c824a9a7d536c','seed_source_osm_salons_ng_20260502','ingested');
INSERT OR IGNORE INTO seed_entity_sources (id,seed_run_id,entity_type,entity_id,source_id,confidence_tier) VALUES ('es_s09_salon_f45c824a9a7d536c','seed_run_s09_osm_salons_20260502','organization','org_s09_salon_f45c824a9a7d536c','seed_source_osm_salons_ng_20260502','seeded');
INSERT OR IGNORE INTO seed_enrichment (id,seed_run_id,entity_type,entity_id,enrichment_type,enrichment_json) VALUES ('enr_s09_salon_f45c824a9a7d536c','seed_run_s09_osm_salons_20260502','organization','org_s09_salon_f45c824a9a7d536c','licence_data','{"osm_id": "6684842610", "amenity": "hairdresser", "addr_state": null, "denomination": null, "operator": null}');

INSERT OR IGNORE INTO organizations (id,tenant_id,organization_type,legal_name,display_name,registration_number,status,verification_state,created_at,updated_at) VALUES ('org_s09_salon_d53f1b749b90201f','tenant_platform_seed','beauty_salon','Salon De Coiffure','Salon De Coiffure',NULL,'active','seeded',unixepoch(),unixepoch());
INSERT OR IGNORE INTO profiles (id,subject_id,subject_type,primary_place_id,tenant_id,workspace_id,display_name,created_at,updated_at) VALUES ('prof_s09_salon_d53f1b749b90201f','org_s09_salon_d53f1b749b90201f','organization','place_nigeria_001','tenant_platform_seed','workspace_platform_seed_discovery','Salon De Coiffure',unixepoch(),unixepoch());
INSERT OR IGNORE INTO search_entries (id,profile_id,display_name,keywords,ancestry_path,vertical,created_at,updated_at) VALUES ('se_s09_salon_d53f1b749b90201f','prof_s09_salon_d53f1b749b90201f','Salon De Coiffure','salon de coiffure salon barber hair beauty nigeria','place_nigeria_001','beauty_salon',unixepoch(),unixepoch());
INSERT OR IGNORE INTO seed_ingestion_records (id,seed_run_id,entity_type,entity_id,source_id,status) VALUES ('ir_s09_salon_d53f1b749b90201f','seed_run_s09_osm_salons_20260502','organization','org_s09_salon_d53f1b749b90201f','seed_source_osm_salons_ng_20260502','ingested');
INSERT OR IGNORE INTO seed_entity_sources (id,seed_run_id,entity_type,entity_id,source_id,confidence_tier) VALUES ('es_s09_salon_d53f1b749b90201f','seed_run_s09_osm_salons_20260502','organization','org_s09_salon_d53f1b749b90201f','seed_source_osm_salons_ng_20260502','seeded');
INSERT OR IGNORE INTO seed_enrichment (id,seed_run_id,entity_type,entity_id,enrichment_type,enrichment_json) VALUES ('enr_s09_salon_d53f1b749b90201f','seed_run_s09_osm_salons_20260502','organization','org_s09_salon_d53f1b749b90201f','licence_data','{"osm_id": "6684842614", "amenity": "hairdresser", "addr_state": null, "denomination": null, "operator": null}');

INSERT OR IGNORE INTO organizations (id,tenant_id,organization_type,legal_name,display_name,registration_number,status,verification_state,created_at,updated_at) VALUES ('org_s09_salon_2f087af843d783d4','tenant_platform_seed','beauty_salon','Salon De Coiffure Labamba','Salon De Coiffure Labamba',NULL,'active','seeded',unixepoch(),unixepoch());
INSERT OR IGNORE INTO profiles (id,subject_id,subject_type,primary_place_id,tenant_id,workspace_id,display_name,created_at,updated_at) VALUES ('prof_s09_salon_2f087af843d783d4','org_s09_salon_2f087af843d783d4','organization','place_nigeria_001','tenant_platform_seed','workspace_platform_seed_discovery','Salon De Coiffure Labamba',unixepoch(),unixepoch());
INSERT OR IGNORE INTO search_entries (id,profile_id,display_name,keywords,ancestry_path,vertical,created_at,updated_at) VALUES ('se_s09_salon_2f087af843d783d4','prof_s09_salon_2f087af843d783d4','Salon De Coiffure Labamba','salon de coiffure labamba salon barber hair beauty nigeria','place_nigeria_001','beauty_salon',unixepoch(),unixepoch());
INSERT OR IGNORE INTO seed_ingestion_records (id,seed_run_id,entity_type,entity_id,source_id,status) VALUES ('ir_s09_salon_2f087af843d783d4','seed_run_s09_osm_salons_20260502','organization','org_s09_salon_2f087af843d783d4','seed_source_osm_salons_ng_20260502','ingested');
INSERT OR IGNORE INTO seed_entity_sources (id,seed_run_id,entity_type,entity_id,source_id,confidence_tier) VALUES ('es_s09_salon_2f087af843d783d4','seed_run_s09_osm_salons_20260502','organization','org_s09_salon_2f087af843d783d4','seed_source_osm_salons_ng_20260502','seeded');
INSERT OR IGNORE INTO seed_enrichment (id,seed_run_id,entity_type,entity_id,enrichment_type,enrichment_json) VALUES ('enr_s09_salon_2f087af843d783d4','seed_run_s09_osm_salons_20260502','organization','org_s09_salon_2f087af843d783d4','licence_data','{"osm_id": "6684842615", "amenity": "hairdresser", "addr_state": null, "denomination": null, "operator": null}');

INSERT OR IGNORE INTO organizations (id,tenant_id,organization_type,legal_name,display_name,registration_number,status,verification_state,created_at,updated_at) VALUES ('org_s09_salon_309ba3956a070173','tenant_platform_seed','beauty_salon','Salon Matuidi','Salon Matuidi',NULL,'active','seeded',unixepoch(),unixepoch());
INSERT OR IGNORE INTO profiles (id,subject_id,subject_type,primary_place_id,tenant_id,workspace_id,display_name,created_at,updated_at) VALUES ('prof_s09_salon_309ba3956a070173','org_s09_salon_309ba3956a070173','organization','place_nigeria_001','tenant_platform_seed','workspace_platform_seed_discovery','Salon Matuidi',unixepoch(),unixepoch());
INSERT OR IGNORE INTO search_entries (id,profile_id,display_name,keywords,ancestry_path,vertical,created_at,updated_at) VALUES ('se_s09_salon_309ba3956a070173','prof_s09_salon_309ba3956a070173','Salon Matuidi','salon matuidi salon barber hair beauty nigeria','place_nigeria_001','beauty_salon',unixepoch(),unixepoch());
INSERT OR IGNORE INTO seed_ingestion_records (id,seed_run_id,entity_type,entity_id,source_id,status) VALUES ('ir_s09_salon_309ba3956a070173','seed_run_s09_osm_salons_20260502','organization','org_s09_salon_309ba3956a070173','seed_source_osm_salons_ng_20260502','ingested');
INSERT OR IGNORE INTO seed_entity_sources (id,seed_run_id,entity_type,entity_id,source_id,confidence_tier) VALUES ('es_s09_salon_309ba3956a070173','seed_run_s09_osm_salons_20260502','organization','org_s09_salon_309ba3956a070173','seed_source_osm_salons_ng_20260502','seeded');
INSERT OR IGNORE INTO seed_enrichment (id,seed_run_id,entity_type,entity_id,enrichment_type,enrichment_json) VALUES ('enr_s09_salon_309ba3956a070173','seed_run_s09_osm_salons_20260502','organization','org_s09_salon_309ba3956a070173','licence_data','{"osm_id": "6684842616", "amenity": "hairdresser", "addr_state": null, "denomination": null, "operator": null}');

INSERT OR IGNORE INTO organizations (id,tenant_id,organization_type,legal_name,display_name,registration_number,status,verification_state,created_at,updated_at) VALUES ('org_s09_salon_3c0306dc19f3888c','tenant_platform_seed','beauty_salon','Salon De Coiffure','Salon De Coiffure',NULL,'active','seeded',unixepoch(),unixepoch());
INSERT OR IGNORE INTO profiles (id,subject_id,subject_type,primary_place_id,tenant_id,workspace_id,display_name,created_at,updated_at) VALUES ('prof_s09_salon_3c0306dc19f3888c','org_s09_salon_3c0306dc19f3888c','organization','place_nigeria_001','tenant_platform_seed','workspace_platform_seed_discovery','Salon De Coiffure',unixepoch(),unixepoch());
INSERT OR IGNORE INTO search_entries (id,profile_id,display_name,keywords,ancestry_path,vertical,created_at,updated_at) VALUES ('se_s09_salon_3c0306dc19f3888c','prof_s09_salon_3c0306dc19f3888c','Salon De Coiffure','salon de coiffure salon barber hair beauty nigeria','place_nigeria_001','beauty_salon',unixepoch(),unixepoch());
INSERT OR IGNORE INTO seed_ingestion_records (id,seed_run_id,entity_type,entity_id,source_id,status) VALUES ('ir_s09_salon_3c0306dc19f3888c','seed_run_s09_osm_salons_20260502','organization','org_s09_salon_3c0306dc19f3888c','seed_source_osm_salons_ng_20260502','ingested');
INSERT OR IGNORE INTO seed_entity_sources (id,seed_run_id,entity_type,entity_id,source_id,confidence_tier) VALUES ('es_s09_salon_3c0306dc19f3888c','seed_run_s09_osm_salons_20260502','organization','org_s09_salon_3c0306dc19f3888c','seed_source_osm_salons_ng_20260502','seeded');
INSERT OR IGNORE INTO seed_enrichment (id,seed_run_id,entity_type,entity_id,enrichment_type,enrichment_json) VALUES ('enr_s09_salon_3c0306dc19f3888c','seed_run_s09_osm_salons_20260502','organization','org_s09_salon_3c0306dc19f3888c','licence_data','{"osm_id": "6684842622", "amenity": "hairdresser", "addr_state": null, "denomination": null, "operator": null}');

INSERT OR IGNORE INTO organizations (id,tenant_id,organization_type,legal_name,display_name,registration_number,status,verification_state,created_at,updated_at) VALUES ('org_s09_salon_9c9a026d7b6ec63b','tenant_platform_seed','beauty_salon','Salon De Coiffure','Salon De Coiffure',NULL,'active','seeded',unixepoch(),unixepoch());
INSERT OR IGNORE INTO profiles (id,subject_id,subject_type,primary_place_id,tenant_id,workspace_id,display_name,created_at,updated_at) VALUES ('prof_s09_salon_9c9a026d7b6ec63b','org_s09_salon_9c9a026d7b6ec63b','organization','place_nigeria_001','tenant_platform_seed','workspace_platform_seed_discovery','Salon De Coiffure',unixepoch(),unixepoch());
INSERT OR IGNORE INTO search_entries (id,profile_id,display_name,keywords,ancestry_path,vertical,created_at,updated_at) VALUES ('se_s09_salon_9c9a026d7b6ec63b','prof_s09_salon_9c9a026d7b6ec63b','Salon De Coiffure','salon de coiffure salon barber hair beauty nigeria','place_nigeria_001','beauty_salon',unixepoch(),unixepoch());
INSERT OR IGNORE INTO seed_ingestion_records (id,seed_run_id,entity_type,entity_id,source_id,status) VALUES ('ir_s09_salon_9c9a026d7b6ec63b','seed_run_s09_osm_salons_20260502','organization','org_s09_salon_9c9a026d7b6ec63b','seed_source_osm_salons_ng_20260502','ingested');
INSERT OR IGNORE INTO seed_entity_sources (id,seed_run_id,entity_type,entity_id,source_id,confidence_tier) VALUES ('es_s09_salon_9c9a026d7b6ec63b','seed_run_s09_osm_salons_20260502','organization','org_s09_salon_9c9a026d7b6ec63b','seed_source_osm_salons_ng_20260502','seeded');
INSERT OR IGNORE INTO seed_enrichment (id,seed_run_id,entity_type,entity_id,enrichment_type,enrichment_json) VALUES ('enr_s09_salon_9c9a026d7b6ec63b','seed_run_s09_osm_salons_20260502','organization','org_s09_salon_9c9a026d7b6ec63b','licence_data','{"osm_id": "6684842623", "amenity": "hairdresser", "addr_state": null, "denomination": null, "operator": null}');

INSERT OR IGNORE INTO organizations (id,tenant_id,organization_type,legal_name,display_name,registration_number,status,verification_state,created_at,updated_at) VALUES ('org_s09_salon_c0a41eccc9e2c46a','tenant_platform_seed','beauty_salon','Salon De Coiffure','Salon De Coiffure',NULL,'active','seeded',unixepoch(),unixepoch());
INSERT OR IGNORE INTO profiles (id,subject_id,subject_type,primary_place_id,tenant_id,workspace_id,display_name,created_at,updated_at) VALUES ('prof_s09_salon_c0a41eccc9e2c46a','org_s09_salon_c0a41eccc9e2c46a','organization','place_nigeria_001','tenant_platform_seed','workspace_platform_seed_discovery','Salon De Coiffure',unixepoch(),unixepoch());
INSERT OR IGNORE INTO search_entries (id,profile_id,display_name,keywords,ancestry_path,vertical,created_at,updated_at) VALUES ('se_s09_salon_c0a41eccc9e2c46a','prof_s09_salon_c0a41eccc9e2c46a','Salon De Coiffure','salon de coiffure salon barber hair beauty nigeria','place_nigeria_001','beauty_salon',unixepoch(),unixepoch());
INSERT OR IGNORE INTO seed_ingestion_records (id,seed_run_id,entity_type,entity_id,source_id,status) VALUES ('ir_s09_salon_c0a41eccc9e2c46a','seed_run_s09_osm_salons_20260502','organization','org_s09_salon_c0a41eccc9e2c46a','seed_source_osm_salons_ng_20260502','ingested');
INSERT OR IGNORE INTO seed_entity_sources (id,seed_run_id,entity_type,entity_id,source_id,confidence_tier) VALUES ('es_s09_salon_c0a41eccc9e2c46a','seed_run_s09_osm_salons_20260502','organization','org_s09_salon_c0a41eccc9e2c46a','seed_source_osm_salons_ng_20260502','seeded');
INSERT OR IGNORE INTO seed_enrichment (id,seed_run_id,entity_type,entity_id,enrichment_type,enrichment_json) VALUES ('enr_s09_salon_c0a41eccc9e2c46a','seed_run_s09_osm_salons_20260502','organization','org_s09_salon_c0a41eccc9e2c46a','licence_data','{"osm_id": "6684842624", "amenity": "hairdresser", "addr_state": null, "denomination": null, "operator": null}');

INSERT OR IGNORE INTO organizations (id,tenant_id,organization_type,legal_name,display_name,registration_number,status,verification_state,created_at,updated_at) VALUES ('org_s09_salon_3901e8983dbb027a','tenant_platform_seed','beauty_salon','Très Très Fort Coiffure','Très Très Fort Coiffure',NULL,'active','seeded',unixepoch(),unixepoch());
INSERT OR IGNORE INTO profiles (id,subject_id,subject_type,primary_place_id,tenant_id,workspace_id,display_name,created_at,updated_at) VALUES ('prof_s09_salon_3901e8983dbb027a','org_s09_salon_3901e8983dbb027a','organization','place_nigeria_001','tenant_platform_seed','workspace_platform_seed_discovery','Très Très Fort Coiffure',unixepoch(),unixepoch());
INSERT OR IGNORE INTO search_entries (id,profile_id,display_name,keywords,ancestry_path,vertical,created_at,updated_at) VALUES ('se_s09_salon_3901e8983dbb027a','prof_s09_salon_3901e8983dbb027a','Très Très Fort Coiffure','très très fort coiffure salon barber hair beauty nigeria','place_nigeria_001','beauty_salon',unixepoch(),unixepoch());
INSERT OR IGNORE INTO seed_ingestion_records (id,seed_run_id,entity_type,entity_id,source_id,status) VALUES ('ir_s09_salon_3901e8983dbb027a','seed_run_s09_osm_salons_20260502','organization','org_s09_salon_3901e8983dbb027a','seed_source_osm_salons_ng_20260502','ingested');
INSERT OR IGNORE INTO seed_entity_sources (id,seed_run_id,entity_type,entity_id,source_id,confidence_tier) VALUES ('es_s09_salon_3901e8983dbb027a','seed_run_s09_osm_salons_20260502','organization','org_s09_salon_3901e8983dbb027a','seed_source_osm_salons_ng_20260502','seeded');
INSERT OR IGNORE INTO seed_enrichment (id,seed_run_id,entity_type,entity_id,enrichment_type,enrichment_json) VALUES ('enr_s09_salon_3901e8983dbb027a','seed_run_s09_osm_salons_20260502','organization','org_s09_salon_3901e8983dbb027a','licence_data','{"osm_id": "6684842625", "amenity": "hairdresser", "addr_state": null, "denomination": null, "operator": null}');

INSERT OR IGNORE INTO organizations (id,tenant_id,organization_type,legal_name,display_name,registration_number,status,verification_state,created_at,updated_at) VALUES ('org_s09_salon_fbcfd396b67b8ca3','tenant_platform_seed','beauty_salon','Salon De Coiffure','Salon De Coiffure',NULL,'active','seeded',unixepoch(),unixepoch());
INSERT OR IGNORE INTO profiles (id,subject_id,subject_type,primary_place_id,tenant_id,workspace_id,display_name,created_at,updated_at) VALUES ('prof_s09_salon_fbcfd396b67b8ca3','org_s09_salon_fbcfd396b67b8ca3','organization','place_nigeria_001','tenant_platform_seed','workspace_platform_seed_discovery','Salon De Coiffure',unixepoch(),unixepoch());
INSERT OR IGNORE INTO search_entries (id,profile_id,display_name,keywords,ancestry_path,vertical,created_at,updated_at) VALUES ('se_s09_salon_fbcfd396b67b8ca3','prof_s09_salon_fbcfd396b67b8ca3','Salon De Coiffure','salon de coiffure salon barber hair beauty nigeria','place_nigeria_001','beauty_salon',unixepoch(),unixepoch());
INSERT OR IGNORE INTO seed_ingestion_records (id,seed_run_id,entity_type,entity_id,source_id,status) VALUES ('ir_s09_salon_fbcfd396b67b8ca3','seed_run_s09_osm_salons_20260502','organization','org_s09_salon_fbcfd396b67b8ca3','seed_source_osm_salons_ng_20260502','ingested');
INSERT OR IGNORE INTO seed_entity_sources (id,seed_run_id,entity_type,entity_id,source_id,confidence_tier) VALUES ('es_s09_salon_fbcfd396b67b8ca3','seed_run_s09_osm_salons_20260502','organization','org_s09_salon_fbcfd396b67b8ca3','seed_source_osm_salons_ng_20260502','seeded');
INSERT OR IGNORE INTO seed_enrichment (id,seed_run_id,entity_type,entity_id,enrichment_type,enrichment_json) VALUES ('enr_s09_salon_fbcfd396b67b8ca3','seed_run_s09_osm_salons_20260502','organization','org_s09_salon_fbcfd396b67b8ca3','licence_data','{"osm_id": "6684842626", "amenity": "hairdresser", "addr_state": null, "denomination": null, "operator": null}');

INSERT OR IGNORE INTO organizations (id,tenant_id,organization_type,legal_name,display_name,registration_number,status,verification_state,created_at,updated_at) VALUES ('org_s09_salon_34df8d29c8eb37e2','tenant_platform_seed','beauty_salon','Salon Coiffure','Salon Coiffure',NULL,'active','seeded',unixepoch(),unixepoch());
INSERT OR IGNORE INTO profiles (id,subject_id,subject_type,primary_place_id,tenant_id,workspace_id,display_name,created_at,updated_at) VALUES ('prof_s09_salon_34df8d29c8eb37e2','org_s09_salon_34df8d29c8eb37e2','organization','place_nigeria_001','tenant_platform_seed','workspace_platform_seed_discovery','Salon Coiffure',unixepoch(),unixepoch());
INSERT OR IGNORE INTO search_entries (id,profile_id,display_name,keywords,ancestry_path,vertical,created_at,updated_at) VALUES ('se_s09_salon_34df8d29c8eb37e2','prof_s09_salon_34df8d29c8eb37e2','Salon Coiffure','salon coiffure salon barber hair beauty nigeria','place_nigeria_001','beauty_salon',unixepoch(),unixepoch());
INSERT OR IGNORE INTO seed_ingestion_records (id,seed_run_id,entity_type,entity_id,source_id,status) VALUES ('ir_s09_salon_34df8d29c8eb37e2','seed_run_s09_osm_salons_20260502','organization','org_s09_salon_34df8d29c8eb37e2','seed_source_osm_salons_ng_20260502','ingested');
INSERT OR IGNORE INTO seed_entity_sources (id,seed_run_id,entity_type,entity_id,source_id,confidence_tier) VALUES ('es_s09_salon_34df8d29c8eb37e2','seed_run_s09_osm_salons_20260502','organization','org_s09_salon_34df8d29c8eb37e2','seed_source_osm_salons_ng_20260502','seeded');
INSERT OR IGNORE INTO seed_enrichment (id,seed_run_id,entity_type,entity_id,enrichment_type,enrichment_json) VALUES ('enr_s09_salon_34df8d29c8eb37e2','seed_run_s09_osm_salons_20260502','organization','org_s09_salon_34df8d29c8eb37e2','licence_data','{"osm_id": "6684842627", "amenity": "hairdresser", "addr_state": null, "denomination": null, "operator": null}');

INSERT OR IGNORE INTO organizations (id,tenant_id,organization_type,legal_name,display_name,registration_number,status,verification_state,created_at,updated_at) VALUES ('org_s09_salon_d25f163e6e594586','tenant_platform_seed','beauty_salon','Salon De Coiffure','Salon De Coiffure',NULL,'active','seeded',unixepoch(),unixepoch());
INSERT OR IGNORE INTO profiles (id,subject_id,subject_type,primary_place_id,tenant_id,workspace_id,display_name,created_at,updated_at) VALUES ('prof_s09_salon_d25f163e6e594586','org_s09_salon_d25f163e6e594586','organization','place_nigeria_001','tenant_platform_seed','workspace_platform_seed_discovery','Salon De Coiffure',unixepoch(),unixepoch());
INSERT OR IGNORE INTO search_entries (id,profile_id,display_name,keywords,ancestry_path,vertical,created_at,updated_at) VALUES ('se_s09_salon_d25f163e6e594586','prof_s09_salon_d25f163e6e594586','Salon De Coiffure','salon de coiffure salon barber hair beauty nigeria','place_nigeria_001','beauty_salon',unixepoch(),unixepoch());
INSERT OR IGNORE INTO seed_ingestion_records (id,seed_run_id,entity_type,entity_id,source_id,status) VALUES ('ir_s09_salon_d25f163e6e594586','seed_run_s09_osm_salons_20260502','organization','org_s09_salon_d25f163e6e594586','seed_source_osm_salons_ng_20260502','ingested');
INSERT OR IGNORE INTO seed_entity_sources (id,seed_run_id,entity_type,entity_id,source_id,confidence_tier) VALUES ('es_s09_salon_d25f163e6e594586','seed_run_s09_osm_salons_20260502','organization','org_s09_salon_d25f163e6e594586','seed_source_osm_salons_ng_20260502','seeded');
INSERT OR IGNORE INTO seed_enrichment (id,seed_run_id,entity_type,entity_id,enrichment_type,enrichment_json) VALUES ('enr_s09_salon_d25f163e6e594586','seed_run_s09_osm_salons_20260502','organization','org_s09_salon_d25f163e6e594586','licence_data','{"osm_id": "6684842630", "amenity": "hairdresser", "addr_state": null, "denomination": null, "operator": null}');

INSERT OR IGNORE INTO organizations (id,tenant_id,organization_type,legal_name,display_name,registration_number,status,verification_state,created_at,updated_at) VALUES ('org_s09_salon_8e96558593214907','tenant_platform_seed','beauty_salon','Atelier De Coiffure','Atelier De Coiffure',NULL,'active','seeded',unixepoch(),unixepoch());
INSERT OR IGNORE INTO profiles (id,subject_id,subject_type,primary_place_id,tenant_id,workspace_id,display_name,created_at,updated_at) VALUES ('prof_s09_salon_8e96558593214907','org_s09_salon_8e96558593214907','organization','place_nigeria_001','tenant_platform_seed','workspace_platform_seed_discovery','Atelier De Coiffure',unixepoch(),unixepoch());
INSERT OR IGNORE INTO search_entries (id,profile_id,display_name,keywords,ancestry_path,vertical,created_at,updated_at) VALUES ('se_s09_salon_8e96558593214907','prof_s09_salon_8e96558593214907','Atelier De Coiffure','atelier de coiffure salon barber hair beauty nigeria','place_nigeria_001','beauty_salon',unixepoch(),unixepoch());
INSERT OR IGNORE INTO seed_ingestion_records (id,seed_run_id,entity_type,entity_id,source_id,status) VALUES ('ir_s09_salon_8e96558593214907','seed_run_s09_osm_salons_20260502','organization','org_s09_salon_8e96558593214907','seed_source_osm_salons_ng_20260502','ingested');
INSERT OR IGNORE INTO seed_entity_sources (id,seed_run_id,entity_type,entity_id,source_id,confidence_tier) VALUES ('es_s09_salon_8e96558593214907','seed_run_s09_osm_salons_20260502','organization','org_s09_salon_8e96558593214907','seed_source_osm_salons_ng_20260502','seeded');
INSERT OR IGNORE INTO seed_enrichment (id,seed_run_id,entity_type,entity_id,enrichment_type,enrichment_json) VALUES ('enr_s09_salon_8e96558593214907','seed_run_s09_osm_salons_20260502','organization','org_s09_salon_8e96558593214907','licence_data','{"osm_id": "6684842631", "amenity": "hairdresser", "addr_state": null, "denomination": null, "operator": null}');

INSERT OR IGNORE INTO organizations (id,tenant_id,organization_type,legal_name,display_name,registration_number,status,verification_state,created_at,updated_at) VALUES ('org_s09_salon_f16451540a6d2fbe','tenant_platform_seed','beauty_salon','Hpk Coiffure','Hpk Coiffure',NULL,'active','seeded',unixepoch(),unixepoch());
INSERT OR IGNORE INTO profiles (id,subject_id,subject_type,primary_place_id,tenant_id,workspace_id,display_name,created_at,updated_at) VALUES ('prof_s09_salon_f16451540a6d2fbe','org_s09_salon_f16451540a6d2fbe','organization','place_nigeria_001','tenant_platform_seed','workspace_platform_seed_discovery','Hpk Coiffure',unixepoch(),unixepoch());
INSERT OR IGNORE INTO search_entries (id,profile_id,display_name,keywords,ancestry_path,vertical,created_at,updated_at) VALUES ('se_s09_salon_f16451540a6d2fbe','prof_s09_salon_f16451540a6d2fbe','Hpk Coiffure','hpk coiffure salon barber hair beauty nigeria','place_nigeria_001','beauty_salon',unixepoch(),unixepoch());
INSERT OR IGNORE INTO seed_ingestion_records (id,seed_run_id,entity_type,entity_id,source_id,status) VALUES ('ir_s09_salon_f16451540a6d2fbe','seed_run_s09_osm_salons_20260502','organization','org_s09_salon_f16451540a6d2fbe','seed_source_osm_salons_ng_20260502','ingested');
INSERT OR IGNORE INTO seed_entity_sources (id,seed_run_id,entity_type,entity_id,source_id,confidence_tier) VALUES ('es_s09_salon_f16451540a6d2fbe','seed_run_s09_osm_salons_20260502','organization','org_s09_salon_f16451540a6d2fbe','seed_source_osm_salons_ng_20260502','seeded');
INSERT OR IGNORE INTO seed_enrichment (id,seed_run_id,entity_type,entity_id,enrichment_type,enrichment_json) VALUES ('enr_s09_salon_f16451540a6d2fbe','seed_run_s09_osm_salons_20260502','organization','org_s09_salon_f16451540a6d2fbe','licence_data','{"osm_id": "6684842632", "amenity": "hairdresser", "addr_state": null, "denomination": null, "operator": null}');

INSERT OR IGNORE INTO organizations (id,tenant_id,organization_type,legal_name,display_name,registration_number,status,verification_state,created_at,updated_at) VALUES ('org_s09_salon_1bcb7e98671c1904','tenant_platform_seed','beauty_salon','Salon De Coiffure Le Cotonier','Salon De Coiffure Le Cotonier',NULL,'active','seeded',unixepoch(),unixepoch());
INSERT OR IGNORE INTO profiles (id,subject_id,subject_type,primary_place_id,tenant_id,workspace_id,display_name,created_at,updated_at) VALUES ('prof_s09_salon_1bcb7e98671c1904','org_s09_salon_1bcb7e98671c1904','organization','place_nigeria_001','tenant_platform_seed','workspace_platform_seed_discovery','Salon De Coiffure Le Cotonier',unixepoch(),unixepoch());
INSERT OR IGNORE INTO search_entries (id,profile_id,display_name,keywords,ancestry_path,vertical,created_at,updated_at) VALUES ('se_s09_salon_1bcb7e98671c1904','prof_s09_salon_1bcb7e98671c1904','Salon De Coiffure Le Cotonier','salon de coiffure le cotonier salon barber hair beauty nigeria','place_nigeria_001','beauty_salon',unixepoch(),unixepoch());
INSERT OR IGNORE INTO seed_ingestion_records (id,seed_run_id,entity_type,entity_id,source_id,status) VALUES ('ir_s09_salon_1bcb7e98671c1904','seed_run_s09_osm_salons_20260502','organization','org_s09_salon_1bcb7e98671c1904','seed_source_osm_salons_ng_20260502','ingested');
INSERT OR IGNORE INTO seed_entity_sources (id,seed_run_id,entity_type,entity_id,source_id,confidence_tier) VALUES ('es_s09_salon_1bcb7e98671c1904','seed_run_s09_osm_salons_20260502','organization','org_s09_salon_1bcb7e98671c1904','seed_source_osm_salons_ng_20260502','seeded');
INSERT OR IGNORE INTO seed_enrichment (id,seed_run_id,entity_type,entity_id,enrichment_type,enrichment_json) VALUES ('enr_s09_salon_1bcb7e98671c1904','seed_run_s09_osm_salons_20260502','organization','org_s09_salon_1bcb7e98671c1904','licence_data','{"osm_id": "6684842633", "amenity": "hairdresser", "addr_state": null, "denomination": null, "operator": null}');

INSERT OR IGNORE INTO organizations (id,tenant_id,organization_type,legal_name,display_name,registration_number,status,verification_state,created_at,updated_at) VALUES ('org_s09_salon_4ee8bc69708de09a','tenant_platform_seed','beauty_salon','Salon De Coiffure La Main Sur','Salon De Coiffure La Main Sur',NULL,'active','seeded',unixepoch(),unixepoch());
INSERT OR IGNORE INTO profiles (id,subject_id,subject_type,primary_place_id,tenant_id,workspace_id,display_name,created_at,updated_at) VALUES ('prof_s09_salon_4ee8bc69708de09a','org_s09_salon_4ee8bc69708de09a','organization','place_nigeria_001','tenant_platform_seed','workspace_platform_seed_discovery','Salon De Coiffure La Main Sur',unixepoch(),unixepoch());
INSERT OR IGNORE INTO search_entries (id,profile_id,display_name,keywords,ancestry_path,vertical,created_at,updated_at) VALUES ('se_s09_salon_4ee8bc69708de09a','prof_s09_salon_4ee8bc69708de09a','Salon De Coiffure La Main Sur','salon de coiffure la main sur salon barber hair beauty nigeria','place_nigeria_001','beauty_salon',unixepoch(),unixepoch());
INSERT OR IGNORE INTO seed_ingestion_records (id,seed_run_id,entity_type,entity_id,source_id,status) VALUES ('ir_s09_salon_4ee8bc69708de09a','seed_run_s09_osm_salons_20260502','organization','org_s09_salon_4ee8bc69708de09a','seed_source_osm_salons_ng_20260502','ingested');
INSERT OR IGNORE INTO seed_entity_sources (id,seed_run_id,entity_type,entity_id,source_id,confidence_tier) VALUES ('es_s09_salon_4ee8bc69708de09a','seed_run_s09_osm_salons_20260502','organization','org_s09_salon_4ee8bc69708de09a','seed_source_osm_salons_ng_20260502','seeded');
INSERT OR IGNORE INTO seed_enrichment (id,seed_run_id,entity_type,entity_id,enrichment_type,enrichment_json) VALUES ('enr_s09_salon_4ee8bc69708de09a','seed_run_s09_osm_salons_20260502','organization','org_s09_salon_4ee8bc69708de09a','licence_data','{"osm_id": "6684842634", "amenity": "hairdresser", "addr_state": null, "denomination": null, "operator": null}');

INSERT OR IGNORE INTO organizations (id,tenant_id,organization_type,legal_name,display_name,registration_number,status,verification_state,created_at,updated_at) VALUES ('org_s09_salon_f0599bf24454e881','tenant_platform_seed','beauty_salon','Redongo Coiffure','Redongo Coiffure',NULL,'active','seeded',unixepoch(),unixepoch());
INSERT OR IGNORE INTO profiles (id,subject_id,subject_type,primary_place_id,tenant_id,workspace_id,display_name,created_at,updated_at) VALUES ('prof_s09_salon_f0599bf24454e881','org_s09_salon_f0599bf24454e881','organization','place_nigeria_001','tenant_platform_seed','workspace_platform_seed_discovery','Redongo Coiffure',unixepoch(),unixepoch());
INSERT OR IGNORE INTO search_entries (id,profile_id,display_name,keywords,ancestry_path,vertical,created_at,updated_at) VALUES ('se_s09_salon_f0599bf24454e881','prof_s09_salon_f0599bf24454e881','Redongo Coiffure','redongo coiffure salon barber hair beauty nigeria','place_nigeria_001','beauty_salon',unixepoch(),unixepoch());
INSERT OR IGNORE INTO seed_ingestion_records (id,seed_run_id,entity_type,entity_id,source_id,status) VALUES ('ir_s09_salon_f0599bf24454e881','seed_run_s09_osm_salons_20260502','organization','org_s09_salon_f0599bf24454e881','seed_source_osm_salons_ng_20260502','ingested');
INSERT OR IGNORE INTO seed_entity_sources (id,seed_run_id,entity_type,entity_id,source_id,confidence_tier) VALUES ('es_s09_salon_f0599bf24454e881','seed_run_s09_osm_salons_20260502','organization','org_s09_salon_f0599bf24454e881','seed_source_osm_salons_ng_20260502','seeded');
INSERT OR IGNORE INTO seed_enrichment (id,seed_run_id,entity_type,entity_id,enrichment_type,enrichment_json) VALUES ('enr_s09_salon_f0599bf24454e881','seed_run_s09_osm_salons_20260502','organization','org_s09_salon_f0599bf24454e881','licence_data','{"osm_id": "6684842635", "amenity": "hairdresser", "addr_state": null, "denomination": null, "operator": null}');

INSERT OR IGNORE INTO organizations (id,tenant_id,organization_type,legal_name,display_name,registration_number,status,verification_state,created_at,updated_at) VALUES ('org_s09_salon_80699e109d724cfb','tenant_platform_seed','beauty_salon','Coiffure','Coiffure',NULL,'active','seeded',unixepoch(),unixepoch());
INSERT OR IGNORE INTO profiles (id,subject_id,subject_type,primary_place_id,tenant_id,workspace_id,display_name,created_at,updated_at) VALUES ('prof_s09_salon_80699e109d724cfb','org_s09_salon_80699e109d724cfb','organization','place_nigeria_001','tenant_platform_seed','workspace_platform_seed_discovery','Coiffure',unixepoch(),unixepoch());
INSERT OR IGNORE INTO search_entries (id,profile_id,display_name,keywords,ancestry_path,vertical,created_at,updated_at) VALUES ('se_s09_salon_80699e109d724cfb','prof_s09_salon_80699e109d724cfb','Coiffure','coiffure salon barber hair beauty nigeria','place_nigeria_001','beauty_salon',unixepoch(),unixepoch());
INSERT OR IGNORE INTO seed_ingestion_records (id,seed_run_id,entity_type,entity_id,source_id,status) VALUES ('ir_s09_salon_80699e109d724cfb','seed_run_s09_osm_salons_20260502','organization','org_s09_salon_80699e109d724cfb','seed_source_osm_salons_ng_20260502','ingested');
INSERT OR IGNORE INTO seed_entity_sources (id,seed_run_id,entity_type,entity_id,source_id,confidence_tier) VALUES ('es_s09_salon_80699e109d724cfb','seed_run_s09_osm_salons_20260502','organization','org_s09_salon_80699e109d724cfb','seed_source_osm_salons_ng_20260502','seeded');
INSERT OR IGNORE INTO seed_enrichment (id,seed_run_id,entity_type,entity_id,enrichment_type,enrichment_json) VALUES ('enr_s09_salon_80699e109d724cfb','seed_run_s09_osm_salons_20260502','organization','org_s09_salon_80699e109d724cfb','licence_data','{"osm_id": "6684842636", "amenity": "hairdresser", "addr_state": null, "denomination": null, "operator": null}');

INSERT OR IGNORE INTO organizations (id,tenant_id,organization_type,legal_name,display_name,registration_number,status,verification_state,created_at,updated_at) VALUES ('org_s09_salon_b0a2496dba3d3fa9','tenant_platform_seed','beauty_salon','Salon De Coiffure','Salon De Coiffure',NULL,'active','seeded',unixepoch(),unixepoch());
INSERT OR IGNORE INTO profiles (id,subject_id,subject_type,primary_place_id,tenant_id,workspace_id,display_name,created_at,updated_at) VALUES ('prof_s09_salon_b0a2496dba3d3fa9','org_s09_salon_b0a2496dba3d3fa9','organization','place_nigeria_001','tenant_platform_seed','workspace_platform_seed_discovery','Salon De Coiffure',unixepoch(),unixepoch());
INSERT OR IGNORE INTO search_entries (id,profile_id,display_name,keywords,ancestry_path,vertical,created_at,updated_at) VALUES ('se_s09_salon_b0a2496dba3d3fa9','prof_s09_salon_b0a2496dba3d3fa9','Salon De Coiffure','salon de coiffure salon barber hair beauty nigeria','place_nigeria_001','beauty_salon',unixepoch(),unixepoch());
INSERT OR IGNORE INTO seed_ingestion_records (id,seed_run_id,entity_type,entity_id,source_id,status) VALUES ('ir_s09_salon_b0a2496dba3d3fa9','seed_run_s09_osm_salons_20260502','organization','org_s09_salon_b0a2496dba3d3fa9','seed_source_osm_salons_ng_20260502','ingested');
INSERT OR IGNORE INTO seed_entity_sources (id,seed_run_id,entity_type,entity_id,source_id,confidence_tier) VALUES ('es_s09_salon_b0a2496dba3d3fa9','seed_run_s09_osm_salons_20260502','organization','org_s09_salon_b0a2496dba3d3fa9','seed_source_osm_salons_ng_20260502','seeded');
INSERT OR IGNORE INTO seed_enrichment (id,seed_run_id,entity_type,entity_id,enrichment_type,enrichment_json) VALUES ('enr_s09_salon_b0a2496dba3d3fa9','seed_run_s09_osm_salons_20260502','organization','org_s09_salon_b0a2496dba3d3fa9','licence_data','{"osm_id": "6684842637", "amenity": "hairdresser", "addr_state": null, "denomination": null, "operator": null}');

INSERT OR IGNORE INTO organizations (id,tenant_id,organization_type,legal_name,display_name,registration_number,status,verification_state,created_at,updated_at) VALUES ('org_s09_salon_38f5b7db90fc2ac2','tenant_platform_seed','beauty_salon','Yanzy Coiffure','Yanzy Coiffure',NULL,'active','seeded',unixepoch(),unixepoch());
INSERT OR IGNORE INTO profiles (id,subject_id,subject_type,primary_place_id,tenant_id,workspace_id,display_name,created_at,updated_at) VALUES ('prof_s09_salon_38f5b7db90fc2ac2','org_s09_salon_38f5b7db90fc2ac2','organization','place_nigeria_001','tenant_platform_seed','workspace_platform_seed_discovery','Yanzy Coiffure',unixepoch(),unixepoch());
INSERT OR IGNORE INTO search_entries (id,profile_id,display_name,keywords,ancestry_path,vertical,created_at,updated_at) VALUES ('se_s09_salon_38f5b7db90fc2ac2','prof_s09_salon_38f5b7db90fc2ac2','Yanzy Coiffure','yanzy coiffure salon barber hair beauty nigeria','place_nigeria_001','beauty_salon',unixepoch(),unixepoch());
INSERT OR IGNORE INTO seed_ingestion_records (id,seed_run_id,entity_type,entity_id,source_id,status) VALUES ('ir_s09_salon_38f5b7db90fc2ac2','seed_run_s09_osm_salons_20260502','organization','org_s09_salon_38f5b7db90fc2ac2','seed_source_osm_salons_ng_20260502','ingested');
INSERT OR IGNORE INTO seed_entity_sources (id,seed_run_id,entity_type,entity_id,source_id,confidence_tier) VALUES ('es_s09_salon_38f5b7db90fc2ac2','seed_run_s09_osm_salons_20260502','organization','org_s09_salon_38f5b7db90fc2ac2','seed_source_osm_salons_ng_20260502','seeded');
INSERT OR IGNORE INTO seed_enrichment (id,seed_run_id,entity_type,entity_id,enrichment_type,enrichment_json) VALUES ('enr_s09_salon_38f5b7db90fc2ac2','seed_run_s09_osm_salons_20260502','organization','org_s09_salon_38f5b7db90fc2ac2','licence_data','{"osm_id": "6684842638", "amenity": "hairdresser", "addr_state": null, "denomination": null, "operator": null}');

INSERT OR IGNORE INTO organizations (id,tenant_id,organization_type,legal_name,display_name,registration_number,status,verification_state,created_at,updated_at) VALUES ('org_s09_salon_bde1de0a8fd56fe3','tenant_platform_seed','beauty_salon','Salon De Coiffure Chipolopolo','Salon De Coiffure Chipolopolo',NULL,'active','seeded',unixepoch(),unixepoch());
INSERT OR IGNORE INTO profiles (id,subject_id,subject_type,primary_place_id,tenant_id,workspace_id,display_name,created_at,updated_at) VALUES ('prof_s09_salon_bde1de0a8fd56fe3','org_s09_salon_bde1de0a8fd56fe3','organization','place_nigeria_001','tenant_platform_seed','workspace_platform_seed_discovery','Salon De Coiffure Chipolopolo',unixepoch(),unixepoch());
INSERT OR IGNORE INTO search_entries (id,profile_id,display_name,keywords,ancestry_path,vertical,created_at,updated_at) VALUES ('se_s09_salon_bde1de0a8fd56fe3','prof_s09_salon_bde1de0a8fd56fe3','Salon De Coiffure Chipolopolo','salon de coiffure chipolopolo salon barber hair beauty nigeria','place_nigeria_001','beauty_salon',unixepoch(),unixepoch());
INSERT OR IGNORE INTO seed_ingestion_records (id,seed_run_id,entity_type,entity_id,source_id,status) VALUES ('ir_s09_salon_bde1de0a8fd56fe3','seed_run_s09_osm_salons_20260502','organization','org_s09_salon_bde1de0a8fd56fe3','seed_source_osm_salons_ng_20260502','ingested');
INSERT OR IGNORE INTO seed_entity_sources (id,seed_run_id,entity_type,entity_id,source_id,confidence_tier) VALUES ('es_s09_salon_bde1de0a8fd56fe3','seed_run_s09_osm_salons_20260502','organization','org_s09_salon_bde1de0a8fd56fe3','seed_source_osm_salons_ng_20260502','seeded');
INSERT OR IGNORE INTO seed_enrichment (id,seed_run_id,entity_type,entity_id,enrichment_type,enrichment_json) VALUES ('enr_s09_salon_bde1de0a8fd56fe3','seed_run_s09_osm_salons_20260502','organization','org_s09_salon_bde1de0a8fd56fe3','licence_data','{"osm_id": "6684842639", "amenity": "hairdresser", "addr_state": null, "denomination": null, "operator": null}');

INSERT OR IGNORE INTO organizations (id,tenant_id,organization_type,legal_name,display_name,registration_number,status,verification_state,created_at,updated_at) VALUES ('org_s09_salon_49e8967d5b3907f0','tenant_platform_seed','beauty_salon','Salon De Coiffure','Salon De Coiffure',NULL,'active','seeded',unixepoch(),unixepoch());
INSERT OR IGNORE INTO profiles (id,subject_id,subject_type,primary_place_id,tenant_id,workspace_id,display_name,created_at,updated_at) VALUES ('prof_s09_salon_49e8967d5b3907f0','org_s09_salon_49e8967d5b3907f0','organization','place_nigeria_001','tenant_platform_seed','workspace_platform_seed_discovery','Salon De Coiffure',unixepoch(),unixepoch());
INSERT OR IGNORE INTO search_entries (id,profile_id,display_name,keywords,ancestry_path,vertical,created_at,updated_at) VALUES ('se_s09_salon_49e8967d5b3907f0','prof_s09_salon_49e8967d5b3907f0','Salon De Coiffure','salon de coiffure salon barber hair beauty nigeria','place_nigeria_001','beauty_salon',unixepoch(),unixepoch());
INSERT OR IGNORE INTO seed_ingestion_records (id,seed_run_id,entity_type,entity_id,source_id,status) VALUES ('ir_s09_salon_49e8967d5b3907f0','seed_run_s09_osm_salons_20260502','organization','org_s09_salon_49e8967d5b3907f0','seed_source_osm_salons_ng_20260502','ingested');
INSERT OR IGNORE INTO seed_entity_sources (id,seed_run_id,entity_type,entity_id,source_id,confidence_tier) VALUES ('es_s09_salon_49e8967d5b3907f0','seed_run_s09_osm_salons_20260502','organization','org_s09_salon_49e8967d5b3907f0','seed_source_osm_salons_ng_20260502','seeded');
INSERT OR IGNORE INTO seed_enrichment (id,seed_run_id,entity_type,entity_id,enrichment_type,enrichment_json) VALUES ('enr_s09_salon_49e8967d5b3907f0','seed_run_s09_osm_salons_20260502','organization','org_s09_salon_49e8967d5b3907f0','licence_data','{"osm_id": "6684842649", "amenity": "hairdresser", "addr_state": null, "denomination": null, "operator": null}');

INSERT OR IGNORE INTO organizations (id,tenant_id,organization_type,legal_name,display_name,registration_number,status,verification_state,created_at,updated_at) VALUES ('org_s09_salon_3b89ade4e3c9608c','tenant_platform_seed','beauty_salon','Marimar Fashion','Marimar Fashion',NULL,'active','seeded',unixepoch(),unixepoch());
INSERT OR IGNORE INTO profiles (id,subject_id,subject_type,primary_place_id,tenant_id,workspace_id,display_name,created_at,updated_at) VALUES ('prof_s09_salon_3b89ade4e3c9608c','org_s09_salon_3b89ade4e3c9608c','organization','place_nigeria_001','tenant_platform_seed','workspace_platform_seed_discovery','Marimar Fashion',unixepoch(),unixepoch());
INSERT OR IGNORE INTO search_entries (id,profile_id,display_name,keywords,ancestry_path,vertical,created_at,updated_at) VALUES ('se_s09_salon_3b89ade4e3c9608c','prof_s09_salon_3b89ade4e3c9608c','Marimar Fashion','marimar fashion salon barber hair beauty nigeria','place_nigeria_001','beauty_salon',unixepoch(),unixepoch());
INSERT OR IGNORE INTO seed_ingestion_records (id,seed_run_id,entity_type,entity_id,source_id,status) VALUES ('ir_s09_salon_3b89ade4e3c9608c','seed_run_s09_osm_salons_20260502','organization','org_s09_salon_3b89ade4e3c9608c','seed_source_osm_salons_ng_20260502','ingested');
INSERT OR IGNORE INTO seed_entity_sources (id,seed_run_id,entity_type,entity_id,source_id,confidence_tier) VALUES ('es_s09_salon_3b89ade4e3c9608c','seed_run_s09_osm_salons_20260502','organization','org_s09_salon_3b89ade4e3c9608c','seed_source_osm_salons_ng_20260502','seeded');
INSERT OR IGNORE INTO seed_enrichment (id,seed_run_id,entity_type,entity_id,enrichment_type,enrichment_json) VALUES ('enr_s09_salon_3b89ade4e3c9608c','seed_run_s09_osm_salons_20260502','organization','org_s09_salon_3b89ade4e3c9608c','licence_data','{"osm_id": "6684842650", "amenity": "hairdresser", "addr_state": null, "denomination": null, "operator": null}');

INSERT OR IGNORE INTO organizations (id,tenant_id,organization_type,legal_name,display_name,registration_number,status,verification_state,created_at,updated_at) VALUES ('org_s09_salon_05a354c4536fef10','tenant_platform_seed','beauty_salon','Jehnny Coiffure','Jehnny Coiffure',NULL,'active','seeded',unixepoch(),unixepoch());
INSERT OR IGNORE INTO profiles (id,subject_id,subject_type,primary_place_id,tenant_id,workspace_id,display_name,created_at,updated_at) VALUES ('prof_s09_salon_05a354c4536fef10','org_s09_salon_05a354c4536fef10','organization','place_nigeria_001','tenant_platform_seed','workspace_platform_seed_discovery','Jehnny Coiffure',unixepoch(),unixepoch());
INSERT OR IGNORE INTO search_entries (id,profile_id,display_name,keywords,ancestry_path,vertical,created_at,updated_at) VALUES ('se_s09_salon_05a354c4536fef10','prof_s09_salon_05a354c4536fef10','Jehnny Coiffure','jehnny coiffure salon barber hair beauty nigeria','place_nigeria_001','beauty_salon',unixepoch(),unixepoch());
INSERT OR IGNORE INTO seed_ingestion_records (id,seed_run_id,entity_type,entity_id,source_id,status) VALUES ('ir_s09_salon_05a354c4536fef10','seed_run_s09_osm_salons_20260502','organization','org_s09_salon_05a354c4536fef10','seed_source_osm_salons_ng_20260502','ingested');
INSERT OR IGNORE INTO seed_entity_sources (id,seed_run_id,entity_type,entity_id,source_id,confidence_tier) VALUES ('es_s09_salon_05a354c4536fef10','seed_run_s09_osm_salons_20260502','organization','org_s09_salon_05a354c4536fef10','seed_source_osm_salons_ng_20260502','seeded');
INSERT OR IGNORE INTO seed_enrichment (id,seed_run_id,entity_type,entity_id,enrichment_type,enrichment_json) VALUES ('enr_s09_salon_05a354c4536fef10','seed_run_s09_osm_salons_20260502','organization','org_s09_salon_05a354c4536fef10','licence_data','{"osm_id": "6684842651", "amenity": "hairdresser", "addr_state": null, "denomination": null, "operator": null}');

INSERT OR IGNORE INTO organizations (id,tenant_id,organization_type,legal_name,display_name,registration_number,status,verification_state,created_at,updated_at) VALUES ('org_s09_salon_8750b90acdb10ae3','tenant_platform_seed','beauty_salon','Institut De Beauté Élise','Institut De Beauté Élise',NULL,'active','seeded',unixepoch(),unixepoch());
INSERT OR IGNORE INTO profiles (id,subject_id,subject_type,primary_place_id,tenant_id,workspace_id,display_name,created_at,updated_at) VALUES ('prof_s09_salon_8750b90acdb10ae3','org_s09_salon_8750b90acdb10ae3','organization','place_nigeria_001','tenant_platform_seed','workspace_platform_seed_discovery','Institut De Beauté Élise',unixepoch(),unixepoch());
INSERT OR IGNORE INTO search_entries (id,profile_id,display_name,keywords,ancestry_path,vertical,created_at,updated_at) VALUES ('se_s09_salon_8750b90acdb10ae3','prof_s09_salon_8750b90acdb10ae3','Institut De Beauté Élise','institut de beauté élise salon barber hair beauty nigeria','place_nigeria_001','beauty_salon',unixepoch(),unixepoch());
INSERT OR IGNORE INTO seed_ingestion_records (id,seed_run_id,entity_type,entity_id,source_id,status) VALUES ('ir_s09_salon_8750b90acdb10ae3','seed_run_s09_osm_salons_20260502','organization','org_s09_salon_8750b90acdb10ae3','seed_source_osm_salons_ng_20260502','ingested');
INSERT OR IGNORE INTO seed_entity_sources (id,seed_run_id,entity_type,entity_id,source_id,confidence_tier) VALUES ('es_s09_salon_8750b90acdb10ae3','seed_run_s09_osm_salons_20260502','organization','org_s09_salon_8750b90acdb10ae3','seed_source_osm_salons_ng_20260502','seeded');
INSERT OR IGNORE INTO seed_enrichment (id,seed_run_id,entity_type,entity_id,enrichment_type,enrichment_json) VALUES ('enr_s09_salon_8750b90acdb10ae3','seed_run_s09_osm_salons_20260502','organization','org_s09_salon_8750b90acdb10ae3','licence_data','{"osm_id": "6684842652", "amenity": "hairdresser", "addr_state": null, "denomination": null, "operator": null}');

INSERT OR IGNORE INTO organizations (id,tenant_id,organization_type,legal_name,display_name,registration_number,status,verification_state,created_at,updated_at) VALUES ('org_s09_salon_9f8e3f18b6cbf81d','tenant_platform_seed','beauty_salon','Salon De Coiffure La Grâce','Salon De Coiffure La Grâce',NULL,'active','seeded',unixepoch(),unixepoch());
INSERT OR IGNORE INTO profiles (id,subject_id,subject_type,primary_place_id,tenant_id,workspace_id,display_name,created_at,updated_at) VALUES ('prof_s09_salon_9f8e3f18b6cbf81d','org_s09_salon_9f8e3f18b6cbf81d','organization','place_nigeria_001','tenant_platform_seed','workspace_platform_seed_discovery','Salon De Coiffure La Grâce',unixepoch(),unixepoch());
INSERT OR IGNORE INTO search_entries (id,profile_id,display_name,keywords,ancestry_path,vertical,created_at,updated_at) VALUES ('se_s09_salon_9f8e3f18b6cbf81d','prof_s09_salon_9f8e3f18b6cbf81d','Salon De Coiffure La Grâce','salon de coiffure la grâce salon barber hair beauty nigeria','place_nigeria_001','beauty_salon',unixepoch(),unixepoch());
INSERT OR IGNORE INTO seed_ingestion_records (id,seed_run_id,entity_type,entity_id,source_id,status) VALUES ('ir_s09_salon_9f8e3f18b6cbf81d','seed_run_s09_osm_salons_20260502','organization','org_s09_salon_9f8e3f18b6cbf81d','seed_source_osm_salons_ng_20260502','ingested');
INSERT OR IGNORE INTO seed_entity_sources (id,seed_run_id,entity_type,entity_id,source_id,confidence_tier) VALUES ('es_s09_salon_9f8e3f18b6cbf81d','seed_run_s09_osm_salons_20260502','organization','org_s09_salon_9f8e3f18b6cbf81d','seed_source_osm_salons_ng_20260502','seeded');
INSERT OR IGNORE INTO seed_enrichment (id,seed_run_id,entity_type,entity_id,enrichment_type,enrichment_json) VALUES ('enr_s09_salon_9f8e3f18b6cbf81d','seed_run_s09_osm_salons_20260502','organization','org_s09_salon_9f8e3f18b6cbf81d','licence_data','{"osm_id": "6684842653", "amenity": "hairdresser", "addr_state": null, "denomination": null, "operator": null}');

INSERT OR IGNORE INTO organizations (id,tenant_id,organization_type,legal_name,display_name,registration_number,status,verification_state,created_at,updated_at) VALUES ('org_s09_salon_e8ddc4f18afeaed1','tenant_platform_seed','beauty_salon','Jordan Coiffure','Jordan Coiffure',NULL,'active','seeded',unixepoch(),unixepoch());
INSERT OR IGNORE INTO profiles (id,subject_id,subject_type,primary_place_id,tenant_id,workspace_id,display_name,created_at,updated_at) VALUES ('prof_s09_salon_e8ddc4f18afeaed1','org_s09_salon_e8ddc4f18afeaed1','organization','place_nigeria_001','tenant_platform_seed','workspace_platform_seed_discovery','Jordan Coiffure',unixepoch(),unixepoch());
INSERT OR IGNORE INTO search_entries (id,profile_id,display_name,keywords,ancestry_path,vertical,created_at,updated_at) VALUES ('se_s09_salon_e8ddc4f18afeaed1','prof_s09_salon_e8ddc4f18afeaed1','Jordan Coiffure','jordan coiffure salon barber hair beauty nigeria','place_nigeria_001','beauty_salon',unixepoch(),unixepoch());
INSERT OR IGNORE INTO seed_ingestion_records (id,seed_run_id,entity_type,entity_id,source_id,status) VALUES ('ir_s09_salon_e8ddc4f18afeaed1','seed_run_s09_osm_salons_20260502','organization','org_s09_salon_e8ddc4f18afeaed1','seed_source_osm_salons_ng_20260502','ingested');
INSERT OR IGNORE INTO seed_entity_sources (id,seed_run_id,entity_type,entity_id,source_id,confidence_tier) VALUES ('es_s09_salon_e8ddc4f18afeaed1','seed_run_s09_osm_salons_20260502','organization','org_s09_salon_e8ddc4f18afeaed1','seed_source_osm_salons_ng_20260502','seeded');
INSERT OR IGNORE INTO seed_enrichment (id,seed_run_id,entity_type,entity_id,enrichment_type,enrichment_json) VALUES ('enr_s09_salon_e8ddc4f18afeaed1','seed_run_s09_osm_salons_20260502','organization','org_s09_salon_e8ddc4f18afeaed1','licence_data','{"osm_id": "6684842654", "amenity": "hairdresser", "addr_state": null, "denomination": null, "operator": null}');

INSERT OR IGNORE INTO organizations (id,tenant_id,organization_type,legal_name,display_name,registration_number,status,verification_state,created_at,updated_at) VALUES ('org_s09_salon_46fd00d28a2a5ece','tenant_platform_seed','beauty_salon','Salon De Coiffure Elegancia','Salon De Coiffure Elegancia',NULL,'active','seeded',unixepoch(),unixepoch());
INSERT OR IGNORE INTO profiles (id,subject_id,subject_type,primary_place_id,tenant_id,workspace_id,display_name,created_at,updated_at) VALUES ('prof_s09_salon_46fd00d28a2a5ece','org_s09_salon_46fd00d28a2a5ece','organization','place_nigeria_001','tenant_platform_seed','workspace_platform_seed_discovery','Salon De Coiffure Elegancia',unixepoch(),unixepoch());
INSERT OR IGNORE INTO search_entries (id,profile_id,display_name,keywords,ancestry_path,vertical,created_at,updated_at) VALUES ('se_s09_salon_46fd00d28a2a5ece','prof_s09_salon_46fd00d28a2a5ece','Salon De Coiffure Elegancia','salon de coiffure elegancia salon barber hair beauty nigeria','place_nigeria_001','beauty_salon',unixepoch(),unixepoch());
INSERT OR IGNORE INTO seed_ingestion_records (id,seed_run_id,entity_type,entity_id,source_id,status) VALUES ('ir_s09_salon_46fd00d28a2a5ece','seed_run_s09_osm_salons_20260502','organization','org_s09_salon_46fd00d28a2a5ece','seed_source_osm_salons_ng_20260502','ingested');
INSERT OR IGNORE INTO seed_entity_sources (id,seed_run_id,entity_type,entity_id,source_id,confidence_tier) VALUES ('es_s09_salon_46fd00d28a2a5ece','seed_run_s09_osm_salons_20260502','organization','org_s09_salon_46fd00d28a2a5ece','seed_source_osm_salons_ng_20260502','seeded');
INSERT OR IGNORE INTO seed_enrichment (id,seed_run_id,entity_type,entity_id,enrichment_type,enrichment_json) VALUES ('enr_s09_salon_46fd00d28a2a5ece','seed_run_s09_osm_salons_20260502','organization','org_s09_salon_46fd00d28a2a5ece','licence_data','{"osm_id": "6684842655", "amenity": "hairdresser", "addr_state": null, "denomination": null, "operator": null}');

INSERT OR IGNORE INTO organizations (id,tenant_id,organization_type,legal_name,display_name,registration_number,status,verification_state,created_at,updated_at) VALUES ('org_s09_salon_2ee6e1080a450de5','tenant_platform_seed','beauty_salon','Mely Coiffure','Mely Coiffure',NULL,'active','seeded',unixepoch(),unixepoch());
INSERT OR IGNORE INTO profiles (id,subject_id,subject_type,primary_place_id,tenant_id,workspace_id,display_name,created_at,updated_at) VALUES ('prof_s09_salon_2ee6e1080a450de5','org_s09_salon_2ee6e1080a450de5','organization','place_nigeria_001','tenant_platform_seed','workspace_platform_seed_discovery','Mely Coiffure',unixepoch(),unixepoch());
INSERT OR IGNORE INTO search_entries (id,profile_id,display_name,keywords,ancestry_path,vertical,created_at,updated_at) VALUES ('se_s09_salon_2ee6e1080a450de5','prof_s09_salon_2ee6e1080a450de5','Mely Coiffure','mely coiffure salon barber hair beauty nigeria','place_nigeria_001','beauty_salon',unixepoch(),unixepoch());
INSERT OR IGNORE INTO seed_ingestion_records (id,seed_run_id,entity_type,entity_id,source_id,status) VALUES ('ir_s09_salon_2ee6e1080a450de5','seed_run_s09_osm_salons_20260502','organization','org_s09_salon_2ee6e1080a450de5','seed_source_osm_salons_ng_20260502','ingested');
INSERT OR IGNORE INTO seed_entity_sources (id,seed_run_id,entity_type,entity_id,source_id,confidence_tier) VALUES ('es_s09_salon_2ee6e1080a450de5','seed_run_s09_osm_salons_20260502','organization','org_s09_salon_2ee6e1080a450de5','seed_source_osm_salons_ng_20260502','seeded');
INSERT OR IGNORE INTO seed_enrichment (id,seed_run_id,entity_type,entity_id,enrichment_type,enrichment_json) VALUES ('enr_s09_salon_2ee6e1080a450de5','seed_run_s09_osm_salons_20260502','organization','org_s09_salon_2ee6e1080a450de5','licence_data','{"osm_id": "6684842656", "amenity": "hairdresser", "addr_state": null, "denomination": null, "operator": null}');

INSERT OR IGNORE INTO organizations (id,tenant_id,organization_type,legal_name,display_name,registration_number,status,verification_state,created_at,updated_at) VALUES ('org_s09_salon_801b9b39b0967449','tenant_platform_seed','beauty_salon','Fallu Coiffure','Fallu Coiffure',NULL,'active','seeded',unixepoch(),unixepoch());
INSERT OR IGNORE INTO profiles (id,subject_id,subject_type,primary_place_id,tenant_id,workspace_id,display_name,created_at,updated_at) VALUES ('prof_s09_salon_801b9b39b0967449','org_s09_salon_801b9b39b0967449','organization','place_nigeria_001','tenant_platform_seed','workspace_platform_seed_discovery','Fallu Coiffure',unixepoch(),unixepoch());
INSERT OR IGNORE INTO search_entries (id,profile_id,display_name,keywords,ancestry_path,vertical,created_at,updated_at) VALUES ('se_s09_salon_801b9b39b0967449','prof_s09_salon_801b9b39b0967449','Fallu Coiffure','fallu coiffure salon barber hair beauty nigeria','place_nigeria_001','beauty_salon',unixepoch(),unixepoch());
INSERT OR IGNORE INTO seed_ingestion_records (id,seed_run_id,entity_type,entity_id,source_id,status) VALUES ('ir_s09_salon_801b9b39b0967449','seed_run_s09_osm_salons_20260502','organization','org_s09_salon_801b9b39b0967449','seed_source_osm_salons_ng_20260502','ingested');
INSERT OR IGNORE INTO seed_entity_sources (id,seed_run_id,entity_type,entity_id,source_id,confidence_tier) VALUES ('es_s09_salon_801b9b39b0967449','seed_run_s09_osm_salons_20260502','organization','org_s09_salon_801b9b39b0967449','seed_source_osm_salons_ng_20260502','seeded');
INSERT OR IGNORE INTO seed_enrichment (id,seed_run_id,entity_type,entity_id,enrichment_type,enrichment_json) VALUES ('enr_s09_salon_801b9b39b0967449','seed_run_s09_osm_salons_20260502','organization','org_s09_salon_801b9b39b0967449','licence_data','{"osm_id": "6684842657", "amenity": "hairdresser", "addr_state": null, "denomination": null, "operator": null}');

INSERT OR IGNORE INTO organizations (id,tenant_id,organization_type,legal_name,display_name,registration_number,status,verification_state,created_at,updated_at) VALUES ('org_s09_salon_f171d112e245211c','tenant_platform_seed','beauty_salon','Fally Fashion','Fally Fashion',NULL,'active','seeded',unixepoch(),unixepoch());
INSERT OR IGNORE INTO profiles (id,subject_id,subject_type,primary_place_id,tenant_id,workspace_id,display_name,created_at,updated_at) VALUES ('prof_s09_salon_f171d112e245211c','org_s09_salon_f171d112e245211c','organization','place_nigeria_001','tenant_platform_seed','workspace_platform_seed_discovery','Fally Fashion',unixepoch(),unixepoch());
INSERT OR IGNORE INTO search_entries (id,profile_id,display_name,keywords,ancestry_path,vertical,created_at,updated_at) VALUES ('se_s09_salon_f171d112e245211c','prof_s09_salon_f171d112e245211c','Fally Fashion','fally fashion salon barber hair beauty nigeria','place_nigeria_001','beauty_salon',unixepoch(),unixepoch());
INSERT OR IGNORE INTO seed_ingestion_records (id,seed_run_id,entity_type,entity_id,source_id,status) VALUES ('ir_s09_salon_f171d112e245211c','seed_run_s09_osm_salons_20260502','organization','org_s09_salon_f171d112e245211c','seed_source_osm_salons_ng_20260502','ingested');
INSERT OR IGNORE INTO seed_entity_sources (id,seed_run_id,entity_type,entity_id,source_id,confidence_tier) VALUES ('es_s09_salon_f171d112e245211c','seed_run_s09_osm_salons_20260502','organization','org_s09_salon_f171d112e245211c','seed_source_osm_salons_ng_20260502','seeded');
INSERT OR IGNORE INTO seed_enrichment (id,seed_run_id,entity_type,entity_id,enrichment_type,enrichment_json) VALUES ('enr_s09_salon_f171d112e245211c','seed_run_s09_osm_salons_20260502','organization','org_s09_salon_f171d112e245211c','licence_data','{"osm_id": "6684842658", "amenity": "hairdresser", "addr_state": null, "denomination": null, "operator": null}');

INSERT OR IGNORE INTO organizations (id,tenant_id,organization_type,legal_name,display_name,registration_number,status,verification_state,created_at,updated_at) VALUES ('org_s09_salon_b5955a9e81cc9743','tenant_platform_seed','beauty_salon','Le Charme Coiffure Femme','Le Charme Coiffure Femme',NULL,'active','seeded',unixepoch(),unixepoch());
INSERT OR IGNORE INTO profiles (id,subject_id,subject_type,primary_place_id,tenant_id,workspace_id,display_name,created_at,updated_at) VALUES ('prof_s09_salon_b5955a9e81cc9743','org_s09_salon_b5955a9e81cc9743','organization','place_nigeria_001','tenant_platform_seed','workspace_platform_seed_discovery','Le Charme Coiffure Femme',unixepoch(),unixepoch());
INSERT OR IGNORE INTO search_entries (id,profile_id,display_name,keywords,ancestry_path,vertical,created_at,updated_at) VALUES ('se_s09_salon_b5955a9e81cc9743','prof_s09_salon_b5955a9e81cc9743','Le Charme Coiffure Femme','le charme coiffure femme salon barber hair beauty nigeria','place_nigeria_001','beauty_salon',unixepoch(),unixepoch());
INSERT OR IGNORE INTO seed_ingestion_records (id,seed_run_id,entity_type,entity_id,source_id,status) VALUES ('ir_s09_salon_b5955a9e81cc9743','seed_run_s09_osm_salons_20260502','organization','org_s09_salon_b5955a9e81cc9743','seed_source_osm_salons_ng_20260502','ingested');
INSERT OR IGNORE INTO seed_entity_sources (id,seed_run_id,entity_type,entity_id,source_id,confidence_tier) VALUES ('es_s09_salon_b5955a9e81cc9743','seed_run_s09_osm_salons_20260502','organization','org_s09_salon_b5955a9e81cc9743','seed_source_osm_salons_ng_20260502','seeded');
INSERT OR IGNORE INTO seed_enrichment (id,seed_run_id,entity_type,entity_id,enrichment_type,enrichment_json) VALUES ('enr_s09_salon_b5955a9e81cc9743','seed_run_s09_osm_salons_20260502','organization','org_s09_salon_b5955a9e81cc9743','licence_data','{"osm_id": "6684842659", "amenity": "hairdresser", "addr_state": null, "denomination": null, "operator": null}');

INSERT OR IGNORE INTO organizations (id,tenant_id,organization_type,legal_name,display_name,registration_number,status,verification_state,created_at,updated_at) VALUES ('org_s09_salon_d6b88c3fb7a5b4bb','tenant_platform_seed','beauty_salon','Nzoumanto Coiffure','Nzoumanto Coiffure',NULL,'active','seeded',unixepoch(),unixepoch());
INSERT OR IGNORE INTO profiles (id,subject_id,subject_type,primary_place_id,tenant_id,workspace_id,display_name,created_at,updated_at) VALUES ('prof_s09_salon_d6b88c3fb7a5b4bb','org_s09_salon_d6b88c3fb7a5b4bb','organization','place_nigeria_001','tenant_platform_seed','workspace_platform_seed_discovery','Nzoumanto Coiffure',unixepoch(),unixepoch());
INSERT OR IGNORE INTO search_entries (id,profile_id,display_name,keywords,ancestry_path,vertical,created_at,updated_at) VALUES ('se_s09_salon_d6b88c3fb7a5b4bb','prof_s09_salon_d6b88c3fb7a5b4bb','Nzoumanto Coiffure','nzoumanto coiffure salon barber hair beauty nigeria','place_nigeria_001','beauty_salon',unixepoch(),unixepoch());
INSERT OR IGNORE INTO seed_ingestion_records (id,seed_run_id,entity_type,entity_id,source_id,status) VALUES ('ir_s09_salon_d6b88c3fb7a5b4bb','seed_run_s09_osm_salons_20260502','organization','org_s09_salon_d6b88c3fb7a5b4bb','seed_source_osm_salons_ng_20260502','ingested');
INSERT OR IGNORE INTO seed_entity_sources (id,seed_run_id,entity_type,entity_id,source_id,confidence_tier) VALUES ('es_s09_salon_d6b88c3fb7a5b4bb','seed_run_s09_osm_salons_20260502','organization','org_s09_salon_d6b88c3fb7a5b4bb','seed_source_osm_salons_ng_20260502','seeded');
INSERT OR IGNORE INTO seed_enrichment (id,seed_run_id,entity_type,entity_id,enrichment_type,enrichment_json) VALUES ('enr_s09_salon_d6b88c3fb7a5b4bb','seed_run_s09_osm_salons_20260502','organization','org_s09_salon_d6b88c3fb7a5b4bb','licence_data','{"osm_id": "6684842660", "amenity": "hairdresser", "addr_state": null, "denomination": null, "operator": null}');

INSERT OR IGNORE INTO organizations (id,tenant_id,organization_type,legal_name,display_name,registration_number,status,verification_state,created_at,updated_at) VALUES ('org_s09_salon_50f30b0a33d03a43','tenant_platform_seed','beauty_salon','Shalom Boma Coiffure','Shalom Boma Coiffure',NULL,'active','seeded',unixepoch(),unixepoch());
INSERT OR IGNORE INTO profiles (id,subject_id,subject_type,primary_place_id,tenant_id,workspace_id,display_name,created_at,updated_at) VALUES ('prof_s09_salon_50f30b0a33d03a43','org_s09_salon_50f30b0a33d03a43','organization','place_nigeria_001','tenant_platform_seed','workspace_platform_seed_discovery','Shalom Boma Coiffure',unixepoch(),unixepoch());
INSERT OR IGNORE INTO search_entries (id,profile_id,display_name,keywords,ancestry_path,vertical,created_at,updated_at) VALUES ('se_s09_salon_50f30b0a33d03a43','prof_s09_salon_50f30b0a33d03a43','Shalom Boma Coiffure','shalom boma coiffure salon barber hair beauty nigeria','place_nigeria_001','beauty_salon',unixepoch(),unixepoch());
INSERT OR IGNORE INTO seed_ingestion_records (id,seed_run_id,entity_type,entity_id,source_id,status) VALUES ('ir_s09_salon_50f30b0a33d03a43','seed_run_s09_osm_salons_20260502','organization','org_s09_salon_50f30b0a33d03a43','seed_source_osm_salons_ng_20260502','ingested');
INSERT OR IGNORE INTO seed_entity_sources (id,seed_run_id,entity_type,entity_id,source_id,confidence_tier) VALUES ('es_s09_salon_50f30b0a33d03a43','seed_run_s09_osm_salons_20260502','organization','org_s09_salon_50f30b0a33d03a43','seed_source_osm_salons_ng_20260502','seeded');
INSERT OR IGNORE INTO seed_enrichment (id,seed_run_id,entity_type,entity_id,enrichment_type,enrichment_json) VALUES ('enr_s09_salon_50f30b0a33d03a43','seed_run_s09_osm_salons_20260502','organization','org_s09_salon_50f30b0a33d03a43','licence_data','{"osm_id": "6684842661", "amenity": "hairdresser", "addr_state": null, "denomination": null, "operator": null}');

INSERT OR IGNORE INTO organizations (id,tenant_id,organization_type,legal_name,display_name,registration_number,status,verification_state,created_at,updated_at) VALUES ('org_s09_salon_27b34622e74fac1a','tenant_platform_seed','beauty_salon','Bristanna Beauty','Bristanna Beauty',NULL,'active','seeded',unixepoch(),unixepoch());
INSERT OR IGNORE INTO profiles (id,subject_id,subject_type,primary_place_id,tenant_id,workspace_id,display_name,created_at,updated_at) VALUES ('prof_s09_salon_27b34622e74fac1a','org_s09_salon_27b34622e74fac1a','organization','place_nigeria_001','tenant_platform_seed','workspace_platform_seed_discovery','Bristanna Beauty',unixepoch(),unixepoch());
INSERT OR IGNORE INTO search_entries (id,profile_id,display_name,keywords,ancestry_path,vertical,created_at,updated_at) VALUES ('se_s09_salon_27b34622e74fac1a','prof_s09_salon_27b34622e74fac1a','Bristanna Beauty','bristanna beauty salon barber hair beauty nigeria','place_nigeria_001','beauty_salon',unixepoch(),unixepoch());
INSERT OR IGNORE INTO seed_ingestion_records (id,seed_run_id,entity_type,entity_id,source_id,status) VALUES ('ir_s09_salon_27b34622e74fac1a','seed_run_s09_osm_salons_20260502','organization','org_s09_salon_27b34622e74fac1a','seed_source_osm_salons_ng_20260502','ingested');
INSERT OR IGNORE INTO seed_entity_sources (id,seed_run_id,entity_type,entity_id,source_id,confidence_tier) VALUES ('es_s09_salon_27b34622e74fac1a','seed_run_s09_osm_salons_20260502','organization','org_s09_salon_27b34622e74fac1a','seed_source_osm_salons_ng_20260502','seeded');
INSERT OR IGNORE INTO seed_enrichment (id,seed_run_id,entity_type,entity_id,enrichment_type,enrichment_json) VALUES ('enr_s09_salon_27b34622e74fac1a','seed_run_s09_osm_salons_20260502','organization','org_s09_salon_27b34622e74fac1a','licence_data','{"osm_id": "6684842662", "amenity": "hairdresser", "addr_state": null, "denomination": null, "operator": null}');

INSERT OR IGNORE INTO organizations (id,tenant_id,organization_type,legal_name,display_name,registration_number,status,verification_state,created_at,updated_at) VALUES ('org_s09_salon_3792046913adef00','tenant_platform_seed','beauty_salon','Charlotte Fashion Mixte','Charlotte Fashion Mixte',NULL,'active','seeded',unixepoch(),unixepoch());
INSERT OR IGNORE INTO profiles (id,subject_id,subject_type,primary_place_id,tenant_id,workspace_id,display_name,created_at,updated_at) VALUES ('prof_s09_salon_3792046913adef00','org_s09_salon_3792046913adef00','organization','place_nigeria_001','tenant_platform_seed','workspace_platform_seed_discovery','Charlotte Fashion Mixte',unixepoch(),unixepoch());
INSERT OR IGNORE INTO search_entries (id,profile_id,display_name,keywords,ancestry_path,vertical,created_at,updated_at) VALUES ('se_s09_salon_3792046913adef00','prof_s09_salon_3792046913adef00','Charlotte Fashion Mixte','charlotte fashion mixte salon barber hair beauty nigeria','place_nigeria_001','beauty_salon',unixepoch(),unixepoch());
INSERT OR IGNORE INTO seed_ingestion_records (id,seed_run_id,entity_type,entity_id,source_id,status) VALUES ('ir_s09_salon_3792046913adef00','seed_run_s09_osm_salons_20260502','organization','org_s09_salon_3792046913adef00','seed_source_osm_salons_ng_20260502','ingested');
INSERT OR IGNORE INTO seed_entity_sources (id,seed_run_id,entity_type,entity_id,source_id,confidence_tier) VALUES ('es_s09_salon_3792046913adef00','seed_run_s09_osm_salons_20260502','organization','org_s09_salon_3792046913adef00','seed_source_osm_salons_ng_20260502','seeded');
INSERT OR IGNORE INTO seed_enrichment (id,seed_run_id,entity_type,entity_id,enrichment_type,enrichment_json) VALUES ('enr_s09_salon_3792046913adef00','seed_run_s09_osm_salons_20260502','organization','org_s09_salon_3792046913adef00','licence_data','{"osm_id": "6684842663", "amenity": "hairdresser", "addr_state": null, "denomination": null, "operator": null}');

INSERT OR IGNORE INTO organizations (id,tenant_id,organization_type,legal_name,display_name,registration_number,status,verification_state,created_at,updated_at) VALUES ('org_s09_salon_e36a7f7d40338c3e','tenant_platform_seed','beauty_salon','Abdou Lazare Coiffure','Abdou Lazare Coiffure',NULL,'active','seeded',unixepoch(),unixepoch());
INSERT OR IGNORE INTO profiles (id,subject_id,subject_type,primary_place_id,tenant_id,workspace_id,display_name,created_at,updated_at) VALUES ('prof_s09_salon_e36a7f7d40338c3e','org_s09_salon_e36a7f7d40338c3e','organization','place_nigeria_001','tenant_platform_seed','workspace_platform_seed_discovery','Abdou Lazare Coiffure',unixepoch(),unixepoch());
INSERT OR IGNORE INTO search_entries (id,profile_id,display_name,keywords,ancestry_path,vertical,created_at,updated_at) VALUES ('se_s09_salon_e36a7f7d40338c3e','prof_s09_salon_e36a7f7d40338c3e','Abdou Lazare Coiffure','abdou lazare coiffure salon barber hair beauty nigeria','place_nigeria_001','beauty_salon',unixepoch(),unixepoch());
INSERT OR IGNORE INTO seed_ingestion_records (id,seed_run_id,entity_type,entity_id,source_id,status) VALUES ('ir_s09_salon_e36a7f7d40338c3e','seed_run_s09_osm_salons_20260502','organization','org_s09_salon_e36a7f7d40338c3e','seed_source_osm_salons_ng_20260502','ingested');
INSERT OR IGNORE INTO seed_entity_sources (id,seed_run_id,entity_type,entity_id,source_id,confidence_tier) VALUES ('es_s09_salon_e36a7f7d40338c3e','seed_run_s09_osm_salons_20260502','organization','org_s09_salon_e36a7f7d40338c3e','seed_source_osm_salons_ng_20260502','seeded');
INSERT OR IGNORE INTO seed_enrichment (id,seed_run_id,entity_type,entity_id,enrichment_type,enrichment_json) VALUES ('enr_s09_salon_e36a7f7d40338c3e','seed_run_s09_osm_salons_20260502','organization','org_s09_salon_e36a7f7d40338c3e','licence_data','{"osm_id": "6684842664", "amenity": "hairdresser", "addr_state": null, "denomination": null, "operator": null}');

INSERT OR IGNORE INTO organizations (id,tenant_id,organization_type,legal_name,display_name,registration_number,status,verification_state,created_at,updated_at) VALUES ('org_s09_salon_999bfddd3a00d373','tenant_platform_seed','beauty_salon','La Dimension','La Dimension',NULL,'active','seeded',unixepoch(),unixepoch());
INSERT OR IGNORE INTO profiles (id,subject_id,subject_type,primary_place_id,tenant_id,workspace_id,display_name,created_at,updated_at) VALUES ('prof_s09_salon_999bfddd3a00d373','org_s09_salon_999bfddd3a00d373','organization','place_nigeria_001','tenant_platform_seed','workspace_platform_seed_discovery','La Dimension',unixepoch(),unixepoch());
INSERT OR IGNORE INTO search_entries (id,profile_id,display_name,keywords,ancestry_path,vertical,created_at,updated_at) VALUES ('se_s09_salon_999bfddd3a00d373','prof_s09_salon_999bfddd3a00d373','La Dimension','la dimension salon barber hair beauty nigeria','place_nigeria_001','beauty_salon',unixepoch(),unixepoch());
INSERT OR IGNORE INTO seed_ingestion_records (id,seed_run_id,entity_type,entity_id,source_id,status) VALUES ('ir_s09_salon_999bfddd3a00d373','seed_run_s09_osm_salons_20260502','organization','org_s09_salon_999bfddd3a00d373','seed_source_osm_salons_ng_20260502','ingested');
INSERT OR IGNORE INTO seed_entity_sources (id,seed_run_id,entity_type,entity_id,source_id,confidence_tier) VALUES ('es_s09_salon_999bfddd3a00d373','seed_run_s09_osm_salons_20260502','organization','org_s09_salon_999bfddd3a00d373','seed_source_osm_salons_ng_20260502','seeded');
INSERT OR IGNORE INTO seed_enrichment (id,seed_run_id,entity_type,entity_id,enrichment_type,enrichment_json) VALUES ('enr_s09_salon_999bfddd3a00d373','seed_run_s09_osm_salons_20260502','organization','org_s09_salon_999bfddd3a00d373','licence_data','{"osm_id": "6684842665", "amenity": "hairdresser", "addr_state": null, "denomination": null, "operator": null}');

INSERT OR IGNORE INTO organizations (id,tenant_id,organization_type,legal_name,display_name,registration_number,status,verification_state,created_at,updated_at) VALUES ('org_s09_salon_8f3cd8fe35d99a54','tenant_platform_seed','beauty_salon','Belle Africaine','Belle Africaine',NULL,'active','seeded',unixepoch(),unixepoch());
INSERT OR IGNORE INTO profiles (id,subject_id,subject_type,primary_place_id,tenant_id,workspace_id,display_name,created_at,updated_at) VALUES ('prof_s09_salon_8f3cd8fe35d99a54','org_s09_salon_8f3cd8fe35d99a54','organization','place_nigeria_001','tenant_platform_seed','workspace_platform_seed_discovery','Belle Africaine',unixepoch(),unixepoch());
INSERT OR IGNORE INTO search_entries (id,profile_id,display_name,keywords,ancestry_path,vertical,created_at,updated_at) VALUES ('se_s09_salon_8f3cd8fe35d99a54','prof_s09_salon_8f3cd8fe35d99a54','Belle Africaine','belle africaine salon barber hair beauty nigeria','place_nigeria_001','beauty_salon',unixepoch(),unixepoch());
INSERT OR IGNORE INTO seed_ingestion_records (id,seed_run_id,entity_type,entity_id,source_id,status) VALUES ('ir_s09_salon_8f3cd8fe35d99a54','seed_run_s09_osm_salons_20260502','organization','org_s09_salon_8f3cd8fe35d99a54','seed_source_osm_salons_ng_20260502','ingested');
INSERT OR IGNORE INTO seed_entity_sources (id,seed_run_id,entity_type,entity_id,source_id,confidence_tier) VALUES ('es_s09_salon_8f3cd8fe35d99a54','seed_run_s09_osm_salons_20260502','organization','org_s09_salon_8f3cd8fe35d99a54','seed_source_osm_salons_ng_20260502','seeded');
INSERT OR IGNORE INTO seed_enrichment (id,seed_run_id,entity_type,entity_id,enrichment_type,enrichment_json) VALUES ('enr_s09_salon_8f3cd8fe35d99a54','seed_run_s09_osm_salons_20260502','organization','org_s09_salon_8f3cd8fe35d99a54','licence_data','{"osm_id": "6684842666", "amenity": "hairdresser", "addr_state": null, "denomination": null, "operator": null}');

INSERT OR IGNORE INTO organizations (id,tenant_id,organization_type,legal_name,display_name,registration_number,status,verification_state,created_at,updated_at) VALUES ('org_s09_salon_58e4f47f9fe134df','tenant_platform_seed','beauty_salon','Dynamique Coiffure','Dynamique Coiffure',NULL,'active','seeded',unixepoch(),unixepoch());
INSERT OR IGNORE INTO profiles (id,subject_id,subject_type,primary_place_id,tenant_id,workspace_id,display_name,created_at,updated_at) VALUES ('prof_s09_salon_58e4f47f9fe134df','org_s09_salon_58e4f47f9fe134df','organization','place_nigeria_001','tenant_platform_seed','workspace_platform_seed_discovery','Dynamique Coiffure',unixepoch(),unixepoch());
INSERT OR IGNORE INTO search_entries (id,profile_id,display_name,keywords,ancestry_path,vertical,created_at,updated_at) VALUES ('se_s09_salon_58e4f47f9fe134df','prof_s09_salon_58e4f47f9fe134df','Dynamique Coiffure','dynamique coiffure salon barber hair beauty nigeria','place_nigeria_001','beauty_salon',unixepoch(),unixepoch());
INSERT OR IGNORE INTO seed_ingestion_records (id,seed_run_id,entity_type,entity_id,source_id,status) VALUES ('ir_s09_salon_58e4f47f9fe134df','seed_run_s09_osm_salons_20260502','organization','org_s09_salon_58e4f47f9fe134df','seed_source_osm_salons_ng_20260502','ingested');
INSERT OR IGNORE INTO seed_entity_sources (id,seed_run_id,entity_type,entity_id,source_id,confidence_tier) VALUES ('es_s09_salon_58e4f47f9fe134df','seed_run_s09_osm_salons_20260502','organization','org_s09_salon_58e4f47f9fe134df','seed_source_osm_salons_ng_20260502','seeded');
INSERT OR IGNORE INTO seed_enrichment (id,seed_run_id,entity_type,entity_id,enrichment_type,enrichment_json) VALUES ('enr_s09_salon_58e4f47f9fe134df','seed_run_s09_osm_salons_20260502','organization','org_s09_salon_58e4f47f9fe134df','licence_data','{"osm_id": "6684842667", "amenity": "hairdresser", "addr_state": null, "denomination": null, "operator": null}');

INSERT OR IGNORE INTO organizations (id,tenant_id,organization_type,legal_name,display_name,registration_number,status,verification_state,created_at,updated_at) VALUES ('org_s09_salon_2a586aa02d70be78','tenant_platform_seed','beauty_salon','Esther Beauty Saloon','Esther Beauty Saloon',NULL,'active','seeded',unixepoch(),unixepoch());
INSERT OR IGNORE INTO profiles (id,subject_id,subject_type,primary_place_id,tenant_id,workspace_id,display_name,created_at,updated_at) VALUES ('prof_s09_salon_2a586aa02d70be78','org_s09_salon_2a586aa02d70be78','organization','place_nigeria_001','tenant_platform_seed','workspace_platform_seed_discovery','Esther Beauty Saloon',unixepoch(),unixepoch());
INSERT OR IGNORE INTO search_entries (id,profile_id,display_name,keywords,ancestry_path,vertical,created_at,updated_at) VALUES ('se_s09_salon_2a586aa02d70be78','prof_s09_salon_2a586aa02d70be78','Esther Beauty Saloon','esther beauty saloon salon barber hair beauty nigeria','place_nigeria_001','beauty_salon',unixepoch(),unixepoch());
INSERT OR IGNORE INTO seed_ingestion_records (id,seed_run_id,entity_type,entity_id,source_id,status) VALUES ('ir_s09_salon_2a586aa02d70be78','seed_run_s09_osm_salons_20260502','organization','org_s09_salon_2a586aa02d70be78','seed_source_osm_salons_ng_20260502','ingested');
INSERT OR IGNORE INTO seed_entity_sources (id,seed_run_id,entity_type,entity_id,source_id,confidence_tier) VALUES ('es_s09_salon_2a586aa02d70be78','seed_run_s09_osm_salons_20260502','organization','org_s09_salon_2a586aa02d70be78','seed_source_osm_salons_ng_20260502','seeded');
INSERT OR IGNORE INTO seed_enrichment (id,seed_run_id,entity_type,entity_id,enrichment_type,enrichment_json) VALUES ('enr_s09_salon_2a586aa02d70be78','seed_run_s09_osm_salons_20260502','organization','org_s09_salon_2a586aa02d70be78','licence_data','{"osm_id": "6684842668", "amenity": "hairdresser", "addr_state": null, "denomination": null, "operator": null}');

INSERT OR IGNORE INTO organizations (id,tenant_id,organization_type,legal_name,display_name,registration_number,status,verification_state,created_at,updated_at) VALUES ('org_s09_salon_4ba539da3bebb98f','tenant_platform_seed','beauty_salon','Monique Coiffure','Monique Coiffure',NULL,'active','seeded',unixepoch(),unixepoch());
INSERT OR IGNORE INTO profiles (id,subject_id,subject_type,primary_place_id,tenant_id,workspace_id,display_name,created_at,updated_at) VALUES ('prof_s09_salon_4ba539da3bebb98f','org_s09_salon_4ba539da3bebb98f','organization','place_nigeria_001','tenant_platform_seed','workspace_platform_seed_discovery','Monique Coiffure',unixepoch(),unixepoch());
INSERT OR IGNORE INTO search_entries (id,profile_id,display_name,keywords,ancestry_path,vertical,created_at,updated_at) VALUES ('se_s09_salon_4ba539da3bebb98f','prof_s09_salon_4ba539da3bebb98f','Monique Coiffure','monique coiffure salon barber hair beauty nigeria','place_nigeria_001','beauty_salon',unixepoch(),unixepoch());
INSERT OR IGNORE INTO seed_ingestion_records (id,seed_run_id,entity_type,entity_id,source_id,status) VALUES ('ir_s09_salon_4ba539da3bebb98f','seed_run_s09_osm_salons_20260502','organization','org_s09_salon_4ba539da3bebb98f','seed_source_osm_salons_ng_20260502','ingested');
INSERT OR IGNORE INTO seed_entity_sources (id,seed_run_id,entity_type,entity_id,source_id,confidence_tier) VALUES ('es_s09_salon_4ba539da3bebb98f','seed_run_s09_osm_salons_20260502','organization','org_s09_salon_4ba539da3bebb98f','seed_source_osm_salons_ng_20260502','seeded');
INSERT OR IGNORE INTO seed_enrichment (id,seed_run_id,entity_type,entity_id,enrichment_type,enrichment_json) VALUES ('enr_s09_salon_4ba539da3bebb98f','seed_run_s09_osm_salons_20260502','organization','org_s09_salon_4ba539da3bebb98f','licence_data','{"osm_id": "6684842669", "amenity": "hairdresser", "addr_state": null, "denomination": null, "operator": null}');

INSERT OR IGNORE INTO organizations (id,tenant_id,organization_type,legal_name,display_name,registration_number,status,verification_state,created_at,updated_at) VALUES ('org_s09_salon_fe75e5e2c94ba2ca','tenant_platform_seed','beauty_salon','Kate Beauty','Kate Beauty',NULL,'active','seeded',unixepoch(),unixepoch());
INSERT OR IGNORE INTO profiles (id,subject_id,subject_type,primary_place_id,tenant_id,workspace_id,display_name,created_at,updated_at) VALUES ('prof_s09_salon_fe75e5e2c94ba2ca','org_s09_salon_fe75e5e2c94ba2ca','organization','place_nigeria_001','tenant_platform_seed','workspace_platform_seed_discovery','Kate Beauty',unixepoch(),unixepoch());
INSERT OR IGNORE INTO search_entries (id,profile_id,display_name,keywords,ancestry_path,vertical,created_at,updated_at) VALUES ('se_s09_salon_fe75e5e2c94ba2ca','prof_s09_salon_fe75e5e2c94ba2ca','Kate Beauty','kate beauty salon barber hair beauty nigeria','place_nigeria_001','beauty_salon',unixepoch(),unixepoch());
INSERT OR IGNORE INTO seed_ingestion_records (id,seed_run_id,entity_type,entity_id,source_id,status) VALUES ('ir_s09_salon_fe75e5e2c94ba2ca','seed_run_s09_osm_salons_20260502','organization','org_s09_salon_fe75e5e2c94ba2ca','seed_source_osm_salons_ng_20260502','ingested');
INSERT OR IGNORE INTO seed_entity_sources (id,seed_run_id,entity_type,entity_id,source_id,confidence_tier) VALUES ('es_s09_salon_fe75e5e2c94ba2ca','seed_run_s09_osm_salons_20260502','organization','org_s09_salon_fe75e5e2c94ba2ca','seed_source_osm_salons_ng_20260502','seeded');
INSERT OR IGNORE INTO seed_enrichment (id,seed_run_id,entity_type,entity_id,enrichment_type,enrichment_json) VALUES ('enr_s09_salon_fe75e5e2c94ba2ca','seed_run_s09_osm_salons_20260502','organization','org_s09_salon_fe75e5e2c94ba2ca','licence_data','{"osm_id": "6684842670", "amenity": "hairdresser", "addr_state": null, "denomination": null, "operator": null}');

INSERT OR IGNORE INTO organizations (id,tenant_id,organization_type,legal_name,display_name,registration_number,status,verification_state,created_at,updated_at) VALUES ('org_s09_salon_1e893b634fcc7e54','tenant_platform_seed','beauty_salon','Gertrude Coiffure','Gertrude Coiffure',NULL,'active','seeded',unixepoch(),unixepoch());
INSERT OR IGNORE INTO profiles (id,subject_id,subject_type,primary_place_id,tenant_id,workspace_id,display_name,created_at,updated_at) VALUES ('prof_s09_salon_1e893b634fcc7e54','org_s09_salon_1e893b634fcc7e54','organization','place_nigeria_001','tenant_platform_seed','workspace_platform_seed_discovery','Gertrude Coiffure',unixepoch(),unixepoch());
INSERT OR IGNORE INTO search_entries (id,profile_id,display_name,keywords,ancestry_path,vertical,created_at,updated_at) VALUES ('se_s09_salon_1e893b634fcc7e54','prof_s09_salon_1e893b634fcc7e54','Gertrude Coiffure','gertrude coiffure salon barber hair beauty nigeria','place_nigeria_001','beauty_salon',unixepoch(),unixepoch());
INSERT OR IGNORE INTO seed_ingestion_records (id,seed_run_id,entity_type,entity_id,source_id,status) VALUES ('ir_s09_salon_1e893b634fcc7e54','seed_run_s09_osm_salons_20260502','organization','org_s09_salon_1e893b634fcc7e54','seed_source_osm_salons_ng_20260502','ingested');
INSERT OR IGNORE INTO seed_entity_sources (id,seed_run_id,entity_type,entity_id,source_id,confidence_tier) VALUES ('es_s09_salon_1e893b634fcc7e54','seed_run_s09_osm_salons_20260502','organization','org_s09_salon_1e893b634fcc7e54','seed_source_osm_salons_ng_20260502','seeded');
INSERT OR IGNORE INTO seed_enrichment (id,seed_run_id,entity_type,entity_id,enrichment_type,enrichment_json) VALUES ('enr_s09_salon_1e893b634fcc7e54','seed_run_s09_osm_salons_20260502','organization','org_s09_salon_1e893b634fcc7e54','licence_data','{"osm_id": "6684842671", "amenity": "hairdresser", "addr_state": null, "denomination": null, "operator": null}');

INSERT OR IGNORE INTO organizations (id,tenant_id,organization_type,legal_name,display_name,registration_number,status,verification_state,created_at,updated_at) VALUES ('org_s09_salon_b7753eb50f7ceb8b','tenant_platform_seed','beauty_salon','Champion Coiffure','Champion Coiffure',NULL,'active','seeded',unixepoch(),unixepoch());
INSERT OR IGNORE INTO profiles (id,subject_id,subject_type,primary_place_id,tenant_id,workspace_id,display_name,created_at,updated_at) VALUES ('prof_s09_salon_b7753eb50f7ceb8b','org_s09_salon_b7753eb50f7ceb8b','organization','place_nigeria_001','tenant_platform_seed','workspace_platform_seed_discovery','Champion Coiffure',unixepoch(),unixepoch());
INSERT OR IGNORE INTO search_entries (id,profile_id,display_name,keywords,ancestry_path,vertical,created_at,updated_at) VALUES ('se_s09_salon_b7753eb50f7ceb8b','prof_s09_salon_b7753eb50f7ceb8b','Champion Coiffure','champion coiffure salon barber hair beauty nigeria','place_nigeria_001','beauty_salon',unixepoch(),unixepoch());
INSERT OR IGNORE INTO seed_ingestion_records (id,seed_run_id,entity_type,entity_id,source_id,status) VALUES ('ir_s09_salon_b7753eb50f7ceb8b','seed_run_s09_osm_salons_20260502','organization','org_s09_salon_b7753eb50f7ceb8b','seed_source_osm_salons_ng_20260502','ingested');
INSERT OR IGNORE INTO seed_entity_sources (id,seed_run_id,entity_type,entity_id,source_id,confidence_tier) VALUES ('es_s09_salon_b7753eb50f7ceb8b','seed_run_s09_osm_salons_20260502','organization','org_s09_salon_b7753eb50f7ceb8b','seed_source_osm_salons_ng_20260502','seeded');
INSERT OR IGNORE INTO seed_enrichment (id,seed_run_id,entity_type,entity_id,enrichment_type,enrichment_json) VALUES ('enr_s09_salon_b7753eb50f7ceb8b','seed_run_s09_osm_salons_20260502','organization','org_s09_salon_b7753eb50f7ceb8b','licence_data','{"osm_id": "6684842672", "amenity": "hairdresser", "addr_state": null, "denomination": null, "operator": null}');

INSERT OR IGNORE INTO organizations (id,tenant_id,organization_type,legal_name,display_name,registration_number,status,verification_state,created_at,updated_at) VALUES ('org_s09_salon_c8b70ea07b4f968b','tenant_platform_seed','beauty_salon','Zen Et Charmante','Zen Et Charmante',NULL,'active','seeded',unixepoch(),unixepoch());
INSERT OR IGNORE INTO profiles (id,subject_id,subject_type,primary_place_id,tenant_id,workspace_id,display_name,created_at,updated_at) VALUES ('prof_s09_salon_c8b70ea07b4f968b','org_s09_salon_c8b70ea07b4f968b','organization','place_nigeria_001','tenant_platform_seed','workspace_platform_seed_discovery','Zen Et Charmante',unixepoch(),unixepoch());
INSERT OR IGNORE INTO search_entries (id,profile_id,display_name,keywords,ancestry_path,vertical,created_at,updated_at) VALUES ('se_s09_salon_c8b70ea07b4f968b','prof_s09_salon_c8b70ea07b4f968b','Zen Et Charmante','zen et charmante salon barber hair beauty nigeria','place_nigeria_001','beauty_salon',unixepoch(),unixepoch());
INSERT OR IGNORE INTO seed_ingestion_records (id,seed_run_id,entity_type,entity_id,source_id,status) VALUES ('ir_s09_salon_c8b70ea07b4f968b','seed_run_s09_osm_salons_20260502','organization','org_s09_salon_c8b70ea07b4f968b','seed_source_osm_salons_ng_20260502','ingested');
INSERT OR IGNORE INTO seed_entity_sources (id,seed_run_id,entity_type,entity_id,source_id,confidence_tier) VALUES ('es_s09_salon_c8b70ea07b4f968b','seed_run_s09_osm_salons_20260502','organization','org_s09_salon_c8b70ea07b4f968b','seed_source_osm_salons_ng_20260502','seeded');
INSERT OR IGNORE INTO seed_enrichment (id,seed_run_id,entity_type,entity_id,enrichment_type,enrichment_json) VALUES ('enr_s09_salon_c8b70ea07b4f968b','seed_run_s09_osm_salons_20260502','organization','org_s09_salon_c8b70ea07b4f968b','licence_data','{"osm_id": "6684842673", "amenity": "hairdresser", "addr_state": null, "denomination": null, "operator": null}');

INSERT OR IGNORE INTO organizations (id,tenant_id,organization_type,legal_name,display_name,registration_number,status,verification_state,created_at,updated_at) VALUES ('org_s09_salon_e4e9a32273b7a2a4','tenant_platform_seed','beauty_salon','Mirage Coiffure','Mirage Coiffure',NULL,'active','seeded',unixepoch(),unixepoch());
INSERT OR IGNORE INTO profiles (id,subject_id,subject_type,primary_place_id,tenant_id,workspace_id,display_name,created_at,updated_at) VALUES ('prof_s09_salon_e4e9a32273b7a2a4','org_s09_salon_e4e9a32273b7a2a4','organization','place_nigeria_001','tenant_platform_seed','workspace_platform_seed_discovery','Mirage Coiffure',unixepoch(),unixepoch());
INSERT OR IGNORE INTO search_entries (id,profile_id,display_name,keywords,ancestry_path,vertical,created_at,updated_at) VALUES ('se_s09_salon_e4e9a32273b7a2a4','prof_s09_salon_e4e9a32273b7a2a4','Mirage Coiffure','mirage coiffure salon barber hair beauty nigeria','place_nigeria_001','beauty_salon',unixepoch(),unixepoch());
INSERT OR IGNORE INTO seed_ingestion_records (id,seed_run_id,entity_type,entity_id,source_id,status) VALUES ('ir_s09_salon_e4e9a32273b7a2a4','seed_run_s09_osm_salons_20260502','organization','org_s09_salon_e4e9a32273b7a2a4','seed_source_osm_salons_ng_20260502','ingested');
INSERT OR IGNORE INTO seed_entity_sources (id,seed_run_id,entity_type,entity_id,source_id,confidence_tier) VALUES ('es_s09_salon_e4e9a32273b7a2a4','seed_run_s09_osm_salons_20260502','organization','org_s09_salon_e4e9a32273b7a2a4','seed_source_osm_salons_ng_20260502','seeded');
INSERT OR IGNORE INTO seed_enrichment (id,seed_run_id,entity_type,entity_id,enrichment_type,enrichment_json) VALUES ('enr_s09_salon_e4e9a32273b7a2a4','seed_run_s09_osm_salons_20260502','organization','org_s09_salon_e4e9a32273b7a2a4','licence_data','{"osm_id": "6684842674", "amenity": "hairdresser", "addr_state": null, "denomination": null, "operator": null}');

INSERT OR IGNORE INTO organizations (id,tenant_id,organization_type,legal_name,display_name,registration_number,status,verification_state,created_at,updated_at) VALUES ('org_s09_salon_1b3d9ba7eb66d153','tenant_platform_seed','beauty_salon','Salon De Coiffure Le Catalyseur','Salon De Coiffure Le Catalyseur',NULL,'active','seeded',unixepoch(),unixepoch());
INSERT OR IGNORE INTO profiles (id,subject_id,subject_type,primary_place_id,tenant_id,workspace_id,display_name,created_at,updated_at) VALUES ('prof_s09_salon_1b3d9ba7eb66d153','org_s09_salon_1b3d9ba7eb66d153','organization','place_nigeria_001','tenant_platform_seed','workspace_platform_seed_discovery','Salon De Coiffure Le Catalyseur',unixepoch(),unixepoch());
INSERT OR IGNORE INTO search_entries (id,profile_id,display_name,keywords,ancestry_path,vertical,created_at,updated_at) VALUES ('se_s09_salon_1b3d9ba7eb66d153','prof_s09_salon_1b3d9ba7eb66d153','Salon De Coiffure Le Catalyseur','salon de coiffure le catalyseur salon barber hair beauty nigeria','place_nigeria_001','beauty_salon',unixepoch(),unixepoch());
INSERT OR IGNORE INTO seed_ingestion_records (id,seed_run_id,entity_type,entity_id,source_id,status) VALUES ('ir_s09_salon_1b3d9ba7eb66d153','seed_run_s09_osm_salons_20260502','organization','org_s09_salon_1b3d9ba7eb66d153','seed_source_osm_salons_ng_20260502','ingested');
INSERT OR IGNORE INTO seed_entity_sources (id,seed_run_id,entity_type,entity_id,source_id,confidence_tier) VALUES ('es_s09_salon_1b3d9ba7eb66d153','seed_run_s09_osm_salons_20260502','organization','org_s09_salon_1b3d9ba7eb66d153','seed_source_osm_salons_ng_20260502','seeded');
INSERT OR IGNORE INTO seed_enrichment (id,seed_run_id,entity_type,entity_id,enrichment_type,enrichment_json) VALUES ('enr_s09_salon_1b3d9ba7eb66d153','seed_run_s09_osm_salons_20260502','organization','org_s09_salon_1b3d9ba7eb66d153','licence_data','{"osm_id": "6684842675", "amenity": "hairdresser", "addr_state": null, "denomination": null, "operator": null}');

INSERT OR IGNORE INTO organizations (id,tenant_id,organization_type,legal_name,display_name,registration_number,status,verification_state,created_at,updated_at) VALUES ('org_s09_salon_9079d3685b72547b','tenant_platform_seed','beauty_salon','Dimension Fashion','Dimension Fashion',NULL,'active','seeded',unixepoch(),unixepoch());
INSERT OR IGNORE INTO profiles (id,subject_id,subject_type,primary_place_id,tenant_id,workspace_id,display_name,created_at,updated_at) VALUES ('prof_s09_salon_9079d3685b72547b','org_s09_salon_9079d3685b72547b','organization','place_nigeria_001','tenant_platform_seed','workspace_platform_seed_discovery','Dimension Fashion',unixepoch(),unixepoch());
INSERT OR IGNORE INTO search_entries (id,profile_id,display_name,keywords,ancestry_path,vertical,created_at,updated_at) VALUES ('se_s09_salon_9079d3685b72547b','prof_s09_salon_9079d3685b72547b','Dimension Fashion','dimension fashion salon barber hair beauty nigeria','place_nigeria_001','beauty_salon',unixepoch(),unixepoch());
INSERT OR IGNORE INTO seed_ingestion_records (id,seed_run_id,entity_type,entity_id,source_id,status) VALUES ('ir_s09_salon_9079d3685b72547b','seed_run_s09_osm_salons_20260502','organization','org_s09_salon_9079d3685b72547b','seed_source_osm_salons_ng_20260502','ingested');
INSERT OR IGNORE INTO seed_entity_sources (id,seed_run_id,entity_type,entity_id,source_id,confidence_tier) VALUES ('es_s09_salon_9079d3685b72547b','seed_run_s09_osm_salons_20260502','organization','org_s09_salon_9079d3685b72547b','seed_source_osm_salons_ng_20260502','seeded');
INSERT OR IGNORE INTO seed_enrichment (id,seed_run_id,entity_type,entity_id,enrichment_type,enrichment_json) VALUES ('enr_s09_salon_9079d3685b72547b','seed_run_s09_osm_salons_20260502','organization','org_s09_salon_9079d3685b72547b','licence_data','{"osm_id": "6684842676", "amenity": "hairdresser", "addr_state": null, "denomination": null, "operator": null}');

INSERT OR IGNORE INTO organizations (id,tenant_id,organization_type,legal_name,display_name,registration_number,status,verification_state,created_at,updated_at) VALUES ('org_s09_salon_9a0f8358260dc7b2','tenant_platform_seed','beauty_salon','Kalusha Coiffure','Kalusha Coiffure',NULL,'active','seeded',unixepoch(),unixepoch());
INSERT OR IGNORE INTO profiles (id,subject_id,subject_type,primary_place_id,tenant_id,workspace_id,display_name,created_at,updated_at) VALUES ('prof_s09_salon_9a0f8358260dc7b2','org_s09_salon_9a0f8358260dc7b2','organization','place_nigeria_001','tenant_platform_seed','workspace_platform_seed_discovery','Kalusha Coiffure',unixepoch(),unixepoch());
INSERT OR IGNORE INTO search_entries (id,profile_id,display_name,keywords,ancestry_path,vertical,created_at,updated_at) VALUES ('se_s09_salon_9a0f8358260dc7b2','prof_s09_salon_9a0f8358260dc7b2','Kalusha Coiffure','kalusha coiffure salon barber hair beauty nigeria','place_nigeria_001','beauty_salon',unixepoch(),unixepoch());
INSERT OR IGNORE INTO seed_ingestion_records (id,seed_run_id,entity_type,entity_id,source_id,status) VALUES ('ir_s09_salon_9a0f8358260dc7b2','seed_run_s09_osm_salons_20260502','organization','org_s09_salon_9a0f8358260dc7b2','seed_source_osm_salons_ng_20260502','ingested');
INSERT OR IGNORE INTO seed_entity_sources (id,seed_run_id,entity_type,entity_id,source_id,confidence_tier) VALUES ('es_s09_salon_9a0f8358260dc7b2','seed_run_s09_osm_salons_20260502','organization','org_s09_salon_9a0f8358260dc7b2','seed_source_osm_salons_ng_20260502','seeded');
INSERT OR IGNORE INTO seed_enrichment (id,seed_run_id,entity_type,entity_id,enrichment_type,enrichment_json) VALUES ('enr_s09_salon_9a0f8358260dc7b2','seed_run_s09_osm_salons_20260502','organization','org_s09_salon_9a0f8358260dc7b2','licence_data','{"osm_id": "6684842677", "amenity": "hairdresser", "addr_state": null, "denomination": null, "operator": null}');

INSERT OR IGNORE INTO organizations (id,tenant_id,organization_type,legal_name,display_name,registration_number,status,verification_state,created_at,updated_at) VALUES ('org_s09_salon_be38a0dc05b05d1d','tenant_platform_seed','beauty_salon','Micheline Coiffure','Micheline Coiffure',NULL,'active','seeded',unixepoch(),unixepoch());
INSERT OR IGNORE INTO profiles (id,subject_id,subject_type,primary_place_id,tenant_id,workspace_id,display_name,created_at,updated_at) VALUES ('prof_s09_salon_be38a0dc05b05d1d','org_s09_salon_be38a0dc05b05d1d','organization','place_nigeria_001','tenant_platform_seed','workspace_platform_seed_discovery','Micheline Coiffure',unixepoch(),unixepoch());
INSERT OR IGNORE INTO search_entries (id,profile_id,display_name,keywords,ancestry_path,vertical,created_at,updated_at) VALUES ('se_s09_salon_be38a0dc05b05d1d','prof_s09_salon_be38a0dc05b05d1d','Micheline Coiffure','micheline coiffure salon barber hair beauty nigeria','place_nigeria_001','beauty_salon',unixepoch(),unixepoch());
INSERT OR IGNORE INTO seed_ingestion_records (id,seed_run_id,entity_type,entity_id,source_id,status) VALUES ('ir_s09_salon_be38a0dc05b05d1d','seed_run_s09_osm_salons_20260502','organization','org_s09_salon_be38a0dc05b05d1d','seed_source_osm_salons_ng_20260502','ingested');
INSERT OR IGNORE INTO seed_entity_sources (id,seed_run_id,entity_type,entity_id,source_id,confidence_tier) VALUES ('es_s09_salon_be38a0dc05b05d1d','seed_run_s09_osm_salons_20260502','organization','org_s09_salon_be38a0dc05b05d1d','seed_source_osm_salons_ng_20260502','seeded');
INSERT OR IGNORE INTO seed_enrichment (id,seed_run_id,entity_type,entity_id,enrichment_type,enrichment_json) VALUES ('enr_s09_salon_be38a0dc05b05d1d','seed_run_s09_osm_salons_20260502','organization','org_s09_salon_be38a0dc05b05d1d','licence_data','{"osm_id": "6684842678", "amenity": "hairdresser", "addr_state": null, "denomination": null, "operator": null}');

INSERT OR IGNORE INTO organizations (id,tenant_id,organization_type,legal_name,display_name,registration_number,status,verification_state,created_at,updated_at) VALUES ('org_s09_salon_7872b12d6eebd33b','tenant_platform_seed','beauty_salon','Philadelfi Coiffure','Philadelfi Coiffure',NULL,'active','seeded',unixepoch(),unixepoch());
INSERT OR IGNORE INTO profiles (id,subject_id,subject_type,primary_place_id,tenant_id,workspace_id,display_name,created_at,updated_at) VALUES ('prof_s09_salon_7872b12d6eebd33b','org_s09_salon_7872b12d6eebd33b','organization','place_nigeria_001','tenant_platform_seed','workspace_platform_seed_discovery','Philadelfi Coiffure',unixepoch(),unixepoch());
INSERT OR IGNORE INTO search_entries (id,profile_id,display_name,keywords,ancestry_path,vertical,created_at,updated_at) VALUES ('se_s09_salon_7872b12d6eebd33b','prof_s09_salon_7872b12d6eebd33b','Philadelfi Coiffure','philadelfi coiffure salon barber hair beauty nigeria','place_nigeria_001','beauty_salon',unixepoch(),unixepoch());
INSERT OR IGNORE INTO seed_ingestion_records (id,seed_run_id,entity_type,entity_id,source_id,status) VALUES ('ir_s09_salon_7872b12d6eebd33b','seed_run_s09_osm_salons_20260502','organization','org_s09_salon_7872b12d6eebd33b','seed_source_osm_salons_ng_20260502','ingested');
INSERT OR IGNORE INTO seed_entity_sources (id,seed_run_id,entity_type,entity_id,source_id,confidence_tier) VALUES ('es_s09_salon_7872b12d6eebd33b','seed_run_s09_osm_salons_20260502','organization','org_s09_salon_7872b12d6eebd33b','seed_source_osm_salons_ng_20260502','seeded');
INSERT OR IGNORE INTO seed_enrichment (id,seed_run_id,entity_type,entity_id,enrichment_type,enrichment_json) VALUES ('enr_s09_salon_7872b12d6eebd33b','seed_run_s09_osm_salons_20260502','organization','org_s09_salon_7872b12d6eebd33b','licence_data','{"osm_id": "6684842679", "amenity": "hairdresser", "addr_state": null, "denomination": null, "operator": null}');

INSERT OR IGNORE INTO organizations (id,tenant_id,organization_type,legal_name,display_name,registration_number,status,verification_state,created_at,updated_at) VALUES ('org_s09_salon_60b27fd656a3772f','tenant_platform_seed','beauty_salon','Mct De La Hoya 1e','Mct De La Hoya 1e',NULL,'active','seeded',unixepoch(),unixepoch());
INSERT OR IGNORE INTO profiles (id,subject_id,subject_type,primary_place_id,tenant_id,workspace_id,display_name,created_at,updated_at) VALUES ('prof_s09_salon_60b27fd656a3772f','org_s09_salon_60b27fd656a3772f','organization','place_nigeria_001','tenant_platform_seed','workspace_platform_seed_discovery','Mct De La Hoya 1e',unixepoch(),unixepoch());
INSERT OR IGNORE INTO search_entries (id,profile_id,display_name,keywords,ancestry_path,vertical,created_at,updated_at) VALUES ('se_s09_salon_60b27fd656a3772f','prof_s09_salon_60b27fd656a3772f','Mct De La Hoya 1e','mct de la hoya 1e salon barber hair beauty nigeria','place_nigeria_001','beauty_salon',unixepoch(),unixepoch());
INSERT OR IGNORE INTO seed_ingestion_records (id,seed_run_id,entity_type,entity_id,source_id,status) VALUES ('ir_s09_salon_60b27fd656a3772f','seed_run_s09_osm_salons_20260502','organization','org_s09_salon_60b27fd656a3772f','seed_source_osm_salons_ng_20260502','ingested');
INSERT OR IGNORE INTO seed_entity_sources (id,seed_run_id,entity_type,entity_id,source_id,confidence_tier) VALUES ('es_s09_salon_60b27fd656a3772f','seed_run_s09_osm_salons_20260502','organization','org_s09_salon_60b27fd656a3772f','seed_source_osm_salons_ng_20260502','seeded');
INSERT OR IGNORE INTO seed_enrichment (id,seed_run_id,entity_type,entity_id,enrichment_type,enrichment_json) VALUES ('enr_s09_salon_60b27fd656a3772f','seed_run_s09_osm_salons_20260502','organization','org_s09_salon_60b27fd656a3772f','licence_data','{"osm_id": "6684842680", "amenity": "hairdresser", "addr_state": null, "denomination": null, "operator": null}');

INSERT OR IGNORE INTO organizations (id,tenant_id,organization_type,legal_name,display_name,registration_number,status,verification_state,created_at,updated_at) VALUES ('org_s09_salon_e0252c5d86fa8601','tenant_platform_seed','beauty_salon','Cella Coiffure','Cella Coiffure',NULL,'active','seeded',unixepoch(),unixepoch());
INSERT OR IGNORE INTO profiles (id,subject_id,subject_type,primary_place_id,tenant_id,workspace_id,display_name,created_at,updated_at) VALUES ('prof_s09_salon_e0252c5d86fa8601','org_s09_salon_e0252c5d86fa8601','organization','place_nigeria_001','tenant_platform_seed','workspace_platform_seed_discovery','Cella Coiffure',unixepoch(),unixepoch());
INSERT OR IGNORE INTO search_entries (id,profile_id,display_name,keywords,ancestry_path,vertical,created_at,updated_at) VALUES ('se_s09_salon_e0252c5d86fa8601','prof_s09_salon_e0252c5d86fa8601','Cella Coiffure','cella coiffure salon barber hair beauty nigeria','place_nigeria_001','beauty_salon',unixepoch(),unixepoch());
INSERT OR IGNORE INTO seed_ingestion_records (id,seed_run_id,entity_type,entity_id,source_id,status) VALUES ('ir_s09_salon_e0252c5d86fa8601','seed_run_s09_osm_salons_20260502','organization','org_s09_salon_e0252c5d86fa8601','seed_source_osm_salons_ng_20260502','ingested');
INSERT OR IGNORE INTO seed_entity_sources (id,seed_run_id,entity_type,entity_id,source_id,confidence_tier) VALUES ('es_s09_salon_e0252c5d86fa8601','seed_run_s09_osm_salons_20260502','organization','org_s09_salon_e0252c5d86fa8601','seed_source_osm_salons_ng_20260502','seeded');
INSERT OR IGNORE INTO seed_enrichment (id,seed_run_id,entity_type,entity_id,enrichment_type,enrichment_json) VALUES ('enr_s09_salon_e0252c5d86fa8601','seed_run_s09_osm_salons_20260502','organization','org_s09_salon_e0252c5d86fa8601','licence_data','{"osm_id": "6684842681", "amenity": "hairdresser", "addr_state": null, "denomination": null, "operator": null}');

INSERT OR IGNORE INTO organizations (id,tenant_id,organization_type,legal_name,display_name,registration_number,status,verification_state,created_at,updated_at) VALUES ('org_s09_salon_54247939674d232e','tenant_platform_seed','beauty_salon','L''émirat Coiffure','L''émirat Coiffure',NULL,'active','seeded',unixepoch(),unixepoch());
INSERT OR IGNORE INTO profiles (id,subject_id,subject_type,primary_place_id,tenant_id,workspace_id,display_name,created_at,updated_at) VALUES ('prof_s09_salon_54247939674d232e','org_s09_salon_54247939674d232e','organization','place_nigeria_001','tenant_platform_seed','workspace_platform_seed_discovery','L''émirat Coiffure',unixepoch(),unixepoch());
INSERT OR IGNORE INTO search_entries (id,profile_id,display_name,keywords,ancestry_path,vertical,created_at,updated_at) VALUES ('se_s09_salon_54247939674d232e','prof_s09_salon_54247939674d232e','L''émirat Coiffure','l''émirat coiffure salon barber hair beauty nigeria','place_nigeria_001','beauty_salon',unixepoch(),unixepoch());
INSERT OR IGNORE INTO seed_ingestion_records (id,seed_run_id,entity_type,entity_id,source_id,status) VALUES ('ir_s09_salon_54247939674d232e','seed_run_s09_osm_salons_20260502','organization','org_s09_salon_54247939674d232e','seed_source_osm_salons_ng_20260502','ingested');
INSERT OR IGNORE INTO seed_entity_sources (id,seed_run_id,entity_type,entity_id,source_id,confidence_tier) VALUES ('es_s09_salon_54247939674d232e','seed_run_s09_osm_salons_20260502','organization','org_s09_salon_54247939674d232e','seed_source_osm_salons_ng_20260502','seeded');
INSERT OR IGNORE INTO seed_enrichment (id,seed_run_id,entity_type,entity_id,enrichment_type,enrichment_json) VALUES ('enr_s09_salon_54247939674d232e','seed_run_s09_osm_salons_20260502','organization','org_s09_salon_54247939674d232e','licence_data','{"osm_id": "6684842682", "amenity": "hairdresser", "addr_state": null, "denomination": null, "operator": null}');

INSERT OR IGNORE INTO organizations (id,tenant_id,organization_type,legal_name,display_name,registration_number,status,verification_state,created_at,updated_at) VALUES ('org_s09_salon_5deeb7eec52895b6','tenant_platform_seed','beauty_salon','Clara Beauty','Clara Beauty',NULL,'active','seeded',unixepoch(),unixepoch());
INSERT OR IGNORE INTO profiles (id,subject_id,subject_type,primary_place_id,tenant_id,workspace_id,display_name,created_at,updated_at) VALUES ('prof_s09_salon_5deeb7eec52895b6','org_s09_salon_5deeb7eec52895b6','organization','place_nigeria_001','tenant_platform_seed','workspace_platform_seed_discovery','Clara Beauty',unixepoch(),unixepoch());
INSERT OR IGNORE INTO search_entries (id,profile_id,display_name,keywords,ancestry_path,vertical,created_at,updated_at) VALUES ('se_s09_salon_5deeb7eec52895b6','prof_s09_salon_5deeb7eec52895b6','Clara Beauty','clara beauty salon barber hair beauty nigeria','place_nigeria_001','beauty_salon',unixepoch(),unixepoch());
INSERT OR IGNORE INTO seed_ingestion_records (id,seed_run_id,entity_type,entity_id,source_id,status) VALUES ('ir_s09_salon_5deeb7eec52895b6','seed_run_s09_osm_salons_20260502','organization','org_s09_salon_5deeb7eec52895b6','seed_source_osm_salons_ng_20260502','ingested');
INSERT OR IGNORE INTO seed_entity_sources (id,seed_run_id,entity_type,entity_id,source_id,confidence_tier) VALUES ('es_s09_salon_5deeb7eec52895b6','seed_run_s09_osm_salons_20260502','organization','org_s09_salon_5deeb7eec52895b6','seed_source_osm_salons_ng_20260502','seeded');
INSERT OR IGNORE INTO seed_enrichment (id,seed_run_id,entity_type,entity_id,enrichment_type,enrichment_json) VALUES ('enr_s09_salon_5deeb7eec52895b6','seed_run_s09_osm_salons_20260502','organization','org_s09_salon_5deeb7eec52895b6','licence_data','{"osm_id": "6684842683", "amenity": "hairdresser", "addr_state": null, "denomination": null, "operator": null}');

INSERT OR IGNORE INTO organizations (id,tenant_id,organization_type,legal_name,display_name,registration_number,status,verification_state,created_at,updated_at) VALUES ('org_s09_salon_eb22dac6d623f7cd','tenant_platform_seed','beauty_salon','Senateur Coiffurz','Senateur Coiffurz',NULL,'active','seeded',unixepoch(),unixepoch());
INSERT OR IGNORE INTO profiles (id,subject_id,subject_type,primary_place_id,tenant_id,workspace_id,display_name,created_at,updated_at) VALUES ('prof_s09_salon_eb22dac6d623f7cd','org_s09_salon_eb22dac6d623f7cd','organization','place_nigeria_001','tenant_platform_seed','workspace_platform_seed_discovery','Senateur Coiffurz',unixepoch(),unixepoch());
INSERT OR IGNORE INTO search_entries (id,profile_id,display_name,keywords,ancestry_path,vertical,created_at,updated_at) VALUES ('se_s09_salon_eb22dac6d623f7cd','prof_s09_salon_eb22dac6d623f7cd','Senateur Coiffurz','senateur coiffurz salon barber hair beauty nigeria','place_nigeria_001','beauty_salon',unixepoch(),unixepoch());
INSERT OR IGNORE INTO seed_ingestion_records (id,seed_run_id,entity_type,entity_id,source_id,status) VALUES ('ir_s09_salon_eb22dac6d623f7cd','seed_run_s09_osm_salons_20260502','organization','org_s09_salon_eb22dac6d623f7cd','seed_source_osm_salons_ng_20260502','ingested');
INSERT OR IGNORE INTO seed_entity_sources (id,seed_run_id,entity_type,entity_id,source_id,confidence_tier) VALUES ('es_s09_salon_eb22dac6d623f7cd','seed_run_s09_osm_salons_20260502','organization','org_s09_salon_eb22dac6d623f7cd','seed_source_osm_salons_ng_20260502','seeded');
INSERT OR IGNORE INTO seed_enrichment (id,seed_run_id,entity_type,entity_id,enrichment_type,enrichment_json) VALUES ('enr_s09_salon_eb22dac6d623f7cd','seed_run_s09_osm_salons_20260502','organization','org_s09_salon_eb22dac6d623f7cd','licence_data','{"osm_id": "6684842684", "amenity": "hairdresser", "addr_state": null, "denomination": null, "operator": null}');

INSERT OR IGNORE INTO organizations (id,tenant_id,organization_type,legal_name,display_name,registration_number,status,verification_state,created_at,updated_at) VALUES ('org_s09_salon_5a3994b5cca65675','tenant_platform_seed','beauty_salon','Haute Coiffure Chez Kevino','Haute Coiffure Chez Kevino',NULL,'active','seeded',unixepoch(),unixepoch());
INSERT OR IGNORE INTO profiles (id,subject_id,subject_type,primary_place_id,tenant_id,workspace_id,display_name,created_at,updated_at) VALUES ('prof_s09_salon_5a3994b5cca65675','org_s09_salon_5a3994b5cca65675','organization','place_nigeria_001','tenant_platform_seed','workspace_platform_seed_discovery','Haute Coiffure Chez Kevino',unixepoch(),unixepoch());
INSERT OR IGNORE INTO search_entries (id,profile_id,display_name,keywords,ancestry_path,vertical,created_at,updated_at) VALUES ('se_s09_salon_5a3994b5cca65675','prof_s09_salon_5a3994b5cca65675','Haute Coiffure Chez Kevino','haute coiffure chez kevino salon barber hair beauty nigeria','place_nigeria_001','beauty_salon',unixepoch(),unixepoch());
INSERT OR IGNORE INTO seed_ingestion_records (id,seed_run_id,entity_type,entity_id,source_id,status) VALUES ('ir_s09_salon_5a3994b5cca65675','seed_run_s09_osm_salons_20260502','organization','org_s09_salon_5a3994b5cca65675','seed_source_osm_salons_ng_20260502','ingested');
INSERT OR IGNORE INTO seed_entity_sources (id,seed_run_id,entity_type,entity_id,source_id,confidence_tier) VALUES ('es_s09_salon_5a3994b5cca65675','seed_run_s09_osm_salons_20260502','organization','org_s09_salon_5a3994b5cca65675','seed_source_osm_salons_ng_20260502','seeded');
INSERT OR IGNORE INTO seed_enrichment (id,seed_run_id,entity_type,entity_id,enrichment_type,enrichment_json) VALUES ('enr_s09_salon_5a3994b5cca65675','seed_run_s09_osm_salons_20260502','organization','org_s09_salon_5a3994b5cca65675','licence_data','{"osm_id": "6684842685", "amenity": "hairdresser", "addr_state": null, "denomination": null, "operator": null}');

INSERT OR IGNORE INTO organizations (id,tenant_id,organization_type,legal_name,display_name,registration_number,status,verification_state,created_at,updated_at) VALUES ('org_s09_salon_2e77a420babe9415','tenant_platform_seed','beauty_salon','Hollywood Fashon','Hollywood Fashon',NULL,'active','seeded',unixepoch(),unixepoch());
INSERT OR IGNORE INTO profiles (id,subject_id,subject_type,primary_place_id,tenant_id,workspace_id,display_name,created_at,updated_at) VALUES ('prof_s09_salon_2e77a420babe9415','org_s09_salon_2e77a420babe9415','organization','place_nigeria_001','tenant_platform_seed','workspace_platform_seed_discovery','Hollywood Fashon',unixepoch(),unixepoch());
INSERT OR IGNORE INTO search_entries (id,profile_id,display_name,keywords,ancestry_path,vertical,created_at,updated_at) VALUES ('se_s09_salon_2e77a420babe9415','prof_s09_salon_2e77a420babe9415','Hollywood Fashon','hollywood fashon salon barber hair beauty nigeria','place_nigeria_001','beauty_salon',unixepoch(),unixepoch());
INSERT OR IGNORE INTO seed_ingestion_records (id,seed_run_id,entity_type,entity_id,source_id,status) VALUES ('ir_s09_salon_2e77a420babe9415','seed_run_s09_osm_salons_20260502','organization','org_s09_salon_2e77a420babe9415','seed_source_osm_salons_ng_20260502','ingested');
INSERT OR IGNORE INTO seed_entity_sources (id,seed_run_id,entity_type,entity_id,source_id,confidence_tier) VALUES ('es_s09_salon_2e77a420babe9415','seed_run_s09_osm_salons_20260502','organization','org_s09_salon_2e77a420babe9415','seed_source_osm_salons_ng_20260502','seeded');
INSERT OR IGNORE INTO seed_enrichment (id,seed_run_id,entity_type,entity_id,enrichment_type,enrichment_json) VALUES ('enr_s09_salon_2e77a420babe9415','seed_run_s09_osm_salons_20260502','organization','org_s09_salon_2e77a420babe9415','licence_data','{"osm_id": "6684842686", "amenity": "hairdresser", "addr_state": null, "denomination": null, "operator": null}');

INSERT OR IGNORE INTO organizations (id,tenant_id,organization_type,legal_name,display_name,registration_number,status,verification_state,created_at,updated_at) VALUES ('org_s09_salon_e0b50ff730b1a77d','tenant_platform_seed','beauty_salon','La Grâce Jeanine','La Grâce Jeanine',NULL,'active','seeded',unixepoch(),unixepoch());
INSERT OR IGNORE INTO profiles (id,subject_id,subject_type,primary_place_id,tenant_id,workspace_id,display_name,created_at,updated_at) VALUES ('prof_s09_salon_e0b50ff730b1a77d','org_s09_salon_e0b50ff730b1a77d','organization','place_nigeria_001','tenant_platform_seed','workspace_platform_seed_discovery','La Grâce Jeanine',unixepoch(),unixepoch());
INSERT OR IGNORE INTO search_entries (id,profile_id,display_name,keywords,ancestry_path,vertical,created_at,updated_at) VALUES ('se_s09_salon_e0b50ff730b1a77d','prof_s09_salon_e0b50ff730b1a77d','La Grâce Jeanine','la grâce jeanine salon barber hair beauty nigeria','place_nigeria_001','beauty_salon',unixepoch(),unixepoch());
INSERT OR IGNORE INTO seed_ingestion_records (id,seed_run_id,entity_type,entity_id,source_id,status) VALUES ('ir_s09_salon_e0b50ff730b1a77d','seed_run_s09_osm_salons_20260502','organization','org_s09_salon_e0b50ff730b1a77d','seed_source_osm_salons_ng_20260502','ingested');
INSERT OR IGNORE INTO seed_entity_sources (id,seed_run_id,entity_type,entity_id,source_id,confidence_tier) VALUES ('es_s09_salon_e0b50ff730b1a77d','seed_run_s09_osm_salons_20260502','organization','org_s09_salon_e0b50ff730b1a77d','seed_source_osm_salons_ng_20260502','seeded');
INSERT OR IGNORE INTO seed_enrichment (id,seed_run_id,entity_type,entity_id,enrichment_type,enrichment_json) VALUES ('enr_s09_salon_e0b50ff730b1a77d','seed_run_s09_osm_salons_20260502','organization','org_s09_salon_e0b50ff730b1a77d','licence_data','{"osm_id": "6684842687", "amenity": "hairdresser", "addr_state": null, "denomination": null, "operator": null}');

INSERT OR IGNORE INTO organizations (id,tenant_id,organization_type,legal_name,display_name,registration_number,status,verification_state,created_at,updated_at) VALUES ('org_s09_salon_cd7a6d4de643fb5e','tenant_platform_seed','beauty_salon','Salon De Coiffure','Salon De Coiffure',NULL,'active','seeded',unixepoch(),unixepoch());
INSERT OR IGNORE INTO profiles (id,subject_id,subject_type,primary_place_id,tenant_id,workspace_id,display_name,created_at,updated_at) VALUES ('prof_s09_salon_cd7a6d4de643fb5e','org_s09_salon_cd7a6d4de643fb5e','organization','place_nigeria_001','tenant_platform_seed','workspace_platform_seed_discovery','Salon De Coiffure',unixepoch(),unixepoch());
INSERT OR IGNORE INTO search_entries (id,profile_id,display_name,keywords,ancestry_path,vertical,created_at,updated_at) VALUES ('se_s09_salon_cd7a6d4de643fb5e','prof_s09_salon_cd7a6d4de643fb5e','Salon De Coiffure','salon de coiffure salon barber hair beauty nigeria','place_nigeria_001','beauty_salon',unixepoch(),unixepoch());
INSERT OR IGNORE INTO seed_ingestion_records (id,seed_run_id,entity_type,entity_id,source_id,status) VALUES ('ir_s09_salon_cd7a6d4de643fb5e','seed_run_s09_osm_salons_20260502','organization','org_s09_salon_cd7a6d4de643fb5e','seed_source_osm_salons_ng_20260502','ingested');
INSERT OR IGNORE INTO seed_entity_sources (id,seed_run_id,entity_type,entity_id,source_id,confidence_tier) VALUES ('es_s09_salon_cd7a6d4de643fb5e','seed_run_s09_osm_salons_20260502','organization','org_s09_salon_cd7a6d4de643fb5e','seed_source_osm_salons_ng_20260502','seeded');
INSERT OR IGNORE INTO seed_enrichment (id,seed_run_id,entity_type,entity_id,enrichment_type,enrichment_json) VALUES ('enr_s09_salon_cd7a6d4de643fb5e','seed_run_s09_osm_salons_20260502','organization','org_s09_salon_cd7a6d4de643fb5e','licence_data','{"osm_id": "6684842688", "amenity": "hairdresser", "addr_state": null, "denomination": null, "operator": null}');

INSERT OR IGNORE INTO organizations (id,tenant_id,organization_type,legal_name,display_name,registration_number,status,verification_state,created_at,updated_at) VALUES ('org_s09_salon_040f09ffd39526b2','tenant_platform_seed','beauty_salon','Djibo Le Pro Coiffure','Djibo Le Pro Coiffure',NULL,'active','seeded',unixepoch(),unixepoch());
INSERT OR IGNORE INTO profiles (id,subject_id,subject_type,primary_place_id,tenant_id,workspace_id,display_name,created_at,updated_at) VALUES ('prof_s09_salon_040f09ffd39526b2','org_s09_salon_040f09ffd39526b2','organization','place_nigeria_001','tenant_platform_seed','workspace_platform_seed_discovery','Djibo Le Pro Coiffure',unixepoch(),unixepoch());
INSERT OR IGNORE INTO search_entries (id,profile_id,display_name,keywords,ancestry_path,vertical,created_at,updated_at) VALUES ('se_s09_salon_040f09ffd39526b2','prof_s09_salon_040f09ffd39526b2','Djibo Le Pro Coiffure','djibo le pro coiffure salon barber hair beauty nigeria','place_nigeria_001','beauty_salon',unixepoch(),unixepoch());
INSERT OR IGNORE INTO seed_ingestion_records (id,seed_run_id,entity_type,entity_id,source_id,status) VALUES ('ir_s09_salon_040f09ffd39526b2','seed_run_s09_osm_salons_20260502','organization','org_s09_salon_040f09ffd39526b2','seed_source_osm_salons_ng_20260502','ingested');
INSERT OR IGNORE INTO seed_entity_sources (id,seed_run_id,entity_type,entity_id,source_id,confidence_tier) VALUES ('es_s09_salon_040f09ffd39526b2','seed_run_s09_osm_salons_20260502','organization','org_s09_salon_040f09ffd39526b2','seed_source_osm_salons_ng_20260502','seeded');
INSERT OR IGNORE INTO seed_enrichment (id,seed_run_id,entity_type,entity_id,enrichment_type,enrichment_json) VALUES ('enr_s09_salon_040f09ffd39526b2','seed_run_s09_osm_salons_20260502','organization','org_s09_salon_040f09ffd39526b2','licence_data','{"osm_id": "6684842689", "amenity": "hairdresser", "addr_state": null, "denomination": null, "operator": null}');

INSERT OR IGNORE INTO organizations (id,tenant_id,organization_type,legal_name,display_name,registration_number,status,verification_state,created_at,updated_at) VALUES ('org_s09_salon_1c1b0dc12fa0137c','tenant_platform_seed','beauty_salon','Salon De Coiffure Telde Zaïre','Salon De Coiffure Telde Zaïre',NULL,'active','seeded',unixepoch(),unixepoch());
INSERT OR IGNORE INTO profiles (id,subject_id,subject_type,primary_place_id,tenant_id,workspace_id,display_name,created_at,updated_at) VALUES ('prof_s09_salon_1c1b0dc12fa0137c','org_s09_salon_1c1b0dc12fa0137c','organization','place_nigeria_001','tenant_platform_seed','workspace_platform_seed_discovery','Salon De Coiffure Telde Zaïre',unixepoch(),unixepoch());
INSERT OR IGNORE INTO search_entries (id,profile_id,display_name,keywords,ancestry_path,vertical,created_at,updated_at) VALUES ('se_s09_salon_1c1b0dc12fa0137c','prof_s09_salon_1c1b0dc12fa0137c','Salon De Coiffure Telde Zaïre','salon de coiffure telde zaïre salon barber hair beauty nigeria','place_nigeria_001','beauty_salon',unixepoch(),unixepoch());
INSERT OR IGNORE INTO seed_ingestion_records (id,seed_run_id,entity_type,entity_id,source_id,status) VALUES ('ir_s09_salon_1c1b0dc12fa0137c','seed_run_s09_osm_salons_20260502','organization','org_s09_salon_1c1b0dc12fa0137c','seed_source_osm_salons_ng_20260502','ingested');
INSERT OR IGNORE INTO seed_entity_sources (id,seed_run_id,entity_type,entity_id,source_id,confidence_tier) VALUES ('es_s09_salon_1c1b0dc12fa0137c','seed_run_s09_osm_salons_20260502','organization','org_s09_salon_1c1b0dc12fa0137c','seed_source_osm_salons_ng_20260502','seeded');
INSERT OR IGNORE INTO seed_enrichment (id,seed_run_id,entity_type,entity_id,enrichment_type,enrichment_json) VALUES ('enr_s09_salon_1c1b0dc12fa0137c','seed_run_s09_osm_salons_20260502','organization','org_s09_salon_1c1b0dc12fa0137c','licence_data','{"osm_id": "6684842690", "amenity": "hairdresser", "addr_state": null, "denomination": null, "operator": null}');

INSERT OR IGNORE INTO organizations (id,tenant_id,organization_type,legal_name,display_name,registration_number,status,verification_state,created_at,updated_at) VALUES ('org_s09_salon_94e17e0df5a8625f','tenant_platform_seed','beauty_salon','Salon De Coiffure Oméga','Salon De Coiffure Oméga',NULL,'active','seeded',unixepoch(),unixepoch());
INSERT OR IGNORE INTO profiles (id,subject_id,subject_type,primary_place_id,tenant_id,workspace_id,display_name,created_at,updated_at) VALUES ('prof_s09_salon_94e17e0df5a8625f','org_s09_salon_94e17e0df5a8625f','organization','place_nigeria_001','tenant_platform_seed','workspace_platform_seed_discovery','Salon De Coiffure Oméga',unixepoch(),unixepoch());
INSERT OR IGNORE INTO search_entries (id,profile_id,display_name,keywords,ancestry_path,vertical,created_at,updated_at) VALUES ('se_s09_salon_94e17e0df5a8625f','prof_s09_salon_94e17e0df5a8625f','Salon De Coiffure Oméga','salon de coiffure oméga salon barber hair beauty nigeria','place_nigeria_001','beauty_salon',unixepoch(),unixepoch());
INSERT OR IGNORE INTO seed_ingestion_records (id,seed_run_id,entity_type,entity_id,source_id,status) VALUES ('ir_s09_salon_94e17e0df5a8625f','seed_run_s09_osm_salons_20260502','organization','org_s09_salon_94e17e0df5a8625f','seed_source_osm_salons_ng_20260502','ingested');
INSERT OR IGNORE INTO seed_entity_sources (id,seed_run_id,entity_type,entity_id,source_id,confidence_tier) VALUES ('es_s09_salon_94e17e0df5a8625f','seed_run_s09_osm_salons_20260502','organization','org_s09_salon_94e17e0df5a8625f','seed_source_osm_salons_ng_20260502','seeded');
INSERT OR IGNORE INTO seed_enrichment (id,seed_run_id,entity_type,entity_id,enrichment_type,enrichment_json) VALUES ('enr_s09_salon_94e17e0df5a8625f','seed_run_s09_osm_salons_20260502','organization','org_s09_salon_94e17e0df5a8625f','licence_data','{"osm_id": "6684842691", "amenity": "hairdresser", "addr_state": null, "denomination": null, "operator": null}');

INSERT OR IGNORE INTO organizations (id,tenant_id,organization_type,legal_name,display_name,registration_number,status,verification_state,created_at,updated_at) VALUES ('org_s09_salon_2529038a0e80b4cd','tenant_platform_seed','beauty_salon','Salon De Coiffure','Salon De Coiffure',NULL,'active','seeded',unixepoch(),unixepoch());
INSERT OR IGNORE INTO profiles (id,subject_id,subject_type,primary_place_id,tenant_id,workspace_id,display_name,created_at,updated_at) VALUES ('prof_s09_salon_2529038a0e80b4cd','org_s09_salon_2529038a0e80b4cd','organization','place_nigeria_001','tenant_platform_seed','workspace_platform_seed_discovery','Salon De Coiffure',unixepoch(),unixepoch());
INSERT OR IGNORE INTO search_entries (id,profile_id,display_name,keywords,ancestry_path,vertical,created_at,updated_at) VALUES ('se_s09_salon_2529038a0e80b4cd','prof_s09_salon_2529038a0e80b4cd','Salon De Coiffure','salon de coiffure salon barber hair beauty nigeria','place_nigeria_001','beauty_salon',unixepoch(),unixepoch());
INSERT OR IGNORE INTO seed_ingestion_records (id,seed_run_id,entity_type,entity_id,source_id,status) VALUES ('ir_s09_salon_2529038a0e80b4cd','seed_run_s09_osm_salons_20260502','organization','org_s09_salon_2529038a0e80b4cd','seed_source_osm_salons_ng_20260502','ingested');
INSERT OR IGNORE INTO seed_entity_sources (id,seed_run_id,entity_type,entity_id,source_id,confidence_tier) VALUES ('es_s09_salon_2529038a0e80b4cd','seed_run_s09_osm_salons_20260502','organization','org_s09_salon_2529038a0e80b4cd','seed_source_osm_salons_ng_20260502','seeded');
INSERT OR IGNORE INTO seed_enrichment (id,seed_run_id,entity_type,entity_id,enrichment_type,enrichment_json) VALUES ('enr_s09_salon_2529038a0e80b4cd','seed_run_s09_osm_salons_20260502','organization','org_s09_salon_2529038a0e80b4cd','licence_data','{"osm_id": "6684842692", "amenity": "hairdresser", "addr_state": null, "denomination": null, "operator": null}');

INSERT OR IGNORE INTO organizations (id,tenant_id,organization_type,legal_name,display_name,registration_number,status,verification_state,created_at,updated_at) VALUES ('org_s09_salon_e158ddef831097ea','tenant_platform_seed','beauty_salon','Coiffure','Coiffure',NULL,'active','seeded',unixepoch(),unixepoch());
INSERT OR IGNORE INTO profiles (id,subject_id,subject_type,primary_place_id,tenant_id,workspace_id,display_name,created_at,updated_at) VALUES ('prof_s09_salon_e158ddef831097ea','org_s09_salon_e158ddef831097ea','organization','place_nigeria_001','tenant_platform_seed','workspace_platform_seed_discovery','Coiffure',unixepoch(),unixepoch());
INSERT OR IGNORE INTO search_entries (id,profile_id,display_name,keywords,ancestry_path,vertical,created_at,updated_at) VALUES ('se_s09_salon_e158ddef831097ea','prof_s09_salon_e158ddef831097ea','Coiffure','coiffure salon barber hair beauty nigeria','place_nigeria_001','beauty_salon',unixepoch(),unixepoch());
INSERT OR IGNORE INTO seed_ingestion_records (id,seed_run_id,entity_type,entity_id,source_id,status) VALUES ('ir_s09_salon_e158ddef831097ea','seed_run_s09_osm_salons_20260502','organization','org_s09_salon_e158ddef831097ea','seed_source_osm_salons_ng_20260502','ingested');
INSERT OR IGNORE INTO seed_entity_sources (id,seed_run_id,entity_type,entity_id,source_id,confidence_tier) VALUES ('es_s09_salon_e158ddef831097ea','seed_run_s09_osm_salons_20260502','organization','org_s09_salon_e158ddef831097ea','seed_source_osm_salons_ng_20260502','seeded');
INSERT OR IGNORE INTO seed_enrichment (id,seed_run_id,entity_type,entity_id,enrichment_type,enrichment_json) VALUES ('enr_s09_salon_e158ddef831097ea','seed_run_s09_osm_salons_20260502','organization','org_s09_salon_e158ddef831097ea','licence_data','{"osm_id": "6684842694", "amenity": "hairdresser", "addr_state": null, "denomination": null, "operator": null}');

INSERT OR IGNORE INTO organizations (id,tenant_id,organization_type,legal_name,display_name,registration_number,status,verification_state,created_at,updated_at) VALUES ('org_s09_salon_4f502216aaa74f0d','tenant_platform_seed','beauty_salon','Vals Fashion Coiffure','Vals Fashion Coiffure',NULL,'active','seeded',unixepoch(),unixepoch());
INSERT OR IGNORE INTO profiles (id,subject_id,subject_type,primary_place_id,tenant_id,workspace_id,display_name,created_at,updated_at) VALUES ('prof_s09_salon_4f502216aaa74f0d','org_s09_salon_4f502216aaa74f0d','organization','place_nigeria_001','tenant_platform_seed','workspace_platform_seed_discovery','Vals Fashion Coiffure',unixepoch(),unixepoch());
INSERT OR IGNORE INTO search_entries (id,profile_id,display_name,keywords,ancestry_path,vertical,created_at,updated_at) VALUES ('se_s09_salon_4f502216aaa74f0d','prof_s09_salon_4f502216aaa74f0d','Vals Fashion Coiffure','vals fashion coiffure salon barber hair beauty nigeria','place_nigeria_001','beauty_salon',unixepoch(),unixepoch());
INSERT OR IGNORE INTO seed_ingestion_records (id,seed_run_id,entity_type,entity_id,source_id,status) VALUES ('ir_s09_salon_4f502216aaa74f0d','seed_run_s09_osm_salons_20260502','organization','org_s09_salon_4f502216aaa74f0d','seed_source_osm_salons_ng_20260502','ingested');
INSERT OR IGNORE INTO seed_entity_sources (id,seed_run_id,entity_type,entity_id,source_id,confidence_tier) VALUES ('es_s09_salon_4f502216aaa74f0d','seed_run_s09_osm_salons_20260502','organization','org_s09_salon_4f502216aaa74f0d','seed_source_osm_salons_ng_20260502','seeded');
INSERT OR IGNORE INTO seed_enrichment (id,seed_run_id,entity_type,entity_id,enrichment_type,enrichment_json) VALUES ('enr_s09_salon_4f502216aaa74f0d','seed_run_s09_osm_salons_20260502','organization','org_s09_salon_4f502216aaa74f0d','licence_data','{"osm_id": "6684842695", "amenity": "hairdresser", "addr_state": null, "denomination": null, "operator": null}');

INSERT OR IGNORE INTO organizations (id,tenant_id,organization_type,legal_name,display_name,registration_number,status,verification_state,created_at,updated_at) VALUES ('org_s09_salon_6a0180e7f7f1ca82','tenant_platform_seed','beauty_salon','Mengaka Mollah Coiffure','Mengaka Mollah Coiffure',NULL,'active','seeded',unixepoch(),unixepoch());
INSERT OR IGNORE INTO profiles (id,subject_id,subject_type,primary_place_id,tenant_id,workspace_id,display_name,created_at,updated_at) VALUES ('prof_s09_salon_6a0180e7f7f1ca82','org_s09_salon_6a0180e7f7f1ca82','organization','place_nigeria_001','tenant_platform_seed','workspace_platform_seed_discovery','Mengaka Mollah Coiffure',unixepoch(),unixepoch());
INSERT OR IGNORE INTO search_entries (id,profile_id,display_name,keywords,ancestry_path,vertical,created_at,updated_at) VALUES ('se_s09_salon_6a0180e7f7f1ca82','prof_s09_salon_6a0180e7f7f1ca82','Mengaka Mollah Coiffure','mengaka mollah coiffure salon barber hair beauty nigeria','place_nigeria_001','beauty_salon',unixepoch(),unixepoch());
INSERT OR IGNORE INTO seed_ingestion_records (id,seed_run_id,entity_type,entity_id,source_id,status) VALUES ('ir_s09_salon_6a0180e7f7f1ca82','seed_run_s09_osm_salons_20260502','organization','org_s09_salon_6a0180e7f7f1ca82','seed_source_osm_salons_ng_20260502','ingested');
INSERT OR IGNORE INTO seed_entity_sources (id,seed_run_id,entity_type,entity_id,source_id,confidence_tier) VALUES ('es_s09_salon_6a0180e7f7f1ca82','seed_run_s09_osm_salons_20260502','organization','org_s09_salon_6a0180e7f7f1ca82','seed_source_osm_salons_ng_20260502','seeded');
INSERT OR IGNORE INTO seed_enrichment (id,seed_run_id,entity_type,entity_id,enrichment_type,enrichment_json) VALUES ('enr_s09_salon_6a0180e7f7f1ca82','seed_run_s09_osm_salons_20260502','organization','org_s09_salon_6a0180e7f7f1ca82','licence_data','{"osm_id": "6684842696", "amenity": "hairdresser", "addr_state": null, "denomination": null, "operator": null}');

INSERT OR IGNORE INTO organizations (id,tenant_id,organization_type,legal_name,display_name,registration_number,status,verification_state,created_at,updated_at) VALUES ('org_s09_salon_97a2b2836168084c','tenant_platform_seed','beauty_salon','Coiffure','Coiffure',NULL,'active','seeded',unixepoch(),unixepoch());
INSERT OR IGNORE INTO profiles (id,subject_id,subject_type,primary_place_id,tenant_id,workspace_id,display_name,created_at,updated_at) VALUES ('prof_s09_salon_97a2b2836168084c','org_s09_salon_97a2b2836168084c','organization','place_nigeria_001','tenant_platform_seed','workspace_platform_seed_discovery','Coiffure',unixepoch(),unixepoch());
INSERT OR IGNORE INTO search_entries (id,profile_id,display_name,keywords,ancestry_path,vertical,created_at,updated_at) VALUES ('se_s09_salon_97a2b2836168084c','prof_s09_salon_97a2b2836168084c','Coiffure','coiffure salon barber hair beauty nigeria','place_nigeria_001','beauty_salon',unixepoch(),unixepoch());
INSERT OR IGNORE INTO seed_ingestion_records (id,seed_run_id,entity_type,entity_id,source_id,status) VALUES ('ir_s09_salon_97a2b2836168084c','seed_run_s09_osm_salons_20260502','organization','org_s09_salon_97a2b2836168084c','seed_source_osm_salons_ng_20260502','ingested');
INSERT OR IGNORE INTO seed_entity_sources (id,seed_run_id,entity_type,entity_id,source_id,confidence_tier) VALUES ('es_s09_salon_97a2b2836168084c','seed_run_s09_osm_salons_20260502','organization','org_s09_salon_97a2b2836168084c','seed_source_osm_salons_ng_20260502','seeded');
INSERT OR IGNORE INTO seed_enrichment (id,seed_run_id,entity_type,entity_id,enrichment_type,enrichment_json) VALUES ('enr_s09_salon_97a2b2836168084c','seed_run_s09_osm_salons_20260502','organization','org_s09_salon_97a2b2836168084c','licence_data','{"osm_id": "6684842697", "amenity": "hairdresser", "addr_state": null, "denomination": null, "operator": null}');

INSERT OR IGNORE INTO organizations (id,tenant_id,organization_type,legal_name,display_name,registration_number,status,verification_state,created_at,updated_at) VALUES ('org_s09_salon_72d7ae7f77744811','tenant_platform_seed','beauty_salon','Marielle Coiffure','Marielle Coiffure',NULL,'active','seeded',unixepoch(),unixepoch());
INSERT OR IGNORE INTO profiles (id,subject_id,subject_type,primary_place_id,tenant_id,workspace_id,display_name,created_at,updated_at) VALUES ('prof_s09_salon_72d7ae7f77744811','org_s09_salon_72d7ae7f77744811','organization','place_nigeria_001','tenant_platform_seed','workspace_platform_seed_discovery','Marielle Coiffure',unixepoch(),unixepoch());
INSERT OR IGNORE INTO search_entries (id,profile_id,display_name,keywords,ancestry_path,vertical,created_at,updated_at) VALUES ('se_s09_salon_72d7ae7f77744811','prof_s09_salon_72d7ae7f77744811','Marielle Coiffure','marielle coiffure salon barber hair beauty nigeria','place_nigeria_001','beauty_salon',unixepoch(),unixepoch());
INSERT OR IGNORE INTO seed_ingestion_records (id,seed_run_id,entity_type,entity_id,source_id,status) VALUES ('ir_s09_salon_72d7ae7f77744811','seed_run_s09_osm_salons_20260502','organization','org_s09_salon_72d7ae7f77744811','seed_source_osm_salons_ng_20260502','ingested');
INSERT OR IGNORE INTO seed_entity_sources (id,seed_run_id,entity_type,entity_id,source_id,confidence_tier) VALUES ('es_s09_salon_72d7ae7f77744811','seed_run_s09_osm_salons_20260502','organization','org_s09_salon_72d7ae7f77744811','seed_source_osm_salons_ng_20260502','seeded');
INSERT OR IGNORE INTO seed_enrichment (id,seed_run_id,entity_type,entity_id,enrichment_type,enrichment_json) VALUES ('enr_s09_salon_72d7ae7f77744811','seed_run_s09_osm_salons_20260502','organization','org_s09_salon_72d7ae7f77744811','licence_data','{"osm_id": "6684842698", "amenity": "hairdresser", "addr_state": null, "denomination": null, "operator": null}');

INSERT OR IGNORE INTO organizations (id,tenant_id,organization_type,legal_name,display_name,registration_number,status,verification_state,created_at,updated_at) VALUES ('org_s09_salon_a223b4036ea68f05','tenant_platform_seed','beauty_salon','Salon Royal Bebe','Salon Royal Bebe',NULL,'active','seeded',unixepoch(),unixepoch());
INSERT OR IGNORE INTO profiles (id,subject_id,subject_type,primary_place_id,tenant_id,workspace_id,display_name,created_at,updated_at) VALUES ('prof_s09_salon_a223b4036ea68f05','org_s09_salon_a223b4036ea68f05','organization','place_nigeria_001','tenant_platform_seed','workspace_platform_seed_discovery','Salon Royal Bebe',unixepoch(),unixepoch());
INSERT OR IGNORE INTO search_entries (id,profile_id,display_name,keywords,ancestry_path,vertical,created_at,updated_at) VALUES ('se_s09_salon_a223b4036ea68f05','prof_s09_salon_a223b4036ea68f05','Salon Royal Bebe','salon royal bebe salon barber hair beauty nigeria','place_nigeria_001','beauty_salon',unixepoch(),unixepoch());
INSERT OR IGNORE INTO seed_ingestion_records (id,seed_run_id,entity_type,entity_id,source_id,status) VALUES ('ir_s09_salon_a223b4036ea68f05','seed_run_s09_osm_salons_20260502','organization','org_s09_salon_a223b4036ea68f05','seed_source_osm_salons_ng_20260502','ingested');
INSERT OR IGNORE INTO seed_entity_sources (id,seed_run_id,entity_type,entity_id,source_id,confidence_tier) VALUES ('es_s09_salon_a223b4036ea68f05','seed_run_s09_osm_salons_20260502','organization','org_s09_salon_a223b4036ea68f05','seed_source_osm_salons_ng_20260502','seeded');
INSERT OR IGNORE INTO seed_enrichment (id,seed_run_id,entity_type,entity_id,enrichment_type,enrichment_json) VALUES ('enr_s09_salon_a223b4036ea68f05','seed_run_s09_osm_salons_20260502','organization','org_s09_salon_a223b4036ea68f05','licence_data','{"osm_id": "6684842699", "amenity": "hairdresser", "addr_state": null, "denomination": null, "operator": null}');

INSERT OR IGNORE INTO organizations (id,tenant_id,organization_type,legal_name,display_name,registration_number,status,verification_state,created_at,updated_at) VALUES ('org_s09_salon_4879cb21d119721c','tenant_platform_seed','beauty_salon','Yvette Coiffure','Yvette Coiffure',NULL,'active','seeded',unixepoch(),unixepoch());
INSERT OR IGNORE INTO profiles (id,subject_id,subject_type,primary_place_id,tenant_id,workspace_id,display_name,created_at,updated_at) VALUES ('prof_s09_salon_4879cb21d119721c','org_s09_salon_4879cb21d119721c','organization','place_nigeria_001','tenant_platform_seed','workspace_platform_seed_discovery','Yvette Coiffure',unixepoch(),unixepoch());
INSERT OR IGNORE INTO search_entries (id,profile_id,display_name,keywords,ancestry_path,vertical,created_at,updated_at) VALUES ('se_s09_salon_4879cb21d119721c','prof_s09_salon_4879cb21d119721c','Yvette Coiffure','yvette coiffure salon barber hair beauty nigeria','place_nigeria_001','beauty_salon',unixepoch(),unixepoch());
INSERT OR IGNORE INTO seed_ingestion_records (id,seed_run_id,entity_type,entity_id,source_id,status) VALUES ('ir_s09_salon_4879cb21d119721c','seed_run_s09_osm_salons_20260502','organization','org_s09_salon_4879cb21d119721c','seed_source_osm_salons_ng_20260502','ingested');
INSERT OR IGNORE INTO seed_entity_sources (id,seed_run_id,entity_type,entity_id,source_id,confidence_tier) VALUES ('es_s09_salon_4879cb21d119721c','seed_run_s09_osm_salons_20260502','organization','org_s09_salon_4879cb21d119721c','seed_source_osm_salons_ng_20260502','seeded');
INSERT OR IGNORE INTO seed_enrichment (id,seed_run_id,entity_type,entity_id,enrichment_type,enrichment_json) VALUES ('enr_s09_salon_4879cb21d119721c','seed_run_s09_osm_salons_20260502','organization','org_s09_salon_4879cb21d119721c','licence_data','{"osm_id": "6684842700", "amenity": "hairdresser", "addr_state": null, "denomination": null, "operator": null}');

INSERT OR IGNORE INTO organizations (id,tenant_id,organization_type,legal_name,display_name,registration_number,status,verification_state,created_at,updated_at) VALUES ('org_s09_salon_1384e6c9128fbc80','tenant_platform_seed','beauty_salon','Coiffure','Coiffure',NULL,'active','seeded',unixepoch(),unixepoch());
INSERT OR IGNORE INTO profiles (id,subject_id,subject_type,primary_place_id,tenant_id,workspace_id,display_name,created_at,updated_at) VALUES ('prof_s09_salon_1384e6c9128fbc80','org_s09_salon_1384e6c9128fbc80','organization','place_nigeria_001','tenant_platform_seed','workspace_platform_seed_discovery','Coiffure',unixepoch(),unixepoch());
INSERT OR IGNORE INTO search_entries (id,profile_id,display_name,keywords,ancestry_path,vertical,created_at,updated_at) VALUES ('se_s09_salon_1384e6c9128fbc80','prof_s09_salon_1384e6c9128fbc80','Coiffure','coiffure salon barber hair beauty nigeria','place_nigeria_001','beauty_salon',unixepoch(),unixepoch());
INSERT OR IGNORE INTO seed_ingestion_records (id,seed_run_id,entity_type,entity_id,source_id,status) VALUES ('ir_s09_salon_1384e6c9128fbc80','seed_run_s09_osm_salons_20260502','organization','org_s09_salon_1384e6c9128fbc80','seed_source_osm_salons_ng_20260502','ingested');
INSERT OR IGNORE INTO seed_entity_sources (id,seed_run_id,entity_type,entity_id,source_id,confidence_tier) VALUES ('es_s09_salon_1384e6c9128fbc80','seed_run_s09_osm_salons_20260502','organization','org_s09_salon_1384e6c9128fbc80','seed_source_osm_salons_ng_20260502','seeded');
INSERT OR IGNORE INTO seed_enrichment (id,seed_run_id,entity_type,entity_id,enrichment_type,enrichment_json) VALUES ('enr_s09_salon_1384e6c9128fbc80','seed_run_s09_osm_salons_20260502','organization','org_s09_salon_1384e6c9128fbc80','licence_data','{"osm_id": "6684842701", "amenity": "hairdresser", "addr_state": null, "denomination": null, "operator": null}');

INSERT OR IGNORE INTO organizations (id,tenant_id,organization_type,legal_name,display_name,registration_number,status,verification_state,created_at,updated_at) VALUES ('org_s09_salon_6777d75665d36c31','tenant_platform_seed','beauty_salon','Phifi Coiffure','Phifi Coiffure',NULL,'active','seeded',unixepoch(),unixepoch());
INSERT OR IGNORE INTO profiles (id,subject_id,subject_type,primary_place_id,tenant_id,workspace_id,display_name,created_at,updated_at) VALUES ('prof_s09_salon_6777d75665d36c31','org_s09_salon_6777d75665d36c31','organization','place_nigeria_001','tenant_platform_seed','workspace_platform_seed_discovery','Phifi Coiffure',unixepoch(),unixepoch());
INSERT OR IGNORE INTO search_entries (id,profile_id,display_name,keywords,ancestry_path,vertical,created_at,updated_at) VALUES ('se_s09_salon_6777d75665d36c31','prof_s09_salon_6777d75665d36c31','Phifi Coiffure','phifi coiffure salon barber hair beauty nigeria','place_nigeria_001','beauty_salon',unixepoch(),unixepoch());
INSERT OR IGNORE INTO seed_ingestion_records (id,seed_run_id,entity_type,entity_id,source_id,status) VALUES ('ir_s09_salon_6777d75665d36c31','seed_run_s09_osm_salons_20260502','organization','org_s09_salon_6777d75665d36c31','seed_source_osm_salons_ng_20260502','ingested');
INSERT OR IGNORE INTO seed_entity_sources (id,seed_run_id,entity_type,entity_id,source_id,confidence_tier) VALUES ('es_s09_salon_6777d75665d36c31','seed_run_s09_osm_salons_20260502','organization','org_s09_salon_6777d75665d36c31','seed_source_osm_salons_ng_20260502','seeded');
INSERT OR IGNORE INTO seed_enrichment (id,seed_run_id,entity_type,entity_id,enrichment_type,enrichment_json) VALUES ('enr_s09_salon_6777d75665d36c31','seed_run_s09_osm_salons_20260502','organization','org_s09_salon_6777d75665d36c31','licence_data','{"osm_id": "6684842702", "amenity": "hairdresser", "addr_state": null, "denomination": null, "operator": null}');

INSERT OR IGNORE INTO organizations (id,tenant_id,organization_type,legal_name,display_name,registration_number,status,verification_state,created_at,updated_at) VALUES ('org_s09_salon_9387216b90e578e6','tenant_platform_seed','beauty_salon','Christ Fashion','Christ Fashion',NULL,'active','seeded',unixepoch(),unixepoch());
INSERT OR IGNORE INTO profiles (id,subject_id,subject_type,primary_place_id,tenant_id,workspace_id,display_name,created_at,updated_at) VALUES ('prof_s09_salon_9387216b90e578e6','org_s09_salon_9387216b90e578e6','organization','place_nigeria_001','tenant_platform_seed','workspace_platform_seed_discovery','Christ Fashion',unixepoch(),unixepoch());
INSERT OR IGNORE INTO search_entries (id,profile_id,display_name,keywords,ancestry_path,vertical,created_at,updated_at) VALUES ('se_s09_salon_9387216b90e578e6','prof_s09_salon_9387216b90e578e6','Christ Fashion','christ fashion salon barber hair beauty nigeria','place_nigeria_001','beauty_salon',unixepoch(),unixepoch());
INSERT OR IGNORE INTO seed_ingestion_records (id,seed_run_id,entity_type,entity_id,source_id,status) VALUES ('ir_s09_salon_9387216b90e578e6','seed_run_s09_osm_salons_20260502','organization','org_s09_salon_9387216b90e578e6','seed_source_osm_salons_ng_20260502','ingested');
INSERT OR IGNORE INTO seed_entity_sources (id,seed_run_id,entity_type,entity_id,source_id,confidence_tier) VALUES ('es_s09_salon_9387216b90e578e6','seed_run_s09_osm_salons_20260502','organization','org_s09_salon_9387216b90e578e6','seed_source_osm_salons_ng_20260502','seeded');
INSERT OR IGNORE INTO seed_enrichment (id,seed_run_id,entity_type,entity_id,enrichment_type,enrichment_json) VALUES ('enr_s09_salon_9387216b90e578e6','seed_run_s09_osm_salons_20260502','organization','org_s09_salon_9387216b90e578e6','licence_data','{"osm_id": "6684842703", "amenity": "hairdresser", "addr_state": null, "denomination": null, "operator": null}');

INSERT OR IGNORE INTO organizations (id,tenant_id,organization_type,legal_name,display_name,registration_number,status,verification_state,created_at,updated_at) VALUES ('org_s09_salon_c0bd42e5a5c66431','tenant_platform_seed','beauty_salon','Nani Make Up','Nani Make Up',NULL,'active','seeded',unixepoch(),unixepoch());
INSERT OR IGNORE INTO profiles (id,subject_id,subject_type,primary_place_id,tenant_id,workspace_id,display_name,created_at,updated_at) VALUES ('prof_s09_salon_c0bd42e5a5c66431','org_s09_salon_c0bd42e5a5c66431','organization','place_nigeria_001','tenant_platform_seed','workspace_platform_seed_discovery','Nani Make Up',unixepoch(),unixepoch());
INSERT OR IGNORE INTO search_entries (id,profile_id,display_name,keywords,ancestry_path,vertical,created_at,updated_at) VALUES ('se_s09_salon_c0bd42e5a5c66431','prof_s09_salon_c0bd42e5a5c66431','Nani Make Up','nani make up salon barber hair beauty nigeria','place_nigeria_001','beauty_salon',unixepoch(),unixepoch());
INSERT OR IGNORE INTO seed_ingestion_records (id,seed_run_id,entity_type,entity_id,source_id,status) VALUES ('ir_s09_salon_c0bd42e5a5c66431','seed_run_s09_osm_salons_20260502','organization','org_s09_salon_c0bd42e5a5c66431','seed_source_osm_salons_ng_20260502','ingested');
INSERT OR IGNORE INTO seed_entity_sources (id,seed_run_id,entity_type,entity_id,source_id,confidence_tier) VALUES ('es_s09_salon_c0bd42e5a5c66431','seed_run_s09_osm_salons_20260502','organization','org_s09_salon_c0bd42e5a5c66431','seed_source_osm_salons_ng_20260502','seeded');
INSERT OR IGNORE INTO seed_enrichment (id,seed_run_id,entity_type,entity_id,enrichment_type,enrichment_json) VALUES ('enr_s09_salon_c0bd42e5a5c66431','seed_run_s09_osm_salons_20260502','organization','org_s09_salon_c0bd42e5a5c66431','licence_data','{"osm_id": "6684842704", "amenity": "hairdresser", "addr_state": null, "denomination": null, "operator": null}');

INSERT OR IGNORE INTO organizations (id,tenant_id,organization_type,legal_name,display_name,registration_number,status,verification_state,created_at,updated_at) VALUES ('org_s09_salon_ee0f9589e790f3fe','tenant_platform_seed','beauty_salon','Salon De Coiffure','Salon De Coiffure',NULL,'active','seeded',unixepoch(),unixepoch());
INSERT OR IGNORE INTO profiles (id,subject_id,subject_type,primary_place_id,tenant_id,workspace_id,display_name,created_at,updated_at) VALUES ('prof_s09_salon_ee0f9589e790f3fe','org_s09_salon_ee0f9589e790f3fe','organization','place_nigeria_001','tenant_platform_seed','workspace_platform_seed_discovery','Salon De Coiffure',unixepoch(),unixepoch());
INSERT OR IGNORE INTO search_entries (id,profile_id,display_name,keywords,ancestry_path,vertical,created_at,updated_at) VALUES ('se_s09_salon_ee0f9589e790f3fe','prof_s09_salon_ee0f9589e790f3fe','Salon De Coiffure','salon de coiffure salon barber hair beauty nigeria','place_nigeria_001','beauty_salon',unixepoch(),unixepoch());
INSERT OR IGNORE INTO seed_ingestion_records (id,seed_run_id,entity_type,entity_id,source_id,status) VALUES ('ir_s09_salon_ee0f9589e790f3fe','seed_run_s09_osm_salons_20260502','organization','org_s09_salon_ee0f9589e790f3fe','seed_source_osm_salons_ng_20260502','ingested');
INSERT OR IGNORE INTO seed_entity_sources (id,seed_run_id,entity_type,entity_id,source_id,confidence_tier) VALUES ('es_s09_salon_ee0f9589e790f3fe','seed_run_s09_osm_salons_20260502','organization','org_s09_salon_ee0f9589e790f3fe','seed_source_osm_salons_ng_20260502','seeded');
INSERT OR IGNORE INTO seed_enrichment (id,seed_run_id,entity_type,entity_id,enrichment_type,enrichment_json) VALUES ('enr_s09_salon_ee0f9589e790f3fe','seed_run_s09_osm_salons_20260502','organization','org_s09_salon_ee0f9589e790f3fe','licence_data','{"osm_id": "6684842705", "amenity": "hairdresser", "addr_state": null, "denomination": null, "operator": null}');

INSERT OR IGNORE INTO organizations (id,tenant_id,organization_type,legal_name,display_name,registration_number,status,verification_state,created_at,updated_at) VALUES ('org_s09_salon_0b03d309ed435d14','tenant_platform_seed','beauty_salon','Salon De Coiffure','Salon De Coiffure',NULL,'active','seeded',unixepoch(),unixepoch());
INSERT OR IGNORE INTO profiles (id,subject_id,subject_type,primary_place_id,tenant_id,workspace_id,display_name,created_at,updated_at) VALUES ('prof_s09_salon_0b03d309ed435d14','org_s09_salon_0b03d309ed435d14','organization','place_nigeria_001','tenant_platform_seed','workspace_platform_seed_discovery','Salon De Coiffure',unixepoch(),unixepoch());
INSERT OR IGNORE INTO search_entries (id,profile_id,display_name,keywords,ancestry_path,vertical,created_at,updated_at) VALUES ('se_s09_salon_0b03d309ed435d14','prof_s09_salon_0b03d309ed435d14','Salon De Coiffure','salon de coiffure salon barber hair beauty nigeria','place_nigeria_001','beauty_salon',unixepoch(),unixepoch());
INSERT OR IGNORE INTO seed_ingestion_records (id,seed_run_id,entity_type,entity_id,source_id,status) VALUES ('ir_s09_salon_0b03d309ed435d14','seed_run_s09_osm_salons_20260502','organization','org_s09_salon_0b03d309ed435d14','seed_source_osm_salons_ng_20260502','ingested');
INSERT OR IGNORE INTO seed_entity_sources (id,seed_run_id,entity_type,entity_id,source_id,confidence_tier) VALUES ('es_s09_salon_0b03d309ed435d14','seed_run_s09_osm_salons_20260502','organization','org_s09_salon_0b03d309ed435d14','seed_source_osm_salons_ng_20260502','seeded');
INSERT OR IGNORE INTO seed_enrichment (id,seed_run_id,entity_type,entity_id,enrichment_type,enrichment_json) VALUES ('enr_s09_salon_0b03d309ed435d14','seed_run_s09_osm_salons_20260502','organization','org_s09_salon_0b03d309ed435d14','licence_data','{"osm_id": "6684842706", "amenity": "hairdresser", "addr_state": null, "denomination": null, "operator": null}');

INSERT OR IGNORE INTO organizations (id,tenant_id,organization_type,legal_name,display_name,registration_number,status,verification_state,created_at,updated_at) VALUES ('org_s09_salon_4ddd4288a56e8305','tenant_platform_seed','beauty_salon','Salon De Coiffure','Salon De Coiffure',NULL,'active','seeded',unixepoch(),unixepoch());
INSERT OR IGNORE INTO profiles (id,subject_id,subject_type,primary_place_id,tenant_id,workspace_id,display_name,created_at,updated_at) VALUES ('prof_s09_salon_4ddd4288a56e8305','org_s09_salon_4ddd4288a56e8305','organization','place_nigeria_001','tenant_platform_seed','workspace_platform_seed_discovery','Salon De Coiffure',unixepoch(),unixepoch());
INSERT OR IGNORE INTO search_entries (id,profile_id,display_name,keywords,ancestry_path,vertical,created_at,updated_at) VALUES ('se_s09_salon_4ddd4288a56e8305','prof_s09_salon_4ddd4288a56e8305','Salon De Coiffure','salon de coiffure salon barber hair beauty nigeria','place_nigeria_001','beauty_salon',unixepoch(),unixepoch());
INSERT OR IGNORE INTO seed_ingestion_records (id,seed_run_id,entity_type,entity_id,source_id,status) VALUES ('ir_s09_salon_4ddd4288a56e8305','seed_run_s09_osm_salons_20260502','organization','org_s09_salon_4ddd4288a56e8305','seed_source_osm_salons_ng_20260502','ingested');
INSERT OR IGNORE INTO seed_entity_sources (id,seed_run_id,entity_type,entity_id,source_id,confidence_tier) VALUES ('es_s09_salon_4ddd4288a56e8305','seed_run_s09_osm_salons_20260502','organization','org_s09_salon_4ddd4288a56e8305','seed_source_osm_salons_ng_20260502','seeded');
INSERT OR IGNORE INTO seed_enrichment (id,seed_run_id,entity_type,entity_id,enrichment_type,enrichment_json) VALUES ('enr_s09_salon_4ddd4288a56e8305','seed_run_s09_osm_salons_20260502','organization','org_s09_salon_4ddd4288a56e8305','licence_data','{"osm_id": "6684842707", "amenity": "hairdresser", "addr_state": null, "denomination": null, "operator": null}');

INSERT OR IGNORE INTO organizations (id,tenant_id,organization_type,legal_name,display_name,registration_number,status,verification_state,created_at,updated_at) VALUES ('org_s09_salon_d39ab859b60dfe8a','tenant_platform_seed','beauty_salon','Salon De Coiffure','Salon De Coiffure',NULL,'active','seeded',unixepoch(),unixepoch());
INSERT OR IGNORE INTO profiles (id,subject_id,subject_type,primary_place_id,tenant_id,workspace_id,display_name,created_at,updated_at) VALUES ('prof_s09_salon_d39ab859b60dfe8a','org_s09_salon_d39ab859b60dfe8a','organization','place_nigeria_001','tenant_platform_seed','workspace_platform_seed_discovery','Salon De Coiffure',unixepoch(),unixepoch());
INSERT OR IGNORE INTO search_entries (id,profile_id,display_name,keywords,ancestry_path,vertical,created_at,updated_at) VALUES ('se_s09_salon_d39ab859b60dfe8a','prof_s09_salon_d39ab859b60dfe8a','Salon De Coiffure','salon de coiffure salon barber hair beauty nigeria','place_nigeria_001','beauty_salon',unixepoch(),unixepoch());
INSERT OR IGNORE INTO seed_ingestion_records (id,seed_run_id,entity_type,entity_id,source_id,status) VALUES ('ir_s09_salon_d39ab859b60dfe8a','seed_run_s09_osm_salons_20260502','organization','org_s09_salon_d39ab859b60dfe8a','seed_source_osm_salons_ng_20260502','ingested');
INSERT OR IGNORE INTO seed_entity_sources (id,seed_run_id,entity_type,entity_id,source_id,confidence_tier) VALUES ('es_s09_salon_d39ab859b60dfe8a','seed_run_s09_osm_salons_20260502','organization','org_s09_salon_d39ab859b60dfe8a','seed_source_osm_salons_ng_20260502','seeded');
INSERT OR IGNORE INTO seed_enrichment (id,seed_run_id,entity_type,entity_id,enrichment_type,enrichment_json) VALUES ('enr_s09_salon_d39ab859b60dfe8a','seed_run_s09_osm_salons_20260502','organization','org_s09_salon_d39ab859b60dfe8a','licence_data','{"osm_id": "6684842708", "amenity": "hairdresser", "addr_state": null, "denomination": null, "operator": null}');

INSERT OR IGNORE INTO organizations (id,tenant_id,organization_type,legal_name,display_name,registration_number,status,verification_state,created_at,updated_at) VALUES ('org_s09_salon_3f732e1b2ba1195d','tenant_platform_seed','beauty_salon','Salon De Coiffure','Salon De Coiffure',NULL,'active','seeded',unixepoch(),unixepoch());
INSERT OR IGNORE INTO profiles (id,subject_id,subject_type,primary_place_id,tenant_id,workspace_id,display_name,created_at,updated_at) VALUES ('prof_s09_salon_3f732e1b2ba1195d','org_s09_salon_3f732e1b2ba1195d','organization','place_nigeria_001','tenant_platform_seed','workspace_platform_seed_discovery','Salon De Coiffure',unixepoch(),unixepoch());
INSERT OR IGNORE INTO search_entries (id,profile_id,display_name,keywords,ancestry_path,vertical,created_at,updated_at) VALUES ('se_s09_salon_3f732e1b2ba1195d','prof_s09_salon_3f732e1b2ba1195d','Salon De Coiffure','salon de coiffure salon barber hair beauty nigeria','place_nigeria_001','beauty_salon',unixepoch(),unixepoch());
INSERT OR IGNORE INTO seed_ingestion_records (id,seed_run_id,entity_type,entity_id,source_id,status) VALUES ('ir_s09_salon_3f732e1b2ba1195d','seed_run_s09_osm_salons_20260502','organization','org_s09_salon_3f732e1b2ba1195d','seed_source_osm_salons_ng_20260502','ingested');
INSERT OR IGNORE INTO seed_entity_sources (id,seed_run_id,entity_type,entity_id,source_id,confidence_tier) VALUES ('es_s09_salon_3f732e1b2ba1195d','seed_run_s09_osm_salons_20260502','organization','org_s09_salon_3f732e1b2ba1195d','seed_source_osm_salons_ng_20260502','seeded');
INSERT OR IGNORE INTO seed_enrichment (id,seed_run_id,entity_type,entity_id,enrichment_type,enrichment_json) VALUES ('enr_s09_salon_3f732e1b2ba1195d','seed_run_s09_osm_salons_20260502','organization','org_s09_salon_3f732e1b2ba1195d','licence_data','{"osm_id": "6684842709", "amenity": "hairdresser", "addr_state": null, "denomination": null, "operator": null}');

INSERT OR IGNORE INTO organizations (id,tenant_id,organization_type,legal_name,display_name,registration_number,status,verification_state,created_at,updated_at) VALUES ('org_s09_salon_6b3635948974c082','tenant_platform_seed','beauty_salon','Salon De Coiffure','Salon De Coiffure',NULL,'active','seeded',unixepoch(),unixepoch());
INSERT OR IGNORE INTO profiles (id,subject_id,subject_type,primary_place_id,tenant_id,workspace_id,display_name,created_at,updated_at) VALUES ('prof_s09_salon_6b3635948974c082','org_s09_salon_6b3635948974c082','organization','place_nigeria_001','tenant_platform_seed','workspace_platform_seed_discovery','Salon De Coiffure',unixepoch(),unixepoch());
INSERT OR IGNORE INTO search_entries (id,profile_id,display_name,keywords,ancestry_path,vertical,created_at,updated_at) VALUES ('se_s09_salon_6b3635948974c082','prof_s09_salon_6b3635948974c082','Salon De Coiffure','salon de coiffure salon barber hair beauty nigeria','place_nigeria_001','beauty_salon',unixepoch(),unixepoch());
INSERT OR IGNORE INTO seed_ingestion_records (id,seed_run_id,entity_type,entity_id,source_id,status) VALUES ('ir_s09_salon_6b3635948974c082','seed_run_s09_osm_salons_20260502','organization','org_s09_salon_6b3635948974c082','seed_source_osm_salons_ng_20260502','ingested');
INSERT OR IGNORE INTO seed_entity_sources (id,seed_run_id,entity_type,entity_id,source_id,confidence_tier) VALUES ('es_s09_salon_6b3635948974c082','seed_run_s09_osm_salons_20260502','organization','org_s09_salon_6b3635948974c082','seed_source_osm_salons_ng_20260502','seeded');
INSERT OR IGNORE INTO seed_enrichment (id,seed_run_id,entity_type,entity_id,enrichment_type,enrichment_json) VALUES ('enr_s09_salon_6b3635948974c082','seed_run_s09_osm_salons_20260502','organization','org_s09_salon_6b3635948974c082','licence_data','{"osm_id": "6684842710", "amenity": "hairdresser", "addr_state": null, "denomination": null, "operator": null}');

INSERT OR IGNORE INTO organizations (id,tenant_id,organization_type,legal_name,display_name,registration_number,status,verification_state,created_at,updated_at) VALUES ('org_s09_salon_60dd3b935f40f3cd','tenant_platform_seed','beauty_salon','Aliaf Coiffure','Aliaf Coiffure',NULL,'active','seeded',unixepoch(),unixepoch());
INSERT OR IGNORE INTO profiles (id,subject_id,subject_type,primary_place_id,tenant_id,workspace_id,display_name,created_at,updated_at) VALUES ('prof_s09_salon_60dd3b935f40f3cd','org_s09_salon_60dd3b935f40f3cd','organization','place_nigeria_001','tenant_platform_seed','workspace_platform_seed_discovery','Aliaf Coiffure',unixepoch(),unixepoch());
INSERT OR IGNORE INTO search_entries (id,profile_id,display_name,keywords,ancestry_path,vertical,created_at,updated_at) VALUES ('se_s09_salon_60dd3b935f40f3cd','prof_s09_salon_60dd3b935f40f3cd','Aliaf Coiffure','aliaf coiffure salon barber hair beauty nigeria','place_nigeria_001','beauty_salon',unixepoch(),unixepoch());
INSERT OR IGNORE INTO seed_ingestion_records (id,seed_run_id,entity_type,entity_id,source_id,status) VALUES ('ir_s09_salon_60dd3b935f40f3cd','seed_run_s09_osm_salons_20260502','organization','org_s09_salon_60dd3b935f40f3cd','seed_source_osm_salons_ng_20260502','ingested');
INSERT OR IGNORE INTO seed_entity_sources (id,seed_run_id,entity_type,entity_id,source_id,confidence_tier) VALUES ('es_s09_salon_60dd3b935f40f3cd','seed_run_s09_osm_salons_20260502','organization','org_s09_salon_60dd3b935f40f3cd','seed_source_osm_salons_ng_20260502','seeded');
INSERT OR IGNORE INTO seed_enrichment (id,seed_run_id,entity_type,entity_id,enrichment_type,enrichment_json) VALUES ('enr_s09_salon_60dd3b935f40f3cd','seed_run_s09_osm_salons_20260502','organization','org_s09_salon_60dd3b935f40f3cd','licence_data','{"osm_id": "6684842711", "amenity": "hairdresser", "addr_state": null, "denomination": null, "operator": null}');

INSERT OR IGNORE INTO organizations (id,tenant_id,organization_type,legal_name,display_name,registration_number,status,verification_state,created_at,updated_at) VALUES ('org_s09_salon_3e84caf712c38eec','tenant_platform_seed','beauty_salon','Melinda Coiffure','Melinda Coiffure',NULL,'active','seeded',unixepoch(),unixepoch());
INSERT OR IGNORE INTO profiles (id,subject_id,subject_type,primary_place_id,tenant_id,workspace_id,display_name,created_at,updated_at) VALUES ('prof_s09_salon_3e84caf712c38eec','org_s09_salon_3e84caf712c38eec','organization','place_nigeria_001','tenant_platform_seed','workspace_platform_seed_discovery','Melinda Coiffure',unixepoch(),unixepoch());
INSERT OR IGNORE INTO search_entries (id,profile_id,display_name,keywords,ancestry_path,vertical,created_at,updated_at) VALUES ('se_s09_salon_3e84caf712c38eec','prof_s09_salon_3e84caf712c38eec','Melinda Coiffure','melinda coiffure salon barber hair beauty nigeria','place_nigeria_001','beauty_salon',unixepoch(),unixepoch());
INSERT OR IGNORE INTO seed_ingestion_records (id,seed_run_id,entity_type,entity_id,source_id,status) VALUES ('ir_s09_salon_3e84caf712c38eec','seed_run_s09_osm_salons_20260502','organization','org_s09_salon_3e84caf712c38eec','seed_source_osm_salons_ng_20260502','ingested');
INSERT OR IGNORE INTO seed_entity_sources (id,seed_run_id,entity_type,entity_id,source_id,confidence_tier) VALUES ('es_s09_salon_3e84caf712c38eec','seed_run_s09_osm_salons_20260502','organization','org_s09_salon_3e84caf712c38eec','seed_source_osm_salons_ng_20260502','seeded');
INSERT OR IGNORE INTO seed_enrichment (id,seed_run_id,entity_type,entity_id,enrichment_type,enrichment_json) VALUES ('enr_s09_salon_3e84caf712c38eec','seed_run_s09_osm_salons_20260502','organization','org_s09_salon_3e84caf712c38eec','licence_data','{"osm_id": "6684842712", "amenity": "hairdresser", "addr_state": null, "denomination": null, "operator": null}');

INSERT OR IGNORE INTO organizations (id,tenant_id,organization_type,legal_name,display_name,registration_number,status,verification_state,created_at,updated_at) VALUES ('org_s09_salon_345e642e7b92fc01','tenant_platform_seed','beauty_salon','Daouda Coiffure','Daouda Coiffure',NULL,'active','seeded',unixepoch(),unixepoch());
INSERT OR IGNORE INTO profiles (id,subject_id,subject_type,primary_place_id,tenant_id,workspace_id,display_name,created_at,updated_at) VALUES ('prof_s09_salon_345e642e7b92fc01','org_s09_salon_345e642e7b92fc01','organization','place_nigeria_001','tenant_platform_seed','workspace_platform_seed_discovery','Daouda Coiffure',unixepoch(),unixepoch());
INSERT OR IGNORE INTO search_entries (id,profile_id,display_name,keywords,ancestry_path,vertical,created_at,updated_at) VALUES ('se_s09_salon_345e642e7b92fc01','prof_s09_salon_345e642e7b92fc01','Daouda Coiffure','daouda coiffure salon barber hair beauty nigeria','place_nigeria_001','beauty_salon',unixepoch(),unixepoch());
INSERT OR IGNORE INTO seed_ingestion_records (id,seed_run_id,entity_type,entity_id,source_id,status) VALUES ('ir_s09_salon_345e642e7b92fc01','seed_run_s09_osm_salons_20260502','organization','org_s09_salon_345e642e7b92fc01','seed_source_osm_salons_ng_20260502','ingested');
INSERT OR IGNORE INTO seed_entity_sources (id,seed_run_id,entity_type,entity_id,source_id,confidence_tier) VALUES ('es_s09_salon_345e642e7b92fc01','seed_run_s09_osm_salons_20260502','organization','org_s09_salon_345e642e7b92fc01','seed_source_osm_salons_ng_20260502','seeded');
INSERT OR IGNORE INTO seed_enrichment (id,seed_run_id,entity_type,entity_id,enrichment_type,enrichment_json) VALUES ('enr_s09_salon_345e642e7b92fc01','seed_run_s09_osm_salons_20260502','organization','org_s09_salon_345e642e7b92fc01','licence_data','{"osm_id": "6684842717", "amenity": "hairdresser", "addr_state": null, "denomination": null, "operator": null}');

INSERT OR IGNORE INTO organizations (id,tenant_id,organization_type,legal_name,display_name,registration_number,status,verification_state,created_at,updated_at) VALUES ('org_s09_salon_5139bd9cde8764ec','tenant_platform_seed','beauty_salon','Kalla Coiffure','Kalla Coiffure',NULL,'active','seeded',unixepoch(),unixepoch());
INSERT OR IGNORE INTO profiles (id,subject_id,subject_type,primary_place_id,tenant_id,workspace_id,display_name,created_at,updated_at) VALUES ('prof_s09_salon_5139bd9cde8764ec','org_s09_salon_5139bd9cde8764ec','organization','place_nigeria_001','tenant_platform_seed','workspace_platform_seed_discovery','Kalla Coiffure',unixepoch(),unixepoch());
INSERT OR IGNORE INTO search_entries (id,profile_id,display_name,keywords,ancestry_path,vertical,created_at,updated_at) VALUES ('se_s09_salon_5139bd9cde8764ec','prof_s09_salon_5139bd9cde8764ec','Kalla Coiffure','kalla coiffure salon barber hair beauty nigeria','place_nigeria_001','beauty_salon',unixepoch(),unixepoch());
INSERT OR IGNORE INTO seed_ingestion_records (id,seed_run_id,entity_type,entity_id,source_id,status) VALUES ('ir_s09_salon_5139bd9cde8764ec','seed_run_s09_osm_salons_20260502','organization','org_s09_salon_5139bd9cde8764ec','seed_source_osm_salons_ng_20260502','ingested');
INSERT OR IGNORE INTO seed_entity_sources (id,seed_run_id,entity_type,entity_id,source_id,confidence_tier) VALUES ('es_s09_salon_5139bd9cde8764ec','seed_run_s09_osm_salons_20260502','organization','org_s09_salon_5139bd9cde8764ec','seed_source_osm_salons_ng_20260502','seeded');
INSERT OR IGNORE INTO seed_enrichment (id,seed_run_id,entity_type,entity_id,enrichment_type,enrichment_json) VALUES ('enr_s09_salon_5139bd9cde8764ec','seed_run_s09_osm_salons_20260502','organization','org_s09_salon_5139bd9cde8764ec','licence_data','{"osm_id": "6684842718", "amenity": "hairdresser", "addr_state": null, "denomination": null, "operator": null}');

INSERT OR IGNORE INTO organizations (id,tenant_id,organization_type,legal_name,display_name,registration_number,status,verification_state,created_at,updated_at) VALUES ('org_s09_salon_f57fdb42e76aa8a7','tenant_platform_seed','beauty_salon','Coiffure Le Doubou','Coiffure Le Doubou',NULL,'active','seeded',unixepoch(),unixepoch());
INSERT OR IGNORE INTO profiles (id,subject_id,subject_type,primary_place_id,tenant_id,workspace_id,display_name,created_at,updated_at) VALUES ('prof_s09_salon_f57fdb42e76aa8a7','org_s09_salon_f57fdb42e76aa8a7','organization','place_nigeria_001','tenant_platform_seed','workspace_platform_seed_discovery','Coiffure Le Doubou',unixepoch(),unixepoch());
INSERT OR IGNORE INTO search_entries (id,profile_id,display_name,keywords,ancestry_path,vertical,created_at,updated_at) VALUES ('se_s09_salon_f57fdb42e76aa8a7','prof_s09_salon_f57fdb42e76aa8a7','Coiffure Le Doubou','coiffure le doubou salon barber hair beauty nigeria','place_nigeria_001','beauty_salon',unixepoch(),unixepoch());
INSERT OR IGNORE INTO seed_ingestion_records (id,seed_run_id,entity_type,entity_id,source_id,status) VALUES ('ir_s09_salon_f57fdb42e76aa8a7','seed_run_s09_osm_salons_20260502','organization','org_s09_salon_f57fdb42e76aa8a7','seed_source_osm_salons_ng_20260502','ingested');
INSERT OR IGNORE INTO seed_entity_sources (id,seed_run_id,entity_type,entity_id,source_id,confidence_tier) VALUES ('es_s09_salon_f57fdb42e76aa8a7','seed_run_s09_osm_salons_20260502','organization','org_s09_salon_f57fdb42e76aa8a7','seed_source_osm_salons_ng_20260502','seeded');
INSERT OR IGNORE INTO seed_enrichment (id,seed_run_id,entity_type,entity_id,enrichment_type,enrichment_json) VALUES ('enr_s09_salon_f57fdb42e76aa8a7','seed_run_s09_osm_salons_20260502','organization','org_s09_salon_f57fdb42e76aa8a7','licence_data','{"osm_id": "6684842719", "amenity": "hairdresser", "addr_state": null, "denomination": null, "operator": null}');

INSERT OR IGNORE INTO organizations (id,tenant_id,organization_type,legal_name,display_name,registration_number,status,verification_state,created_at,updated_at) VALUES ('org_s09_salon_daec9c807ac865fe','tenant_platform_seed','beauty_salon','Salon Ee Coiffure','Salon Ee Coiffure',NULL,'active','seeded',unixepoch(),unixepoch());
INSERT OR IGNORE INTO profiles (id,subject_id,subject_type,primary_place_id,tenant_id,workspace_id,display_name,created_at,updated_at) VALUES ('prof_s09_salon_daec9c807ac865fe','org_s09_salon_daec9c807ac865fe','organization','place_nigeria_001','tenant_platform_seed','workspace_platform_seed_discovery','Salon Ee Coiffure',unixepoch(),unixepoch());
INSERT OR IGNORE INTO search_entries (id,profile_id,display_name,keywords,ancestry_path,vertical,created_at,updated_at) VALUES ('se_s09_salon_daec9c807ac865fe','prof_s09_salon_daec9c807ac865fe','Salon Ee Coiffure','salon ee coiffure salon barber hair beauty nigeria','place_nigeria_001','beauty_salon',unixepoch(),unixepoch());
INSERT OR IGNORE INTO seed_ingestion_records (id,seed_run_id,entity_type,entity_id,source_id,status) VALUES ('ir_s09_salon_daec9c807ac865fe','seed_run_s09_osm_salons_20260502','organization','org_s09_salon_daec9c807ac865fe','seed_source_osm_salons_ng_20260502','ingested');
INSERT OR IGNORE INTO seed_entity_sources (id,seed_run_id,entity_type,entity_id,source_id,confidence_tier) VALUES ('es_s09_salon_daec9c807ac865fe','seed_run_s09_osm_salons_20260502','organization','org_s09_salon_daec9c807ac865fe','seed_source_osm_salons_ng_20260502','seeded');
INSERT OR IGNORE INTO seed_enrichment (id,seed_run_id,entity_type,entity_id,enrichment_type,enrichment_json) VALUES ('enr_s09_salon_daec9c807ac865fe','seed_run_s09_osm_salons_20260502','organization','org_s09_salon_daec9c807ac865fe','licence_data','{"osm_id": "6684842720", "amenity": "hairdresser", "addr_state": null, "denomination": null, "operator": null}');

INSERT OR IGNORE INTO organizations (id,tenant_id,organization_type,legal_name,display_name,registration_number,status,verification_state,created_at,updated_at) VALUES ('org_s09_salon_ccfbda11a2e28975','tenant_platform_seed','beauty_salon','Salon De Coiffure','Salon De Coiffure',NULL,'active','seeded',unixepoch(),unixepoch());
INSERT OR IGNORE INTO profiles (id,subject_id,subject_type,primary_place_id,tenant_id,workspace_id,display_name,created_at,updated_at) VALUES ('prof_s09_salon_ccfbda11a2e28975','org_s09_salon_ccfbda11a2e28975','organization','place_nigeria_001','tenant_platform_seed','workspace_platform_seed_discovery','Salon De Coiffure',unixepoch(),unixepoch());
INSERT OR IGNORE INTO search_entries (id,profile_id,display_name,keywords,ancestry_path,vertical,created_at,updated_at) VALUES ('se_s09_salon_ccfbda11a2e28975','prof_s09_salon_ccfbda11a2e28975','Salon De Coiffure','salon de coiffure salon barber hair beauty nigeria','place_nigeria_001','beauty_salon',unixepoch(),unixepoch());
INSERT OR IGNORE INTO seed_ingestion_records (id,seed_run_id,entity_type,entity_id,source_id,status) VALUES ('ir_s09_salon_ccfbda11a2e28975','seed_run_s09_osm_salons_20260502','organization','org_s09_salon_ccfbda11a2e28975','seed_source_osm_salons_ng_20260502','ingested');
INSERT OR IGNORE INTO seed_entity_sources (id,seed_run_id,entity_type,entity_id,source_id,confidence_tier) VALUES ('es_s09_salon_ccfbda11a2e28975','seed_run_s09_osm_salons_20260502','organization','org_s09_salon_ccfbda11a2e28975','seed_source_osm_salons_ng_20260502','seeded');
INSERT OR IGNORE INTO seed_enrichment (id,seed_run_id,entity_type,entity_id,enrichment_type,enrichment_json) VALUES ('enr_s09_salon_ccfbda11a2e28975','seed_run_s09_osm_salons_20260502','organization','org_s09_salon_ccfbda11a2e28975','licence_data','{"osm_id": "6684842721", "amenity": "hairdresser", "addr_state": null, "denomination": null, "operator": null}');

INSERT OR IGNORE INTO organizations (id,tenant_id,organization_type,legal_name,display_name,registration_number,status,verification_state,created_at,updated_at) VALUES ('org_s09_salon_81773efc333f58a7','tenant_platform_seed','beauty_salon','Salon De Coiffure','Salon De Coiffure',NULL,'active','seeded',unixepoch(),unixepoch());
INSERT OR IGNORE INTO profiles (id,subject_id,subject_type,primary_place_id,tenant_id,workspace_id,display_name,created_at,updated_at) VALUES ('prof_s09_salon_81773efc333f58a7','org_s09_salon_81773efc333f58a7','organization','place_nigeria_001','tenant_platform_seed','workspace_platform_seed_discovery','Salon De Coiffure',unixepoch(),unixepoch());
INSERT OR IGNORE INTO search_entries (id,profile_id,display_name,keywords,ancestry_path,vertical,created_at,updated_at) VALUES ('se_s09_salon_81773efc333f58a7','prof_s09_salon_81773efc333f58a7','Salon De Coiffure','salon de coiffure salon barber hair beauty nigeria','place_nigeria_001','beauty_salon',unixepoch(),unixepoch());
INSERT OR IGNORE INTO seed_ingestion_records (id,seed_run_id,entity_type,entity_id,source_id,status) VALUES ('ir_s09_salon_81773efc333f58a7','seed_run_s09_osm_salons_20260502','organization','org_s09_salon_81773efc333f58a7','seed_source_osm_salons_ng_20260502','ingested');
INSERT OR IGNORE INTO seed_entity_sources (id,seed_run_id,entity_type,entity_id,source_id,confidence_tier) VALUES ('es_s09_salon_81773efc333f58a7','seed_run_s09_osm_salons_20260502','organization','org_s09_salon_81773efc333f58a7','seed_source_osm_salons_ng_20260502','seeded');
INSERT OR IGNORE INTO seed_enrichment (id,seed_run_id,entity_type,entity_id,enrichment_type,enrichment_json) VALUES ('enr_s09_salon_81773efc333f58a7','seed_run_s09_osm_salons_20260502','organization','org_s09_salon_81773efc333f58a7','licence_data','{"osm_id": "6684842722", "amenity": "hairdresser", "addr_state": null, "denomination": null, "operator": null}');

INSERT OR IGNORE INTO organizations (id,tenant_id,organization_type,legal_name,display_name,registration_number,status,verification_state,created_at,updated_at) VALUES ('org_s09_salon_b49adaaef6a9c7ee','tenant_platform_seed','beauty_salon','Salon De Coiffure','Salon De Coiffure',NULL,'active','seeded',unixepoch(),unixepoch());
INSERT OR IGNORE INTO profiles (id,subject_id,subject_type,primary_place_id,tenant_id,workspace_id,display_name,created_at,updated_at) VALUES ('prof_s09_salon_b49adaaef6a9c7ee','org_s09_salon_b49adaaef6a9c7ee','organization','place_nigeria_001','tenant_platform_seed','workspace_platform_seed_discovery','Salon De Coiffure',unixepoch(),unixepoch());
INSERT OR IGNORE INTO search_entries (id,profile_id,display_name,keywords,ancestry_path,vertical,created_at,updated_at) VALUES ('se_s09_salon_b49adaaef6a9c7ee','prof_s09_salon_b49adaaef6a9c7ee','Salon De Coiffure','salon de coiffure salon barber hair beauty nigeria','place_nigeria_001','beauty_salon',unixepoch(),unixepoch());
INSERT OR IGNORE INTO seed_ingestion_records (id,seed_run_id,entity_type,entity_id,source_id,status) VALUES ('ir_s09_salon_b49adaaef6a9c7ee','seed_run_s09_osm_salons_20260502','organization','org_s09_salon_b49adaaef6a9c7ee','seed_source_osm_salons_ng_20260502','ingested');
INSERT OR IGNORE INTO seed_entity_sources (id,seed_run_id,entity_type,entity_id,source_id,confidence_tier) VALUES ('es_s09_salon_b49adaaef6a9c7ee','seed_run_s09_osm_salons_20260502','organization','org_s09_salon_b49adaaef6a9c7ee','seed_source_osm_salons_ng_20260502','seeded');
INSERT OR IGNORE INTO seed_enrichment (id,seed_run_id,entity_type,entity_id,enrichment_type,enrichment_json) VALUES ('enr_s09_salon_b49adaaef6a9c7ee','seed_run_s09_osm_salons_20260502','organization','org_s09_salon_b49adaaef6a9c7ee','licence_data','{"osm_id": "6684842723", "amenity": "hairdresser", "addr_state": null, "denomination": null, "operator": null}');

INSERT OR IGNORE INTO organizations (id,tenant_id,organization_type,legal_name,display_name,registration_number,status,verification_state,created_at,updated_at) VALUES ('org_s09_salon_4fc75981d2e06e55','tenant_platform_seed','beauty_salon','Excellence Coiffure','Excellence Coiffure',NULL,'active','seeded',unixepoch(),unixepoch());
INSERT OR IGNORE INTO profiles (id,subject_id,subject_type,primary_place_id,tenant_id,workspace_id,display_name,created_at,updated_at) VALUES ('prof_s09_salon_4fc75981d2e06e55','org_s09_salon_4fc75981d2e06e55','organization','place_nigeria_001','tenant_platform_seed','workspace_platform_seed_discovery','Excellence Coiffure',unixepoch(),unixepoch());
INSERT OR IGNORE INTO search_entries (id,profile_id,display_name,keywords,ancestry_path,vertical,created_at,updated_at) VALUES ('se_s09_salon_4fc75981d2e06e55','prof_s09_salon_4fc75981d2e06e55','Excellence Coiffure','excellence coiffure salon barber hair beauty nigeria','place_nigeria_001','beauty_salon',unixepoch(),unixepoch());
INSERT OR IGNORE INTO seed_ingestion_records (id,seed_run_id,entity_type,entity_id,source_id,status) VALUES ('ir_s09_salon_4fc75981d2e06e55','seed_run_s09_osm_salons_20260502','organization','org_s09_salon_4fc75981d2e06e55','seed_source_osm_salons_ng_20260502','ingested');
INSERT OR IGNORE INTO seed_entity_sources (id,seed_run_id,entity_type,entity_id,source_id,confidence_tier) VALUES ('es_s09_salon_4fc75981d2e06e55','seed_run_s09_osm_salons_20260502','organization','org_s09_salon_4fc75981d2e06e55','seed_source_osm_salons_ng_20260502','seeded');
INSERT OR IGNORE INTO seed_enrichment (id,seed_run_id,entity_type,entity_id,enrichment_type,enrichment_json) VALUES ('enr_s09_salon_4fc75981d2e06e55','seed_run_s09_osm_salons_20260502','organization','org_s09_salon_4fc75981d2e06e55','licence_data','{"osm_id": "6684842728", "amenity": "hairdresser", "addr_state": null, "denomination": null, "operator": null}');

INSERT OR IGNORE INTO organizations (id,tenant_id,organization_type,legal_name,display_name,registration_number,status,verification_state,created_at,updated_at) VALUES ('org_s09_salon_782b5a4044d10c18','tenant_platform_seed','beauty_salon','Salon De Coiffure','Salon De Coiffure',NULL,'active','seeded',unixepoch(),unixepoch());
INSERT OR IGNORE INTO profiles (id,subject_id,subject_type,primary_place_id,tenant_id,workspace_id,display_name,created_at,updated_at) VALUES ('prof_s09_salon_782b5a4044d10c18','org_s09_salon_782b5a4044d10c18','organization','place_nigeria_001','tenant_platform_seed','workspace_platform_seed_discovery','Salon De Coiffure',unixepoch(),unixepoch());
INSERT OR IGNORE INTO search_entries (id,profile_id,display_name,keywords,ancestry_path,vertical,created_at,updated_at) VALUES ('se_s09_salon_782b5a4044d10c18','prof_s09_salon_782b5a4044d10c18','Salon De Coiffure','salon de coiffure salon barber hair beauty nigeria','place_nigeria_001','beauty_salon',unixepoch(),unixepoch());
INSERT OR IGNORE INTO seed_ingestion_records (id,seed_run_id,entity_type,entity_id,source_id,status) VALUES ('ir_s09_salon_782b5a4044d10c18','seed_run_s09_osm_salons_20260502','organization','org_s09_salon_782b5a4044d10c18','seed_source_osm_salons_ng_20260502','ingested');
INSERT OR IGNORE INTO seed_entity_sources (id,seed_run_id,entity_type,entity_id,source_id,confidence_tier) VALUES ('es_s09_salon_782b5a4044d10c18','seed_run_s09_osm_salons_20260502','organization','org_s09_salon_782b5a4044d10c18','seed_source_osm_salons_ng_20260502','seeded');
INSERT OR IGNORE INTO seed_enrichment (id,seed_run_id,entity_type,entity_id,enrichment_type,enrichment_json) VALUES ('enr_s09_salon_782b5a4044d10c18','seed_run_s09_osm_salons_20260502','organization','org_s09_salon_782b5a4044d10c18','licence_data','{"osm_id": "6684842729", "amenity": "hairdresser", "addr_state": null, "denomination": null, "operator": null}');

INSERT OR IGNORE INTO organizations (id,tenant_id,organization_type,legal_name,display_name,registration_number,status,verification_state,created_at,updated_at) VALUES ('org_s09_salon_dc9cd2e814d88f42','tenant_platform_seed','beauty_salon','Docteur En Pellicules','Docteur En Pellicules',NULL,'active','seeded',unixepoch(),unixepoch());
INSERT OR IGNORE INTO profiles (id,subject_id,subject_type,primary_place_id,tenant_id,workspace_id,display_name,created_at,updated_at) VALUES ('prof_s09_salon_dc9cd2e814d88f42','org_s09_salon_dc9cd2e814d88f42','organization','place_nigeria_001','tenant_platform_seed','workspace_platform_seed_discovery','Docteur En Pellicules',unixepoch(),unixepoch());
INSERT OR IGNORE INTO search_entries (id,profile_id,display_name,keywords,ancestry_path,vertical,created_at,updated_at) VALUES ('se_s09_salon_dc9cd2e814d88f42','prof_s09_salon_dc9cd2e814d88f42','Docteur En Pellicules','docteur en pellicules salon barber hair beauty nigeria','place_nigeria_001','beauty_salon',unixepoch(),unixepoch());
INSERT OR IGNORE INTO seed_ingestion_records (id,seed_run_id,entity_type,entity_id,source_id,status) VALUES ('ir_s09_salon_dc9cd2e814d88f42','seed_run_s09_osm_salons_20260502','organization','org_s09_salon_dc9cd2e814d88f42','seed_source_osm_salons_ng_20260502','ingested');
INSERT OR IGNORE INTO seed_entity_sources (id,seed_run_id,entity_type,entity_id,source_id,confidence_tier) VALUES ('es_s09_salon_dc9cd2e814d88f42','seed_run_s09_osm_salons_20260502','organization','org_s09_salon_dc9cd2e814d88f42','seed_source_osm_salons_ng_20260502','seeded');
INSERT OR IGNORE INTO seed_enrichment (id,seed_run_id,entity_type,entity_id,enrichment_type,enrichment_json) VALUES ('enr_s09_salon_dc9cd2e814d88f42','seed_run_s09_osm_salons_20260502','organization','org_s09_salon_dc9cd2e814d88f42','licence_data','{"osm_id": "6684842730", "amenity": "hairdresser", "addr_state": null, "denomination": null, "operator": null}');

INSERT OR IGNORE INTO organizations (id,tenant_id,organization_type,legal_name,display_name,registration_number,status,verification_state,created_at,updated_at) VALUES ('org_s09_salon_93aecce8f644dbe8','tenant_platform_seed','beauty_salon','Doubai Coiffure','Doubai Coiffure',NULL,'active','seeded',unixepoch(),unixepoch());
INSERT OR IGNORE INTO profiles (id,subject_id,subject_type,primary_place_id,tenant_id,workspace_id,display_name,created_at,updated_at) VALUES ('prof_s09_salon_93aecce8f644dbe8','org_s09_salon_93aecce8f644dbe8','organization','place_nigeria_001','tenant_platform_seed','workspace_platform_seed_discovery','Doubai Coiffure',unixepoch(),unixepoch());
INSERT OR IGNORE INTO search_entries (id,profile_id,display_name,keywords,ancestry_path,vertical,created_at,updated_at) VALUES ('se_s09_salon_93aecce8f644dbe8','prof_s09_salon_93aecce8f644dbe8','Doubai Coiffure','doubai coiffure salon barber hair beauty nigeria','place_nigeria_001','beauty_salon',unixepoch(),unixepoch());
INSERT OR IGNORE INTO seed_ingestion_records (id,seed_run_id,entity_type,entity_id,source_id,status) VALUES ('ir_s09_salon_93aecce8f644dbe8','seed_run_s09_osm_salons_20260502','organization','org_s09_salon_93aecce8f644dbe8','seed_source_osm_salons_ng_20260502','ingested');
INSERT OR IGNORE INTO seed_entity_sources (id,seed_run_id,entity_type,entity_id,source_id,confidence_tier) VALUES ('es_s09_salon_93aecce8f644dbe8','seed_run_s09_osm_salons_20260502','organization','org_s09_salon_93aecce8f644dbe8','seed_source_osm_salons_ng_20260502','seeded');
INSERT OR IGNORE INTO seed_enrichment (id,seed_run_id,entity_type,entity_id,enrichment_type,enrichment_json) VALUES ('enr_s09_salon_93aecce8f644dbe8','seed_run_s09_osm_salons_20260502','organization','org_s09_salon_93aecce8f644dbe8','licence_data','{"osm_id": "6684842731", "amenity": "hairdresser", "addr_state": null, "denomination": null, "operator": null}');

INSERT OR IGNORE INTO organizations (id,tenant_id,organization_type,legal_name,display_name,registration_number,status,verification_state,created_at,updated_at) VALUES ('org_s09_salon_14f523ebdef79a00','tenant_platform_seed','beauty_salon','Mignoncite Coiffure','Mignoncite Coiffure',NULL,'active','seeded',unixepoch(),unixepoch());
INSERT OR IGNORE INTO profiles (id,subject_id,subject_type,primary_place_id,tenant_id,workspace_id,display_name,created_at,updated_at) VALUES ('prof_s09_salon_14f523ebdef79a00','org_s09_salon_14f523ebdef79a00','organization','place_nigeria_001','tenant_platform_seed','workspace_platform_seed_discovery','Mignoncite Coiffure',unixepoch(),unixepoch());
INSERT OR IGNORE INTO search_entries (id,profile_id,display_name,keywords,ancestry_path,vertical,created_at,updated_at) VALUES ('se_s09_salon_14f523ebdef79a00','prof_s09_salon_14f523ebdef79a00','Mignoncite Coiffure','mignoncite coiffure salon barber hair beauty nigeria','place_nigeria_001','beauty_salon',unixepoch(),unixepoch());
INSERT OR IGNORE INTO seed_ingestion_records (id,seed_run_id,entity_type,entity_id,source_id,status) VALUES ('ir_s09_salon_14f523ebdef79a00','seed_run_s09_osm_salons_20260502','organization','org_s09_salon_14f523ebdef79a00','seed_source_osm_salons_ng_20260502','ingested');
INSERT OR IGNORE INTO seed_entity_sources (id,seed_run_id,entity_type,entity_id,source_id,confidence_tier) VALUES ('es_s09_salon_14f523ebdef79a00','seed_run_s09_osm_salons_20260502','organization','org_s09_salon_14f523ebdef79a00','seed_source_osm_salons_ng_20260502','seeded');
INSERT OR IGNORE INTO seed_enrichment (id,seed_run_id,entity_type,entity_id,enrichment_type,enrichment_json) VALUES ('enr_s09_salon_14f523ebdef79a00','seed_run_s09_osm_salons_20260502','organization','org_s09_salon_14f523ebdef79a00','licence_data','{"osm_id": "6684842732", "amenity": "hairdresser", "addr_state": null, "denomination": null, "operator": null}');

INSERT OR IGNORE INTO organizations (id,tenant_id,organization_type,legal_name,display_name,registration_number,status,verification_state,created_at,updated_at) VALUES ('org_s09_salon_593993db1a9926fa','tenant_platform_seed','beauty_salon','Salon De Coiffure','Salon De Coiffure',NULL,'active','seeded',unixepoch(),unixepoch());
INSERT OR IGNORE INTO profiles (id,subject_id,subject_type,primary_place_id,tenant_id,workspace_id,display_name,created_at,updated_at) VALUES ('prof_s09_salon_593993db1a9926fa','org_s09_salon_593993db1a9926fa','organization','place_nigeria_001','tenant_platform_seed','workspace_platform_seed_discovery','Salon De Coiffure',unixepoch(),unixepoch());
INSERT OR IGNORE INTO search_entries (id,profile_id,display_name,keywords,ancestry_path,vertical,created_at,updated_at) VALUES ('se_s09_salon_593993db1a9926fa','prof_s09_salon_593993db1a9926fa','Salon De Coiffure','salon de coiffure salon barber hair beauty nigeria','place_nigeria_001','beauty_salon',unixepoch(),unixepoch());
INSERT OR IGNORE INTO seed_ingestion_records (id,seed_run_id,entity_type,entity_id,source_id,status) VALUES ('ir_s09_salon_593993db1a9926fa','seed_run_s09_osm_salons_20260502','organization','org_s09_salon_593993db1a9926fa','seed_source_osm_salons_ng_20260502','ingested');
INSERT OR IGNORE INTO seed_entity_sources (id,seed_run_id,entity_type,entity_id,source_id,confidence_tier) VALUES ('es_s09_salon_593993db1a9926fa','seed_run_s09_osm_salons_20260502','organization','org_s09_salon_593993db1a9926fa','seed_source_osm_salons_ng_20260502','seeded');
INSERT OR IGNORE INTO seed_enrichment (id,seed_run_id,entity_type,entity_id,enrichment_type,enrichment_json) VALUES ('enr_s09_salon_593993db1a9926fa','seed_run_s09_osm_salons_20260502','organization','org_s09_salon_593993db1a9926fa','licence_data','{"osm_id": "6684842733", "amenity": "hairdresser", "addr_state": null, "denomination": null, "operator": null}');

INSERT OR IGNORE INTO organizations (id,tenant_id,organization_type,legal_name,display_name,registration_number,status,verification_state,created_at,updated_at) VALUES ('org_s09_salon_fa22ad12223d8d1d','tenant_platform_seed','beauty_salon','Parigo','Parigo',NULL,'active','seeded',unixepoch(),unixepoch());
INSERT OR IGNORE INTO profiles (id,subject_id,subject_type,primary_place_id,tenant_id,workspace_id,display_name,created_at,updated_at) VALUES ('prof_s09_salon_fa22ad12223d8d1d','org_s09_salon_fa22ad12223d8d1d','organization','place_nigeria_001','tenant_platform_seed','workspace_platform_seed_discovery','Parigo',unixepoch(),unixepoch());
INSERT OR IGNORE INTO search_entries (id,profile_id,display_name,keywords,ancestry_path,vertical,created_at,updated_at) VALUES ('se_s09_salon_fa22ad12223d8d1d','prof_s09_salon_fa22ad12223d8d1d','Parigo','parigo salon barber hair beauty nigeria','place_nigeria_001','beauty_salon',unixepoch(),unixepoch());
INSERT OR IGNORE INTO seed_ingestion_records (id,seed_run_id,entity_type,entity_id,source_id,status) VALUES ('ir_s09_salon_fa22ad12223d8d1d','seed_run_s09_osm_salons_20260502','organization','org_s09_salon_fa22ad12223d8d1d','seed_source_osm_salons_ng_20260502','ingested');
INSERT OR IGNORE INTO seed_entity_sources (id,seed_run_id,entity_type,entity_id,source_id,confidence_tier) VALUES ('es_s09_salon_fa22ad12223d8d1d','seed_run_s09_osm_salons_20260502','organization','org_s09_salon_fa22ad12223d8d1d','seed_source_osm_salons_ng_20260502','seeded');
INSERT OR IGNORE INTO seed_enrichment (id,seed_run_id,entity_type,entity_id,enrichment_type,enrichment_json) VALUES ('enr_s09_salon_fa22ad12223d8d1d','seed_run_s09_osm_salons_20260502','organization','org_s09_salon_fa22ad12223d8d1d','licence_data','{"osm_id": "6684842734", "amenity": "hairdresser", "addr_state": null, "denomination": null, "operator": null}');

INSERT OR IGNORE INTO organizations (id,tenant_id,organization_type,legal_name,display_name,registration_number,status,verification_state,created_at,updated_at) VALUES ('org_s09_salon_b0858eda1be50bb6','tenant_platform_seed','beauty_salon','Salon De Coiffure La Référence','Salon De Coiffure La Référence',NULL,'active','seeded',unixepoch(),unixepoch());
INSERT OR IGNORE INTO profiles (id,subject_id,subject_type,primary_place_id,tenant_id,workspace_id,display_name,created_at,updated_at) VALUES ('prof_s09_salon_b0858eda1be50bb6','org_s09_salon_b0858eda1be50bb6','organization','place_nigeria_001','tenant_platform_seed','workspace_platform_seed_discovery','Salon De Coiffure La Référence',unixepoch(),unixepoch());
INSERT OR IGNORE INTO search_entries (id,profile_id,display_name,keywords,ancestry_path,vertical,created_at,updated_at) VALUES ('se_s09_salon_b0858eda1be50bb6','prof_s09_salon_b0858eda1be50bb6','Salon De Coiffure La Référence','salon de coiffure la référence salon barber hair beauty nigeria','place_nigeria_001','beauty_salon',unixepoch(),unixepoch());
INSERT OR IGNORE INTO seed_ingestion_records (id,seed_run_id,entity_type,entity_id,source_id,status) VALUES ('ir_s09_salon_b0858eda1be50bb6','seed_run_s09_osm_salons_20260502','organization','org_s09_salon_b0858eda1be50bb6','seed_source_osm_salons_ng_20260502','ingested');
INSERT OR IGNORE INTO seed_entity_sources (id,seed_run_id,entity_type,entity_id,source_id,confidence_tier) VALUES ('es_s09_salon_b0858eda1be50bb6','seed_run_s09_osm_salons_20260502','organization','org_s09_salon_b0858eda1be50bb6','seed_source_osm_salons_ng_20260502','seeded');
INSERT OR IGNORE INTO seed_enrichment (id,seed_run_id,entity_type,entity_id,enrichment_type,enrichment_json) VALUES ('enr_s09_salon_b0858eda1be50bb6','seed_run_s09_osm_salons_20260502','organization','org_s09_salon_b0858eda1be50bb6','licence_data','{"osm_id": "6684842735", "amenity": "hairdresser", "addr_state": null, "denomination": null, "operator": null}');

INSERT OR IGNORE INTO organizations (id,tenant_id,organization_type,legal_name,display_name,registration_number,status,verification_state,created_at,updated_at) VALUES ('org_s09_salon_b674a50176c0e8f7','tenant_platform_seed','beauty_salon','Salon De Coiffure Les','Salon De Coiffure Les',NULL,'active','seeded',unixepoch(),unixepoch());
INSERT OR IGNORE INTO profiles (id,subject_id,subject_type,primary_place_id,tenant_id,workspace_id,display_name,created_at,updated_at) VALUES ('prof_s09_salon_b674a50176c0e8f7','org_s09_salon_b674a50176c0e8f7','organization','place_nigeria_001','tenant_platform_seed','workspace_platform_seed_discovery','Salon De Coiffure Les',unixepoch(),unixepoch());
INSERT OR IGNORE INTO search_entries (id,profile_id,display_name,keywords,ancestry_path,vertical,created_at,updated_at) VALUES ('se_s09_salon_b674a50176c0e8f7','prof_s09_salon_b674a50176c0e8f7','Salon De Coiffure Les','salon de coiffure les salon barber hair beauty nigeria','place_nigeria_001','beauty_salon',unixepoch(),unixepoch());
INSERT OR IGNORE INTO seed_ingestion_records (id,seed_run_id,entity_type,entity_id,source_id,status) VALUES ('ir_s09_salon_b674a50176c0e8f7','seed_run_s09_osm_salons_20260502','organization','org_s09_salon_b674a50176c0e8f7','seed_source_osm_salons_ng_20260502','ingested');
INSERT OR IGNORE INTO seed_entity_sources (id,seed_run_id,entity_type,entity_id,source_id,confidence_tier) VALUES ('es_s09_salon_b674a50176c0e8f7','seed_run_s09_osm_salons_20260502','organization','org_s09_salon_b674a50176c0e8f7','seed_source_osm_salons_ng_20260502','seeded');
INSERT OR IGNORE INTO seed_enrichment (id,seed_run_id,entity_type,entity_id,enrichment_type,enrichment_json) VALUES ('enr_s09_salon_b674a50176c0e8f7','seed_run_s09_osm_salons_20260502','organization','org_s09_salon_b674a50176c0e8f7','licence_data','{"osm_id": "6684842736", "amenity": "hairdresser", "addr_state": null, "denomination": null, "operator": null}');

INSERT OR IGNORE INTO organizations (id,tenant_id,organization_type,legal_name,display_name,registration_number,status,verification_state,created_at,updated_at) VALUES ('org_s09_salon_52861a0439616116','tenant_platform_seed','beauty_salon','Le Choix Du Cœur Style Coiffure','Le Choix Du Cœur Style Coiffure',NULL,'active','seeded',unixepoch(),unixepoch());
INSERT OR IGNORE INTO profiles (id,subject_id,subject_type,primary_place_id,tenant_id,workspace_id,display_name,created_at,updated_at) VALUES ('prof_s09_salon_52861a0439616116','org_s09_salon_52861a0439616116','organization','place_nigeria_001','tenant_platform_seed','workspace_platform_seed_discovery','Le Choix Du Cœur Style Coiffure',unixepoch(),unixepoch());
INSERT OR IGNORE INTO search_entries (id,profile_id,display_name,keywords,ancestry_path,vertical,created_at,updated_at) VALUES ('se_s09_salon_52861a0439616116','prof_s09_salon_52861a0439616116','Le Choix Du Cœur Style Coiffure','le choix du cœur style coiffure salon barber hair beauty nigeria','place_nigeria_001','beauty_salon',unixepoch(),unixepoch());
INSERT OR IGNORE INTO seed_ingestion_records (id,seed_run_id,entity_type,entity_id,source_id,status) VALUES ('ir_s09_salon_52861a0439616116','seed_run_s09_osm_salons_20260502','organization','org_s09_salon_52861a0439616116','seed_source_osm_salons_ng_20260502','ingested');
INSERT OR IGNORE INTO seed_entity_sources (id,seed_run_id,entity_type,entity_id,source_id,confidence_tier) VALUES ('es_s09_salon_52861a0439616116','seed_run_s09_osm_salons_20260502','organization','org_s09_salon_52861a0439616116','seed_source_osm_salons_ng_20260502','seeded');
INSERT OR IGNORE INTO seed_enrichment (id,seed_run_id,entity_type,entity_id,enrichment_type,enrichment_json) VALUES ('enr_s09_salon_52861a0439616116','seed_run_s09_osm_salons_20260502','organization','org_s09_salon_52861a0439616116','licence_data','{"osm_id": "6684842737", "amenity": "hairdresser", "addr_state": null, "denomination": null, "operator": null}');

INSERT OR IGNORE INTO organizations (id,tenant_id,organization_type,legal_name,display_name,registration_number,status,verification_state,created_at,updated_at) VALUES ('org_s09_salon_2d7c79be6bcf3571','tenant_platform_seed','beauty_salon','Salon de coiffure rio','Salon de coiffure rio',NULL,'active','seeded',unixepoch(),unixepoch());
INSERT OR IGNORE INTO profiles (id,subject_id,subject_type,primary_place_id,tenant_id,workspace_id,display_name,created_at,updated_at) VALUES ('prof_s09_salon_2d7c79be6bcf3571','org_s09_salon_2d7c79be6bcf3571','organization','place_nigeria_001','tenant_platform_seed','workspace_platform_seed_discovery','Salon de coiffure rio',unixepoch(),unixepoch());
INSERT OR IGNORE INTO search_entries (id,profile_id,display_name,keywords,ancestry_path,vertical,created_at,updated_at) VALUES ('se_s09_salon_2d7c79be6bcf3571','prof_s09_salon_2d7c79be6bcf3571','Salon de coiffure rio','salon de coiffure rio salon barber hair beauty nigeria','place_nigeria_001','beauty_salon',unixepoch(),unixepoch());
INSERT OR IGNORE INTO seed_ingestion_records (id,seed_run_id,entity_type,entity_id,source_id,status) VALUES ('ir_s09_salon_2d7c79be6bcf3571','seed_run_s09_osm_salons_20260502','organization','org_s09_salon_2d7c79be6bcf3571','seed_source_osm_salons_ng_20260502','ingested');
INSERT OR IGNORE INTO seed_entity_sources (id,seed_run_id,entity_type,entity_id,source_id,confidence_tier) VALUES ('es_s09_salon_2d7c79be6bcf3571','seed_run_s09_osm_salons_20260502','organization','org_s09_salon_2d7c79be6bcf3571','seed_source_osm_salons_ng_20260502','seeded');
INSERT OR IGNORE INTO seed_enrichment (id,seed_run_id,entity_type,entity_id,enrichment_type,enrichment_json) VALUES ('enr_s09_salon_2d7c79be6bcf3571','seed_run_s09_osm_salons_20260502','organization','org_s09_salon_2d7c79be6bcf3571','licence_data','{"osm_id": "7032929813", "amenity": "hairdresser", "addr_state": null, "denomination": null, "operator": null}');

INSERT OR IGNORE INTO organizations (id,tenant_id,organization_type,legal_name,display_name,registration_number,status,verification_state,created_at,updated_at) VALUES ('org_s09_salon_16f9b9b207d9122a','tenant_platform_seed','beauty_salon','Salon de coiffure','Salon de coiffure',NULL,'active','seeded',unixepoch(),unixepoch());
INSERT OR IGNORE INTO profiles (id,subject_id,subject_type,primary_place_id,tenant_id,workspace_id,display_name,created_at,updated_at) VALUES ('prof_s09_salon_16f9b9b207d9122a','org_s09_salon_16f9b9b207d9122a','organization','place_nigeria_001','tenant_platform_seed','workspace_platform_seed_discovery','Salon de coiffure',unixepoch(),unixepoch());
INSERT OR IGNORE INTO search_entries (id,profile_id,display_name,keywords,ancestry_path,vertical,created_at,updated_at) VALUES ('se_s09_salon_16f9b9b207d9122a','prof_s09_salon_16f9b9b207d9122a','Salon de coiffure','salon de coiffure salon barber hair beauty nigeria','place_nigeria_001','beauty_salon',unixepoch(),unixepoch());
INSERT OR IGNORE INTO seed_ingestion_records (id,seed_run_id,entity_type,entity_id,source_id,status) VALUES ('ir_s09_salon_16f9b9b207d9122a','seed_run_s09_osm_salons_20260502','organization','org_s09_salon_16f9b9b207d9122a','seed_source_osm_salons_ng_20260502','ingested');
INSERT OR IGNORE INTO seed_entity_sources (id,seed_run_id,entity_type,entity_id,source_id,confidence_tier) VALUES ('es_s09_salon_16f9b9b207d9122a','seed_run_s09_osm_salons_20260502','organization','org_s09_salon_16f9b9b207d9122a','seed_source_osm_salons_ng_20260502','seeded');
INSERT OR IGNORE INTO seed_enrichment (id,seed_run_id,entity_type,entity_id,enrichment_type,enrichment_json) VALUES ('enr_s09_salon_16f9b9b207d9122a','seed_run_s09_osm_salons_20260502','organization','org_s09_salon_16f9b9b207d9122a','licence_data','{"osm_id": "7032929815", "amenity": "hairdresser", "addr_state": null, "denomination": null, "operator": null}');

INSERT OR IGNORE INTO organizations (id,tenant_id,organization_type,legal_name,display_name,registration_number,status,verification_state,created_at,updated_at) VALUES ('org_s09_salon_e6ec7ba0648bf6ec','tenant_platform_seed','beauty_salon','Salon coiffure homme','Salon coiffure homme',NULL,'active','seeded',unixepoch(),unixepoch());
INSERT OR IGNORE INTO profiles (id,subject_id,subject_type,primary_place_id,tenant_id,workspace_id,display_name,created_at,updated_at) VALUES ('prof_s09_salon_e6ec7ba0648bf6ec','org_s09_salon_e6ec7ba0648bf6ec','organization','place_nigeria_001','tenant_platform_seed','workspace_platform_seed_discovery','Salon coiffure homme',unixepoch(),unixepoch());
INSERT OR IGNORE INTO search_entries (id,profile_id,display_name,keywords,ancestry_path,vertical,created_at,updated_at) VALUES ('se_s09_salon_e6ec7ba0648bf6ec','prof_s09_salon_e6ec7ba0648bf6ec','Salon coiffure homme','salon coiffure homme salon barber hair beauty nigeria','place_nigeria_001','beauty_salon',unixepoch(),unixepoch());
INSERT OR IGNORE INTO seed_ingestion_records (id,seed_run_id,entity_type,entity_id,source_id,status) VALUES ('ir_s09_salon_e6ec7ba0648bf6ec','seed_run_s09_osm_salons_20260502','organization','org_s09_salon_e6ec7ba0648bf6ec','seed_source_osm_salons_ng_20260502','ingested');
INSERT OR IGNORE INTO seed_entity_sources (id,seed_run_id,entity_type,entity_id,source_id,confidence_tier) VALUES ('es_s09_salon_e6ec7ba0648bf6ec','seed_run_s09_osm_salons_20260502','organization','org_s09_salon_e6ec7ba0648bf6ec','seed_source_osm_salons_ng_20260502','seeded');
INSERT OR IGNORE INTO seed_enrichment (id,seed_run_id,entity_type,entity_id,enrichment_type,enrichment_json) VALUES ('enr_s09_salon_e6ec7ba0648bf6ec','seed_run_s09_osm_salons_20260502','organization','org_s09_salon_e6ec7ba0648bf6ec','licence_data','{"osm_id": "7032929816", "amenity": "hairdresser", "addr_state": null, "denomination": null, "operator": null}');

INSERT OR IGNORE INTO organizations (id,tenant_id,organization_type,legal_name,display_name,registration_number,status,verification_state,created_at,updated_at) VALUES ('org_s09_salon_559621482470db45','tenant_platform_seed','beauty_salon','Salon Coiffure femme','Salon Coiffure femme',NULL,'active','seeded',unixepoch(),unixepoch());
INSERT OR IGNORE INTO profiles (id,subject_id,subject_type,primary_place_id,tenant_id,workspace_id,display_name,created_at,updated_at) VALUES ('prof_s09_salon_559621482470db45','org_s09_salon_559621482470db45','organization','place_nigeria_001','tenant_platform_seed','workspace_platform_seed_discovery','Salon Coiffure femme',unixepoch(),unixepoch());
INSERT OR IGNORE INTO search_entries (id,profile_id,display_name,keywords,ancestry_path,vertical,created_at,updated_at) VALUES ('se_s09_salon_559621482470db45','prof_s09_salon_559621482470db45','Salon Coiffure femme','salon coiffure femme salon barber hair beauty nigeria','place_nigeria_001','beauty_salon',unixepoch(),unixepoch());
INSERT OR IGNORE INTO seed_ingestion_records (id,seed_run_id,entity_type,entity_id,source_id,status) VALUES ('ir_s09_salon_559621482470db45','seed_run_s09_osm_salons_20260502','organization','org_s09_salon_559621482470db45','seed_source_osm_salons_ng_20260502','ingested');
INSERT OR IGNORE INTO seed_entity_sources (id,seed_run_id,entity_type,entity_id,source_id,confidence_tier) VALUES ('es_s09_salon_559621482470db45','seed_run_s09_osm_salons_20260502','organization','org_s09_salon_559621482470db45','seed_source_osm_salons_ng_20260502','seeded');
INSERT OR IGNORE INTO seed_enrichment (id,seed_run_id,entity_type,entity_id,enrichment_type,enrichment_json) VALUES ('enr_s09_salon_559621482470db45','seed_run_s09_osm_salons_20260502','organization','org_s09_salon_559621482470db45','licence_data','{"osm_id": "7032929817", "amenity": "hairdresser", "addr_state": null, "denomination": null, "operator": null}');

INSERT OR IGNORE INTO organizations (id,tenant_id,organization_type,legal_name,display_name,registration_number,status,verification_state,created_at,updated_at) VALUES ('org_s09_salon_110df99b9d6f67a6','tenant_platform_seed','beauty_salon','Salon coiffure','Salon coiffure',NULL,'active','seeded',unixepoch(),unixepoch());
INSERT OR IGNORE INTO profiles (id,subject_id,subject_type,primary_place_id,tenant_id,workspace_id,display_name,created_at,updated_at) VALUES ('prof_s09_salon_110df99b9d6f67a6','org_s09_salon_110df99b9d6f67a6','organization','place_nigeria_001','tenant_platform_seed','workspace_platform_seed_discovery','Salon coiffure',unixepoch(),unixepoch());
INSERT OR IGNORE INTO search_entries (id,profile_id,display_name,keywords,ancestry_path,vertical,created_at,updated_at) VALUES ('se_s09_salon_110df99b9d6f67a6','prof_s09_salon_110df99b9d6f67a6','Salon coiffure','salon coiffure salon barber hair beauty nigeria','place_nigeria_001','beauty_salon',unixepoch(),unixepoch());
INSERT OR IGNORE INTO seed_ingestion_records (id,seed_run_id,entity_type,entity_id,source_id,status) VALUES ('ir_s09_salon_110df99b9d6f67a6','seed_run_s09_osm_salons_20260502','organization','org_s09_salon_110df99b9d6f67a6','seed_source_osm_salons_ng_20260502','ingested');
INSERT OR IGNORE INTO seed_entity_sources (id,seed_run_id,entity_type,entity_id,source_id,confidence_tier) VALUES ('es_s09_salon_110df99b9d6f67a6','seed_run_s09_osm_salons_20260502','organization','org_s09_salon_110df99b9d6f67a6','seed_source_osm_salons_ng_20260502','seeded');
INSERT OR IGNORE INTO seed_enrichment (id,seed_run_id,entity_type,entity_id,enrichment_type,enrichment_json) VALUES ('enr_s09_salon_110df99b9d6f67a6','seed_run_s09_osm_salons_20260502','organization','org_s09_salon_110df99b9d6f67a6','licence_data','{"osm_id": "7032929820", "amenity": "hairdresser", "addr_state": null, "denomination": null, "operator": null}');

INSERT OR IGNORE INTO organizations (id,tenant_id,organization_type,legal_name,display_name,registration_number,status,verification_state,created_at,updated_at) VALUES ('org_s09_salon_1421ad83202e8948','tenant_platform_seed','beauty_salon','Salon de coiffure homme','Salon de coiffure homme',NULL,'active','seeded',unixepoch(),unixepoch());
INSERT OR IGNORE INTO profiles (id,subject_id,subject_type,primary_place_id,tenant_id,workspace_id,display_name,created_at,updated_at) VALUES ('prof_s09_salon_1421ad83202e8948','org_s09_salon_1421ad83202e8948','organization','place_nigeria_001','tenant_platform_seed','workspace_platform_seed_discovery','Salon de coiffure homme',unixepoch(),unixepoch());
INSERT OR IGNORE INTO search_entries (id,profile_id,display_name,keywords,ancestry_path,vertical,created_at,updated_at) VALUES ('se_s09_salon_1421ad83202e8948','prof_s09_salon_1421ad83202e8948','Salon de coiffure homme','salon de coiffure homme salon barber hair beauty nigeria','place_nigeria_001','beauty_salon',unixepoch(),unixepoch());
INSERT OR IGNORE INTO seed_ingestion_records (id,seed_run_id,entity_type,entity_id,source_id,status) VALUES ('ir_s09_salon_1421ad83202e8948','seed_run_s09_osm_salons_20260502','organization','org_s09_salon_1421ad83202e8948','seed_source_osm_salons_ng_20260502','ingested');
INSERT OR IGNORE INTO seed_entity_sources (id,seed_run_id,entity_type,entity_id,source_id,confidence_tier) VALUES ('es_s09_salon_1421ad83202e8948','seed_run_s09_osm_salons_20260502','organization','org_s09_salon_1421ad83202e8948','seed_source_osm_salons_ng_20260502','seeded');
INSERT OR IGNORE INTO seed_enrichment (id,seed_run_id,entity_type,entity_id,enrichment_type,enrichment_json) VALUES ('enr_s09_salon_1421ad83202e8948','seed_run_s09_osm_salons_20260502','organization','org_s09_salon_1421ad83202e8948','licence_data','{"osm_id": "7032929823", "amenity": "hairdresser", "addr_state": null, "denomination": null, "operator": null}');

INSERT OR IGNORE INTO organizations (id,tenant_id,organization_type,legal_name,display_name,registration_number,status,verification_state,created_at,updated_at) VALUES ('org_s09_salon_38a2cddefe284faa','tenant_platform_seed','beauty_salon','Salon de coiffure main d''or','Salon de coiffure main d''or',NULL,'active','seeded',unixepoch(),unixepoch());
INSERT OR IGNORE INTO profiles (id,subject_id,subject_type,primary_place_id,tenant_id,workspace_id,display_name,created_at,updated_at) VALUES ('prof_s09_salon_38a2cddefe284faa','org_s09_salon_38a2cddefe284faa','organization','place_nigeria_001','tenant_platform_seed','workspace_platform_seed_discovery','Salon de coiffure main d''or',unixepoch(),unixepoch());
INSERT OR IGNORE INTO search_entries (id,profile_id,display_name,keywords,ancestry_path,vertical,created_at,updated_at) VALUES ('se_s09_salon_38a2cddefe284faa','prof_s09_salon_38a2cddefe284faa','Salon de coiffure main d''or','salon de coiffure main d''or salon barber hair beauty nigeria','place_nigeria_001','beauty_salon',unixepoch(),unixepoch());
INSERT OR IGNORE INTO seed_ingestion_records (id,seed_run_id,entity_type,entity_id,source_id,status) VALUES ('ir_s09_salon_38a2cddefe284faa','seed_run_s09_osm_salons_20260502','organization','org_s09_salon_38a2cddefe284faa','seed_source_osm_salons_ng_20260502','ingested');
INSERT OR IGNORE INTO seed_entity_sources (id,seed_run_id,entity_type,entity_id,source_id,confidence_tier) VALUES ('es_s09_salon_38a2cddefe284faa','seed_run_s09_osm_salons_20260502','organization','org_s09_salon_38a2cddefe284faa','seed_source_osm_salons_ng_20260502','seeded');
INSERT OR IGNORE INTO seed_enrichment (id,seed_run_id,entity_type,entity_id,enrichment_type,enrichment_json) VALUES ('enr_s09_salon_38a2cddefe284faa','seed_run_s09_osm_salons_20260502','organization','org_s09_salon_38a2cddefe284faa','licence_data','{"osm_id": "7032929824", "amenity": "hairdresser", "addr_state": null, "denomination": null, "operator": null}');

INSERT OR IGNORE INTO organizations (id,tenant_id,organization_type,legal_name,display_name,registration_number,status,verification_state,created_at,updated_at) VALUES ('org_s09_salon_4e0e9ff9ff9544de','tenant_platform_seed','beauty_salon','Salon de coiffure','Salon de coiffure',NULL,'active','seeded',unixepoch(),unixepoch());
INSERT OR IGNORE INTO profiles (id,subject_id,subject_type,primary_place_id,tenant_id,workspace_id,display_name,created_at,updated_at) VALUES ('prof_s09_salon_4e0e9ff9ff9544de','org_s09_salon_4e0e9ff9ff9544de','organization','place_nigeria_001','tenant_platform_seed','workspace_platform_seed_discovery','Salon de coiffure',unixepoch(),unixepoch());
INSERT OR IGNORE INTO search_entries (id,profile_id,display_name,keywords,ancestry_path,vertical,created_at,updated_at) VALUES ('se_s09_salon_4e0e9ff9ff9544de','prof_s09_salon_4e0e9ff9ff9544de','Salon de coiffure','salon de coiffure salon barber hair beauty nigeria','place_nigeria_001','beauty_salon',unixepoch(),unixepoch());
INSERT OR IGNORE INTO seed_ingestion_records (id,seed_run_id,entity_type,entity_id,source_id,status) VALUES ('ir_s09_salon_4e0e9ff9ff9544de','seed_run_s09_osm_salons_20260502','organization','org_s09_salon_4e0e9ff9ff9544de','seed_source_osm_salons_ng_20260502','ingested');
INSERT OR IGNORE INTO seed_entity_sources (id,seed_run_id,entity_type,entity_id,source_id,confidence_tier) VALUES ('es_s09_salon_4e0e9ff9ff9544de','seed_run_s09_osm_salons_20260502','organization','org_s09_salon_4e0e9ff9ff9544de','seed_source_osm_salons_ng_20260502','seeded');
INSERT OR IGNORE INTO seed_enrichment (id,seed_run_id,entity_type,entity_id,enrichment_type,enrichment_json) VALUES ('enr_s09_salon_4e0e9ff9ff9544de','seed_run_s09_osm_salons_20260502','organization','org_s09_salon_4e0e9ff9ff9544de','licence_data','{"osm_id": "7032929826", "amenity": "hairdresser", "addr_state": null, "denomination": null, "operator": null}');

INSERT OR IGNORE INTO organizations (id,tenant_id,organization_type,legal_name,display_name,registration_number,status,verification_state,created_at,updated_at) VALUES ('org_s09_salon_ea618b0c0d0714c4','tenant_platform_seed','beauty_salon','Salon coiffure el capo','Salon coiffure el capo',NULL,'active','seeded',unixepoch(),unixepoch());
INSERT OR IGNORE INTO profiles (id,subject_id,subject_type,primary_place_id,tenant_id,workspace_id,display_name,created_at,updated_at) VALUES ('prof_s09_salon_ea618b0c0d0714c4','org_s09_salon_ea618b0c0d0714c4','organization','place_nigeria_001','tenant_platform_seed','workspace_platform_seed_discovery','Salon coiffure el capo',unixepoch(),unixepoch());
INSERT OR IGNORE INTO search_entries (id,profile_id,display_name,keywords,ancestry_path,vertical,created_at,updated_at) VALUES ('se_s09_salon_ea618b0c0d0714c4','prof_s09_salon_ea618b0c0d0714c4','Salon coiffure el capo','salon coiffure el capo salon barber hair beauty nigeria','place_nigeria_001','beauty_salon',unixepoch(),unixepoch());
INSERT OR IGNORE INTO seed_ingestion_records (id,seed_run_id,entity_type,entity_id,source_id,status) VALUES ('ir_s09_salon_ea618b0c0d0714c4','seed_run_s09_osm_salons_20260502','organization','org_s09_salon_ea618b0c0d0714c4','seed_source_osm_salons_ng_20260502','ingested');
INSERT OR IGNORE INTO seed_entity_sources (id,seed_run_id,entity_type,entity_id,source_id,confidence_tier) VALUES ('es_s09_salon_ea618b0c0d0714c4','seed_run_s09_osm_salons_20260502','organization','org_s09_salon_ea618b0c0d0714c4','seed_source_osm_salons_ng_20260502','seeded');
INSERT OR IGNORE INTO seed_enrichment (id,seed_run_id,entity_type,entity_id,enrichment_type,enrichment_json) VALUES ('enr_s09_salon_ea618b0c0d0714c4','seed_run_s09_osm_salons_20260502','organization','org_s09_salon_ea618b0c0d0714c4','licence_data','{"osm_id": "7032929827", "amenity": "hairdresser", "addr_state": null, "denomination": null, "operator": null}');

INSERT OR IGNORE INTO organizations (id,tenant_id,organization_type,legal_name,display_name,registration_number,status,verification_state,created_at,updated_at) VALUES ('org_s09_salon_7598beb04d305347','tenant_platform_seed','beauty_salon','Gaha le coiffeur','Gaha le coiffeur',NULL,'active','seeded',unixepoch(),unixepoch());
INSERT OR IGNORE INTO profiles (id,subject_id,subject_type,primary_place_id,tenant_id,workspace_id,display_name,created_at,updated_at) VALUES ('prof_s09_salon_7598beb04d305347','org_s09_salon_7598beb04d305347','organization','place_nigeria_001','tenant_platform_seed','workspace_platform_seed_discovery','Gaha le coiffeur',unixepoch(),unixepoch());
INSERT OR IGNORE INTO search_entries (id,profile_id,display_name,keywords,ancestry_path,vertical,created_at,updated_at) VALUES ('se_s09_salon_7598beb04d305347','prof_s09_salon_7598beb04d305347','Gaha le coiffeur','gaha le coiffeur salon barber hair beauty nigeria','place_nigeria_001','beauty_salon',unixepoch(),unixepoch());
INSERT OR IGNORE INTO seed_ingestion_records (id,seed_run_id,entity_type,entity_id,source_id,status) VALUES ('ir_s09_salon_7598beb04d305347','seed_run_s09_osm_salons_20260502','organization','org_s09_salon_7598beb04d305347','seed_source_osm_salons_ng_20260502','ingested');
INSERT OR IGNORE INTO seed_entity_sources (id,seed_run_id,entity_type,entity_id,source_id,confidence_tier) VALUES ('es_s09_salon_7598beb04d305347','seed_run_s09_osm_salons_20260502','organization','org_s09_salon_7598beb04d305347','seed_source_osm_salons_ng_20260502','seeded');
INSERT OR IGNORE INTO seed_enrichment (id,seed_run_id,entity_type,entity_id,enrichment_type,enrichment_json) VALUES ('enr_s09_salon_7598beb04d305347','seed_run_s09_osm_salons_20260502','organization','org_s09_salon_7598beb04d305347','licence_data','{"osm_id": "7032929828", "amenity": "hairdresser", "addr_state": null, "denomination": null, "operator": null}');

INSERT OR IGNORE INTO organizations (id,tenant_id,organization_type,legal_name,display_name,registration_number,status,verification_state,created_at,updated_at) VALUES ('org_s09_salon_9337e0cb95a5bd19','tenant_platform_seed','beauty_salon','Salon de coiffure','Salon de coiffure',NULL,'active','seeded',unixepoch(),unixepoch());
INSERT OR IGNORE INTO profiles (id,subject_id,subject_type,primary_place_id,tenant_id,workspace_id,display_name,created_at,updated_at) VALUES ('prof_s09_salon_9337e0cb95a5bd19','org_s09_salon_9337e0cb95a5bd19','organization','place_nigeria_001','tenant_platform_seed','workspace_platform_seed_discovery','Salon de coiffure',unixepoch(),unixepoch());
INSERT OR IGNORE INTO search_entries (id,profile_id,display_name,keywords,ancestry_path,vertical,created_at,updated_at) VALUES ('se_s09_salon_9337e0cb95a5bd19','prof_s09_salon_9337e0cb95a5bd19','Salon de coiffure','salon de coiffure salon barber hair beauty nigeria','place_nigeria_001','beauty_salon',unixepoch(),unixepoch());
INSERT OR IGNORE INTO seed_ingestion_records (id,seed_run_id,entity_type,entity_id,source_id,status) VALUES ('ir_s09_salon_9337e0cb95a5bd19','seed_run_s09_osm_salons_20260502','organization','org_s09_salon_9337e0cb95a5bd19','seed_source_osm_salons_ng_20260502','ingested');
INSERT OR IGNORE INTO seed_entity_sources (id,seed_run_id,entity_type,entity_id,source_id,confidence_tier) VALUES ('es_s09_salon_9337e0cb95a5bd19','seed_run_s09_osm_salons_20260502','organization','org_s09_salon_9337e0cb95a5bd19','seed_source_osm_salons_ng_20260502','seeded');
INSERT OR IGNORE INTO seed_enrichment (id,seed_run_id,entity_type,entity_id,enrichment_type,enrichment_json) VALUES ('enr_s09_salon_9337e0cb95a5bd19','seed_run_s09_osm_salons_20260502','organization','org_s09_salon_9337e0cb95a5bd19','licence_data','{"osm_id": "7032929829", "amenity": "hairdresser", "addr_state": null, "denomination": null, "operator": null}');

INSERT OR IGNORE INTO organizations (id,tenant_id,organization_type,legal_name,display_name,registration_number,status,verification_state,created_at,updated_at) VALUES ('org_s09_salon_1feb45c64a465020','tenant_platform_seed','beauty_salon','Salon de coiffure','Salon de coiffure',NULL,'active','seeded',unixepoch(),unixepoch());
INSERT OR IGNORE INTO profiles (id,subject_id,subject_type,primary_place_id,tenant_id,workspace_id,display_name,created_at,updated_at) VALUES ('prof_s09_salon_1feb45c64a465020','org_s09_salon_1feb45c64a465020','organization','place_nigeria_001','tenant_platform_seed','workspace_platform_seed_discovery','Salon de coiffure',unixepoch(),unixepoch());
INSERT OR IGNORE INTO search_entries (id,profile_id,display_name,keywords,ancestry_path,vertical,created_at,updated_at) VALUES ('se_s09_salon_1feb45c64a465020','prof_s09_salon_1feb45c64a465020','Salon de coiffure','salon de coiffure salon barber hair beauty nigeria','place_nigeria_001','beauty_salon',unixepoch(),unixepoch());
INSERT OR IGNORE INTO seed_ingestion_records (id,seed_run_id,entity_type,entity_id,source_id,status) VALUES ('ir_s09_salon_1feb45c64a465020','seed_run_s09_osm_salons_20260502','organization','org_s09_salon_1feb45c64a465020','seed_source_osm_salons_ng_20260502','ingested');
INSERT OR IGNORE INTO seed_entity_sources (id,seed_run_id,entity_type,entity_id,source_id,confidence_tier) VALUES ('es_s09_salon_1feb45c64a465020','seed_run_s09_osm_salons_20260502','organization','org_s09_salon_1feb45c64a465020','seed_source_osm_salons_ng_20260502','seeded');
INSERT OR IGNORE INTO seed_enrichment (id,seed_run_id,entity_type,entity_id,enrichment_type,enrichment_json) VALUES ('enr_s09_salon_1feb45c64a465020','seed_run_s09_osm_salons_20260502','organization','org_s09_salon_1feb45c64a465020','licence_data','{"osm_id": "7054841728", "amenity": "hairdresser", "addr_state": null, "denomination": null, "operator": null}');

INSERT OR IGNORE INTO organizations (id,tenant_id,organization_type,legal_name,display_name,registration_number,status,verification_state,created_at,updated_at) VALUES ('org_s09_salon_4b39389c46cb8994','tenant_platform_seed','beauty_salon','Emergence coiffure','Emergence coiffure',NULL,'active','seeded',unixepoch(),unixepoch());
INSERT OR IGNORE INTO profiles (id,subject_id,subject_type,primary_place_id,tenant_id,workspace_id,display_name,created_at,updated_at) VALUES ('prof_s09_salon_4b39389c46cb8994','org_s09_salon_4b39389c46cb8994','organization','place_nigeria_001','tenant_platform_seed','workspace_platform_seed_discovery','Emergence coiffure',unixepoch(),unixepoch());
INSERT OR IGNORE INTO search_entries (id,profile_id,display_name,keywords,ancestry_path,vertical,created_at,updated_at) VALUES ('se_s09_salon_4b39389c46cb8994','prof_s09_salon_4b39389c46cb8994','Emergence coiffure','emergence coiffure salon barber hair beauty nigeria','place_nigeria_001','beauty_salon',unixepoch(),unixepoch());
INSERT OR IGNORE INTO seed_ingestion_records (id,seed_run_id,entity_type,entity_id,source_id,status) VALUES ('ir_s09_salon_4b39389c46cb8994','seed_run_s09_osm_salons_20260502','organization','org_s09_salon_4b39389c46cb8994','seed_source_osm_salons_ng_20260502','ingested');
INSERT OR IGNORE INTO seed_entity_sources (id,seed_run_id,entity_type,entity_id,source_id,confidence_tier) VALUES ('es_s09_salon_4b39389c46cb8994','seed_run_s09_osm_salons_20260502','organization','org_s09_salon_4b39389c46cb8994','seed_source_osm_salons_ng_20260502','seeded');
INSERT OR IGNORE INTO seed_enrichment (id,seed_run_id,entity_type,entity_id,enrichment_type,enrichment_json) VALUES ('enr_s09_salon_4b39389c46cb8994','seed_run_s09_osm_salons_20260502','organization','org_s09_salon_4b39389c46cb8994','licence_data','{"osm_id": "7054841729", "amenity": "hairdresser", "addr_state": null, "denomination": null, "operator": null}');

INSERT OR IGNORE INTO organizations (id,tenant_id,organization_type,legal_name,display_name,registration_number,status,verification_state,created_at,updated_at) VALUES ('org_s09_salon_04faf8a96490347d','tenant_platform_seed','beauty_salon','Barbershop','Barbershop',NULL,'active','seeded',unixepoch(),unixepoch());
INSERT OR IGNORE INTO profiles (id,subject_id,subject_type,primary_place_id,tenant_id,workspace_id,display_name,created_at,updated_at) VALUES ('prof_s09_salon_04faf8a96490347d','org_s09_salon_04faf8a96490347d','organization','place_nigeria_001','tenant_platform_seed','workspace_platform_seed_discovery','Barbershop',unixepoch(),unixepoch());
INSERT OR IGNORE INTO search_entries (id,profile_id,display_name,keywords,ancestry_path,vertical,created_at,updated_at) VALUES ('se_s09_salon_04faf8a96490347d','prof_s09_salon_04faf8a96490347d','Barbershop','barbershop salon barber hair beauty nigeria','place_nigeria_001','beauty_salon',unixepoch(),unixepoch());
INSERT OR IGNORE INTO seed_ingestion_records (id,seed_run_id,entity_type,entity_id,source_id,status) VALUES ('ir_s09_salon_04faf8a96490347d','seed_run_s09_osm_salons_20260502','organization','org_s09_salon_04faf8a96490347d','seed_source_osm_salons_ng_20260502','ingested');
INSERT OR IGNORE INTO seed_entity_sources (id,seed_run_id,entity_type,entity_id,source_id,confidence_tier) VALUES ('es_s09_salon_04faf8a96490347d','seed_run_s09_osm_salons_20260502','organization','org_s09_salon_04faf8a96490347d','seed_source_osm_salons_ng_20260502','seeded');
INSERT OR IGNORE INTO seed_enrichment (id,seed_run_id,entity_type,entity_id,enrichment_type,enrichment_json) VALUES ('enr_s09_salon_04faf8a96490347d','seed_run_s09_osm_salons_20260502','organization','org_s09_salon_04faf8a96490347d','licence_data','{"osm_id": "8829665517", "amenity": "hairdresser", "addr_state": null, "denomination": null, "operator": null}');

INSERT OR IGNORE INTO organizations (id,tenant_id,organization_type,legal_name,display_name,registration_number,status,verification_state,created_at,updated_at) VALUES ('org_s09_salon_8e4ba92e2f32ad23','tenant_platform_seed','beauty_salon','Fabulous Barbing Saloon','Fabulous Barbing Saloon',NULL,'active','seeded',unixepoch(),unixepoch());
INSERT OR IGNORE INTO profiles (id,subject_id,subject_type,primary_place_id,tenant_id,workspace_id,display_name,created_at,updated_at) VALUES ('prof_s09_salon_8e4ba92e2f32ad23','org_s09_salon_8e4ba92e2f32ad23','organization','place_nigeria_001','tenant_platform_seed','workspace_platform_seed_discovery','Fabulous Barbing Saloon',unixepoch(),unixepoch());
INSERT OR IGNORE INTO search_entries (id,profile_id,display_name,keywords,ancestry_path,vertical,created_at,updated_at) VALUES ('se_s09_salon_8e4ba92e2f32ad23','prof_s09_salon_8e4ba92e2f32ad23','Fabulous Barbing Saloon','fabulous barbing saloon salon barber hair beauty nigeria','place_nigeria_001','beauty_salon',unixepoch(),unixepoch());
INSERT OR IGNORE INTO seed_ingestion_records (id,seed_run_id,entity_type,entity_id,source_id,status) VALUES ('ir_s09_salon_8e4ba92e2f32ad23','seed_run_s09_osm_salons_20260502','organization','org_s09_salon_8e4ba92e2f32ad23','seed_source_osm_salons_ng_20260502','ingested');
INSERT OR IGNORE INTO seed_entity_sources (id,seed_run_id,entity_type,entity_id,source_id,confidence_tier) VALUES ('es_s09_salon_8e4ba92e2f32ad23','seed_run_s09_osm_salons_20260502','organization','org_s09_salon_8e4ba92e2f32ad23','seed_source_osm_salons_ng_20260502','seeded');
INSERT OR IGNORE INTO seed_enrichment (id,seed_run_id,entity_type,entity_id,enrichment_type,enrichment_json) VALUES ('enr_s09_salon_8e4ba92e2f32ad23','seed_run_s09_osm_salons_20260502','organization','org_s09_salon_8e4ba92e2f32ad23','licence_data','{"osm_id": "9777670042", "amenity": "hairdresser", "addr_state": null, "denomination": null, "operator": null}');

INSERT OR IGNORE INTO organizations (id,tenant_id,organization_type,legal_name,display_name,registration_number,status,verification_state,created_at,updated_at) VALUES ('org_s09_salon_052cb9cb6f4957da','tenant_platform_seed','beauty_salon','ballo''s cutz','ballo''s cutz',NULL,'active','seeded',unixepoch(),unixepoch());
INSERT OR IGNORE INTO profiles (id,subject_id,subject_type,primary_place_id,tenant_id,workspace_id,display_name,created_at,updated_at) VALUES ('prof_s09_salon_052cb9cb6f4957da','org_s09_salon_052cb9cb6f4957da','organization','place_nigeria_001','tenant_platform_seed','workspace_platform_seed_discovery','ballo''s cutz',unixepoch(),unixepoch());
INSERT OR IGNORE INTO search_entries (id,profile_id,display_name,keywords,ancestry_path,vertical,created_at,updated_at) VALUES ('se_s09_salon_052cb9cb6f4957da','prof_s09_salon_052cb9cb6f4957da','ballo''s cutz','ballo''s cutz salon barber hair beauty nigeria','place_nigeria_001','beauty_salon',unixepoch(),unixepoch());
INSERT OR IGNORE INTO seed_ingestion_records (id,seed_run_id,entity_type,entity_id,source_id,status) VALUES ('ir_s09_salon_052cb9cb6f4957da','seed_run_s09_osm_salons_20260502','organization','org_s09_salon_052cb9cb6f4957da','seed_source_osm_salons_ng_20260502','ingested');
INSERT OR IGNORE INTO seed_entity_sources (id,seed_run_id,entity_type,entity_id,source_id,confidence_tier) VALUES ('es_s09_salon_052cb9cb6f4957da','seed_run_s09_osm_salons_20260502','organization','org_s09_salon_052cb9cb6f4957da','seed_source_osm_salons_ng_20260502','seeded');
INSERT OR IGNORE INTO seed_enrichment (id,seed_run_id,entity_type,entity_id,enrichment_type,enrichment_json) VALUES ('enr_s09_salon_052cb9cb6f4957da','seed_run_s09_osm_salons_20260502','organization','org_s09_salon_052cb9cb6f4957da','licence_data','{"osm_id": "10839766722", "amenity": "hairdresser", "addr_state": null, "denomination": null, "operator": "Sunday Ali Azis"}');

INSERT OR IGNORE INTO organizations (id,tenant_id,organization_type,legal_name,display_name,registration_number,status,verification_state,created_at,updated_at) VALUES ('org_s09_salon_5194a484611c47b2','tenant_platform_seed','beauty_salon','Beauty Shop','Beauty Shop',NULL,'active','seeded',unixepoch(),unixepoch());
INSERT OR IGNORE INTO profiles (id,subject_id,subject_type,primary_place_id,tenant_id,workspace_id,display_name,created_at,updated_at) VALUES ('prof_s09_salon_5194a484611c47b2','org_s09_salon_5194a484611c47b2','organization','place_nigeria_001','tenant_platform_seed','workspace_platform_seed_discovery','Beauty Shop',unixepoch(),unixepoch());
INSERT OR IGNORE INTO search_entries (id,profile_id,display_name,keywords,ancestry_path,vertical,created_at,updated_at) VALUES ('se_s09_salon_5194a484611c47b2','prof_s09_salon_5194a484611c47b2','Beauty Shop','beauty shop salon barber hair beauty nigeria','place_nigeria_001','beauty_salon',unixepoch(),unixepoch());
INSERT OR IGNORE INTO seed_ingestion_records (id,seed_run_id,entity_type,entity_id,source_id,status) VALUES ('ir_s09_salon_5194a484611c47b2','seed_run_s09_osm_salons_20260502','organization','org_s09_salon_5194a484611c47b2','seed_source_osm_salons_ng_20260502','ingested');
INSERT OR IGNORE INTO seed_entity_sources (id,seed_run_id,entity_type,entity_id,source_id,confidence_tier) VALUES ('es_s09_salon_5194a484611c47b2','seed_run_s09_osm_salons_20260502','organization','org_s09_salon_5194a484611c47b2','seed_source_osm_salons_ng_20260502','seeded');
INSERT OR IGNORE INTO seed_enrichment (id,seed_run_id,entity_type,entity_id,enrichment_type,enrichment_json) VALUES ('enr_s09_salon_5194a484611c47b2','seed_run_s09_osm_salons_20260502','organization','org_s09_salon_5194a484611c47b2','licence_data','{"osm_id": "11153548705", "amenity": "beauty", "addr_state": null, "denomination": null, "operator": null}');

INSERT OR IGNORE INTO organizations (id,tenant_id,organization_type,legal_name,display_name,registration_number,status,verification_state,created_at,updated_at) VALUES ('org_s09_salon_23369227ba6fb18e','tenant_platform_seed','beauty_salon','Hairdresser','Hairdresser',NULL,'active','seeded',unixepoch(),unixepoch());
INSERT OR IGNORE INTO profiles (id,subject_id,subject_type,primary_place_id,tenant_id,workspace_id,display_name,created_at,updated_at) VALUES ('prof_s09_salon_23369227ba6fb18e','org_s09_salon_23369227ba6fb18e','organization','place_nigeria_001','tenant_platform_seed','workspace_platform_seed_discovery','Hairdresser',unixepoch(),unixepoch());
INSERT OR IGNORE INTO search_entries (id,profile_id,display_name,keywords,ancestry_path,vertical,created_at,updated_at) VALUES ('se_s09_salon_23369227ba6fb18e','prof_s09_salon_23369227ba6fb18e','Hairdresser','hairdresser salon barber hair beauty nigeria','place_nigeria_001','beauty_salon',unixepoch(),unixepoch());
INSERT OR IGNORE INTO seed_ingestion_records (id,seed_run_id,entity_type,entity_id,source_id,status) VALUES ('ir_s09_salon_23369227ba6fb18e','seed_run_s09_osm_salons_20260502','organization','org_s09_salon_23369227ba6fb18e','seed_source_osm_salons_ng_20260502','ingested');
INSERT OR IGNORE INTO seed_entity_sources (id,seed_run_id,entity_type,entity_id,source_id,confidence_tier) VALUES ('es_s09_salon_23369227ba6fb18e','seed_run_s09_osm_salons_20260502','organization','org_s09_salon_23369227ba6fb18e','seed_source_osm_salons_ng_20260502','seeded');
INSERT OR IGNORE INTO seed_enrichment (id,seed_run_id,entity_type,entity_id,enrichment_type,enrichment_json) VALUES ('enr_s09_salon_23369227ba6fb18e','seed_run_s09_osm_salons_20260502','organization','org_s09_salon_23369227ba6fb18e','licence_data','{"osm_id": "11153548708", "amenity": "hairdresser", "addr_state": null, "denomination": null, "operator": null}');

INSERT OR IGNORE INTO organizations (id,tenant_id,organization_type,legal_name,display_name,registration_number,status,verification_state,created_at,updated_at) VALUES ('org_s09_salon_6d131d97dda37e54','tenant_platform_seed','beauty_salon','Hairdresser','Hairdresser',NULL,'active','seeded',unixepoch(),unixepoch());
INSERT OR IGNORE INTO profiles (id,subject_id,subject_type,primary_place_id,tenant_id,workspace_id,display_name,created_at,updated_at) VALUES ('prof_s09_salon_6d131d97dda37e54','org_s09_salon_6d131d97dda37e54','organization','place_nigeria_001','tenant_platform_seed','workspace_platform_seed_discovery','Hairdresser',unixepoch(),unixepoch());
INSERT OR IGNORE INTO search_entries (id,profile_id,display_name,keywords,ancestry_path,vertical,created_at,updated_at) VALUES ('se_s09_salon_6d131d97dda37e54','prof_s09_salon_6d131d97dda37e54','Hairdresser','hairdresser salon barber hair beauty nigeria','place_nigeria_001','beauty_salon',unixepoch(),unixepoch());
INSERT OR IGNORE INTO seed_ingestion_records (id,seed_run_id,entity_type,entity_id,source_id,status) VALUES ('ir_s09_salon_6d131d97dda37e54','seed_run_s09_osm_salons_20260502','organization','org_s09_salon_6d131d97dda37e54','seed_source_osm_salons_ng_20260502','ingested');
INSERT OR IGNORE INTO seed_entity_sources (id,seed_run_id,entity_type,entity_id,source_id,confidence_tier) VALUES ('es_s09_salon_6d131d97dda37e54','seed_run_s09_osm_salons_20260502','organization','org_s09_salon_6d131d97dda37e54','seed_source_osm_salons_ng_20260502','seeded');
INSERT OR IGNORE INTO seed_enrichment (id,seed_run_id,entity_type,entity_id,enrichment_type,enrichment_json) VALUES ('enr_s09_salon_6d131d97dda37e54','seed_run_s09_osm_salons_20260502','organization','org_s09_salon_6d131d97dda37e54','licence_data','{"osm_id": "11153548710", "amenity": "hairdresser", "addr_state": null, "denomination": null, "operator": null}');

INSERT OR IGNORE INTO organizations (id,tenant_id,organization_type,legal_name,display_name,registration_number,status,verification_state,created_at,updated_at) VALUES ('org_s09_salon_586bae8461c0d8d0','tenant_platform_seed','beauty_salon','A.S TAFIDAH','A.S TAFIDAH',NULL,'active','seeded',unixepoch(),unixepoch());
INSERT OR IGNORE INTO profiles (id,subject_id,subject_type,primary_place_id,tenant_id,workspace_id,display_name,created_at,updated_at) VALUES ('prof_s09_salon_586bae8461c0d8d0','org_s09_salon_586bae8461c0d8d0','organization','place_nigeria_001','tenant_platform_seed','workspace_platform_seed_discovery','A.S TAFIDAH',unixepoch(),unixepoch());
INSERT OR IGNORE INTO search_entries (id,profile_id,display_name,keywords,ancestry_path,vertical,created_at,updated_at) VALUES ('se_s09_salon_586bae8461c0d8d0','prof_s09_salon_586bae8461c0d8d0','A.S TAFIDAH','a.s tafidah salon barber hair beauty nigeria','place_nigeria_001','beauty_salon',unixepoch(),unixepoch());
INSERT OR IGNORE INTO seed_ingestion_records (id,seed_run_id,entity_type,entity_id,source_id,status) VALUES ('ir_s09_salon_586bae8461c0d8d0','seed_run_s09_osm_salons_20260502','organization','org_s09_salon_586bae8461c0d8d0','seed_source_osm_salons_ng_20260502','ingested');
INSERT OR IGNORE INTO seed_entity_sources (id,seed_run_id,entity_type,entity_id,source_id,confidence_tier) VALUES ('es_s09_salon_586bae8461c0d8d0','seed_run_s09_osm_salons_20260502','organization','org_s09_salon_586bae8461c0d8d0','seed_source_osm_salons_ng_20260502','seeded');
INSERT OR IGNORE INTO seed_enrichment (id,seed_run_id,entity_type,entity_id,enrichment_type,enrichment_json) VALUES ('enr_s09_salon_586bae8461c0d8d0','seed_run_s09_osm_salons_20260502','organization','org_s09_salon_586bae8461c0d8d0','licence_data','{"osm_id": "11175230838", "amenity": "beauty", "addr_state": null, "denomination": null, "operator": null}');

INSERT OR IGNORE INTO organizations (id,tenant_id,organization_type,legal_name,display_name,registration_number,status,verification_state,created_at,updated_at) VALUES ('org_s09_salon_63ac002926d02ccd','tenant_platform_seed','beauty_salon','Hepzibah','Hepzibah',NULL,'active','seeded',unixepoch(),unixepoch());
INSERT OR IGNORE INTO profiles (id,subject_id,subject_type,primary_place_id,tenant_id,workspace_id,display_name,created_at,updated_at) VALUES ('prof_s09_salon_63ac002926d02ccd','org_s09_salon_63ac002926d02ccd','organization','place_nigeria_001','tenant_platform_seed','workspace_platform_seed_discovery','Hepzibah',unixepoch(),unixepoch());
INSERT OR IGNORE INTO search_entries (id,profile_id,display_name,keywords,ancestry_path,vertical,created_at,updated_at) VALUES ('se_s09_salon_63ac002926d02ccd','prof_s09_salon_63ac002926d02ccd','Hepzibah','hepzibah salon barber hair beauty nigeria','place_nigeria_001','beauty_salon',unixepoch(),unixepoch());
INSERT OR IGNORE INTO seed_ingestion_records (id,seed_run_id,entity_type,entity_id,source_id,status) VALUES ('ir_s09_salon_63ac002926d02ccd','seed_run_s09_osm_salons_20260502','organization','org_s09_salon_63ac002926d02ccd','seed_source_osm_salons_ng_20260502','ingested');
INSERT OR IGNORE INTO seed_entity_sources (id,seed_run_id,entity_type,entity_id,source_id,confidence_tier) VALUES ('es_s09_salon_63ac002926d02ccd','seed_run_s09_osm_salons_20260502','organization','org_s09_salon_63ac002926d02ccd','seed_source_osm_salons_ng_20260502','seeded');
INSERT OR IGNORE INTO seed_enrichment (id,seed_run_id,entity_type,entity_id,enrichment_type,enrichment_json) VALUES ('enr_s09_salon_63ac002926d02ccd','seed_run_s09_osm_salons_20260502','organization','org_s09_salon_63ac002926d02ccd','licence_data','{"osm_id": "11418009041", "amenity": "hairdresser", "addr_state": null, "denomination": null, "operator": null}');

INSERT OR IGNORE INTO organizations (id,tenant_id,organization_type,legal_name,display_name,registration_number,status,verification_state,created_at,updated_at) VALUES ('org_s09_salon_a78471dfd7aeaf0e','tenant_platform_seed','beauty_salon','De Prince Saloon','De Prince Saloon',NULL,'active','seeded',unixepoch(),unixepoch());
INSERT OR IGNORE INTO profiles (id,subject_id,subject_type,primary_place_id,tenant_id,workspace_id,display_name,created_at,updated_at) VALUES ('prof_s09_salon_a78471dfd7aeaf0e','org_s09_salon_a78471dfd7aeaf0e','organization','place_nigeria_001','tenant_platform_seed','workspace_platform_seed_discovery','De Prince Saloon',unixepoch(),unixepoch());
INSERT OR IGNORE INTO search_entries (id,profile_id,display_name,keywords,ancestry_path,vertical,created_at,updated_at) VALUES ('se_s09_salon_a78471dfd7aeaf0e','prof_s09_salon_a78471dfd7aeaf0e','De Prince Saloon','de prince saloon salon barber hair beauty nigeria','place_nigeria_001','beauty_salon',unixepoch(),unixepoch());
INSERT OR IGNORE INTO seed_ingestion_records (id,seed_run_id,entity_type,entity_id,source_id,status) VALUES ('ir_s09_salon_a78471dfd7aeaf0e','seed_run_s09_osm_salons_20260502','organization','org_s09_salon_a78471dfd7aeaf0e','seed_source_osm_salons_ng_20260502','ingested');
INSERT OR IGNORE INTO seed_entity_sources (id,seed_run_id,entity_type,entity_id,source_id,confidence_tier) VALUES ('es_s09_salon_a78471dfd7aeaf0e','seed_run_s09_osm_salons_20260502','organization','org_s09_salon_a78471dfd7aeaf0e','seed_source_osm_salons_ng_20260502','seeded');
INSERT OR IGNORE INTO seed_enrichment (id,seed_run_id,entity_type,entity_id,enrichment_type,enrichment_json) VALUES ('enr_s09_salon_a78471dfd7aeaf0e','seed_run_s09_osm_salons_20260502','organization','org_s09_salon_a78471dfd7aeaf0e','licence_data','{"osm_id": "11418019887", "amenity": "hairdresser", "addr_state": null, "denomination": null, "operator": null}');

INSERT OR IGNORE INTO organizations (id,tenant_id,organization_type,legal_name,display_name,registration_number,status,verification_state,created_at,updated_at) VALUES ('org_s09_salon_6a5335ed989a3645','tenant_platform_seed','beauty_salon','CUT''''N''''SHOP','CUT''''N''''SHOP',NULL,'active','seeded',unixepoch(),unixepoch());
INSERT OR IGNORE INTO profiles (id,subject_id,subject_type,primary_place_id,tenant_id,workspace_id,display_name,created_at,updated_at) VALUES ('prof_s09_salon_6a5335ed989a3645','org_s09_salon_6a5335ed989a3645','organization','place_nigeria_001','tenant_platform_seed','workspace_platform_seed_discovery','CUT''''N''''SHOP',unixepoch(),unixepoch());
INSERT OR IGNORE INTO search_entries (id,profile_id,display_name,keywords,ancestry_path,vertical,created_at,updated_at) VALUES ('se_s09_salon_6a5335ed989a3645','prof_s09_salon_6a5335ed989a3645','CUT''''N''''SHOP','cut''''n''''shop salon barber hair beauty nigeria','place_nigeria_001','beauty_salon',unixepoch(),unixepoch());
INSERT OR IGNORE INTO seed_ingestion_records (id,seed_run_id,entity_type,entity_id,source_id,status) VALUES ('ir_s09_salon_6a5335ed989a3645','seed_run_s09_osm_salons_20260502','organization','org_s09_salon_6a5335ed989a3645','seed_source_osm_salons_ng_20260502','ingested');
INSERT OR IGNORE INTO seed_entity_sources (id,seed_run_id,entity_type,entity_id,source_id,confidence_tier) VALUES ('es_s09_salon_6a5335ed989a3645','seed_run_s09_osm_salons_20260502','organization','org_s09_salon_6a5335ed989a3645','seed_source_osm_salons_ng_20260502','seeded');
INSERT OR IGNORE INTO seed_enrichment (id,seed_run_id,entity_type,entity_id,enrichment_type,enrichment_json) VALUES ('enr_s09_salon_6a5335ed989a3645','seed_run_s09_osm_salons_20260502','organization','org_s09_salon_6a5335ed989a3645','licence_data','{"osm_id": "12282020510", "amenity": "hairdresser", "addr_state": null, "denomination": null, "operator": "private_individual"}');

INSERT OR IGNORE INTO organizations (id,tenant_id,organization_type,legal_name,display_name,registration_number,status,verification_state,created_at,updated_at) VALUES ('org_s09_salon_b1384be57fba797c','tenant_platform_seed','beauty_salon','KB SHOW','KB SHOW',NULL,'active','seeded',unixepoch(),unixepoch());
INSERT OR IGNORE INTO profiles (id,subject_id,subject_type,primary_place_id,tenant_id,workspace_id,display_name,created_at,updated_at) VALUES ('prof_s09_salon_b1384be57fba797c','org_s09_salon_b1384be57fba797c','organization','place_nigeria_001','tenant_platform_seed','workspace_platform_seed_discovery','KB SHOW',unixepoch(),unixepoch());
INSERT OR IGNORE INTO search_entries (id,profile_id,display_name,keywords,ancestry_path,vertical,created_at,updated_at) VALUES ('se_s09_salon_b1384be57fba797c','prof_s09_salon_b1384be57fba797c','KB SHOW','kb show salon barber hair beauty nigeria','place_nigeria_001','beauty_salon',unixepoch(),unixepoch());
INSERT OR IGNORE INTO seed_ingestion_records (id,seed_run_id,entity_type,entity_id,source_id,status) VALUES ('ir_s09_salon_b1384be57fba797c','seed_run_s09_osm_salons_20260502','organization','org_s09_salon_b1384be57fba797c','seed_source_osm_salons_ng_20260502','ingested');
INSERT OR IGNORE INTO seed_entity_sources (id,seed_run_id,entity_type,entity_id,source_id,confidence_tier) VALUES ('es_s09_salon_b1384be57fba797c','seed_run_s09_osm_salons_20260502','organization','org_s09_salon_b1384be57fba797c','seed_source_osm_salons_ng_20260502','seeded');
INSERT OR IGNORE INTO seed_enrichment (id,seed_run_id,entity_type,entity_id,enrichment_type,enrichment_json) VALUES ('enr_s09_salon_b1384be57fba797c','seed_run_s09_osm_salons_20260502','organization','org_s09_salon_b1384be57fba797c','licence_data','{"osm_id": "12282020511", "amenity": "hairdresser", "addr_state": null, "denomination": null, "operator": "private_individual"}');

INSERT OR IGNORE INTO organizations (id,tenant_id,organization_type,legal_name,display_name,registration_number,status,verification_state,created_at,updated_at) VALUES ('org_s09_salon_5ba41cca49cdab05','tenant_platform_seed','beauty_salon','SHABBABI','SHABBABI',NULL,'active','seeded',unixepoch(),unixepoch());
INSERT OR IGNORE INTO profiles (id,subject_id,subject_type,primary_place_id,tenant_id,workspace_id,display_name,created_at,updated_at) VALUES ('prof_s09_salon_5ba41cca49cdab05','org_s09_salon_5ba41cca49cdab05','organization','place_nigeria_001','tenant_platform_seed','workspace_platform_seed_discovery','SHABBABI',unixepoch(),unixepoch());
INSERT OR IGNORE INTO search_entries (id,profile_id,display_name,keywords,ancestry_path,vertical,created_at,updated_at) VALUES ('se_s09_salon_5ba41cca49cdab05','prof_s09_salon_5ba41cca49cdab05','SHABBABI','shabbabi salon barber hair beauty nigeria','place_nigeria_001','beauty_salon',unixepoch(),unixepoch());
INSERT OR IGNORE INTO seed_ingestion_records (id,seed_run_id,entity_type,entity_id,source_id,status) VALUES ('ir_s09_salon_5ba41cca49cdab05','seed_run_s09_osm_salons_20260502','organization','org_s09_salon_5ba41cca49cdab05','seed_source_osm_salons_ng_20260502','ingested');
INSERT OR IGNORE INTO seed_entity_sources (id,seed_run_id,entity_type,entity_id,source_id,confidence_tier) VALUES ('es_s09_salon_5ba41cca49cdab05','seed_run_s09_osm_salons_20260502','organization','org_s09_salon_5ba41cca49cdab05','seed_source_osm_salons_ng_20260502','seeded');
INSERT OR IGNORE INTO seed_enrichment (id,seed_run_id,entity_type,entity_id,enrichment_type,enrichment_json) VALUES ('enr_s09_salon_5ba41cca49cdab05','seed_run_s09_osm_salons_20260502','organization','org_s09_salon_5ba41cca49cdab05','licence_data','{"osm_id": "12282020512", "amenity": "hairdresser", "addr_state": null, "denomination": null, "operator": "private_individual"}');

INSERT OR IGNORE INTO organizations (id,tenant_id,organization_type,legal_name,display_name,registration_number,status,verification_state,created_at,updated_at) VALUES ('org_s09_salon_8640d71f8b20583f','tenant_platform_seed','beauty_salon','BABAWO KB SHOW BARBING SALON','BABAWO KB SHOW BARBING SALON',NULL,'active','seeded',unixepoch(),unixepoch());
INSERT OR IGNORE INTO profiles (id,subject_id,subject_type,primary_place_id,tenant_id,workspace_id,display_name,created_at,updated_at) VALUES ('prof_s09_salon_8640d71f8b20583f','org_s09_salon_8640d71f8b20583f','organization','place_nigeria_001','tenant_platform_seed','workspace_platform_seed_discovery','BABAWO KB SHOW BARBING SALON',unixepoch(),unixepoch());
INSERT OR IGNORE INTO search_entries (id,profile_id,display_name,keywords,ancestry_path,vertical,created_at,updated_at) VALUES ('se_s09_salon_8640d71f8b20583f','prof_s09_salon_8640d71f8b20583f','BABAWO KB SHOW BARBING SALON','babawo kb show barbing salon salon barber hair beauty nigeria','place_nigeria_001','beauty_salon',unixepoch(),unixepoch());
INSERT OR IGNORE INTO seed_ingestion_records (id,seed_run_id,entity_type,entity_id,source_id,status) VALUES ('ir_s09_salon_8640d71f8b20583f','seed_run_s09_osm_salons_20260502','organization','org_s09_salon_8640d71f8b20583f','seed_source_osm_salons_ng_20260502','ingested');
INSERT OR IGNORE INTO seed_entity_sources (id,seed_run_id,entity_type,entity_id,source_id,confidence_tier) VALUES ('es_s09_salon_8640d71f8b20583f','seed_run_s09_osm_salons_20260502','organization','org_s09_salon_8640d71f8b20583f','seed_source_osm_salons_ng_20260502','seeded');
INSERT OR IGNORE INTO seed_enrichment (id,seed_run_id,entity_type,entity_id,enrichment_type,enrichment_json) VALUES ('enr_s09_salon_8640d71f8b20583f','seed_run_s09_osm_salons_20260502','organization','org_s09_salon_8640d71f8b20583f','licence_data','{"osm_id": "12282020513", "amenity": "hairdresser", "addr_state": null, "denomination": null, "operator": "private_individual"}');

INSERT OR IGNORE INTO organizations (id,tenant_id,organization_type,legal_name,display_name,registration_number,status,verification_state,created_at,updated_at) VALUES ('org_s09_salon_0b15663f569eb151','tenant_platform_seed','beauty_salon','SALAS BARBING SALOON','SALAS BARBING SALOON',NULL,'active','seeded',unixepoch(),unixepoch());
INSERT OR IGNORE INTO profiles (id,subject_id,subject_type,primary_place_id,tenant_id,workspace_id,display_name,created_at,updated_at) VALUES ('prof_s09_salon_0b15663f569eb151','org_s09_salon_0b15663f569eb151','organization','place_nigeria_001','tenant_platform_seed','workspace_platform_seed_discovery','SALAS BARBING SALOON',unixepoch(),unixepoch());
INSERT OR IGNORE INTO search_entries (id,profile_id,display_name,keywords,ancestry_path,vertical,created_at,updated_at) VALUES ('se_s09_salon_0b15663f569eb151','prof_s09_salon_0b15663f569eb151','SALAS BARBING SALOON','salas barbing saloon salon barber hair beauty nigeria','place_nigeria_001','beauty_salon',unixepoch(),unixepoch());
INSERT OR IGNORE INTO seed_ingestion_records (id,seed_run_id,entity_type,entity_id,source_id,status) VALUES ('ir_s09_salon_0b15663f569eb151','seed_run_s09_osm_salons_20260502','organization','org_s09_salon_0b15663f569eb151','seed_source_osm_salons_ng_20260502','ingested');
INSERT OR IGNORE INTO seed_entity_sources (id,seed_run_id,entity_type,entity_id,source_id,confidence_tier) VALUES ('es_s09_salon_0b15663f569eb151','seed_run_s09_osm_salons_20260502','organization','org_s09_salon_0b15663f569eb151','seed_source_osm_salons_ng_20260502','seeded');
INSERT OR IGNORE INTO seed_enrichment (id,seed_run_id,entity_type,entity_id,enrichment_type,enrichment_json) VALUES ('enr_s09_salon_0b15663f569eb151','seed_run_s09_osm_salons_20260502','organization','org_s09_salon_0b15663f569eb151','licence_data','{"osm_id": "12282020514", "amenity": "hairdresser", "addr_state": null, "denomination": null, "operator": "private_individual"}');

INSERT OR IGNORE INTO organizations (id,tenant_id,organization_type,legal_name,display_name,registration_number,status,verification_state,created_at,updated_at) VALUES ('org_s09_salon_e867a976cb2b27a6','tenant_platform_seed','beauty_salon','S.K. SOJA','S.K. SOJA',NULL,'active','seeded',unixepoch(),unixepoch());
INSERT OR IGNORE INTO profiles (id,subject_id,subject_type,primary_place_id,tenant_id,workspace_id,display_name,created_at,updated_at) VALUES ('prof_s09_salon_e867a976cb2b27a6','org_s09_salon_e867a976cb2b27a6','organization','place_nigeria_001','tenant_platform_seed','workspace_platform_seed_discovery','S.K. SOJA',unixepoch(),unixepoch());
INSERT OR IGNORE INTO search_entries (id,profile_id,display_name,keywords,ancestry_path,vertical,created_at,updated_at) VALUES ('se_s09_salon_e867a976cb2b27a6','prof_s09_salon_e867a976cb2b27a6','S.K. SOJA','s.k. soja salon barber hair beauty nigeria','place_nigeria_001','beauty_salon',unixepoch(),unixepoch());
INSERT OR IGNORE INTO seed_ingestion_records (id,seed_run_id,entity_type,entity_id,source_id,status) VALUES ('ir_s09_salon_e867a976cb2b27a6','seed_run_s09_osm_salons_20260502','organization','org_s09_salon_e867a976cb2b27a6','seed_source_osm_salons_ng_20260502','ingested');
INSERT OR IGNORE INTO seed_entity_sources (id,seed_run_id,entity_type,entity_id,source_id,confidence_tier) VALUES ('es_s09_salon_e867a976cb2b27a6','seed_run_s09_osm_salons_20260502','organization','org_s09_salon_e867a976cb2b27a6','seed_source_osm_salons_ng_20260502','seeded');
INSERT OR IGNORE INTO seed_enrichment (id,seed_run_id,entity_type,entity_id,enrichment_type,enrichment_json) VALUES ('enr_s09_salon_e867a976cb2b27a6','seed_run_s09_osm_salons_20260502','organization','org_s09_salon_e867a976cb2b27a6','licence_data','{"osm_id": "12282020516", "amenity": "hairdresser", "addr_state": null, "denomination": null, "operator": "private_individual"}');

INSERT OR IGNORE INTO organizations (id,tenant_id,organization_type,legal_name,display_name,registration_number,status,verification_state,created_at,updated_at) VALUES ('org_s09_salon_378ff24961007794','tenant_platform_seed','beauty_salon','DIASPRO Coiffure','DIASPRO Coiffure',NULL,'active','seeded',unixepoch(),unixepoch());
INSERT OR IGNORE INTO profiles (id,subject_id,subject_type,primary_place_id,tenant_id,workspace_id,display_name,created_at,updated_at) VALUES ('prof_s09_salon_378ff24961007794','org_s09_salon_378ff24961007794','organization','place_nigeria_001','tenant_platform_seed','workspace_platform_seed_discovery','DIASPRO Coiffure',unixepoch(),unixepoch());
INSERT OR IGNORE INTO search_entries (id,profile_id,display_name,keywords,ancestry_path,vertical,created_at,updated_at) VALUES ('se_s09_salon_378ff24961007794','prof_s09_salon_378ff24961007794','DIASPRO Coiffure','diaspro coiffure salon barber hair beauty nigeria','place_nigeria_001','beauty_salon',unixepoch(),unixepoch());
INSERT OR IGNORE INTO seed_ingestion_records (id,seed_run_id,entity_type,entity_id,source_id,status) VALUES ('ir_s09_salon_378ff24961007794','seed_run_s09_osm_salons_20260502','organization','org_s09_salon_378ff24961007794','seed_source_osm_salons_ng_20260502','ingested');
INSERT OR IGNORE INTO seed_entity_sources (id,seed_run_id,entity_type,entity_id,source_id,confidence_tier) VALUES ('es_s09_salon_378ff24961007794','seed_run_s09_osm_salons_20260502','organization','org_s09_salon_378ff24961007794','seed_source_osm_salons_ng_20260502','seeded');
INSERT OR IGNORE INTO seed_enrichment (id,seed_run_id,entity_type,entity_id,enrichment_type,enrichment_json) VALUES ('enr_s09_salon_378ff24961007794','seed_run_s09_osm_salons_20260502','organization','org_s09_salon_378ff24961007794','licence_data','{"osm_id": "416908048", "amenity": "hairdresser", "addr_state": null, "denomination": null, "operator": null}');

COMMIT;
