-- ============================================================
-- Migration 0539: Car Dealers & Vehicle Sales Deep Extraction
-- Generated: 2026-05-02 | Records: 65
-- Source: OpenStreetMap Nigeria (Overpass API deep extraction 2026-05-02)
-- OSM data © OpenStreetMap contributors, ODbL licence
-- Idempotent: all inserts use INSERT OR IGNORE
-- ============================================================
INSERT OR IGNORE INTO seed_sources (id,label,source_type,url,confidence_tier,notes) VALUES ('seed_source_osm_cardeal_ng_s17_20260502','OpenStreetMap Nigeria — Car Dealers & Vehicle Sales Deep Extraction','osm_extract','https://overpass-api.de','seeded','OpenStreetMap ODbL licensed data — Overpass deep extraction 2026-05-02');
INSERT OR IGNORE INTO seed_runs (id,label,phase,status,started_at,completed_at) VALUES ('seed_run_s17_cardeal_20260502','S17 OSM Nigeria Car Dealers & Vehicle Sales (deep) 2026-05-02','S17','completed',unixepoch(),unixepoch());
INSERT OR IGNORE INTO seed_raw_artifacts (id,seed_run_id,artifact_type,file_path,content_hash,row_count,notes) VALUES ('seed_artifact_s17_cardeal_20260502','seed_run_s17_cardeal_20260502','normalized','infra/db/seed/sources',NULL,65,'Auto-generated from Overpass API deep extraction 2026-05-02');

-- 1. ASD Motors
INSERT OR IGNORE INTO organizations (id,tenant_id,organization_type,legal_name,display_name,registration_number,status,verification_state,created_at,updated_at) VALUES ('org_s17_cardeal_8c524f2002b9a537','tenant_platform_seed','car_dealer','ASD Motors','ASD Motors',NULL,'active','seeded',unixepoch(),unixepoch());
INSERT OR IGNORE INTO profiles (id,subject_id,subject_type,primary_place_id,tenant_id,workspace_id,display_name,created_at,updated_at) VALUES ('prof_s17_cardeal_8c524f2002b9a537','org_s17_cardeal_8c524f2002b9a537','organization','place_nigeria_001','tenant_platform_seed','workspace_platform_seed_discovery','ASD Motors',unixepoch(),unixepoch());
INSERT OR IGNORE INTO search_entries (id,profile_id,display_name,keywords,ancestry_path,vertical,created_at,updated_at) VALUES ('se_s17_cardeal_8c524f2002b9a537','prof_s17_cardeal_8c524f2002b9a537','ASD Motors','asd motors car dealer car dealer vehicle sales automobile motors nigeria','place_nigeria_001','commerce',unixepoch(),unixepoch());
INSERT OR IGNORE INTO seed_ingestion_records (id,seed_run_id,entity_type,entity_id,source_id,status) VALUES ('ir_s17_cardeal_8c524f2002b9a537','seed_run_s17_cardeal_20260502','organization','org_s17_cardeal_8c524f2002b9a537','seed_source_osm_cardeal_ng_s17_20260502','ingested');
INSERT OR IGNORE INTO seed_entity_sources (id,seed_run_id,entity_type,entity_id,source_id,confidence_tier) VALUES ('es_s17_cardeal_8c524f2002b9a537','seed_run_s17_cardeal_20260502','organization','org_s17_cardeal_8c524f2002b9a537','seed_source_osm_cardeal_ng_s17_20260502','seeded');
INSERT OR IGNORE INTO seed_enrichment (id,seed_run_id,entity_type,entity_id,enrichment_type,enrichment_json) VALUES ('enr_s17_cardeal_8c524f2002b9a537','seed_run_s17_cardeal_20260502','organization','org_s17_cardeal_8c524f2002b9a537','seed_source_osm_cardeal_ng_s17_20260502','{"osm_id": "560945787", "osm_type": "node", "shop": "car", "brand": "Peugeot", "operator": "", "addr_state": "", "addr_lga": ""}');

-- 2. Kia
INSERT OR IGNORE INTO organizations (id,tenant_id,organization_type,legal_name,display_name,registration_number,status,verification_state,created_at,updated_at) VALUES ('org_s17_cardeal_007005c81c77cabf','tenant_platform_seed','car_dealer','Kia','Kia',NULL,'active','seeded',unixepoch(),unixepoch());
INSERT OR IGNORE INTO profiles (id,subject_id,subject_type,primary_place_id,tenant_id,workspace_id,display_name,created_at,updated_at) VALUES ('prof_s17_cardeal_007005c81c77cabf','org_s17_cardeal_007005c81c77cabf','organization','place_nigeria_001','tenant_platform_seed','workspace_platform_seed_discovery','Kia',unixepoch(),unixepoch());
INSERT OR IGNORE INTO search_entries (id,profile_id,display_name,keywords,ancestry_path,vertical,created_at,updated_at) VALUES ('se_s17_cardeal_007005c81c77cabf','prof_s17_cardeal_007005c81c77cabf','Kia','kia car dealer car dealer vehicle sales automobile motors nigeria','place_nigeria_001','commerce',unixepoch(),unixepoch());
INSERT OR IGNORE INTO seed_ingestion_records (id,seed_run_id,entity_type,entity_id,source_id,status) VALUES ('ir_s17_cardeal_007005c81c77cabf','seed_run_s17_cardeal_20260502','organization','org_s17_cardeal_007005c81c77cabf','seed_source_osm_cardeal_ng_s17_20260502','ingested');
INSERT OR IGNORE INTO seed_entity_sources (id,seed_run_id,entity_type,entity_id,source_id,confidence_tier) VALUES ('es_s17_cardeal_007005c81c77cabf','seed_run_s17_cardeal_20260502','organization','org_s17_cardeal_007005c81c77cabf','seed_source_osm_cardeal_ng_s17_20260502','seeded');
INSERT OR IGNORE INTO seed_enrichment (id,seed_run_id,entity_type,entity_id,enrichment_type,enrichment_json) VALUES ('enr_s17_cardeal_007005c81c77cabf','seed_run_s17_cardeal_20260502','organization','org_s17_cardeal_007005c81c77cabf','seed_source_osm_cardeal_ng_s17_20260502','{"osm_id": "2155703050", "osm_type": "node", "shop": "car", "brand": "Kia", "operator": "", "addr_state": "", "addr_lga": ""}');

-- 3. Ehigiator Motors
INSERT OR IGNORE INTO organizations (id,tenant_id,organization_type,legal_name,display_name,registration_number,status,verification_state,created_at,updated_at) VALUES ('org_s17_cardeal_f1c440c5d9aaf3f7','tenant_platform_seed','car_dealer','Ehigiator Motors','Ehigiator Motors',NULL,'active','seeded',unixepoch(),unixepoch());
INSERT OR IGNORE INTO profiles (id,subject_id,subject_type,primary_place_id,tenant_id,workspace_id,display_name,created_at,updated_at) VALUES ('prof_s17_cardeal_f1c440c5d9aaf3f7','org_s17_cardeal_f1c440c5d9aaf3f7','organization','place_nigeria_001','tenant_platform_seed','workspace_platform_seed_discovery','Ehigiator Motors',unixepoch(),unixepoch());
INSERT OR IGNORE INTO search_entries (id,profile_id,display_name,keywords,ancestry_path,vertical,created_at,updated_at) VALUES ('se_s17_cardeal_f1c440c5d9aaf3f7','prof_s17_cardeal_f1c440c5d9aaf3f7','Ehigiator Motors','ehigiator motors car dealer car dealer vehicle sales automobile motors nigeria','place_nigeria_001','commerce',unixepoch(),unixepoch());
INSERT OR IGNORE INTO seed_ingestion_records (id,seed_run_id,entity_type,entity_id,source_id,status) VALUES ('ir_s17_cardeal_f1c440c5d9aaf3f7','seed_run_s17_cardeal_20260502','organization','org_s17_cardeal_f1c440c5d9aaf3f7','seed_source_osm_cardeal_ng_s17_20260502','ingested');
INSERT OR IGNORE INTO seed_entity_sources (id,seed_run_id,entity_type,entity_id,source_id,confidence_tier) VALUES ('es_s17_cardeal_f1c440c5d9aaf3f7','seed_run_s17_cardeal_20260502','organization','org_s17_cardeal_f1c440c5d9aaf3f7','seed_source_osm_cardeal_ng_s17_20260502','seeded');
INSERT OR IGNORE INTO seed_enrichment (id,seed_run_id,entity_type,entity_id,enrichment_type,enrichment_json) VALUES ('enr_s17_cardeal_f1c440c5d9aaf3f7','seed_run_s17_cardeal_20260502','organization','org_s17_cardeal_f1c440c5d9aaf3f7','seed_source_osm_cardeal_ng_s17_20260502','{"osm_id": "2344584282", "osm_type": "node", "shop": "car", "brand": "", "operator": "", "addr_state": "", "addr_lga": ""}');

-- 4. Good Trust Motors
INSERT OR IGNORE INTO organizations (id,tenant_id,organization_type,legal_name,display_name,registration_number,status,verification_state,created_at,updated_at) VALUES ('org_s17_cardeal_5353cd8d4d436a9f','tenant_platform_seed','car_dealer','Good Trust Motors','Good Trust Motors',NULL,'active','seeded',unixepoch(),unixepoch());
INSERT OR IGNORE INTO profiles (id,subject_id,subject_type,primary_place_id,tenant_id,workspace_id,display_name,created_at,updated_at) VALUES ('prof_s17_cardeal_5353cd8d4d436a9f','org_s17_cardeal_5353cd8d4d436a9f','organization','place_nigeria_001','tenant_platform_seed','workspace_platform_seed_discovery','Good Trust Motors',unixepoch(),unixepoch());
INSERT OR IGNORE INTO search_entries (id,profile_id,display_name,keywords,ancestry_path,vertical,created_at,updated_at) VALUES ('se_s17_cardeal_5353cd8d4d436a9f','prof_s17_cardeal_5353cd8d4d436a9f','Good Trust Motors','good trust motors car dealer car dealer vehicle sales automobile motors nigeria','place_nigeria_001','commerce',unixepoch(),unixepoch());
INSERT OR IGNORE INTO seed_ingestion_records (id,seed_run_id,entity_type,entity_id,source_id,status) VALUES ('ir_s17_cardeal_5353cd8d4d436a9f','seed_run_s17_cardeal_20260502','organization','org_s17_cardeal_5353cd8d4d436a9f','seed_source_osm_cardeal_ng_s17_20260502','ingested');
INSERT OR IGNORE INTO seed_entity_sources (id,seed_run_id,entity_type,entity_id,source_id,confidence_tier) VALUES ('es_s17_cardeal_5353cd8d4d436a9f','seed_run_s17_cardeal_20260502','organization','org_s17_cardeal_5353cd8d4d436a9f','seed_source_osm_cardeal_ng_s17_20260502','seeded');
INSERT OR IGNORE INTO seed_enrichment (id,seed_run_id,entity_type,entity_id,enrichment_type,enrichment_json) VALUES ('enr_s17_cardeal_5353cd8d4d436a9f','seed_run_s17_cardeal_20260502','organization','org_s17_cardeal_5353cd8d4d436a9f','seed_source_osm_cardeal_ng_s17_20260502','{"osm_id": "2344590785", "osm_type": "node", "shop": "car_repair", "brand": "", "operator": "", "addr_state": "", "addr_lga": ""}');

-- 5. Osayi Motors
INSERT OR IGNORE INTO organizations (id,tenant_id,organization_type,legal_name,display_name,registration_number,status,verification_state,created_at,updated_at) VALUES ('org_s17_cardeal_77645213c57b370f','tenant_platform_seed','car_dealer','Osayi Motors','Osayi Motors',NULL,'active','seeded',unixepoch(),unixepoch());
INSERT OR IGNORE INTO profiles (id,subject_id,subject_type,primary_place_id,tenant_id,workspace_id,display_name,created_at,updated_at) VALUES ('prof_s17_cardeal_77645213c57b370f','org_s17_cardeal_77645213c57b370f','organization','place_nigeria_001','tenant_platform_seed','workspace_platform_seed_discovery','Osayi Motors',unixepoch(),unixepoch());
INSERT OR IGNORE INTO search_entries (id,profile_id,display_name,keywords,ancestry_path,vertical,created_at,updated_at) VALUES ('se_s17_cardeal_77645213c57b370f','prof_s17_cardeal_77645213c57b370f','Osayi Motors','osayi motors car dealer car dealer vehicle sales automobile motors nigeria','place_nigeria_001','commerce',unixepoch(),unixepoch());
INSERT OR IGNORE INTO seed_ingestion_records (id,seed_run_id,entity_type,entity_id,source_id,status) VALUES ('ir_s17_cardeal_77645213c57b370f','seed_run_s17_cardeal_20260502','organization','org_s17_cardeal_77645213c57b370f','seed_source_osm_cardeal_ng_s17_20260502','ingested');
INSERT OR IGNORE INTO seed_entity_sources (id,seed_run_id,entity_type,entity_id,source_id,confidence_tier) VALUES ('es_s17_cardeal_77645213c57b370f','seed_run_s17_cardeal_20260502','organization','org_s17_cardeal_77645213c57b370f','seed_source_osm_cardeal_ng_s17_20260502','seeded');
INSERT OR IGNORE INTO seed_enrichment (id,seed_run_id,entity_type,entity_id,enrichment_type,enrichment_json) VALUES ('enr_s17_cardeal_77645213c57b370f','seed_run_s17_cardeal_20260502','organization','org_s17_cardeal_77645213c57b370f','seed_source_osm_cardeal_ng_s17_20260502','{"osm_id": "2349297907", "osm_type": "node", "shop": "car", "brand": "", "operator": "", "addr_state": "", "addr_lga": ""}');

-- 6. Kia Motors
INSERT OR IGNORE INTO organizations (id,tenant_id,organization_type,legal_name,display_name,registration_number,status,verification_state,created_at,updated_at) VALUES ('org_s17_cardeal_4ff23a3f810cc597','tenant_platform_seed','car_dealer','Kia Motors','Kia Motors',NULL,'active','seeded',unixepoch(),unixepoch());
INSERT OR IGNORE INTO profiles (id,subject_id,subject_type,primary_place_id,tenant_id,workspace_id,display_name,created_at,updated_at) VALUES ('prof_s17_cardeal_4ff23a3f810cc597','org_s17_cardeal_4ff23a3f810cc597','organization','place_nigeria_001','tenant_platform_seed','workspace_platform_seed_discovery','Kia Motors',unixepoch(),unixepoch());
INSERT OR IGNORE INTO search_entries (id,profile_id,display_name,keywords,ancestry_path,vertical,created_at,updated_at) VALUES ('se_s17_cardeal_4ff23a3f810cc597','prof_s17_cardeal_4ff23a3f810cc597','Kia Motors','kia motors car dealer car dealer vehicle sales automobile motors nigeria','place_nigeria_001','commerce',unixepoch(),unixepoch());
INSERT OR IGNORE INTO seed_ingestion_records (id,seed_run_id,entity_type,entity_id,source_id,status) VALUES ('ir_s17_cardeal_4ff23a3f810cc597','seed_run_s17_cardeal_20260502','organization','org_s17_cardeal_4ff23a3f810cc597','seed_source_osm_cardeal_ng_s17_20260502','ingested');
INSERT OR IGNORE INTO seed_entity_sources (id,seed_run_id,entity_type,entity_id,source_id,confidence_tier) VALUES ('es_s17_cardeal_4ff23a3f810cc597','seed_run_s17_cardeal_20260502','organization','org_s17_cardeal_4ff23a3f810cc597','seed_source_osm_cardeal_ng_s17_20260502','seeded');
INSERT OR IGNORE INTO seed_enrichment (id,seed_run_id,entity_type,entity_id,enrichment_type,enrichment_json) VALUES ('enr_s17_cardeal_4ff23a3f810cc597','seed_run_s17_cardeal_20260502','organization','org_s17_cardeal_4ff23a3f810cc597','seed_source_osm_cardeal_ng_s17_20260502','{"osm_id": "3351526020", "osm_type": "node", "shop": "car", "brand": "", "operator": "", "addr_state": "", "addr_lga": ""}');

-- 7. Ogo Oluwa Motors
INSERT OR IGNORE INTO organizations (id,tenant_id,organization_type,legal_name,display_name,registration_number,status,verification_state,created_at,updated_at) VALUES ('org_s17_cardeal_944af05d36ada56c','tenant_platform_seed','car_dealer','Ogo Oluwa Motors','Ogo Oluwa Motors',NULL,'active','seeded',unixepoch(),unixepoch());
INSERT OR IGNORE INTO profiles (id,subject_id,subject_type,primary_place_id,tenant_id,workspace_id,display_name,created_at,updated_at) VALUES ('prof_s17_cardeal_944af05d36ada56c','org_s17_cardeal_944af05d36ada56c','organization','place_nigeria_001','tenant_platform_seed','workspace_platform_seed_discovery','Ogo Oluwa Motors',unixepoch(),unixepoch());
INSERT OR IGNORE INTO search_entries (id,profile_id,display_name,keywords,ancestry_path,vertical,created_at,updated_at) VALUES ('se_s17_cardeal_944af05d36ada56c','prof_s17_cardeal_944af05d36ada56c','Ogo Oluwa Motors','ogo oluwa motors car dealer osogbo car dealer vehicle sales automobile motors nigeria','place_nigeria_001','commerce',unixepoch(),unixepoch());
INSERT OR IGNORE INTO seed_ingestion_records (id,seed_run_id,entity_type,entity_id,source_id,status) VALUES ('ir_s17_cardeal_944af05d36ada56c','seed_run_s17_cardeal_20260502','organization','org_s17_cardeal_944af05d36ada56c','seed_source_osm_cardeal_ng_s17_20260502','ingested');
INSERT OR IGNORE INTO seed_entity_sources (id,seed_run_id,entity_type,entity_id,source_id,confidence_tier) VALUES ('es_s17_cardeal_944af05d36ada56c','seed_run_s17_cardeal_20260502','organization','org_s17_cardeal_944af05d36ada56c','seed_source_osm_cardeal_ng_s17_20260502','seeded');
INSERT OR IGNORE INTO seed_enrichment (id,seed_run_id,entity_type,entity_id,enrichment_type,enrichment_json) VALUES ('enr_s17_cardeal_944af05d36ada56c','seed_run_s17_cardeal_20260502','organization','org_s17_cardeal_944af05d36ada56c','seed_source_osm_cardeal_ng_s17_20260502','{"osm_id": "3752452657", "osm_type": "node", "shop": "car_repair", "brand": "", "operator": "", "addr_state": "", "addr_lga": "Osogbo"}');

-- 8. Umar Turawa Motors
INSERT OR IGNORE INTO organizations (id,tenant_id,organization_type,legal_name,display_name,registration_number,status,verification_state,created_at,updated_at) VALUES ('org_s17_cardeal_49b234f727a3fd1a','tenant_platform_seed','car_dealer','Umar Turawa Motors','Umar Turawa Motors',NULL,'active','seeded',unixepoch(),unixepoch());
INSERT OR IGNORE INTO profiles (id,subject_id,subject_type,primary_place_id,tenant_id,workspace_id,display_name,created_at,updated_at) VALUES ('prof_s17_cardeal_49b234f727a3fd1a','org_s17_cardeal_49b234f727a3fd1a','organization','place_nigeria_001','tenant_platform_seed','workspace_platform_seed_discovery','Umar Turawa Motors',unixepoch(),unixepoch());
INSERT OR IGNORE INTO search_entries (id,profile_id,display_name,keywords,ancestry_path,vertical,created_at,updated_at) VALUES ('se_s17_cardeal_49b234f727a3fd1a','prof_s17_cardeal_49b234f727a3fd1a','Umar Turawa Motors','umar turawa motors car dealer car dealer vehicle sales automobile motors nigeria','place_nigeria_001','commerce',unixepoch(),unixepoch());
INSERT OR IGNORE INTO seed_ingestion_records (id,seed_run_id,entity_type,entity_id,source_id,status) VALUES ('ir_s17_cardeal_49b234f727a3fd1a','seed_run_s17_cardeal_20260502','organization','org_s17_cardeal_49b234f727a3fd1a','seed_source_osm_cardeal_ng_s17_20260502','ingested');
INSERT OR IGNORE INTO seed_entity_sources (id,seed_run_id,entity_type,entity_id,source_id,confidence_tier) VALUES ('es_s17_cardeal_49b234f727a3fd1a','seed_run_s17_cardeal_20260502','organization','org_s17_cardeal_49b234f727a3fd1a','seed_source_osm_cardeal_ng_s17_20260502','seeded');
INSERT OR IGNORE INTO seed_enrichment (id,seed_run_id,entity_type,entity_id,enrichment_type,enrichment_json) VALUES ('enr_s17_cardeal_49b234f727a3fd1a','seed_run_s17_cardeal_20260502','organization','org_s17_cardeal_49b234f727a3fd1a','seed_source_osm_cardeal_ng_s17_20260502','{"osm_id": "3813087177", "osm_type": "node", "shop": "car", "brand": "", "operator": "Umar Turawa Motors", "addr_state": "", "addr_lga": ""}');

-- 9. Sunny Eru Motors
INSERT OR IGNORE INTO organizations (id,tenant_id,organization_type,legal_name,display_name,registration_number,status,verification_state,created_at,updated_at) VALUES ('org_s17_cardeal_6911b6d741a4346b','tenant_platform_seed','car_dealer','Sunny Eru Motors','Sunny Eru Motors',NULL,'active','seeded',unixepoch(),unixepoch());
INSERT OR IGNORE INTO profiles (id,subject_id,subject_type,primary_place_id,tenant_id,workspace_id,display_name,created_at,updated_at) VALUES ('prof_s17_cardeal_6911b6d741a4346b','org_s17_cardeal_6911b6d741a4346b','organization','place_nigeria_001','tenant_platform_seed','workspace_platform_seed_discovery','Sunny Eru Motors',unixepoch(),unixepoch());
INSERT OR IGNORE INTO search_entries (id,profile_id,display_name,keywords,ancestry_path,vertical,created_at,updated_at) VALUES ('se_s17_cardeal_6911b6d741a4346b','prof_s17_cardeal_6911b6d741a4346b','Sunny Eru Motors','sunny eru motors car dealer car dealer vehicle sales automobile motors nigeria','place_nigeria_001','commerce',unixepoch(),unixepoch());
INSERT OR IGNORE INTO seed_ingestion_records (id,seed_run_id,entity_type,entity_id,source_id,status) VALUES ('ir_s17_cardeal_6911b6d741a4346b','seed_run_s17_cardeal_20260502','organization','org_s17_cardeal_6911b6d741a4346b','seed_source_osm_cardeal_ng_s17_20260502','ingested');
INSERT OR IGNORE INTO seed_entity_sources (id,seed_run_id,entity_type,entity_id,source_id,confidence_tier) VALUES ('es_s17_cardeal_6911b6d741a4346b','seed_run_s17_cardeal_20260502','organization','org_s17_cardeal_6911b6d741a4346b','seed_source_osm_cardeal_ng_s17_20260502','seeded');
INSERT OR IGNORE INTO seed_enrichment (id,seed_run_id,entity_type,entity_id,enrichment_type,enrichment_json) VALUES ('enr_s17_cardeal_6911b6d741a4346b','seed_run_s17_cardeal_20260502','organization','org_s17_cardeal_6911b6d741a4346b','seed_source_osm_cardeal_ng_s17_20260502','{"osm_id": "5407647721", "osm_type": "node", "shop": "car_parts", "brand": "", "operator": "", "addr_state": "", "addr_lga": ""}');

-- 10. Nissan Motors
INSERT OR IGNORE INTO organizations (id,tenant_id,organization_type,legal_name,display_name,registration_number,status,verification_state,created_at,updated_at) VALUES ('org_s17_cardeal_ca92b3144f1961ad','tenant_platform_seed','car_dealer','Nissan Motors','Nissan Motors',NULL,'active','seeded',unixepoch(),unixepoch());
INSERT OR IGNORE INTO profiles (id,subject_id,subject_type,primary_place_id,tenant_id,workspace_id,display_name,created_at,updated_at) VALUES ('prof_s17_cardeal_ca92b3144f1961ad','org_s17_cardeal_ca92b3144f1961ad','organization','place_nigeria_001','tenant_platform_seed','workspace_platform_seed_discovery','Nissan Motors',unixepoch(),unixepoch());
INSERT OR IGNORE INTO search_entries (id,profile_id,display_name,keywords,ancestry_path,vertical,created_at,updated_at) VALUES ('se_s17_cardeal_ca92b3144f1961ad','prof_s17_cardeal_ca92b3144f1961ad','Nissan Motors','nissan motors car dealer car dealer vehicle sales automobile motors nigeria','place_nigeria_001','commerce',unixepoch(),unixepoch());
INSERT OR IGNORE INTO seed_ingestion_records (id,seed_run_id,entity_type,entity_id,source_id,status) VALUES ('ir_s17_cardeal_ca92b3144f1961ad','seed_run_s17_cardeal_20260502','organization','org_s17_cardeal_ca92b3144f1961ad','seed_source_osm_cardeal_ng_s17_20260502','ingested');
INSERT OR IGNORE INTO seed_entity_sources (id,seed_run_id,entity_type,entity_id,source_id,confidence_tier) VALUES ('es_s17_cardeal_ca92b3144f1961ad','seed_run_s17_cardeal_20260502','organization','org_s17_cardeal_ca92b3144f1961ad','seed_source_osm_cardeal_ng_s17_20260502','seeded');
INSERT OR IGNORE INTO seed_enrichment (id,seed_run_id,entity_type,entity_id,enrichment_type,enrichment_json) VALUES ('enr_s17_cardeal_ca92b3144f1961ad','seed_run_s17_cardeal_20260502','organization','org_s17_cardeal_ca92b3144f1961ad','seed_source_osm_cardeal_ng_s17_20260502','{"osm_id": "5415928024", "osm_type": "node", "shop": "car", "brand": "", "operator": "", "addr_state": "", "addr_lga": ""}');

-- 11. SCOA Motors
INSERT OR IGNORE INTO organizations (id,tenant_id,organization_type,legal_name,display_name,registration_number,status,verification_state,created_at,updated_at) VALUES ('org_s17_cardeal_dd6308bd18bf8623','tenant_platform_seed','car_dealer','SCOA Motors','SCOA Motors',NULL,'active','seeded',unixepoch(),unixepoch());
INSERT OR IGNORE INTO profiles (id,subject_id,subject_type,primary_place_id,tenant_id,workspace_id,display_name,created_at,updated_at) VALUES ('prof_s17_cardeal_dd6308bd18bf8623','org_s17_cardeal_dd6308bd18bf8623','organization','place_nigeria_001','tenant_platform_seed','workspace_platform_seed_discovery','SCOA Motors',unixepoch(),unixepoch());
INSERT OR IGNORE INTO search_entries (id,profile_id,display_name,keywords,ancestry_path,vertical,created_at,updated_at) VALUES ('se_s17_cardeal_dd6308bd18bf8623','prof_s17_cardeal_dd6308bd18bf8623','SCOA Motors','scoa motors car dealer car dealer vehicle sales automobile motors nigeria','place_nigeria_001','commerce',unixepoch(),unixepoch());
INSERT OR IGNORE INTO seed_ingestion_records (id,seed_run_id,entity_type,entity_id,source_id,status) VALUES ('ir_s17_cardeal_dd6308bd18bf8623','seed_run_s17_cardeal_20260502','organization','org_s17_cardeal_dd6308bd18bf8623','seed_source_osm_cardeal_ng_s17_20260502','ingested');
INSERT OR IGNORE INTO seed_entity_sources (id,seed_run_id,entity_type,entity_id,source_id,confidence_tier) VALUES ('es_s17_cardeal_dd6308bd18bf8623','seed_run_s17_cardeal_20260502','organization','org_s17_cardeal_dd6308bd18bf8623','seed_source_osm_cardeal_ng_s17_20260502','seeded');
INSERT OR IGNORE INTO seed_enrichment (id,seed_run_id,entity_type,entity_id,enrichment_type,enrichment_json) VALUES ('enr_s17_cardeal_dd6308bd18bf8623','seed_run_s17_cardeal_20260502','organization','org_s17_cardeal_dd6308bd18bf8623','seed_source_osm_cardeal_ng_s17_20260502','{"osm_id": "5415928331", "osm_type": "node", "shop": "car", "brand": "", "operator": "", "addr_state": "", "addr_lga": ""}');

-- 12. Class Motors
INSERT OR IGNORE INTO organizations (id,tenant_id,organization_type,legal_name,display_name,registration_number,status,verification_state,created_at,updated_at) VALUES ('org_s17_cardeal_1e2f739ea5d37610','tenant_platform_seed','car_dealer','Class Motors','Class Motors',NULL,'active','seeded',unixepoch(),unixepoch());
INSERT OR IGNORE INTO profiles (id,subject_id,subject_type,primary_place_id,tenant_id,workspace_id,display_name,created_at,updated_at) VALUES ('prof_s17_cardeal_1e2f739ea5d37610','org_s17_cardeal_1e2f739ea5d37610','organization','place_nigeria_001','tenant_platform_seed','workspace_platform_seed_discovery','Class Motors',unixepoch(),unixepoch());
INSERT OR IGNORE INTO search_entries (id,profile_id,display_name,keywords,ancestry_path,vertical,created_at,updated_at) VALUES ('se_s17_cardeal_1e2f739ea5d37610','prof_s17_cardeal_1e2f739ea5d37610','Class Motors','class motors car dealer car dealer vehicle sales automobile motors nigeria','place_nigeria_001','commerce',unixepoch(),unixepoch());
INSERT OR IGNORE INTO seed_ingestion_records (id,seed_run_id,entity_type,entity_id,source_id,status) VALUES ('ir_s17_cardeal_1e2f739ea5d37610','seed_run_s17_cardeal_20260502','organization','org_s17_cardeal_1e2f739ea5d37610','seed_source_osm_cardeal_ng_s17_20260502','ingested');
INSERT OR IGNORE INTO seed_entity_sources (id,seed_run_id,entity_type,entity_id,source_id,confidence_tier) VALUES ('es_s17_cardeal_1e2f739ea5d37610','seed_run_s17_cardeal_20260502','organization','org_s17_cardeal_1e2f739ea5d37610','seed_source_osm_cardeal_ng_s17_20260502','seeded');
INSERT OR IGNORE INTO seed_enrichment (id,seed_run_id,entity_type,entity_id,enrichment_type,enrichment_json) VALUES ('enr_s17_cardeal_1e2f739ea5d37610','seed_run_s17_cardeal_20260502','organization','org_s17_cardeal_1e2f739ea5d37610','seed_source_osm_cardeal_ng_s17_20260502','{"osm_id": "5427746024", "osm_type": "node", "shop": "car", "brand": "", "operator": "", "addr_state": "", "addr_lga": ""}');

-- 13. Anaxy Motors
INSERT OR IGNORE INTO organizations (id,tenant_id,organization_type,legal_name,display_name,registration_number,status,verification_state,created_at,updated_at) VALUES ('org_s17_cardeal_87b7a5cfaab15011','tenant_platform_seed','car_dealer','Anaxy Motors','Anaxy Motors',NULL,'active','seeded',unixepoch(),unixepoch());
INSERT OR IGNORE INTO profiles (id,subject_id,subject_type,primary_place_id,tenant_id,workspace_id,display_name,created_at,updated_at) VALUES ('prof_s17_cardeal_87b7a5cfaab15011','org_s17_cardeal_87b7a5cfaab15011','organization','place_nigeria_001','tenant_platform_seed','workspace_platform_seed_discovery','Anaxy Motors',unixepoch(),unixepoch());
INSERT OR IGNORE INTO search_entries (id,profile_id,display_name,keywords,ancestry_path,vertical,created_at,updated_at) VALUES ('se_s17_cardeal_87b7a5cfaab15011','prof_s17_cardeal_87b7a5cfaab15011','Anaxy Motors','anaxy motors car dealer car dealer vehicle sales automobile motors nigeria','place_nigeria_001','commerce',unixepoch(),unixepoch());
INSERT OR IGNORE INTO seed_ingestion_records (id,seed_run_id,entity_type,entity_id,source_id,status) VALUES ('ir_s17_cardeal_87b7a5cfaab15011','seed_run_s17_cardeal_20260502','organization','org_s17_cardeal_87b7a5cfaab15011','seed_source_osm_cardeal_ng_s17_20260502','ingested');
INSERT OR IGNORE INTO seed_entity_sources (id,seed_run_id,entity_type,entity_id,source_id,confidence_tier) VALUES ('es_s17_cardeal_87b7a5cfaab15011','seed_run_s17_cardeal_20260502','organization','org_s17_cardeal_87b7a5cfaab15011','seed_source_osm_cardeal_ng_s17_20260502','seeded');
INSERT OR IGNORE INTO seed_enrichment (id,seed_run_id,entity_type,entity_id,enrichment_type,enrichment_json) VALUES ('enr_s17_cardeal_87b7a5cfaab15011','seed_run_s17_cardeal_20260502','organization','org_s17_cardeal_87b7a5cfaab15011','seed_source_osm_cardeal_ng_s17_20260502','{"osm_id": "5427746126", "osm_type": "node", "shop": "car", "brand": "", "operator": "", "addr_state": "", "addr_lga": ""}');

-- 14. Mandillas Ent. Ltd
INSERT OR IGNORE INTO organizations (id,tenant_id,organization_type,legal_name,display_name,registration_number,status,verification_state,created_at,updated_at) VALUES ('org_s17_cardeal_be14407d724c3d77','tenant_platform_seed','car_dealer','Mandillas Ent. Ltd','Mandillas Ent. Ltd',NULL,'active','seeded',unixepoch(),unixepoch());
INSERT OR IGNORE INTO profiles (id,subject_id,subject_type,primary_place_id,tenant_id,workspace_id,display_name,created_at,updated_at) VALUES ('prof_s17_cardeal_be14407d724c3d77','org_s17_cardeal_be14407d724c3d77','organization','place_nigeria_001','tenant_platform_seed','workspace_platform_seed_discovery','Mandillas Ent. Ltd',unixepoch(),unixepoch());
INSERT OR IGNORE INTO search_entries (id,profile_id,display_name,keywords,ancestry_path,vertical,created_at,updated_at) VALUES ('se_s17_cardeal_be14407d724c3d77','prof_s17_cardeal_be14407d724c3d77','Mandillas Ent. Ltd','mandillas ent. ltd car dealer car dealer vehicle sales automobile motors nigeria','place_nigeria_001','commerce',unixepoch(),unixepoch());
INSERT OR IGNORE INTO seed_ingestion_records (id,seed_run_id,entity_type,entity_id,source_id,status) VALUES ('ir_s17_cardeal_be14407d724c3d77','seed_run_s17_cardeal_20260502','organization','org_s17_cardeal_be14407d724c3d77','seed_source_osm_cardeal_ng_s17_20260502','ingested');
INSERT OR IGNORE INTO seed_entity_sources (id,seed_run_id,entity_type,entity_id,source_id,confidence_tier) VALUES ('es_s17_cardeal_be14407d724c3d77','seed_run_s17_cardeal_20260502','organization','org_s17_cardeal_be14407d724c3d77','seed_source_osm_cardeal_ng_s17_20260502','seeded');
INSERT OR IGNORE INTO seed_enrichment (id,seed_run_id,entity_type,entity_id,enrichment_type,enrichment_json) VALUES ('enr_s17_cardeal_be14407d724c3d77','seed_run_s17_cardeal_20260502','organization','org_s17_cardeal_be14407d724c3d77','seed_source_osm_cardeal_ng_s17_20260502','{"osm_id": "5428923127", "osm_type": "node", "shop": "car", "brand": "", "operator": "", "addr_state": "", "addr_lga": ""}');

-- 15. Shehu Usman Motors
INSERT OR IGNORE INTO organizations (id,tenant_id,organization_type,legal_name,display_name,registration_number,status,verification_state,created_at,updated_at) VALUES ('org_s17_cardeal_70602a63a814f656','tenant_platform_seed','car_dealer','Shehu Usman Motors','Shehu Usman Motors',NULL,'active','seeded',unixepoch(),unixepoch());
INSERT OR IGNORE INTO profiles (id,subject_id,subject_type,primary_place_id,tenant_id,workspace_id,display_name,created_at,updated_at) VALUES ('prof_s17_cardeal_70602a63a814f656','org_s17_cardeal_70602a63a814f656','organization','place_nigeria_001','tenant_platform_seed','workspace_platform_seed_discovery','Shehu Usman Motors',unixepoch(),unixepoch());
INSERT OR IGNORE INTO search_entries (id,profile_id,display_name,keywords,ancestry_path,vertical,created_at,updated_at) VALUES ('se_s17_cardeal_70602a63a814f656','prof_s17_cardeal_70602a63a814f656','Shehu Usman Motors','shehu usman motors car dealer car dealer vehicle sales automobile motors nigeria','place_nigeria_001','commerce',unixepoch(),unixepoch());
INSERT OR IGNORE INTO seed_ingestion_records (id,seed_run_id,entity_type,entity_id,source_id,status) VALUES ('ir_s17_cardeal_70602a63a814f656','seed_run_s17_cardeal_20260502','organization','org_s17_cardeal_70602a63a814f656','seed_source_osm_cardeal_ng_s17_20260502','ingested');
INSERT OR IGNORE INTO seed_entity_sources (id,seed_run_id,entity_type,entity_id,source_id,confidence_tier) VALUES ('es_s17_cardeal_70602a63a814f656','seed_run_s17_cardeal_20260502','organization','org_s17_cardeal_70602a63a814f656','seed_source_osm_cardeal_ng_s17_20260502','seeded');
INSERT OR IGNORE INTO seed_enrichment (id,seed_run_id,entity_type,entity_id,enrichment_type,enrichment_json) VALUES ('enr_s17_cardeal_70602a63a814f656','seed_run_s17_cardeal_20260502','organization','org_s17_cardeal_70602a63a814f656','seed_source_osm_cardeal_ng_s17_20260502','{"osm_id": "5530576826", "osm_type": "node", "shop": "car", "brand": "", "operator": "", "addr_state": "", "addr_lga": ""}');

-- 16. A. G. H Trust Motors
INSERT OR IGNORE INTO organizations (id,tenant_id,organization_type,legal_name,display_name,registration_number,status,verification_state,created_at,updated_at) VALUES ('org_s17_cardeal_7598d164d5981162','tenant_platform_seed','car_dealer','A. G. H Trust Motors','A. G. H Trust Motors',NULL,'active','seeded',unixepoch(),unixepoch());
INSERT OR IGNORE INTO profiles (id,subject_id,subject_type,primary_place_id,tenant_id,workspace_id,display_name,created_at,updated_at) VALUES ('prof_s17_cardeal_7598d164d5981162','org_s17_cardeal_7598d164d5981162','organization','place_nigeria_001','tenant_platform_seed','workspace_platform_seed_discovery','A. G. H Trust Motors',unixepoch(),unixepoch());
INSERT OR IGNORE INTO search_entries (id,profile_id,display_name,keywords,ancestry_path,vertical,created_at,updated_at) VALUES ('se_s17_cardeal_7598d164d5981162','prof_s17_cardeal_7598d164d5981162','A. G. H Trust Motors','a. g. h trust motors car dealer car dealer vehicle sales automobile motors nigeria','place_nigeria_001','commerce',unixepoch(),unixepoch());
INSERT OR IGNORE INTO seed_ingestion_records (id,seed_run_id,entity_type,entity_id,source_id,status) VALUES ('ir_s17_cardeal_7598d164d5981162','seed_run_s17_cardeal_20260502','organization','org_s17_cardeal_7598d164d5981162','seed_source_osm_cardeal_ng_s17_20260502','ingested');
INSERT OR IGNORE INTO seed_entity_sources (id,seed_run_id,entity_type,entity_id,source_id,confidence_tier) VALUES ('es_s17_cardeal_7598d164d5981162','seed_run_s17_cardeal_20260502','organization','org_s17_cardeal_7598d164d5981162','seed_source_osm_cardeal_ng_s17_20260502','seeded');
INSERT OR IGNORE INTO seed_enrichment (id,seed_run_id,entity_type,entity_id,enrichment_type,enrichment_json) VALUES ('enr_s17_cardeal_7598d164d5981162','seed_run_s17_cardeal_20260502','organization','org_s17_cardeal_7598d164d5981162','seed_source_osm_cardeal_ng_s17_20260502','{"osm_id": "5533349933", "osm_type": "node", "shop": "car_repair", "brand": "", "operator": "", "addr_state": "", "addr_lga": ""}');

-- 17. Uwessan Motors
INSERT OR IGNORE INTO organizations (id,tenant_id,organization_type,legal_name,display_name,registration_number,status,verification_state,created_at,updated_at) VALUES ('org_s17_cardeal_c019dd6d162473f8','tenant_platform_seed','car_dealer','Uwessan Motors','Uwessan Motors',NULL,'active','seeded',unixepoch(),unixepoch());
INSERT OR IGNORE INTO profiles (id,subject_id,subject_type,primary_place_id,tenant_id,workspace_id,display_name,created_at,updated_at) VALUES ('prof_s17_cardeal_c019dd6d162473f8','org_s17_cardeal_c019dd6d162473f8','organization','place_nigeria_001','tenant_platform_seed','workspace_platform_seed_discovery','Uwessan Motors',unixepoch(),unixepoch());
INSERT OR IGNORE INTO search_entries (id,profile_id,display_name,keywords,ancestry_path,vertical,created_at,updated_at) VALUES ('se_s17_cardeal_c019dd6d162473f8','prof_s17_cardeal_c019dd6d162473f8','Uwessan Motors','uwessan motors car dealer car dealer vehicle sales automobile motors nigeria','place_nigeria_001','commerce',unixepoch(),unixepoch());
INSERT OR IGNORE INTO seed_ingestion_records (id,seed_run_id,entity_type,entity_id,source_id,status) VALUES ('ir_s17_cardeal_c019dd6d162473f8','seed_run_s17_cardeal_20260502','organization','org_s17_cardeal_c019dd6d162473f8','seed_source_osm_cardeal_ng_s17_20260502','ingested');
INSERT OR IGNORE INTO seed_entity_sources (id,seed_run_id,entity_type,entity_id,source_id,confidence_tier) VALUES ('es_s17_cardeal_c019dd6d162473f8','seed_run_s17_cardeal_20260502','organization','org_s17_cardeal_c019dd6d162473f8','seed_source_osm_cardeal_ng_s17_20260502','seeded');
INSERT OR IGNORE INTO seed_enrichment (id,seed_run_id,entity_type,entity_id,enrichment_type,enrichment_json) VALUES ('enr_s17_cardeal_c019dd6d162473f8','seed_run_s17_cardeal_20260502','organization','org_s17_cardeal_c019dd6d162473f8','seed_source_osm_cardeal_ng_s17_20260502','{"osm_id": "5553348230", "osm_type": "node", "shop": "car_repair", "brand": "", "operator": "", "addr_state": "", "addr_lga": ""}');

-- 18. Lugin Automobile Technical Workshop
INSERT OR IGNORE INTO organizations (id,tenant_id,organization_type,legal_name,display_name,registration_number,status,verification_state,created_at,updated_at) VALUES ('org_s17_cardeal_d8e58c918ec8a49e','tenant_platform_seed','car_dealer','Lugin Automobile Technical Workshop','Lugin Automobile Technical Workshop',NULL,'active','seeded',unixepoch(),unixepoch());
INSERT OR IGNORE INTO profiles (id,subject_id,subject_type,primary_place_id,tenant_id,workspace_id,display_name,created_at,updated_at) VALUES ('prof_s17_cardeal_d8e58c918ec8a49e','org_s17_cardeal_d8e58c918ec8a49e','organization','place_nigeria_001','tenant_platform_seed','workspace_platform_seed_discovery','Lugin Automobile Technical Workshop',unixepoch(),unixepoch());
INSERT OR IGNORE INTO search_entries (id,profile_id,display_name,keywords,ancestry_path,vertical,created_at,updated_at) VALUES ('se_s17_cardeal_d8e58c918ec8a49e','prof_s17_cardeal_d8e58c918ec8a49e','Lugin Automobile Technical Workshop','lugin automobile technical workshop car dealer car dealer vehicle sales automobile motors nigeria','place_nigeria_001','commerce',unixepoch(),unixepoch());
INSERT OR IGNORE INTO seed_ingestion_records (id,seed_run_id,entity_type,entity_id,source_id,status) VALUES ('ir_s17_cardeal_d8e58c918ec8a49e','seed_run_s17_cardeal_20260502','organization','org_s17_cardeal_d8e58c918ec8a49e','seed_source_osm_cardeal_ng_s17_20260502','ingested');
INSERT OR IGNORE INTO seed_entity_sources (id,seed_run_id,entity_type,entity_id,source_id,confidence_tier) VALUES ('es_s17_cardeal_d8e58c918ec8a49e','seed_run_s17_cardeal_20260502','organization','org_s17_cardeal_d8e58c918ec8a49e','seed_source_osm_cardeal_ng_s17_20260502','seeded');
INSERT OR IGNORE INTO seed_enrichment (id,seed_run_id,entity_type,entity_id,enrichment_type,enrichment_json) VALUES ('enr_s17_cardeal_d8e58c918ec8a49e','seed_run_s17_cardeal_20260502','organization','org_s17_cardeal_d8e58c918ec8a49e','seed_source_osm_cardeal_ng_s17_20260502','{"osm_id": "5553352901", "osm_type": "node", "shop": "car_repair", "brand": "", "operator": "", "addr_state": "", "addr_lga": ""}');

-- 19. Canaan Domain
INSERT OR IGNORE INTO organizations (id,tenant_id,organization_type,legal_name,display_name,registration_number,status,verification_state,created_at,updated_at) VALUES ('org_s17_cardeal_f8f2b511bf6e8e6b','tenant_platform_seed','car_dealer','Canaan Domain','Canaan Domain',NULL,'active','seeded',unixepoch(),unixepoch());
INSERT OR IGNORE INTO profiles (id,subject_id,subject_type,primary_place_id,tenant_id,workspace_id,display_name,created_at,updated_at) VALUES ('prof_s17_cardeal_f8f2b511bf6e8e6b','org_s17_cardeal_f8f2b511bf6e8e6b','organization','place_nigeria_001','tenant_platform_seed','workspace_platform_seed_discovery','Canaan Domain',unixepoch(),unixepoch());
INSERT OR IGNORE INTO search_entries (id,profile_id,display_name,keywords,ancestry_path,vertical,created_at,updated_at) VALUES ('se_s17_cardeal_f8f2b511bf6e8e6b','prof_s17_cardeal_f8f2b511bf6e8e6b','Canaan Domain','canaan domain car dealer car dealer vehicle sales automobile motors nigeria','place_nigeria_001','commerce',unixepoch(),unixepoch());
INSERT OR IGNORE INTO seed_ingestion_records (id,seed_run_id,entity_type,entity_id,source_id,status) VALUES ('ir_s17_cardeal_f8f2b511bf6e8e6b','seed_run_s17_cardeal_20260502','organization','org_s17_cardeal_f8f2b511bf6e8e6b','seed_source_osm_cardeal_ng_s17_20260502','ingested');
INSERT OR IGNORE INTO seed_entity_sources (id,seed_run_id,entity_type,entity_id,source_id,confidence_tier) VALUES ('es_s17_cardeal_f8f2b511bf6e8e6b','seed_run_s17_cardeal_20260502','organization','org_s17_cardeal_f8f2b511bf6e8e6b','seed_source_osm_cardeal_ng_s17_20260502','seeded');
INSERT OR IGNORE INTO seed_enrichment (id,seed_run_id,entity_type,entity_id,enrichment_type,enrichment_json) VALUES ('enr_s17_cardeal_f8f2b511bf6e8e6b','seed_run_s17_cardeal_20260502','organization','org_s17_cardeal_f8f2b511bf6e8e6b','seed_source_osm_cardeal_ng_s17_20260502','{"osm_id": "5553352915", "osm_type": "node", "shop": "car", "brand": "", "operator": "", "addr_state": "", "addr_lga": ""}');

-- 20. Formula 1 Motors
INSERT OR IGNORE INTO organizations (id,tenant_id,organization_type,legal_name,display_name,registration_number,status,verification_state,created_at,updated_at) VALUES ('org_s17_cardeal_3edbaf75b275dfa9','tenant_platform_seed','car_dealer','Formula 1 Motors','Formula 1 Motors',NULL,'active','seeded',unixepoch(),unixepoch());
INSERT OR IGNORE INTO profiles (id,subject_id,subject_type,primary_place_id,tenant_id,workspace_id,display_name,created_at,updated_at) VALUES ('prof_s17_cardeal_3edbaf75b275dfa9','org_s17_cardeal_3edbaf75b275dfa9','organization','place_nigeria_001','tenant_platform_seed','workspace_platform_seed_discovery','Formula 1 Motors',unixepoch(),unixepoch());
INSERT OR IGNORE INTO search_entries (id,profile_id,display_name,keywords,ancestry_path,vertical,created_at,updated_at) VALUES ('se_s17_cardeal_3edbaf75b275dfa9','prof_s17_cardeal_3edbaf75b275dfa9','Formula 1 Motors','formula 1 motors car dealer car dealer vehicle sales automobile motors nigeria','place_nigeria_001','commerce',unixepoch(),unixepoch());
INSERT OR IGNORE INTO seed_ingestion_records (id,seed_run_id,entity_type,entity_id,source_id,status) VALUES ('ir_s17_cardeal_3edbaf75b275dfa9','seed_run_s17_cardeal_20260502','organization','org_s17_cardeal_3edbaf75b275dfa9','seed_source_osm_cardeal_ng_s17_20260502','ingested');
INSERT OR IGNORE INTO seed_entity_sources (id,seed_run_id,entity_type,entity_id,source_id,confidence_tier) VALUES ('es_s17_cardeal_3edbaf75b275dfa9','seed_run_s17_cardeal_20260502','organization','org_s17_cardeal_3edbaf75b275dfa9','seed_source_osm_cardeal_ng_s17_20260502','seeded');
INSERT OR IGNORE INTO seed_enrichment (id,seed_run_id,entity_type,entity_id,enrichment_type,enrichment_json) VALUES ('enr_s17_cardeal_3edbaf75b275dfa9','seed_run_s17_cardeal_20260502','organization','org_s17_cardeal_3edbaf75b275dfa9','seed_source_osm_cardeal_ng_s17_20260502','{"osm_id": "5557083626", "osm_type": "node", "shop": "car", "brand": "", "operator": "", "addr_state": "", "addr_lga": ""}');

-- 21. Hashimu Shop
INSERT OR IGNORE INTO organizations (id,tenant_id,organization_type,legal_name,display_name,registration_number,status,verification_state,created_at,updated_at) VALUES ('org_s17_cardeal_69d988af8724c638','tenant_platform_seed','motorcycle_dealer','Hashimu Shop','Hashimu Shop',NULL,'active','seeded',unixepoch(),unixepoch());
INSERT OR IGNORE INTO profiles (id,subject_id,subject_type,primary_place_id,tenant_id,workspace_id,display_name,created_at,updated_at) VALUES ('prof_s17_cardeal_69d988af8724c638','org_s17_cardeal_69d988af8724c638','organization','place_nigeria_001','tenant_platform_seed','workspace_platform_seed_discovery','Hashimu Shop',unixepoch(),unixepoch());
INSERT OR IGNORE INTO search_entries (id,profile_id,display_name,keywords,ancestry_path,vertical,created_at,updated_at) VALUES ('se_s17_cardeal_69d988af8724c638','prof_s17_cardeal_69d988af8724c638','Hashimu Shop','hashimu shop motorcycle dealer car dealer vehicle sales automobile motors nigeria','place_nigeria_001','commerce',unixepoch(),unixepoch());
INSERT OR IGNORE INTO seed_ingestion_records (id,seed_run_id,entity_type,entity_id,source_id,status) VALUES ('ir_s17_cardeal_69d988af8724c638','seed_run_s17_cardeal_20260502','organization','org_s17_cardeal_69d988af8724c638','seed_source_osm_cardeal_ng_s17_20260502','ingested');
INSERT OR IGNORE INTO seed_entity_sources (id,seed_run_id,entity_type,entity_id,source_id,confidence_tier) VALUES ('es_s17_cardeal_69d988af8724c638','seed_run_s17_cardeal_20260502','organization','org_s17_cardeal_69d988af8724c638','seed_source_osm_cardeal_ng_s17_20260502','seeded');
INSERT OR IGNORE INTO seed_enrichment (id,seed_run_id,entity_type,entity_id,enrichment_type,enrichment_json) VALUES ('enr_s17_cardeal_69d988af8724c638','seed_run_s17_cardeal_20260502','organization','org_s17_cardeal_69d988af8724c638','seed_source_osm_cardeal_ng_s17_20260502','{"osm_id": "5564144522", "osm_type": "node", "shop": "motorcycle", "brand": "", "operator": "", "addr_state": "", "addr_lga": ""}');

-- 22. Bashiru Abdullahi Shop
INSERT OR IGNORE INTO organizations (id,tenant_id,organization_type,legal_name,display_name,registration_number,status,verification_state,created_at,updated_at) VALUES ('org_s17_cardeal_54fdb5eed3e5a59c','tenant_platform_seed','motorcycle_dealer','Bashiru Abdullahi Shop','Bashiru Abdullahi Shop',NULL,'active','seeded',unixepoch(),unixepoch());
INSERT OR IGNORE INTO profiles (id,subject_id,subject_type,primary_place_id,tenant_id,workspace_id,display_name,created_at,updated_at) VALUES ('prof_s17_cardeal_54fdb5eed3e5a59c','org_s17_cardeal_54fdb5eed3e5a59c','organization','place_nigeria_001','tenant_platform_seed','workspace_platform_seed_discovery','Bashiru Abdullahi Shop',unixepoch(),unixepoch());
INSERT OR IGNORE INTO search_entries (id,profile_id,display_name,keywords,ancestry_path,vertical,created_at,updated_at) VALUES ('se_s17_cardeal_54fdb5eed3e5a59c','prof_s17_cardeal_54fdb5eed3e5a59c','Bashiru Abdullahi Shop','bashiru abdullahi shop motorcycle dealer car dealer vehicle sales automobile motors nigeria','place_nigeria_001','commerce',unixepoch(),unixepoch());
INSERT OR IGNORE INTO seed_ingestion_records (id,seed_run_id,entity_type,entity_id,source_id,status) VALUES ('ir_s17_cardeal_54fdb5eed3e5a59c','seed_run_s17_cardeal_20260502','organization','org_s17_cardeal_54fdb5eed3e5a59c','seed_source_osm_cardeal_ng_s17_20260502','ingested');
INSERT OR IGNORE INTO seed_entity_sources (id,seed_run_id,entity_type,entity_id,source_id,confidence_tier) VALUES ('es_s17_cardeal_54fdb5eed3e5a59c','seed_run_s17_cardeal_20260502','organization','org_s17_cardeal_54fdb5eed3e5a59c','seed_source_osm_cardeal_ng_s17_20260502','seeded');
INSERT OR IGNORE INTO seed_enrichment (id,seed_run_id,entity_type,entity_id,enrichment_type,enrichment_json) VALUES ('enr_s17_cardeal_54fdb5eed3e5a59c','seed_run_s17_cardeal_20260502','organization','org_s17_cardeal_54fdb5eed3e5a59c','seed_source_osm_cardeal_ng_s17_20260502','{"osm_id": "5564147921", "osm_type": "node", "shop": "motorcycle", "brand": "", "operator": "", "addr_state": "", "addr_lga": ""}');

-- 23. Fatola Motors
INSERT OR IGNORE INTO organizations (id,tenant_id,organization_type,legal_name,display_name,registration_number,status,verification_state,created_at,updated_at) VALUES ('org_s17_cardeal_2785c25a7a0804d8','tenant_platform_seed','car_dealer','Fatola Motors','Fatola Motors',NULL,'active','seeded',unixepoch(),unixepoch());
INSERT OR IGNORE INTO profiles (id,subject_id,subject_type,primary_place_id,tenant_id,workspace_id,display_name,created_at,updated_at) VALUES ('prof_s17_cardeal_2785c25a7a0804d8','org_s17_cardeal_2785c25a7a0804d8','organization','place_nigeria_001','tenant_platform_seed','workspace_platform_seed_discovery','Fatola Motors',unixepoch(),unixepoch());
INSERT OR IGNORE INTO search_entries (id,profile_id,display_name,keywords,ancestry_path,vertical,created_at,updated_at) VALUES ('se_s17_cardeal_2785c25a7a0804d8','prof_s17_cardeal_2785c25a7a0804d8','Fatola Motors','fatola motors car dealer car dealer vehicle sales automobile motors nigeria','place_nigeria_001','commerce',unixepoch(),unixepoch());
INSERT OR IGNORE INTO seed_ingestion_records (id,seed_run_id,entity_type,entity_id,source_id,status) VALUES ('ir_s17_cardeal_2785c25a7a0804d8','seed_run_s17_cardeal_20260502','organization','org_s17_cardeal_2785c25a7a0804d8','seed_source_osm_cardeal_ng_s17_20260502','ingested');
INSERT OR IGNORE INTO seed_entity_sources (id,seed_run_id,entity_type,entity_id,source_id,confidence_tier) VALUES ('es_s17_cardeal_2785c25a7a0804d8','seed_run_s17_cardeal_20260502','organization','org_s17_cardeal_2785c25a7a0804d8','seed_source_osm_cardeal_ng_s17_20260502','seeded');
INSERT OR IGNORE INTO seed_enrichment (id,seed_run_id,entity_type,entity_id,enrichment_type,enrichment_json) VALUES ('enr_s17_cardeal_2785c25a7a0804d8','seed_run_s17_cardeal_20260502','organization','org_s17_cardeal_2785c25a7a0804d8','seed_source_osm_cardeal_ng_s17_20260502','{"osm_id": "5564688728", "osm_type": "node", "shop": "car", "brand": "", "operator": "", "addr_state": "", "addr_lga": ""}');

-- 24. Okayogbane Motors
INSERT OR IGNORE INTO organizations (id,tenant_id,organization_type,legal_name,display_name,registration_number,status,verification_state,created_at,updated_at) VALUES ('org_s17_cardeal_8083aecd673d603d','tenant_platform_seed','car_dealer','Okayogbane Motors','Okayogbane Motors',NULL,'active','seeded',unixepoch(),unixepoch());
INSERT OR IGNORE INTO profiles (id,subject_id,subject_type,primary_place_id,tenant_id,workspace_id,display_name,created_at,updated_at) VALUES ('prof_s17_cardeal_8083aecd673d603d','org_s17_cardeal_8083aecd673d603d','organization','place_nigeria_001','tenant_platform_seed','workspace_platform_seed_discovery','Okayogbane Motors',unixepoch(),unixepoch());
INSERT OR IGNORE INTO search_entries (id,profile_id,display_name,keywords,ancestry_path,vertical,created_at,updated_at) VALUES ('se_s17_cardeal_8083aecd673d603d','prof_s17_cardeal_8083aecd673d603d','Okayogbane Motors','okayogbane motors car dealer car dealer vehicle sales automobile motors nigeria','place_nigeria_001','commerce',unixepoch(),unixepoch());
INSERT OR IGNORE INTO seed_ingestion_records (id,seed_run_id,entity_type,entity_id,source_id,status) VALUES ('ir_s17_cardeal_8083aecd673d603d','seed_run_s17_cardeal_20260502','organization','org_s17_cardeal_8083aecd673d603d','seed_source_osm_cardeal_ng_s17_20260502','ingested');
INSERT OR IGNORE INTO seed_entity_sources (id,seed_run_id,entity_type,entity_id,source_id,confidence_tier) VALUES ('es_s17_cardeal_8083aecd673d603d','seed_run_s17_cardeal_20260502','organization','org_s17_cardeal_8083aecd673d603d','seed_source_osm_cardeal_ng_s17_20260502','seeded');
INSERT OR IGNORE INTO seed_enrichment (id,seed_run_id,entity_type,entity_id,enrichment_type,enrichment_json) VALUES ('enr_s17_cardeal_8083aecd673d603d','seed_run_s17_cardeal_20260502','organization','org_s17_cardeal_8083aecd673d603d','seed_source_osm_cardeal_ng_s17_20260502','{"osm_id": "5564688731", "osm_type": "node", "shop": "car", "brand": "", "operator": "", "addr_state": "", "addr_lga": ""}');

-- 25. Sa-Kay Motors
INSERT OR IGNORE INTO organizations (id,tenant_id,organization_type,legal_name,display_name,registration_number,status,verification_state,created_at,updated_at) VALUES ('org_s17_cardeal_d93c375f328759bb','tenant_platform_seed','car_dealer','Sa-Kay Motors','Sa-Kay Motors',NULL,'active','seeded',unixepoch(),unixepoch());
INSERT OR IGNORE INTO profiles (id,subject_id,subject_type,primary_place_id,tenant_id,workspace_id,display_name,created_at,updated_at) VALUES ('prof_s17_cardeal_d93c375f328759bb','org_s17_cardeal_d93c375f328759bb','organization','place_nigeria_001','tenant_platform_seed','workspace_platform_seed_discovery','Sa-Kay Motors',unixepoch(),unixepoch());
INSERT OR IGNORE INTO search_entries (id,profile_id,display_name,keywords,ancestry_path,vertical,created_at,updated_at) VALUES ('se_s17_cardeal_d93c375f328759bb','prof_s17_cardeal_d93c375f328759bb','Sa-Kay Motors','sa-kay motors car dealer car dealer vehicle sales automobile motors nigeria','place_nigeria_001','commerce',unixepoch(),unixepoch());
INSERT OR IGNORE INTO seed_ingestion_records (id,seed_run_id,entity_type,entity_id,source_id,status) VALUES ('ir_s17_cardeal_d93c375f328759bb','seed_run_s17_cardeal_20260502','organization','org_s17_cardeal_d93c375f328759bb','seed_source_osm_cardeal_ng_s17_20260502','ingested');
INSERT OR IGNORE INTO seed_entity_sources (id,seed_run_id,entity_type,entity_id,source_id,confidence_tier) VALUES ('es_s17_cardeal_d93c375f328759bb','seed_run_s17_cardeal_20260502','organization','org_s17_cardeal_d93c375f328759bb','seed_source_osm_cardeal_ng_s17_20260502','seeded');
INSERT OR IGNORE INTO seed_enrichment (id,seed_run_id,entity_type,entity_id,enrichment_type,enrichment_json) VALUES ('enr_s17_cardeal_d93c375f328759bb','seed_run_s17_cardeal_20260502','organization','org_s17_cardeal_d93c375f328759bb','seed_source_osm_cardeal_ng_s17_20260502','{"osm_id": "5564688936", "osm_type": "node", "shop": "car", "brand": "", "operator": "", "addr_state": "", "addr_lga": ""}');

-- 26. Aghogho Motors
INSERT OR IGNORE INTO organizations (id,tenant_id,organization_type,legal_name,display_name,registration_number,status,verification_state,created_at,updated_at) VALUES ('org_s17_cardeal_2805b2a76bd4c148','tenant_platform_seed','car_dealer','Aghogho Motors','Aghogho Motors',NULL,'active','seeded',unixepoch(),unixepoch());
INSERT OR IGNORE INTO profiles (id,subject_id,subject_type,primary_place_id,tenant_id,workspace_id,display_name,created_at,updated_at) VALUES ('prof_s17_cardeal_2805b2a76bd4c148','org_s17_cardeal_2805b2a76bd4c148','organization','place_nigeria_001','tenant_platform_seed','workspace_platform_seed_discovery','Aghogho Motors',unixepoch(),unixepoch());
INSERT OR IGNORE INTO search_entries (id,profile_id,display_name,keywords,ancestry_path,vertical,created_at,updated_at) VALUES ('se_s17_cardeal_2805b2a76bd4c148','prof_s17_cardeal_2805b2a76bd4c148','Aghogho Motors','aghogho motors car dealer car dealer vehicle sales automobile motors nigeria','place_nigeria_001','commerce',unixepoch(),unixepoch());
INSERT OR IGNORE INTO seed_ingestion_records (id,seed_run_id,entity_type,entity_id,source_id,status) VALUES ('ir_s17_cardeal_2805b2a76bd4c148','seed_run_s17_cardeal_20260502','organization','org_s17_cardeal_2805b2a76bd4c148','seed_source_osm_cardeal_ng_s17_20260502','ingested');
INSERT OR IGNORE INTO seed_entity_sources (id,seed_run_id,entity_type,entity_id,source_id,confidence_tier) VALUES ('es_s17_cardeal_2805b2a76bd4c148','seed_run_s17_cardeal_20260502','organization','org_s17_cardeal_2805b2a76bd4c148','seed_source_osm_cardeal_ng_s17_20260502','seeded');
INSERT OR IGNORE INTO seed_enrichment (id,seed_run_id,entity_type,entity_id,enrichment_type,enrichment_json) VALUES ('enr_s17_cardeal_2805b2a76bd4c148','seed_run_s17_cardeal_20260502','organization','org_s17_cardeal_2805b2a76bd4c148','seed_source_osm_cardeal_ng_s17_20260502','{"osm_id": "5564689331", "osm_type": "node", "shop": "car", "brand": "", "operator": "", "addr_state": "", "addr_lga": ""}');

-- 27. Babangida Shop
INSERT OR IGNORE INTO organizations (id,tenant_id,organization_type,legal_name,display_name,registration_number,status,verification_state,created_at,updated_at) VALUES ('org_s17_cardeal_eb1a817c07fb8a9f','tenant_platform_seed','motorcycle_dealer','Babangida Shop','Babangida Shop',NULL,'active','seeded',unixepoch(),unixepoch());
INSERT OR IGNORE INTO profiles (id,subject_id,subject_type,primary_place_id,tenant_id,workspace_id,display_name,created_at,updated_at) VALUES ('prof_s17_cardeal_eb1a817c07fb8a9f','org_s17_cardeal_eb1a817c07fb8a9f','organization','place_nigeria_001','tenant_platform_seed','workspace_platform_seed_discovery','Babangida Shop',unixepoch(),unixepoch());
INSERT OR IGNORE INTO search_entries (id,profile_id,display_name,keywords,ancestry_path,vertical,created_at,updated_at) VALUES ('se_s17_cardeal_eb1a817c07fb8a9f','prof_s17_cardeal_eb1a817c07fb8a9f','Babangida Shop','babangida shop motorcycle dealer car dealer vehicle sales automobile motors nigeria','place_nigeria_001','commerce',unixepoch(),unixepoch());
INSERT OR IGNORE INTO seed_ingestion_records (id,seed_run_id,entity_type,entity_id,source_id,status) VALUES ('ir_s17_cardeal_eb1a817c07fb8a9f','seed_run_s17_cardeal_20260502','organization','org_s17_cardeal_eb1a817c07fb8a9f','seed_source_osm_cardeal_ng_s17_20260502','ingested');
INSERT OR IGNORE INTO seed_entity_sources (id,seed_run_id,entity_type,entity_id,source_id,confidence_tier) VALUES ('es_s17_cardeal_eb1a817c07fb8a9f','seed_run_s17_cardeal_20260502','organization','org_s17_cardeal_eb1a817c07fb8a9f','seed_source_osm_cardeal_ng_s17_20260502','seeded');
INSERT OR IGNORE INTO seed_enrichment (id,seed_run_id,entity_type,entity_id,enrichment_type,enrichment_json) VALUES ('enr_s17_cardeal_eb1a817c07fb8a9f','seed_run_s17_cardeal_20260502','organization','org_s17_cardeal_eb1a817c07fb8a9f','seed_source_osm_cardeal_ng_s17_20260502','{"osm_id": "5566346721", "osm_type": "node", "shop": "motorcycle", "brand": "", "operator": "", "addr_state": "", "addr_lga": ""}');

-- 28. Alh. Babangida Shop
INSERT OR IGNORE INTO organizations (id,tenant_id,organization_type,legal_name,display_name,registration_number,status,verification_state,created_at,updated_at) VALUES ('org_s17_cardeal_592c3a86bf33c5e1','tenant_platform_seed','motorcycle_dealer','Alh. Babangida Shop','Alh. Babangida Shop',NULL,'active','seeded',unixepoch(),unixepoch());
INSERT OR IGNORE INTO profiles (id,subject_id,subject_type,primary_place_id,tenant_id,workspace_id,display_name,created_at,updated_at) VALUES ('prof_s17_cardeal_592c3a86bf33c5e1','org_s17_cardeal_592c3a86bf33c5e1','organization','place_nigeria_001','tenant_platform_seed','workspace_platform_seed_discovery','Alh. Babangida Shop',unixepoch(),unixepoch());
INSERT OR IGNORE INTO search_entries (id,profile_id,display_name,keywords,ancestry_path,vertical,created_at,updated_at) VALUES ('se_s17_cardeal_592c3a86bf33c5e1','prof_s17_cardeal_592c3a86bf33c5e1','Alh. Babangida Shop','alh. babangida shop motorcycle dealer car dealer vehicle sales automobile motors nigeria','place_nigeria_001','commerce',unixepoch(),unixepoch());
INSERT OR IGNORE INTO seed_ingestion_records (id,seed_run_id,entity_type,entity_id,source_id,status) VALUES ('ir_s17_cardeal_592c3a86bf33c5e1','seed_run_s17_cardeal_20260502','organization','org_s17_cardeal_592c3a86bf33c5e1','seed_source_osm_cardeal_ng_s17_20260502','ingested');
INSERT OR IGNORE INTO seed_entity_sources (id,seed_run_id,entity_type,entity_id,source_id,confidence_tier) VALUES ('es_s17_cardeal_592c3a86bf33c5e1','seed_run_s17_cardeal_20260502','organization','org_s17_cardeal_592c3a86bf33c5e1','seed_source_osm_cardeal_ng_s17_20260502','seeded');
INSERT OR IGNORE INTO seed_enrichment (id,seed_run_id,entity_type,entity_id,enrichment_type,enrichment_json) VALUES ('enr_s17_cardeal_592c3a86bf33c5e1','seed_run_s17_cardeal_20260502','organization','org_s17_cardeal_592c3a86bf33c5e1','seed_source_osm_cardeal_ng_s17_20260502','{"osm_id": "5566359221", "osm_type": "node", "shop": "motorcycle", "brand": "", "operator": "", "addr_state": "", "addr_lga": ""}');

-- 29. Damian Motors
INSERT OR IGNORE INTO organizations (id,tenant_id,organization_type,legal_name,display_name,registration_number,status,verification_state,created_at,updated_at) VALUES ('org_s17_cardeal_1827a00670a64f1d','tenant_platform_seed','car_dealer','Damian Motors','Damian Motors',NULL,'active','seeded',unixepoch(),unixepoch());
INSERT OR IGNORE INTO profiles (id,subject_id,subject_type,primary_place_id,tenant_id,workspace_id,display_name,created_at,updated_at) VALUES ('prof_s17_cardeal_1827a00670a64f1d','org_s17_cardeal_1827a00670a64f1d','organization','place_nigeria_001','tenant_platform_seed','workspace_platform_seed_discovery','Damian Motors',unixepoch(),unixepoch());
INSERT OR IGNORE INTO search_entries (id,profile_id,display_name,keywords,ancestry_path,vertical,created_at,updated_at) VALUES ('se_s17_cardeal_1827a00670a64f1d','prof_s17_cardeal_1827a00670a64f1d','Damian Motors','damian motors car dealer car dealer vehicle sales automobile motors nigeria','place_nigeria_001','commerce',unixepoch(),unixepoch());
INSERT OR IGNORE INTO seed_ingestion_records (id,seed_run_id,entity_type,entity_id,source_id,status) VALUES ('ir_s17_cardeal_1827a00670a64f1d','seed_run_s17_cardeal_20260502','organization','org_s17_cardeal_1827a00670a64f1d','seed_source_osm_cardeal_ng_s17_20260502','ingested');
INSERT OR IGNORE INTO seed_entity_sources (id,seed_run_id,entity_type,entity_id,source_id,confidence_tier) VALUES ('es_s17_cardeal_1827a00670a64f1d','seed_run_s17_cardeal_20260502','organization','org_s17_cardeal_1827a00670a64f1d','seed_source_osm_cardeal_ng_s17_20260502','seeded');
INSERT OR IGNORE INTO seed_enrichment (id,seed_run_id,entity_type,entity_id,enrichment_type,enrichment_json) VALUES ('enr_s17_cardeal_1827a00670a64f1d','seed_run_s17_cardeal_20260502','organization','org_s17_cardeal_1827a00670a64f1d','seed_source_osm_cardeal_ng_s17_20260502','{"osm_id": "5569759021", "osm_type": "node", "shop": "car", "brand": "", "operator": "", "addr_state": "", "addr_lga": ""}');

-- 30. PDT Engineering Ltd
INSERT OR IGNORE INTO organizations (id,tenant_id,organization_type,legal_name,display_name,registration_number,status,verification_state,created_at,updated_at) VALUES ('org_s17_cardeal_1174581036819272','tenant_platform_seed','car_dealer','PDT Engineering Ltd','PDT Engineering Ltd',NULL,'active','seeded',unixepoch(),unixepoch());
INSERT OR IGNORE INTO profiles (id,subject_id,subject_type,primary_place_id,tenant_id,workspace_id,display_name,created_at,updated_at) VALUES ('prof_s17_cardeal_1174581036819272','org_s17_cardeal_1174581036819272','organization','place_nigeria_001','tenant_platform_seed','workspace_platform_seed_discovery','PDT Engineering Ltd',unixepoch(),unixepoch());
INSERT OR IGNORE INTO search_entries (id,profile_id,display_name,keywords,ancestry_path,vertical,created_at,updated_at) VALUES ('se_s17_cardeal_1174581036819272','prof_s17_cardeal_1174581036819272','PDT Engineering Ltd','pdt engineering ltd car dealer car dealer vehicle sales automobile motors nigeria','place_nigeria_001','commerce',unixepoch(),unixepoch());
INSERT OR IGNORE INTO seed_ingestion_records (id,seed_run_id,entity_type,entity_id,source_id,status) VALUES ('ir_s17_cardeal_1174581036819272','seed_run_s17_cardeal_20260502','organization','org_s17_cardeal_1174581036819272','seed_source_osm_cardeal_ng_s17_20260502','ingested');
INSERT OR IGNORE INTO seed_entity_sources (id,seed_run_id,entity_type,entity_id,source_id,confidence_tier) VALUES ('es_s17_cardeal_1174581036819272','seed_run_s17_cardeal_20260502','organization','org_s17_cardeal_1174581036819272','seed_source_osm_cardeal_ng_s17_20260502','seeded');
INSERT OR IGNORE INTO seed_enrichment (id,seed_run_id,entity_type,entity_id,enrichment_type,enrichment_json) VALUES ('enr_s17_cardeal_1174581036819272','seed_run_s17_cardeal_20260502','organization','org_s17_cardeal_1174581036819272','seed_source_osm_cardeal_ng_s17_20260502','{"osm_id": "5589839425", "osm_type": "node", "shop": "car", "brand": "", "operator": "", "addr_state": "", "addr_lga": ""}');

-- 31. St. Bob Motors
INSERT OR IGNORE INTO organizations (id,tenant_id,organization_type,legal_name,display_name,registration_number,status,verification_state,created_at,updated_at) VALUES ('org_s17_cardeal_d5a696bd980013f8','tenant_platform_seed','car_dealer','St. Bob Motors','St. Bob Motors',NULL,'active','seeded',unixepoch(),unixepoch());
INSERT OR IGNORE INTO profiles (id,subject_id,subject_type,primary_place_id,tenant_id,workspace_id,display_name,created_at,updated_at) VALUES ('prof_s17_cardeal_d5a696bd980013f8','org_s17_cardeal_d5a696bd980013f8','organization','place_nigeria_001','tenant_platform_seed','workspace_platform_seed_discovery','St. Bob Motors',unixepoch(),unixepoch());
INSERT OR IGNORE INTO search_entries (id,profile_id,display_name,keywords,ancestry_path,vertical,created_at,updated_at) VALUES ('se_s17_cardeal_d5a696bd980013f8','prof_s17_cardeal_d5a696bd980013f8','St. Bob Motors','st. bob motors car dealer car dealer vehicle sales automobile motors nigeria','place_nigeria_001','commerce',unixepoch(),unixepoch());
INSERT OR IGNORE INTO seed_ingestion_records (id,seed_run_id,entity_type,entity_id,source_id,status) VALUES ('ir_s17_cardeal_d5a696bd980013f8','seed_run_s17_cardeal_20260502','organization','org_s17_cardeal_d5a696bd980013f8','seed_source_osm_cardeal_ng_s17_20260502','ingested');
INSERT OR IGNORE INTO seed_entity_sources (id,seed_run_id,entity_type,entity_id,source_id,confidence_tier) VALUES ('es_s17_cardeal_d5a696bd980013f8','seed_run_s17_cardeal_20260502','organization','org_s17_cardeal_d5a696bd980013f8','seed_source_osm_cardeal_ng_s17_20260502','seeded');
INSERT OR IGNORE INTO seed_enrichment (id,seed_run_id,entity_type,entity_id,enrichment_type,enrichment_json) VALUES ('enr_s17_cardeal_d5a696bd980013f8','seed_run_s17_cardeal_20260502','organization','org_s17_cardeal_d5a696bd980013f8','seed_source_osm_cardeal_ng_s17_20260502','{"osm_id": "5597045332", "osm_type": "node", "shop": "car", "brand": "", "operator": "", "addr_state": "", "addr_lga": ""}');

-- 32. Mimi Motors
INSERT OR IGNORE INTO organizations (id,tenant_id,organization_type,legal_name,display_name,registration_number,status,verification_state,created_at,updated_at) VALUES ('org_s17_cardeal_efb3e8ceba5b4bb0','tenant_platform_seed','car_dealer','Mimi Motors','Mimi Motors',NULL,'active','seeded',unixepoch(),unixepoch());
INSERT OR IGNORE INTO profiles (id,subject_id,subject_type,primary_place_id,tenant_id,workspace_id,display_name,created_at,updated_at) VALUES ('prof_s17_cardeal_efb3e8ceba5b4bb0','org_s17_cardeal_efb3e8ceba5b4bb0','organization','place_nigeria_001','tenant_platform_seed','workspace_platform_seed_discovery','Mimi Motors',unixepoch(),unixepoch());
INSERT OR IGNORE INTO search_entries (id,profile_id,display_name,keywords,ancestry_path,vertical,created_at,updated_at) VALUES ('se_s17_cardeal_efb3e8ceba5b4bb0','prof_s17_cardeal_efb3e8ceba5b4bb0','Mimi Motors','mimi motors car dealer car dealer vehicle sales automobile motors nigeria','place_nigeria_001','commerce',unixepoch(),unixepoch());
INSERT OR IGNORE INTO seed_ingestion_records (id,seed_run_id,entity_type,entity_id,source_id,status) VALUES ('ir_s17_cardeal_efb3e8ceba5b4bb0','seed_run_s17_cardeal_20260502','organization','org_s17_cardeal_efb3e8ceba5b4bb0','seed_source_osm_cardeal_ng_s17_20260502','ingested');
INSERT OR IGNORE INTO seed_entity_sources (id,seed_run_id,entity_type,entity_id,source_id,confidence_tier) VALUES ('es_s17_cardeal_efb3e8ceba5b4bb0','seed_run_s17_cardeal_20260502','organization','org_s17_cardeal_efb3e8ceba5b4bb0','seed_source_osm_cardeal_ng_s17_20260502','seeded');
INSERT OR IGNORE INTO seed_enrichment (id,seed_run_id,entity_type,entity_id,enrichment_type,enrichment_json) VALUES ('enr_s17_cardeal_efb3e8ceba5b4bb0','seed_run_s17_cardeal_20260502','organization','org_s17_cardeal_efb3e8ceba5b4bb0','seed_source_osm_cardeal_ng_s17_20260502','{"osm_id": "5597054322", "osm_type": "node", "shop": "car", "brand": "", "operator": "", "addr_state": "", "addr_lga": ""}');

-- 33. Effect Motors
INSERT OR IGNORE INTO organizations (id,tenant_id,organization_type,legal_name,display_name,registration_number,status,verification_state,created_at,updated_at) VALUES ('org_s17_cardeal_4ad194d4f37438d2','tenant_platform_seed','car_dealer','Effect Motors','Effect Motors',NULL,'active','seeded',unixepoch(),unixepoch());
INSERT OR IGNORE INTO profiles (id,subject_id,subject_type,primary_place_id,tenant_id,workspace_id,display_name,created_at,updated_at) VALUES ('prof_s17_cardeal_4ad194d4f37438d2','org_s17_cardeal_4ad194d4f37438d2','organization','place_nigeria_001','tenant_platform_seed','workspace_platform_seed_discovery','Effect Motors',unixepoch(),unixepoch());
INSERT OR IGNORE INTO search_entries (id,profile_id,display_name,keywords,ancestry_path,vertical,created_at,updated_at) VALUES ('se_s17_cardeal_4ad194d4f37438d2','prof_s17_cardeal_4ad194d4f37438d2','Effect Motors','effect motors car dealer car dealer vehicle sales automobile motors nigeria','place_nigeria_001','commerce',unixepoch(),unixepoch());
INSERT OR IGNORE INTO seed_ingestion_records (id,seed_run_id,entity_type,entity_id,source_id,status) VALUES ('ir_s17_cardeal_4ad194d4f37438d2','seed_run_s17_cardeal_20260502','organization','org_s17_cardeal_4ad194d4f37438d2','seed_source_osm_cardeal_ng_s17_20260502','ingested');
INSERT OR IGNORE INTO seed_entity_sources (id,seed_run_id,entity_type,entity_id,source_id,confidence_tier) VALUES ('es_s17_cardeal_4ad194d4f37438d2','seed_run_s17_cardeal_20260502','organization','org_s17_cardeal_4ad194d4f37438d2','seed_source_osm_cardeal_ng_s17_20260502','seeded');
INSERT OR IGNORE INTO seed_enrichment (id,seed_run_id,entity_type,entity_id,enrichment_type,enrichment_json) VALUES ('enr_s17_cardeal_4ad194d4f37438d2','seed_run_s17_cardeal_20260502','organization','org_s17_cardeal_4ad194d4f37438d2','seed_source_osm_cardeal_ng_s17_20260502','{"osm_id": "5599578848", "osm_type": "node", "shop": "car", "brand": "", "operator": "", "addr_state": "", "addr_lga": ""}');

-- 34. Jamil Motors
INSERT OR IGNORE INTO organizations (id,tenant_id,organization_type,legal_name,display_name,registration_number,status,verification_state,created_at,updated_at) VALUES ('org_s17_cardeal_db95ca5182174951','tenant_platform_seed','car_dealer','Jamil Motors','Jamil Motors',NULL,'active','seeded',unixepoch(),unixepoch());
INSERT OR IGNORE INTO profiles (id,subject_id,subject_type,primary_place_id,tenant_id,workspace_id,display_name,created_at,updated_at) VALUES ('prof_s17_cardeal_db95ca5182174951','org_s17_cardeal_db95ca5182174951','organization','place_nigeria_001','tenant_platform_seed','workspace_platform_seed_discovery','Jamil Motors',unixepoch(),unixepoch());
INSERT OR IGNORE INTO search_entries (id,profile_id,display_name,keywords,ancestry_path,vertical,created_at,updated_at) VALUES ('se_s17_cardeal_db95ca5182174951','prof_s17_cardeal_db95ca5182174951','Jamil Motors','jamil motors car dealer car dealer vehicle sales automobile motors nigeria','place_nigeria_001','commerce',unixepoch(),unixepoch());
INSERT OR IGNORE INTO seed_ingestion_records (id,seed_run_id,entity_type,entity_id,source_id,status) VALUES ('ir_s17_cardeal_db95ca5182174951','seed_run_s17_cardeal_20260502','organization','org_s17_cardeal_db95ca5182174951','seed_source_osm_cardeal_ng_s17_20260502','ingested');
INSERT OR IGNORE INTO seed_entity_sources (id,seed_run_id,entity_type,entity_id,source_id,confidence_tier) VALUES ('es_s17_cardeal_db95ca5182174951','seed_run_s17_cardeal_20260502','organization','org_s17_cardeal_db95ca5182174951','seed_source_osm_cardeal_ng_s17_20260502','seeded');
INSERT OR IGNORE INTO seed_enrichment (id,seed_run_id,entity_type,entity_id,enrichment_type,enrichment_json) VALUES ('enr_s17_cardeal_db95ca5182174951','seed_run_s17_cardeal_20260502','organization','org_s17_cardeal_db95ca5182174951','seed_source_osm_cardeal_ng_s17_20260502','{"osm_id": "5599579426", "osm_type": "node", "shop": "car", "brand": "", "operator": "", "addr_state": "", "addr_lga": ""}');

-- 35. Toyota
INSERT OR IGNORE INTO organizations (id,tenant_id,organization_type,legal_name,display_name,registration_number,status,verification_state,created_at,updated_at) VALUES ('org_s17_cardeal_fde8767fc3fbbc9b','tenant_platform_seed','car_dealer','Toyota','Toyota',NULL,'active','seeded',unixepoch(),unixepoch());
INSERT OR IGNORE INTO profiles (id,subject_id,subject_type,primary_place_id,tenant_id,workspace_id,display_name,created_at,updated_at) VALUES ('prof_s17_cardeal_fde8767fc3fbbc9b','org_s17_cardeal_fde8767fc3fbbc9b','organization','place_nigeria_001','tenant_platform_seed','workspace_platform_seed_discovery','Toyota',unixepoch(),unixepoch());
INSERT OR IGNORE INTO search_entries (id,profile_id,display_name,keywords,ancestry_path,vertical,created_at,updated_at) VALUES ('se_s17_cardeal_fde8767fc3fbbc9b','prof_s17_cardeal_fde8767fc3fbbc9b','Toyota','toyota car dealer car dealer vehicle sales automobile motors nigeria','place_nigeria_001','commerce',unixepoch(),unixepoch());
INSERT OR IGNORE INTO seed_ingestion_records (id,seed_run_id,entity_type,entity_id,source_id,status) VALUES ('ir_s17_cardeal_fde8767fc3fbbc9b','seed_run_s17_cardeal_20260502','organization','org_s17_cardeal_fde8767fc3fbbc9b','seed_source_osm_cardeal_ng_s17_20260502','ingested');
INSERT OR IGNORE INTO seed_entity_sources (id,seed_run_id,entity_type,entity_id,source_id,confidence_tier) VALUES ('es_s17_cardeal_fde8767fc3fbbc9b','seed_run_s17_cardeal_20260502','organization','org_s17_cardeal_fde8767fc3fbbc9b','seed_source_osm_cardeal_ng_s17_20260502','seeded');
INSERT OR IGNORE INTO seed_enrichment (id,seed_run_id,entity_type,entity_id,enrichment_type,enrichment_json) VALUES ('enr_s17_cardeal_fde8767fc3fbbc9b','seed_run_s17_cardeal_20260502','organization','org_s17_cardeal_fde8767fc3fbbc9b','seed_source_osm_cardeal_ng_s17_20260502','{"osm_id": "5599599622", "osm_type": "node", "shop": "car", "brand": "Toyota", "operator": "", "addr_state": "", "addr_lga": ""}');

-- 36. CFAO Motors
INSERT OR IGNORE INTO organizations (id,tenant_id,organization_type,legal_name,display_name,registration_number,status,verification_state,created_at,updated_at) VALUES ('org_s17_cardeal_8b69d3b2d899c52e','tenant_platform_seed','car_dealer','CFAO Motors','CFAO Motors',NULL,'active','seeded',unixepoch(),unixepoch());
INSERT OR IGNORE INTO profiles (id,subject_id,subject_type,primary_place_id,tenant_id,workspace_id,display_name,created_at,updated_at) VALUES ('prof_s17_cardeal_8b69d3b2d899c52e','org_s17_cardeal_8b69d3b2d899c52e','organization','place_nigeria_001','tenant_platform_seed','workspace_platform_seed_discovery','CFAO Motors',unixepoch(),unixepoch());
INSERT OR IGNORE INTO search_entries (id,profile_id,display_name,keywords,ancestry_path,vertical,created_at,updated_at) VALUES ('se_s17_cardeal_8b69d3b2d899c52e','prof_s17_cardeal_8b69d3b2d899c52e','CFAO Motors','cfao motors car dealer car dealer vehicle sales automobile motors nigeria','place_nigeria_001','commerce',unixepoch(),unixepoch());
INSERT OR IGNORE INTO seed_ingestion_records (id,seed_run_id,entity_type,entity_id,source_id,status) VALUES ('ir_s17_cardeal_8b69d3b2d899c52e','seed_run_s17_cardeal_20260502','organization','org_s17_cardeal_8b69d3b2d899c52e','seed_source_osm_cardeal_ng_s17_20260502','ingested');
INSERT OR IGNORE INTO seed_entity_sources (id,seed_run_id,entity_type,entity_id,source_id,confidence_tier) VALUES ('es_s17_cardeal_8b69d3b2d899c52e','seed_run_s17_cardeal_20260502','organization','org_s17_cardeal_8b69d3b2d899c52e','seed_source_osm_cardeal_ng_s17_20260502','seeded');
INSERT OR IGNORE INTO seed_enrichment (id,seed_run_id,entity_type,entity_id,enrichment_type,enrichment_json) VALUES ('enr_s17_cardeal_8b69d3b2d899c52e','seed_run_s17_cardeal_20260502','organization','org_s17_cardeal_8b69d3b2d899c52e','seed_source_osm_cardeal_ng_s17_20260502','{"osm_id": "5599599729", "osm_type": "node", "shop": "car", "brand": "", "operator": "", "addr_state": "", "addr_lga": ""}');

-- 37. Garku Motors
INSERT OR IGNORE INTO organizations (id,tenant_id,organization_type,legal_name,display_name,registration_number,status,verification_state,created_at,updated_at) VALUES ('org_s17_cardeal_abf3bf722d254231','tenant_platform_seed','car_dealer','Garku Motors','Garku Motors',NULL,'active','seeded',unixepoch(),unixepoch());
INSERT OR IGNORE INTO profiles (id,subject_id,subject_type,primary_place_id,tenant_id,workspace_id,display_name,created_at,updated_at) VALUES ('prof_s17_cardeal_abf3bf722d254231','org_s17_cardeal_abf3bf722d254231','organization','place_nigeria_001','tenant_platform_seed','workspace_platform_seed_discovery','Garku Motors',unixepoch(),unixepoch());
INSERT OR IGNORE INTO search_entries (id,profile_id,display_name,keywords,ancestry_path,vertical,created_at,updated_at) VALUES ('se_s17_cardeal_abf3bf722d254231','prof_s17_cardeal_abf3bf722d254231','Garku Motors','garku motors car dealer car dealer vehicle sales automobile motors nigeria','place_nigeria_001','commerce',unixepoch(),unixepoch());
INSERT OR IGNORE INTO seed_ingestion_records (id,seed_run_id,entity_type,entity_id,source_id,status) VALUES ('ir_s17_cardeal_abf3bf722d254231','seed_run_s17_cardeal_20260502','organization','org_s17_cardeal_abf3bf722d254231','seed_source_osm_cardeal_ng_s17_20260502','ingested');
INSERT OR IGNORE INTO seed_entity_sources (id,seed_run_id,entity_type,entity_id,source_id,confidence_tier) VALUES ('es_s17_cardeal_abf3bf722d254231','seed_run_s17_cardeal_20260502','organization','org_s17_cardeal_abf3bf722d254231','seed_source_osm_cardeal_ng_s17_20260502','seeded');
INSERT OR IGNORE INTO seed_enrichment (id,seed_run_id,entity_type,entity_id,enrichment_type,enrichment_json) VALUES ('enr_s17_cardeal_abf3bf722d254231','seed_run_s17_cardeal_20260502','organization','org_s17_cardeal_abf3bf722d254231','seed_source_osm_cardeal_ng_s17_20260502','{"osm_id": "5599601122", "osm_type": "node", "shop": "car", "brand": "", "operator": "", "addr_state": "", "addr_lga": ""}');

-- 38. Al-fijir Motor
INSERT OR IGNORE INTO organizations (id,tenant_id,organization_type,legal_name,display_name,registration_number,status,verification_state,created_at,updated_at) VALUES ('org_s17_cardeal_98ab9d1770860e53','tenant_platform_seed','motorcycle_dealer','Al-fijir Motor','Al-fijir Motor',NULL,'active','seeded',unixepoch(),unixepoch());
INSERT OR IGNORE INTO profiles (id,subject_id,subject_type,primary_place_id,tenant_id,workspace_id,display_name,created_at,updated_at) VALUES ('prof_s17_cardeal_98ab9d1770860e53','org_s17_cardeal_98ab9d1770860e53','organization','place_nigeria_001','tenant_platform_seed','workspace_platform_seed_discovery','Al-fijir Motor',unixepoch(),unixepoch());
INSERT OR IGNORE INTO search_entries (id,profile_id,display_name,keywords,ancestry_path,vertical,created_at,updated_at) VALUES ('se_s17_cardeal_98ab9d1770860e53','prof_s17_cardeal_98ab9d1770860e53','Al-fijir Motor','al-fijir motor motorcycle dealer car dealer vehicle sales automobile motors nigeria','place_nigeria_001','commerce',unixepoch(),unixepoch());
INSERT OR IGNORE INTO seed_ingestion_records (id,seed_run_id,entity_type,entity_id,source_id,status) VALUES ('ir_s17_cardeal_98ab9d1770860e53','seed_run_s17_cardeal_20260502','organization','org_s17_cardeal_98ab9d1770860e53','seed_source_osm_cardeal_ng_s17_20260502','ingested');
INSERT OR IGNORE INTO seed_entity_sources (id,seed_run_id,entity_type,entity_id,source_id,confidence_tier) VALUES ('es_s17_cardeal_98ab9d1770860e53','seed_run_s17_cardeal_20260502','organization','org_s17_cardeal_98ab9d1770860e53','seed_source_osm_cardeal_ng_s17_20260502','seeded');
INSERT OR IGNORE INTO seed_enrichment (id,seed_run_id,entity_type,entity_id,enrichment_type,enrichment_json) VALUES ('enr_s17_cardeal_98ab9d1770860e53','seed_run_s17_cardeal_20260502','organization','org_s17_cardeal_98ab9d1770860e53','seed_source_osm_cardeal_ng_s17_20260502','{"osm_id": "5624753722", "osm_type": "node", "shop": "motorcycle", "brand": "", "operator": "", "addr_state": "", "addr_lga": ""}');

-- 39. Miller Investment
INSERT OR IGNORE INTO organizations (id,tenant_id,organization_type,legal_name,display_name,registration_number,status,verification_state,created_at,updated_at) VALUES ('org_s17_cardeal_eec8e2983fff3d85','tenant_platform_seed','motorcycle_dealer','Miller Investment','Miller Investment',NULL,'active','seeded',unixepoch(),unixepoch());
INSERT OR IGNORE INTO profiles (id,subject_id,subject_type,primary_place_id,tenant_id,workspace_id,display_name,created_at,updated_at) VALUES ('prof_s17_cardeal_eec8e2983fff3d85','org_s17_cardeal_eec8e2983fff3d85','organization','place_nigeria_001','tenant_platform_seed','workspace_platform_seed_discovery','Miller Investment',unixepoch(),unixepoch());
INSERT OR IGNORE INTO search_entries (id,profile_id,display_name,keywords,ancestry_path,vertical,created_at,updated_at) VALUES ('se_s17_cardeal_eec8e2983fff3d85','prof_s17_cardeal_eec8e2983fff3d85','Miller Investment','miller investment motorcycle dealer car dealer vehicle sales automobile motors nigeria','place_nigeria_001','commerce',unixepoch(),unixepoch());
INSERT OR IGNORE INTO seed_ingestion_records (id,seed_run_id,entity_type,entity_id,source_id,status) VALUES ('ir_s17_cardeal_eec8e2983fff3d85','seed_run_s17_cardeal_20260502','organization','org_s17_cardeal_eec8e2983fff3d85','seed_source_osm_cardeal_ng_s17_20260502','ingested');
INSERT OR IGNORE INTO seed_entity_sources (id,seed_run_id,entity_type,entity_id,source_id,confidence_tier) VALUES ('es_s17_cardeal_eec8e2983fff3d85','seed_run_s17_cardeal_20260502','organization','org_s17_cardeal_eec8e2983fff3d85','seed_source_osm_cardeal_ng_s17_20260502','seeded');
INSERT OR IGNORE INTO seed_enrichment (id,seed_run_id,entity_type,entity_id,enrichment_type,enrichment_json) VALUES ('enr_s17_cardeal_eec8e2983fff3d85','seed_run_s17_cardeal_20260502','organization','org_s17_cardeal_eec8e2983fff3d85','seed_source_osm_cardeal_ng_s17_20260502','{"osm_id": "5626112422", "osm_type": "node", "shop": "motorcycle", "brand": "", "operator": "", "addr_state": "", "addr_lga": ""}');

-- 40. Alh Salisu Zaria
INSERT OR IGNORE INTO organizations (id,tenant_id,organization_type,legal_name,display_name,registration_number,status,verification_state,created_at,updated_at) VALUES ('org_s17_cardeal_588ad04108a82a34','tenant_platform_seed','motorcycle_dealer','Alh Salisu Zaria','Alh Salisu Zaria',NULL,'active','seeded',unixepoch(),unixepoch());
INSERT OR IGNORE INTO profiles (id,subject_id,subject_type,primary_place_id,tenant_id,workspace_id,display_name,created_at,updated_at) VALUES ('prof_s17_cardeal_588ad04108a82a34','org_s17_cardeal_588ad04108a82a34','organization','place_nigeria_001','tenant_platform_seed','workspace_platform_seed_discovery','Alh Salisu Zaria',unixepoch(),unixepoch());
INSERT OR IGNORE INTO search_entries (id,profile_id,display_name,keywords,ancestry_path,vertical,created_at,updated_at) VALUES ('se_s17_cardeal_588ad04108a82a34','prof_s17_cardeal_588ad04108a82a34','Alh Salisu Zaria','alh salisu zaria motorcycle dealer car dealer vehicle sales automobile motors nigeria','place_nigeria_001','commerce',unixepoch(),unixepoch());
INSERT OR IGNORE INTO seed_ingestion_records (id,seed_run_id,entity_type,entity_id,source_id,status) VALUES ('ir_s17_cardeal_588ad04108a82a34','seed_run_s17_cardeal_20260502','organization','org_s17_cardeal_588ad04108a82a34','seed_source_osm_cardeal_ng_s17_20260502','ingested');
INSERT OR IGNORE INTO seed_entity_sources (id,seed_run_id,entity_type,entity_id,source_id,confidence_tier) VALUES ('es_s17_cardeal_588ad04108a82a34','seed_run_s17_cardeal_20260502','organization','org_s17_cardeal_588ad04108a82a34','seed_source_osm_cardeal_ng_s17_20260502','seeded');
INSERT OR IGNORE INTO seed_enrichment (id,seed_run_id,entity_type,entity_id,enrichment_type,enrichment_json) VALUES ('enr_s17_cardeal_588ad04108a82a34','seed_run_s17_cardeal_20260502','organization','org_s17_cardeal_588ad04108a82a34','seed_source_osm_cardeal_ng_s17_20260502','{"osm_id": "5626824122", "osm_type": "node", "shop": "motorcycle", "brand": "", "operator": "", "addr_state": "", "addr_lga": ""}');

-- 41. Tony Moore
INSERT OR IGNORE INTO organizations (id,tenant_id,organization_type,legal_name,display_name,registration_number,status,verification_state,created_at,updated_at) VALUES ('org_s17_cardeal_a92dccc0e5ecd9e4','tenant_platform_seed','motorcycle_dealer','Tony Moore','Tony Moore',NULL,'active','seeded',unixepoch(),unixepoch());
INSERT OR IGNORE INTO profiles (id,subject_id,subject_type,primary_place_id,tenant_id,workspace_id,display_name,created_at,updated_at) VALUES ('prof_s17_cardeal_a92dccc0e5ecd9e4','org_s17_cardeal_a92dccc0e5ecd9e4','organization','place_nigeria_001','tenant_platform_seed','workspace_platform_seed_discovery','Tony Moore',unixepoch(),unixepoch());
INSERT OR IGNORE INTO search_entries (id,profile_id,display_name,keywords,ancestry_path,vertical,created_at,updated_at) VALUES ('se_s17_cardeal_a92dccc0e5ecd9e4','prof_s17_cardeal_a92dccc0e5ecd9e4','Tony Moore','tony moore motorcycle dealer car dealer vehicle sales automobile motors nigeria','place_nigeria_001','commerce',unixepoch(),unixepoch());
INSERT OR IGNORE INTO seed_ingestion_records (id,seed_run_id,entity_type,entity_id,source_id,status) VALUES ('ir_s17_cardeal_a92dccc0e5ecd9e4','seed_run_s17_cardeal_20260502','organization','org_s17_cardeal_a92dccc0e5ecd9e4','seed_source_osm_cardeal_ng_s17_20260502','ingested');
INSERT OR IGNORE INTO seed_entity_sources (id,seed_run_id,entity_type,entity_id,source_id,confidence_tier) VALUES ('es_s17_cardeal_a92dccc0e5ecd9e4','seed_run_s17_cardeal_20260502','organization','org_s17_cardeal_a92dccc0e5ecd9e4','seed_source_osm_cardeal_ng_s17_20260502','seeded');
INSERT OR IGNORE INTO seed_enrichment (id,seed_run_id,entity_type,entity_id,enrichment_type,enrichment_json) VALUES ('enr_s17_cardeal_a92dccc0e5ecd9e4','seed_run_s17_cardeal_20260502','organization','org_s17_cardeal_a92dccc0e5ecd9e4','seed_source_osm_cardeal_ng_s17_20260502','{"osm_id": "5632841624", "osm_type": "node", "shop": "motorcycle", "brand": "", "operator": "", "addr_state": "", "addr_lga": ""}');

-- 42. TVS display
INSERT OR IGNORE INTO organizations (id,tenant_id,organization_type,legal_name,display_name,registration_number,status,verification_state,created_at,updated_at) VALUES ('org_s17_cardeal_243f018cfae2557d','tenant_platform_seed','motorcycle_dealer','TVS display','TVS display',NULL,'active','seeded',unixepoch(),unixepoch());
INSERT OR IGNORE INTO profiles (id,subject_id,subject_type,primary_place_id,tenant_id,workspace_id,display_name,created_at,updated_at) VALUES ('prof_s17_cardeal_243f018cfae2557d','org_s17_cardeal_243f018cfae2557d','organization','place_nigeria_001','tenant_platform_seed','workspace_platform_seed_discovery','TVS display',unixepoch(),unixepoch());
INSERT OR IGNORE INTO search_entries (id,profile_id,display_name,keywords,ancestry_path,vertical,created_at,updated_at) VALUES ('se_s17_cardeal_243f018cfae2557d','prof_s17_cardeal_243f018cfae2557d','TVS display','tvs display motorcycle dealer car dealer vehicle sales automobile motors nigeria','place_nigeria_001','commerce',unixepoch(),unixepoch());
INSERT OR IGNORE INTO seed_ingestion_records (id,seed_run_id,entity_type,entity_id,source_id,status) VALUES ('ir_s17_cardeal_243f018cfae2557d','seed_run_s17_cardeal_20260502','organization','org_s17_cardeal_243f018cfae2557d','seed_source_osm_cardeal_ng_s17_20260502','ingested');
INSERT OR IGNORE INTO seed_entity_sources (id,seed_run_id,entity_type,entity_id,source_id,confidence_tier) VALUES ('es_s17_cardeal_243f018cfae2557d','seed_run_s17_cardeal_20260502','organization','org_s17_cardeal_243f018cfae2557d','seed_source_osm_cardeal_ng_s17_20260502','seeded');
INSERT OR IGNORE INTO seed_enrichment (id,seed_run_id,entity_type,entity_id,enrichment_type,enrichment_json) VALUES ('enr_s17_cardeal_243f018cfae2557d','seed_run_s17_cardeal_20260502','organization','org_s17_cardeal_243f018cfae2557d','seed_source_osm_cardeal_ng_s17_20260502','{"osm_id": "5658650622", "osm_type": "node", "shop": "motorcycle", "brand": "", "operator": "", "addr_state": "", "addr_lga": ""}');

-- 43. Almas Resources
INSERT OR IGNORE INTO organizations (id,tenant_id,organization_type,legal_name,display_name,registration_number,status,verification_state,created_at,updated_at) VALUES ('org_s17_cardeal_68172be14dc6c3ba','tenant_platform_seed','motorcycle_dealer','Almas Resources','Almas Resources',NULL,'active','seeded',unixepoch(),unixepoch());
INSERT OR IGNORE INTO profiles (id,subject_id,subject_type,primary_place_id,tenant_id,workspace_id,display_name,created_at,updated_at) VALUES ('prof_s17_cardeal_68172be14dc6c3ba','org_s17_cardeal_68172be14dc6c3ba','organization','place_nigeria_001','tenant_platform_seed','workspace_platform_seed_discovery','Almas Resources',unixepoch(),unixepoch());
INSERT OR IGNORE INTO search_entries (id,profile_id,display_name,keywords,ancestry_path,vertical,created_at,updated_at) VALUES ('se_s17_cardeal_68172be14dc6c3ba','prof_s17_cardeal_68172be14dc6c3ba','Almas Resources','almas resources motorcycle dealer car dealer vehicle sales automobile motors nigeria','place_nigeria_001','commerce',unixepoch(),unixepoch());
INSERT OR IGNORE INTO seed_ingestion_records (id,seed_run_id,entity_type,entity_id,source_id,status) VALUES ('ir_s17_cardeal_68172be14dc6c3ba','seed_run_s17_cardeal_20260502','organization','org_s17_cardeal_68172be14dc6c3ba','seed_source_osm_cardeal_ng_s17_20260502','ingested');
INSERT OR IGNORE INTO seed_entity_sources (id,seed_run_id,entity_type,entity_id,source_id,confidence_tier) VALUES ('es_s17_cardeal_68172be14dc6c3ba','seed_run_s17_cardeal_20260502','organization','org_s17_cardeal_68172be14dc6c3ba','seed_source_osm_cardeal_ng_s17_20260502','seeded');
INSERT OR IGNORE INTO seed_enrichment (id,seed_run_id,entity_type,entity_id,enrichment_type,enrichment_json) VALUES ('enr_s17_cardeal_68172be14dc6c3ba','seed_run_s17_cardeal_20260502','organization','org_s17_cardeal_68172be14dc6c3ba','seed_source_osm_cardeal_ng_s17_20260502','{"osm_id": "5686926024", "osm_type": "node", "shop": "motorcycle", "brand": "", "operator": "", "addr_state": "", "addr_lga": ""}');

-- 44. Abubakar Mansor Spare Parts Shop
INSERT OR IGNORE INTO organizations (id,tenant_id,organization_type,legal_name,display_name,registration_number,status,verification_state,created_at,updated_at) VALUES ('org_s17_cardeal_1621a1345ca941d0','tenant_platform_seed','motorcycle_dealer','Abubakar Mansor Spare Parts Shop','Abubakar Mansor Spare Parts Shop',NULL,'active','seeded',unixepoch(),unixepoch());
INSERT OR IGNORE INTO profiles (id,subject_id,subject_type,primary_place_id,tenant_id,workspace_id,display_name,created_at,updated_at) VALUES ('prof_s17_cardeal_1621a1345ca941d0','org_s17_cardeal_1621a1345ca941d0','organization','place_nigeria_001','tenant_platform_seed','workspace_platform_seed_discovery','Abubakar Mansor Spare Parts Shop',unixepoch(),unixepoch());
INSERT OR IGNORE INTO search_entries (id,profile_id,display_name,keywords,ancestry_path,vertical,created_at,updated_at) VALUES ('se_s17_cardeal_1621a1345ca941d0','prof_s17_cardeal_1621a1345ca941d0','Abubakar Mansor Spare Parts Shop','abubakar mansor spare parts shop motorcycle dealer car dealer vehicle sales automobile motors nigeria','place_nigeria_001','commerce',unixepoch(),unixepoch());
INSERT OR IGNORE INTO seed_ingestion_records (id,seed_run_id,entity_type,entity_id,source_id,status) VALUES ('ir_s17_cardeal_1621a1345ca941d0','seed_run_s17_cardeal_20260502','organization','org_s17_cardeal_1621a1345ca941d0','seed_source_osm_cardeal_ng_s17_20260502','ingested');
INSERT OR IGNORE INTO seed_entity_sources (id,seed_run_id,entity_type,entity_id,source_id,confidence_tier) VALUES ('es_s17_cardeal_1621a1345ca941d0','seed_run_s17_cardeal_20260502','organization','org_s17_cardeal_1621a1345ca941d0','seed_source_osm_cardeal_ng_s17_20260502','seeded');
INSERT OR IGNORE INTO seed_enrichment (id,seed_run_id,entity_type,entity_id,enrichment_type,enrichment_json) VALUES ('enr_s17_cardeal_1621a1345ca941d0','seed_run_s17_cardeal_20260502','organization','org_s17_cardeal_1621a1345ca941d0','seed_source_osm_cardeal_ng_s17_20260502','{"osm_id": "5686944722", "osm_type": "node", "shop": "motorcycle", "brand": "", "operator": "", "addr_state": "", "addr_lga": ""}');

-- 45. Automobile centre
INSERT OR IGNORE INTO organizations (id,tenant_id,organization_type,legal_name,display_name,registration_number,status,verification_state,created_at,updated_at) VALUES ('org_s17_cardeal_a73cd51d2b0eb646','tenant_platform_seed','car_dealer','Automobile centre','Automobile centre',NULL,'active','seeded',unixepoch(),unixepoch());
INSERT OR IGNORE INTO profiles (id,subject_id,subject_type,primary_place_id,tenant_id,workspace_id,display_name,created_at,updated_at) VALUES ('prof_s17_cardeal_a73cd51d2b0eb646','org_s17_cardeal_a73cd51d2b0eb646','organization','place_nigeria_001','tenant_platform_seed','workspace_platform_seed_discovery','Automobile centre',unixepoch(),unixepoch());
INSERT OR IGNORE INTO search_entries (id,profile_id,display_name,keywords,ancestry_path,vertical,created_at,updated_at) VALUES ('se_s17_cardeal_a73cd51d2b0eb646','prof_s17_cardeal_a73cd51d2b0eb646','Automobile centre','automobile centre car dealer car dealer vehicle sales automobile motors nigeria','place_nigeria_001','commerce',unixepoch(),unixepoch());
INSERT OR IGNORE INTO seed_ingestion_records (id,seed_run_id,entity_type,entity_id,source_id,status) VALUES ('ir_s17_cardeal_a73cd51d2b0eb646','seed_run_s17_cardeal_20260502','organization','org_s17_cardeal_a73cd51d2b0eb646','seed_source_osm_cardeal_ng_s17_20260502','ingested');
INSERT OR IGNORE INTO seed_entity_sources (id,seed_run_id,entity_type,entity_id,source_id,confidence_tier) VALUES ('es_s17_cardeal_a73cd51d2b0eb646','seed_run_s17_cardeal_20260502','organization','org_s17_cardeal_a73cd51d2b0eb646','seed_source_osm_cardeal_ng_s17_20260502','seeded');
INSERT OR IGNORE INTO seed_enrichment (id,seed_run_id,entity_type,entity_id,enrichment_type,enrichment_json) VALUES ('enr_s17_cardeal_a73cd51d2b0eb646','seed_run_s17_cardeal_20260502','organization','org_s17_cardeal_a73cd51d2b0eb646','seed_source_osm_cardeal_ng_s17_20260502','{"osm_id": "5803882455", "osm_type": "node", "shop": "car_repair", "brand": "", "operator": "", "addr_state": "", "addr_lga": ""}');

-- 46. Mahindra
INSERT OR IGNORE INTO organizations (id,tenant_id,organization_type,legal_name,display_name,registration_number,status,verification_state,created_at,updated_at) VALUES ('org_s17_cardeal_fcf2d9f49a2b2402','tenant_platform_seed','car_dealer','Mahindra','Mahindra',NULL,'active','seeded',unixepoch(),unixepoch());
INSERT OR IGNORE INTO profiles (id,subject_id,subject_type,primary_place_id,tenant_id,workspace_id,display_name,created_at,updated_at) VALUES ('prof_s17_cardeal_fcf2d9f49a2b2402','org_s17_cardeal_fcf2d9f49a2b2402','organization','place_nigeria_001','tenant_platform_seed','workspace_platform_seed_discovery','Mahindra',unixepoch(),unixepoch());
INSERT OR IGNORE INTO search_entries (id,profile_id,display_name,keywords,ancestry_path,vertical,created_at,updated_at) VALUES ('se_s17_cardeal_fcf2d9f49a2b2402','prof_s17_cardeal_fcf2d9f49a2b2402','Mahindra','mahindra car dealer car dealer vehicle sales automobile motors nigeria','place_nigeria_001','commerce',unixepoch(),unixepoch());
INSERT OR IGNORE INTO seed_ingestion_records (id,seed_run_id,entity_type,entity_id,source_id,status) VALUES ('ir_s17_cardeal_fcf2d9f49a2b2402','seed_run_s17_cardeal_20260502','organization','org_s17_cardeal_fcf2d9f49a2b2402','seed_source_osm_cardeal_ng_s17_20260502','ingested');
INSERT OR IGNORE INTO seed_entity_sources (id,seed_run_id,entity_type,entity_id,source_id,confidence_tier) VALUES ('es_s17_cardeal_fcf2d9f49a2b2402','seed_run_s17_cardeal_20260502','organization','org_s17_cardeal_fcf2d9f49a2b2402','seed_source_osm_cardeal_ng_s17_20260502','seeded');
INSERT OR IGNORE INTO seed_enrichment (id,seed_run_id,entity_type,entity_id,enrichment_type,enrichment_json) VALUES ('enr_s17_cardeal_fcf2d9f49a2b2402','seed_run_s17_cardeal_20260502','organization','org_s17_cardeal_fcf2d9f49a2b2402','seed_source_osm_cardeal_ng_s17_20260502','{"osm_id": "6967180602", "osm_type": "node", "shop": "car", "brand": "", "operator": "", "addr_state": "", "addr_lga": ""}');

-- 47. Alibaba Motors
INSERT OR IGNORE INTO organizations (id,tenant_id,organization_type,legal_name,display_name,registration_number,status,verification_state,created_at,updated_at) VALUES ('org_s17_cardeal_f8adf758d8f81f8d','tenant_platform_seed','car_dealer','Alibaba Motors','Alibaba Motors',NULL,'active','seeded',unixepoch(),unixepoch());
INSERT OR IGNORE INTO profiles (id,subject_id,subject_type,primary_place_id,tenant_id,workspace_id,display_name,created_at,updated_at) VALUES ('prof_s17_cardeal_f8adf758d8f81f8d','org_s17_cardeal_f8adf758d8f81f8d','organization','place_nigeria_001','tenant_platform_seed','workspace_platform_seed_discovery','Alibaba Motors',unixepoch(),unixepoch());
INSERT OR IGNORE INTO search_entries (id,profile_id,display_name,keywords,ancestry_path,vertical,created_at,updated_at) VALUES ('se_s17_cardeal_f8adf758d8f81f8d','prof_s17_cardeal_f8adf758d8f81f8d','Alibaba Motors','alibaba motors car dealer car dealer vehicle sales automobile motors nigeria','place_nigeria_001','commerce',unixepoch(),unixepoch());
INSERT OR IGNORE INTO seed_ingestion_records (id,seed_run_id,entity_type,entity_id,source_id,status) VALUES ('ir_s17_cardeal_f8adf758d8f81f8d','seed_run_s17_cardeal_20260502','organization','org_s17_cardeal_f8adf758d8f81f8d','seed_source_osm_cardeal_ng_s17_20260502','ingested');
INSERT OR IGNORE INTO seed_entity_sources (id,seed_run_id,entity_type,entity_id,source_id,confidence_tier) VALUES ('es_s17_cardeal_f8adf758d8f81f8d','seed_run_s17_cardeal_20260502','organization','org_s17_cardeal_f8adf758d8f81f8d','seed_source_osm_cardeal_ng_s17_20260502','seeded');
INSERT OR IGNORE INTO seed_enrichment (id,seed_run_id,entity_type,entity_id,enrichment_type,enrichment_json) VALUES ('enr_s17_cardeal_f8adf758d8f81f8d','seed_run_s17_cardeal_20260502','organization','org_s17_cardeal_f8adf758d8f81f8d','seed_source_osm_cardeal_ng_s17_20260502','{"osm_id": "6967364258", "osm_type": "node", "shop": "car", "brand": "", "operator": "", "addr_state": "", "addr_lga": ""}');

-- 48. De-Groom Motors
INSERT OR IGNORE INTO organizations (id,tenant_id,organization_type,legal_name,display_name,registration_number,status,verification_state,created_at,updated_at) VALUES ('org_s17_cardeal_42a0987cb5e24443','tenant_platform_seed','car_dealer','De-Groom Motors','De-Groom Motors',NULL,'active','seeded',unixepoch(),unixepoch());
INSERT OR IGNORE INTO profiles (id,subject_id,subject_type,primary_place_id,tenant_id,workspace_id,display_name,created_at,updated_at) VALUES ('prof_s17_cardeal_42a0987cb5e24443','org_s17_cardeal_42a0987cb5e24443','organization','place_nigeria_001','tenant_platform_seed','workspace_platform_seed_discovery','De-Groom Motors',unixepoch(),unixepoch());
INSERT OR IGNORE INTO search_entries (id,profile_id,display_name,keywords,ancestry_path,vertical,created_at,updated_at) VALUES ('se_s17_cardeal_42a0987cb5e24443','prof_s17_cardeal_42a0987cb5e24443','De-Groom Motors','de-groom motors car dealer car dealer vehicle sales automobile motors nigeria','place_nigeria_001','commerce',unixepoch(),unixepoch());
INSERT OR IGNORE INTO seed_ingestion_records (id,seed_run_id,entity_type,entity_id,source_id,status) VALUES ('ir_s17_cardeal_42a0987cb5e24443','seed_run_s17_cardeal_20260502','organization','org_s17_cardeal_42a0987cb5e24443','seed_source_osm_cardeal_ng_s17_20260502','ingested');
INSERT OR IGNORE INTO seed_entity_sources (id,seed_run_id,entity_type,entity_id,source_id,confidence_tier) VALUES ('es_s17_cardeal_42a0987cb5e24443','seed_run_s17_cardeal_20260502','organization','org_s17_cardeal_42a0987cb5e24443','seed_source_osm_cardeal_ng_s17_20260502','seeded');
INSERT OR IGNORE INTO seed_enrichment (id,seed_run_id,entity_type,entity_id,enrichment_type,enrichment_json) VALUES ('enr_s17_cardeal_42a0987cb5e24443','seed_run_s17_cardeal_20260502','organization','org_s17_cardeal_42a0987cb5e24443','seed_source_osm_cardeal_ng_s17_20260502','{"osm_id": "7272098732", "osm_type": "node", "shop": "car", "brand": "", "operator": "", "addr_state": "", "addr_lga": ""}');

-- 49. Globe Motors
INSERT OR IGNORE INTO organizations (id,tenant_id,organization_type,legal_name,display_name,registration_number,status,verification_state,created_at,updated_at) VALUES ('org_s17_cardeal_3be24916933675c4','tenant_platform_seed','car_dealer','Globe Motors','Globe Motors',NULL,'active','seeded',unixepoch(),unixepoch());
INSERT OR IGNORE INTO profiles (id,subject_id,subject_type,primary_place_id,tenant_id,workspace_id,display_name,created_at,updated_at) VALUES ('prof_s17_cardeal_3be24916933675c4','org_s17_cardeal_3be24916933675c4','organization','place_nigeria_001','tenant_platform_seed','workspace_platform_seed_discovery','Globe Motors',unixepoch(),unixepoch());
INSERT OR IGNORE INTO search_entries (id,profile_id,display_name,keywords,ancestry_path,vertical,created_at,updated_at) VALUES ('se_s17_cardeal_3be24916933675c4','prof_s17_cardeal_3be24916933675c4','Globe Motors','globe motors car dealer car dealer vehicle sales automobile motors nigeria','place_nigeria_001','commerce',unixepoch(),unixepoch());
INSERT OR IGNORE INTO seed_ingestion_records (id,seed_run_id,entity_type,entity_id,source_id,status) VALUES ('ir_s17_cardeal_3be24916933675c4','seed_run_s17_cardeal_20260502','organization','org_s17_cardeal_3be24916933675c4','seed_source_osm_cardeal_ng_s17_20260502','ingested');
INSERT OR IGNORE INTO seed_entity_sources (id,seed_run_id,entity_type,entity_id,source_id,confidence_tier) VALUES ('es_s17_cardeal_3be24916933675c4','seed_run_s17_cardeal_20260502','organization','org_s17_cardeal_3be24916933675c4','seed_source_osm_cardeal_ng_s17_20260502','seeded');
INSERT OR IGNORE INTO seed_enrichment (id,seed_run_id,entity_type,entity_id,enrichment_type,enrichment_json) VALUES ('enr_s17_cardeal_3be24916933675c4','seed_run_s17_cardeal_20260502','organization','org_s17_cardeal_3be24916933675c4','seed_source_osm_cardeal_ng_s17_20260502','{"osm_id": "7956224793", "osm_type": "node", "shop": "car", "brand": "", "operator": "", "addr_state": "", "addr_lga": ""}');

-- 50. Lanre Shittu Motors
INSERT OR IGNORE INTO organizations (id,tenant_id,organization_type,legal_name,display_name,registration_number,status,verification_state,created_at,updated_at) VALUES ('org_s17_cardeal_7cf0993d1dc94082','tenant_platform_seed','car_dealer','Lanre Shittu Motors','Lanre Shittu Motors',NULL,'active','seeded',unixepoch(),unixepoch());
INSERT OR IGNORE INTO profiles (id,subject_id,subject_type,primary_place_id,tenant_id,workspace_id,display_name,created_at,updated_at) VALUES ('prof_s17_cardeal_7cf0993d1dc94082','org_s17_cardeal_7cf0993d1dc94082','organization','place_nigeria_001','tenant_platform_seed','workspace_platform_seed_discovery','Lanre Shittu Motors',unixepoch(),unixepoch());
INSERT OR IGNORE INTO search_entries (id,profile_id,display_name,keywords,ancestry_path,vertical,created_at,updated_at) VALUES ('se_s17_cardeal_7cf0993d1dc94082','prof_s17_cardeal_7cf0993d1dc94082','Lanre Shittu Motors','lanre shittu motors car dealer car dealer vehicle sales automobile motors nigeria','place_nigeria_001','commerce',unixepoch(),unixepoch());
INSERT OR IGNORE INTO seed_ingestion_records (id,seed_run_id,entity_type,entity_id,source_id,status) VALUES ('ir_s17_cardeal_7cf0993d1dc94082','seed_run_s17_cardeal_20260502','organization','org_s17_cardeal_7cf0993d1dc94082','seed_source_osm_cardeal_ng_s17_20260502','ingested');
INSERT OR IGNORE INTO seed_entity_sources (id,seed_run_id,entity_type,entity_id,source_id,confidence_tier) VALUES ('es_s17_cardeal_7cf0993d1dc94082','seed_run_s17_cardeal_20260502','organization','org_s17_cardeal_7cf0993d1dc94082','seed_source_osm_cardeal_ng_s17_20260502','seeded');
INSERT OR IGNORE INTO seed_enrichment (id,seed_run_id,entity_type,entity_id,enrichment_type,enrichment_json) VALUES ('enr_s17_cardeal_7cf0993d1dc94082','seed_run_s17_cardeal_20260502','organization','org_s17_cardeal_7cf0993d1dc94082','seed_source_osm_cardeal_ng_s17_20260502','{"osm_id": "7956224892", "osm_type": "node", "shop": "car", "brand": "", "operator": "", "addr_state": "", "addr_lga": ""}');

-- 51. Faith Motors
INSERT OR IGNORE INTO organizations (id,tenant_id,organization_type,legal_name,display_name,registration_number,status,verification_state,created_at,updated_at) VALUES ('org_s17_cardeal_5fcc23046cd806f1','tenant_platform_seed','motorcycle_dealer','Faith Motors','Faith Motors',NULL,'active','seeded',unixepoch(),unixepoch());
INSERT OR IGNORE INTO profiles (id,subject_id,subject_type,primary_place_id,tenant_id,workspace_id,display_name,created_at,updated_at) VALUES ('prof_s17_cardeal_5fcc23046cd806f1','org_s17_cardeal_5fcc23046cd806f1','organization','place_nigeria_001','tenant_platform_seed','workspace_platform_seed_discovery','Faith Motors',unixepoch(),unixepoch());
INSERT OR IGNORE INTO search_entries (id,profile_id,display_name,keywords,ancestry_path,vertical,created_at,updated_at) VALUES ('se_s17_cardeal_5fcc23046cd806f1','prof_s17_cardeal_5fcc23046cd806f1','Faith Motors','faith motors motorcycle dealer car dealer vehicle sales automobile motors nigeria','place_nigeria_001','commerce',unixepoch(),unixepoch());
INSERT OR IGNORE INTO seed_ingestion_records (id,seed_run_id,entity_type,entity_id,source_id,status) VALUES ('ir_s17_cardeal_5fcc23046cd806f1','seed_run_s17_cardeal_20260502','organization','org_s17_cardeal_5fcc23046cd806f1','seed_source_osm_cardeal_ng_s17_20260502','ingested');
INSERT OR IGNORE INTO seed_entity_sources (id,seed_run_id,entity_type,entity_id,source_id,confidence_tier) VALUES ('es_s17_cardeal_5fcc23046cd806f1','seed_run_s17_cardeal_20260502','organization','org_s17_cardeal_5fcc23046cd806f1','seed_source_osm_cardeal_ng_s17_20260502','seeded');
INSERT OR IGNORE INTO seed_enrichment (id,seed_run_id,entity_type,entity_id,enrichment_type,enrichment_json) VALUES ('enr_s17_cardeal_5fcc23046cd806f1','seed_run_s17_cardeal_20260502','organization','org_s17_cardeal_5fcc23046cd806f1','seed_source_osm_cardeal_ng_s17_20260502','{"osm_id": "8753835935", "osm_type": "node", "shop": "motorcycle", "brand": "", "operator": "", "addr_state": "", "addr_lga": ""}');

-- 52. Tunji Automobile Workshop
INSERT OR IGNORE INTO organizations (id,tenant_id,organization_type,legal_name,display_name,registration_number,status,verification_state,created_at,updated_at) VALUES ('org_s17_cardeal_51f5c46150fdae8d','tenant_platform_seed','car_dealer','Tunji Automobile Workshop','Tunji Automobile Workshop',NULL,'active','seeded',unixepoch(),unixepoch());
INSERT OR IGNORE INTO profiles (id,subject_id,subject_type,primary_place_id,tenant_id,workspace_id,display_name,created_at,updated_at) VALUES ('prof_s17_cardeal_51f5c46150fdae8d','org_s17_cardeal_51f5c46150fdae8d','organization','place_nigeria_001','tenant_platform_seed','workspace_platform_seed_discovery','Tunji Automobile Workshop',unixepoch(),unixepoch());
INSERT OR IGNORE INTO search_entries (id,profile_id,display_name,keywords,ancestry_path,vertical,created_at,updated_at) VALUES ('se_s17_cardeal_51f5c46150fdae8d','prof_s17_cardeal_51f5c46150fdae8d','Tunji Automobile Workshop','tunji automobile workshop car dealer jos car dealer vehicle sales automobile motors nigeria','place_nigeria_001','commerce',unixepoch(),unixepoch());
INSERT OR IGNORE INTO seed_ingestion_records (id,seed_run_id,entity_type,entity_id,source_id,status) VALUES ('ir_s17_cardeal_51f5c46150fdae8d','seed_run_s17_cardeal_20260502','organization','org_s17_cardeal_51f5c46150fdae8d','seed_source_osm_cardeal_ng_s17_20260502','ingested');
INSERT OR IGNORE INTO seed_entity_sources (id,seed_run_id,entity_type,entity_id,source_id,confidence_tier) VALUES ('es_s17_cardeal_51f5c46150fdae8d','seed_run_s17_cardeal_20260502','organization','org_s17_cardeal_51f5c46150fdae8d','seed_source_osm_cardeal_ng_s17_20260502','seeded');
INSERT OR IGNORE INTO seed_enrichment (id,seed_run_id,entity_type,entity_id,enrichment_type,enrichment_json) VALUES ('enr_s17_cardeal_51f5c46150fdae8d','seed_run_s17_cardeal_20260502','organization','org_s17_cardeal_51f5c46150fdae8d','seed_source_osm_cardeal_ng_s17_20260502','{"osm_id": "10828113768", "osm_type": "node", "shop": "car_repair", "brand": "", "operator": "", "addr_state": "", "addr_lga": "Jos"}');

-- 53. RCCG church
INSERT OR IGNORE INTO organizations (id,tenant_id,organization_type,legal_name,display_name,registration_number,status,verification_state,created_at,updated_at) VALUES ('org_s17_cardeal_d06358506fafd12c','tenant_platform_seed','motorcycle_dealer','RCCG church','RCCG church',NULL,'active','seeded',unixepoch(),unixepoch());
INSERT OR IGNORE INTO profiles (id,subject_id,subject_type,primary_place_id,tenant_id,workspace_id,display_name,created_at,updated_at) VALUES ('prof_s17_cardeal_d06358506fafd12c','org_s17_cardeal_d06358506fafd12c','organization','place_nigeria_001','tenant_platform_seed','workspace_platform_seed_discovery','RCCG church',unixepoch(),unixepoch());
INSERT OR IGNORE INTO search_entries (id,profile_id,display_name,keywords,ancestry_path,vertical,created_at,updated_at) VALUES ('se_s17_cardeal_d06358506fafd12c','prof_s17_cardeal_d06358506fafd12c','RCCG church','rccg church motorcycle dealer car dealer vehicle sales automobile motors nigeria','place_nigeria_001','commerce',unixepoch(),unixepoch());
INSERT OR IGNORE INTO seed_ingestion_records (id,seed_run_id,entity_type,entity_id,source_id,status) VALUES ('ir_s17_cardeal_d06358506fafd12c','seed_run_s17_cardeal_20260502','organization','org_s17_cardeal_d06358506fafd12c','seed_source_osm_cardeal_ng_s17_20260502','ingested');
INSERT OR IGNORE INTO seed_entity_sources (id,seed_run_id,entity_type,entity_id,source_id,confidence_tier) VALUES ('es_s17_cardeal_d06358506fafd12c','seed_run_s17_cardeal_20260502','organization','org_s17_cardeal_d06358506fafd12c','seed_source_osm_cardeal_ng_s17_20260502','seeded');
INSERT OR IGNORE INTO seed_enrichment (id,seed_run_id,entity_type,entity_id,enrichment_type,enrichment_json) VALUES ('enr_s17_cardeal_d06358506fafd12c','seed_run_s17_cardeal_20260502','organization','org_s17_cardeal_d06358506fafd12c','seed_source_osm_cardeal_ng_s17_20260502','{"osm_id": "10997415508", "osm_type": "node", "shop": "motorcycle", "brand": "", "operator": "", "addr_state": "", "addr_lga": ""}');

-- 54. Ada George
INSERT OR IGNORE INTO organizations (id,tenant_id,organization_type,legal_name,display_name,registration_number,status,verification_state,created_at,updated_at) VALUES ('org_s17_cardeal_7440892aa8f50503','tenant_platform_seed','motorcycle_dealer','Ada George','Ada George',NULL,'active','seeded',unixepoch(),unixepoch());
INSERT OR IGNORE INTO profiles (id,subject_id,subject_type,primary_place_id,tenant_id,workspace_id,display_name,created_at,updated_at) VALUES ('prof_s17_cardeal_7440892aa8f50503','org_s17_cardeal_7440892aa8f50503','organization','place_nigeria_001','tenant_platform_seed','workspace_platform_seed_discovery','Ada George',unixepoch(),unixepoch());
INSERT OR IGNORE INTO search_entries (id,profile_id,display_name,keywords,ancestry_path,vertical,created_at,updated_at) VALUES ('se_s17_cardeal_7440892aa8f50503','prof_s17_cardeal_7440892aa8f50503','Ada George','ada george motorcycle dealer car dealer vehicle sales automobile motors nigeria','place_nigeria_001','commerce',unixepoch(),unixepoch());
INSERT OR IGNORE INTO seed_ingestion_records (id,seed_run_id,entity_type,entity_id,source_id,status) VALUES ('ir_s17_cardeal_7440892aa8f50503','seed_run_s17_cardeal_20260502','organization','org_s17_cardeal_7440892aa8f50503','seed_source_osm_cardeal_ng_s17_20260502','ingested');
INSERT OR IGNORE INTO seed_entity_sources (id,seed_run_id,entity_type,entity_id,source_id,confidence_tier) VALUES ('es_s17_cardeal_7440892aa8f50503','seed_run_s17_cardeal_20260502','organization','org_s17_cardeal_7440892aa8f50503','seed_source_osm_cardeal_ng_s17_20260502','seeded');
INSERT OR IGNORE INTO seed_enrichment (id,seed_run_id,entity_type,entity_id,enrichment_type,enrichment_json) VALUES ('enr_s17_cardeal_7440892aa8f50503','seed_run_s17_cardeal_20260502','organization','org_s17_cardeal_7440892aa8f50503','seed_source_osm_cardeal_ng_s17_20260502','{"osm_id": "10997424106", "osm_type": "node", "shop": "motorcycle", "brand": "", "operator": "", "addr_state": "", "addr_lga": ""}');

-- 55. S. S Dogarai Motors
INSERT OR IGNORE INTO organizations (id,tenant_id,organization_type,legal_name,display_name,registration_number,status,verification_state,created_at,updated_at) VALUES ('org_s17_cardeal_1eeb093b137e0abc','tenant_platform_seed','car_dealer','S. S Dogarai Motors','S. S Dogarai Motors',NULL,'active','seeded',unixepoch(),unixepoch());
INSERT OR IGNORE INTO profiles (id,subject_id,subject_type,primary_place_id,tenant_id,workspace_id,display_name,created_at,updated_at) VALUES ('prof_s17_cardeal_1eeb093b137e0abc','org_s17_cardeal_1eeb093b137e0abc','organization','place_nigeria_001','tenant_platform_seed','workspace_platform_seed_discovery','S. S Dogarai Motors',unixepoch(),unixepoch());
INSERT OR IGNORE INTO search_entries (id,profile_id,display_name,keywords,ancestry_path,vertical,created_at,updated_at) VALUES ('se_s17_cardeal_1eeb093b137e0abc','prof_s17_cardeal_1eeb093b137e0abc','S. S Dogarai Motors','s. s dogarai motors car dealer car dealer vehicle sales automobile motors nigeria','place_nigeria_001','commerce',unixepoch(),unixepoch());
INSERT OR IGNORE INTO seed_ingestion_records (id,seed_run_id,entity_type,entity_id,source_id,status) VALUES ('ir_s17_cardeal_1eeb093b137e0abc','seed_run_s17_cardeal_20260502','organization','org_s17_cardeal_1eeb093b137e0abc','seed_source_osm_cardeal_ng_s17_20260502','ingested');
INSERT OR IGNORE INTO seed_entity_sources (id,seed_run_id,entity_type,entity_id,source_id,confidence_tier) VALUES ('es_s17_cardeal_1eeb093b137e0abc','seed_run_s17_cardeal_20260502','organization','org_s17_cardeal_1eeb093b137e0abc','seed_source_osm_cardeal_ng_s17_20260502','seeded');
INSERT OR IGNORE INTO seed_enrichment (id,seed_run_id,entity_type,entity_id,enrichment_type,enrichment_json) VALUES ('enr_s17_cardeal_1eeb093b137e0abc','seed_run_s17_cardeal_20260502','organization','org_s17_cardeal_1eeb093b137e0abc','seed_source_osm_cardeal_ng_s17_20260502','{"osm_id": "11175911637", "osm_type": "node", "shop": "car_parts", "brand": "", "operator": "", "addr_state": "", "addr_lga": ""}');

-- 56. Ajsan Football Academy
INSERT OR IGNORE INTO organizations (id,tenant_id,organization_type,legal_name,display_name,registration_number,status,verification_state,created_at,updated_at) VALUES ('org_s17_cardeal_203a9cda0398757d','tenant_platform_seed','car_dealer','Ajsan Football Academy','Ajsan Football Academy',NULL,'active','seeded',unixepoch(),unixepoch());
INSERT OR IGNORE INTO profiles (id,subject_id,subject_type,primary_place_id,tenant_id,workspace_id,display_name,created_at,updated_at) VALUES ('prof_s17_cardeal_203a9cda0398757d','org_s17_cardeal_203a9cda0398757d','organization','place_nigeria_001','tenant_platform_seed','workspace_platform_seed_discovery','Ajsan Football Academy',unixepoch(),unixepoch());
INSERT OR IGNORE INTO search_entries (id,profile_id,display_name,keywords,ancestry_path,vertical,created_at,updated_at) VALUES ('se_s17_cardeal_203a9cda0398757d','prof_s17_cardeal_203a9cda0398757d','Ajsan Football Academy','ajsan football academy car dealer car dealer vehicle sales automobile motors nigeria','place_nigeria_001','commerce',unixepoch(),unixepoch());
INSERT OR IGNORE INTO seed_ingestion_records (id,seed_run_id,entity_type,entity_id,source_id,status) VALUES ('ir_s17_cardeal_203a9cda0398757d','seed_run_s17_cardeal_20260502','organization','org_s17_cardeal_203a9cda0398757d','seed_source_osm_cardeal_ng_s17_20260502','ingested');
INSERT OR IGNORE INTO seed_entity_sources (id,seed_run_id,entity_type,entity_id,source_id,confidence_tier) VALUES ('es_s17_cardeal_203a9cda0398757d','seed_run_s17_cardeal_20260502','organization','org_s17_cardeal_203a9cda0398757d','seed_source_osm_cardeal_ng_s17_20260502','seeded');
INSERT OR IGNORE INTO seed_enrichment (id,seed_run_id,entity_type,entity_id,enrichment_type,enrichment_json) VALUES ('enr_s17_cardeal_203a9cda0398757d','seed_run_s17_cardeal_20260502','organization','org_s17_cardeal_203a9cda0398757d','seed_source_osm_cardeal_ng_s17_20260502','{"osm_id": "11175911639", "osm_type": "node", "shop": "car", "brand": "", "operator": "", "addr_state": "", "addr_lga": ""}');

-- 57. A.I.A Gokaru Motors
INSERT OR IGNORE INTO organizations (id,tenant_id,organization_type,legal_name,display_name,registration_number,status,verification_state,created_at,updated_at) VALUES ('org_s17_cardeal_af83a894b4ccfab3','tenant_platform_seed','car_dealer','A.I.A Gokaru Motors','A.I.A Gokaru Motors',NULL,'active','seeded',unixepoch(),unixepoch());
INSERT OR IGNORE INTO profiles (id,subject_id,subject_type,primary_place_id,tenant_id,workspace_id,display_name,created_at,updated_at) VALUES ('prof_s17_cardeal_af83a894b4ccfab3','org_s17_cardeal_af83a894b4ccfab3','organization','place_nigeria_001','tenant_platform_seed','workspace_platform_seed_discovery','A.I.A Gokaru Motors',unixepoch(),unixepoch());
INSERT OR IGNORE INTO search_entries (id,profile_id,display_name,keywords,ancestry_path,vertical,created_at,updated_at) VALUES ('se_s17_cardeal_af83a894b4ccfab3','prof_s17_cardeal_af83a894b4ccfab3','A.I.A Gokaru Motors','a.i.a gokaru motors car dealer car dealer vehicle sales automobile motors nigeria','place_nigeria_001','commerce',unixepoch(),unixepoch());
INSERT OR IGNORE INTO seed_ingestion_records (id,seed_run_id,entity_type,entity_id,source_id,status) VALUES ('ir_s17_cardeal_af83a894b4ccfab3','seed_run_s17_cardeal_20260502','organization','org_s17_cardeal_af83a894b4ccfab3','seed_source_osm_cardeal_ng_s17_20260502','ingested');
INSERT OR IGNORE INTO seed_entity_sources (id,seed_run_id,entity_type,entity_id,source_id,confidence_tier) VALUES ('es_s17_cardeal_af83a894b4ccfab3','seed_run_s17_cardeal_20260502','organization','org_s17_cardeal_af83a894b4ccfab3','seed_source_osm_cardeal_ng_s17_20260502','seeded');
INSERT OR IGNORE INTO seed_enrichment (id,seed_run_id,entity_type,entity_id,enrichment_type,enrichment_json) VALUES ('enr_s17_cardeal_af83a894b4ccfab3','seed_run_s17_cardeal_20260502','organization','org_s17_cardeal_af83a894b4ccfab3','seed_source_osm_cardeal_ng_s17_20260502','{"osm_id": "11987556119", "osm_type": "node", "shop": "car", "brand": "", "operator": "", "addr_state": "", "addr_lga": ""}');

-- 58. Coscharis Motors
INSERT OR IGNORE INTO organizations (id,tenant_id,organization_type,legal_name,display_name,registration_number,status,verification_state,created_at,updated_at) VALUES ('org_s17_cardeal_3d7b6616f4680441','tenant_platform_seed','car_dealer','Coscharis Motors','Coscharis Motors',NULL,'active','seeded',unixepoch(),unixepoch());
INSERT OR IGNORE INTO profiles (id,subject_id,subject_type,primary_place_id,tenant_id,workspace_id,display_name,created_at,updated_at) VALUES ('prof_s17_cardeal_3d7b6616f4680441','org_s17_cardeal_3d7b6616f4680441','organization','place_nigeria_001','tenant_platform_seed','workspace_platform_seed_discovery','Coscharis Motors',unixepoch(),unixepoch());
INSERT OR IGNORE INTO search_entries (id,profile_id,display_name,keywords,ancestry_path,vertical,created_at,updated_at) VALUES ('se_s17_cardeal_3d7b6616f4680441','prof_s17_cardeal_3d7b6616f4680441','Coscharis Motors','coscharis motors car dealer car dealer vehicle sales automobile motors nigeria','place_nigeria_001','commerce',unixepoch(),unixepoch());
INSERT OR IGNORE INTO seed_ingestion_records (id,seed_run_id,entity_type,entity_id,source_id,status) VALUES ('ir_s17_cardeal_3d7b6616f4680441','seed_run_s17_cardeal_20260502','organization','org_s17_cardeal_3d7b6616f4680441','seed_source_osm_cardeal_ng_s17_20260502','ingested');
INSERT OR IGNORE INTO seed_entity_sources (id,seed_run_id,entity_type,entity_id,source_id,confidence_tier) VALUES ('es_s17_cardeal_3d7b6616f4680441','seed_run_s17_cardeal_20260502','organization','org_s17_cardeal_3d7b6616f4680441','seed_source_osm_cardeal_ng_s17_20260502','seeded');
INSERT OR IGNORE INTO seed_enrichment (id,seed_run_id,entity_type,entity_id,enrichment_type,enrichment_json) VALUES ('enr_s17_cardeal_3d7b6616f4680441','seed_run_s17_cardeal_20260502','organization','org_s17_cardeal_3d7b6616f4680441','seed_source_osm_cardeal_ng_s17_20260502','{"osm_id": "12486851968", "osm_type": "node", "shop": "car_repair", "brand": "", "operator": "", "addr_state": "", "addr_lga": ""}');

-- 59. Freecity Motos, New Yidi Road, Oko Erin, Nigeria
INSERT OR IGNORE INTO organizations (id,tenant_id,organization_type,legal_name,display_name,registration_number,status,verification_state,created_at,updated_at) VALUES ('org_s17_cardeal_a5eeb815372c2e0e','tenant_platform_seed','car_dealer','Freecity Motos, New Yidi Road, Oko Erin, Nigeria','Freecity Motos, New Yidi Road, Oko Erin, Nigeria',NULL,'active','seeded',unixepoch(),unixepoch());
INSERT OR IGNORE INTO profiles (id,subject_id,subject_type,primary_place_id,tenant_id,workspace_id,display_name,created_at,updated_at) VALUES ('prof_s17_cardeal_a5eeb815372c2e0e','org_s17_cardeal_a5eeb815372c2e0e','organization','place_nigeria_001','tenant_platform_seed','workspace_platform_seed_discovery','Freecity Motos, New Yidi Road, Oko Erin, Nigeria',unixepoch(),unixepoch());
INSERT OR IGNORE INTO search_entries (id,profile_id,display_name,keywords,ancestry_path,vertical,created_at,updated_at) VALUES ('se_s17_cardeal_a5eeb815372c2e0e','prof_s17_cardeal_a5eeb815372c2e0e','Freecity Motos, New Yidi Road, Oko Erin, Nigeria','freecity motos, new yidi road, oko erin, nigeria car dealer car dealer vehicle sales automobile motors nigeria','place_nigeria_001','commerce',unixepoch(),unixepoch());
INSERT OR IGNORE INTO seed_ingestion_records (id,seed_run_id,entity_type,entity_id,source_id,status) VALUES ('ir_s17_cardeal_a5eeb815372c2e0e','seed_run_s17_cardeal_20260502','organization','org_s17_cardeal_a5eeb815372c2e0e','seed_source_osm_cardeal_ng_s17_20260502','ingested');
INSERT OR IGNORE INTO seed_entity_sources (id,seed_run_id,entity_type,entity_id,source_id,confidence_tier) VALUES ('es_s17_cardeal_a5eeb815372c2e0e','seed_run_s17_cardeal_20260502','organization','org_s17_cardeal_a5eeb815372c2e0e','seed_source_osm_cardeal_ng_s17_20260502','seeded');
INSERT OR IGNORE INTO seed_enrichment (id,seed_run_id,entity_type,entity_id,enrichment_type,enrichment_json) VALUES ('enr_s17_cardeal_a5eeb815372c2e0e','seed_run_s17_cardeal_20260502','organization','org_s17_cardeal_a5eeb815372c2e0e','seed_source_osm_cardeal_ng_s17_20260502','{"osm_id": "13047974978", "osm_type": "node", "shop": "car", "brand": "", "operator": "", "addr_state": "", "addr_lga": ""}');

-- 60. Rumuokoro Motor Park
INSERT OR IGNORE INTO organizations (id,tenant_id,organization_type,legal_name,display_name,registration_number,status,verification_state,created_at,updated_at) VALUES ('org_s17_cardeal_bfdb7497638ae851','tenant_platform_seed','car_dealer','Rumuokoro Motor Park','Rumuokoro Motor Park',NULL,'active','seeded',unixepoch(),unixepoch());
INSERT OR IGNORE INTO profiles (id,subject_id,subject_type,primary_place_id,tenant_id,workspace_id,display_name,created_at,updated_at) VALUES ('prof_s17_cardeal_bfdb7497638ae851','org_s17_cardeal_bfdb7497638ae851','organization','place_nigeria_001','tenant_platform_seed','workspace_platform_seed_discovery','Rumuokoro Motor Park',unixepoch(),unixepoch());
INSERT OR IGNORE INTO search_entries (id,profile_id,display_name,keywords,ancestry_path,vertical,created_at,updated_at) VALUES ('se_s17_cardeal_bfdb7497638ae851','prof_s17_cardeal_bfdb7497638ae851','Rumuokoro Motor Park','rumuokoro motor park car dealer car dealer vehicle sales automobile motors nigeria','place_nigeria_001','commerce',unixepoch(),unixepoch());
INSERT OR IGNORE INTO seed_ingestion_records (id,seed_run_id,entity_type,entity_id,source_id,status) VALUES ('ir_s17_cardeal_bfdb7497638ae851','seed_run_s17_cardeal_20260502','organization','org_s17_cardeal_bfdb7497638ae851','seed_source_osm_cardeal_ng_s17_20260502','ingested');
INSERT OR IGNORE INTO seed_entity_sources (id,seed_run_id,entity_type,entity_id,source_id,confidence_tier) VALUES ('es_s17_cardeal_bfdb7497638ae851','seed_run_s17_cardeal_20260502','organization','org_s17_cardeal_bfdb7497638ae851','seed_source_osm_cardeal_ng_s17_20260502','seeded');
INSERT OR IGNORE INTO seed_enrichment (id,seed_run_id,entity_type,entity_id,enrichment_type,enrichment_json) VALUES ('enr_s17_cardeal_bfdb7497638ae851','seed_run_s17_cardeal_20260502','organization','org_s17_cardeal_bfdb7497638ae851','seed_source_osm_cardeal_ng_s17_20260502','{"osm_id": "492551511", "osm_type": "way", "shop": "car", "brand": "", "operator": "", "addr_state": "", "addr_lga": ""}');

-- 61. Porsche
INSERT OR IGNORE INTO organizations (id,tenant_id,organization_type,legal_name,display_name,registration_number,status,verification_state,created_at,updated_at) VALUES ('org_s17_cardeal_46493b18f431e6d9','tenant_platform_seed','car_dealer','Porsche','Porsche',NULL,'active','seeded',unixepoch(),unixepoch());
INSERT OR IGNORE INTO profiles (id,subject_id,subject_type,primary_place_id,tenant_id,workspace_id,display_name,created_at,updated_at) VALUES ('prof_s17_cardeal_46493b18f431e6d9','org_s17_cardeal_46493b18f431e6d9','organization','place_nigeria_001','tenant_platform_seed','workspace_platform_seed_discovery','Porsche',unixepoch(),unixepoch());
INSERT OR IGNORE INTO search_entries (id,profile_id,display_name,keywords,ancestry_path,vertical,created_at,updated_at) VALUES ('se_s17_cardeal_46493b18f431e6d9','prof_s17_cardeal_46493b18f431e6d9','Porsche','porsche car dealer car dealer vehicle sales automobile motors nigeria','place_nigeria_001','commerce',unixepoch(),unixepoch());
INSERT OR IGNORE INTO seed_ingestion_records (id,seed_run_id,entity_type,entity_id,source_id,status) VALUES ('ir_s17_cardeal_46493b18f431e6d9','seed_run_s17_cardeal_20260502','organization','org_s17_cardeal_46493b18f431e6d9','seed_source_osm_cardeal_ng_s17_20260502','ingested');
INSERT OR IGNORE INTO seed_entity_sources (id,seed_run_id,entity_type,entity_id,source_id,confidence_tier) VALUES ('es_s17_cardeal_46493b18f431e6d9','seed_run_s17_cardeal_20260502','organization','org_s17_cardeal_46493b18f431e6d9','seed_source_osm_cardeal_ng_s17_20260502','seeded');
INSERT OR IGNORE INTO seed_enrichment (id,seed_run_id,entity_type,entity_id,enrichment_type,enrichment_json) VALUES ('enr_s17_cardeal_46493b18f431e6d9','seed_run_s17_cardeal_20260502','organization','org_s17_cardeal_46493b18f431e6d9','seed_source_osm_cardeal_ng_s17_20260502','{"osm_id": "604386621", "osm_type": "way", "shop": "car", "brand": "Porsche", "operator": "", "addr_state": "", "addr_lga": ""}');

-- 62. Hyundai
INSERT OR IGNORE INTO organizations (id,tenant_id,organization_type,legal_name,display_name,registration_number,status,verification_state,created_at,updated_at) VALUES ('org_s17_cardeal_72653da1d6d7c884','tenant_platform_seed','car_dealer','Hyundai','Hyundai',NULL,'active','seeded',unixepoch(),unixepoch());
INSERT OR IGNORE INTO profiles (id,subject_id,subject_type,primary_place_id,tenant_id,workspace_id,display_name,created_at,updated_at) VALUES ('prof_s17_cardeal_72653da1d6d7c884','org_s17_cardeal_72653da1d6d7c884','organization','place_nigeria_001','tenant_platform_seed','workspace_platform_seed_discovery','Hyundai',unixepoch(),unixepoch());
INSERT OR IGNORE INTO search_entries (id,profile_id,display_name,keywords,ancestry_path,vertical,created_at,updated_at) VALUES ('se_s17_cardeal_72653da1d6d7c884','prof_s17_cardeal_72653da1d6d7c884','Hyundai','hyundai car dealer car dealer vehicle sales automobile motors nigeria','place_nigeria_001','commerce',unixepoch(),unixepoch());
INSERT OR IGNORE INTO seed_ingestion_records (id,seed_run_id,entity_type,entity_id,source_id,status) VALUES ('ir_s17_cardeal_72653da1d6d7c884','seed_run_s17_cardeal_20260502','organization','org_s17_cardeal_72653da1d6d7c884','seed_source_osm_cardeal_ng_s17_20260502','ingested');
INSERT OR IGNORE INTO seed_entity_sources (id,seed_run_id,entity_type,entity_id,source_id,confidence_tier) VALUES ('es_s17_cardeal_72653da1d6d7c884','seed_run_s17_cardeal_20260502','organization','org_s17_cardeal_72653da1d6d7c884','seed_source_osm_cardeal_ng_s17_20260502','seeded');
INSERT OR IGNORE INTO seed_enrichment (id,seed_run_id,entity_type,entity_id,enrichment_type,enrichment_json) VALUES ('enr_s17_cardeal_72653da1d6d7c884','seed_run_s17_cardeal_20260502','organization','org_s17_cardeal_72653da1d6d7c884','seed_source_osm_cardeal_ng_s17_20260502','{"osm_id": "604386622", "osm_type": "way", "shop": "car", "brand": "Hyundai", "operator": "", "addr_state": "", "addr_lga": ""}');

-- 63. Nissan
INSERT OR IGNORE INTO organizations (id,tenant_id,organization_type,legal_name,display_name,registration_number,status,verification_state,created_at,updated_at) VALUES ('org_s17_cardeal_6f38502511ecb2d7','tenant_platform_seed','car_dealer','Nissan','Nissan',NULL,'active','seeded',unixepoch(),unixepoch());
INSERT OR IGNORE INTO profiles (id,subject_id,subject_type,primary_place_id,tenant_id,workspace_id,display_name,created_at,updated_at) VALUES ('prof_s17_cardeal_6f38502511ecb2d7','org_s17_cardeal_6f38502511ecb2d7','organization','place_nigeria_001','tenant_platform_seed','workspace_platform_seed_discovery','Nissan',unixepoch(),unixepoch());
INSERT OR IGNORE INTO search_entries (id,profile_id,display_name,keywords,ancestry_path,vertical,created_at,updated_at) VALUES ('se_s17_cardeal_6f38502511ecb2d7','prof_s17_cardeal_6f38502511ecb2d7','Nissan','nissan car dealer car dealer vehicle sales automobile motors nigeria','place_nigeria_001','commerce',unixepoch(),unixepoch());
INSERT OR IGNORE INTO seed_ingestion_records (id,seed_run_id,entity_type,entity_id,source_id,status) VALUES ('ir_s17_cardeal_6f38502511ecb2d7','seed_run_s17_cardeal_20260502','organization','org_s17_cardeal_6f38502511ecb2d7','seed_source_osm_cardeal_ng_s17_20260502','ingested');
INSERT OR IGNORE INTO seed_entity_sources (id,seed_run_id,entity_type,entity_id,source_id,confidence_tier) VALUES ('es_s17_cardeal_6f38502511ecb2d7','seed_run_s17_cardeal_20260502','organization','org_s17_cardeal_6f38502511ecb2d7','seed_source_osm_cardeal_ng_s17_20260502','seeded');
INSERT OR IGNORE INTO seed_enrichment (id,seed_run_id,entity_type,entity_id,enrichment_type,enrichment_json) VALUES ('enr_s17_cardeal_6f38502511ecb2d7','seed_run_s17_cardeal_20260502','organization','org_s17_cardeal_6f38502511ecb2d7','seed_source_osm_cardeal_ng_s17_20260502','{"osm_id": "604386623", "osm_type": "way", "shop": "car", "brand": "Nissan", "operator": "", "addr_state": "", "addr_lga": ""}');

-- 64. Dilly Motors Ltd.
INSERT OR IGNORE INTO organizations (id,tenant_id,organization_type,legal_name,display_name,registration_number,status,verification_state,created_at,updated_at) VALUES ('org_s17_cardeal_a2891aef0537c12f','tenant_platform_seed','car_dealer','Dilly Motors Ltd.','Dilly Motors Ltd.',NULL,'active','seeded',unixepoch(),unixepoch());
INSERT OR IGNORE INTO profiles (id,subject_id,subject_type,primary_place_id,tenant_id,workspace_id,display_name,created_at,updated_at) VALUES ('prof_s17_cardeal_a2891aef0537c12f','org_s17_cardeal_a2891aef0537c12f','organization','place_nigeria_001','tenant_platform_seed','workspace_platform_seed_discovery','Dilly Motors Ltd.',unixepoch(),unixepoch());
INSERT OR IGNORE INTO search_entries (id,profile_id,display_name,keywords,ancestry_path,vertical,created_at,updated_at) VALUES ('se_s17_cardeal_a2891aef0537c12f','prof_s17_cardeal_a2891aef0537c12f','Dilly Motors Ltd.','dilly motors ltd. car dealer lagos car dealer vehicle sales automobile motors nigeria','place_nigeria_001','commerce',unixepoch(),unixepoch());
INSERT OR IGNORE INTO seed_ingestion_records (id,seed_run_id,entity_type,entity_id,source_id,status) VALUES ('ir_s17_cardeal_a2891aef0537c12f','seed_run_s17_cardeal_20260502','organization','org_s17_cardeal_a2891aef0537c12f','seed_source_osm_cardeal_ng_s17_20260502','ingested');
INSERT OR IGNORE INTO seed_entity_sources (id,seed_run_id,entity_type,entity_id,source_id,confidence_tier) VALUES ('es_s17_cardeal_a2891aef0537c12f','seed_run_s17_cardeal_20260502','organization','org_s17_cardeal_a2891aef0537c12f','seed_source_osm_cardeal_ng_s17_20260502','seeded');
INSERT OR IGNORE INTO seed_enrichment (id,seed_run_id,entity_type,entity_id,enrichment_type,enrichment_json) VALUES ('enr_s17_cardeal_a2891aef0537c12f','seed_run_s17_cardeal_20260502','organization','org_s17_cardeal_a2891aef0537c12f','seed_source_osm_cardeal_ng_s17_20260502','{"osm_id": "796421524", "osm_type": "way", "shop": "car", "brand": "", "operator": "", "addr_state": "", "addr_lga": "Lagos"}');

-- 65. Volkswagen
INSERT OR IGNORE INTO organizations (id,tenant_id,organization_type,legal_name,display_name,registration_number,status,verification_state,created_at,updated_at) VALUES ('org_s17_cardeal_e812856a835132e6','tenant_platform_seed','car_dealer','Volkswagen','Volkswagen',NULL,'active','seeded',unixepoch(),unixepoch());
INSERT OR IGNORE INTO profiles (id,subject_id,subject_type,primary_place_id,tenant_id,workspace_id,display_name,created_at,updated_at) VALUES ('prof_s17_cardeal_e812856a835132e6','org_s17_cardeal_e812856a835132e6','organization','place_nigeria_001','tenant_platform_seed','workspace_platform_seed_discovery','Volkswagen',unixepoch(),unixepoch());
INSERT OR IGNORE INTO search_entries (id,profile_id,display_name,keywords,ancestry_path,vertical,created_at,updated_at) VALUES ('se_s17_cardeal_e812856a835132e6','prof_s17_cardeal_e812856a835132e6','Volkswagen','volkswagen car dealer car dealer vehicle sales automobile motors nigeria','place_nigeria_001','commerce',unixepoch(),unixepoch());
INSERT OR IGNORE INTO seed_ingestion_records (id,seed_run_id,entity_type,entity_id,source_id,status) VALUES ('ir_s17_cardeal_e812856a835132e6','seed_run_s17_cardeal_20260502','organization','org_s17_cardeal_e812856a835132e6','seed_source_osm_cardeal_ng_s17_20260502','ingested');
INSERT OR IGNORE INTO seed_entity_sources (id,seed_run_id,entity_type,entity_id,source_id,confidence_tier) VALUES ('es_s17_cardeal_e812856a835132e6','seed_run_s17_cardeal_20260502','organization','org_s17_cardeal_e812856a835132e6','seed_source_osm_cardeal_ng_s17_20260502','seeded');
INSERT OR IGNORE INTO seed_enrichment (id,seed_run_id,entity_type,entity_id,enrichment_type,enrichment_json) VALUES ('enr_s17_cardeal_e812856a835132e6','seed_run_s17_cardeal_20260502','organization','org_s17_cardeal_e812856a835132e6','seed_source_osm_cardeal_ng_s17_20260502','{"osm_id": "922935433", "osm_type": "way", "shop": "car", "brand": "Volkswagen", "operator": "", "addr_state": "", "addr_lga": ""}');

